200
29381 13642 3795 19387 11570 125 30196 37034 20545 36560 21508 16565 17985 16259 36000 37952 13793 38646 11481 13620 20081 3873 33809 4093 4662 14218 16205 21098 19111 36782 14103 3681 33840 15801 17017 15727 12916 23234 32359 34637 22522 38961 1008 38634 37389 36450 15550 32472 6629 4694 4414 1534 7252 16922 36279 5432 38725 21488 23840 16614 35484 26240 16176 4066 26321 11806 2023 1929 18043 15335 2022 10183 18039 18578 33183 37202 32945 8651 24254 7983 39269 12124 17914 15275 12517 3239 31817 1680 3561 27411 34844 31978 24066 20491 778 18472 25255 26284 5879 12159 17241 12269 26024 188 19830 39305 21539 37729 5598 29964 22546 4928 35536 8466 18924 30491 38690 19354 12865 37291 16613 15869 10038 6125 11635 1887 20804 11521 6283 34831 18396 23441 37204 29424 18436 10450 33854 30248 17088 12926 22185 38310 13062 1934 16222 30805 39044 10639 23187 34521 19775 9755 29541 28957 23861 16144 20575 38238 1600 38433 38604 23902 5452 18628 25320 6472 5016 34404 33896 30368 37498 7372 17872 2700 37984 38056 12897 29334 23301 95 10686 32579 30458 35103 30971 19808 5819 12844 39449 1893 37676 13864 15642 20073 37481 16006 1844 6790 6332 721
15284 14759 32926 19932 13625 6027 27939 25487 7703 2723 20090 22999 35883 39978 39365 2668 4512 23128 29522 16405 26104 15368 29495 7563 35003 3809 6765 36024 10552 653 29415 16644 21127 35872 14302 22287 5491 38216 20075 31357 13990 11592 29470 786 25845 194 11666 7349 12140 14284 17306 21454 19595 4072 37919 38650 10127 1118 12065 35158 35990 98 25337 36866 2586 33883 2030 7630 19268 37118 37437 23276 3242 7979 30384 15201 30115 38254 16756 24457 3171 22124 13624 37416 23705 18342 17484 29374 35283 1317 21146 10313 19689 8326 39376 26966 18970 22480 34864 19863 29805 1796 28208 6958 20738 34569 18174 32733 1860 35847 35039 23574 162 10874 3652 17849 11370 32107 3403 23671 1896 4664 16050 22626 18587 10801 3104 21785 37811 13671 32897 4617 21898 4309 33547 36336 14818 19500 26919 25971 220 37466 1729 14802 18954 37981 908 21296 31006 4446 3413 2936 1316 12566 17332 13955 4224 16767 14379 23463 13063 7436 27512 35627 6610 6321 2496 22326 3644 34675 12627 38549 11886 14421 9209 11185 26025 29368 17289 36943 19979 31850 15933 19561 12069 6745 1265 34929 28140 5936 27366 11112 17504 11053 30454 33614 34217 17675 6659 39343
27478 3678 14498 11303 11970 18185 12652 32505 30365 11913 26760 8736 22995 14517 525 24662 20950 33750 39378 30873 30660 3585 4459 11081 2061 27274 7466 20219 23853 12852 7389 6413 31590 8029 7475 6587 35857 12945 16871 23963 3168 29130 24933 18405 13264 4989 8702 37971 36984 37277 22604 35101 2159 30254 4256 2107 9017 23968 29719 28864 1486 5584 7927 36284 11680 23544 33438 18662 8423 21018 13076 23287 34783 31241 26866 34999 16477 13201 7662 15622 16816 22444 11419 12769 39236 16923 39661 15608 26000 7114 33383 3281 16486 21104 4500 16983 18007 20739 36985 38457 4236 28098 4764 8406 32157 23767 3117 7238 29935 32364 25468 9662 26177 9507 39334 36517 5472 10045 30304 3859 23325 8939 31115 1629 3416 1744 9964 18549 11418 24449 138 26242 4268 30290 33950 18026 22475 14747 21371 12894 22798 29129 19756 36749 35832 35336 26522 34582 28264 21994 5608 12226 4096 22448 10820 34161 27317 25345 31132 1432 30223 18004 15179 36822 4703 1991 15016 36444 23981 24154 26458 30583 21475 2608 22096 27959 19314 26684 28121 26255 36157 23560 29451 33350 4779 6497 24057 37739 20155 8925 16771 17611 33504 32561 12831 26742 24922 7388 3073 5311
24955 25182 5638 10754 34293 3899 3468 2458 38346 7964 12632 27510 33537 17539 23058 13032 31459 34432 32829 29705 6567 27518 17211 24618 24533 11918 31669 19783 28701 37717 23024 11307 4293 1664 10574 38509 33533 235 16248 124 882 3193 26420 16061 20933 39335 24521 13619 16382 20749 21833 35396 30523 34231 25892 5906 9014 39866 29260 1257 22751 1028 23419 23644 18179 25280 31574 17325 21685 3857 39847 38405 11256 23828 28127 30256 9108 9987 17261 29163 17374 33165 22409 26021 7676 12129 1041 28985 36383 34892 625 4139 3550 28387 31661 18882 23186 22975 31169 34718 16501 4303 10196 11189 1333 38797 9162 23257 37576 9597 6427 13394 4011 15409 4327 14804 9002 36960 2899 27345 33597 8997 4192 2890 24627 22842 15268 9084 5051 35975 35961 5121 12408 13514 39481 6110 32390 582 38717 19325 4967 29367 9470 28428 5251 29225 36824 12637 11640 15835 2718 22811 1601 21662 21740 13496 16530 19333 13433 5265 29393 15699 25930 21483 3148 3240 1249 22983 14930 29283 14172 19578 3077 62 21782 13631 17168 251 23585 5636 4817 9745 11190 34040 4902 20342 19971 1927 37272 3149 38160 34839 695 21106 37664 20985 28811 6310 11344 36798
27996 32491 29333 14536 16249 33480 33969 10600 32144 17712 34220 12300 9234 559 22491 39825 24591 24709 36036 21941 23084 19211 5529 33399 30241 5776 28270 24974 13750 33250 29600 25508 35115 1496 23608 14958 4113 6982 187 7476 24610 19249 21910 9953 32400 12177 14907 34786 15205 8794 31567 19402 33955 16758 27170 8510 7687 12286 2694 15327 10349 381 38495 30206 33951 24786 16802 4260 13858 27914 31249 28511 18425 13236 5934 25998 17375 39799 21235 27475 18292 495 6484 37235 22743 23747 14352 6363 7909 12064 18000 23412 33653 9788 38 36734 17259 15857 34310 5084 25903 2984 34263 2902 33212 22260 9251 19729 28975 10862 9082 13171 31860 6130 389 27574 35964 29858 26506 39777 37907 31589 2046 15426 37246 32379 37345 11280 34401 11879 4514 729 32261 7647 8093 427 24891 24380 4985 31802 9890 22686 16819 17363 35381 36895 32038 29779 8374 13887 34109 35376 8902 20911 8440 3689 4442 18495 34188 39353 8031 13075 19083 25531 5606 24315 22160 22721 17886 23514 12325 25891 37116 28035 4907 29474 3527 19780 25970 14272 27223 15855 26562 7815 38687 13239 24916 25980 2730 13767 30581 25771 39998 20040 26573 21136 8301 17273 36096 24654
39598 24941 2214 33188 33490 18632 19702 39728 36611 13432 36546 8912 34239 17085 4403 29564 28734 6661 20596 28074 19163 30278 12370 1747 31598 6116 12739 29824 10355 25593 34860 1877 16864 17357 18005 11369 14514 33086 15892 8004 11491 4371 21015 29682 15921 20767 12364 2859 19206 3404 37396 12004 32769 14303 11109 33374 13865 26580 28486 29175 16136 13621 37476 13537 15156 17995 33620 14617 8882 28580 34419 20780 12924 34513 25835 8002 30209 24799 27778 26972 24800 38909 5540 3992 18452 31677 28857 28111 5656 37050 1460 17276 6121 23482 11761 31139 2245 28532 21142 4148 12214 14778 28258 19746 34340 33405 39880 3326 36790 27057 23464 38311 26831 9022 23231 13011 28256 12774 31665 6441 38781 8070 24534 6240 3199 19254 8513 38835 22818 28279 23738 2627 16041 28908 21016 36069 25857 26683 14440 29767 32182 8272 10309 22582 10012 23205 23641 16937 20799 13898 15116 4450 14365 15848 5256 29152 6688 9565 26697 23300 38488 26383 37554 18845 24167 36665 14996 30753 9454 25624 4461 22652 27198 19212 35062 25476 26837 21846 22165 29933 33491 18293 16844 1942 26409 39156 26074 1708 16344 14224 6895 35372 33432 17187 33626 34090 23531 6486 27327 4077
36240 403 2643 37 14812 18750 2951 11422 2522 14206 14843 32318 27010 30992 2266 31968 13982 27833 17799 568 27261 15447 33709 18271 24138 25575 6492 23760 23360 30446 24599 16179 9287 30701 3042 32375 14461 1452 11822 38214 1318 2656 6292 22244 15753 15788 7601 14690 30829 6777 2584 14109 8731 2983 5205 28137 3142 10701 20599 24013 27051 37851 6628 27702 2314 24320 26548 38893 13100 24127 12626 18330 24502 13886 34230 29344 16400 16242 14882 25312 26761 8283 12189 34173 1843 10963 17502 16550 9657 11743 39614 988 18932 21336 4390 20092 38834 7635 369 38153 33743 36644 16623 26134 19744 27982 1865 37239 22376 3059 17587 19119 26203 19165 14483 12753 2527 39271 20792 36907 29778 8812 8344 16442 17101 7029 33800 32693 14800 23557 31325 32196 34155 26678 23543 34691 32502 34111 5238 14165 7449 17422 15536 25080 23550 34304 35999 4034 25603 36854 383 31958 3640 10316 3758 6560 28592 24112 36212 2062 995 11524 22257 6544 13828 17513 23136 11820 25829 10508 39548 20150 34128 26725 12564 34197 3425 28059 243 22000 6817 18386 34936 9800 29432 33314 31962 12100 793 37004 14245 13190 38658 29278 23173 20652 248 12137 9618 26800
23018 35219 24570 39937 1741 20241 3683 38943 12036 4784 21242 26974 15653 16364 22933 18388 21470 37614 35511 33361 5254 28952 11227 18930 35774 6349 11401 15599 8236 21767 39434 19246 5270 37915 33488 14570 16487 24801 10250 14212 23611 13034 35797 34921 9237 16081 6453 3980 34962 20490 35492 38765 11287 12335 36293 8269 37129 19420 9577 25216 12167 35770 2069 32864 36387 12147 18345 18365 36030 39235 25873 2196 7700 23068 4683 32353 6753 23336 30419 1559 23886 26112 7329 14877 23935 31845 20637 26766 7009 30375 5400 14691 11424 12543 32483 28933 10530 23065 6066 34826 29995 21281 12268 5328 17459 23567 618 1186 16793 35779 33010 16690 10548 3802 18113 23455 39718 39288 18921 26791 24976 26643 35993 5431 36846 10472 28426 36086 24129 31223 19369 24689 24300 29056 19199 1769 22930 3829 18693 22532 17023 2184 36063 9965 6139 15228 6784 18269 32471 32904 12902 32111 33261 29005 35128 18609 4248 4045 12716 27828 13658 1174 29184 191 34251 23743 12192 32562 24597 38276 4444 30590 37702 24965 23756 28242 8262 24823 35747 14311 5248 6271 25591 19059 14101 28518 23818 23590 4225 39665 12116 35413 31432 9568 21500 3593 11795 36559 37018 35297
4119 32394 25265 19975 12743 37408 23184 9111 24507 16051 9547 26877 18303 20868 31034 20931 22978 35962 11362 31519 38022 18146 35728 16430 6131 33744 6757 3728 31723 5271 4219 35407 31811 4609 18490 39401 14052 9331 36112 22730 2848 38664 32796 27289 23224 2787 33194 22212 1260 39984 17050 16605 33787 14335 30300 22515 34971 22627 11336 2078 32351 15973 17132 25246 30063 28545 1405 37063 3336 16468 12210 16913 9524 32672 13639 31595 26852 33844 38906 4818 5134 6173 1212 18863 18358 33114 10516 17381 10989 32581 13933 30178 12105 6928 16918 8800 26387 33485 18646 3545 4042 30027 12775 23373 37475 21150 18370 15328 21516 7411 13382 4362 1043 23855 13570 23049 5739 32503 16034 23700 9076 853 38185 7723 17934 4067 39971 17695 8345 5302 16543 26979 2577 31399 7797 29796 36108 38029 16547 7956 26744 6844 11802 29201 27753 7014 34693 34052 37311 32217 39835 6548 15691 31338 19118 11653 19777 20334 11376 24977 9311 39172 19995 23801 9602 16549 32936 15304 25278 26085 19770 13583 4786 23026 33478 8381 2101 9208 27890 17575 3204 33517 7952 36594 15762 24414 35573 19583 19277 749 6672 17564 5394 30225 16999 36034 34798 28968 36186 22669
33113 5486 5749 38422 31997 9467 38158 7341 23152 11304 19132 9080 37649 28942 20485 9230 28918 6047 1055 39739 19558 1349 29596 27987 25867 19010 21205 21003 16278 26217 35729 10835 26798 21183 31455 13771 22387 38166 12353 32323 26271 24999 33441 18636 16775 6680 36701 25429 23473 15462 10149 37772 17234 8497 4124 30600 7577 35918 3524 31044 2743 33775 18222 35600 11965 10236 5671 35582 24440 22928 4768 33024 5222 11291 14491 37741 24612 485 29900 3236 39958 14985 916 180 4978 35772 22184 19522 13207 16735 2292 22438 36883 26343 19064 32158 25319 17722 11709 11988 9795 3215 6772 4766 2286 4560 22106 24876 19147 29293 8692 3877 3097 38635 11302 2850 30709 34077 25467 20583 21667 20865 18076 24940 14951 12563 26033 1890 9085 25108 9409 2024 5371 11548 34164 15049 35624 25726 19571 12912 26220 21168 28644 38131 29822 26486 38419 18483 5792 15052 13512 14890 15407 26375 23386 24913 12858 3778 7234 23045 26968 20198 25982 11981 39139 22757 3766 20067 421 19341 4191 9728 30389 15382 7432 23798 32171 25217 37229 26911 1053 6303 7327 24267 19614 8491 15515 21572 32408 24663 11581 1415 11664 17416 28089 1684 27311 17266 18540 38963
33364 24389 4667 20900 34175 28617 16432 14408 20710 17733 9392 23381 12474 36741 28228 34573 13225 24636 25806 13186 37784 5397 14180 384 19433 31792 5165 13861 469 25675 5593 29127 1917 20340 7610 10136 15826 26299 18064 16994 16100 38747 35075 3976 18351 35153 9018 27509 35568 33871 37393 12046 18890 33833 16684 4537 476 33221 19110 27110 6377 4834 7537 17588 33080 12481 13288 26455 16724 8439 8202 13392 13668 26893 27426 2468 780 36074 26048 3258 23680 668 19507 21248 18001 5194 4398 6774 39580 26765 3655 35645 32712 34036 7578 16304 37075 25683 30664 35894 11117 12941 5189 17417 22634 8199 19483 26762 23572 27978 23885 1095 21254 19247 13848 4447 35067 25598 12448 29140 16154 30351 10707 8809 10569 20784 22433 39904 31113 26600 33647 31051 7424 19597 7194 34991 28230 34922 24750 11606 2698 21376 7597 6983 4351 6589 39950 35333 31404 7402 7278 22279 29929 38438 22804 32115 9954 29773 13452 974 14681 14897 18176 35284 29580 20970 9161 11682 11248 15286 24038 12788 9594 35244 25994 31214 39753 30876 15612 23978 20406 29966 12414 4559 3472 24234 2075 35457 24964 3709 20622 29318 26395 8144 20454 1153 38837 3380 23007 35170
31131 18775 36400 20733 38795 38799 12950 29024 16849 2722 14892 39975 2783 1160 37226 29226 19498 13632 23521 1285 25491 10379 36716 35900 2853 1618 24285 21521 2388 3424 2389 33311 30307 4298 15390 11716 35264 38351 14585 31653 20585 998 8773 3476 25437 19285 20590 11762 22514 11750 17264 29928 24616 34447 8952 18631 38827 990 9780 14740 26677 29532 10194 29222 30724 4827 29020 20944 34680 10378 17022 33223 38290 35865 9606 27655 19781 24136 18993 26339 6651 27813 19817 27667 31491 29620 16308 30665 13663 8026 36258 23826 33191 26637 4763 21230 31374 9088 30554 15639 20816 26815 33415 22141 21850 7159 25293 13007 3865 7774 17774 35312 8000 21812 2751 38899 8201 2911 16834 22213 34354 11162 9761 2262 4969 10578 1032 4017 28053 14125 29009 12851 2453 20495 12139 13872 32210 18263 8131 15181 11923 35545 18112 20094 2807 5560 26537 32320 15663 5537 18151 4940 14650 10910 10930 11927 32578 33678 29724 22231 7433 8545 7440 23449 19290 13198 28979 22769 1575 38522 39823 5708 11104 35177 27306 30939 4101 29263 4565 33658 6395 37349 9583 1387 11121 17038 37674 20346 6371 24423 23181 11952 35634 17262 22824 8081 31101 19400 18053 3024
35278 2308 16040 31359 19323 31998 134 7853 23178 29588 28812 36090 3981 36274 31621 33081 36109 2570 2485 3486 8973 34940 27835 2451 31624 3049 15195 304 25279 28312 26734 13287 34630 37131 10699 36178 21845 708 18169 22166 33166 25817 37216 30468 7603 16899 33851 35640 13932 39435 35332 28196 28306 10459 116 15089 36978 10727 14737 7623 14641 17629 28789 14434 12327 1360 37905 34441 17309 25579 21982 36565 39327 25581 18915 17730 32276 8848 19839 30972 24468 34897 19482 34737 32531 9910 1006 32680 18944 24747 32275 35481 14729 1812 8404 3838 5066 595 17369 1077 14372 2635 6776 8670 32637 7219 34984 17124 31535 24396 16710 27707 27804 597 13140 7468 37673 19739 13543 5862 23569 24168 9218 7925 35709 34372 8525 11567 22294 12323 8010 24203 11440 6531 26080 7287 27160 17136 19345 5684 33997 27400 15718 15982 10118 23790 6627 18205 34602 24368 20798 9678 16455 31716 26587 34619 21691 21559 3614 6499 27999 25458 35131 38984 36754 32964 20190 4209 13991 23896 1539 39358 3518 22456 21515 12491 37774 19858 34288 7241 8238 3612 25557 2009 5253 26108 12969 18283 9660 19405 37831 7297 37892 20997 15145 37828 29914 18808 31813 13936
6853 33252 32990 10200 12804 10235 29453 27140 22486 7882 29412 36275 11794 35079 36203 14226 32434 4272 36772 34210 37852 12680 18547 35053 23410 24634 27743 39879 31533 16244 31889 40000 29498 25322 1338 3878 13552 15227 9512 25081 16417 21439 19479 21442 36940 21772 21213 8987 26812 10661 1499 15087 16566 32297 20808 27964 30810 13893 19390 11558 19586 8018 11234 21987 38261 14471 8674 1743 2384 13845 5881 31766 2329 25394 21837 6632 10563 34309 18232 9619 2772 27027 12179 28390 28720 5495 9724 34003 7401 16317 21340 35350 10034 37095 5691 25592 19240 26741 11536 8285 2188 565 18942 33422 30819 29621 2257 31632 29552 23824 30353 9394 19359 32231 12909 2415 1673 4689 11575 6513 23051 2884 1813 8556 30585 17388 17293 6045 35889 31056 28451 19046 26675 3345 36299 10237 5086 38414 14480 39789 1065 14034 32416 15971 37001 13417 107 7701 14564 37300 17785 5721 34364 24652 27107 16483 8496 24051 21950 3754 25397 38434 10993 30079 3164 1126 4623 28522 14915 38848 29544 8197 15543 35871 7941 17345 36599 37773 35190 7608 817 9861 35534 336 28761 31948 22903 15618 17282 26065 12676 36729 35223 33515 27566 18829 6862 22583 23561 22831
10980 27513 9473 1777 26060 16324 27387 28854 16298 23530 13530 21693 316 11572 23865 1961 9734 39361 24927 25435 13267 1114 10217 28472 16070 29734 12954 27786 15506 29166 5639 25785 26089 24602 11477 6505 15787 34271 30288 14427 21289 22856 31111 30794 9737 29810 38927 19712 3659 14489 17181 12993 17159 18214 33096 11819 31323 5070 12148 6248 25488 28502 3130 1810 25955 37383 38937 6710 19413 26194 30915 5139 22837 4626 16797 6076 16742 31327 5244 37696 38418 11243 2818 18056 30659 28097 11805 5901 9228 13343 2097 28037 11413 38129 60 22901 26554 36993 11821 6015 35325 36273 13948 7532 29237 15282 32498 5625 29853 36130 20509 37385 6898 37013 19718 6491 22072 27552 16099 12103 18238 1241 2202 3490 39500 2319 31551 129 3348 15251 5756 23210 36333 14904 21271 33887 30682 25824 1603 22615 8149 37888 21623 7594 19296 32316 13099 3757 19241 1416 17041 2578 5768 37051 32860 26823 3249 24700 7632 16424 28590 29507 23203 38277 970 19704 13284 15970 30299 7246 39100 10083 33727 23012 36181 36569 6998 28915 16362 29354 9294 30164 3868 37254 22390 27684 34292 32365 35359 28316 3324 2693 38322 36619 35848 22557 8561 2185 23750 19373
13367 28982 29198 9585 20049 9029 14912 10341 8981 19312 36920 5039 12132 19177 33343 34333 18464 31222 20082 7208 12051 35 26180 24261 21441 35100 15010 38015 8260 6748 37886 20411 30144 9475 1653 24352 35408 27644 23864 22800 35805 20169 35087 26883 1826 20272 24361 37629 25401 6182 6600 11585 36150 22263 28947 36151 34656 33893 35974 11010 20880 31780 6396 36144 21390 6095 24385 34559 19880 14953 36853 33769 7001 37884 12838 39894 39303 18217 7005 15219 6676 3270 39750 7969 22539 38154 20339 23504 35661 15929 18708 27863 1874 25307 28597 11818 10441 29199 20560 28357 11984 19016 7921 13970 30095 99 36384 16852 24621 22829 10984 2414 37694 30872 39497 34286 21854 24018 13354 24045 39938 7312 15253 8574 30881 37849 22235 16394 1298 32322 36397 17673 10803 12175 20668 136 29550 27055 30700 11442 7568 24027 2201 18255 3641 23035 37381 17877 4460 4941 29877 12569 5380 17690 22817 39526 23166 8870 8612 28656 15069 28266 35755 6545 17772 18778 35945 20044 894 7288 24236 12914 11415 12122 20071 3796 3771 32368 3047 26634 23956 14386 24726 13095 19446 115 39226 5843 15688 5588 24410 36551 9241 11627 24373 26265 4400 12584 25118 8493
9517 10345 33251 39815 24415 33905 34587 37402 22601 37453 1029 19200 34132 18410 31932 14662 13855 34604 6532 30481 34648 12224 24796 17633 4112 25684 8764 7553 11779 26676 30908 16675 8873 37894 18369 8204 5136 29390 6079 11465 28842 4686 28742 23158 33850 17270 21008 14126 18901 14449 16339 22375 10599 14363 19723 23698 33587 17466 20923 35856 22342 26638 30409 8712 3635 33813 21637 1439 20983 5417 27248 21320 28648 15165 21536 15446 36402 23195 17901 25816 20922 19282 566 15603 2822 21129 1463 25616 8369 2670 25091 27772 24506 25086 39842 11183 26918 25227 12726 9579 24961 29559 18704 37542 36174 29449 21543 31605 25193 33233 4972 2282 17784 16436 14836 17627 5970 23462 29450 12651 28296 8156 6408 2684 17850 20110 7227 19544 27226 15850 25590 9364 17848 10142 6521 4783 33375 27499 38360 34896 4382 1762 26753 14010 33565 30002 15815 30941 3831 13529 9946 3923 18691 6908 11024 4894 28784 3697 39178 6385 37701 1605 20196 7718 21014 12728 20146 6630 36941 14450 26045 25129 20389 3421 13610 30648 29075 37248 28591 23751 38273 33476 11949 5312 27953 31847 26582 37007 5602 18544 28717 37511 28562 9595 8661 9793 9714 4334 22211 7876
32350 13821 19045 21095 34533 38162 21421 36815 8362 5213 33327 23891 39891 23652 8550 2234 10096 18571 2921 19100 5932 25626 39983 18660 15325 14064 12660 12406 8980 1638 32654 25292 27006 33247 18610 13268 29875 17523 18545 18637 25767 2079 36364 4336 25039 23546 21962 14770 6618 30703 32826 13057 5595 11463 13405 28384 156 20386 37671 8137 23577 6137 25618 35706 1983 13717 23679 38280 20211 24152 30361 22290 6946 3707 21532 33109 13755 36061 18016 13792 15903 39603 15967 8191 21455 19877 34784 38602 20316 1301 16968 27021 31615 8200 15425 6892 32820 15680 13612 17524 6949 20702 8604 11312 33049 2029 25249 26300 34464 39690 1488 7755 21649 31203 24402 13969 12235 20161 15632 367 1620 23799 14479 4869 31623 6238 4669 5141 19350 36713 18937 38642 33711 21760 16352 27222 31560 32018 15122 33213 3822 24553 38070 15794 24909 142 15166 13584 12697 34235 25517 15056 9711 33808 7938 18582 20114 11433 22890 8896 14253 205 32289 25331 37737 25795 9065 28950 15615 37320 4178 4743 13213 3568 3084 14769 15720 28828 39360 27358 10768 9733 2814 27330 26349 2482 11865 35367 14637 28815 17533 38362 15167 4100 39670 5359 27782 34754 9617 38880
8748 12246 14040 24903 17589 31204 27557 9903 17476 24897 15927 24116 17875 14629 33264 19288 22032 26390 15487 10347 3798 3725 5814 31378 13930 420 38026 6093 32787 21089 23630 29049 34930 29946 29093 25787 26073 36142 2552 15890 23656 30780 37802 9490 6900 14305 11093 32681 4699 14354 17766 19862 2099 34710 16284 29182 9432 19763 30045 32096 18885 19360 7587 29590 30793 9390 11829 29951 36331 9178 9323 30021 34827 34410 7042 38804 10461 37370 18501 36951 22548 26913 23394 3375 3529 35743 27882 13439 32624 8790 31258 27178 30851 12434 34393 12331 22845 26254 20598 21829 1272 2042 17386 25962 8898 5180 24643 2720 22667 35546 15399 21058 32337 23938 6397 34234 36062 9100 35968 36014 14495 31984 34277 31298 4580 25558 25412 37809 4051 33734 17021 11444 32058 12657 36892 20828 4521 39551 35338 13230 35886 33860 481 36557 10365 13391 29141 15097 31735 3378 34243 23528 19044 32792 29994 3628 4751 19631 14244 16727 13388 29798 11351 39216 37670 22027 702 39976 33510 5947 13644 4271 12068 30609 36323 29665 22698 21207 9561 38526 33686 20166 8095 37604 26514 11631 1362 9222 36692 14470 5396 33222 14816 35807 12529 29683 37964 7951 219 16946
28307 36010 3748 25703 36262 10745 34835 18470 35277 6000 16341 1392 34298 33923 10418 22988 18772 32441 36149 39468 30727 16022 26037 33935 30958 9229 24181 20588 25001 31462 12780 18417 24596 23092 38773 32617 21391 14837 4151 26421 31234 13837 8851 25712 37600 1882 26179 33514 6031 2130 28534 13571 2975 18378 7629 18999 35070 36060 10121 7046 18665 28699 23030 2982 16667 16406 4577 14868 5653 28913 10752 10674 3853 39782 39630 7308 2034 34509 13408 35438 14066 13380 38674 26288 5693 39970 14260 14891 7653 25504 28077 21338 10618 18804 26732 28578 12403 27962 9706 22638 7417 16290 13727 19882 5195 37656 13489 16411 22176 26403 13561 5557 17285 12860 6004 19233 22610 26055 35445 39762 6442 29439 9227 30199 32888 15575 4838 34348 33128 1761 37412 2139 5477 31908 139 36656 7501 25259 29535 365 24515 7492 21010 33124 20365 18353 2638 31054 14543 25063 1172 1511 9011 32458 1456 10197 37439 16570 8486 27520 9744 26700 4409 3801 28725 22225 2140 29937 27993 7534 33074 9735 4190 36363 9500 25667 10538 27713 35800 4582 31283 3616 34893 37041 35313 18157 415 34745 16125 16645 24137 19069 2691 36330 9563 21709 21817 21927 13710 2212
20351 20614 23496 38925 12744 25757 29721 38796 25236 16532 3833 26126 278 13117 6094 31123 33882 38271 24562 25287 869 34859 4614 22146 38289 4622 23573 6164 26625 31343 30508 31597 38435 32885 18789 35145 38539 20477 17093 39780 12187 7236 24519 26783 326 32880 35561 5923 2158 19052 30019 9347 35339 38341 4063 4561 21659 12444 6603 6679 37056 27338 3769 33723 11181 27445 3463 25758 6646 28643 5461 4315 39002 11128 14852 11839 27645 20177 28895 35096 17625 30968 14448 4718 2334 36743 37824 29608 19159 36201 9312 39599 9252 18877 37165 1686 25411 1291 39092 4136 25288 22353 33274 17425 30766 14184 20990 21344 20007 24169 5135 34760 28040 673 17697 12750 26252 21762 28045 31584 14476 32981 25948 35733 38790 16593 36066 33185 24721 37419 22447 22753 5226 3880 11882 24942 27362 31328 23519 6744 9919 21694 19340 7711 15614 37497 22331 14447 678 14289 20229 22063 39817 11255 16616 9406 6782 3891 16817 21141 36041 16575 21537 39749 14521 20187 21209 12427 35068 4516 26757 5155 18471 27054 21908 29176 20446 26592 7448 12468 7494 3916 10881 19109 28183 30493 22912 35937 2060 789 30416 3189 28833 32279 28598 19228 11598 27657 35326 30855
22186 7292 14845 28500 18050 31163 37716 2990 14807 32523 22954 14290 29837 3780 18997 29277 21628 25151 29646 36083 24012 32721 29121 33145 22081 3268 32896 13295 5973 2123 18126 12049 38035 7529 11677 6140 7621 27322 12357 13974 11070 20895 5732 2507 4501 34427 14966 30962 9921 20246 16760 28360 20837 24797 555 2804 12910 1286 39411 5484 34606 38784 4591 22278 26863 17870 21312 20235 26792 17167 2203 12378 31316 6546 64 464 10893 26396 15488 15513 31347 15001 15365 38371 32085 21779 34449 8157 29356 36455 8063 22197 37076 26026 32032 13083 15732 23595 38420 32790 2648 30516 23996 21731 10042 22719 32528 27542 28999 14120 37182 405 38639 12703 24055 30577 16854 16978 24957 21947 24046 8569 39346 28513 30711 23034 18480 24316 20330 29115 15180 20608 8832 32686 16979 56 5821 23218 23503 11533 10285 244 7088 10147 30417 3245 10774 18618 37509 30869 6717 38262 8102 11720 12162 15406 23062 11676 13458 8271 9924 17047 17236 18811 8649 36104 35468 10658 38777 23480 8654 33685 37446 19779 28694 33532 31540 38046 35927 36562 8043 8391 37861 31564 6758 6287 20376 20045 39215 7276 39223 9299 2302 24837 20380 39804 33103 7334 30963 39954
38194 26935 37539 11004 32011 14963 13226 15152 31153 38871 35159 26059 4036 7738 35836 15361 30925 36009 29748 23010 8470 28441 16541 10298 14888 20589 3319 11724 33687 6749 2320 17480 39096 8203 23778 26710 36690 39778 25014 5182 3109 34642 32245 25453 5123 25755 2873 6700 5995 32206 8613 11409 14898 21871 10296 15192 21318 15080 4754 18067 14003 37500 9781 13918 36626 30729 11267 8846 7280 1284 2780 5869 13649 10422 38527 37999 4606 30432 21199 21314 26275 26391 9141 222 26881 13685 10332 2190 39054 10424 11751 5665 12460 16856 25405 4109 30010 39244 30733 22209 7198 27343 31050 18939 28456 7054 540 22242 21557 35762 31919 11654 38037 34661 5212 1521 35701 12545 2429 22151 23445 26113 6690 13643 844 25164 11149 31915 30768 14999 18831 7284 29938 19819 23857 10111 22341 33892 13907 12284 13743 30798 39068 1150 7980 30269 37551 36521 36035 38149 4254 37645 11679 20284 36598 22998 4767 1485 39177 33304 33627 8668 8119 5322 4692 22181 26659 13833 15915 10166 19473 13113 26039 39053 22813 16595 15943 35453 7061 32482 30634 17438 33051 31436 26459 12542 3897 10884 3360 18114 5725 33248 12589 10253 25042 21618 9809 16108 15808 1690
17413 6297 3469 35176 12864 1490 31629 1925 21134 2808 9546 27014 14701 18367 21558 3286 37775 35294 3323 1222 12329 5722 20061 3893 32799 24255 36443 1830 1714 109 14261 7113 22779 17980 5715 9978 24367 5651 12979 13262 8410 24121 32265 28018 5147 26283 38436 25302 20257 24483 10728 14367 24104 15440 18085 31430 19535 17365 10702 17905 31330 26579 13766 34880 32548 1238 28949 34022 29103 13031 8451 8725 20579 7345 27271 36906 29158 28292 37010 15816 3543 24715 12097 24832 13185 32683 18130 25315 28031 29405 14035 10691 36677 13232 36183 32813 24738 7230 20919 14612 6422 37162 12290 17903 17141 28555 34356 18315 4033 2369 36076 2354 12288 34112 2812 873 23667 31367 39615 24056 7937 11888 27086 13825 12889 33917 33928 9982 37035 8311 35077 3737 2838 37583 35764 25125 9750 17803 19113 35541 31933 3934 14638 8766 2606 24379 17954 7598 14333 8247 32249 4103 34038 35944 32670 13065 24707 13104 6386 23453 1544 9638 39923 11853 39959 610 26412 1427 14433 26168 15728 7982 7134 39318 26230 17953 12121 3431 32800 8123 13578 20010 6734 27577 26952 34209 11205 426 39912 36916 28523 39233 29676 13516 16594 13693 24314 23847 2497 28016
12915 37941 29258 32294 31884 16389 10373 22134 9642 2200 38274 39265 23533 26277 26449 38004 14500 25519 30885 26581 39711 22397 1413 4578 10143 39034 19529 13315 30088 26556 32982 33961 11158 15398 28917 7089 15650 26764 3498 30421 15476 29916 14622 22501 38478 16733 34436 4457 21278 2132 24658 28497 27109 38771 32347 20226 36600 1800 24628 36704 18768 27521 16688 34470 3649 8097 13151 28922 31449 34408 20713 37880 5476 21279 2090 4229 37769 11214 17559 28278 27909 27619 29983 31216 31640 33995 32194 37544 10540 11220 28151 34105 24159 38850 9205 14358 27965 34954 2589 37409 33528 34130 20869 12558 23367 1692 29969 20747 15027 8640 16957 30914 33690 37357 22924 11599 21236 24321 31695 37057 30181 23834 32700 11642 11105 6523 30811 21094 19022 10053 27032 35431 12449 24002 30302 19694 36148 14328 16597 14469 36760 31098 4797 32931 11588 2420 12080 35467 4330 18891 1930 34114 12305 27716 34609 36479 33680 10665 2603 1642 5669 1230 33169 2312 28467 11511 28615 8593 31840 9501 34125 20846 10056 26563 12120 126 25860 15738 25617 2786 32433 15161 36200 26805 20068 18360 38241 8594 10229 19706 25663 13373 33070 4965 9995 2222 38599 27864 2973 4118
20220 20717 24270 8706 33254 16896 9472 38972 28827 21749 19805 36669 14061 10753 5699 22192 10199 1462 19658 15247 14075 36914 23988 8671 719 16809 7572 37710 6325 2318 14089 38281 22827 18310 21986 2510 25013 17691 32961 4999 20117 29955 736 24277 5799 26648 24010 4935 31477 24666 26017 37912 1477 26397 30827 32392 32725 20139 17671 6826 24882 3554 552 2080 5097 9314 35925 28969 7403 682 23732 38682 19549 39802 23029 30160 13541 20215 14615 22253 21431 38505 34574 31676 30462 12776 33484 2957 31057 3903 23322 38218 23457 17361 37039 20571 24862 2956 26963 613 21322 37485 31869 38744 10777 31724 20910 4585 26336 23044 896 22383 38917 29310 22595 14490 10303 2358 39710 26946 5825 39508 22010 38139 19370 15527 9691 34624 10097 9211 10493 14675 18455 7659 16039 19516 31765 32822 18374 35769 35613 33771 36639 3322 31541 29362 23295 8105 9530 29085 12510 3513 3013 38001 19947 35121 8376 13224 39633 29839 33416 36122 1482 5532 12773 32710 20194 6201 4634 31816 10224 38451 30284 36488 10517 31663 30713 13138 12875 9046 21778 11170 33068 34994 34868 29523 438 8860 36982 34054 34566 8752 18319 2221 33571 16277 7565 4037 27794 6937
12114 36360 23318 35213 26098 36102 35470 26540 37014 5060 31311 4044 11126 28277 35992 33001 21964 29841 14209 11864 4875 12962 31580 17360 37086 34044 17930 32186 39490 37833 8995 15188 4020 15481 28462 13811 14831 28413 29068 16418 14748 38027 22191 4420 5223 37128 22424 22313 38892 21045 23571 35657 19939 12617 23795 16310 28410 38034 16780 12630 89 25969 7789 14058 11629 5853 7131 31257 16770 22135 9248 23771 4882 4164 12981 35741 3634 35717 22363 16582 32966 39447 29372 15357 5343 14764 23744 26820 39567 21365 38246 11177 14155 35348 31744 3998 7489 23013 12022 5976 18438 30502 20248 16806 20755 39528 34535 22750 26915 19196 10945 38051 28473 30135 17710 14190 20230 3046 30391 6063 39535 19464 27701 36252 5553 8089 2488 33090 1351 21203 13943 26196 21346 10502 11098 39547 7415 35698 33446 8577 4344 26198 29909 24954 32555 12439 4095 16189 39006 12232 1341 32667 10014 28286 16842 36812 15579 21009 36578 6723 27745 1110 12092 24967 1176 18955 28395 12585 361 4893 374 30509 19666 20023 6835 30929 31768 12955 32996 39594 10662 2614 28621 22896 4 23974 37997 39032 8938 18684 38049 28378 3915 35744 20940 15443 7688 11803 33052 33060
11947 25143 14857 26654 15682 11992 24085 8961 29177 29795 4860 19236 12211 19769 14013 30644 14987 32302 20772 31585 33032 27516 27182 27587 39192 21525 38400 20847 29413 17818 18518 11097 22070 39791 8245 9297 24678 15259 37537 7784 28831 5943 14356 22624 8900 39310 26213 28737 24828 17331 37864 34934 16380 17952 14998 31344 13307 39553 20384 27369 7693 31102 2533 34655 36255 20955 30511 32432 32002 17856 10210 13024 7750 17653 36342 13037 1807 14011 20979 16121 19480 13175 11425 9850 14285 13938 11619 8708 19596 18379 29039 32450 21416 14750 24157 14916 7229 24322 28507 12436 30298 12978 37738 9754 2411 5413 671 23789 37328 14171 8920 9505 17009 10258 32933 17634 6746 38841 31287 23728 270 15461 17680 38479 21773 21440 39458 34443 13086 37713 12919 33952 36675 23650 16635 31416 10564 28008 2344 35705 4335 20849 18347 6841 17648 13266 15823 21615 20669 35041 31805 39680 14887 681 17330 38178 1909 27007 10299 32242 3824 2728 34374 12326 31803 8240 1529 32848 38778 13395 35269 8047 35291 23371 23467 22640 785 25220 6282 10499 35949 35843 27976 24308 9233 37425 37327 848 5024 39059 15755 30480 18442 8171 39241 7518 36316 3122 34013 36305
30587 2240 17993 11503 6406 11216 26481 13854 21820 27989 5645 4908 18671 32653 19097 28191 10692 24785 25796 10923 34079 17763 21567 34811 8030 3408 22274 12048 17567 6176 10218 2250 2051 22256 7602 17541 28465 33313 22122 32519 30614 15025 30036 7070 2877 31013 21341 7068 13090 29113 12966 5868 21612 37931 34326 18061 10846 8904 30831 32006 22556 29551 31476 19509 12963 28653 26670 5902 21608 39381 33141 30412 31835 20768 35737 8477 7353 35076 16172 27820 19831 39593 5156 36794 6184 24442 16741 34366 39180 35612 29397 5480 9866 12581 31517 26505 33382 1604 6235 8442 10052 34182 37549 23060 36828 35179 11485 501 263 37134 644 31761 6444 38275 3510 1772 37807 22819 30842 9310 38019 7199 24341 5368 4796 20703 19665 23651 29154 27905 18190 38696 2327 17440 29392 19087 15442 3115 26432 36829 13383 16949 12391 4228 7092 16691 16067 13247 17327 13258 15008 26706 35648 21433 35565 37521 7672 37346 25434 15036 19999 17583 27714 29922 25559 22039 34561 11375 22210 23657 36464 23005 18368 14775 23332 7271 12266 28929 32143 1007 30546 14791 17094 4056 14861 6483 29573 17490 15064 26950 27838 33645 18234 3032 17931 2095 20057 6481 38161 27967
6595 8977 11054 14093 11429 12173 13960 9868 36520 39530 29348 2466 13551 9386 38692 21653 33660 32346 22374 34995 8884 21944 1806 10956 25678 18173 17967 32909 1441 29733 11217 35914 38259 36477 38468 22643 1773 18252 2538 12643 9429 1996 31821 79 19096 20595 37064 26824 30440 16350 35756 29191 35370 5115 203 25199 29135 14478 39611 38093 23292 15813 5294 3076 15474 8159 39792 14187 20181 26441 5440 5183 6847 17069 1290 15518 28419 35044 1564 34623 24034 5918 8901 32642 26867 19638 33036 15747 30892 32917 10826 23110 39655 39805 28772 34709 29391 28388 3002 22172 26020 29006 12296 11368 6786 22893 8239 14983 21885 9906 25056 6376 1594 3594 16448 2651 8061 29759 21765 31088 9554 34633 18837 5369 31021 30832 32396 25324 2802 12881 23941 32221 27180 30991 29577 23337 27498 8579 32774 17913 9562 22046 21952 1011 27101 31924 38456 1964 26784 24598 21262 4150 32908 36582 6381 1254 3589 8988 2631 86 30342 7139 21227 10684 32684 26970 34063 27480 33249 31518 26239 10282 31092 13966 29194 23126 29978 35560 15214 22095 23313 3663 30094 21316 24393 25005 16539 28354 32891 5032 307 15559 38520 35328 2949 25815 5629 29812 1103 32942
845 35192 38018 19488 27646 7210 34825 34355 4929 141 6138 5345 35562 31880 18906 1841 22012 31959 18652 5463 6543 16686 33611 21695 16820 27810 14143 38413 35423 22222 24915 38397 25656 4915 6677 1953 4198 39769 2165 13983 20510 24511 36944 1273 3954 29063 19270 27891 20469 3359 32671 824 25034 6307 27059 31489 16183 8605 33899 25479 11168 33613 8749 28936 18738 29634 20104 15500 16238 417 30552 33998 19115 17972 18994 8099 14628 21482 37624 20811 9324 34730 10463 38174 9242 15931 14668 930 8429 18311 8689 3442 16255 15754 21787 39860 35314 25321 35095 28878 31887 6356 19495 32999 30617 2142 28773 28069 26811 32114 38236 27211 24412 22323 25882 26079 15095 28762 34475 11866 21315 29072 16252 32730 18625 11859 18928 8136 37705 20765 17613 7702 10918 15267 21220 7057 15377 29002 14981 19308 28200 26509 28443 10834 18098 37872 31353 2969 24660 21934 20793 3921 28573 12701 5264 36454 37144 33328 12410 13027 6061 22319 29730 28010 2044 11317 39585 218 21005 22011 31435 31934 26072 36216 34766 38220 38987 14342 16010 22277 33776 35795 18203 33891 38868 6989 15694 23103 35611 26233 22343 10939 17271 29814 2313 21661 8947 21997 7948 35695
23869 38734 13524 29504 24062 37517 27981 5839 37695 27544 24459 24404 28038 23844 26833 18785 16567 29045 15751 17341 22381 10886 22065 33470 16951 10501 6085 26711 10135 34669 8695 35514 10734 10717 12254 24026 9061 18023 33591 20278 460 29959 10318 32385 836 12620 37305 1749 25848 29885 26094 14005 10591 2800 30988 9877 18201 24968 38336 17434 6455 39189 21267 8820 33077 5984 636 11699 13857 3330 36244 112 5306 31140 5334 38443 23724 6857 2198 1897 39066 5148 38020 24861 24312 39859 13606 34806 22488 34480 39816 38518 27162 14233 14492 21035 12143 4982 29043 1040 6588 35919 29300 37631 15295 14008 9923 2330 23687 2225 8895 1861 23238 38116 30754 17164 13844 23316 9892 19050 11638 36852 5009 11607 25075 23236 1943 24388 38033 12799 216 34523 3679 8899 12237 3928 14179 16980 29864 9686 22377 18889 31712 39021 22194 2081 8027 28054 16702 19741 38470 12060 4812 34508 34799 36078 21462 30903 12984 29083 7463 26729 35237 24624 36353 36778 22442 8825 25528 17777 32504 802 17528 15142 4872 29202 30291 1140 6741 3273 29637 6930 28843 8265 18229 16360 21507 9110 10470 13425 8013 8458 29456 15752 1781 5350 741 34933 28674 2749
7200 2952 15117 11510 20991 23212 4527 2575 39933 23229 39471 23401 7573 24392 85 9330 9263 19654 17810 5193 23517 29943 29567 36162 31312 16840 16750 37728 973 32389 10020 8554 26723 35719 4673 16128 12527 39186 907 22421 33309 16540 7225 1404 36651 15702 948 39344 27751 31977 37777 7179 37935 34776 25975 10995 38329 13747 25611 14277 39181 2805 30921 19229 35771 32895 30746 26615 13270 20344 22936 38641 28901 33601 33189 34352 29926 1084 23702 14735 33442 30505 34255 39948 11296 6109 26433 17977 5590 16848 11361 14736 16974 38855 34493 38055 15397 16641 25100 1960 38242 37355 28659 22645 22528 17396 18780 13813 37290 1939 8363 38999 31707 3773 7150 18300 6503 37100 39793 11300 38842 9816 4749 12098 7072 14995 15651 25958 13605 14614 20957 7812 35506 19519 26702 23890 37180 13353 753 37293 25693 12208 26737 372 17393 9344 7481 4367 32138 5433 22691 22 37558 24712 34938 4389 7631 21768 17969 38661 18276 15679 11532 14955 8564 30812 36211 37240 44 37890 2819 7776 25379 14825 24938 5747 34409 32423 6554 588 22759 37913 21776 27239 23156 5605 31269 18925 23994 5373 19537 6354 10414 19123 22653 30604 30495 38490 23479 15611
8963 17554 21842 16589 19948 13873 31678 34473 38095 16257 34525 20840 6464 37435 23027 39549 30896 25642 17884 6733 16744 9226 11546 4548 8288 1386 20274 20087 10742 37924 4890 3481 13043 23804 20867 29986 36391 2242 11434 15883 31035 4387 30257 24573 24395 19368 11958 23745 12153 15825 36340 28540 35378 29010 28745 12760 15654 6925 27020 26841 14459 34291 33278 35014 24855 32179 18375 18100 37719 18132 17713 26116 5567 31667 37325 17866 23390 34399 3275 7842 35306 6506 1669 32402 6501 39328 15266 26241 18553 4339 11764 9348 20995 22059 33577 19791 33389 16591 2293 24317 15350 22189 26503 8788 29145 17387 34069 16881 33436 39103 33704 5626 24564 14997 1919 35633 16894 11486 34801 19635 16093 11703 16778 39563 18988 33977 30435 20836 10932 21411 23930 14911 28810 33294 19349 26428 28460 1508 23908 13985 18220 20234 35011 29510 12546 5423 23041 21531 18909 18168 2409 38969 10625 19897 26401 31049 2115 28125 20172 4415 15576 2244 8897 39013 25035 38983 16398 9873 30719 17415 12970 6205 39386 12846 28741 29649 36591 11732 15636 20305 1020 34238 10452 2368 30544 2118 8847 24539 26331 1484 32025 17435 25257 2806 13312 35656 20826 2391 176 1226
2038 32958 35496 22854 30849 30757 14442 36673 34467 4375 14921 16178 38894 15038 39136 18038 26680 20612 4675 39518 19985 6360 15210 34612 5667 30073 4739 26167 27282 10390 32709 28075 17433 15358 19496 10119 18296 1681 3329 22802 21571 23661 13081 10986 34581 29862 6038 10385 1189 2963 31275 31828 27998 12274 10484 611 34474 14537 21460 24443 8784 22754 21438 1766 25391 8578 32698 35354 32613 21198 38722 39298 31986 4517 19793 9350 21139 34165 22352 29037 24358 10725 23241 7596 16130 24332 22369 4364 13200 33396 29961 27730 10789 1489 21668 29179 1467 8560 38913 31767 15204 29494 23258 2824 3342 10975 30909 32208 21407 27272 38421 5460 26878 5497 31012 23423 24040 1505 24645 9203 27349 17172 32827 8103 19678 7479 22869 5565 1461 24869 761 4509 24919 24250 8480 26854 29565 12654 19322 39612 37895 863 26022 9109 22100 15749 30303 34349 24017 7299 15594 7624 29711 29516 13567 23183 36603 30542 21303 1364 13001 22549 23079 10792 39856 39695 21355 12042 17892 19394 38973 27798 39484 17143 28394 9862 27019 7574 18274 37142 12824 38860 14153 26190 5501 9629 4131 24807 14360 12711 29487 17260 19815 25696 15558 8715 13119 24981 22147 23617
37545 13068 35529 32731 9559 24990 23355 1851 35575 26385 14631 4682 37210 23252 11608 21176 5203 31420 38224 37071 8276 7243 28009 4759 36830 15671 15979 16211 12196 7133 13986 570 11082 17655 28323 2493 12498 27533 27276 38540 7374 11043 3385 33494 18320 36204 6 18701 10619 36667 30704 6793 16866 33671 26534 18702 37826 13297 29279 17428 38206 10849 10490 34935 30037 38605 35607 20260 11547 20574 13731 3592 21474 16659 36441 1092 16886 10070 37579 20676 14191 13323 29036 27470 6265 2074 37294 5083 21184 9603 23264 27826 29461 925 688 13166 32409 4845 1500 24963 13952 24779 10531 21913 36758 8730 10976 1599 25222 26011 7152 37991 15843 18164 27507 13184 17258 34886 31736 5356 24838 14185 17385 18521 11641 20147 25256 36346 39184 28927 18298 23553 32948 21123 20621 34050 35424 537 1924 11391 21468 25073 19156 25846 7347 17406 13469 9427 9353 25744 1524 14047 16163 12381 18346 7829 19030 26597 38594 6382 9582 15648 25721 11583 34829 20200 9006 16966 10604 25520 13319 30166 2639 25727 6887 18569 31100 9757 39164 6613 27696 21523 31062 25529 17940 22320 38005 33757 2144 7239 37763 39895 31256 21489 28587 6117 2591 38748 15804 23254
2254 23347 17755 2634 12461 27164 11797 19267 16938 27376 28890 12479 5107 27806 8174 679 31197 1651 15299 4239 27148 14964 24103 35840 36265 39523 28449 5126 23783 36795 24262 10925 23717 36046 12011 13929 30154 32728 9308 13881 16247 38924 6373 4938 29004 9664 18503 14231 38964 9646 22971 31458 26399 23130 25875 36909 656 38978 22567 23681 26376 17314 24945 27841 31228 23538 28346 38409 28549 31588 25273 1024 13455 5574 1957 11586 28850 10434 71 1129 18312 20077 12783 37012 17115 20255 25884 30017 2071 14361 1630 3290 27642 8430 11898 21752 15617 13291 6493 4009 11612 16496 11844 9628 15396 19273 25773 2813 2649 21342 22993 35628 16011 17347 17631 26322 25089 38255 6945 31894 10688 29609 15818 12386 19154 36564 12486 33466 15336 14039 37878 2416 22114 10636 9099 3606 2970 29228 19836 13114 22206 30563 35074 9039 12859 4337 7561 20628 12341 20483 35210 13781 11971 30670 10649 30142 24789 8972 23220 25455 5228 5894 15343 21688 7908 26727 21498 38294 18133 5303 35245 8836 27672 37225 29693 14376 19162 4259 24768 8887 38681 27643 31422 37970 39903 7734 23947 10204 25659 11080 5437 27871 36666 20270 23333 17978 30745 13474 16367 3968
12207 17682 6769 22796 11136 16981 17773 3465 21933 35913 18830 13768 39888 24583 4496 14050 28481 3291 33524 5347 10941 29395 6200 13973 28314 8147 11492 30518 11811 26739 19133 15894 13445 39132 12712 12730 13042 33331 17074 16861 7041 24226 35675 31031 38113 11905 19536 13144 5659 29764 9584 4258 18009 38724 23056 20624 37245 13505 11860 7666 24108 3973 30282 30796 24252 25604 35046 4073 958 33358 18745 22870 4046 36462 22048 32809 26980 30952 7747 15737 17279 8675 7117 18108 9969 2328 31511 15909 7656 17128 17831 16055 15757 17084 17815 4495 35292 20963 32191 8701 36098 7390 9057 22408 5883 13961 27867 22158 6662 2683 18647 5249 29768 24447 37099 23460 4715 36967 29891 16219 30858 22907 17762 20239 38950 37070 38939 2869 24487 20576 27869 16800 1853 5307 13 938 13917 31220 17183 39038 26574 2012 268 22664 17203 7924 23852 24742 5330 30387 32405 39947 37284 25556 37752 29173 32380 11744 3140 21981 36417 15096 25774 4745 7606 36925 10809 3179 29673 738 34383 38111 35296 19124 15966 15410 3544 25713 36724 8614 13220 27398 22668 35147 29169 3799 911 17110 29349 14988 31945 35161 6222 10880 7282 19361 2673 8869 10022 6119
19621 14528 23998 25481 37921 15464 11456 28055 15329 10794 26165 22327 2381 4105 20603 37605 929 5067 24068 31433 14410 27258 14549 36474 4469 10949 28309 36442 7826 6358 14648 21187 3765 26161 6318 15992 28825 7336 15421 27954 9916 27762 24204 23946 1195 26714 13856 34683 8328 19959 23979 28474 909 13640 8453 18552 27368 22416 32717 1422 25459 7178 14262 28085 6333 17614 22299 18218 20735 23987 11931 36694 15924 5473 5714 34759 15946 6683 39562 28924 33097 23871 546 9067 10216 15817 15120 9902 34100 23851 25024 1033 29256 598 4504 7697 8340 15364 19649 32137 20014 23443 38592 2422 27461 25181 26422 13279 33945 20891 7237 30721 24211 13096 39116 32010 22248 3432 4099 32920 26111 32116 19524 586 21232 7296 32773 38447 22952 27877 37212 32442 27829 28298 31942 3646 37798 27457 31200 30850 20357 2175 14550 10497 32100 33211 37362 36659 10545 26945 1754 21476 24435 17975 26755 39991 17507 17180 9514 14001 24815 32256 35380 25776 22371 12006 29015 10315 21208 17864 15948 18728 28525 14140 35808 36413 24868 31981 17734 22766 19910 5466 11161 23461 28421 14621 39705 13554 36630 32772 32851 20394 21310 4147 16850 20473 16704 13669 8815 22853
35765 20830 16878 14167 18045 16159 38179 13939 32195 21050 7931 2137 36004 23715 30395 2155 4087 35726 27661 5581 21821 34895 35854 399 36588 32399 28366 11889 32476 13475 11196 18985 7569 22101 21101 17501 25935 16895 11614 32319 1370 25496 26651 13004 35346 15272 26162 12868 2875 13687 19332 7871 30658 20887 28796 10085 36802 33014 34091 36808 20355 11479 1553 8327 14905 36026 36733 20095 8704 9094 3229 3943 2093 8507 5105 4640 13187 26492 3451 15311 31513 14665 14371 26388 16467 35606 25107 8364 6220 2342 39921 18748 36645 20740 19816 2229 10287 35621 5985 6162 25794 5863 26323 18916 21111 10558 34607 7720 4212 14359 15376 31205 18892 22716 23214 7418 20805 31935 34425 12721 813 37109 24777 23647 13214 14474 18479 31310 34782 25444 10827 13424 32465 8252 5448 9378 34527 23762 37493 27640 39382 27265 29442 10488 32303 20890 39049 354 2665 36632 26487 36498 31251 24630 38955 25784 14926 5259 5609 4360 29924 14106 18607 24175 25545 27554 38135 39648 32298 15546 16032 22704 21458 22516 5858 33827 17684 3217 14234 6955 875 12285 34341 714 9893 91 18711 15955 36792 20505 16799 16101 19068 31704 18120 16009 14225 3691 39106 32610
26716 26382 29339 29210 16754 32862 32478 1520 39179 322 23323 12025 19681 8699 32797 38679 15766 28036 4111 17003 2926 10268 38882 16077 23163 553 34564 8956 39531 22613 8544 26583 13106 25364 22436 14754 39826 30068 31697 33666 34407 38801 13517 17996 21182 1479 19017 30 13582 35678 26908 25600 15288 12131 5889 39618 33282 22872 26575 26985 37914 18462 27522 16500 21583 21736 14000 13999 29525 30539 11144 29048 33900 37682 24904 22523 16883 159 26062 25155 31646 3986 17707 33847 27363 35904 1459 19724 18131 15102 36002 1718 11723 21509 31450 9457 3008 29726 6737 35679 19338 28459 28803 39080 27028 5600 24452 34652 7899 3584 2948 393 21367 39932 13981 39624 7795 36198 10977 24328 4238 12580 20548 20927 34744 38130 32247 15524 34083 6294 14214 4658 33502 12861 7386 23011 30611 30898 7670 39261 24824 15281 17742 16243 28209 31387 16 14283 34482 8468 33417 1998 39064 39504 7772 6454 3912 28923 38700 20606 14647 5272 2039 39368 4569 15533 27001 774 27067 29077 34820 30492 37019 26541 16643 20928 25503 31546 735 22005 21219 39423 30320 9132 23129 37094 25284 1543 18170 10704 9702 21294 10158 39479 9106 2920 413 10346 13611 8394
6750 20256 13094 23245 14137 38017 1302 36874 380 17299 11018 36080 10722 26360 2406 21582 18568 28778 10244 19645 16732 37922 38264 2893 33392 15231 23057 7836 6035 22464 22018 9139 150 6727 6161 12925 36190 19058 26921 39153 38622 27529 34647 7367 15959 28976 11868 4458 18619 26809 35293 8572 33737 23899 643 13593 9053 26572 30327 13810 32901 26568 35859 23797 19114 12471 31045 7474 6812 25532 1822 13451 23397 11077 18870 24464 26461 23581 25672 13306 12578 25718 39623 39217 38491 515 30570 30271 18633 25926 38333 2230 9309 29054 25197 28304 39352 5059 23780 29321 27945 5874 34071 34009 12123 15450 9748 12495 28194 36979 5202 5496 17973 37114 15438 11950 12520 25359 1966 36436 4265 22471 35345 19408 7378 5615 2271 30040 29820 36470 32978 186 7604 20409 14525 25988 39973 26717 8552 34919 475 27313 18335 31009 11003 1967 38993 32287 22449 5675 9232 9633 5818 37324 21189 14616 20332 11455 29910 17651 15981 8799 14211 31442 30532 17058 16930 1334 2418 8957 11814 26645 32522 35384 261 26936 4182 32925 23379 9425 26869 18491 648 31749 34005 12178 15051 32280 2761 39709 15401 15297 2657 5740 20006 36472 9941 37879 34305 32338
23552 29595 9636 14779 23344 23962 18150 32419 17756 10412 32150 32428 29223 25572 13871 37458 14345 31613 21603 28328 20788 11352 33320 13015 22199 37125 36583 28692 9255 23351 31466 31042 17066 7144 21288 660 22482 4793 21200 6922 32248 17481 33523 17206 19006 3355 38740 14554 27523 26344 39691 2455 35578 34 21879 25023 24094 29680 15449 31482 32839 16390 8891 20112 1491 14090 7132 11146 4595 30297 23649 33407 38761 38948 8050 22219 30433 32770 11009 33665 31425 83 1248 4418 1336 7281 33218 22344 38879 20678 5538 38101 9320 15505 35742 12765 11382 15879 18520 38006 35885 130 32295 3489 9846 4782 14081 16148 34150 25983 33387 21524 38441 23468 14453 3368 16699 26435 19765 9799 19895 17984 18603 2768 18943 27277 8872 15920 25583 11332 25150 2288 15806 4221 35654 26046 39331 3103 5988 36858 1437 19239 33011 26133 33540 32565 4429 27015 37222 16669 31301 20462 26398 1514 15300 18138 4646 9974 36810 35781 22075 5575 21108 32398 11473 25318 28702 11044 29624 4552 30558 14974 22402 12985 17538 23039 26171 5755 38407 4081 7555 14441 20129 32228 18158 14654 39824 26176 33768 18735 16520 33754 15172 38545 10788 20960 25976 37974 82 13680
10448 6050 8445 7721 5109 26282 1256 35320 8091 26088 23115 13002 35793 21261 26795 32563 9424 21759 7773 9677 29972 20131 5415 9742 21211 9127 12572 6509 28967 1547 9396 28281 3690 25156 38528 9158 6636 35497 30148 28144 496 38475 20906 8392 24972 22949 36825 31171 5630 21169 18099 3911 33420 21977 15974 12809 8857 35855 17380 6192 30355 11665 3988 13800 11539 30329 18055 14758 2559 20000 8926 34351 21918 30631 20269 23897 25351 39849 15939 39142 9482 562 7528 2445 7471 2349 21307 6751 2186 25747 4534 32233 16987 8291 27775 11118 6670 18484 34228 24756 32696 16152 8378 36965 28321 14504 7408 34550 33497 26147 30477 32749 1366 3751 8295 2987 15196 33133 23769 39800 20258 20431 28400 11353 38014 5544 27942 21121 31285 18834 4975 12968 32711 36113 5949 35327 20327 39061 29206 37092 12524 13926 9948 36789 675 34247 27243 31277 21240 1067 30136 30212 36722 16016 10642 35420 26663 25016 14810 36604 22415 33206 11647 5288 37445 11392 3450 30736 7035 746 16784 16792 29336 6355 24526 20974 9766 35388 20228 7851 3772 10629 5815 19041 12843 37276 18546 15115 2601 32644 7683 38587 27388 27402 31643 33953 16882 914 8772 38718
18615 11289 29709 31556 2237 17451 5753 23555 7999 25619 3470 6515 39451 14883 3625 6402 30265 28711 92 9373 25999 35987 6190 27273 25934 38823 38680 37308 1046 25248 16287 20760 5170 6647 16017 23435 10438 28267 39989 13824 2590 1377 12023 33237 32892 32166 35697 19225 11752 20643 29696 4563 38052 27759 22773 33339 32094 28332 38107 10615 6457 27280 35577 34074 17693 37563 17636 13202 9492 31156 24134 14275 15627 24532 9652 15941 29148 28846 22956 28840 1152 35212 22961 4828 24307 1892 28391 6368 34684 37190 3497 24767 7535 17570 2553 25499 15767 15898 18820 35666 8314 35516 32212 35539 3837 34316 22305 10460 11383 3695 31089 10302 7933 28506 3388 33271 37195 27385 33168 37637 13495 36670 34448 29898 29720 23592 4740 30692 39397 5998 2361 2555 4019 26279 21975 15756 34433 14059 38383 10528 18068 13919 1793 8638 17704 7781 35307 37390 21503 15137 36507 21103 23614 39249 39699 37234 16140 19099 37104 20021 20285 36969 28612 11525 2628 14524 10072 35021 27034 21862 8034 18653 28173 20945 18911 25224 3890 39393 12336 7250 6107 13460 10547 6760 9932 16876 23821 17512 18883 7164 724 16804 38283 9379 28429 22935 16963 26497 26819 4918
6092 28856 8112 38667 23570 34923 18725 140 23448 15634 3886 9070 16323 20066 28487 12416 1623 13978 39198 27275 34735 9431 4140 28422 31168 4980 33774 36306 25092 8802 26423 2791 24827 21222 3800 25095 12346 17641 28995 12490 34375 35286 37859 31297 9219 6675 2727 16494 30424 20673 19470 21358 15157 11738 8023 17223 35477 9185 28100 18072 25959 39566 468 8048 10634 38327 31838 34941 15244 11509 2968 18324 22388 10879 38348 22183 5649 18235 16960 8060 6870 16571 39506 30392 23786 15113 19616 13463 27972 950 20972 24224 10769 32306 16583 9285 37119 29674 12169 13029 23634 8179 17665 35753 18979 36539 38483 29117 21306 7003 1466 38852 25115 313 36948 32014 14918 31405 36924 16584 2481 37764 4043 842 13470 4774 2067 31016 5680 17344 282 11467 19957 37486 17664 37301 12400 28956 17879 24476 19344 26151 933 39240 35472 28798 38207 18786 17968 9534 39260 22536 23451 30346 1774 30871 30200 36525 2180 8697 27165 35563 25974 30866 15494 12365 32421 31248 19555 27233 31159 29908 9701 7611 33963 32420 33452 414 28886 35353 36058 4660 33047 10951 12812 24246 1200 16295 6951 8096 27899 31093 3260 29749 39538 20074 32611 8936 36457 18195
29654 14382 17346 38222 36553 16508 4753 9712 18670 22282 36315 8588 37156 21646 27793 19467 7409 32386 25480 6104 37406 31083 12836 11875 17090 34743 3712 19175 28359 20293 6596 21592 19457 3341 16188 25085 17495 23815 4816 3632 5640 6033 32149 35434 34504 3068 29758 3133 8053 23409 29371 34879 18855 34882 5604 32806 37309 29887 1577 8590 37312 12588 15893 18947 34834 26628 972 34903 13931 35243 33920 4510 28516 8249 12166 9116 19497 31583 14935 27560 27452 36494 18237 20238 23713 27325 23122 856 2224 26443 10513 9168 27931 9997 5561 5682 7045 24015 30009 38050 18908 17015 4070 23140 10047 2000 27616 7166 9086 2054 37307 17927 7684 2942 24820 12261 21107 29655 9605 17561 7822 27104 13274 12638 4789 4707 1060 18513 11684 26690 32372 18474 16141 33616 8530 27287 32117 11741 1818 20692 26123 30277 35542 1616 13575 38428 1854 32274 17119 6773 7989 237 17120 39568 16481 4170 31064 25032 34198 228 1920 34218 21377 28670 8568 25515 15385 37302 14428 29188 3719 26613 19074 19449 19295 30720 6025 4628 9118 19116 32007 13422 13173 34411 37529 1137 3243 21096 33789 7040 14149 16073 27635 8444 39197 25061 1771 11739 25921 12016
23666 7987 9150 25646 27355 18751 18531 36926 31317 7548 28231 14154 9176 16890 14094 5534 13429 9718 10417 23145 14783 31512 18035 34538 10172 20079 7503 1372 14624 15607 12794 28229 18182 35057 16414 9604 24114 35329 3558 20136 36307 1202 32418 30822 6669 34666 6426 1066 32033 6246 264 6878 4832 34162 952 37548 12161 13535 88 30635 26424 14605 2 867 32697 32464 28271 24982 18523 8726 33398 11719 39755 22044 13528 4895 954 3835 19904 21638 28611 35309 11776 754 28338 18092 14076 18843 22941 13409 2658 39940 21919 37168 28177 3744 32590 30820 24037 24164 12070 6345 8213 39036 22677 29440 18326 33143 24576 27386 15531 7304 21560 28764 6966 13294 16730 84 3562 757 4642 9843 29761 36215 9104 12672 6123 37450 10667 11114 17113 4083 37948 38091 35863 2851 4627 2122 33922 34646 1540 36077 22573 31371 29585 24932 30846 18934 38851 9060 1268 22917 5861 22467 31824 28664 7187 16977 26484 34261 39191 12457 8320 3279 19567 3017 35818 39294 36589 30131 32176 29023 19315 834 13666 16950 33431 1608 24794 30646 34926 39040 18393 38147 2465 32122 4431 2978 3183 25931 18783 25141 21896 10831 5072 33006 13334 21579 25885 28259
23913 12803 17654 7419 26879 39643 33993 35910 36850 37870 6860 23066 2972 30061 15419 782 18917 24482 30357 5278 12937 27105 8188 9013 33448 2914 25059 32726 21194 31047 30436 13128 24548 3448 4481 15060 23813 2428 318 2112 23020 4463 26049 4187 14590 25062 21231 38286 33832 9899 39515 18875 38157 1319 32705 30237 38205 22503 11372 14297 39203 16924 2929 37098 3718 37678 25539 16470 15641 21022 10857 27371 23138 19137 38762 30559 20300 39070 1278 28343 27624 10206 7895 28632 31843 39170 16984 26130 34855 29345 27405 13805 38340 776 35505 4780 36430 21258 8312 12271 3739 20701 25381 15378 5314 4728 12310 1997 5450 17011 14872 28148 20517 8521 1786 2117 23607 16681 38883 20848 3653 31971 35230 28595 5837 11365 9283 32736 27632 6217 7527 759 9957 6682 31278 39757 23365 10786 13028 34732 32222 6030 34961 7541 16276 39558 1732 10837 12801 30245 3362 12609 151 19260 25310 30464 4050 30837 21840 24748 29053 37269 23593 8419 32357 35280 33461 7490 32486 31362 31160 37506 7634 23754 2867 18028 21424 35166 23494 14493 14443 16932 33453 21851 12746 25038 29650 12863 33306 21217 32645 25130 23054 17945 8125 27129 19759 8750 3040 28269
34519 32856 11892 3333 21828 24701 1936 28867 7638 10855 34541 26672 4286 28875 24173 8609 17471 1478 11782 35253 31523 35215 14603 35167 21993 6775 10262 35757 26278 28117 15263 27980 16907 5129 33471 6705 5388 5897 14678 18051 6302 37174 13041 14805 6296 5698 35911 27693 27114 39461 4630 25566 21026 3338 23954 16215 3356 28589 3902 14380 27147 37138 11674 29598 36422 21777 15725 28099 22581 5914 38826 26287 16447 24371 6216 201 22629 21384 37401 1907 1030 15926 1958 37079 15178 28649 221 12536 11313 13542 13957 10269 31428 5694 38155 13756 15471 27186 9644 36653 19088 13088 39357 35038 15067 32309 1748 38783 5696 12725 8475 18385 382 30854 11780 19238 1403 14462 27935 36876 3438 24448 14944 20534 13675 17303 9871 37404 24693 32440 14563 37217 18721 4068 11687 1417 39306 39733 33061 9926 34641 30594 34979 2729 19484 2564 15734 23159 33946 12823 12059 24673 6157 33219 3970 29591 16456 23298 15353 37843 29478 19334 22596 19640 6415 37715 31023 23361 19122 32053 21012 7763 46 20302 38170 16347 18449 25681 29717 15695 33983 5913 3177 6419 13123 24202 8080 35522 21100 6465 37867 5731 29159 19935 11812 24637 25570 6863 34677 16197
36510 34556 28470 24970 19318 11279 22121 27562 4643 5290 8875 31421 37621 31946 34555 38098 16698 38901 10811 10260 16434 37379 3144 24817 9908 9521 30848 17746 16736 15716 35784 29704 14813 18096 11385 33987 22445 33346 17449 35610 35257 16349 13402 11534 35458 25127 21473 18011 34966 36527 5361 38645 23327 657 2927 31118 30621 26093 38945 17204 24983 27123 33256 26947 22461 18308 14417 32554 17019 28638 30376 21756 7864 31637 524 34391 20476 29644 36154 18297 5258 12771 2253 10588 16734 38807 35838 30956 10638 38041 10916 23246 24702 22741 9649 37495 36556 13706 734 14029 27586 13404 25393 36976 39341 18191 13549 2646 38225 33450 28106 34454 7962 17010 33508 7444 33430 1287 31183 3220 30268 25803 24293 630 416 35653 26202 39560 11993 27724 22403 17731 38921 39465 21630 36596 21570 37413 37714 1979 24221 38806 18154 38204 17156 8242 35643 20424 35010 13661 15954 72 18964 25352 19250 32449 17135 38045 1123 35507 27219 10067 22275 37590 4678 24735 22805 37744 26693 9304 308 20820 19153 11151 10913 3929 11671 16363 37608 25093 33214 30985 8911 37559 19095 31279 23872 7360 30741 2236 20561 32947 17603 16811 35199 1481 11768 8919 20829 35031
15581 3964 6280 13954 16005 1391 18451 17125 7945 4946 22976 8540 33227 33606 5758 8302 10058 30852 35088 24905 22578 39862 19477 33481 26992 30598 18562 3794 26647 13600 28645 18718 2767 7923 22922 35098 36913 4752 696 24595 13022 3211 22780 30868 31144 7642 37762 3446 17534 24474 6906 7648 34294 31994 34502 24744 22029 11173 39758 22786 32652 16054 31748 27500 36820 1974 32155 3188 8917 37337 38922 27589 2625 24470 33187 20871 12094 38120 29845 27817 36987 31633 12710 29574 35317 9160 10301 579 10099 36966 31295 21643 36410 30864 5407 33120 25977 18570 34362 29084 860 32723 30647 35135 14351 1972 28966 28800 25308 13462 26999 9851 29765 4471 16445 22149 34676 4635 17946 38891 25621 12009 2713 4297 14385 17454 32831 20823 15302 37207 37989 3394 23306 17013 22405 9358 33742 29804 16685 39726 38060 13342 36839 14178 15478 13681 25639 20397 30240 29383 9280 33123 10428 33694 18697 23511 5471 10254 34762 7754 37582 21283 6533 7678 39437 31390 12082 24329 36640 6040 11293 6577 7997 6800 7031 6825 27862 19590 3313 26786 548 35490 404 19576 5068 28869 4957 39166 17543 31655 10709 23982 29420 25449 7986 13655 2766 6273 2150 20722
33784 13418 32582 28937 12283 895 1636 7580 17029 28116 33419 14763 9092 13378 36003 76 482 37028 5805 6002 24071 39617 21082 4352 34983 26121 19896 33501 31995 2742 16982 32965 18135 22533 29783 6244 4373 8803 7069 16490 6470 35081 34901 17706 7151 17246 21831 29576 4862 1633 19795 21188 31138 17104 1076 21349 26808 20723 17186 35156 21675 35454 16027 39000 5748 4438 18698 1062 37295 6742 34118 36679 7543 36714 2663 17854 24952 15839 4528 3715 36997 37171 27637 6043 2438 10738 4604 241 15499 35398 20158 36134 21707 6911 26748 21471 19169 26160 25569 14694 32270 38145 32241 18543 35194 25207 16910 24243 30904 2135 31854 11909 31389 39914 21461 25082 275 35005 15657 19371 37966 5114 19431 38878 36471 9513 31485 14583 4809 12264 20417 24578 34852 10522 38938 30995 29157 7242 27766 4357 26355 35663 13442 16505 12020 7355 18565 16119 1895 30578 4240 25788 35991 3553 34387 12833 5008 29741 23260 19176 18281 2501 17759 28324 29400 32229 27397 38514 8399 25263 13553 10000 33867 4697 34032 10178 11448 3419 35465 35403 12934 15980 27040 25303 3371 28305 7328 29840 20247 14331 34250 16075 21062 30663 2005 27910 32180 7176 28112 33731
31208 2934 10635 26380 3654 224 5654 25262 33057 23274 21663 17798 4804 15356 19551 36399 4280 21092 9566 31639 23674 7344 21351 11828 5939 2413 16757 11228 6552 39011 16970 17902 7913 30261 25101 32052 25298 20572 4283 20860 13305 37066 27410 26489 32516 2437 20786 23850 15050 31188 1380 16572 33760 35061 16479 9188 24064 32288 38102 31668 26374 1327 6815 1221 15498 4163 29105 17020 5865 39076 15811 27473 9327 10015 16346 15485 29688 27237 39373 38247 18058 20404 2021 1475 30371 13167 35834 12629 13437 16450 9739 14439 37749 6508 37421 25068 38320 25494 32585 16906 16769 16166 24466 34515 36998 6367 34785 27245 33815 25643 29488 16929 11447 11417 37347 25252 6337 16371 6269 37146 39234 4855 29492 5512 31181 36337 35718 15566 7223 15530 37841 36736 15746 20617 37512 18202 3344 356 30633 24717 15868 4687 27037 10900 30472 1980 16056 26519 1850 30280 14817 30690 31454 21544 37589 37108 39019 33610 30318 17894 1311 14083 20441 16356 5791 26052 27357 37478 34002 16019 28620 32475 28260 13127 17007 34752 11059 36642 10780 39428 6172 4852 37454 35842 8064 33279 35184 7760 8275 1136 6934 463 35405 10507 38907 25568 35473 15798 14771 24708
17795 18774 14772 17790 5408 39195 5292 21650 1536 7887 36563 2169 28586 14749 35487 23399 7515 21806 5870 26788 25189 30388 37200 8184 26780 6166 16419 8460 20111 15321 9586 1713 24649 20179 26267 3742 5262 19015 13298 6263 22202 6429 7883 23059 2892 1900 35402 27176 15105 1581 7145 4215 22154 34873 37707 37006 36396 17068 2209 15393 34497 10327 21597 24297 39354 13126 6500 7359 7023 29747 15693 8864 27576 27531 19661 6017 23037 38432 34905 38832 19366 34722 29112 29273 12972 37115 170 8551 5751 13003 15987 37474 26504 26751 36809 38328 21549 33217 7495 19329 38300 12352 28757 27579 20689 33753 9656 37920 26599 21935 33433 36634 36697 31752 6122 21051 3817 13054 22269 37856 7414 11561 30224 34214 36294 21496 5078 21793 19430 25490 3226 20419 35601 17950 9148 8865 6214 38853 997 36709 4923 15644 5716 7080 16969 26814 19151 3 23133 3647 29506 11001 10561 17811 26896 31107 9516 3526 19983 36727 32211 12497 24552 28948 26308 6243 3191 8778 31393 24614 33257 39238 3020 8114 4474 6403 23951 32906 3477 12117 17702 10462 6410 7112 18987 19798 9449 37060 32273 13677 35503 16542 27251 32623 9357 11817 27535 6807 33646 1026
407 145 8492 20262 27307 4408 34608 21214 26607 18317 7371 29098 20852 16818 2032 39629 6617 39628 7994 28249 7266 25997 29570 31911 31846 37613 20882 31143 35538 783 29866 11484 34887 23326 39441 34645 14350 29980 37876 33041 28623 29826 31754 23481 13097 2172 30603 13922 32204 564 29421 25166 35301 27062 14567 32911 3000 13912 34154 1304 20973 3340 30698 30091 19205 14613 39113 32177 8858 3996 10482 38759 28582 23190 17982 26402 33904 38344 14287 21270 20503 4732 3316 7076 9552 21716 33007 9925 33914 3456 26494 38028 2904 39689 2703 18580 18822 505 1502 34312 30568 28405 15028 13487 22873 21970 5697 15283 32000 7782 17787 16105 20975 34011 4939 11995 33826 35007 5451 5118 5787 10366 32783 15764 18515 33310 27985 18573 22690 29967 31348 34972 14827 21109 36821 32344 34420 38367 39028 30677 19757 28505 1191 25748 5999 29865 4249 37926 23170 17516 17077 35187 22927 30961 14730 250 13564 21774 12923 21562 32054 22593 31740 38213 28000 18604 3991 1571 8009 15502 18792 26340 31839 18516 27456 21858 38631 32810 28233 14308 34603 24237 36207 11380 30702 36623 2681 36503 23655 21664 12939 13704 31756 26436 38279 3522 2084 39276 37666 19688
30497 910 14889 18253 15668 10648 15451 31290 2817 7006 10953 7585 10125 17350 13700 33583 7322 37150 4016 9346 11014 14397 33403 18313 35341 28763 37903 32285 38548 11530 8347 6387 29462 135 22518 8360 32175 686 3173 14520 35616 4005 33184 9316 20581 23542 9930 35515 19421 3447 19527 599 12262 33513 1444 12150 28060 31862 34945 25609 11551 19736 18183 8984 8827 16740 35418 32919 30498 22510 26590 11298 7929 19950 9243 20372 24546 2889 19605 1962 5056 25025 18477 23765 31046 10681 17467 1057 15218 22772 7105 10589 6284 37422 30742 30308 512 14527 21636 11471 29431 29382 5089 13164 11604 33241 5250 33559 34469 20267 16630 28535 12920 805 9301 2908 33210 20494 39131 19918 18880 26086 19336 30541 15888 26090 37069 12361 4332 12557 34736 1000 32232 19845 39677 23439 1435 15249 3065 38742 14886 31154 15704 34081 24382 16066 34102 9912 37883 14074 971 13014 36225 17283 14677 39625 19803 5784 34657 38606 7013 1602 6702 19057 12024 14197 38676 17551 8467 1025 1231 16954 22687 12840 6840 4544 25241 16998 32766 21132 28476 16506 35085 25743 15331 13390 13819 1104 16935 29827 30801 28363 32362 7809 6195 1101 13841 29407 21916 36545
26019 20004 34805 20336 36268 26721 8130 4329 11986 17727 25670 17824 39592 33095 22814 20378 24871 33418 23991 12000 31384 15846 27156 9966 20317 15112 19934 4160 7788 34421 32126 29044 15956 39082 28954 12372 34414 30857 31106 2868 1619 18192 24349 37304 31052 4974 34403 31520 33959 32192 27230 19149 31237 6872 23710 12761 19977 30814 5945 1203 33552 7791 31211 37813 38803 29454 14269 37455 10512 22283 24281 16603 23625 34547 31015 3532 37464 11056 18180 19439 12067 23396 37532 37759 4196 4377 7764 35540 21412 10477 22463 6927 3041 35255 1667 27294 12957 22683 21700 2506 35047 3056 32837 7546 25910 6720 15951 19568 7044 13061 11645 32410 35851 1654 2672 5098 21605 21529 22288 19546 35051 29231 38465 21869 23859 31726 35130 4433 28728 7926 13807 530 37252 21783 26100 28455 312 28023 28068 18366 5989 13008 32367 21795 33736 39744 25050 12477 26101 28094 26163 7301 25334 28618 20812 29809 24151 5446 35356 14012 3414 8127 3895 35050 7625 38733 10117 2359 7650 13867 29167 28526 3317 24016 11964 1740 22153 7209 36489 23993 7331 2602 3726 14318 34331 33576 37732 35897 26306 33925 35833 36609 7384 32968 33370 39809 36047 227 17109 21130
32095 8416 21185 7691 19462 21357 21451 35169 30781 24567 7181 25049 29505 13381 31731 24795 34975 12083 8400 29755 36698 14055 2785 28726 18316 39379 37492 932 16131 14339 36368 31822 30966 15597 29996 17966 16576 35527 33445 9496 3138 20031 29479 34622 28588 34688 5935 17563 10647 4735 100 18902 577 31660 38609 22526 4172 39018 15091 22028 24966 10088 23527 27221 17028 23433 10775 33050 11698 12961 37534 15002 38886 39784 12473 17826 8943 5233 12708 24304 26305 37591 30534 24631 29670 30246 1299 38935 7615 1674 36702 26474 36911 33009 9476 12787 39463 10483 23296 33225 11908 13690 25534 19731 39427 23980 21750 3487 29830 10611 35425 17455 8678 28142 4001 17525 21522 21766 7619 7919 31709 4104 4427 6428 23806 29452 15093 8462 28683 25327 24461 19680 20154 2153 20790 17197 17171 39029 20400 3466 16612 22654 38502 38958 1151 962 36243 20399 17527 38615 34270 37377 5703 7460 1321 26490 25377 25472 28033 22599 8941 23305 19397 1697 17224 27809 36064 6707 30390 1035 33100 38210 35486 22086 18861 4877 13838 22468 32203 12655 32595 7082 32687 30980 14114 30905 31579 27225 39283 27060 36804 118 34187 22241 2076 4909 6726 33409 30380 20385
16812 11929 24644 26887 39257 10799 31221 37571 35236 9278 798 29848 10179 6562 27029 24549 13304 39683 19138 8316 19357 22357 35825 29156 24893 13889 39965 37688 8452 10049 30836 37088 14832 31866 1790 6580 18854 10087 36575 20124 27803 22050 29514 15512 24418 471 23385 23619 10037 11198 6136 7558 16253 27077 9610 37065 9256 11133 25511 19385 32234 29939 9611 35056 35235 27468 8737 34588 8585 33181 7446 34813 620 5377 26084 16904 17080 39107 8985 14138 38217 33659 23505 8040 4010 20069 25420 4755 32877 23189 20674 20125 11261 22559 26544 34592 31721 17939 33334 5503 13116 37969 30420 7717 32488 19670 15031 30108 5500 16786 11773 26543 34223 8818 37047 8571 1552 35892 6869 23768 29769 6178 29508 23894 31146 17723 28904 32487 9199 30955 31582 22865 34117 13502 13105 8713 26304 28011 5508 32445 36753 29008 26884 5864 21247 36524 20265 21658 8960 34082 12402 2056 17216 6118 3061 19035 31674 13281 19428 27197 24177 10228 8913 36581 35111 19019 766 30020 8831 19440 36712 7279 31685 2363 8999 11712 22434 30800 5455 26917 27071 1736 17736 30120 35117 36896 19076 30170 13375 12693 24714 5786 36269 11446 20185 18746 20116 35165 18387 8954
14513 38932 15344 28779 3674 35089 36612 29623 6010 1074 17364 37266 26933 23211 17851 35387 27569 12551 38245 29962 826 14661 17715 7981 27204 21823 22017 33780 38988 21819 10740 34950 13812 16801 35285 29417 4738 39510 2104 29280 10885 15763 22972 30560 32170 32071 20387 34742 34332 22140 6208 3100 26703 13623 18052 6891 20711 9147 11634 12893 9986 20388 7526 36788 8723 25711 5175 12313 23579 39022 25908 9782 20036 34016 37428 35798 26850 12280 22586 39696 11405 35864 33390 29380 21614 32924 6317 29874 30779 10239 13217 11338 22443 17198 32118 16485 32861 39905 3353 21641 13066 34599 10454 38141 3393 36309 30762 26770 2517 5390 36947 38084 34254 39204 24031 7437 22940 1389 25344 13107 9079 39533 28652 3227 16459 26718 34139 24550 37148 17555 1574 12349 17880 17342 146 2976 24557 22650 23532 32724 11771 32520 36176 8219 33040 23867 32605 1791 23497 18440 21300 2992 34678 26314 30191 37954 2147 6975 5780 17030 210 22359 18535 6864 6698 10687 8789 4232 28593 19168 15090 4417 4549 39597 39732 16713 28362 18973 12702 9622 920 31705 4368 7521 29512 9690 18057 15053 5127 11590 14557 11423 858 17753 5013 810 33503 348 27929 26445
30216 37465 17122 21555 23341 25560 35548 14581 37951 33045 2758 35400 35222 9005 17284 27706 37265 27100 30693 16965 16873 19672 7369 866 16388 21513 14929 24918 18754 5832 9741 15621 4681 27771 6964 32894 13803 30231 13301 20106 30047 23143 29828 1507 36506 2126 14560 2883 20831 229 31771 31293 19201 17669 22914 29581 7469 22735 29323 15714 22332 31614 32782 10374 5321 13634 184 35446 15777 39396 36635 5178 39742 2841 28939 20507 1984 2613 10110 37902 34781 2443 19021 9635 2356 25535 20444 2120 15388 26247 23566 1904 23311 2541 7960 16836 3206 26596 1352 28782 13377 16967 32649 34317 8494 28614 20213 39079 37795 8152 31329 4868 24808 10256 27115 36425 7153 24911 38121 28434 12057 2324 5296 3740 11281 2094 17137 12874 3969 9716 39745 19813 16962 15018 19266 18018 31936 38219 13082 33976 35448 7731 23985 33556 833 8792 12877 15692 38504 11843 38288 274 1184 36428 1820 26195 3852 1149 19406 28925 33677 9887 777 13485 19272 30239 3511 36671 37121 8557 14688 10876 8355 14505 12607 15904 22965 3821 32551 26183 9129 418 18363 4365 38521 6474 10364 6832 20744 18046 1156 15013 32618 13084 35665 19447 29459 6174 717 31499
30075 31331 22280 8092 2387 26392 30006 1986 33971 2941 32938 26904 7487 15601 27126 3844 35211 35942 5736 31952 5790 29618 29954 13091 24005 34917 6568 19674 11157 38643 19660 22127 9284 31777 24059 3276 15340 10030 23134 4395 7970 25902 262 27505 5741 737 20266 20328 10286 35763 12076 20556 25894 19572 35426 12435 17907 16885 4318 1517 37519 10280 39513 29811 12516 27836 7343 6328 14431 38877 11549 35030 10848 35102 26901 20479 1408 29884 5980 32732 1993 25689 23892 27022 29099 10106 33975 37718 25192 26557 39279 10153 9276 15836 32496 22188 1530 8142 37472 17294 1726 18348 21958 33708 6836 7109 34970 9647 33716 32921 14766 22058 5029 3504 3666 17464 15469 21502 2514 30236 32757 5559 38308 27053 29463 19851 35730 21512 33260 24888 7138 27240 24417 12901 33838 15584 38787 12759 24488 24209 8863 37140 14660 14073 19264 3067 31596 8433 1550 15119 4358 37418 38874 27580 24683 17057 21437 21724 21799 3668 27904 20130 6619 28246 16666 30840 21042 35650 1661 23304 6145 30856 13947 1097 2732 1933 36977 22529 9389 14682 21604 28164 20306 3713 21293 23811 18640 7422 20259 3213 29041 19758 27605 4583 18817 7047 11037 36915 31017 26995
10773 35344 26747 27979 9231 7607 34104 36646 1179 12800 3381 31649 37893 11705 33209 3200 683 31969 39256 15541 14458 38975 2675 15854 29262 16271 11047 31905 22054 3374 18359 14860 15532 28868 14460 4065 22882 36638 20660 12565 32549 28188 33146 29446 19443 21019 26263 27127 36272 24821 27193 35172 13832 12796 39248 7854 27407 23427 4879 7445 2033 13853 7427 25895 17339 28818 24924 29261 20151 23758 8215 25911 28090 26224 36952 29269 13830 24798 25404 15370 5252 20459 14875 32918 25896 5816 23255 16112 2880 29589 27938 18245 32039 18248 10479 17195 25019 31164 4996 34532 25304 5229 9257 580 24218 8620 2396 32534 33549 17362 25567 18769 37096 39853 30372 20407 4200 27729 16074 18828 28981 36385 35379 6459 23879 20781 2931 3174 38203 7996 3483 35259 4374 32293 14518 24419 14307 18373 30008 976 13296 8313 22329 16102 9142 21140 28802 7147 12018 7801 27927 27802 20969 32331 6494 24061 10387 34487 24213 18641 38711 2519 3888 36114 1438 2460 6921 9408 20675 23398 12695 6868 5465 15243 27675 39009 13098 24276 23937 34360 13862 32110 30818 37101 9784 978 30306 11245 8562 33835 15827 500 20530 17358 10039 3272 3942 10718 34183 17477
28719 3292 3436 36934 37626 11090 28599 18106 34376 8187 38021 16790 27344 6487 34695 16920 12134 27214 5652 1855 16397 19692 8223 37316 8036 33073 4564 31041 21928 3782 28633 27711 15173 25551 31443 2487 39511 17301 14870 2027 35048 25658 3792 15799 18069 15986 38695 1703 22497 37220 28841 35986 13021 30774 33852 7681 31521 31008 6570 20034 6234 34388 11357 20326 8372 24792 9827 7644 34429 8837 39402 27528 33738 21459 10546 7508 30132 31746 34384 2966 21375 795 24845 39168 3312 22920 2256 36245 22571 22499 37761 11990 9608 17475 21301 16174 2653 4820 18199 10002 12366 18136 36481 6016 9036 19792 20815 1109 11863 24761 29092 28083 32626 11294 9225 38192 20103 21151 26462 1434 36992 4671 7799 28138 33853 2491 20341 14063 21237 6323 17725 35186 20620 11906 26476 14640 28736 4314 33443 39640 5143 29288 13449 8616 33138 3301 114 34144 25142 36912 10994 17837 9458 35466 29389 17179 15470 23551 33566 24989 1075 10847 34871 33307 35008 25111 4181 3248 30062 28533 10787 37407 11354 37185 3596 20153 39213 8655 12376 8532 9195 14057 6467 923 3433 2192 12606 12622 38304 20107 36468 1015 13967 8795 20605 24851 11101 33148 160 23646
20168 12277 21083 30883 12639 24692 14183 5117 4769 27823 32615 16952 982 12054 32354 23015 17429 21816 18732 30089 27821 31294 20731 22884 19587 6941 6866 22347 8890 39404 16916 8306 23294 38234 30007 16084 17547 14402 6434 17518 10234 2938 19926 8635 18859 13303 30686 20916 32376 14649 39487 37584 8881 38415 20688 32301 20907 17395 3387 17222 32154 2661 4026 2594 815 7206 10720 21175 4125 15820 19716 35202 33058 2754 19331 13407 34720 19106 13601 1657 25200 38437 11052 7055 34181 31988 16475 28569 3605 3896 23002 21361 11867 30712 37760 4392 37508 34087 28448 12866 28504 14679 31587 27224 39130 24723 36826 17714 26472 9433 36033 32543 24409 33465 38839 14146 720 30451 26862 11371 388 23817 20555 17133 24568 26063 1344 17191 12345 26205 31775 17411 699 1832 19372 31185 30734 29013 15613 13758 22040 17154 26604 37606 13775 34131 7007 18258 34367 36439 3781 17083 2611 19548 34681 18958 25783 1113 3721 9736 37398 15000 8703 19922 30215 30405 27903 21942 29751 28339 11832 15896 17370 35221 8729 18888 33619 2688 29965 30090 9715 29315 23929 9518 1294 8673 29852 864 18424 504 3454 6896 34797 34353 15628 15314 39771 37430 20279 25790
23654 7682 784 14768 27676 21680 35880 13817 3364 9820 16592 32666 3936 4696 11102 13428 25296 26146 5436 29386 27670 6021 9170 6579 17054 23761 7115 27254 30105 34311 26051 36254 39927 101 28416 878 24993 18239 39286 37791 8368 36328 22130 36447 394 1165 31179 6918 6824 19676 4186 16655 19065 30655 12423 3025 23841 24044 37916 21495 1330 28774 12081 13020 3045 22002 22236 7289 11893 25174 14910 20405 19061 25187 1280 39285 18522 36950 24319 35138 8694 27050 21452 25314 75 5438 446 1627 12279 21825 22270 8509 23139 16959 11975 14811 29668 11197 13328 4175 25799 27315 17209 32092 13786 27255 302 25242 6818 16872 14329 7498 38324 3331 33255 18839 34307 26816 903 22136 38375 11816 31280 39761 11692 14645 38581 17729 20157 19925 29579 4391 2197 18456 21250 7692 36490 13757 38002 32889 10907 28492 17403 10304 10947 18922 3775 27754 39876 5520 11504 4319 24021 3525 31800 6352 12857 6729 25648 10073 8931 454 8334 32868 2087 28153 21239 13670 39704 5383 14316 4776 23089 21852 30171 33352 35680 24563 33486 37636 2909 9548 7840 5048 5961 10174 19278 32758 20052 29190 5801 14720 12942 16887 30978 11632 22022 22479 6602 36359
9443 22911 6071 33973 27383 31550 36505 12567 39339 26410 2647 33406 4270 37672 2582 25641 16404 39224 7397 15042 8547 6314 39454 21174 5607 23008 12183 12699 10526 36218 4428 26129 8949 2393 30997 825 10411 38496 14060 8714 11836 20844 11469 15189 19330 16387 32253 30783 39081 16379 32575 9578 20132 13788 3269 17166 20050 15458 25936 15508 39133 1295 31253 23176 21581 14932 20214 33949 18364 36238 28184 835 22077 15851 33473 15367 1932 20809 13188 18771 26853 16079 34982 21540 35437 21280 4279 4466 7880 12561 39473 39004 33845 27302 38297 16449 28250 36492 26542 16586 25979 4107 11388 24710 16919 27004 36419 14192 5435 34066 6097 38903 22495 35363 12946 9898 2036 14653 19283 23284 21566 18457 32254 19671 484 37397 34916 25451 16859 36816 22705 9542 32689 29270 5788 34282 34272 11650 34185 33315 39097 6728 20607 7652 20395 39974 32012 22566 36705 17676 14438 5289 32635 7366 9981 21387 30431 5689 1849 33016 17421 38543 34486 32661 13040 6691 6440 5526 23868 34215 16554 31534 10601 38512 7496 15316 1440 11508 31733 37847 4833 35141 27381 27431 5700 3977 34946 29528 33186 39127 32439 17887 12392 23825 15771 6880 27807 31788 33790 2372
8573 15479 38463 320 38053 32517 37928 2070 25834 22752 17071 39920 12029 5104 11019 25274 21392 37687 5414 37215 10867 33516 28863 25178 19164 21788 37368 28805 27375 2796 23598 28147 35647 27585 36365 7423 9030 26014 25423 14409 34889 3521 12340 10075 31654 8680 2326 10906 1556 2576 32078 16737 32193 37329 3966 32348 33000 19218 7735 21576 9874 29497 17401 10863 38755 21876 21651 13045 16060 5393 11672 38054 1244 5917 16451 29606 28634 11916 25547 27166 25992 39456 25168 5459 30707 37569 32459 33934 16715 31334 20333 20626 22133 6801 7130 35948 27352 14394 37644 1379 22233 25899 9904 36537 6803 26208 19105 11297 3116 33062 4840 17919 23970 35580 30111 3572 17427 17161 5481 54 7201 34415 9679 10062 6100 15241 15875 35146 39246 18649 927 33321 31274 7483 28710 37834 600 19418 23622 10624 20277 23474 11068 38031 39928 19380 14357 13720 14494 14391 32257 3120 34394 1262 38904 8228 1971 34426 34942 15422 34180 31566 29297 10335 17150 36786 14009 10059 13165 23658 22178 5577 300 9374 6308 31599 456 13271 27484 20667 4801 27042 21069 38665 34146 35140 23639 30201 8698 14270 1102 9363 38025 26430 26653 4762 39967 3939 28980 34789
37223 35852 30162 18458 38094 15542 25031 5313 10703 1355 36595 9026 32845 33094 27502 24720 18426 39930 28237 31769 32016 10580 31529 31841 37533 8287 9471 163 26243 32223 22271 27530 8415 11073 14873 29195 2686 11595 17852 19691 12170 37722 4477 13880 5080 3210 17951 26517 29363 2191 27350 11935 32219 10275 1433 19533 33131 9870 21763 27435 32985 6540 12724 21803 9564 258 38647 14162 25450 36566 32959 22851 1954 2177 18910 17079 4058 23488 23522 14148 37757 5348 37483 25148 27023 4055 23366 10668 15545 36194 31857 21091 31270 31392 30051 30596 24069 30613 25218 21206 30479 30114 11411 7950 30725 29245 22910 35844 17692 37342 15616 39596 30652 32525 13073 9220 27896 2066 10162 1034 16639 6963 27364 11226 5385 21897 27546 31510 16296 31318 29187 39779 21949 29597 32789 38619 6456 31917 605 6756 9259 12539 18977 20838 27948 14903 6411 31849 5015 6534 15709 31161 3094 36461 19011 39071 9375 4380 10238 1940 19707 23604 2556 31547 23975 19257 30998 9882 9064 3099 25471 11613 5485 33008 23067 29011 39111 13562 8180 28873 12555 34076 20977 18720 14084 20152 25173 31607 31358 37002 12164 35224 29753 12853 20894 2981 11774 21048 35685 8722
27699 32044 14456 31883 37882 34055 1239 14708 11340 21177 38150 36180 17169 19735 8853 35950 6065 6168 28834 21966 20502 20423 6910 10655 20315 16600 27842 12127 9483 1233 10818 26617 22732 7708 16053 18589 24359 10061 22867 4448 6909 26790 39990 18278 22990 32169 18423 28235 29239 21028 29667 12999 29483 39877 15537 900 36964 16502 34170 37452 39418 21541 12980 35182 12358 37918 36540 12879 12182 16165 24788 24107 32447 32518 21634 33886 37354 36424 11725 10998 6108 29915 4347 21394 14797 4830 10372 1794 38683 34705 28334 24699 25764 1309 20971 324 35152 15146 36959 25167 6101 17876 29881 39731 37449 3803 19091 11278 17056 10473 4925 37934 39337 10663 33654 226 7831 5730 38994 26081 29286 2793 7818 21713 23629 15199 27454 26689 25283 33652 5391 37889 36164 25573 5941 34450 39505 5507 35644 13676 26192 36116 29834 36016 38542 31507 9833 32278 11730 30219 4092 10641 14113 37858 22308 32599 38184 7488 30731 33521 10614 22707 5037 13827 29124 13901 3496 19767 28322 1188 19328 23400 23903 10263 8953 10860 17418 34620 33425 34824 24577 7524 13608 37033 33965 32629 38343 9021 19173 18209 13269 19618 22931 16964 23101 6766 4479 12412 32619 29678
8138 21860 928 28838 3688 8022 8877 30294 27329 4122 7888 36765 1876 15783 1306 37524 30512 2923 23814 30385 9083 35205 5779 31166 18972 30561 28071 30382 21546 32665 38976 10800 22628 21241 33999 7142 19303 24222 2980 10999 24334 13602 25079 21154 26156 9189 16124 493 24333 23489 22926 38459 30490 21568 1038 12470 6634 24500 5411 480 234 8487 9905 10338 3551 37836 27065 14400 19800 37622 12377 37141 21170 27056 23726 15044 21973 8983 4465 33729 39058 14129 9553 11506 6984 28709 34985 32701 10535 17290 9872 32953 31077 26386 35501 25357 15805 3761 12644 1081 16942 30455 39323 2133 29509 209 8039 9275 28685 20280 18145 29427 9609 15191 12518 24687 36435 21274 14908 22781 21335 32173 34451 31713 21195 29007 18734 37415 29073 7196 11857 36300 36405 3223 13320 14026 2183 9958 34769 34959 9130 38146 13478 39908 8665 17091 15937 14202 34495 37787 15414 34733 18212 29593 35732 18383 10009 18122 36105 22888 6516 16945 12764 32844 39822 15468 36835 23989 1821 19158 27811 30423 3573 27286 24105 39084 38352 31522 3922 30785 17683 24184 16625 29692 12337 31938 12679 4874 25410 18948 34056 941 408 1424 17616 33106 1240 19812 31246 23302
20001 13133 10032 15495 30878 11169 10763 5167 6674 34048 16909 13483 29097 14923 1270 7540 33456 29350 17263 24711 31953 26221 32215 18844 756 10934 17622 36206 16533 26044 12343 4792 37939 13346 3613 14881 23675 38699 34724 18268 12952 30697 21453 27695 12301 28752 25336 461 39736 29493 23774 28669 6573 33972 27437 38301 39529 1512 37697 8377 37395 12918 13958 539 16723 29437 11968 23507 7165 36548 9681 21409 266 27708 30984 10223 38672 12506 23904 19167 3932 528 14304 34347 38191 17607 3841 3031 11237 39110 31504 15404 37568 17511 20240 59 6346 12308 37693 12043 21738 27536 18668 16821 31606 3299 33512 5404 23776 4717 6316 19695 9335 36241 19760 1918 16664 34583 7544 2014 859 7517 345 27913 3627 18048 4396 9769 16846 3006 36469 35767 10741 2427 37628 9340 15099 35603 29628 7081 30632 38902 34007 18389 32074 17569 2916 2739 9688 31470 26354 36610 17398 29377 31019 3250 34969 9758 37184 17065 15319 28530 3365 26131 15681 32762 20771 39272 29307 15780 2138 11148 28482 17024 19476 15154 33125 6374 29513 27741 25749 23787 29436 1297 6133 15207 39047 4473 37460 32828 30535 1243 24979 22946 3990 12003 23499 4308 24408 10969
33543 2073 35593 32745 21991 34987 38215 16558 12547 25822 1246 10757 6882 33683 34396 35615 25605 12772 16014 27885 26070 23926 39158 19204 2129 1836 23421 37026 20898 18737 13597 13434 11529 22306 20337 9842 15134 20789 34761 34968 24155 21611 38464 31947 3467 23328 5735 24022 17402 29651 21893 25281 31339 28647 37648 30555 4944 11142 14731 2557 31426 31976 7260 33178 14198 7500 7780 29447 2305 35084 11587 16805 545 28123 14014 33542 7769 24736 12720 23900 12382 5845 31229 8421 29364 7163 22119 68 24384 25201 890 23490 2515 39582 4722 35982 17998 23354 16911 15081 13993 36349 25169 21988 33458 22552 22411 10525 22404 36056 8516 30513 12379 35386 28972 18071 33244 10080 13359 5549 26149 3591 15667 21002 17465 38844 23712 20436 8660 4183 37651 17138 33696 33843 8793 37262 24809 17792 2711 11039 14193 16971 35659 1981 28244 35641 9334 2573 39052 3062 1281 27423 18409 21810 37927 24593 11319 18727 20456 32993 24620 11137 775 17489 3563 17933 18529 38916 11078 3918 30714 21078 29993 7162 36438 35519 8663 14336 7807 30797 22051 30074 16122 22666 6291 30953 622 24542 38813 35723 26639 3609 18773 232 4916 38936 17272 26054 19313 32559
1457 29801 38843 36197 37700 5282 39943 7639 967 30900 39134 28835 36930 39620 14488 6188 5981 25493 39333 11412 22487 4850 35691 2513 36662 3814 27084 26713 30639 25295 32198 33664 19363 30190 7897 10965 14102 4641 7967 7545 13182 1476 34191 2103 37679 23549 1234 9994 33673 28381 25176 22660 38009 12227 23493 24282 35461 16239 11956 18841 39896 20209 27281 6099 26536 19698 31360 6620 26953 5424 5128 20658 19679 24309 20343 16345 8008 32089 13995 17076 8107 31602 27609 8966 26178 4794 37193 23040 24053 21754 16279 36928 4213 30406 16927 22401 29524 5378 29782 32284 4199 33391 20557 24158 13509 15373 4316 33539 15785 28696 1902 288 2380 38516 14177 10489 21389 23444 31940 1944 4301 7254 11451 14671 11120 4253 16703 25754 4831 4003 28288 14413 8982 33164 31497 21290 10004 4135 12356 10616 34809 20303 23672 13473 31554 17445 16421 17049 14863 18696 3995 26454 23208 21388 17667 24641 38425 29101 32847 3151 31005 17287 27399 35124 9175 24560 39575 16933 13581 29419 29560 5215 13203 4765 15387 23422 2542 35452 28204 21847 14535 13808 25745 3064 7777 25509 3222 39864 34779 10261 20753 37380 22756 32088 34357 31289 29014 34907 22145 15604
6060 217 21761 6383 7270 7805 13168 30951 5683 35549 30221 8677 8384 22977 20650 5079 8289 38770 8135 37881 32832 27584 26384 39291 9382 2858 22066 12181 7944 17354 31368 38065 38669 37617 28629 30364 2306 35550 18054 19604 14053 27936 35248 11167 5628 16783 11668 21000 32767 24450 18717 22722 18602 5065 18757 2682 23239 5513 20987 17744 7848 3763 17193 23310 14866 2750 36576 325 9705 14091 36897 12135 16649 20982 34358 27455 26394 17601 29271 16765 39270 2148 8633 2309 21826 17196 4553 27267 2737 12642 3630 12616 19143 35676 15103 25933 37634 1868 957 1816 22996 26488 28602 29558 33200 1180 17571 28300 37133 2478 6165 8928 4497 24590 24249 38666 39394 37546 15320 15381 20183 30504 30150 7370 7786 23673 12106 15819 33472 21400 26122 3717 18592 34290 31217 2219 22333 28187 13556 20429 7314 2390 24984 9282 21137 28716 38589 13804 15748 364 13196 33873 28255 29351 2863 19834 10342 26802 15999 26589 20056 39501 3520 22775 30107 5854 14575 33336 10843 8535 17649 27870 29984 26829 3872 21859 25596 8198 36138 5556 27348 23016 37830 28439 19607 32003 6704 8254 11360 24374 3011 19351 29126 26636 31212 3016 15701 11708 32055 10815
4184 11991 18782 25060 10682 24543 4508 28039 4014 15223 1399 2523 35342 24198 30205 39312 18070 23282 22045 33870 31415 14321 26272 32437 32858 13069 22794 18659 10527 9264 17780 15158 5528 25851 26047 26448 11721 23809 16976 13518 34690 16863 15605 30175 902 5021 7290 10566 8243 28484 21771 32103 9495 12115 36321 2619 17521 4456 28105 38424 28519 983 37972 20528 31151 22675 9352 34380 26229 21963 28101 20335 26499 34875 39430 38884 31635 31794 10621 13440 18876 11577 13770 27763 31260 30907 12509 3127 6114 8808 17244 30924 3402 22724 37211 16640 9194 15670 10582 8922 7502 22646 38628 1948 34148 5362 28088 980 31332 4492 26686 2708 4127 23411 18723 18042 7110 10444 26641 21792 11838 26531 8463 38090 10001 28897 34914 18966 39900 4393 21519 2124 30275 19608 27756 19157 1889 5093 35300 3071 905 22335 37553 30014 15580 23165 26825 39674 27438 11441 20999 7309 9254 5208 22951 29051 33234 20460 26813 37103 28471 36068 34949 1739 38392 9145 299 36726 7514 25676 22806 23042 12610 35712 34686 37097 14368 27736 23977 7966 39657 12322 33173 21726 22470 21368 11210 20750 2430 14383 173 4281 11008 27116 16058 7294 11472 12754 34435 9509
30163 3514 8185 7454 36059 35564 13246 2181 26720 27190 3501 35671 36938 28932 17937 27669 35895 28062 27497 33881 18384 30156 13835 452 21721 28393 16888 34428 1051 31593 1956 9759 12015 18627 9722 12424 21621 3147 35412 17508 5268 9292 28754 38914 9917 4702 10609 12180 16250 32312 29958 39457 17506 39622 5482 5427 1866 26895 32329 39174 17860 37250 30599 21822 1251 26050 19987 763 19984 26916 20097 14150 30791 11646 26137 3611 4676 5831 4936 12867 10113 15686 3361 29046 9450 1365 37280 6943 10858 11487 17391 14666 23403 36285 16465 12636 5809 10840 20122 16147 19531 20202 117 29699 9624 17307 19362 3515 25651 38653 5772 36518 21701 16118 1375 31184 9726 16752 13705 15280 52 27902 16469 33347 15068 19398 21609 12055 31734 13908 30456 24035 34025 36880 20681 26370 19386 27173 37491 24497 22252 8225 15352 21596 22156 22835 38353 8537 11091 26526 17235 25722 7413 37781 37285 22356 20435 37816 9090 32443 1634 30429 28783 11715 2419 34099 10432 5101 12197 1201 23118 19429 20610 36777 36292 25235 1253 30687 38388 39581 25741 24857 32811 2776 29404 32808 6575 7020 16173 4637 2528 3029 32087 1185 9206 31527 3985 6752 6339 21563
28639 31708 17645 29475 26207 38986 6485 15958 27944 2395 32952 12110 7862 24422 3962 23447 13989 20962 14511 10141 26547 6950 27030 26585 13238 23624 29923 24421 12259 37496 8664 34211 34524 20088 10413 25809 34257 13479 15830 37299 33197 7291 39601 17592 14596 30081 39023 10723 19081 7873 16747 36314 11187 10451 36027 4021 25599 16657 21955 30804 19887 36118 3825 16462 36613 18626 12855 38189 35931 14933 6198 27078 22291 8066 25827 15003 21642 975 37178 11367 27320 36893 22162 21031 39193 34065 22591 2560 2995 39377 1637 18852 13806 21930 705 35290 17121 35803 36388 32388 20787 29149 17728 30496 7978 34047 3221 22318 22622 4245 12445 831 24613 38321 28700 10659 11963 28998 36172 38164 15339 29022 33733 4425 1931 15881 23113 30678 21961 10651 28145 31020 7800 16444 37186 28201 31386 1216 22310 32542 35262 37797 12625 20782 27155 34867 35065 10376 9291 33160 27408 14176 17874 17420 15685 12737 36652 9601 24148 16428 23248 27492 23137 23437 12146 31095 22460 1730 31254 8775 30573 37570 26655 7143 28227 30877 35898 16000 2924 19103 24185 32133 38386 27668 36214 33495 1335 10129 28921 19128 2407 21456 11384 36901 2307 31949 28748 12717 18105 34505
4159 14364 3631 35092 9089 18394 32435 17921 17768 17188 35557 23144 18666 8409 23764 24694 15346 38444 5962 28348 16956 19104 14051 27893 13816 18093 4197 2220 29714 26967 18629 10103 5811 31890 26746 36637 9307 449 4625 19569 29844 26218 5717 17439 38223 3420 13277 960 12383 25946 16218 17323 2997 22417 16905 14725 34812 7798 17663 987 28574 6393 10660 33536 20027 9213 32060 31382 1561 6436 39046 26083 28245 4121 38846 1884 39654 20597 13251 5316 253 31472 13834 9884 32128 26524 11224 29235 35401 24067 7804 26569 33344 7696 16123 14282 19828 37618 36389 5153 27539 19468 32029 9010 15269 12850 38967 8186 37348 29770 22451 5269 26411 27012 12928 26803 13129 15347 39660 37082 7896 21719 24764 32609 32825 23704 716 21894 24093 33126 5990 18215 25814 6759 3155 15076 17843 10806 1342 33384 14215 39915 25831 12995 38829 38743 36485 29843 18835 19255 4856 15230 1087 16062 37369 27440 13260 339 28444 2815 9336 29259 24640 33985 36796 16751 27797 15620 14801 20149 25413 20641 4647 16435 35521 23901 10251 13374 38753 32674 21705 3549 814 32068 4195 30076 1831 36395 2476 15640 34020 32266 20994 22247 28943 13426 9794 33615 22380 23431
39858 35271 36686 21059 21884 37448 33195 12163 10221 29850 29531 39486 6520 18673 11989 15015 22511 17227 5582 36463 6189 27617 6819 15673 28340 9859 703 25660 32794 18700 14975 4846 2270 24886 16416 24143 9051 20455 39385 15509 29738 238 38933 7000 13017 20160 2086 26609 31611 39874 33284 13436 5192 30169 18178 23478 19337 34320 38791 26738 29059 24840 33044 31235 20193 26576 10854 27525 37364 20309 36094 19860 21238 9920 35667 12420 27889 1894 32600 16012 31537 27000 34910 1829 9469 35660 12579 9087 4656 12380 14369 38335 29466 22739 33142 17397 22238 31687 5662 32890 33029 3397 9709 26006 39534 3948 23275 15106 9494 21165 38136 38358 11242 33530 12839 32461 28651 29409 30333 23036 11901 680 6037 36875 19711 35265 6693 2459 26550 30092 25388 2887 34299 38870 28468 20113 260 10016 21889 951 3919 26057 5552 35532 16410 17129 16336 7365 36312 7016 39929 192 12267 4547 17407 35015 24716 9059 9901 39409 38559 25521 6615 13729 27465 3820 21255 21796 25842 33182 30815 27824 20913 15496 19094 47 13293 34747 26187 13400 16180 17458 1578 15675 35938 7813 17900 8801 18591 33662 32477 11628 30761 5878 29064 214 4979 7087 34329 23268
24201 9963 39724 17791 13093 3118 8330 17595 488 16515 19142 5214 30234 2199 1903 18872 33298 9055 603 23456 2940 32738 22368 8128 18476 11846 24899 360 22082 26905 37471 19107 29548 32098 22857 26029 8536 26110 22761 29518 38099 39907 23703 8971 39829 16869 3615 13752 3256 16266 28565 29626 27988 38553 23393 8195 30965 16986 9813 9032 11966 12223 27334 24787 19339 24677 23442 10423 14118 35970 14786 33518 884 26465 36766 28836 13513 11584 36264 13121 34200 24235 7613 24291 1402 8109 4475 35174 14896 24128 26649 4434 35813 8178 8222 31784 18799 13763 39152 34034 9936 7505 7407 19310 14330 33479 4653 21256 30569 25465 29264 30517 34151 18337 16399 18400 4028 11845 2593 5800 174 35997 29238 24860 15578 12747 20954 6805 32569 24467 12871 12496 1356 30422 18211 5049 35093 9545 17904 6845 21105 11777 5952 12484 14472 26358 17832 16636 39209 12431 24370 17670 27058 20362 5095 27268 3733 8921 7651 10152 587 25967 29700 30899 14037 12535 17499 18236 12350 1538 38393 3203 3390 21805 18975 24478 2273 32172 22484 11926 32190 13725 36572 6973 31549 31819 29863 36554 14651 26295 25512 1329 26141 35127 33023 22473 3001 38792 28600 14594
13588 38623 16629 20707 30788 18434 14485 35374 36717 30362 29076 6073 21903 15758 35369 19603 35811 36445 14599 33110 37332 28837 16241 13829 11359 36132 4202 4826 27603 35281 6920 34894 26692 32124 26209 2943 35037 1464 24648 2958 30759 7846 21733 9315 15781 5142 30226 31557 7373 34932 3125 25674 10612 1282 33468 27937 2778 26316 31010 3586 21886 30527 443 32910 7049 34997 39525 34140 9164 20428 4485 15845 23429 30398 14227 22980 20243 18027 8623 14705 17920 35947 35809 4568 26087 24347 28986 2007 527 18140 22295 7205 19426 9412 16033 18074 32798 24565 606 39889 35884 25944 25904 30467 27832 8411 33204 13181 25132 986 31409 31725 10554 32781 4189 8308 21427 15123 27923 16578 20493 25563 24755 28880 4921 35881 16426 29603 13977 4736 4366 19981 15802 18740 3983 20732 21561 690 663 1758 36999 13275 19891 17624 24703 3836 38485 34553 26219 17045 25862 31832 22157 31671 20989 10919 38038 8910 16104 27422 21921 25986 24439 936 24039 16221 36152 4384 17840 29800 9422 25847 19384 29378 21071 33323 9121 21900 9508 23788 31594 6372 6495 18186 38296 4233 10036 15248 20679 19942 27264 29698 23559 1267 2335 36533 29131 33368 34086 4386
33529 5987 27092 22708 7085 32262 35930 35082 2040 39776 33322 18159 26835 29803 26567 32907 4482 292 6563 2498 28118 39390 25244 23251 20212 8979 17002 32584 35861 29398 39573 45 21153 38582 11520 15225 34206 29285 35694 27365 12225 23950 4835 30726 36592 30060 10845 31373 12446 26439 26418 32162 14928 751 29444 21216 37638 11717 13785 34658 8806 29542 38144 34699 12085 16358 12417 22866 15079 15473 31573 29592 509 19545 37819 33059 26840 2285 22658 35331 23077 25914 38833 8856 28524 37367 36139 1537 16682 38675 6197 15829 5892 31335 993 12854 23277 36208 39557 8062 37127 904 27571 13157 38187 9996 16989 30531 704 19881 17277 33821 38546 4599 35432 20176 19185 33355 19861 32514 17463 32657 18690 34229 27309 25053 34039 6867 20761 31555 34973 19358 30974 25439 2276 20254 19220 590 25385 22076 11789 30520 39126 12119 39118 29165 22317 35455 24362 29855 294 35109 6132 34856 11815 14314 38786 2247 18694 14463 38057 23663 34861 4742 21946 24000 22118 5822 5133 26822 12898 31349 15240 779 29416 36956 6583 37734 12482 21364 5102 13696 9120 15569 25105 10824 18284 24251 1768 13147 30083 10457 38257 18172 27834 22849 18951 22437 1624 20498
29611 21939 17214 37504 4179 36531 15121 22715 26450 14993 26225 23188 35845 33190 32940 21265 22963 20646 22047 7901 27601 27649 39503 10585 30636 19436 37993 7459 22201 2261 8303 26274 14727 11693 37371 13389 11013 31028 12425 8583 15876 29587 18109 7222 30607 37323 32887 9416 24310 23589 285 20323 14166 21813 1390 34996 18349 28934 22049 5824 20144 14874 6223 20582 31965 9417 27968 34379 35555 448 37848 28163 1720 19796 29921 10383 33129 26694 29486 20904 557 36695 10992 38270 6187 12598 9787 25400 26951 34453 33427 2233 12324 2511 10398 22790 31619 16628 22801 30121 27419 5972 22175 10590 8349 28785 7404 6077 35878 33831 7685 29746 26437 39280 11897 37543 13814 16107 28076 30722 29317 31711 17452 20856 30519 35208 551 69 10384 18089 24896 2374 27332 38588 25055 3516 19876 2592 21381 25461 3548 6593 29732 5996 19352 6692 24606 155 28169 37988 12785 36012 25633 20861 23151 39431 33681 34001 13047 25229 30098 9277 15519 9329 18790 10272 23822 26269 24910 27612 14895 30744 6823 3389 25402 10130 478 8074 38398 8457 11972 334 16191 20499 18084 28295 11475 14022 8297 28401 1458 20165 3216 23689 4115 8025 684 19203 5474 2760
21652 23934 1050 2835 34303 35411 10084 30408 21632 2825 20964 34000 23752 3789 31718 10010 20800 36341 15573 23939 20822 9247 33469 21530 31693 13911 22215 23112 12550 16083 21971 39232 28342 39583 11663 38550 28276 34031 12107 1710 18794 14499 3569 13688 11252 39636 8296 8553 14790 7465 28551 16509 21753 8038 14965 38316 37372 11691 10587 32381 371 12351 3334 29172 14574 10165 20076 39645 38306 37192 37175 30656 33862 2660 27131 1096 1888 32463 39884 29473 6160 28635 36882 31456 19481 38567 5099 33981 12312 15308 35383 4933 33412 4223 30012 36980 1808 33943 34627 21328 6591 20242 21325 35699 18534 24306 19951 31242 7293 9186 22243 26929 15539 37555 14674 33598 34485 14784 39721 12891 7740 22414 6389 23142 10973 32878 9385 2696 29752 19774 37743 29912 1751 36844 18040 3519 3716 37029 6163 5601 34764 13879 10150 33649 33012 22351 32015 36738 2857 14587 2833 17703 1827 38439 24791 36516 20307 6232 18788 13292 4145 758 17869 28464 26427 21538 24301 16602 38751 2679 22490 1587 862 27888 39342 10029 8155 165 9641 3714 5764 24161 20664 25264 16331 1429 12347 10069 5707 9288 31109 32716 5055 14122 1584 629 16877 22861 28866 16089
22886 36814 27108 6449 39671 21228 27088 344 35209 24784 1665 15380 18307 18285 27061 3738 7235 12640 18231 4554 21780 35462 39448 1214 25426 30054 11681 27970 21784 25116 14159 30913 34092 3949 32807 26821 20421 25006 12501 1164 32048 21635 31157 29031 4631 15856 26493 24931 1706 24290 21463 24501 16452 10163 16094 20415 547 34169 23721 7699 14684 35672 33561 34542 39522 27159 7149 27153 9532 1724 38484 24011 10697 30366 33968 17225 9526 28820 37998 35164 2610 34518 17778 8160 10948 35591 31636 18247 26834 26502 23108 31842 16116 35298 1369 37081 25853 2065 39812 33719 8716 31804 23075 39527 33713 34145 12125 2516 33075 20422 17716 11884 37338 31691 25140 28688 3946 36409 31722 4960 39659 19807 36751 13494 24872 2116 15760 3633 6789 30296 27958 11994 6053 391 1828 21552 2740 18923 13313 5023 22325 7202 38171 10361 9027 19242 29713 18344 5631 24765 16618 26698 6196 14119 19020 2724 5541 14742 38232 8755 9854 249 32539 12575 20757 31823 28179 18341 3672 17351 11129 27629 19047 8735 27626 17644 27662 16120 39852 9792 30119 31514 6479 8145 29878 17001 12 11331 22227 9947 9527 1061 36224 28214 4276 28126 29435 31882 33025 30386
14793 23628 31053 32213 7975 19510 39666 31478 30795 30666 37522 22346 11618 30928 24929 37663 5372 5291 33667 34308 30097 28021 9531 28690 34865 29641 38285 19101 639 9847 5603 4424 34371 29836 28175 2205 29353 37640 9808 33841 19852 24814 33203 1209 38689 1120 11342 37731 8628 34511 39475 22607 33715 4180 8490 4993 35026 17965 28243 20619 22534 31495 14486 14070 14658 4057 25485 19713 19663 111 29815 2960 22527 886 14711 12896 21225 21965 20797 14220 32777 30478 38494 39627 5300 20018 39149 36147 19766 30926 12384 38873 20666 26993 8315 9063 6252 35066 9790 1652 22454 15791 11387 31700 29662 32568 19198 11366 35791 4571 24124 1487 20758 2167 36674 36135 24133 33885 6262 22550 31486 18980 30279 38202 21332 3745 5245 10354 38125 33167 23524 21378 38530 207 2784 31480 21499 9675 29546 27134 36356 32975 9192 7785 14086 12093 21143 10416 28962 32704 28406 26023 9441 24581 19029 18494 27203 34746 22630 3638 24605 36873 10646 8397 32833 18793 8059 22684 35055 29289 13350 9653 26364 8481 13376 39741 34696 21959 14151 832 9659 19900 28185 11337 39278 36614 37615 32263 11308 37213 3175 11967 1911 34808 32614 13645 6838 20060 32801 11710
10892 6191 37641 1803 24295 7823 15643 8139 10982 28768 25438 36161 38775 11341 17219 27464 5852 18644 29794 27120 870 9746 6551 2581 29979 16160 14241 24286 23078 34918 1235 24299 25002 520 2210 4331 18866 32778 2616 8854 26485 33136 1426 1483 25361 30211 12553 19749 14689 1128 11325 16889 24841 39109 30948 29890 23209 7393 26477 4558 21033 21148 8822 31038 14085 14920 10677 17839 2803 9095 20461 25514 34067 25008 24098 39369 14824 19864 30305 4952 12537 12344 2530 5687 33085 20033 5785 37516 15596 19438 16902 37724 11180 22642 3602 11851 26257 29854 21363 12072 16254 13536 6592 6341 1612 30336 15564 1009 33325 22720 2962 29033 1196 19335 34751 3214 24097 1704 9435 507 20062 3827 2446 3727 15342 11895 4785 18134 23097 1374 27337 33500 164 32360 25161 22112 818 14562 33087 23 2717 26558 21770 6638 36732 30310 18103 13678 30547 14079 30414 6681 8121 11796 32714 7911 24340 14670 32634 10187 16196 33457 12544 1308 15445 35273 32407 8976 12411 3395 19719 18990 16321 37135 15887 11781 35250 21797 1049 7274 36401 7244 20573 10524 11775 11323 20197 22268 32854 9122 27377 39121 4211 36730 626 23475 8861 14700 7376 20203
21607 7025 18489 148 30671 3376 17318 17 25578 14844 5243 19008 6915 28351 10389 35126 33115 25380 6421 36179 39188 37257 30193 26859 19391 37194 5172 33447 13815 2792 20403 9215 1498 27333 15740 20126 10222 18325 7141 29027 4419 8753 6846 16192 4837 13843 28991 38416 6903 13223 24739 5398 9897 24445 3618 37366 9448 27099 32455 4146 12611 28313 7935 4787 7618 17696 29312 24132 11512 27597 10991 25888 39570 35559 28392 8505 27837 20268 21689 30024 38295 9867 35042 1303 16103 28014 14732 34912 13521 35820 17842 781 15183 24302 26914 39885 14834 4756 9044 26152 8756 1217 25685 6112 27534 311 20540 8134 24178 9699 23637 30853 28749 38092 14519 27547 127 2915 26332 10291 30447 6624 16037 25549 29639 2748 28483 31747 20615 13660 12740 33947 39208 9370 6706 32235 35801 25221 39873 34632 7793 14343 31625 32708 24681 4292 4731 26620 26735 28581 27175 19972 37201 26478 36163 34618 9519 13228 39968 26894 10575 3231 33065 23911 26848 38611 39408 32499 18343 20965 24690 21504 2745 16184 21053 21938 18144 32444 20801 4173 38384 18196 39980 5521 26586 2272 38173 16709 6507 31202 37170 2052 24925 15859 9962 27933 17719 35587 9961 31503
5110 39222 22245 18962 29257 14938 35916 16912 37580 3128 33171 39972 36700 1449 2831 32702 9096 9499 6072 16921 29829 26851 27428 27303 9510 31110 14949 23936 27650 27848 30673 28396 33020 6254 30503 4341 25524 20961 20318 34346 24088 38953 30147 22395 33816 6701 37794 4029 12314 8196 30743 18049 33697 25133 16194 9210 6148 9349 32125 6044 11420 19708 3941 22361 13557 30591 24350 15220 29335 2823 6008 25692 35421 6126 8859 32104 33098 20915 36990 31910 34679 39747 12786 10613 18533 16939 15655 22364 35520 15141 26159 5005 7794 5284 22812 31871 3264 1760 32097 5144 12745 31701 5186 11208 5464 8398 12252 4956 3881 33408 35952 14936 29762 9069 19742 11165 8844 11223 19425 5418 21906 37080 4605 9717 10898 19389 22431 25854 30824 35749 39237 17295 10559 30427 24429 15029 2712 31247 21414 37429 34964 37866 29974 4230 877 9081 35308 604 37598 16875 18270 963 912 12825 3583 20645 39055 29365 34595 4388 34248 3475 35775 37059 37159 38565 14124 14078 1676 39469 26512 20819 28543 26927 19294 10576 15483 3850 18110 34947 36319 24101 31286 11404 10076 22115 25709 26922 25704 17059 11449 18413 18936 11516 5160 35028 22366 20549 13415 4679
4971 1493 8209 25612 34397 13486 4363 16828 7036 12802 18087 38812 6460 18715 8205 3458 37218 15800 23353 28900 37468 39819 2467 30450 11661 11655 29931 30102 1815 9723 20005 25802 10377 16931 19809 17847 25119 9447 7091 24259 26393 35932 18230 36855 14533 18986 7511 5720 4668 38012 12393 15332 36351 7104 21627 4880 38974 33273 745 12404 17775 31683 29503 17072 20369 14370 16327 29920 17638 3399 11116 17760 2448 36750 1445 33170 3845 24019 33356 12778 34494 11122 28226 4205 27543 38303 39579 33454 9556 16146 8318 32299 12202 4886 31966 37909 3108 33292 2442 36823 32812 18996 24257 15997 14734 8077 23730 24289 16633 28273 25403 36234 15114 15110 11711 8667 36973 19620 6648 1199 27595 35903 30654 5782 19826 30760 17797 28944 28478 8905 2260 28852 15254 37388 25620 19217 25623 38610 11259 6650 30553 27118 26075 15490 31364 13692 20093 22942 27622 23554 9359 11660 27299 27594 13904 33980 11327 3982 31232 19553 10766 36552 22474 19317 31563 22024 13920 2394 10066 19098 3135 38910 35078 12142 38248 24372 12241 22297 27137 11041 29635 18542 1846 35193 16610 28503 27403 26096 1168 18945 19924 15824 8420 22681 14384 13384 7172 18450 36375 18729
34842 15126 15206 31836 12694 25830 13337 20398 3418 19450 36847 14676 23918 11364 6654 27474 14196 7086 38390 36881 26662 39772 27568 8946 7097 39453 22579 37779 36800 19825 38302 27390 25285 26429 9818 38462 2473 3729 26657 34689 23046 10306 10202 28327 13884 33884 22019 26002 6225 16322 15998 2715 30522 8012 19636 10496 15977 16874 33305 1834 26479 31215 23638 27321 15033 27183 32946 18968 38473 32557 5242 26317 10495 2243 34176 7965 23279 96 34010 33915 1293 34758 39273 20363 31826 36628 16023 3914 15489 409 33605 24883 21423 16314 29631 7074 36991 28397 31634 38561 6366 5447 34598 28263 10944 27347 13906 24902 28108 429 38024 20283 21099 19976 31377 4821 19738 23584 20719 1398 16151 33706 39300 20360 31681 7034 12234 28488 19648 23269 8529 14424 1941 22330 25486 28017 3542 6738 12662 23915 20704 31783 4432 32334 17265 37750 1733 34943 36191 7310 14685 5641 12790 27623 65 28418 5827 1842 13607 26520 212 27722 37510 3184 9239 37793 22663 24986 3889 8251 1261 11219 5859 8763 34838 10330 19274 6663 25606 7802 11556 23820 9777 5888 15111 26406 1677 19231 24123 15884 10744 24527 97 19256 34951 21625 28285 6432 37456 19538
11734 29138 10943 24674 3874 25613 38402 23605 39159 14945 36085 13896 4997 30057 4557 39801 9612 25258 6899 21702 15989 14041 21518 22025 23895 638 36155 20649 26666 11156 11873 10577 15840 2166 19628 4579 38798 11265 18254 9249 19961 15232 6886 20967 558 23225 19776 8813 7707 5211 31206 37394 7140 4603 29584 32651 9696 28824 12706 19905 12220 7339 11066 11656 4757 24672 33824 3784 5017 22220 26928 8164 38649 39909 34788 31926 17253 19518 25602 2862 38431 8807 28399 38866 24978 22734 33402 35063 8447 15960 13797 27548 29777 21710 38981 20763 18797 4586 21569 32937 12306 13637 631 34957 31351 35980 17140 24514 6888 39466 2091 34978 1470 34531 22844 13386 38381 17789 27136 1098 17711 29192 24834 10007 7191 8158 8016 38729 30930 27856 22379 5379 20577 806 18305 8401 5655 34787 32593 14071 4884 8055 7778 4012 437 646 7071 34098 14627 6398 5760 3947 19892 10245 8630 9397 38805 10230 26857 37273 39363 3180 5618 31951 24182 32943 38412 11466 38954 30267 7108 38212 24609 21192 18998 12368 13476 30434 2605 3232 17579 9807 32765 6146 18714 29065 14496 25714 38373 16043 6300 397 24274 19214 22852 18557 10205 17333 20618 21867
37983 34296 26329 6089 27690 33224 29686 6585 29888 36837 11535 2316 33907 17218 30944 20938 35684 22631 37365 4264 33797 29455 31308 13431 9682 18047 21800 30826 37808 33489 9204 10759 26467 22836 24292 33663 10696 25184 29136 33199 8224 14099 18770 18878 31698 12862 24499 25446 5724 36495 4340 15101 31025 5677 5169 34440 26827 5478 7930 19560 24538 25445 2903 13595 11215 28733 15226 28205 13599 6536 36740 22006 15790 39918 5145 37009 17184 5458 26635 17529 34610 14097 24491 16823 19833 37835 33624 33596 4468 7497 2182 1881 11135 22676 2525 24722 13046 17986 3862 9952 11569 2508 26987 38555 8676 11321 35311 33812 13579 3310 10257 12895 27760 3636 34004 34988 32335 15004 3110 28627 36287 39893 15185 24001 10396 7741 4194 6913 30404 16499 7779 6912 14880 25729 36784 6525 14098 16764 12929 6336 20834 32995 28454 37536 30772 25188 24263 21090 18034 5376 33773 28992 888 17176 5297 9676 9047 2664 10785 18796 36259 39707 32361 24325 4206 39043 29057 10903 20381 36841 27297 19675 16068 33338 30276 34719 15853 5274 23425 37155 13163 143 13218 8632 4406 11134 32914 18314 30335 24180 26627 8124 36776 31525 14017 13229 37375 11247 37198 30141
25627 28253 30723 22881 34345 27471 32872 25261 18459 19913 39154 30838 28294 2109 30949 12548 16370 2755 1250 34596 5364 8290 29947 31539 37205 1643 32328 9979 34711 4333 28760 828 4404 29282 16437 2907 31218 3913 35635 13761 10126 7012 7674 10732 11505 3093 7655 10851 19552 12513 32062 21478 4133 34520 5550 34216 5053 11100 11282 33428 9395 5198 15793 8118 7867 19251 19927 33177 31376 33287 30460 7995 30806 3997 19062 39708 18572 11896 19878 27590 33656 26707 13208 25277 37267 21967 37247 25766 38115 16961 18991 27966 6388 13776 939 20358 37467 9863 36762 26704 8522 27916 19216 14280 25384 16995 8115 5120 13739 3111 9621 11934 33801 1688 10536 5389 39420 11067 23085 27033 34260 19327 38726 20174 39308 14195 5587 13728 23132 12884 39146 33758 11559 26561 36885 28977 13480 17881 13950 28027 36355 21527 6718 9303 14976 22237 7261 25813 3639 38376 39405 37494 12295 7519 10175 17764 3445 37863 1746 13822 28577 36121 21038 39262 9091 32819 35299 11648 3907 19696 32722 4353 14703 37850 24077 35351 3971 9977 20037 38684 28325 13522 22765 6420 8267 39026 34174 3743 32267 6218 7841 32327 1108 10356 8192 18288 37359 27872 20996 7733
14954 13499 39993 7052 27627 14986 17553 20410 1430 24718 20108 6557 19762 24992 32109 39277 18445 27130 13012 15796 2659 7663 24247 17231 22400 32292 4998 10068 35143 28538 28637 15193 33836 36833 12200 33492 5449 6090 6331 6277 27946 12007 10476 12973 15962 6081 22276 34406 24433 22205 18251 39014 4356 33078 24994 13016 13555 30059 35404 6084 20625 37373 23796 26872 11942 66 36664 28344 7420 28974 31904 33272 17991 23862 28289 23677 1533 18240 2068 10213 31104 1383 19230 36380 34837 7832 22572 9700 38957 3505 25923 30134 9840 26752 20986 1712 23973 29737 37633 4986 3904 12184 7253 8598 24231 21128 21178 33903 1359 19794 5686 3692 24217 3810 15148 20803 31950 15865 33889 34461 27620 1509 33281 31618 22848 755 21366 14838 26078 9167 18485 36486 31730 21152 36007 8617 27853 20988 28938 11201 24554 5873 31552 36124 5231 28109 16306 11969 10983 6469 38323 2503 15504 29694 19690 18871 29652 19120 23155 8346 2991 25917 24225 1711 12813 29482 1497 39088 39383 7856 22230 20227 13560 36115 34567 161 8894 25418 29660 32529 1208 22966 33749 36217 12303 17025 20217 28430 34064 29292 32479 39673 33628 28819 3462 12603 13145 23600 2843 6708
31055 33541 23727 11835 2674 36584 28905 6353 34120 38706 4690 16391 29790 19424 8056 13227 35978 30187 29221 26652 4048 38377 25007 15237 24969 39559 12991 30737 31809 32602 11276 26105 24171 38889 22737 9812 1215 6954 13005 17414 19580 27205 21157 7129 32597 22384 14715 10169 18060 16214 8819 9596 33285 38579 8798 11462 27551 6967 17118 17437 11939 12673 34739 37557 38137 34201 6502 30449 36688 28211 8300 16427 21070 10392 6309 39356 7767 26064 39901 13876 25497 31745 36636 20690 19181 17410 596 24686 37593 3021 15034 14697 8233 15591 33426 36001 33082 15779 30894 25440 10322 39042 24081 8438 34236 713 4706 11537 29484 37503 3141 10751 22103 6667 6566 9673 7984 1978 12830 21677 39836 4025 13210 3764 35985 3967 17689 36962 34796 19956 31577 13259 34306 30255 18630 37753 14069 3587 1891 667 11050 13604 13558 5103 1864 491 23052 19252 33720 13464 20783 2204 18078 30549 38394 4714 25991 19187 25510 34106 5695 8321 32983 39024 2241 36406 422 37344 33158 21167 25973 18432 6834 31068 401 23691 9463 1699 19699 21046 14158 39638 23470 18498 3974 16139 38977 3007 13846 28542 14655 23740 27432 22696 17322 11542 26362 16386 20642 25276
30897 1576 22349 31040 5806 19573 12257 18226 3979 18091 3411 31808 1858 8508 33625 13176 34468 18306 31406 9670 5164 38124 8855 19194 6517 37166 17749 10314 17769 2136 15139 16376 24846 17606 25017 20714 7450 37264 7232 30207 38010 3588 11065 18952 23843 19160 21422 1598 2617 29640 10870 34526 13909 29248 31302 27631 4412 22267 9588 7985 2518 38809 28234 2366 37351 26733 39542 1588 28723 18645 5775 13665 29090 23161 14100 21960 22697 9143 15472 14572 18453 9972 32784 5445 39942 38749 14643 27172 5002 15715 13257 6904 38123 25859 10928 1801 32467 36366 2304 24529 35955 10232 33308 25898 34846 14512 18350 36185 4266 3224 17082 28658 8693 27865 25950 33439 25213 8603 15528 24075 10065 4040 11225 5309 30018 19907 9989 32688 11855 26740 9770 23873 13120 189 14980 28663 37054 5648 3578 19703 24561 5898 4306 12756 2692 23406 12489 24050 14984 37122 38315 10592 10915 19280 30217 39494 25338 18279 30005 8190 21156 946 19633 1856 36317 16318 18073 18166 1005 27143 18559 15065 21413 35231 3176 1646 33208 32207 21798 34237 11869 20914 23772 24995 22855 15014 8436 20884 5492 3113 18857 28855 14295 39051 24278 38896 19056 25951 31067 32685
35137 4655 25932 24287 35543 10779 36680 29244 15516 33689 38097 26846 39202 19602 28613 27596 15759 26756 19732 15326 4088 28166 35824 8868 8108 30672 31471 24183 7968 33119 16320 37602 19486 37233 23055 4379 39697 7121 30533 28113 35700 13657 12705 4522 38156 35636 37151 31444 10721 27705 19297 1072 33349 12664 17053 9593 35191 13206 18352 2580 18029 39062 11040 22891 21711 17408 11954 35739 27106 4007 4480 3474 440 32431 19417 16170 15717 35570 38253 32164 38119 1492 2432 11416 30809 7412 25657 442 26350 29547 3576 26695 13252 458 34412 8261 22517 1378 36420 30273 12911 32174 6791 27880 601 17210 27041 15907 18643 12437 5978 4519 31956 4926 31469 23286 2479 14579 22661 1725 242 7447 1628 11211 31438 33179 5915 11489 35476 38385 22561 15416 28605 8754 17681 37244 4906 15900 30946 32216 15420 19584 16865 36728 36039 23932 11594 22412 28274 30597 28265 37592 6378 36382 27761 4464 11497 17836 29728 14147 12530 27795 34070 3575 35229 22406 1048 10324 698 25057 19258 38291 16620 5944 36482 11025 22709 19824 15721 17617 8183 21720 2383 35888 29534 10104 23676 17355 27195 9886 30918 87 63 29615 22373 38096 20929 26978 647 36392
23923 15238 20966 35899 30227 21848 20959 37525 17590 38410 13751 5994 28567 18301 17000 17981 498 26981 4091 10429 19613 29997 9221 34611 20925 6594 33005 1985 19849 25208 20137 3664 1883 31797 28848 12505 34026 20210 33275 6754 33175 30689 26518 31022 30789 13616 3278 7467 10403 21554 31868 30538 29893 37585 17658 1396 25562 11938 18116 6851 10553 17662 37068 15208 38965 10370 27259 19630 6514 17292 8945 5884 22362 22953 28095 16847 16700 39899 26955 26353 17482 33676 34537 3019 35710 22742 641 16233 15789 3318 10107 32084 32526 19909 3314 1959 16274 10243 15296 26480 6833 28978 38570 24728 28558 21245 26326 27545 18265 3288 19986 20796 17701 38061 2490 37639 36787 16648 31642 4322 5808 36267 11557 27973 30152 479 2529 20720 17698 9645 11421 17095 30626 9600 33357 20776 692 24119 12321 17320 15945 35463 28816 30718 20232 27887 24215 21807 35646 11213 35827 23197 29722 32604 27323 5834 6639 11625 10091 10193 9528 26994 2301 9025 22506 10654 18803 35450 28678 10698 3085 15362 5548 13178 36819 24087 14323 22701 3289 38476 1117 22547 7177 23839 33842 11088 28801 4282 10597 36988 16794 37898 22137 19191 16020 39931 19869 13714 26986 22894
12593 25180 17936 8962 8435 6724 30986 5958 23986 8402 2045 8886 34439 29125 25840 32768 3499 13035 18685 4462 7387 27270 11286 28910 28398 18638 13569 38992 22714 30730 28315 5020 13508 31402 14002 12878 24771 28666 19768 22580 24574 32973 33551 33741 25662 2475 13831 6952 3539 5578 8718 4158 12441 25724 37214 25363 13823 36051 34015 16679 37690 13110 37771 31999 30334 31230 12998 34318 7928 17550 37137 17368 29823 39613 29197 5006 6747 14420 30934 7073 27298 23374 31322 27932 4913 33196 33960 33940 28423 3658 6313 14286 7827 35662 17412 33639 23153 23073 20170 17817 14257 4075 31985 29992 11499 2985 23914 15577 38830 17201 8263 39455 27263 35324 26138 6315 11328 35261 21857 6326 15991 3407 32506 1169 2955 23866 22760 31770 7988 35727 35360 9123 25495 30137 17615 4152 30350 331 22073 3920 26181 24260 25209 25311 33674 25 14004 16466 8918 21629 2871 18381 31326 18420 12956 11960 3335 38752 29499 6942 26309 32290 2615 34546 23933 24353 22142 16523 38912 6203 808 15765 940 38638 31198 17761 6876 13174 22038 330 36845 39160 11849 24145 33231 18187 19683 38467 31244 10123 15057 17042 32250 3512 36093 22792 153 12586 9183 2757
3039 22740 33228 36685 17472 9523 12030 39450 9549 26460 21385 18676 20426 15071 27052 21737 3357 18978 8051 7665 17316 29458 38596 32093 20647 1992 2355 23031 6649 18686 3285 3003 38591 37203 10471 11573 20680 14618 17100 20921 34927 11346 24375 24486 21841 11199 39870 38621 23881 26451 37400 39807 20662 12808 23358 8791 21313 6993 36230 30195 7961 8967 12469 17280 32533 21875 29879 3069 29774 37361 8294 29756 36691 20448 23215 39470 18581 22670 17165 293 6409 34692 23884 11414 24070 34471 18377 9159 20294 33910 386 4262 36775 21379 25498 29556 21268 37786 26235 8758 28512 27709 6264 5113 14322 23069 9119 18767 34012 11233 9172 4499 4723 17035 20998 29953 9819 25878 3055 23616 19941 4747 34654 5073 2055 31973 13023 8727 128 33829 2999 664 26931 19827 31786 27850 35692 21974 29247 18390 3162 11746 19593 10790 9391 11454 14222 8113 34715 22991 8914 35218 1685 18416 26372 7752 8828 24753 8337 34503 16671 30272 9317 24898 12019 516 9834 2187 15430 11683 8299 29107 29255 15696 24377 35385 25841 39719 26357 12508 18548 11452 37790 38633 3267 23976 34297 17738 3089 245 12014 17173 27341 8305 33823 1922 849 14021 33434 20
2108 15912 10480 24345 10608 61 39752 14204 25922 30623 12554 6113 36137 39491 3503 2348 14526 13490 25632 32628 12113 19953 37477 6322 22921 24980 35786 29868 34707 25865 17574 37164 6320 37923 29299 9572 28052 1242 8499 16514 28159 39406 3620 3910 15222 13344 17845 12600 18642 21443 2347 26943 14396 31553 9752 37668 25375 11461 712 10882 13056 39176 7026 7213 12707 29441 33593 2794 16701 20312 19733 8461 9293 26172 13339 35525 14466 25769 14927 10643 13996 27144 28961 39861 39589 4770 23823 4108 29313 21589 36433 26413 23160 14418 29338 5181 22598 17431 14065 10581 36856 38417 32753 19534 12521 20059 24430 37038 28960 30959 3650 11917 17961 2402 12656 11110 19848 2583 10694 25408 29681 7589 11930 654 5502 9692 27725 24438 29308 10344 14848 36668 25810 25052 28490 33901 19709 15662 25046 21818 16901 16512 18152 31944 36248 28457 33381 22647 11823 9913 33144 37578 16265 21124 23863 6452 39830 28630 36954 14481 9098 39063 39715 35023 20567 32391 21343 3350 10122 36849 7885 838 21382 34068 14 13568 8624 5166 14131 5745 10144 11069 39703 2004 34103 9876 39489 32622 4994 38620 19049 19427 1271 4193 16925 27425 5137 25518 3567 13205
35766 11159 13953 38201 35594 106 30247 3228 29838 19306 4800 32041 27578 16673 19375 17086 10409 541 37665 29856 6852 15437 27734 28529 9040 32775 38074 1586 7732 29352 24479 34906 27777 18957 24635 7974 6633 3159 28496 37799 15480 34899 3230 12982 23096 36006 17343 23990 31753 35270 35669 35144 36390 37314 32426 27717 822 39512 25705 18656 28660 20353 29309 10583 28092 19155 19309 37241 15149 31939 7616 36767 20813 23149 38109 22984 33630 27217 12815 19324 14833 8908 7126 30983 34459 2217 9829 34267 37469 25022 30100 15171 375 9103 33421 19525 25191 16369 25580 9506 12795 19379 32663 11140 34548 8437 14719 26668 28284 5174 28341 12058 9950 39338 18407 18593 25731 17640 12718 35282 35391 26839 17752 13539 32576 32967 5335 7971 29021 5298 24580 13412 25984 8177 37484 35866 19634 36065 434 3166 12475 15631 32955 32151 18510 26016 36871 9383 29214 24608 39395 19747 25987 24413 34572 16651 38411 5767 38106 22232 10391 21809 1052 28013 29703 36586 3819 32251 31400 29301 7175 28563 18801 6739 29601 6134 37523 8951 37652 10708 9993 5546 15984 30891 31863 31914 7240 39917 4922 1353 19489 16943 19190 5926 15916 27066 9245 27378 37904 5125
11502 10128 35734 30189 39445 37459 40 34528 11550 35393 36975 28181 35735 412 13179 8842 36153 31834 10828 32453 29970 4955 32341 23695 15902 19582 5010 26976 728 24537 33172 43 247 11335 31907 30208 9187 4708 12053 4074 18590 26440 26515 26772 25811 29818 19182 35054 16746 25475 18208 2477 37055 16993 38176 39412 12570 17635 18743 29625 4962 36487 18802 37268 8132 21395 880 1898 15913 18512 19790 33205 9258 10926 35009 30602 33921 12700 13255 25232 4320 27017 573 19304 34337 20204 25226 18742 36995 8652 19466 8079 26495 9058 22745 34184 27558 2371 19642 12552 30381 15274 28899 36579 21704 20539 22947 10167 4006 5511 15557 20396 26632 18532 25145 14635 38430 9538 8625 28190 15083 5187 10138 13882 20968 24223 33637 6762 25326 7207 33621 34194 3735 38856 18204 29886 6003 1975 36633 16109 17336 592 2855 36879 39634 2283 1606 3251 20368 24629 5332 20901 28963 8589 23023 39157 15477 30943 36768 35198 24042 3136 39392 1839 39495 15589 18267 2974 16900 34952 37755 25329 16395 9163 16588 3656 39027 32454 22703 2719 22699 2539 1745 13870 36325 11517 3033 17060 37967 4947 5634 6859 13994 6375 5571 33990 33162 32752 32560 12315
16953 5974 10568 17366 2280 38697 36574 21110 13430 31536 31528 28751 6518 37278 19026 1878 12882 4494 20839 12118 35912 26227 38016 28199 38165 10511 14117 34726 25610 36801 30343 20281 23965 35831 8682 956 2849 39320 27926 4472 3989 6968 14991 6893 27783 29272 5726 30507 29918 15940 33872 22042 27314 23432 14464 13465 29772 48 6149 36512 28110 2856 25909 19307 24719 5900 2666 19284 3530 30485 34579 23854 20756 23835 16038 16186 15944 15529 32349 27922 38808 30510 10758 12089 9452 17602 27830 6285 39414 30767 4829 20245 7470 984 19740 9115 24025 32612 36057 1068 37709 39764 20164 23808 19606 30087 1183 35499 2769 17686 15908 7298 23201 28382 6086 7617 29960 1116 1412 23707 20233 35683 30407 18818 39078 28509 35217 9125 30728 3384 23162 16934 14610 3855 1220 39263 31003 11379 19697 4665 17255 31829 24853 17328 33830 7825 37653 24006 9072 1247 27683 38525 10219 22303 23009 5647 20591 14115 12628 3828 39161 12360 18362 33365 30862 28930 20186 29889 21348 15563 29496 33894 3043 25686 32123 11810 7564 33651 31124 10760 5454 37821 10363 3054 28865 619 12748 23233 36863 23389 32873 11398 11767 6365 33746 26056 8816 20463 24489 27295
14542 11962 12151 14194 10081 181 8618 34242 33807 5920 30867 28139 17491 25036 5430 26077 2015 23450 25956 36324 9704 28379 11266 33496 26444 1131 3507 36167 13444 12299 25373 14181 6666 4588 18147 32779 15182 9768 15548 18655 34904 38066 19726 34536 11085 33332 11204 29511 21040 23610 25219 17929 11543 23502 28941 12738 39196 1085 1093 38140 10905 19664 22477 26012 13285 1531 20121 3963 34479 15535 3846 14752 3626 20478 11334 34213 28951 25874 11623 32130 36377 28920 26068 5344 18142 17233 19528 20570 15863 24357 11659 27614 20609 5771 7011 39440 11937 31877 17765 22360 2484 35178 10491 35595 13959 33288 32747 38260 21545 20025 22874 29266 1159 38487 2996 15598 6527 32452 28570 30912 7570 492 23217 34478 9149 32678 18847 18874 35226 20383 14007 17492 7100 16526 20712 11374 23997 5833 38391 2741 14586 20672 13420 20065 17152 24632 10445 20835 23599 33563 18504 12935 39389 38151 28155 14979 3172 32259 20730 31798 5891 29181 34477 10510 28707 20301 11435 37616 28066 39524 34033 16551 12892 2852 12987 21353 5263 32631 4813 36983 26621 35260 28115 17384 34452 645 15582 1693 19973 13089 14956 2425 6392 12221 4128 15522 21263 20948 15109 35936
2842 29578 25441 23087 5543 8501 1154 25223 9279 12822 3194 25544 2771 13347 33855 6522 28636 14248 13783 24804 6299 38163 16892 12008 19071 9193 35083 19943 701 19562 17376 37573 35429 25012 2933 30922 30920 12904 35017 19007 29775 22929 35013 1130 665 32429 34570 28743 33301 34096 26715 11188 5058 28283 36271 24451 7195 15623 1002 15128 13683 5077 24923 9567 39935 15012 16385 28128 15298 28550 38226 24813 24130 13314 12668 17801 27070 3153 8485 20892 32804 36403 16240 26297 10532 8880 30110 18862 12185 12949 24536 14851 26008 12188 3774 18567 12594 20420 17014 1678 25897 3637 8035 38630 3933 21404 13245 33017 4811 16482 4204 4888 8600 13070 14826 29894 35619 18963 3158 7525 28628 25040 3190 14577 25484 8006 27103 30104 27379 8270 4930 18340 4968 3883 27559 5554 31314 13072 24268 1562 3107 14565 20737 32664 39969 24324 21282 2563 14024 3478 25489 35173 6471 34484 37255 5050 14957 3670 15359 24493 21276 4525 22525 9112 23357 18726 34662 27685 33139 36171 22003 36939 39988 1873 5045 19577 33386 1376 39832 26990 9803 6461 29229 21057 4977 39258 3960 22446 37973 21120 37282 14879 27854 16237 18836 28257 15669 12260 29324 5959
36803 17805 18175 2690 28871 16525 26646 433 12440 24774 14258 36237 17909 7180 11232 39228 29806 25964 2753 13111 32286 740 25366 36501 38503 21299 15135 38911 30213 32805 36735 38890 10866 11160 38754 22651 16453 24928 39924 2208 27625 20845 17868 31686 9478 6972 7391 32929 15710 1970 13243 15729 15910 4961 30122 28775 31227 19287 1428 12394 36156 34168 18959 26868 25247 8408 16177 11057 26356 1689 31 2171 14968 31473 33230 6974 3053 2255 31760 13411 39119 7337 28082 11799 16361 11141 29515 2365 34276 277 11983 13650 16454 35622 8669 25341 23232 9169 6637 25392 37650 36117 9000 24615 18620 26027 26338 15742 22809 5525 23501 27628 10180 5483 15330 31411 11689 27443 36250 15384 27892 31929 14792 33 20295 977 5082 15132 35535 16714 14900 7392 20980 8279 14062 23414 22944 12389 19906 25149 33118 22080 30262 6347 11244 30321 37987 27710 32760 9437 31333 23228 31292 20189 6154 35567 30650 28160 29385 30003 27600 90 9423 28453 34110 11861 28477 37208 32997 4287 9607 24960 28870 12033 36891 3080 28475 37829 34672 7507 6586 35035 24890 14378 8760 31388 21682 31165 35926 30067 24207 37363 17329 33582 4638 32836 21998 1590 21929 16337
5558 12574 39355 30841 38872 1935 5315 10974 18556 4053 15609 29003 13361 30620 35240 38578 11609 17162 17814 9543 34990 529 26452 2310 10666 31867 8386 18125 10276 35256 11192 35272 11428 23596 18719 18024 13162 12989 25644 16216 11480 12849 19786 15637 24863 34359 27791 29539 6425 9821 2480 23785 18206 39020 20734 22171 24782 30605 24684 11955 24586 2644 39827 10360 28073 11770 23022 35815 8388 27845 19445 24381 33786 20331 3112 9371 36917 34400 24830 17863 23472 11946 24741 35422 8396 18025 10458 20833 10214 22322 13488 28727 3508 31069 3926 14340 34178 14027 10911 18575 8969 26034 31702 2629 24147 27354 22545 34748 8166 29171 7346 32020 10456 16458 5007 8086 5001 35504 5295 8546 31240 30651 3917 7302 18913 6764 34974 10290 10819 33401 33603 32255 38828 38477 4910 20584 28065 31233 14337 28879 34884 5623 19532 10292 35552 1734 19125 37860 4719 27152 38838 1121 25650 363 7954 33354 35214 4467 7677 13891 265 26291 8338 26128 17526 33345 29294 34790 21020 10783 18664 110 10825 4546 27881 27158 2376 39960 25538 10264 22712 14516 20817 38660 34800 33083 38956 25607 7216 11515 22226 23659 18193 31644 32927 10440 1784 14687 5993 7936
28777 17157 39117 13944 34138 25383 12837 11748 6550 9274 19461 12272 12334 33159 13215 3237 16615 37031 4176 13290 36657 23972 10749 33084 10736 33573 14467 33003 10139 32991 9571 5018 16650 20457 14387 33155 12667 26175 15697 13387 18095 2706 12758 5551 36707 15544 30444 2362 23265 5230 21319 5220 31099 3302 32197 19502 14919 2641 7664 34858 12375 10904 38293 28882 34402 35129 31488 31134 10003 2106 20026 12821 19411 19870 3018 37126 19867 12154 26173 23206 17247 29663 20853 27757 22060 13221 6699 10266 22466 21914 26337 20981 20356 23912 21564 8206 8930 9138 24041 4052 14961 14454 35475 6716 12913 2100 14223 506 36480 1310 26348 20778 2954 14507 3711 37865 32795 21302 10841 30906 2246 20843 19955 10478 1423 16464 19656 9442 39587 17821 4600 27694 16289 27171 3703 35433 22234 340 6787 22150 891 38515 13935 29832 20145 16309 23207 33702 36889 2441 5750 12540 24887 4920 18124 19789 9267 1989 37289 1609 6761 2654 5802 30572 14544 29106 33902 6179 20558 14077 4914 33868 25347 27304 29251 25594 6462 24668 32272 27424 29813 3950 36426 28792 25807 15666 39332 16513 29902 32462 31764 26768 31149 18261 233 36886 37822 37950 1236 11035
3274 30932 25516 19512 10914 31231 33770 19883 9710 26298 21747 30685 10737 31703 1323 3219 21855 1682 19063 19262 27994 255 4129 38380 7726 22190 12766 19949 13467 27647 10401 30895 38132 16283 35874 16697 31345 6209 17677 3157 11912 25698 1003 3119 28080 13414 29460 7 523 837 36257 24095 32460 20806 12876 13457 1506 1337 33089 29034 25153 21578 36040 28479 8641 32199 32030 29873 2725 35410 15092 27250 33618 23921 22512 17457 32022 23784 5613 10810 19944 38618 17652 36779 35430 29776 39727 14633 35584 19108 19611 35703 24386 27943 39282 16537 14795 7335 19399 13036 18037 29925 7766 30506 11611 14477 35649 29328 33464 22311 20696 8110 17070 26845 24115 6288 4435 21084 19382 35907 24725 35322 9372 33069 13302 32746 32855 31413 18949 24935 22258 10453 2714 19348 29480 28809 35183 29689 28438 8003 32793 27082 22507 12395 12504 996 3491 23329 11874 9302 25074 25843 30653 17242 15678 23635 10805 22749 12031 31190 20290 35625 8111 39675 36233 13358 1607 14555 35444 8076 39102 31955 323 22565 5030 11071 11883 12463 10028 22733 10399 26897 26238 21047 9860 13249 16431 14569 23297 21687 24713 1069 39325 34392 24280 12270 21533 30567 14707 1728
4060 34377 31493 17688 24926 7484 13453 3306 35049 32835 28672 8721 20563 22246 26031 7249 27608 24313 3701 13654 22937 29599 15773 25323 6171 9627 34562 8527 1526 16195 1615 36054 39060 28241 15264 34289 36329 30048 35973 1928 6604 15198 31385 28369 6024 13737 14830 25015 32083 19237 20159 18689 13689 19192 38704 14604 33693 10388 37528 36087 5042 23836 6959 30344 5519 17770 6695 38693 13316 5196 30540 11017 12675 25733 34465 38112 38859 8944 24427 13709 32271 9955 18761 13077 27801 26958 29521 13160 21836 20825 1879 25269 24327 18616 39129 38895 36286 24351 7381 3265 5405 9313 19048 13397 24585 12309 31423 16707 29750 21380 31689 15568 26549 16480 23083 2296 38960 18290 18920 21027 30069 21802 39788 23491 20873 7255 34284 27886 34915 21486 26892 28364 16788 24874 4724 20932 18002 6023 21722 5439 7435 35242 25477 2431 3493 23944 10140 34741 38685 12193 9558 39875 32043 27915 35439 13992 17275 33202 24812 16973 7438 38966 21514 12698 15383 30418 18838 29086 20070 13769 24065 23927 9461 18766 29501 21510 9045 38564 4520 9306 24843 5026 27719 19039 33939 37315 30691 25530 7146 18989 39656 7947 5028 5938 14601 20375 20677 14733 28679 28877
30360 14030 5301 16129 20602 38719 24305 23375 37680 2499 2050 3271 9573 14788 33916 27727 30232 8978 7325 20559 34389 24407 3294 8373 10431 5352 2399 15313 34791 17600 13241 39033 7844 9128 16599 5237 25407 7313 22900 27789 17962 34268 21292 35597 8717 4018 22062 14300 8336 5442 36723 37403 6616 24849 18161 21179 22981 27955 8841 37965 38524 18819 33933 22555 28541 30080 1914 20824 29871 22584 20135 26906 5907 17910 39037 39818 517 26629 21023 23230 6175 787 6504 27444 1709 26191 10281 12245 3429 39652 13009 18115 8821 4008 26565 35686 25225 22120 30086 13598 27971 4123 34937 346 28501 4570 22389 29990 34330 39964 11333 25542 26003 2637 3617 33319 12399 5422 4594 5375 10352 6437 1288 37139 8591 1194 5742 10620 33053 24958 7275 22429 11270 24339 32791 31369 16115 22608 26142 19946 26245 12493 16145 8769 9707 3541 33289 11172 36877 7400 30833 25268 11153 25671 4863 39415 25432 26289 32451 8049 13240 38069 8810 33765 26328 27481 15417 27875 13641 34729 34626 23416 4562 32586 3546 12615 30393 38227 35923 24619 29906 9940 33866 32986 964 38980 23106 16772 3154 4535 39717 37074 32659 2565 5112 36131 6036 36624 31315 29785
9434 4478 21728 33132 17808 28320 13614 10406 6980 10868 25058 14254 26674 26359 17252 16433 30065 18415 3978 34597 2798 4900 3098 5232 9253 33161 22554 4413 23746 31337 7858 15807 7870 18961 21102 687 30058 17626 27563 20854 19513 5658 19410 22820 4530 1001 28032 25367 7461 15625 24403 29666 32776 37479 6569 33717 19033 6829 10887 29341 23223 8934 25409 21943 34328 589 33055 30439 13540 13333 33859 13235 25333 32530 37875 10595 34822 11793 4551 20976 34314 20143 38556 13317 14839 22558 2979 5823 26301 12986 24205 15444 2346 6152 32677 30735 11566 15424 296 38817 22430 32363 16359 22671 27427 34840 23032 5358 6722 29000 6041 14704 1400 5535 15265 2744 16153 18104 1640 26076 36848 5349 26507 3471 6612 13609 19423 35315 10829 29234 20947 26186 12199 28997 7907 39093 33799 2736 39304 2016 21086 24706 9488 13242 3808 24084 29616 22665 18663 12732 39482 35040 18156 29766 19018 2595 31542 4491 32024 16024 23693 193 22569 31194 26498 29322 1857 5899 11658 37706 22808 25112 32823 34321 39586 16972 5421 26296 19822 36932 9399 27284 28839 13840 17312 20515 6380 37901 22465 26924 32838 23273 16155 17783 1569 23216 27876 29553 33585 26127
4153 8133 28718 20638 6713 27139 20433 34586 4610 3812 14437 31076 27861 29183 28335 32913 29220 879 9823 35530 38175 3860 27703 6535 24523 8575 17192 34153 37336 32037 15360 32739 32879 12099 9779 12239 27417 19054 23247 34256 22987 26226 30023 38325 22195 29857 8932 10323 19933 6259 33578 5599 11807 1269 15307 583 12526 4483 22679 19139 7268 6794 20349 1592 28671 35768 10883 25588 9332 24047 24102 24505 23716 28458 31209 10467 25300 25818 7837 7247 18461 12618 11045 23253 20774 33580 26290 19667 3581 16674 25725 37547 11164 11545 15301 1328 28527 14901 38529 30802 7383 12104 19668 24023 10050 5620 22955 15812 14217 1752 18361 35447 36219 31837 30715 38979 27292 16080 17200 623 1513 26667 3494 32345 3182 2163 21309 7886 8454 8226 14108 2464 33820 9651 35983 14909 387 608 827 5412 11229 13289 31758 17493 32131 15363 15024 5583 12276 35471 16552 19501 25913 23469 17158 32866 39048 28480 32244 13209 23523 23047 36089 36660 29672 34845 5366 35036 18918 20347 981 17274 39992 15590 7934 18815 4629 27969 37560 7053 32719 25020 31922 35890 16507 3261 23309 4305 1837 18931 15491 26345 33777 39966 37595 23080 4892 35713 31058 7077
13784 22592 13152 5542 20593 3590 38731 34456 31861 25460 25877 39576 29876 10308 16851 12371 18960 11785 19847 17174 16516 36449 3074 35724 32740 25422 13703 34821 25427 15177 15595 11 18812 38554 25615 21398 33986 11343 23876 35361 2762 14362 24141 17948 4709 9281 17878 13472 15949 11092 28218 4805 13158 34324 22386 33919 7973 35004 39663 35965 18431 38108 19644 23321 25793 30377 13447 8250 32468 32081 11603 7753 811 26530 4455 14885 5890 13366 25390 34424 3366 25505 21426 27731 9747 31424 5384 27451 11951 21983 32655 24475 1455 30055 7218 14497 739 17202 2194 11055 4730 33791 2426 15698 15514 8852 26018 33722 15684 31675 22986 36023 16646 15138 38849 2705 1381 28791 17650 10408 3095 2571 18339 26153 12453 20715 21464 4670 3087 33046 12194 5094 8367 18355 29911 20178 9337 16759 20905 26719 9048 25165 11239 28303 35416 22413 28491 27537 29861 35024 4369 11571 1142 6809 35258 20208 29211 37814 26658 14773 37721 23340 12669 29047 22597 22334 8427 22862 5487 9351 37319 21665 28698 3081 30571 16193 18403 35664 37767 31119 26880 213 7233 1132 25109 13591 723 5200 23250 12936 19504 28919 21670 24754 1582 21298 8879 28697 9156 20889
36953 16256 9326 25473 37785 17067 9625 2836 27096 6227 1546 26473 32870 12174 1848 25753 1086 1780 19818 441 22174 20231 1089 23626 1158 12990 31927 25625 3540 30473 29104 10247 9504 9725 15006 30397 16312 37685 9445 9419 23317 15626 30740 7156 23376 6894 4590 1326 38442 38816 26066 677 16001 14828 16738 22338 31059 2373 29561 13532 2351 36781 8217 650 34028 16731 11910 29658 13656 39641 27613 24987 37457 29500 32902 10988 1952 804 39616 392 15676 21435 21757 39631 19958 22974 35071 31515 6837 31007 35116 29490 23907 25527 14310 17102 38714 21865 3083 28691 37183 19279 28337 8292 39391 31897 16206 32788 35440 37838 17267 18981 38569 36169 23324 32912 28461 22418 37647 10350 10630 12789 34029 16722 1518 13738 30315 38193 1702 30309 29319 17721 14871 33451 12467 2489 18444 24587 31743 6953 36129 23753 17185 18148 17142 12624 7520 14545 22672 11621 32511 1010 30823 11381 7354 30964 6237 20578 7039 16787 22091 11593 39147 21147 36878 1204 10405 27556 32336 12205 4758 788 15936 34674 12715 10108 8811 22316 11519 38942 19657 17251 16601 26042 27085 18079 26810 3894 22982 31142 4750 25597 29343 27732 34909 27018 16294 39289 8216 6581
35132 11218 4285 14808 27439 30383 18228 14894 33235 13913 31996 21326 30778 19432 1572 14746 34836 12905 23984 20453 881 19964 8965 6614 28386 14962 5111 17974 30127 26471 9009 36972 24698 38088 15194 10917 37871 11048 6206 24210 13627 473 27873 14049 27700 33498 25739 34771 28225 25110 32023 906 38078 14080 35352 33022 29330 22723 22535 7959 22509 7877 2303 27045 9599 38382 29326 29246 15118 30295 15664 24494 37270 8517 14274 15035 24746 20481 31666 39878 16420 764 1785 20978 31658 21408 3320 709 38867 35288 33246 12576 459 8361 31128 33243 38662 33555 31356 36170 23909 34671 20020 38186 3662 5660 24083 11848 11735 25791 31679 29320 7566 19412 1916 31120 39008 2532 35882 35171 22053 32495 24330 22858 33262 16438 35802 29647 21333 33974 35500 4013 16860 8581 14255 36684 35025 5929 13248 33575 19146 2421 31446 35371 23315 5611 4905 4082 9459 38885 13923 34135 39444 8631 20777 4350 1859 4943 18486 21171 23508 13636 36075 8434 33930 18327 19784 29533 19232 38869 37930 19148 39187 11597 37424 28356 1644 27154 286 30283 13385 4532 17647 1315 39686 26189 24729 19998 7713 27995 17646 18579 38824 16441 11526 12409 38864 26776 33778 8259
18017 5057 25863 1177 33102 22619 5410 22692 7197 25533 21339 18651 12278 29189 35750 12931 11087 21990 39949 33783 29445 16200 38698 32120 35394 24878 2961 6127 36620 1949 35704 2685 7021 14561 33242 36202 17535 29025 10252 10584 37482 27611 23734 2206 28687 7902 20221 24682 4698 9004 13216 10371 439 23518 20207 6281 26082 37625 12687 9300 30629 29038 6640 16384 12373 32031 8389 28753 38312 2331 18177 16301 38568 38657 29605 26365 38764 3843 35428 17046 28385 30582 18019 37630 24416 13897 16212 14377 18088 4566 3437 37434 8214 34614 34512 14806 36289 4157 36745 27373 30770 29825 20648 30402 2898 28072 22067 5191 8586 24639 36617 13534 21492 1641 11250 23928 2678 13500 36514 19499 32729 13651 28222 20842 11626 7008 10979 26001 36297 16619 18995 10498 26860 34727 23372 1394 38103 19392 32438 35072 29144 8329 33362 15560 29791 14598 7119 33379 14375 7906 36530 15520 8834 5401 18259 8257 36367 850 8390 24294 28539 4917 34544 27467 14161 24504 26745 34137 16044 32673 7050 2151 28655 23860 18898 30669 38716 12035 35485 34849 6057 5969 33908 3165 19871 13300 16291 17846 35751 32786 12133 9576 25350 15852 20314 20195 2897 27436 39997 35334
6249 37093 37587 27013 10109 6204 25666 36526 36302 21448 34381 2264 30536 15349 12236 6856 11850 11496 28345 22948 21210 19802 22810 33911 2350 27074 17660 39045 9477 27598 34670 271 11403 9991 35110 27026 28415 2408 19060 25972 2462 25286 9983 21076 20173 20086 38990 18692 34045 27098 36232 22348 7838 17955 36696 5310 19485 19409 3439 17257 35189 5769 12613 33546 33595 22887 4836 5685 36994 30834 11166 24737 21743 12138 15551 37191 13910 33108 34728 6810 2788 20522 5930 1976 31219 30499 18127 29443 13979 10541 37310 2386 9789 30675 9830 30078 16096 23000 12263 13124 39296 23495 31912 14189 2403 31284 15040 21087 15453 7125 35228 30331 13419 12827 2667 26256 26595 15731 28797 20099 10071 9439 36523 37053 7932 37111 24867 26259 4661 25523 22600 7192 32865 32934 32935 12294 25553 26712 27187 26997 11690 3661 32780 18976 4700 7689 35787 15073 6102 25301 16377 38612 29627 7273 11637 31791 17310 1205 3459 1367 22221 23887 11194 31785 24462 33967 18101 18242 4542 39266 13204 36123 252 30645 16305 5673 36318 20450 15570 14782 6778 6755 34323 5124 431 33372 10603 15953 22037 26847 38774 17735 33876 16315 36280 28275 23905 16975 7590 28883
28262 8483 4636 31853 19261 35188 25808 1407 25637 24551 444 25647 7326 28161 28686 11079 11564 34199 32230 10650 37167 35399 15510 11268 3958 30322 119 32969 29241 21196 33644 342 17311 27567 9407 1450 13866 6329 29180 8504 15922 15810 24227 18856 30025 34665 39981 26030 32436 21345 2521 39863 19931 30938 33562 1580 1245 28119 32352 26102 4451 12930 3101 29880 19276 20953 16004 28007 39609 7426 12387 24458 6740 31147 9574 19917 1789 37432 27758 18404 10652 34832 22828 10770 3339 13836 28030 19811 1797 39413 6111 6124 25861 39380 5063 24946 9776 21575 7584 11042 32067 28973 12977 20447 21647 15348 22193 28042 15867 15129 17957 30465 26890 36106 670 39642 19210 36079 12012 18555 24592 6697 1448 989 21362 10273 24174 21125 3207 39077 9541 33092 31026 7099 10743 32485 33487 1525 11673 9540 30773 11552 39462 38959 28104 15665 12779 22500 32127 14632 15782 21954 7399 34854 12619 28544 37113 419 6816 25234 24199 9539 4086 2495 1421 13798 15403 23924 14978 521 379 31087 13170 2011 36650 8323 628 9895 3797 19988 7472 13448 6712 21553 31117 39828 36398 22612 11800 5518 31027 5429 26864 20325 38897 9174 29074 29185 36348 32136
23837 24633 23404 30140 26614 11490 14571 21706 3167 35537 16779 7576 7551 17423 29370 2998 2779 14592 20924 32875 39464 32430 15062 20886 10549 8041 28747 30993 10685 33269 20724 1899 22009 20794 26856 27418 10596 17443 33670 31036 21493 34514 16313 27202 25003 37000 4575 36683 27409 37243 9068 25833 7889 22240 23708 24191 24604 3423 33535 36618 1206 4878 31152 8146 17912 31366 7154 27879 3710 16187 31961 21079 13976 7101 30716 30222 19004 33149 12763 19965 9658 2709 8580 9698 19659 26400 31307 36015 4515 931 23515 26366 38971 35123 28311 7810 20109 17623 17278 7949 17830 24950 32754 11182 34967 17867 1867 1742 19520 19773 246 30106 37044 3218 16025 27774 13018 2944 10844 14392 19269 29080 28107 5663 14781 23686 31265 25313 27339 16374 11565 36145 36715 5488 3202 39362 13764 24492 11034 18974 32411 33152 21072 28928 4791 26602 13132 20140 2837 35526 10562 15736 3015 4000 18286 28134 13250 32824 2906 12713 23525 36989 8539 27490 31175 16721 38712 19923 5842 26253 23678 14663 9262 39713 4601 4539 25421 12689 13742 36759 158 21330 19840 32977 10362 6901 28826 16269 30220 33927 31355 34133 5794 19722 7160 28861 20188 27247 30601 17916
35019 12001 31781 5279 36755 14619 29119 27924 30931 9016 6598 37499 20547 27288 14199 9801 31192 36448 10181 424 17802 32343 37219 14712 39714 20292 9031 36347 37426 18030 1447 14273 16065 15658 27591 33796 2096 8883 30188 20374 1532 7943 33351 17857 3951 20250 17087 30325 33849 1368 32815 36493 18941 24775 3428 27200 25587 32268 36226 3579 18657 29629 28898 847 38365 15124 466 25751 16814 28239 23640 15130 25374 20541 33112 10690 6257 2311 14761 30947 34037 12292 25124 199 6364 8520 11757 9817 18795 29303 37020 15408 21269 17432 3277 39982 19180 10159 36092 7922 38314 1632 30363 18428 29745 15952 28766 24544 27919 24024 27538 37505 37321 35822 35761 32905 8732 24472 22925 24884 39851 8148 18965 9796 7364 29468 22695 27 11790 9988 1999 27145 29659 15706 16642 2550 4430 8117 15507 13572 25228 30203 21007 6873 32980 12653 30145 5163 19036 32167 5539 39016 2811 33906 32152 28 19857 5997 15963 10211 27479 18277 5855 11251 37735 20475 35323 22030 39569 13951 30543 4891 28759 35571 4407 23684 27501 38461 29731 39751 3121 23645 18129 16064 840 410 34549 22289 3382 27253 27394 11022 5151 30441 27420 7066 36043 24579 1494 694
22105 20691 31457 18539 27414 19460 20304 31531 29438 31451 6463 31647 28964 36303 34700 31372 33066 17302 31656 13330 17596 10877 26754 31864 35891 37350 2861 17155 29942 8212 2536 301 21790 39321 3694 23541 27895 23633 30070 1570 10822 15082 666 19717 25120 21657 33117 642 24411 36339 3959 3051 32988 27335 5305 30792 1528 31226 19197 39669 8274 5176 2232 23782 30031 27039 30264 15968 15045 36073 1906 29867 6219 12568 29203 6340 13820 36708 36476 6233 22938 31879 27095 36797 39785 27908 38541 35266 18508 4342 39994 12287 27389 16087 4383 26188 30830 18884 21080 14522 22657 30194 1921 15561 9533 22789 29566 29712 15630 1885 22868 11132 32101 11390 37686 9023 35934 22574 23603 34659 32922 149 17321 28414 5674 13773 37107 32305 11439 30616 7917 27025 15 31112 14294 18468 24144 25770 16728 26961 12311 9857 39840 17078 17226 8804 29727 38013 35512 17891 28739 36629 22560 15871 462 22392 39290 7493 30825 32580 20408 2986 2839 15433 17841 24732 7060 617 20009 15938 24865 8383 19886 19647 39572 15858 4217 3492 37940 22125 16225 34338 32373 24667 12872 14353 2922 23196 36381 8073 30039 36806 14401 23945 4288 39351 24727 2235 27238 38766
33679 22214 33440 8173 13355 27748 39485 32816 12826 25699 36621 10997 39128 5589 38688 10031 13780 9436 33180 19093 23838 1305 8037 20759 30758 26466 24110 36761 11222 14503 26882 33926 28912 5184 32291 730 7320 5992 13233 26774 6391 1016 18435 25071 12316 7174 2454 5267 29316 37623 33640 37228 32583 28358 3434 24971 34955 3804 18595 19743 38181 27515 37740 34285 17813 5860 6622 11076 23120 21024 20048 39806 37431 2412 19301 37620 27654 7043 35954 38374 9680 19377 16220 16991 8506 9689 2239 19127 12428 33121 39855 5850 18128 37597 12841 27199 14208 11119 23193 291 30521 9575 26644 24625 8479 36376 7231 24802 12927 32339 9911 37635 34939 38251 934 20311 17844 19814 16833 8814 33912 3783 12723 1436 29174 31340 34442 37936 32142 31538 24545 34018 16729 6965 28182 2291 39872 30285 36037 37358 27093 7845 29932 6948 26200 23509 17546 29082 20253 25466 34186 17739 1870 18221 34575 18446 22298 5409 35626 28654 23759 22673 35020 11798 15832 32643 37317 5462 23331 4452 1054 7434 27604 22493 34780 32984 3401 38493 16720 21639 1173 11978 11753 39556 29816 11235 33636 25346 35142 5281 27738 36222 6088 36615 26787 37105 37427 25478 34660 37507
2275 14298 11944 37683 30445 38785 31324 4244 32069 23805 23370 11438 6932 35508 8234 8924 11275 36296 4310 11011 772 13265 11271 4035 3377 36890 21073 21497 5887 28367 3506 39539 2846 2019 30313 11241 33064 10617 24363 20319 24920 31806 25995 12171 9405 4141 25045 38401 18905 24917 1324 19901 5573 26446 15511 35417 27581 22339 38350 22455 30011 16858 12888 30874 20224 8268 32541 11236 16343 13577 29919 25768 7890 11249 15540 25206 23180 22871 35427 33700 37399 23267 17436 28906 10750 7257 14573 16261 14326 39230 20629 17392 32424 38239 10706 35960 23952 38284 33633 9474 15975 34059 31148 11254 39015 7727 1875 25136 21032 20631 4027 21739 10550 1555 37433 24496 31370 33043 37027 39977 4210 15961 30153 21734 8309 33579 22774 8476 33176 12670 38584 13369 12734 14702 24346 31079 21159 38523 38900 27952 16696 20875 26456 14696 13580 1923 32075 23226 7396 31403 25028 35479 30459 7342 350 24943 24531 33018 35201 28907 13025 11437 20308 13652 26095 6907 19778 39259 36370 32841 8892 24805 29061 5527 9639 1679 32707 5916 5498 38535 12666 3722 2773 34580 16524 14946 16607 34021 31885 22504 25077 34687 39329 19540 26545 9041 12932 13280 27689 25353
3686 33318 10170 25043 21999 29987 5236 39706 9179 20699 27788 30524 6304 2540 9838 3755 31516 23093 14200 11877 32756 5353 24241 5441 35531 31688 19966 34960 9760 34049 5201 4680 13794 38627 23486 18903 23387 32675 8950 25492 10168 2164 18015 17008 13340 7891 13000 7542 10112 38656 16668 5217 17758 3443 3209 39120 29786 15317 7582 27697 23512 37153 26532 2321 29281 9464 35080 19492 26511 15431 13299 37441 3495 30606 3063 33312 5728 18776 4867 23775 27395 7958 25030 4848 25540 33527 11450 37058 2043 39173 6715 2047 32669 7622 955 30323 37765 38508 32524 19787 5968 34568 11460 2017 9398 4385 22620 18189 1397 39867 7554 9693 33154 17256 30790 38723 28420 16378 10271 3212 30667 28735 30085 39483 8767 38114 7547 15475 8351 16095 2211 542 12304 4904 31992 39398 36141 742 32315 39919 10771 33992 23510 30259 38573 39922 14680 14296 3629 31108 16288 14546 16826 29232 4633 20872 14312 31080 34202 38970 20466 37691 38534 6574 20373 8413 3875 30574 18824 29275 34857 32040 26212 28823 20654 30808 21715 12873 36231 28596 12037 13155 32324 18398 2829 15705 35310 37803 2035 12244 33558 2378 12074 7295 23070 9943 8266 4142 18507 5516
937 11089 25945 25469 24265 26630 15849 24996 12671 2896 6054 17726 10171 18971 29242 7430 19581 8333 19140 21601 36220 27073 25525 2790 16694 38632 20627 14940 35933 5627 37286 29291 10156 6059 31361 17786 32456 29243 35347 5866 14990 29973 39550 17217 33642 1722 7416 28770 11193 26197 32928 1163 6916 29802 535 31224 21669 38946 9201 2588 10184 23958 32021 3938 1406 33772 26145 7817 13722 25760 11758 22656 29723 10 15897 5568 21672 8839 30084 30688 1871 19903 24948 12645 38721 7458 38931 18022 9365 16563 17099 5317 22576 22358 13741 24003 35995 21827 10954 15874 8017 29359 19364 23405 35382 32492 2885 9763 23240 17720 23966 20134 19179 25424 7671 16862 35377 31561 14346 2010 22969 17809 33035 24338 9773 21648 7116 38233 39410 30474 26962 1258 29151 35581 15873 6156 39514 21401 3406 14123 37960 4117 6193 6062 20670 30579 5179 22420 37206 23043 20017 29555 26642 8258 4803 29314 21786 35483 15950 32070 6014 39606 32072 34649 1013 4593 14415 28195 25868 1987 24342 10765 283 39910 19003 34993 23757 5564 7033 30710 24192 30882 33747 31874 9520 30765 39916 7863 5705 26107 25291 4174 11356 38082 37052 10856 9438 19145 22706 36865
2847 18275 37677 33909 34344 29671 16831 28064 3427 22793 5530 26665 36005 19855 13049 31818 33688 8428 2677 5171 6180 4506 32187 259 36020 16568 6626 6236 18524 2864 39986 17340 27677 20430 30437 20601 19117 21890 12354 4102 22989 33764 15085 3509 13396 34121 30880 2218 7018 39374 7258 3957 23430 16332 28070 17103 15309 17032 3555 22611 897 37978 7539 19919 15918 27878 3373 24731 38531 22823 33839 13154 39588 5986 15217 13059 39906 28329 36021 34551 3208 31500 25781 16297 21925 1042 2400 13713 14111 17131 22315 26005 19799 35783 4441 23748 34472 31024 29936 30293 28547 9460 7019 17483 16609 627 19721 33874 15638 1197 29807 15375 22623 1926 29060 30575 37040 31696 5570 6940 10240 19850 39190 26103 28853 917 11615 25305 20807 39766 23150 10124 25355 11400 12741 5342 17149 13067 23380 8503 31174 1915 35620 20162 28876 14623 38557 20391 4110 27331 35858 22521 22425 21678 3105 5971 18969 19208 7075 4227 35799 14237 11925 36687 6606 9056 14867 31920 39698 1541 14846 33286 4426 28994 2827 36899 32028 30028 9414 1446 18840 12426 34530 28252 8218 25700 14992 24836 9616 9286 25543 8075 17532 35817 22776 16227 27894 16748 6631 12793
36018 16246 12405 34924 11880 37953 24214 34192 33316 39685 37451 19126 13092 966 19244 14239 23485 35125 22918 17597 24150 12413 28141 8929 7127 31571 14959 28771 30936 7835 7743 38068 4650 3449 21764 10249 4726 39738 5711 15562 25078 9960 28102 11997 9489 5011 2105 25690 25069 240 3698 24656 11643 38580 36235 11410 2436 31545 31641 9581 21006 27723 6070 11394 26954 33290 27449 36282 23803 32238 19921 23749 17700 27868 30500 36791 15216 22089 38750 18538 10767 16773 39311 1047 38930 21610 11258 37900 38648 36099 7439 18907 24200 23048 28706 27787 23272 1737 21751 9066 29536 20526 39315 171 23969 15176 15809 22879 6804 39317 39324 4076 21995 12751 32814 39112 4881 30185 21116 24885 24424 25832 18850 31559 8518 22833 38668 25778 31930 4657 15287 726 9135 19299 16695 41 8648 34249 22216 37145 6929 24398 9951 24655 21061 34617 18160 3075 2082 20726 13064 17450 21904 1845 31354 30149 35480 24086 29571 19490 25828 11186 18868 12186 36256 14240 13774 15463 35796 19619 8534 9486 28048 2844 25090 6768 4071 6668 8375 2607 7421 8424 5795 23701 39243 12742 34925 7264 11518 25706 12755 25203 15460 3935 28061 39845 13413 17598 28319 30133
19574 9037 31445 17470 19038 36961 26679 872 28207 32393 4222 2633 18094 39946 24936 18031 7751 39144 23741 35043 2401 23237 34814 16652 22762 7614 12091 1279 533 16302 25589 19874 1039 13501 2339 39679 25237 6153 5562 11714 13980 39388 5 17419 34252 4004 3124 12332 25640 27462 19530 17517 33122 37513 34948 33782 37704 2110 7953 30999 32939 31379 18121 12112 30990 33026 37742 25820 35494 23506 32763 35069 24763 21815 4839 2077 29411 3195 12829 12842 9650 31759 1670 6199 5692 17348 34266 1695 31395 25358 27083 27508 10950 19144 22249 24477 22553 1982 23874 13695 17556 12814 16268 19997 32112 18065 522 22520 1658 21155 35915 22575 12275 3023 29612 18869 10784 20657 16042 35232 37227 23591 175 17488 14796 21901 27561 94 24572 7002 12452 13915 13799 16157 23117 23420 30969 8357 32102 38481 27441 2642 24908 39837 18672 38710 22641 38820 6528 39162 15556 13698 33002 21856 2912 34756 3851 31490 14835 4737 28049 4277 8738 24856 36242 19653 2315 2531 29851 2756 8615 9062 5643 10664 27002 30341 31078 33982 23116 19066 34319 13924 1192 24186 14414 4214 16985 3090 20072 19347 35136 29729 32521 25792 10198 9362 11772 4022 10455 20903
35227 16555 13673 18077 31925 5367 36160 12848 37725 10131 11718 1583 10063 32466 15229 9555 20941 25577 179 31710 22885 5197 34878 32064 34819 19434 39608 14939 27472 15547 19785 29489 3415 1683 15131 27532 23602 21119 37287 18044 39602 20523 37720 19 15652 33602 18141 18823 19911 543 2585 4243 5076 38779 13477 15037 26529 20053 19455 28971 38671 279 24783 20352 24680 18867 36832 29284 13531 10154 32949 22281 26724 26036 18225 37197 37535 4275 15209 17828 35806 27016 4589 13079 27849 39838 812 23878 21714 35583 6167 34342 17291 31414 17230 33429 29701 22959 17861 38847 17005 39565 24303 38404 12034 21972 15624 18443 35736 19599 37231 31419 4815 35012 36209 1495 14452 6343 38735 14552 11290 13335 11445 27429 8582 3972 35441 27132 24859 487 22108 19750 16018 29274 22688 19014 5580 6561 33333 23303 36742 20693 15661 21922 3088 9342 30870 30676 23063 1127 21895 14819 18083 33359 36602 35168 8743 2566 34335 25202 28251 11155 34437 19624 15862 6709 31029 28788 281 9743 13139 7993 28198 22187 26523 9214 11046 26417 36577 26182 3452 30032 24877 6839 17520 27692 9811 10869 35994 5828 38243 20412 23781 17577 22394 1167 15074 16476 2265 12289
23487 34279 29950 14798 31167 10041 7715 33330 435 35216 32546 23407 28583 29360 34749 13130 27269 23167 37443 22860 26500 15291 9137 15108 10176 34792 3241 32971 27192 25270 7380 34866 7362 14787 9613 31680 11002 7491 13136 28165 36434 37911 25500 34365 36585 2162 9034 16553 748 35157 13393 18541 33848 33335 4454 5033 9778 25502 16527 4619 18709 6655 38395 37594 37017 36412 22635 15355 22839 17605 10958 26538 32239 31928 20858 7775 9853 5246 12768 18755 14994 7591 28712 33865 12256 6660 24230 34848 29859 14139 29302 19570 37877 9855 1795 27285 28157 37110 5324 13573 215 19404 2662 39074 26708 10762 26661 3746 35623 3150 898 27370 30046 17313 25306 2083 4808 14776 31799 7032 16511 2782 24510 12243 38865 25419 36491 38991 24647 25272 12784 38167 15151 32636 12597 3201 22799 14152 14309 3675 33067 37933 3930 8958 3396 32682 22052 35094 24195 21081 32246 12456 21487 13899 1662 4773 23846 29754 35181 16822 8805 1671 20058 13997 34697 22562 3012 9740 25715 19356 23536 17334 5610 8153 24854 14213 22102 4156 7878 17620 21887 23091 11453 5928 18117 6080 38702 33263 39432 22614 15235 39619 23889 20877 23711 32161 38863 3410 14717 24369
18454 35812 15454 39595 5090 14738 22816 28958 37747 2534 36379 3607 39460 22755 36567 16365 21202 28807 14973 36968 4688 32592 29784 8647 965 13272 37659 2655 30044 36643 25801 35790 23613 22693 12359 38378 24806 23458 13723 24406 28769 8007 21814 27851 1824 18371 29842 35518 2781 29110 25152 38200 38595 11230 39182 14412 1519 18904 39693 29789 9815 16761 3834 12087 2127 34757 9626 26483 15726 7128 39688 14404 32066 34224 8229 28804 9615 28528 17229 36532 20519 37238 23352 9402 24189 39003 5774 27009 23807 36304 30911 4541 21432 7920 2193 36458 39083 10449 20764 20468 29710 16884 39985 15303 16654 39145 14327 26923 15588 6255 24365 32046 2238 16375 5382 32061 10019 23856 34057 14611 14553 26223 2340 29331 9093 20366 14228 29545 10177 6270 9772 7903 16232 11202 16658 26510 3386 27356 6511 26158 27641 2364 7185 9140 28650 20883 20542 39137 18213 16656 15413 28331 25953 14709 19563 14092 1696 25297 18066 35195 29481 34334 30186 20779 33798 31738 38299 73 9845 32843 4883 30369 36905 18329 16161 22218 16517 33267 38133 19684 11574 23428 25661 36082 10494 21133 34557 13153 25190 24343 15127 20810 20956 24187 6565 20418 1343 18197 20486 8100
39759 8478 23995 37778 13586 32538 37979 9976 1218 22964 26292 8523 11980 20616 32047 34275 2945 38075 30235 13946 24962 11106 4410 4654 38128 33404 29357 17599 9368 31692 4106 31859 22440 6151 1307 7512 10093 34126 4069 9569 12684 25728 37751 28431 33788 39743 2820 26696 3900 38177 1516 26888 13905 37117 4247 14714 12488 27831 12212 28665 29835 5489 2141 17317 8566 29422 16495 10748 18926 32395 18090 7998 23682 18779 16504 5185 17679 33127 9430 20035 31972 26785 27421 11662 27450 24453 31320 34023 38640 32852 12002 7571 26199 1157 15914 11430 8782 29927 34723 32183 22223 765 27592 7123 14112 34496 3787 38500 32106 7262 37643 32310 2716 21683 28215 39474 10631 8371 1112 16334 2652 24650 25172 14348 30625 9587 23668 1973 26807 37976 24146 8456 19090 14597 29817 38857 2252 2450 36168 2279 38000 28546 24839 18612 10504 21548 25881 22079 1468 26669 26830 28001 30228 15324 34281 11852 11759 32869 10899 9685 594 5765 1672 12573 18210 29706 35502 30475 7098 8322 1443 34540 29677 1738 34615 16498 28130 28609 7027 4252 35099 33079 31526 19879 8779 3693 23312 10233 22328 18864 14582 20288 21517 25414 8797 38818 8783 26969 34060 13859
32941 15457 3624 30378 31037 17383 27984 10821 3284 3343 36843 30901 674 14405 30979 21093 6279 28830 13013 9837 14865 27726 3181 1090 22113 11263 39748 26408 2596 28756 16789 15187 10485 25762 19968 31622 25564 23665 13283 38737 37944 10812 30927 3965 30624 24079 8986 8876 10669 28808 14116 26453 5678 16534 8606 24558 29870 1420 39770 13892 20442 27150 6871 4618 11920 7668 28308 30917 38197 36414 26513 10427 4161 15059 16870 36187 8343 24508 2623 38138 25707 33277 15593 38952 24058 27384 30359 23696 19914 3050 35924 28793 31991 10586 30281 1753 33147 28993 3036 11176 24651 12157 6412 23099 7212 16839 12149 1635 18497 31893 11644 12648 11399 9456 22662 37711 24959 24196 29849 16285 21888 8659 16560 17820 36770 5876 27961 7567 1078 20043 39443 39370 2189 10437 33116 26804 37023 21673 5173 12818 35254 21923 2336 3791 35921 7654 39322 22094 29968 9196 16126 19714 22168 6256 12240 3327 11257 9270 38081 11669 35180 874 22519 23540 7955 26836 4990 2993 36229 5531 1146 7504 28133 16045 32001 447 2248 28731 33276 1617 35435 5522 12988 15246 38221 25947 10334 7850 12770 11094 33913 34343 8993 22767 2509 37169 10339 21226 14686 14538
39251 5087 20222 9889 16598 23362 26407 38047 5664 19393 23256 14145 19401 7649 15821 20338 32648 3863 4171 2598 30356 8653 37832 6694 7379 945 23179 24469 28640 24973 11147 33936 26268 25430 32900 30250 28724 25582 33804 19202 32764 8221 4486 26244 8994 30345 37077 4237 33395 17469 10006 12040 29162 33550 4684 31434 5071 26616 11649 39521 3363 3776 2226 18010 8991 36246 31453 11824 23270 27191 25051 6877 37322 1058 35234 8106 38537 31199 17194 38104 18730 4901 2832 5040 9570 21602 9825 11329 27249 11639 37515 2854 23019 21149 8871 35879 38617 35252 33608 14578 31126 1675 28684 14482 32759 7915 20850 22441 26591 13177 31081 15224 39254 14789 14291 26106 12686 5523 35090 16521 7796 19292 28433 20984 2102 19920 5585 19823 5979 37627 5392 29941 12203 19414 3864 13538 10967 3146 7834 23408 22782 34750 1995 17163 19227 7893 4231 3657 26015 32572 29253 16142 14230 6351 30888 35984 38077 12792 16545 26404 7083 8700 20289 28744 3870 23038 37414 21074 34713 39775 28193 11458 30124 37132 8083 10556 16443 38030 6671 11560 6914 37995 35789 26749 15842 5670 11154 12797 26313 30180 18679 2988 36861 10008 30923 19974 27633 21811 12307 21097
22934 13131 38268 10404 15459 1756 37005 27342 29527 24033 39219 13087 25398 7583 27234 30157 6306 15745 30113 5370 5221 37958 15186 30556 34491 27769 23558 36386 33863 33174 3595 8448 20876 14134 7686 2098 29563 3152 18674 23910 34233 32527 14713 5555 4843 13507 27907 18687 36213 16078 14267 21725 8021 16497 4729 39301 10190 13635 21446 12222 16835 32571 15649 6423 29648 31773 36752 1625 34095 39577 7581 36095 32691 19080 10465 35773 7193 24665 12967 8208 35821 14398 29901 30249 2461 37699 23848 4959 34390 22203 18566 1595 17130 38800 23793 13183 29399 30128 18816 26949 17657 1145 28168 5840 19589 33226 17632 20167 206 1410 35118 1171 38474 30466 38349 27326 30442 1731 8154 10719 7269 3731 11596 17349 13744 28412 10048 36902 518 18585 34712 2281 37575 13055 31544 36097 13566 3557 36543 11464 22538 3332 37896 10054 16071 25782 26334 8151 21917 11685 4958 25004 37221 32397 8601 12560 13244 22763 11528 38489 24271 32086 16423 23688 19838 39544 32972 17237 36721 157 4531 9703 39452 11928 16914 8761 23880 25094 30399 10714 33638 21775 14977 10817 19557 15061 21308 9319 30103 4312 7661 37487 26709 23586 22725 21645 31061 14344 24685 1472
7739 19782 22726 20551 31352 7538 34141 13937 27169 18525 39287 19685 11075 652 21932 899 11657 2913 11431 24072 36817 5327 27283 10544 36541 6735 18953 14588 24099 8948 25037 16030 38739 31213 711 26335 34327 24220 18781 9620 11264 30950 19526 34193 4981 39012 18731 13033 18033 9544 7852 21112 39274 20297 7847 3619 7090 4983 29250 32550 4484 10807 24431 13749 6986 39091 10278 25825 30627 24518 30198 22717 8974 15700 36483 32446 35576 32821 22659 32 14355 37411 39442 9144 38862 17834 9052 12623 14142 8489 11540 14023 18713 28622 5031 18753 14532 11272 18752 16781 31742 33728 8169 2404 11885 28152 36344 21114 30218 31913 36654 7478 10933 21945 13718 13962 19459 11432 11285 706 16209 32603 2434 33938 27391 18536 37868 16181 12333 28206 12238 8996 3139 13401 13596 8711 11292 16608 38039 4155 25021 36281 35287 19772 27773 36593 32201 39621 26210 4691 13493 7462 39754 8786 27925 34585 29128 700 5453 11171 6394 12432 34944 423 12781 197 20754 22324 34078 10970 26996 22229 35929 28945 19989 11727 26157 21472 9343 24142 39574 9634 39319 2298 29944 36528 3869 35958 12722 5286 4394 34124 1289 6736 9694 5810 15153 14593 11111 8126
28435 27401 35969 36310 23967 9869 35318 18826 20508 35823 8849 18574 17097 33941 5386 38501 35303 3347 32113 22104 17117 31299 4964 4502 26612 5036 31468 6822 13734 17833 8734 27300 6241 760 28946 8498 15629 25027 7226 26367 18059 35108 1950 6558 762 11209 17604 7398 3282 22748 16015 23285 19454 15063 4861 24503 30167 16803 26302 34322 16606 39774 18658 22764 12605 32027 31612 26940 9345 26041 21186 37173 2928 20041 34877 18749 14406 37800 16090 5329 12231 28787 39429 1687 25335 38083 4267 1031 272 27113 28043 39297 18577 27575 3813 11932 9191 22633 16229 31592 39206 18848 33641 13511 26373 25137 20142 1551 21794 23123 28556 16653 19725 24348 17441 24166 23278 33317 7698 1787 39756 34793 33846 32507 19829 37067 22426 13146 31631 17883 21633 13638 31989 19346 3975 4523 4988 26109 27149 32601 30292 1852 19000 9875 34423 38651 22655 39517 19650 3145 1723 19141 30428 5586 33805 29109 18983 3580 4592 22167 38040 17944 29633 1190 30430 32588 8565 2695 23568 16425 36045 10331 18323 2551 39995 38810 5206 34278 27698 31903 27918 39820 23064 8740 1717 28299 21940 28832 32317 5081 39936 34616 10529 13148 20855 21626 21874 14347 16908 23606
39913 28561 7173 13988 14265 7830 15733 28403 34386 1799 37120 17269 20918 32121 19027 36971 2701 17779 29215 22616 17178 23290 14723 17468 36888 21742 27822 4615 9785 37436 22496 29218 21115 9190 33030 17400 27618 34775 4203 18395 29016 19753 36756 38100 38793 19463 10594 16133 2028 32727 17371 27485 7431 26932 6999 6956 13364 36840 28695 12249 17540 29267 21644 17127 11736 34625 12805 11582 17960 4032 25634 26346 16716 37288 4284 15619 25942 30319 31751 37567 21912 28813 14849 20180 17442 25231 36313 18744 5710 4169 35464 21590 2049 24951 33948 25171 17146 5882 27209 38861 11766 10570 31383 39124 24889 16127 39480 6344 17917 6445 24819 39439 15708 5416 21844 33806 21640 18650 7356 20320 22639 30041 28858 23763 16372 17732 20587 30684 6276 18008 12293 27671 10606 37249 23827 634 14728 5688 1668 28642 13338 1649 7395 25852 7183 39175 18430 37561 11347 27767 4476 18273 17268 30337 11127 31960 16029 5946 2866 18448 22131 12523 13648 2057 9858 5912 39050 2554 26577 30640 11348 33303 10305 2385 108 37356 38989 18895 4269 12649 16580 17747 20008 17757 31398 27541 27550 23243 22128 17838 34476 3244 12258 28661 24455 11809 35133 11494 34717 19506
32974 5043 15292 18447 24106 33629 22768 25901 8172 15250 25240 11695 10936 12128 17456 37581 18899 6468 14952 35688 25555 16693 196 31990 35943 25121 28282 39892 14042 5838 24212 33767 21936 39075 19235 28616 15993 32846 6150 33890 5903 15990 6985 15169 24638 16292 7211 18596 6029 27549 1385 2891 21163 10628 4317 21450 27194 14515 36358 23289 7122 19514 34265 25965 16813 39555 1071 36606 18331 9453 14278 3078 14128 13721 23222 37788 14381 34108 11754 11872 22783 31105 23157 406 11150 6608 38240 10486 21679 27031 816 20524 18433 27413 8829 451 10644 16348 26777 24165 4976 18421 5162 5676 31604 10321 38363 18894 38256 39089 30975 29224 33435 33779 35586 36022 18946 27138 26266 31576 3034 36452 24535 8084 16766 28445 6559 27666 22694 31043 5100 32625 14580 5851 32188 22087 25253 31673 20939 4649 5966 14374 21505 21551 34339 11028 12869 30592 24007 27163 13888 18063 7506 26170 22056 29781 8826 16199 5402 1908 2439 33072 24512 39687 33034 35976 26169 2160 31243 6129 17145 31090 31437 6806 2964 21899 35759 11943 30403 36466 6611 17018 10145 7770 6433 29366 19316 9949 25585 28197 11826 34651 2500 22826 31137 11145 37770 14313 26144 1597
38814 39678 36042 25267 4844 6996 32358 27361 4597 17915 19082 28150 9487 10351 33937 39604 34336 29035 12507 29142 19365 3030 15026 10940 8090 7038 6064 22913 32366 21924 36101 20736 33076 5727 29684 4973 8526 35830 38636 38319 3842 20003 9181 34204 25695 4439 526 27673 32718 31670 39367 27063 16705 15389 24894 26251 24048 5536 18356 10086 14256 7137 5216 7719 21580 514 25789 27231 25608 10329 28729 15236 14096 1969 16915 23643 16522 38929 15456 26555 5234 14426 20298 24835 25371 15174 19493 23076 14576 3577 29788 16272 7256 35154 29329 36429 37016 26416 2759 25096 24162 919 27340 9361 16383 4324 34035 35998 39841 28063 10500 4672 31375 25250 9466 38087 25104 33507 16637 26415 10033 28859 3086 1715 13010 39730 3608 14893 11026 6539 29394 33216 5188 39676 30324 16557 2269 14107 10078 36771 1503 37490 26650 9598 16164 10633 30173 23185 10046 37420 33033 20697 8129 38298 19444 8549 3070 16264 26900 33564 16330 29519 26998 27068 38067 7457 5933 6290 35946 28758 11395 854 14884 1312 23202 15497 7067 36710 7338 23830 11483 20019 33039 36290 2134 17545 11006 36332 28926 9271 14692 12678 28297 7667 9462 39201 38182 25372 27784 13051
7004 34552 9381 34274 21595 7865 34488 18163 4470 10492 8019 20514 26870 29945 4349 10425 32567 35953 3349 1274 32916 1912 38486 17947 32960 612 35614 5240 23953 11903 18328 36431 5931 24588 17399 2810 38118 19376 19275 36605 1835 37011 33864 34685 32480 9630 1147 12298 27049 3699 16202 6305 38086 11062 29904 2935 33763 15048 12397 36195 31091 23415 25122 10735 9151 33340 25928 29985 9498 38172 39403 20728 33377 36301 37667 35033 11318 32414 9418 23719 23418 6530 33726 24090 20046 12136 22099 27506 38195 11012 13545 337 33477 21117 152 24336 22336 22807 6155 17568 7675 22459 22968 2535 37897 29602 5041 36184 18505 6572 1977 9007 30981 37938 3392 7549 5596 6538 22621 8282 21969 30139 10095 13356 8189 4507 23426 16329 585 20449 37646 3238 21193 8650 25282 22139 18956 15400 39165 11023 4937 10307 3768 8356 5355 4953 26294 35482 29347 8339 22939 34989 27755 34280 34398 24188 39185 16117 6489 10680 12027 38831 29355 4436 19305 38962 10683 37961 4031 26858 20496 29358 17835 6889 25365 20818 28594 6779 24906 5895 14607 32703 36780 38802 35668 25343 19223 10710 10503 28172 7523 25087 15877 1070 7248 39939 29114 36103 37335 35905
26626 13711 8916 24296 33520 2125 32063 27874 26559 16785 18550 22001 30210 7748 16408 5227 6230 37258 26926 14509 10523 28220 31210 35105 38624 10567 38745 13159 29656 28795 33643 14710 23001 13682 20361 19751 24481 25194 34259 20562 8696 7694 37873 24881 25084 37374 15703 9043 10808 38305 34190 9881 27765 10343 36570 27900 1161 31033 37943 9529 27950 36460 9411 11350 4084 707 16135 37538 5515 33703 35608 10656 37804 2777 36929 32556 15245 13965 26688 15262 29042 26701 23135 2561 10802 5304 36100 36067 32803 25708 24258 769 4966 4876 18338 19969 22718 21066 9591 27353 20489 39795 1770 1535 18219 26608 34438 34731 7626 4411 27911 23213 8691 2025 38614 37556 3790 12108 7037 1175 16338 21025 2343 29557 26352 8762 20580 19669 329 3052 33755 35122 23004 15386 4788 25772 11787 29079 839 20795 31321 25669 534 6987 25452 27336 5224 22648 6239 10369 4825 38600 13987 12953 28376 33735 25565 8906 2600 33692 8193 15104 35792 37675 13902 29434 13691 28330 14292 14989 10873 37968 11957 2410 30289 15140 31250 3866 35343 5872 27940 17566 16158 38008 35451 20472 18198 19353 35517 31475 18241 18677 39564 29982 9998 12101 31239 18 12532 24880
11697 34225 27433 22419 24073 34850 8232 11636 14293 23021 22791 26838 3367 11523 23526 4806 2721 18372 30593 26605 25370 16538 19710 11907 6370 4567 37655 24907 8046 27718 6295 21088 29604 15394 10888 23131 13653 37073 25416 14135 8830 34522 32500 19005 37318 12216 9491 25688 20554 15870 24080 29401 31207 12832 38881 1660 32355 39123 31782 25929 37783 15735 378 7135 5812 17147 22365 14243 18900 26546 18851 14947 31127 1558 8235 4648 1088 29476 18758 17220 25309 25482 35498 11016 81 24688 10519 2114 11854 4015 22729 22994 30562 13916 7722 1014 13565 1522 22259 28575 14168 31943 39848 22609 11555 4524 17296 37024 3488 13102 37501 23094 16997 1125 14780 27686 9515 1094 34802 32903 28436 35777 31097 35510 32108 37908 15163 35642 25893 34093 11459 31815 33366 4137 39039 1782 18821 13318 14136 28050 30394 34778 18853 21056 33724 17190 22803 3706 7214 27737 13212 21077 15160 27227 31094 18598 26389 21126 2734 1775 7169 9774 3597 30317 30680 24275 25239 24509 6074 9260 14644 10896 9481 20329 22021 26363 38180 12819 5225 21892 24264 7627 34534 26250 10909 24190 29340 2770 7918 21535 2251 31591 13423 432 14457 16604 39148 14859 26934 11163
28440 20322 6448 718 4030 16114 7453 21055 10894 34483 39399 17394 691 29030 31418 22945 23660 27781 27048 26956 20634 26793 39433 29636 14473 16245 24434 2799 7455 15778 31575 18184 3816 15565 36627 6446 35631 16622 8176 32342 22321 25290 6665 36818 37837 6642 6405 7363 21681 10607 30865 35599 34413 4261 1515 28365 6430 21835 35989 4608 24387 37805 17804 19089 23343 8584 32159 8488 5517 37275 31103 273 22876 7709 20700 18736 31568 23090 14948 10092 28708 32510 2268 6977 12908 15133 20655 30976 25114 37531 1647 3028 22458 790 18441 33220 21992 23339 10791 457 6051 5122 28715 25871 36544 19374 21732 11072 30863 1872 36107 10447 14156 35785 6207 15290 37158 32640 29200 27242 2953 15175 19632 5457 23363 453 19734 17240 20359 32570 7560 26035 8211 1542 14600 34283 19806 21044 31690 27630 31305 21428 14388 8407 7015 20687 8622 21494 7881 9503 6770 24326 19930 30457 37874 13180 4644 19451 26174 38134 29219 16531 28176 4304 15436 35073 6475 19962 18809 31650 38330 2195 16137 22129 15521 16328 29736 32650 28047 19505 12777 22590 21060 18661 14626 28603 37384 3482 38482 33682 17496 13352 22093 223 21690 24401 9632 12191 25436 3156
30448 9338 6359 23169 33236 33467 30764 5967 658 4857 27324 33918 37112 39722 29617 17586 33560 20881 5326 23081 502 23636 31447 2249 9804 3909 102 1354 26371 24484 32049 17659 38263 198 22264 8658 23725 28862 20127 28755 6135 28067 10645 10220 34773 1779 11915 36836 36500 38450 13617 22228 13546 16471 33924 5235 4090 30112 913 11396 13802 5701 30954 5830 12071 30338 19617 19219 15334 10572 26516 727 37603 31272 21547 24126 31825 31481 34891 16587 13311 19559 4294 6609 37977 24679 12798 4257 9101 28024 30784 5836 12782 39407 36676 8298 31524 30529 8370 2227 30859 33599 3351 23263 33253 38576 36799 15750 31807 25687 11675 637 10833 576 21158 38356 23906 3807 26886 4912 35896 14399 12885 14960 16631 7680 4823 15554 33104 4624 21729 17075 24394 31831 38822 16569 24490 6247 31121 1947 36497 23477 26891 12682 4296 37518 19129 34640 12960 25614 15646 621 3234 20451 5138 15273 24912 22483 10241 32573 8657 17890 80 13613 17823 1105 10839 6335 18762 10875 5951 24288 33759 37552 5591 23191 21021 32692 508 34417 1144 17781 6286 37792 18695 15919 4059 16182 14853 36887 34639 36744 26246 4518 36223 34976 35746 35674 93 37043
28572 29833 2278 31980 28192 36827 5770 13968 36177 6936 21449 16047 36515 10573 7124 17771 36288 33931 10772 28606 24895 32849 27621 23802 6022 6788 34301 25131 6338 28521 17621 23670 38923 11500 1059 9535 20471 39384 7443 17678 32553 9849 33140 7756 34046 28668 17806 31391 32639 16958 19170 28158 1645 20028 3622 25442 18588 9637 9767 30668 33475 7839 37008 19626 9883 34635 28156 2946 21321 21118 30266 17092 15094 17751 22958 2939 30835 31762 25395 38577 2765 27679 8379 10333 17997 7758 36935 14924 10395 22830 15147 20930 10959 39925 26699 33157 23877 3026 31396 550 3815 5419 5712 35658 30096 12971 477 14606 5744 20879 24520 12396 4134 24432 25864 26938 11096 33163 27252 31048 7586 38011 30612 13085 16755 4853 31638 20533 9661 8681 10598 17040 2520 15143 18260 13940 27540 15322 3648 18634 6730 14541 9802 3651 23424 23612 30339 4162 37343 29265 23683 34965 25447 26438 29526 3760 29821 11933 34463 17853 8332 15770 10368 120 3303 28608 20917 28693 2367 20952 25386 34885 14941 11563 37550 35873 26464 39336 3134 21191 9749 298 20244 7646 33954 3296 13427 10426 10134 24400 10938 17096 16335 14056 21260 22312 15683 38996 28437 12658
28349 34258 1357 15466 34189 13732 21902 33607 22564 31918 26004 29066 30443 11589 23109 20586 29971 28056 4716 4313 11191 35045 29614 32616 36568 33369 12965 15066 35509 4795 39115 25849 26204 27814 2702 29204 36260 2020 2797 9511 35460 21861 20958 39962 25010 2215 18014 2111 6258 13363 2994 2537 39366 28517 39953 926 8385 1106 24607 31172 6319 8888 23576 16868 30425 27229 11726 29792 18703 21251 38334 11476 918 18200 10515 15828 22016 7106 20694 5817 3600 11386 21347 38036 3901 29989 9589 7600 18741 6643 33509 35776 39220 2612 36682 26475 24675 28171 26470 10891 7866 25456 18807 6549 38062 20437 16536 14044 1277 10400 25139 20488 22727 23810 4295 35120 30749 30301 12646 6811 9097 1225 22728 24004 18933 25916 23685 39552 15439 17353 27800 19121 12922 24790 29952 10027 36354 21594 5793 12577 8161 21926 25196 39797 11482 32209 12447 8645 4573 21620 33740 14389 12433 9465 13438 21556 28135 9623 20671 20286 486 28641 2795 12454 37440 5130 24998 16072 4361 5027 16791 26154 30176 24705 7452 2341 39746 8422 25630 513 12073 35247 18865 22163 8277 3856 36706 28236 1138 39694 10025 1339 14652 19992 28122 35752 25433 1545 4241 11862
11195 8044 32690 12005 32591 9480 17827 11729 6555 7245 5514 33544 18397 5218 17061 67 36071 32607 11791 36263 38728 39227 38677 18357 8611 37021 10116 2053 22485 39831 37340 13189 22731 7730 949 3993 19715 30769 12608 23888 18614 29630 19842 25653 7094 29613 22432 33071 35722 17373 38644 22337 24074 6979 14913 30970 28189 4645 18624 953 10089 17743 12903 37154 14506 25083 5982 22540 21162 38840 32156 3840 36393 15261 2444 37980 36175 39302 12994 21197 23198 10533 9003 34058 20565 12419 26185 36446 9377 25175 18584 36693 22899 31452 13877 27901 39340 31578 29133 3927 37161 17089 14625 10375 15482 12328 10726 1585 6212 31070 36862 21834 5702 36199 27232 9771 8220 7182 3680 15337 24272 29168 32598 10724 34051 12418 4991 36955 29661 6250 31755 21956 18502 10173 6576 6584 27941 13115 4323 7872 19415 13459 465 19771 29679 24089 31448 9614 19209 24516 36663 5919 39422 26705 25317 25905 23516 2013 24524 36166 35150 10248 20401 8637 17896 27319 13878 18123 9420 20546 17906 39247 19600 21004 4488 21853 34767 15455 32694 38613 37925 1994 2379 4992 31429 915 37703 38258 36509 1325 24810 29642 39326 14608 8167 15072 23943 24547 7096 29907
29029 6404 18380 20148 31039 31145 1017 35951 33493 21331 33574 16207 11322 35106 4038 26377 19865 20119 18463 7323 36247 7550 13421 23949 10878 35902 32236 11922 20814 39293 25183 25044 655 21891 25622 19289 31699 24847 13134 27382 10209 7803 23017 14695 29012 30202 15972 39783 18475 30945 7111 17199 28004 9152 24541 3704 17105 32998 7605 10518 33612 36049 23219 19543 31898 35059 1626 38732 3337 29096 8256 30287 39887 10942 947 21204 38278 27819 5563 16003 9074 30370 19677 34159 14726 22069 31502 12943 15345 33781 32853 12602 9446 26731 35618 38368 15723 25506 25526 10543 35711 5545 4188 33818 7170 11737 11562 15878 15493 30706 34881 37461 12595 24758 16235 25065 31878 7745 7744 26584 5849 27658 959 9865 6334 24323 28084 34702 26606 30777 23545 13456 1560 21882 35340 4049 24934 33229 11397 16429 10832 32817 23127 27733 13550 12749 8923 39214 29071 24594 19161 17324 38347 3987 32989 4555 26622 24626 743 27638 38339 8639 30565 10270 21350 27064 27393 16796 31122 27069 3391 14455 39723 8781 8634 22132 31970 29502 18914 1322 31129 18257 18223 34738 10201 25869 21417 14672 10026 15899 6792 24471 37176 26378 30807 29164 1862 22396 10861 32589
35321 11339 36655 25673 32574 290 2263 6657 37869 2258 39898 29896 10430 6069 2704 19693 27682 38190 19009 7910 9971 29240 4859 9668 33897 12635 31872 7536 25691 24858 18062 38211 4440 38354 11436 7120 26091 9985 1719 14468 38547 14266 27688 32326 27949 2092 14942 4505 10521 11602 26115 7190 1111 20276 17034 37825 19639 13707 34313 32260 2048 26533 30053 26312 1283 13371 37149 8011 29977 19908 27046 31617 2524 12847 9640 30551 17377 26948 1252 33156 21534 15895 33745 3538 13945 6120 27860 38590 5469 38760 22897 3132 9968 38944 13863 8515 32755 11021 30258 15707 23235 13211 14829 15739 15772 27859 575 11999 28498 4790 11495 17404 38941 29808 21465 13286 35760 3747 38059 23563 25522 33958 11760 9944 18227 1804 2161 25989 30860 14221 36813 20935 12534 13341 5704 35097 29146 25759 18318 30177 3358 1133 27564 30340 22744 8122 5161 10195 39890 28676 21606 5964 24803 11231 37959 16088 23731 11678 16926 1802 20748 27857 18036 28584 19788 25858 8165 9410 19077 19478 2879 36210 16357 12342 28389 19403 39330 16743 13964 19213 5403 17776 30933 172 25186 15833 27177 31075 10838 1384 5826 12415 22736 31717 12828 17182 4149 8548 15315 17584
11124 30204 6684 6439 35373 319 27266 13410 672 572 30013 1091 33522 25070 16853 8414 12407 37179 36549 289 1314 7361 35001 29716 30130 35690 30251 23694 12729 6601 4677 18332 38616 14325 33337 34061 33984 30330 16086 28025 6992 154 13141 21418 18747 28970 34545 28162 28935 23168 23999 36421 10094 3533 11924 3307 21550 22152 28452 39850 33360 11377 19172 12736 36725 25170 12522 11576 35605 22314 37271 14188 13030 13921 23262 20321 38758 19311 14324 7749 29212 7062 32076 30410 5149 12145 7485 35835 1763 3170 17473 11143 8182 21233 27290 32876 18137 9550 5219 28124 20098 21477 30557 820 7643 14299 13406 28750 30461 6055 28261 36228 29017 20042 10469 2699 35996 24242 21686 14972 6431 37463 23794 16171 1823 349 19494 841 5092 34455 6696 37442 358 4602 11115 34269 14169 15441 31793 33802 21781 14306 17988 14249 24766 33792 23816 6919 6476 33979 14264 1557 12061 5614 10679 31694 35268 2287 15486 9484 11175 12273 34701 25106 34803 2072 24773 27991 26909 23119 38532 12976 37708 24029 21360 21223 37230 14251 39963 15484 17286 34097 35553 35365 35837 3092 34466 2470 38757 17462 14510 34373 39424 8705 28548 21067 36251 26564 23125 38209
18107 39681 1022 22825 2632 922 25210 24172 4607 32944 23893 2505 23330 3832 25850 22036 6177 37236 39509 18511 25628 11470 21180 19521 33367 39307 499 3945 25406 13523 10673 32713 28044 33324 29477 34430 22182 7093 29622 26781 3677 22123 3892 8449 22702 3257 19135 35609 4927 30657 18478 17189 22309 14556 21036 35917 28006 12088 13574 34755 27827 29471 9879 38235 544 10850 3673 19652 23931 4721 20775 5061 7171 28601 4659 15168 14015 31483 13712 5910 17580 35469 20727 22008 17964 35060 34953 12130 34863 10746 8685 4771 34590 15047 14718 34841 4533 35731 12494 14669 18586 26973 21506 4704 31271 16169 12834 4932 19564 1951 635 27746 15905 15837 34171 32515 20684 29638 1263 2905 15656 12281 21352 5956 37899 9713 1418 35330 2874 13765 4807 7557 14205 6245 28560 25154 22034 22746 36088 26640 27770 2405 17994 2463 21920 25354 30879 29687 8970 1631 20751 34101 23742 10637 4934 32695 19837 3328 34890 39798 29230 24076 24696 6042 30489 7710 6905 20425 34221 31651 1122 19150 32105 428 38427 27236 36763 25746 33037 5642 6231 33567 29632 27816 32660 26143 14856 36857 3253 994 24873 27089 39477 3027 4540 18321 16224 23812 39387 26552
27102 2894 26419 12709 2752 18940 33283 37032 4443 30197 12906 20592 14046 33499 13142 26119 11591 8087 5064 2332 10793 22116 29178 20743 22088 6400 2360 29325 23098 470 18814 23779 22979 24601 32532 36239 1805 1393 5885 39934 21063 31543 37768 8968 3346 16777 35725 25797 23071 16097 25981 28657 29019 23434 21880 31586 9697 25821 2845 36608 21467 9914 39865 9355 14130 9019 26875 7186 5569 9146 12733 20762 27519 20537 27188 28765 28268 19888 36032 11899 8244 34601 536 29949 17687 13231 9024 20936 10537 25328 6067 889 11324 3884 9643 33861 27128 20862 25233 31906 2297 25215 29116 30332 1783 39010 10842 36011 18605 38198 34571 4023 26623 16460 6011 6990 34445 38982 29743 29797 10836 17816 30641 305 11051 6211 3500 23875 7167 1798 5955 28318 15761 11488 33669 14937 8741 34872 4854 19193 22587 10011 4772 25576 23920 2872 14082 34768 9400 22217 14435 17460 12757 35794 18153 10433 37994 10895 37818 4080 39221 11985 24762 33054 1663 7441 35810 11878 17630 29062 36747 18075 12767 9042 32369 2008 2826 36689 9298 39309 5841 22170 37085 38452 31196 34539 22427 36793 2504 38709 32008 13222 38440 14182 21624 5957 34613 37910 2397 13368
8874 30747 11457 18500 2697 11029 24781 32979 36731 992 36276 1721 38513 1237 13461 35876 21429 36308 21164 15889 34460 31484 16815 2676 30229 26092 36764 3082 11856 5719 560 12109 17585 5759 1198 20345 12940 144 809 30043 36173 17479 4713 12992 39138 19687 24513 13399 36580 37089 18879 13080 20458 13753 20105 25761 19967 19320 38563 20888 8078 36343 36031 33699 30887 11032 34911 7849 17976 20920 27712 33028 30260 35673 16808 6082 29087 16319 17503 21485 31261 17865 5856 29429 1707 31964 20993 50 27075 3700 38715 25826 17055 7972 14105 33617 7464 34636 1219 5428 609 29111 25425 31715 6687 33410 22617 34088 5896 13446 12538 9810 20011 38836 22469 11694 25026 771 4453 7669 2502 17522 7859 9764 15552 33996 15635 11130 38326 10101 7868 3079 36283 24661 21447 8014 3137 2457 28585 26673 1656 18519 9945 37855 34716 23562 33929 39299 21480 15957 30916 11284 8744 30550 13484 18506 37891 13779 23773 37062 9648 16167 21075 19730 26028 35364 33878 1946 22863 9922 27653 35566 22111 31065 23100 2178 28576 16798 12811 22143 30192 19263 31548 38105 341 30674 17871 39069 1255 11310 31186 38558 9822 39725 13795 25856 22179 6897 14756 18289
29425 18842 34378 6842 18791 30230 14950 35052 10132 27189 17006 32536 38126 36416 13852 31814 31155 24848 39104 14840 31728 13308 14931 16893 19166 39371 15318 23940 16807 32470 36769 16234 28959 39712 36867 6978 23395 1259 38342 6399 26611 34763 24522 357 6210 13674 5927 37473 29981 32748 34053 19890 14446 27997 9376 3582 36910 2710 31273 19078 30471 21372 23829 24623 37586 16726 29771 21671 24724 34986 23194 30033 25330 33766 26249 14568 23454 5341 11320 11755 15769 23535 6731 25415 19131 1442 34823 28984 16573 35241 24460 14334 8992 22272 23384 39099 8533 30066 20047 20708 35528 14425 11393 38331 14104 3480 1698 1838 9404 25918 22997 6725 2154 20271 21598 28568 25457 1115 8751 38379 19915 9891 11578 5921 21396 38821 32493 4632 30528 37298 7771 23003 39094 25649 23141 4354 10207 34434 20013 20661 31412 13273 23174 14760 18806 22902 14591 36502 8866 16843 8621 19075 33215 37423 17992 27097 27496 16286 28290 13118 21911 10082 22770 6685 5844 14019 35754 37087 20785 3952 16518 22494 18594 11871 5911 38586 7737 21699 12213 7991 38229 31795 18003 9322 31341 22847 38089 6293 29975 27380 21030 29457 14899 9153 8570 7017 13633 4513 6813 28372
19178 34501 22502 14656 747 34457 37048 10764 25029 20827 1083 225 38919 18896 23104 22300 9937 11633 6605 29940 39952 22711 14186 19859 30679 19820 32620 8739 36261 819 21838 13403 32566 35459 18473 29485 35203 17740 21037 22542 16035 13254 4047 27117 8833 25966 6482 5781 13544 39787 24473 21863 26260 7790 4873 27639 26874 26750 6298 28746 39956 38064 538 36842 15374 35162 18020 39281 20427 19040 5757 33193 17935 9020 33463 18499 18224 22906 36986 11620 26631 1361 7263 17297 16708 13322 34315 38071 12339 28983 39239 31032 31408 39987 9468 23192 14403 22439 9273 30787 8104 17637 11686 31173 26236 8707 34160 38811 32406 28990 16955 14407 35206 17889 34543 10319 985 35629 18517 8627 33632 5948 3430 16492 13547 11269 2947 14216 39532 21619 24228 29091 11953 4987 14969 16208 14646 39314 30996 4307 11238 20402 29050 2738 16393 22689 32501 1170 24238 8592 29306 10446 28280 871 9786 36720 24399 19804 16944 34810 14559 25780 28817 30576 20769 19051 17668 16535 24360 31682 6451 33672 18295 944 22013 25679 37566 5299 16203 39005 23281 7095 78 26865 35922 26351 34232 20644 16473 15689 8940 20635 7307 21287 30756 4550 26125 38359 29537 10055
39979 32332 28026 33751 6785 29032 14276 12492 6820 31739 9131 19705 29610 22057 4870 6357 21717 9250 28662 21631 29403 39255 15555 28446 9844 25586 37610 24216 24397 3571 17036 30138 22117 4885 27652 8207 14422 30564 39734 28091 26447 17111 10678 8465 38858 6048 16687 11074 27790 21221 19579 2764 35349 6447 23359 28884 6831 37334 24822 11468 37152 4775 17304 9828 3205 13074 30476 24556 697 9212 32587 37632 29067 7442 7486 33482 32494 27044 29697 9182 20054 10602 21881 3305 3741 13736 10593 1331 25349 38769 3422 13971 37619 11887 35091 26118 5022 10464 195 15150 11389 31609 104 13193 23053 2558 5019 37577 27526 27415 2121 5338 27459 9049 5592 27206 26771 23440 28469 25157 19503 13497 27983 21755 30530 25011 5733 9217 38926 30316 14967 5443 5848 4889 13890 39871 13826 3038 14767 29695 16624 28722 20553 9934 10560 9984 35034 28347 5035 39760 26139 39632 18606 1018 33695 29999 16611 34795 13851 15405 12052 28450 18787 5119 39957 37887 36362 28057 1411 38396 13759 37199 17825 36601 15797 1332 23621 2322 34862 4705 4234 34673 13527 29252 33594 13143 31820 177 5690 37801 6342 10927 1207 21144 10157 39030 13443 36869 676 31657
6843 8542 19875 21866 8608 35829 19012 27852 15197 1300 4273 33268 28203 21161 29327 20525 30050 11240 2447 31603 794 36334 5752 26989 16098 38968 34129 2512 11295 28624 22832 19189 27477 22169 38772 768 4493 6012 21989 34708 17593 26957 22543 11358 1063 4024 17718 34142 21190 39737 35139 28814 27079 12451 37748 21393 24793 3058 2018 24569 8071 27081 38736 9479 18509 30126 5331 15017 8796 19929 21257 23402 883 12374 27305 38776 450 16267 28537 18086 3671 3455 20470 33819 531 13809 13372 8088 32930 25595 38007 3400 33811 15786 28579 12835 7148 30847 30843 20324 1589 17958 39796 37462 11568 9073 6001 21660 19028 10185 34874 21034 24759 39794 27839 8555 28029 20216 27296 22850 14207 20022 1501 2876 30696 38819 5044 37083 4741 4274 24864 31011 9236 3984 11742 3574 39498 6781 34116 770 22372 6078 28887 39541 19013 11961 15086 27844 24063 9674 16262 14757 39041 9001 19422 37042 24444 39945 15427 3022 2063 29619 38366 8264 8072 13101 13504 14642 15741 18929 22915 31114 16660 23350 7028 37260 7679 39155 8068 12541 37746 12917 335 14595 38032 16048 1735 31074 12612 35279 30994 24160 37947 15098 12096 18194 29095 9012 32741 29361
9451 19764 11355 14366 5494 1401 27328 30942 3311 18707 31180 37712 20064 31158 23025 20225 35574 13125 7633 35928 21872 23392 10203 24197 12056 17552 29760 22588 16544 31941 35585 12525 24778 28202 39087 38460 14862 22625 4449 13398 23124 29170 467 16692 23513 137 33019 12696 38048 6052 38552 15293 28301 4263 2284 28619 30821 1166 7811 14864 1037 6480 13050 7976 23631 30977 24149 32051 16519 37130 6686 27442 21291 24456 24256 10475 12247 18724 8319 5909 22846 38085 11060 32417 26319 26320 7022 7277 6488 38249 9836 28174 23922 6902 19025 5624 37514 2572 10439 36945 20089 21065 36451 11670 8098 24671 29520 33957 6971 10191 9078 483 24120 1510 4338 30118 11316 6799 8942 20686 36974 20745 7640 25736 15270 8686 4984 21259 21373 32679 26912 36415 32163 37917 693 15932 14301 36048 23095 12685 30776 18599 7892 12661 7628 37410 29379 4177 39941 24540 10189 32134 25907 39207 34262 39996 11426 34888 11624 39141 30935 5666 30732 35295 22537 8602 21444 18333 11152 6827 31727 23733 26043 35720 17509 24991 29410 22513 25448 18722 15366 23587 8366 16396 15911 36311 11579 11522 10079 8380 30615 12218 34123 37387 15917 39773 26743 991 34008 22367
12735 20414 30071 27920 8629 230 19990 19222 26117 5287 37562 16402 12111 6926 19682 17782 22020 20640 27951 29869 25066 16150 17486 20012 10074 25123 1480 13039 7425 23338 4291 2789 19970 33657 12596 9848 36647 19416 4064 33088 1880 24113 204 29058 1579 37684 24901 11311 34668 24014 21741 31141 18667 18399 7333 7157 20951 32987 25245 26730 8359 27310 15019 25541 21406 1913 5374 8642 11580 30358 18439 28377 3734 24749 32469 18551 16275 3300 3325 27934 11345 402 38608 6330 27112 32202 13498 32330 23601 18006 33570 11902 29430 33525 9102 38472 36182 16489 11830 37839 35677 30957 24480 11064 13716 39416 33444 2669 21425 15994 29883 13754 21430 32189 17305 315 38571 17685 33964 25088 32577 18639 39635 2433 1901 27664 33661 3682 22208 31496 7358 39540 2440 7705 9050 30349 22273 2562 11919 33353 11858 16198 20443 33302 18419 21832 18683 123 36372 34725 1814 35971 2168 20611 2146 36571 37660 39372 32544 12533 19700 13360 32632 39140 26286 19610 25332 17043 38875 28571 26782 17956 29213 27921 36511 38498 8094 13684 25470 11086 36542 39493 10968 28333 15312 8724 24498 19797 34027 34458 7783 12587 13875 12330 14032 9956 26237 24420 10542 19136
36773 34714 35632 6115 351 18712 2882 2474 4061 38480 4612 13726 30588 10626 9751 9805 25501 6268 32594 25963 7251 22898 183 19291 6215 2828 9071 34704 24646 20413 22778 15743 39999 17379 23582 9113 7595 22450 8558 616 30015 12253 17221 519 8850 395 20709 28566 28515 8787 12041 5323 38654 37780 17862 9266 28508 14943 18243 3547 21696 4720 20651 18706 36641 27656 24953 25378 5509 12590 4746 19937 15814 11833 511 10990 35956 25548 13197 38934 32508 31750 35602 16463 8683 34212 28881 5798 591 36253 12172 39951 11740 8746 659 19102 1554 11306 16281 17873 10676 35022 4711 4132 10795 5877 7559 36903 6019 27739 21043 3295 31601 2131 33265 27555 4498 34706 18681 31530 3192 561 5576 17081 28015 10739 36519 37331 2689 29657 38455 27301 29469 28404 15976 30661 7530 36774 792 26971 12958 33545 15674 35027 10060 9665 27750 35495 34981 39253 31492 34363 22350 14858 5247 37391 27990 39065 25260 8840 7787 37292 5622 33505 284 18302 24704 19609 10021 12160 14630 22410 31336 3485 20115 34156 2567 15795 27196 28499 5266 31844 27246 22644 34143 20695 12845 30638 13849 32141 5257 26525 14210 26099 18408 34207 6858 15996 33956 6144
15880 9485 30514 38265 15866 15233 8933 34870 37147 27293 9369 17114 368 24622 31630 8280 13481 29594 3669 12102 35598 30214 4866 26040 26959 6018 13263 33378 27776 35239 20101 15412 6159 20663 7259 1388 35906 32744 7575 22422 2881 11941 29408 12621 32743 31896 23221 8163 6005 19641 24060 35963 27291 8500 4810 17609 1659 10381 36864 38598 4693 32840 29831 6883 33400 5867 23383 36561 33424 34369 26843 35596 31757 731 36805 35652 22224 20520 28799 13963 36555 22637 26937 430 4744 9975 14238 20497 35556 35707 3187 38250 30763 12455 17497 32383 20746 3944 29375 14279 26155 12690 7340 14429 8511 3298 23172 10505 436 8069 15054 34089 31417 17338 35274 23308 19130 8927 18262 33329 256 17750 11007 16590 18763 893 19835 11701 6185 34431 27447 27486 16422 33238 2925 16472 1622 30056 6478 1141 1666 16683 30637 38854 11138 32886 3441 1347 24233 32882 12500 15395 8935 38918 28704 34325 1504 22505 8246 4556 22883 29132 3601 29216 29123 36937 26728 27572 14589 16689 5075 16282 27201 5046 21744 39001 39183 5340 26097 30828 26330 27072 21976 267 37827 16340 38663 25954 6960 9731 8747 18469 22795 18334 20773 1955 22177 33266 38042 34500
32311 32596 19092 1100 17250 8835 11688 13103 35875 5644 12026 28794 27125 25211 30326 3999 16782 25716 22700 25654 16763 31365 11277 2687 36373 19940 18617 28495 22481 33297 10186 6938 36423 4620 5566 33300 3750 25844 34017 3004 24997 34166 2149 35524 801 10077 7477 31987 39035 33604 22878 17748 32513 39200 18935 14133 3123 2277 26234 22710 38399 1573 22293 6625 33584 23107 10935 23642 11976 13194 37263 133 12265 15144 35276 38767 18764 26184 14777 13777 17052 31440 30049 10310 13169 32082 30708 39101 16947 26521 5572 376 20500 16711 20237 28845 18322 29396 10018 32742 17319 7317 8 17925 29040 11756 27805 13818 37736 36111 1414 30987 35887 23266 35804 19456 26778 25939 31900 19755 16562 2377 31774 32884 34565 3321 14794 979 22603 33437 11174 27135 5038 34753 31763 17987 32378 7306 20802 29118 2726 30159 24082 6083 4207 12634 14036 20264 2449 12126 16838 14755 29094 34703 26124 24206 11630 33519 36590 15719 11891 38782 35551 26983 26682 17170 25205 38282 8610 10890 26303 4089 39425 6311 5395 30328 23961 25920 25271 29295 37937 12156 9339 17694 11921 11015 377 16546 16661 21266 5014 4864 39057 22307 10929 34578 3953 25389 34853 14232
5579 12691 2289 24163 14338 3599 18097 10255 25368 37296 17582 31084 7725 39545 472 39944 15184 36649 24208 9894 31001 16529 29763 4942 33048 20133 11273 6251 27489 38408 25134 6767 16113 20201 37796 17048 35870 11813 3460 10622 32129 31570 31572 28989 4663 19853 34041 5846 39268 5456 27749 38080 28559 12528 21948 37049 13506 37996 30117 25960 24229 14018 27469 37611 17542 21285 4727 31901 9244 24193 15847 15039 20091 33004 36946 8955 13058 14706 16168 1211 35032 27091 36898 8150 4098 23335 15234 23547 10100 33581 5505 27174 26315 4887 33548 31648 14847 20310 37188 31381 22904 6020 21272 846 27463 22286 32540 9296 26434 14855 16832 32035 6498 13336 32621 32374 13253 31380 2179 24446 390 24985 6362 38183 22585 18832 8473 17487 19889 14121 16052 35305 27359 4208 1027 14157 26318 30580 3102 35588 29543 28780 6510 22594 3749 33888 26601 1567 38985 2041 28361 35113 22840 28217 24428 27483 33622 16474 29517 35558 31255 9856 38794 17126 23342 32871 8273 32218 15834 7612 12890 21 34584 11842 38127 24153 7977 7189 20482 22563 19471 19215 26799 5106 11996 13787 33762 22843 4545 17108 32818 17372 17228 24743 11315 6266 6664 18493 15687 3955
30348 3882 16670 33348 9918 20465 38691 13331 19978 6933 20182 18893 25839 36120 7759 16491 16132 28370 6607 37283 38466 9938 1119 38208 20639 31030 22393 29892 25943 7695 26136 39955 39607 28087 15452 6830 22071 7377 22255 38825 6537 32300 19550 8538 36322 30817 722 10481 4422 10514 13324 22378 11407 10705 9126 17033 15776 32785 39869 9497 121 3818 12604 20752 29376 18858 20705 11020 21586 11531 28767 27360 8469 34094 30270 18082 6798 31876 26796 26759 23388 24135 24279 37942 39911 38908 23842 27843 15256 31002 21703 2671 190 5091 10871 39211 4897 15255 17004 16768 2119 37754 38169 32898 8597 10259 10283 32382 28120 8528 13370 35233 4911 11212 14821 26660 31895 24566 22551 5475 38445 3163 25098 29088 1650 6719 1036 12514 34818 31498 15260 12485 25941 34734 36189 17858 20382 7531 19134 5723 35604 18264 38292 24244 14487 3687 14753 31082 30861 22788 7048 18833 20296 25571 14088 35638 22880 22568 26463 15969 35220 865 1568 14722 10889 21870 23121 2604 28849 20623 27434 13659 7188 13563 5069 24852 35862 20100 3259 32957 11707 7286 5351 2417 9900 18246 6213 14547 34772 35966 28143 25360 38876 22678 33240 30813 15423 32181 6417 28494
30782 24337 33414 10961 852 33856 14534 34405 19073 13839 22033 2971 15925 24528 13109 39419 33455 22097 32932 17531 17943 4402 34370 29895 28903 1700 24096 4311 16556 37417 17039 16617 36475 31170 27179 15712 28375 30844 15677 1621 23452 17990 14673 3297 13883 34302 39476 38122 9321 31569 16662 22304 23722 21386 9366 7946 3014 13618 21370 12499 23588 16412 20630 22301 13847 38307 39543 32668 18800 34593 6075 19938 373 2597 33718 24530 39668 21588 5467 25431 18810 26566 34416 21511 8281 16825 12155 19523 25138 23529 21334 33027 36110 26496 28894 4574 10952 19298 9107 36860 8567 9852 19960 7552 1988 35714 3752 7063 3777 14508 37530 32761 31923 803 11131 37306 30525 15872 36038 15005 31565 12066 39644 24364 14393 31963 14038 29998 37527 7158 35436 38429 18950 21369 15672 7303 25900 25214 28368 15610 11841 19945 30803 30401 17153 16753 34024 8770 38252 9671 27504 12250 31830 37842 28154 6542 25033 9384 13628 36922 549 28293 26618 35362 39492 33296 34664 27799 35185 2774 26222 29934 30396 2290 28442 21748 6096 30253 38511 7352 10689 29217 25655 23293 39519 18465 26058 37857 2549 169 28463 19195 6158 6553 34807 4143 30545 10023 7716 10160
26135 19084 27133 30174 26818 20252 28355 27235 6881 32656 7330 36681 14762 30618 2546 30683 4289 20313 36872 35708 25812 18938 13686 12248 10320 28353 22747 2937 34605 21839 13191 15885 34830 33553 15553 3906 17855 26324 4370 10288 28058 8348 23438 12947 29607 6435 35449 29899 21013 31812 24664 34244 33258 7879 27678 22078 39114 29675 10712 7914 37932 7658 28987 12320 26885 4734 9729 36091 29847 25009 22265 5965 38686 11622 39821 16028 3287 30413 3010 26942 38337 4847 12063 4616 20682 30786 23086 25629 11977 21415 17970 25968 20725 12215 34179 12204 14436 39843 12176 7806 30155 31401 5533 2977 23882 1869 10359 31296 30642 3931 9826 21501 28713 12363 39554 21277 28373 7819 9669 37036 31626 9864 10931 20480 8028 34481 11831 35893 7874 23755 53 27812 24156 4701 31600 4144 7184 22161 29108 24517 3770 20513 35748 11179 5207 8405 27928 8393 36904 3556 744 25212 26982 7510 3565 3756 4822 2547 14774 23114 30263 13435 7843 29120 10326 6621 17352 27466 21029 32281 27121 1082 26425 24582 21565 15258 29467 28326 21723 12899 38629 7620 25325 24391 7990 22148 15659 27721 9990 8644 25546 12401 21264 9756 11206 38228 31439 1527 10509 35867
25872 12348 6855 11553 17405 23378 23669 3885 8878 17754 19072 20942 4489 29846 30038 18982 35337 36143 22074 34172 5886 2965 30494 733 25938 37224 12938 18560 9909 38585 968 27372 26624 36295 23919 24284 17012 39537 11027 39472 2471 18482 12429 2544 7916 11314 12907 30470 11974 35651 23436 17356 57 7833 5650 14659 15831 13332 18118 31467 33201 6424 22423 22204 24733 15190 38720 34226 20742 18256 20205 27866 27524 9896 5261 5754 32473 11083 31136 26310 22435 8838 13927 39667 22784 21666 34774 12591 1840 10442 14529 36465 2003 2058 15965 28851 18784 28248 14020 13895 13150 39662 25428 14716 39507 15032 27076 15289 16057 27208 32005 27312 26369 25880 34644 33232 1591 33393 32676 29757 5426 1 18530 20741 27036 9557 4372 26925 22498 31620 24850 11049 5713 28931 4250 39095 34177 25041 26342 19982 34264 2486 36534 3826 28131 19515 39811 14531 15242 32403 31855 4226 21528 35389 6795 36908 22068 22382 32893 3708 37360 19383 19034 11038 5159 16867 2174 38446 8304 29903 9536 1044 338 17098 18155 34621 33099 31363 27808 32004 10506 37015 31975 17232 19801 37689 19475 10579 7855 34908 34385 14250 651 5813 20432 32992 35935 27593 1275 33684
39578 7267 17335 32340 8845 22250 31931 25204 30893 28221 3247 8278 20464 26273 34462 15391 4777 28714 22084 17562 13326 33880 11973 6181 32153 11031 2870 13745 1409 14031 9695 15070 25417 27768 16415 16413 17737 31178 3603 14423 37862 445 21122 20377 27351 38142 18422 4576 35058 29332 18487 5054 607 20512 33590 15861 18967 13576 10289 12158 30884 34382 6202 24826 11184 4185 20251 13278 13454 2680 17979 31073 332 34073 20393 8005 11113 12633 13699 35335 22085 10981 30755 14045 9388 33449 5963 15503 38266 39499 2031 15379 58 32384 19846 1264 14229 17359 8101 6743 22787 8065 1765 8042 14854 10114 2930 885 9240 3106 18427 22919 24311 14033 16928 14744 4325 34721 29153 20857 39417 12933 20604 26528 14548 23307 27912 31706 34876 15159 33021 30694 8335 24194 19761 15724 33879 34667 168 9360 34208 22908 13782 3887 32277 39664 18466 21113 33710 21402 15354 25399 7410 27906 4666 36159 30501 355 37274 7315 18608 25697 27825 11936 2143 35572 33828 15333 25316 35533 31096 5706 5210 16446 37242 21160 34956 5239 28911 24870 29572 34992 32457 25159 7660 38317 16827 12090 3435 35197 30400 3417 37730 19902 28103 38361 27634 20600 25723 16855
19465 36513 19469 167 17822 17446 17999 32264 3304 8843 924 8776 35018 6721 36870 32627 15792 34075 29718 15125 36266 19452 16082 6564 8210 35086 6034 2640 34107 5661 6186 34920 5273 35941 30004 35940 17908 24139 24776 22859 32867 3383 7228 16280 16300 35988 20791 25113 27607 11200 7690 23271 6519 16085 25720 32220 3196 6028 20926 4685 36070 34152 398 9380 8502 20766 20636 25550 32065 29690 29897 8959 15978 23164 23283 36227 29001 30016 1056 3440 26873 10246 34163 14925 23033 23565 24657 33592 6653 4201 8325 31729 10051 12367 22266 12198 30379 16036 9684 18249 8058 24525 23242 26806 12476 24437 35920 1023 1358 24383 39767 39561 37985 33895 11305 17447 32059 30595 15279 7762 34815 24988 4695 15942 6875 25162 27241 31627 25396 32185 18111 3685 6924 11507 8085 21252 19686 18765 31870 1910 14054 12044 25195 29583 15523 26758 25054 36055 29160 10823 26876 9180 13519 9117 25990 2392 37061 30373 13592 31506 37963 16031 32370 26794 3160 20718 19302 38626 7824 5778 6957 1566 33810 13282 15822 20851 38705 15041 12038 3839 7059 18414 8771 39229 32662 31309 16745 10227 24122 6944 34634 6599 5880 30146 14315 1474 18873 7861 32976 25601
26588 10215 23320 34062 1847 33869 8382 1419 19001 6797 35860 24331 7609 36133 2452 4945 18402 8824 9654 5337 8443 22478 15239 22892 17859 33795 30244 30093 20569 17924 22508 21915 24780 17578 6272 14411 12079 7319 32646 11706 17315 13942 35630 24740 15633 30886 22834 11769 35392 37352 22090 19994 3767 6466 21253 25454 17160 24436 39067 15434 22771 15841 28078 16368 27514 12480 8889 22251 12900 18526 23957 8141 5168 29872 8248 22713 19748 11763 27665 19055 15213 28680 19186 5280 27080 9444 669 17254 26248 20291 36440 7078 5339 2801 27374 6732 23948 12531 27257 31245 31085 39886 21868 22092 36699 38707 29249 10102 25750 16063 35366 29740 34958 35267 7215 28022 5152 21692 578 28079 14841 16528 32178 36558 10435 21745 35687 9033 22822 39768 10864 23556 10534 12688 24378 14432 18304 21883 19248 37181 7736 17895 633 33748 27792 31291 2157 32490 31851 10960 569 23346 12964 37692 28002 31628 38536 9522 2910 14609 32252 6275 29780 12450 35029 16106 32135 1792 12996 33239 23476 36298 1227 24245 9832 27796 15030 23148 1548 2325 685 21273 31732 30029 12168 38995 35207 15534 30608 33730 5308 9261 27735 28020 1348 11982 35456 8514 4154 10137
17918 38073 36140 4167 23699 35289 11702 17724 9202 27482 30077 20659 32017 21457 33668 5108 12583 17963 24770 3502 26307 20223 4581 4841 10798 6854 23800 6961 10057 13351 30001 39735 34594 12217 4326 35721 39702 5357 23280 32734 10146 39017 30839 25443 333 3535 32923 602 7351 3879 38309 10657 3696 23105 6571 24028 29081 5444 35745 8342 23182 31193 27780 935 26977 34134 8733 5276 17558 5062 3723 36631 15276 2223 11804 2959 1465 34898 10755 18558 7599 39250 37163 15947 33725 303 20566 18699 30022 14721 37187 37854 29991 8425 12887 37232 12714 10155 16076 16810 9133 3185 16561 8975 26988 25742 2176 25952 9008 14390 27111 27570 15567 4924 10024 21617 3009 25886 30165 77 6361 25819 26325 26333 19954 6224 4235 39868 9290 25779 17938 23413 34663 22354 33326 29538 39025 23723 15100 30034 17941 31071 12810 28514 32545 6923 28893 12201 26907 31494 4761 30875 6401 3598 7321 18849 22649 34628 3702 18678 20029 5942 12209 32552 7588 12458 10402 22041 18282 287 26258 24179 27181 20273 30967 15411 29161 33609 32258 21284 12752 31659 18984 33875 16596 9791 16230 35738 36126 1523 23858 3263 10865 12487 13468 8563 9421 25949 21397 5381
18611 37823 25805 28146 36326 38152 31909 22636 27488 18299 25067 18756 103 6814 20371 10317 28371 25356 29685 20287 32237 23959 31177 33013 38023 3379 14657 2775 17308 14263 9931 20445 17485 38318 13730 37946 24611 17618 19592 5190 25387 15774 32099 15211 6578 19912 24879 2707 9114 31176 33380 1727 14902 13559 5762 21996 29369 17026 36338 24170 6529 25474 5275 17062 3665 3186 39105 21599 9935 4896 28493 347 9 37812 30483 22144 1705 10955 10782 22107 25135 32413 7939 36499 30799 5672 22398 9928 12230 34136 34167 15075 1614 34977 18912 10005 8286 6228 24751 11745 2624 37723 22340 23082 28847 8387 34418 9560 38574 34517 20350 28485 8432 8455 1811 10044 15571 16303 14636 25717 12692 14132 36146 35491 4381 23964 32425 24032 15995 29373 12951 35828 6771 27553 3457 7024 563 8450 5547 7065 12075 2840 2733 14620 33834 24356 14971 15525 20770 21052 13590 38357 33413 28046 10776 29976 34043 2345 8576 25185 10208 37084 16162 9223 12190 37885 32737 39400 32415 7712 23548 24875 13778 21591 8331 31610 18563 35196 19810 5924 6087 1266 3560 18600 26414 14349 37123 4120 32333 30940 27412 36748 9341 8768 23345 1425 28216 38756 12856 17899
8524 38426 9992 9806 11283 35151 23244 22864 20367 27184 14173 28604 11808 36918 16373 13719 8823 9537 13868 25906 11501 31902 19856 22015 425 16231 16632 7480 17672 38332 37382 21979 24092 34847 27495 12631 26920 37157 30717 38287 21329 17530 29026 6644 32036 30000 34019 27660 20354 5612 20613 21131 32962 39125 3849 36196 21490 29464 4963 31865 18716 35358 19396 17885 38244 17389 39085 752 26211 36622 33989 12095 3283 34828 21017 36661 2620 5346 7645 30314 29569 17106 24273 35877 31162 7107 35119 25299 3005 74 4814 10386 16190 5975 31581 29055 26381 10978 34631 21403 689 11987 34643 9939 18167 15964 34014 21905 9455 26656 11099 19023 26140 23623 640 8057 18860 31899 15164 10358 23766 17557 10872 38196 25777 17326 18411 25763 27491 17139 22821 39536 35246 20821 35839 6865 13662 33932 17519 8020 8358 12255 3473 24109 8431 3867 24825 1276 39348 35670 24240 3848 593 36352 38003 10962 20698 31937 14175 14634 39626 19388 18429 16273 16046 28310 28844 10814 26053 7272 11801 21622 1691 21317 27588 166 35959 39426 30628 39 26231 36361 8310 8785 16307 2228 14201 32830 31720 17248 37136 34295 31714 33093 23199 14430 27975 36158 26281 36084
23737 2113 26779 20683 23204 32304 21937 22950 7382 25376 11778 32802 33245 12944 7562 25924 6267 25876 27674 35304 23072 31004 14235 13735 14814 16774 7406 10300 9888 21234 31014 34816 12032 15323 25645 35523 5052 21466 25243 17430 24816 15467 19637 1395 36236 20536 3161 33423 34765 17565 3566 8512 18244 32750 30486 17245 23466 36277 15009 10231 17051 8350 39218 36625 8001 9683 857 34833 19355 6994 23175 26010 38269 13762 13048 38708 1107 17514 14048 13052 6350 33898 31000 4798 25665 36291 23729 7821 29917 5783 21830 18669 36473 7509 20544 22544 32630 32034 37956 30681 25047 27316 21758 29052 29735 2337 14252 23446 26347 36597 26280 30586 14809 24930 28417 39231 20236 12921 32073 4951 27094 35442 16719 9831 8964 33877 19321 32019 18897 33105 13724 31616 38159 29207 21399 15418 6221 8643 8168 34650 5285 27244 9134 19841 17666 27728 113 18032 30584 19487 26551 18623 18041 8817 27610 28564 5679 25775 11033 23088 34804 25513 35655 800 24831 8742 2860 32119 6597 39647 34395 19916 39496 20841 55 16026 38072 30082 28167 27260 22489 5116 11474 15415 37789 18149 11103 34489 32881 8915 3793 37091 28012 27210 20532 37726 32874 35357 34127 17424
38678 27008 25000 19265 24691 3786 9999 14540 27448 12462 26270 15587 13256 328 34563 39199 10397 35114 8482 18680 21968 21843 32970 6641 37609 4079 8656 34576 39205 6678 34084 17642 23735 27651 16021 20909 15341 28510 33705 22777 16665 35319 26361 27124 9753 31116 38044 17643 12466 9289 19112 36050 4328 10695 239 11704 314 5797 34913 30242 20506 20024 23334 15338 21224 16401 5857 27011 29186 17205 29137 19342 7828 532 26009 34030 17298 34113 24734 15538 21791 21655 12502 27840 28407 571 7204 37025 26619 19737 26965 19623 868 327 39834 32321 5940 11610 4054 10623 14444 26 36648 15278 8720 17639 3461 19612 35397 12948 10161 31125 16627 13526 37281 25866 9783 14465 38947 22453 23580 5904 19184 1228 30482 35639 38701 5594 38076 17453 31982 9428 32412 5875 19491 4781 18798 18613 21311 33474 12144 2650 11733 16990 31238 15170 38763 9631 6623 15906 2731 16830 5960 10675 12663 32638 39682 17882 2809 34361 2636 28317 5025 2901 37143 11667 38230 4543 26038 22967 23483 22207 12369 3956 317 3537 2622 10796 24030 7729 26150 4851 31397 9401 28531 9732 8646 9077 19271 34042 15011 10274 23417 39781 38780 26944 15162 22428 1340 9970
33270 6703 30845 13894 20706 16258 6390 26722 30537 8324 37599 5908 14970 21436 34998 8903 8116 38597 38370 6512 39692 35682 19673 5807 1045 37955 6988 10557 24425 24465 5209 16213 3905 921 29819 5333 12388 2618 12319 25289 17107 19508 22877 6821 39833 31737 33966 38593 5835 19615 21410 18881 39846 15023 19070 30751 22061 3925 30352 28730 18080 21481 581 6547 33803 27396 21138 18927 19174 8662 5177 7957 33538 20452 27256 29346 22302 5004 24078 36320 4949 39854 12010 34794 39264 15435 21654 32226 11326 15271 35849 4611 24463 6261 10729 19002 6582 16223 7348 20878 8441 8757 39242 36746 39584 23368 25961 6874 22531 1012 28860 10693 31532 4572 4220 10730 21585 38727 21041 11408 31225 27930 7768 38949 7161 16677 18139 32057 21600 17983 21359 13491 15372 4490 4246 21135 31508 16316 27087 37745 27220 24559 15501 32225 8595 19898 38469 2267 28677 12077 7118 24642 5524 35778 30960 15215 32857 33342 27406 4321 29287 7283 6141 10966 12443 21684 10632 30619 27956 39098 25732 14445 31427 25836 7084 30367 8418 9200 15043 3266 24752 28232 24043 18287 35716 23697 11406 39150 36081 18705 15252 28909 19821 19598 36963 11722 28380 38364 38517 10337
8672 27024 11881 37405 19585 24117 1965 34246 20192 18181 7499 19854 7522 5260 297 23960 36508 30238 14743 3788 27168 8998 25756 32371 19539 16992 18207 6849 25940 10756 7516 11616 38625 9426 31266 12242 29018 14163 37172 12870 9502 8679 20263 27974 23792 23391 15838 12047 27430 33111 21173 38231 830 38951 9942 17788 37251 35375 35263 10133 28610 34591 887 19643 38572 26570 22570 13112 20633 2088 11765 25254 35547 5657 37124 366 16948 36025 29948 22173 37815 16143 5954 16439 21068 7064 4168 27119 13646 28254 31281 21172 5154 28136 11527 1313 21327 1431 4062 3528 773 13492 8143 1064 24219 7513 29725 18675 31833 15645 32165 33701 25804 26327 11030 33483 25160 23664 32013 31300 12997 15803 37177 39502 33101 32484 24366 12512 37261 17829 12206 39267 5621 3994 32448 26535 4445 26671 7820 2609 10353 9880 4954 16621 9207 21746 35939 13587 32537 12165 23074 5336 21484 29568 30548 1655 30738 20474 37657 4085 37820 27947 3940 26527 202 30243 37438 3705 23061 710 38510 16564 12549 12421 34157 29150 12459 32641 11301 11514 31201 23597 25097 25146 16354 30129 2259 31993 25694 2746 20051 20531 5937 35316 4399 6006 5293 1750 17794 33739
16634 7332 39347 16577 5709 6143 12050 27216 27883 34629 26736 39961 36270 4950 9672 28383 12601 22110 8688 32184 22785 36587 25735 38143 22164 4078 38110 18825 21243 8231 25701 20348 31191 12647 28732 39171 31236 39056 17928 20594 6301 39007 8765 29342 17932 4538 11700 18635 5255 10985 15586 6645 5241 14341 4865 37853 14016 12683 25798 11036 14501 15088 12422 23777 12562 19591 5146 30161 28180 25719 19326 8472 27720 33650 7963 21712 29669 9295 3354 29122 31464 3531 2152 6939 5777 31441 30487 8464 6526 17494 6656 17027 13949 4376 22957 25664 5718 26469 11125 12592 17560 1990 10474 7900 33385 14203 8181 4639 3169 22618 36125 1937 10716 3806 39135 24811 3044 8293 2834 3667 34516 30099 25126 15371 24603 29988 26132 23171 18021 19234 35443 29930 15882 26216 27476 10627 9238 11544 38575 28889 13934 5387 8054 7324 15007 30526 20184 39650 35693 24975 36205 19752 13482 28425 30252 30233 11728 11998 5743 23925 16461 6652 13928 39658 25919 12791 38403 10105 25765 7305 14765 38454 32859 3372 18280 36936 10715 12880 29227 30184 15928 38887 39786 13679 35478 29143 17288 11827 28019 10672 30374 4421 21246 4899 36013 17238 34558 16936 3908 1776
31772 34682 24232 27815 3426 21656 4126 3072 37817 9580 27846 9136 6997 10468 18528 3564 3604 35850 37279 29465 25890 24745 494 10996 16680 11178 19441 16706 29860 16353 14745 16857 10946 10816 8170 33814 26832 34240 31182 23819 8587 28953 38372 6981 34777 24239 18188 36807 3854 21573 22680 20866 37806 33572 3479 20138 615 19188 10443 7556 16185 27527 7579 21011 19754 1232 16092 1757 33293 26594 4378 6850 24914 38497 3623 4300 3198 1759 28352 21878 31394 14242 6962 36831 18583 31741 28553 10017 27636 6796 36128 14922 37520 11784 2456 6289 28738 18437 28427 31407 35414 24829 38789 35238 33038 16110 33648 17390 21324 27460 353 26311 4598 36053 36437 15930 25099 15277 34851 36958 28081 39740 4919 16210 36522 2918 39313 4858 39349 7904 20434 37982 6105 19086 20908 16717 3453 21824 7816 3369 8619 725 21305 3096 8559 38058 19575 34205 28916 3736 10853 28822 2353 12302 9835 8412 6229 25018 28829 18813 32720 8052 36931 18412 24009 34287 19253 21801 39375 25710 8484 31645 5789 22452 17337 31086 7592 11651 2370 36136 38652 32915 26061 37658 25786 36278 32963 4948 11246 6848 38449 3621 6009 22023 39345 39108 26610 19622 30347 37196
23653 1143 31474 7428 27764 35681 13135 31072 2173 16007 36703 36851 24584 29147 22462 39716 2145 33698 7894 32474 3178 26960 22985 2333 29305 343 20123 2900 12816 11731 7869 7757 4733 32139 4503 10340 7636 2967 28786 16366 31886 23709 39516 3785 19542 22973 8317 15257 13276 38507 14288 13060 36607 6780 29549 13791 1320 15203 14319 27691 23261 18759 1099 8626 26991 39637 9797 34147 49 12571 2156 32509 24617 14822 5199 13626 33942 12659 20535 23870 19511 8607 28552 7714 21951 13471 1716 13956 26114 22407 14095 22674 21297 18846 19474 6802 17444 21698 7884 3937 208 37333 18143 12028 12556 19655 10912 32512 13869 32205 32951 9105 7203 7641 13603 13108 29078 27218 24571 31827 11904 26442 7220 34740 39488 33192 23983 24 22109 16409 5319 4748 15744 15432 38538 31719 4824 25552 10565 20492 26379 32481 12390 14751 1613 6147 20934 9687 16579 36672 10605 1451 32145 9124 39646 321 306 2295 37003 29388 29793 11262 31346 15923 15285 9246 35826 1363 29337 22239 16311 28219 4343 5074 29586 33291 36127 24283 13520 30072 26964 18081 2037 9325 26844 39245 36119 25348 614 38746 36427 29582 39803 29102 22685 15574 19319 1469 14724 3861
33785 17661 12727 39122 25889 26164 22909 36456 280 30064 8867 3066 20206 39072 11940 3823 18760 2213 26032 14025 37975 31892 32148 21064 21697 31479 37669 25734 4437 25275 36504 17409 12464 32090 37353 30890 20543 25537 27847 16355 16059 8519 19991 23627 32950 37376 28051 21304 19963 20030 37237 31662 7136 4165 35204 13466 131 13026 7051 1080 34219 4536 24426 5354 38237 6384 34843 1148 16776 20912 13309 26193 18294 25631 4251 32404 17709 15392 29905 37698 11274 39252 2317 37588 10242 24892 17037 15428 24176 362 15200 29708 1610 6879 21323 20504 39700 200 27367 3035 13647 4970 32227 18162 30937 474 6935 14539 27278 21419 37607 16638 13589 33634 33707 33793 13701 9720 39295 38079 25144 2888 7285 18216 38673 2006 19928 24944 15077 9592 32307 20084 39151 23578 17745 309 22589 6253 28432 7724 38313 35002 35163 27582 33376 16175 28424 8719 799 35758 35868 7912 19894 10064 37596 36529 10908 3753 31501 36933 36536 33600 2059 32489 11948 5277 16917 39459 26341 7942 14170 3280 26013 2932 33675 8596 11402 21718 28914 1701 21479 16581 34902 10711 9775 23662 5737 4397 28003 35016 32080 36859 21469 14006 34158 30589 38369 2026 26166 31505
3143 13715 19207 31979 37341 8067 39765 24695 7429 21584 11600 37303 10328 16739 510 33511 14785 24344 20511 10151 10761 3409 17478 4002 32606 32899 13594 16069 6183 35544 36408 2526 31195 6947 32314 28149 17923 33837 13746 29296 37612 39546 942 19566 29956 32497 16226 20521 31875 29208 21849 8543 14602 37766 8403 18537 1833 17942 22992 39763 584 25574 2763 21049 20992 20529 27615 5468 20632 21984 36394 9224 25536 35908 23539 10610 892 38601 23177 36496 7657 3398 15784 16585 17656 17500 24769 12017 1473 23739 35846 25883 29787 5096 3762 34072 23249 14523 9980 14739 19032 18514 14667 2919 13053 15988 16996 25561 7300 28626 7533 5950 6635 19435 21215 21985 21405 12438 16749 29715 35000 15078 31276 31268 24669 1767 16837 30982 22457 31350 33207 2621 38267 1778 36453 27003 8395 19171 33962 25927 21526 7905 13078 36052 38506 23898 7375 16236 18621 16381 24676 21953 8989 30168 7857 27747 11876 25677 24833 27687 17705 16299 16217 20171 5034 10407 34589 17971 35788 16049 29707 31431 2830 11084 51 24900 33137 1193 3091 17608 14823 5803 23714 10551 26501 32091 13801 1124 17741 21039 2352 28411 17807 28466 24049 31652 8237 18496 14320 33130
22905 22577 31858 26264 37339 12062 37392 24653 39653 6556 23259 20516 27215 10466 359 15429 182 19556 30902 5847 20002 11713 2587 42 24140 36868 10987 37662 32160 13748 24670 29290 16403 38768 36838 6098 7593 11108 13630 35474 35395 4359 27648 6783 396 34492 33588 11221 31664 147 28996 32834 2599 8774 28681 20518 38670 32140 26071 3255 31608 38272 22960 12465 22797 36335 554 969 24757 25652 21295 2747 29529 30354 19884 2579 19701 27404 1453 9028 11005 15934 36949 25985 18233 36029 9265 20552 999 9413 1178 2423 11747 33970 29963 23917 21676 13702 24111 23111 17819 30452 7056 36165 7742 32079 32994 31848 9929 34241 9075 12233 5977 30026 27458 20379 26232 20120 35251 27517 28781 30172 35160 37840 28965 16845 18481 17549 21374 17610 37256 32401 38741 20102 4849 4218 132 38562 39284 17116 33944 28682 17382 32042 31187 11478 34196 9719 6170 25198 33015 36188 36374 14698 31342 26664 6260 28409 29645 36550 37906 33691 39729 37929 2300 14219 14332 1454 15084 796 19893 19554 11847 8284 6056 3676 36970 1863 15306 36678 26910 11299 10035 24760 15690 13772 22284 10520 25462 13234 29448 12503 24054 4114 27090 15465 11837 22841 26817 4674
33822 6931 19993 17448 8710 31410 3811 31779 38703 34510 5499 19042 10357 18012 1639 11493 36921 36350 24298 6828 30649 27318 18601 14246 35175 33107 16342 28888 7706 1021 2472 3724 5363 7103 29233 4652 11900 36411 8033 31262 12045 1004 32026 6324 14236 8045 25076 5479 36538 257 36757 23648 15058 34446 27146 20467 10920 3720 29428 26767 19395 15647 14484 33721 39167 39520 16325 27151 19419 33063 7168 20568 2128 11139 21542 29069 36658 22064 30771 25837 9440 2895 1181 5922 34149 20859 30705 2207 6379 25879 38533 25362 567 12398 15492 30158 22262 26902 23028 17573 16678 27606 11203 15585 14558 22385 1371 26508 15221 39571 14072 2645 20016 17510 28041 31267 39897 22472 13365 23369 13149 3114 35689 28821 22943 14247 30752 15212 18266 19843 3858 39639 8446 35819 26069 38458 39090 22530 11123 5470 11825 32427 12251 24125 22391 16228 38544 27740 38389 13697 14934 3610 19885 1905 12430 5047 27142 35782 31916 29070 9841 4355 10312 18648 23314 12519 30143 34119 28673 15020 25177 26261 34273 19437 4401 15600 23594 36739 32564 28247 23706 34600 17498 7102 11617 25102 10713 7010 4725 3308 24318 22524 11870 29433 13321 12674 15402 13325 5504 19152
26215 2816 21212 26855 22632 4290 20261 14820 18887 9393 27963 32751 20055 11063 10700 6142 22916 5761 1549 32296 38997 12807 5635 15022 33857 4423 178 30042 2469 20899 23849 31063 5506 20665 21218 17888 9663 14475 12317 8759 34980 32313 8907 18682 28896 30566 15572 33135 23534 3645 13503 39902 28557 30469 28291 37681 16201 16879 25554 12021 14842 16326 14395 25584 28374 9721 7992 16676 31856 25382 30183 24866 9268 22370 17474 13044 4405 10902 12681 10148 33150 10284 11541 11894 17367 17548 38560 23500 23720 5012 35225 33280 11513 24390 497 9798 9973 5000 16503 26201 37957 3684 17699 35740 21769 33526 23620 10279 9551 38148 17213 36478 33655 15901 31957 27503 24131 21708 23537 33978 9269 25638 38898 27346 27565 27884 10747 10226 27680 30125 21613 26598 9824 29742 30989 36467 9177 37488 13345 7728 36573 16392 31460 11788 26285 38713 20085 35590 21445 36981 36834 8307 21145 33462 5320 5729 14502 11363 5893 24354 37949 10671 30973 17793 2216 38566 254 20128 32387 21980 23992 1809 8024 29882 16574 32045 23791 6312 2630 3412 33568 22682 39813 33042 27855 31130 24020 6969 1968 10164 12078 5425 34499 276 30101 20364 12219 6103 5773 33531
28210 823 24052 3552 37022 35134 33557 36072 5365 16263 37844 6242 36019 8599 17674 12731 27785 3523 20949 28689 39364 20083 14268 25463 22200 25342 27122 7394 4903 8862 385 4778 21574 36193 15891 21491 17581 16204 11605 5150 10972 30438 10295 5132 28402 13548 20550 24921 31259 30699 35249 19381 33091 20038 4799 13664 34928 16440 26276 9403 21616 13789 17989 36923 7405 2375 28114 37572 30286 10571 37945 4278 3129 15305 10830 12483 10813 13161 13672 5597 20870 13733 5738 5668 9927 16897 10670 26578 32283 37502 5399 39031 3225 12599 8162 6327 4584 38519 38694 2886 36378 25752 37758 455 7808 9667 24266 8082 13362 37386 15606 6541 9915 39883 22292 34006 31796 33586 22296 35579 38637 29423 21909 27047 26849 13850 33134 33459 39857 16891 16647 8687 35390 1296 36783 29426 14815 27583 31264 18272 19980 39169 32325 33756 19627 13510 12983 30151 7482 11309 16293 5318 9839 37565 37046 38815 37962 26889 37102 9054 26007 37564 4710 33623 23006 18171 5490 11107 18576 33371 1346 38063 7898 23200 18561 20199 28028 24118 10382 411 15294 6861 31790 13156 14317 20163 7637 10394 13199 39194 34227 32050 19286 3352 32056 38471 37992 18309 18733 39720
13219 1788 6490 37326 34507 21931 21383 10971 29418 14160 10487 10957 269 6885 33397 15768 10804 28086 7079 34698 9173 23916 12515 13416 4842 8885 24355 19472 24697 38788 28408 13348 21730 4596 31852 5157 6714 38888 8230 1134 10297 9415 37846 122 32647 20902 24555 12704 11783 23609 24441 9165 16718 17281 19053 26120 5204 35977 9184 11349 18739 15864 33341 10348 22932 32214 4871 19343 1139 15592 10090 17893 23971 22492 35149 33569 574 7456 22126 17016 39926 37072 28170 38738 1755 35979 37037 27279 19442 8353 10733 15583 30030 7265 9885 20721 27960 13585 3871 39810 33394 5325 3730 18527 21244 829 32009 14271 31060 6689 35901 22004 20080 12677 34245 33506 20416 14917 25838 32706 14144 11914 10393 876 32168 13860 39210 2494 5434 35981 2231 29491 31558 27858 851 35696 961 12959 34963 27035 29193 37480 10901 8354 12641 24376 1135 21587 5140 16251 20946 31252 17378 31288 21275 14584 38199 24949 33994 10859 21520 31921 32224 14799 28891 21727 13071 20191 4760 9655 23356 21001 32608 25339 23349 17537 26482 35967 2548 12650 27511 36811 20439 31891 9708 1019 6658 11911 32956 30052 17536 27681 19453 37540 14803 27602 26797 14067 9038 3484
31672 8780 15983 18827 27779 10778 35569 13975 6091 8937 34350 8709 23615 31888 2735 26930 20392 25912 39467 38423 5283 17175 1471 13941 13629 29205 6106 21808 17426 556 38845 38499 7311 20896 31487 34085 4097 6450 29406 34122 22923 18805 28034 12297 6438 14416 19844 28667 13379 9878 31189 35104 12886 39421 31801 25925 34577 2338 3847 31313 7473 33988 16478 23364 6890 33534 1764 8175 34506 26206 855 19259 36221 25251 9493 13019 29540 31303 23942 1213 38920 26405 23955 32200 16260 37845 10964 30662 16988 37444 7385 26633 29653 15730 18391 29575 10192 30182 9765 17911 21181 15660 29139 26763 7350 15886 7318 2821 10311 34770 25957 5681 352 30695 3057 28705 33817 38117 4487 39651 8194 23154 27167 13441 33712 25682 20275 37313 17063 12039 28806 21054 34080 4094 30488 3126 6049 13914 16762 12318 24956 13137 23348 27262 20538 861 8227 31150 17812 28872 4587 12883 13694 9318 24100 14551 33259 34115 39882 23564 4299 23583 23832 12817 25915 3048 26842 27212 26685 3732 5637 39814 35409 31066 15202 26457 13925 31954 9197 17208 10555 23492 25668 24485 11253 25064 33714 20885 27207 39436 27744 28213 27659 29134 24335 29664 29304 1187 35589 9933
3924 6443 34300 13842 19024 21674 26491 39844 6007 23770 17959 13790 26828 13006 11792 28874 6970 26691 15549 25103 503 3233 26826 21166 16663 17767 28988 30748 5820 30035 8032 18406 2865 2001 7368 24008 9666 2085 13615 25730 23575 22962 36357 23227 26431 14664 24036 38659 4995 25266 17898 4898 28178 3197 13885 6226 6414 24730 15860 28892 26148 36535 1162 13533 34498 29562 18492 34869 767 32282 35419 20656 10188 27986 35406 32850 34638 16333 11443 38448 28790 14451 17031 25635 6348 16824 32771 22970 1563 26228 22007 1373 15155 20175 1817 27185 39275 10013 1223 19293 19651 5406 10436 3444 32633 12228 17300 33460 11696 10653 22541 6039 13357 23050 6169 2917 27898 29744 20282 39350 33373 37810 19899 23146 32422 37654 38492 2294 9035 12229 33411 29028 30415 38655 38551 17144 27752 31787 29089 28287 28520 26539 27494 12013 20653 28489 19243 1155 25937 6976 36017 10419 35957 20729 25048 15055 27446 37160 38915 9762 11601 14693 37990 20078 19037 19872 30123 19407 18401 30910 35355 37727 27416 19565 11000 19720 16510 39292 4130 7765 19662 14906 23299 13192 19043 21249 5829 36996 661 19517 34529 12355 791 9155 9967 12719 33031 39316 2064 22606
4346 25740 19873 7746 28885 19588 36192 29 9959 35592 3405 11959 21978 36711 27213 17612 16488 25887 25158 6991 32308 10277 33732 18250 8471 1593 6458 12141 21354 5983 2089 26214 38043 17897 7155 29472 34444 13622 8459 12362 35869 21356 19936 22476 29702 7357 10336 35617 2878 25996 19183 23288 11979 29155 20249 10120 19300 19281 32699 28132 18460 3898 370 15775 37526 35489 27141 39446 37986 32658 5734 31778 35275 70 31873 32243 23147 26368 30274 31461 16156 10420 12086 6917 29691 11330 8690 17576 27977 29414 28224 14127 13195 3559 29100 35148 13038 3759 807 34931 37733 28740 12478 10367 17064 20156 32147 22031 28625 14530 39163 35814 11538 31967 15021 14281 39086 13310 20864 16351 36 35513 34222 20897 23520 13515 21337 17796 20937 34195 11058 30739 4416 2357 10640 1825 28223 31282 17717 19727 32954 20096 19996 2002 27599 17044 12806 4216 38387 36459 27818 28955 8636 17151 3293 33554 20218 37189 489 38730 29530 26726 17544 12665 26984 5158 29957 38355 30463 27038 22838 32146 37574 20832 2989 3262 8990 20685 33761 1945 2274 39359 16559 1963 15935 17591 21201 29799 16134 16829 11554 33198 9216 37661 29276 15713 26560 27704 17594 649
22198 20015 22399 14566 13708 24495 12291 16841 23102 18992 2569 28212 39605 38406 19646 37470 19745 26553 6128 14639 9387 26903 750 11945 22138 23484 38607 2435 3805 3315 17073 6369 23618 25680 38583 25507 9015 12442 21877 35853 6068 1938 30109 36719 20299 14850 31974 22035 25464 29387 36957 4802 22155 15107 37330 27308 18688 27043 24589 26468 6711 4651 9590 25340 19448 19031 35841 4931 29268 36884 24818 19458 732 36028 18554 22180 490 23319 25230 13450 36737 39881 5796 22196 32715 11498 23692 18710 4511 14741 17922 28186 30750 28336 7030 400 21789 10922 32558 9272 25483 35155 36785 17249 10267 11652 10731 35909 36418 34554 26426 13998 34817 14259 39684 26789 8474 36547 32883 18354 3536 6524 13740 39839 25800 27917 10924 12282 1079 11890 32863 3254 7860 31810 24939 10225 14164 8140 10937 33056 37489 8241 37090 16626 25737 37045 12152 31562 17243 8777 17628 34368 37541 5619 2424 13874 12472 13261 23377 23382 5746 13900 16493 3570 10410 3309 16712 9367 29739 26975 18165 18597 5088 14043 9907 15602 22098 14068 22254 14982 11834 21577 31319 25993 30312 2323 6416 10294 24248 105 14028 5493 28721 35006 1073 2545 20370 17515 9235 33825
34653 3464 33991 14876 23718 20438 37297 13327 8120 14878 17207 31463 4613 3876 3642 10852 15844 31776 28554 31509 10380 33151 16457 20118 18392 14087 29196 10921 1345 21593 26871 1694 7224 16940 19378 28350 10897 22758 20141 21907 25369 23690 35064 13237 16880 36044 10115 16149 33858 16898 24947 33299 5871 35637 29402 25238 33635 31133 6194 5131 27005 5633 37776 5991 26939 15526 3037 6032 14419 21085 13903 2398 17572 1229 32735 39143 31304 35493 38998 31263 12195 33752 6473 4255 22026 8684 38453 22602 13796 10781 17212 39225 29298 30775 37209 11840 30311 19085 33388 36718 11786 38603 35702 17505 18488 2299 37030 28675 20440 3246 6418 9356 17926 16407 17619 34560 32535 10212 17800 33153 17112 25163 37078 11427 9171 24454 26899 22345 25117 12762 25978 19601 27453 17148 28447 10043 36919 35112 16138 31789 1292 35780 30484 27992 5003 23883 6274 27663 34883 5617 295 236 231 20893 19866 18654 32132 8745 21804 29254 9738 26262 25128 18376 17123 1224 23459 27573 7761 10797 39808 27742 11749 185 1565 14699 35488 662 8426 25702 28093 5616 35554 39600 23291 29311 37447 8728 13667 8909 8531 24405 27493 36894 4345 4529 23632 7673 36369 15046
21864 16013 35972 19221 16903 19547 24600 6496 37756 12975 7704 18564 24575 37259 26775 26773 24091 22889 36008 25636 28902 35816 16941 943 33295 36927 39649 3961 9333 5360 32269 15711 26861 26687 3235 17708 22875 5905 7792 12338 8495 6026 6407 4819 27392 36616 4138 6477 27897 9154 9305 27957 17949 30630 22738 39591 23833 19868 24269 5510 24937 13972 30816 30919 14110 31465 12511 26603 35715 18119 39672 6046 21434 4348 36407 1350 18467 16484 35107 21735 16270 11095 35302 27715 10325 13122 31135 36371 31881 26067 19245 7058 36249 5925 17215 7217 9198 34694 37253 38188 24842 12582 15310 821 15448 18418 19952 31684 2574 19541 18013 30889 19079 6590 18622 22815 28272 23736 22083 29209 4526 20716 4166 2568 19728 2170 30643 37378 3534 4712 19367 20484 20874 28703 13329 5953 6884 33363 24844 32077 1611 715 10293 6673 24772 16002 9166 9814 33794 25294 26593 28536 1886 28240 25072 11373 15351 38338 39590 9157 1382 30411 36327 797 39212 3060 29913 3131 9354 17461 4302 14141 8893 13349 2543 9525 28096 13172 27487 16725 10182 28005 10415 29384 32377 1182 310 6278 10539 37106 28631 16548 11288 15722 18336 37782 30179 22261 26681 20863
26941 39701 38905 28238 23465 24253 20487 26898 22285 16672 31018 36484 5632 23014 2950 31306 1648 30426 19226 15136 12974 3660 38940 8341 7814 4039 22055 5766 31983 16111 22014 25823 18291 36404 19625 39478 24659 16091 11260 15985 34253 28302 4041 1210 6013 29554 6763 22355 32356 20063 15369 16008 23498 25147 14373 2483 22043 30116 16795 20039 8417 35200 36942 22895 30610 1596 38928 39438 6995 5646 11207 38345 4242 11061 35368 7451 23845 15517 17239 26571 3779 18382 12614 12820 28646 19629 29643 20032 21873 18777 7221 8352 12385 26769 23471 14914 2382 25855 4116 1819 20390 33589 843 8365 39790 27228 2492 37642 9730 22159 10421 34900 34422 3830 36345 17177 19832 10040 10098 30453 30622 20527 37601 211 28607 13525 34490 23831 25179 19594 4621 8255 35415 18102 27157 14174 8666 2626 3517 10265 32547 6058 30515 39073 3643 6808 5085 901 26801 14683 632 5763 19067 22605 7940 18886 19224 8253 32842 8015 21286 13984 28129 27161 39610 28776 624 20943 5804 34203 21420 20564 36432 17134 18919 32240 33631 8541 21229 14869 38168 25870 7316 3370 12084 36900 9328 29236 5420 11378 7875 20501 12559 25738 26293 9727 21957 3252 13760 28940
