200
3530 1873 11815 12783 36711 37621 3916 26601 6695 32420 17566 34358 8646 39042 22550 3764 23199 22438 2068 4558 32829 8919 15521 4428 7866 17717 641 32282 9303 10277 23409 29527 12667 12541 35318 35843 16428 35118 37228 22507 38489 29903 28744 576 35390 2476 981 39679 19071 30551 25600 37840 19379 29706 36102 3089 23185 15469 503 3816 29004 4484 32436 16848 2895 18467 25206 26118 39464 39130 24699 2345 5336 21698 23411 25921 14765 29978 18822 11491 13583 25882 19936 26951 8477 38020 25136 36081 25126 31624 14072 15460 22778 24511 32972 7848 21360 22382 14827 3858 7360 15359 16441 4411 11806 36240 25067 36972 5895 607 21189 238 31688 26531 34736 31060 22793 5028 31659 23242 19008 37089 19321 32669 19841 30415 22297 11635 9890 37677 26944 25372 28504 35520 7656 31638 29086 23658 3180 24656 33603 11151 25125 10375 10100 13319 30722 22756 11288 33853 33052 4819 21545 27048 1386 4777 20752 38247 11918 33934 34040 19392 10326 15444 38499 30494 38176 9486 25805 21213 14836 5393 24899 12362 26174 13892 35387 10478 7236 36934 10363 6598 8926 21423 10852 16635 28697 3382 37725 35748 4610 23420 10417 30325 15893 13478 823 7762 22459 22345
8191 14896 21215 15543 5866 9380 39587 35369 30500 4475 39068 25349 30564 3143 12670 25392 20677 14325 13813 16248 16542 2979 36022 5904 34694 34231 33952 13428 7511 11561 2785 478 19417 11473 30109 24534 12074 17738 13257 28285 35693 5628 7612 15091 10195 30046 29007 39380 2531 14427 14618 9338 37757 8626 30596 1016 5218 36507 7863 27087 35002 35583 9430 15934 7685 32992 5942 13717 14142 16880 25133 16326 17677 27826 30636 22334 4854 19302 38591 837 18122 37083 24784 27947 5489 15178 15312 9063 31413 7006 31676 38886 34483 17389 16383 35240 26556 23530 22461 27347 24388 11689 7702 34137 31910 33335 112 29289 35061 21395 583 12910 34639 21999 6287 39044 13647 35502 20998 13789 25566 31258 14265 23573 28145 12336 12954 10824 28686 27362 14129 24498 16196 16994 8519 2414 36788 13915 38125 2919 10332 38973 4769 27963 8426 27226 39555 1317 18676 27012 3574 28066 29761 15643 19855 22883 38549 39117 33001 19914 26391 15535 18460 4408 13584 277 19736 26417 17889 22202 12408 26351 35885 23997 32488 15528 20941 3302 36008 957 16585 27298 39045 14145 15031 26982 16540 9033 11512 16203 36470 17405 1451 37224 12724 18019 17873 28592 12900 31061
5346 39595 20473 39175 20791 21792 27251 38724 24012 28140 32109 13649 18335 33081 33111 27738 31751 7044 34812 25380 5310 21690 24945 31608 35319 12759 29179 6585 39833 35144 6593 7935 16582 5251 843 8053 29360 38910 19866 28250 10621 22860 22766 7429 10694 22416 37461 13682 10408 5360 22634 39264 35894 17304 6774 17180 14245 7793 15191 35913 12604 33578 22043 13266 39542 29916 28622 36925 5856 32271 31498 28305 39538 35180 17135 39615 36045 34948 14403 2467 23717 28159 14689 28444 6746 14504 38798 180 23319 13325 1837 35943 21299 32739 13203 22302 31661 24737 15379 12008 29973 27672 11859 6505 996 22625 28709 28029 21998 23137 16871 37476 25181 17358 13307 24991 13503 26867 38567 31629 14256 28346 17028 10839 8959 6952 18807 10998 37421 6383 25428 39616 38694 9587 17476 3740 19163 35589 39940 10605 1183 35729 25259 27443 18904 24255 28938 18472 18957 35878 12013 29508 22253 37219 37425 14869 23727 13437 7911 1025 25693 32387 2117 4445 35529 21666 16720 5781 26477 33600 30607 12227 12854 20509 13021 21349 33789 27095 23016 24083 28679 37098 15040 36428 17308 39919 9586 6685 21207 26493 2841 18866 8934 19401 33457 8509 19508 13880 5243 27356
3371 32738 39458 5078 19493 5724 33576 22913 32269 6451 24412 28124 17171 32021 29972 6868 8574 3551 37553 2082 32410 5046 34267 19944 14221 15215 28663 1823 14389 8536 8960 34192 38431 34083 36965 39540 19148 10593 8156 33303 17956 17618 34706 34835 5864 570 29056 151 26242 32319 26942 29688 7271 20126 23282 9589 6622 25790 39938 12683 33906 8599 31103 18920 9664 36706 10715 21825 25656 2768 30780 35810 23502 23434 30340 20687 28604 25593 29372 28223 10322 12681 2079 18838 38361 7487 39514 32527 30635 8594 39667 23086 34127 29129 7535 8997 32074 13633 5867 11463 25042 32492 15079 435 31865 3276 7237 27691 12963 21993 21809 20882 13547 24046 8111 11558 16681 13610 26438 11050 30305 1698 35733 26290 9965 18062 14576 1319 7176 39107 21528 13026 37692 18298 11903 21466 29008 11142 13186 27261 6682 24181 3885 6775 9195 12671 23154 15870 33065 23501 8781 35272 31368 38907 1258 13648 9916 3262 23713 28054 35135 9809 671 3212 39094 8169 9417 37088 13029 34444 21759 1722 12512 28168 14710 25033 36239 34763 26609 24359 35889 6757 2296 15994 28985 16618 10916 31837 23672 36355 11679 39640 39937 5143 13484 28308 25875 15475 2957 9026
15720 9784 24982 1021 12607 36550 17964 27359 37021 3094 11776 20993 26500 2928 34091 36596 3753 7201 37971 17086 30965 38236 22572 26233 21139 34599 35512 28162 11629 11592 14182 17899 23143 5567 14808 520 27817 24222 7742 31809 1138 13201 5701 10161 32131 32023 26761 20135 6642 32001 5512 11273 10132 32832 3954 13333 20809 26917 33915 14185 1644 21111 38874 36970 15952 3966 22133 4709 25298 17912 22154 32919 28377 28426 5113 1223 37990 9446 36003 26305 36861 28413 5261 12127 29912 29700 26906 22299 6406 29545 28623 534 9991 19017 25836 37751 35290 37509 23685 31628 7088 31409 31322 14671 23466 10063 19672 26218 12004 35456 11970 31955 22468 20017 37811 34975 39034 19106 21255 28499 38279 7068 26046 11680 36248 21971 25587 3704 16107 7168 35880 28951 30056 21514 20311 25898 13001 4048 3719 28995 7776 749 13343 37426 5151 29930 36698 18836 39528 935 34811 5920 27489 16013 28659 19656 26636 19516 9518 37564 12295 38511 17727 8002 3324 34679 18287 35543 21191 10675 4814 7389 16625 18636 12014 28259 5622 11219 12119 26111 7246 27143 13071 21911 33475 37988 5165 2918 10949 19793 23487 39233 8598 18092 2172 1371 24295 23986 13635 24169
2485 26826 21687 22726 20032 33766 27766 11258 26260 14752 29924 28091 2320 5241 14486 32616 21686 34337 24857 16038 18070 26443 31890 24086 4535 19405 16262 20508 666 11031 11496 18274 4498 15 724 18429 26896 9781 2668 9043 22999 35839 5045 38540 3406 15302 39830 17856 7615 7809 13070 34022 3815 39804 3470 21200 27168 11083 33323 29705 5890 3346 6191 20548 33203 13743 5491 19759 20801 33458 30158 3235 22135 36736 6462 16420 21471 22927 3201 4099 7842 7321 20850 3792 35722 12856 37059 15607 35082 7682 27070 32372 15054 2223 1445 1623 7666 3374 33324 19572 1111 26223 215 9552 7372 17073 30284 31743 3851 10495 13524 35303 1663 17874 28510 34517 36609 38259 29350 7350 23177 37701 16699 26974 28578 31570 34306 23361 25964 22545 31327 31546 2367 35304 15437 19361 33745 3998 32820 9766 7242 16796 29228 1610 1956 39319 23819 15210 23959 16161 3958 21967 38377 28343 9591 35125 36041 39881 39967 10994 20244 11428 11643 4755 20798 8276 6973 4790 5186 33916 24080 30209 35887 13400 980 28467 25386 10589 35568 23763 30589 31673 23321 14293 19560 29495 19146 37832 24721 15346 15394 15616 27719 4320 13345 31953 31146 10779 39145 3416
39465 28975 14557 28112 18905 34341 15882 5587 36604 2125 2741 4724 34786 39969 32778 14749 33389 37797 10371 3733 27547 38068 25754 32840 33455 33425 16705 21491 23212 24150 9580 8392 2032 5683 34633 26770 24839 32366 21985 39325 32600 37369 34695 9710 4281 8085 31391 21203 4950 1100 32033 27532 4122 36282 10832 30240 13654 39329 22718 29773 38158 5816 3841 9763 28635 1911 30081 29054 10570 1505 9652 36889 36371 20301 3057 34756 32448 18311 27827 31765 21290 22009 35632 26331 24654 13046 25510 24996 5591 12211 34258 17929 22739 32118 31775 12506 17815 32699 12091 10562 6733 33781 38238 2460 5380 37058 36871 19983 22443 22521 16208 27184 27266 39037 12955 21969 27878 38821 17348 33406 38365 12282 31236 17088 8724 13287 17685 6019 11427 1755 16268 1791 7070 36971 33436 9755 37310 32849 21516 32417 4184 12349 32086 13911 5663 14376 25701 20344 25120 25293 251 30335 37859 35064 31698 36500 25784 3968 35636 26998 13857 14148 38468 3017 23424 21564 4581 11887 30699 35131 7158 18167 10185 5919 31734 1853 23605 25692 27731 25441 13401 25902 11001 10184 8199 17251 20241 31704 2701 4666 19805 39215 24170 22294 30598 26240 30793 4602 21787 13974
11194 21368 1809 17994 7424 16154 28220 32584 4113 38312 27020 29449 273 22504 14697 33397 34340 3855 794 4857 6762 30734 25576 37964 5461 11175 13252 36768 32822 29469 16081 11868 12994 10398 34212 436 16534 13174 15219 12699 3177 6288 18220 15901 1137 11105 20935 23007 13389 6439 4496 32947 4271 10017 26662 12514 31826 28500 5850 10094 10122 4961 1790 23822 21735 17915 1187 34369 5655 13488 5039 22415 29427 30075 17380 30732 16286 32717 7308 32163 18160 6482 14924 27447 2435 15509 18075 7766 34525 14705 13438 16731 30451 11871 34209 32954 17013 12300 33987 22697 39172 5367 1084 5520 9295 22501 22677 38996 17629 26708 34248 26181 35872 4697 6084 21596 30995 35400 16815 31231 39041 30488 5767 33251 7837 7204 29747 37722 25170 10453 248 36766 35859 3380 4296 36960 11648 4641 2047 35567 29388 35947 7858 37639 24754 6953 29413 1009 1192 1011 34607 35038 3769 26717 32650 33585 3918 8113 23963 38475 12351 32996 36437 1519 11895 3046 31504 6660 35560 23553 14971 16260 38027 25381 24777 22842 20790 27288 27577 21908 7409 35134 38729 13738 28095 6536 13862 27661 4227 24942 5105 6582 30953 17371 21381 21737 28534 11049 35928 15767
23716 25881 12218 17539 27930 34888 3659 5976 32066 12246 6235 11171 18477 27398 12578 27484 7734 10215 2603 36331 11902 4409 8054 20305 23226 33131 18392 10270 3170 18463 6282 7835 2584 14703 38276 33779 20070 22695 33728 3950 26250 23008 9032 38005 27025 39166 26986 31947 4396 36948 13455 36467 15294 18221 7611 16498 15862 35866 29211 9592 8538 22647 34024 9324 10629 36920 7261 36866 37595 37646 18526 23251 7326 8618 12838 13024 8818 19674 26674 36712 8910 3191 23912 21322 24936 29551 10262 34324 13568 28492 15097 7114 35461 15728 8468 33363 4011 35314 19297 27928 34731 13666 10504 16158 22319 20884 21016 2285 28490 2976 29673 25035 39795 16818 24504 23030 16856 37527 32768 11154 36774 4195 26263 31127 25070 27867 6176 38237 32935 18480 34445 38439 1659 22197 4751 12876 18057 31234 12178 26855 20584 32461 20869 4533 3054 27888 9264 20221 2498 26182 6843 35053 26485 36636 19891 3069 28943 20760 3864 21774 39418 19400 20840 21488 24515 22832 8914 12923 28582 25313 16341 12009 35657 9299 26151 14642 31169 13935 3414 30970 7771 29369 29335 28219 22062 6578 16230 7802 32435 7164 34555 28958 14952 33880 3941 39742 18458 1752 24764 21986
11788 33590 21685 33193 13881 17009 4779 10860 4742 4714 728 33102 28864 8813 38198 38414 36183 39311 25995 11861 24107 15576 35624 13444 21663 38541 22108 38737 35090 5082 19943 4565 26079 8186 17129 6859 34705 21155 12811 20621 5603 6510 13878 35258 38124 35001 17700 17985 15673 9296 10188 11741 22020 32898 10487 10774 25671 9654 35798 12034 8293 9504 17938 36677 11173 3159 37127 9679 11444 5356 13730 12232 35072 13519 13320 19530 20059 6268 27172 22602 18434 2920 11693 35527 3838 10633 39998 36247 28817 10841 36919 2625 26406 22323 33738 27060 38452 4261 33546 22425 3690 25795 38836 5656 5865 30861 4459 26292 11464 21400 4083 38824 36494 16808 26365 23386 24194 25706 19244 31772 15399 12270 29996 38083 10741 27338 34164 29305 33501 16951 38170 16927 171 26278 7522 3820 18666 4024 32011 4292 27875 8399 17497 6605 2122 32695 34634 10429 32152 24564 3415 18421 16411 13426 34269 39952 8370 31389 14986 4520 11566 8918 38699 26679 11590 21174 19268 30938 19464 21605 16200 36499 3786 31466 2072 13913 13956 23869 26519 28300 30531 24706 19686 2110 11536 31728 13221 7432 27132 4816 24873 7819 2020 13615 37739 21376 3921 12700 10269 2686
30401 8751 33946 39983 27019 12204 14490 36460 33509 23158 25647 35449 22112 8076 38368 32419 32209 2280 13817 6708 23526 1314 28422 3847 38841 34271 12142 20808 31436 3877 27258 27991 5722 15682 25329 13663 1751 19079 27405 21095 26010 14433 22668 17886 37151 15531 35214 30761 19817 22090 334 17808 25993 6647 27021 7128 6797 39248 6603 27712 3423 4941 29753 6911 34473 35618 30000 36601 22579 23490 25801 5333 21534 7111 23156 39376 7040 27109 19971 17282 33371 21762 15946 2401 14983 18360 7603 24303 15824 8864 18759 12743 26146 16887 16148 5913 24678 6130 6751 32390 30058 34714 34428 1950 26920 13625 25649 29030 25717 4013 28364 24237 23345 36547 23524 5812 27780 21046 4221 36323 6957 29576 5676 12049 25401 18642 27324 4440 21748 3113 24044 1808 14165 15116 23529 38979 8036 6740 14307 22011 17891 14012 23938 18860 6192 21030 34699 9519 31885 2521 6032 30300 34149 2438 1242 24889 31798 32438 35252 3758 16237 4887 21525 32586 24518 37069 13409 33835 22655 30024 4772 9839 38617 21283 30254 36906 23743 28283 14611 25751 4881 39543 29111 3197 6595 20930 24001 11276 4015 31998 30253 22586 39613 18389 12947 11343 10465 3259 14102 37407
30316 26069 23376 6673 19352 8215 29299 11319 25284 20599 3876 38969 29016 16520 32240 34093 3448 12666 12601 33854 27199 7980 5901 677 14358 13719 241 23436 826 30795 33562 254 475 24850 16414 25268 12920 7235 35175 4414 27477 10406 9284 39520 19172 39199 8966 29423 25011 34981 23724 31559 32938 18781 2558 31545 6616 12463 8763 39688 27722 16458 22544 14834 29830 16407 34988 11392 30059 5217 32302 2066 5815 22346 22308 4172 21251 17849 38031 39459 27657 1664 39266 30374 4265 19687 35179 26276 4485 12808 3799 36822 34859 22075 34450 8231 35352 3376 21760 20825 6088 13686 9429 30943 4600 6847 6148 36652 4587 17368 29074 32788 30228 4767 619 13581 21414 35681 38217 7872 8589 995 25651 14017 25492 7265 39582 28863 32104 1237 12039 27864 3099 26931 5554 24702 10335 7481 16692 18330 31810 27687 10958 3493 21426 21092 3310 7525 36148 25347 8331 35102 31641 24468 35178 27466 20557 34914 33769 6398 20234 8158 2238 5643 39426 12998 14978 19387 16960 23229 33621 15966 38355 25989 26130 30464 9806 7082 18055 6813 32712 5076 33673 4349 9623 27850 31380 7342 27284 15983 34318 19046 28282 28122 35789 21518 29831 4339 32783 25037
34783 39585 7027 15384 21352 26212 1996 13932 11201 5946 4783 27 39162 25900 26033 34911 11492 26746 38058 7273 10529 4115 37112 34421 13822 2283 1891 8890 4593 5646 14081 15894 26875 1107 14744 20924 39658 20974 6432 37278 38657 3873 4251 7592 30629 5390 15468 19717 31501 15502 33370 9197 33286 5848 2725 8308 22387 19378 20768 14365 31983 9714 17589 10520 206 26996 14055 14793 9857 38085 6756 38852 9249 6795 11490 33650 16466 26694 33088 34395 36966 33607 31076 13460 15107 12330 18276 23349 21795 34877 18199 26591 14051 3643 24212 16644 6355 25918 4546 13499 33312 10242 15272 2997 18890 28598 38272 13267 31214 26837 8143 7672 31204 2805 14583 1565 25296 2549 19261 30417 13239 24847 24670 13603 36413 17883 23279 4215 15335 2315 33376 30364 11262 34784 29258 1160 14778 886 36050 22241 6812 13138 28626 12221 7460 35711 4968 1731 37799 680 32143 24432 19196 4169 25536 7191 26101 17309 11971 18097 20865 27868 4154 12543 37469 24726 17766 17743 16558 5758 27913 25957 25770 27375 26354 25260 18708 22384 27223 18575 7213 26474 32624 34886 3221 3079 9058 20390 16412 21635 1514 38721 16640 15962 38883 31727 19474 28185 29090 5997
12438 8984 10975 39110 39764 22348 13003 23565 5322 9590 7232 285 10635 26338 11306 8796 30435 29955 29588 17710 116 816 22514 32241 15265 10712 6105 7007 2790 24969 27303 25051 8145 15910 2970 19497 18806 23677 30681 14937 34729 27027 30873 15971 31967 10484 11323 15423 37256 24461 2693 1151 21456 18942 32009 32863 32458 5644 38575 7854 5109 2081 35513 24539 559 2706 34201 39002 20213 1720 9545 37716 26899 2817 842 19043 1765 21333 5935 7659 15217 17622 6991 15763 14091 346 35373 4477 15542 30916 2097 38308 19562 662 36743 34592 29306 739 33910 6546 466 13627 34388 24872 23187 27945 19939 32346 16805 13824 1642 17758 36902 24214 32280 21383 38324 16306 32925 446 19390 31112 2104 24740 14431 3832 23728 6667 17739 32210 7955 18506 13459 3794 3007 28733 14147 27777 11113 3483 30497 36862 1383 17261 15345 14949 6204 5994 26253 35363 1812 3204 29115 34045 21682 27978 23652 31537 10844 24796 39803 37666 39444 297 726 4539 3184 33909 3736 18571 20317 39599 8806 37420 15798 26666 338 22914 34821 35713 12353 7154 32439 32609 9904 10402 35964 2003 25012 24554 29209 3175 31736 19350 17104 3158 6609 37192 4683 19499
10590 27493 2833 19091 37571 21852 651 31185 26977 39797 28420 38394 34291 33105 11916 7141 38398 13440 17651 11413 36615 6738 12894 833 35353 37078 25709 13770 31320 6664 8881 3421 20413 21300 17416 17252 18697 25791 31009 8271 34910 19236 7929 38435 15099 19054 25325 6024 6128 23258 15551 36497 14038 30967 18813 21983 15450 9548 16810 6687 918 27297 16065 25558 5289 14815 12678 27475 33422 2630 11059 14281 16472 14237 18309 29351 10999 2543 1646 37715 11985 17172 8056 20914 19199 31189 15602 39153 3649 30467 37415 38872 38956 24209 26480 39446 26222 36438 14719 28903 12892 10519 29096 21723 36761 38396 39348 39691 22638 18018 8193 12393 9925 8678 27670 24501 4223 9915 30801 1280 24529 18908 8497 35986 37234 35627 24048 21750 19402 6401 16018 38281 3251 5417 15363 3587 38842 400 2102 5883 28730 37732 30774 12002 16897 3619 18924 20280 10654 25936 15608 9212 3529 6402 24120 24456 9625 17624 18577 12193 30632 30785 2711 16287 29976 20552 1648 19879 11851 11882 38388 20082 29088 28982 4077 1268 28465 2331 18986 12395 9891 11914 37405 36393 36160 491 3154 6490 10770 23948 26291 21672 1150 28016 29137 4667 10483 36645 11457 27971
35039 38384 38846 4585 33301 15250 31543 4020 10404 4489 34839 19948 23996 39872 31482 37376 37574 5400 16076 16215 36062 4756 12399 21348 6821 16550 39818 32876 33054 17555 16564 30712 14097 26066 34754 7849 25177 35519 2614 22351 10025 24599 37000 39103 31757 3598 29701 24692 15794 4657 11533 38153 15869 29939 35648 18848 19241 19613 31410 37903 35433 28969 35827 30902 36853 8128 10152 17770 13349 30470 26594 35840 29156 33816 11287 9165 29070 575 38963 15235 14866 13525 35598 7423 15470 36984 20867 14950 35899 19418 36376 39824 28371 16109 19969 38392 4655 32208 868 13890 12520 8950 11833 31123 14960 19119 36154 39139 3355 15831 29127 16789 37050 3224 38263 28421 18667 6735 27925 6917 14493 32048 19810 39168 9603 23513 6289 29434 31878 24884 33481 19355 3933 15473 39619 8862 12103 10872 30 2406 15961 29236 9817 12562 13750 33931 11578 30975 34439 38765 29800 34879 1006 7292 655 25235 30974 20138 18093 8789 12762 15095 12454 8951 8282 23148 34898 1543 11448 23172 16774 38074 22013 3364 28164 4139 13141 32951 14308 16688 8762 24393 1420 32911 22535 31266 17595 22074 27029 32583 33960 32523 35454 24624 25038 24968 8503 4647 10257 21390
14597 37758 799 695 12638 36619 30472 33499 28360 33053 11920 2251 36775 4225 31212 9768 11547 24344 17778 15743 31244 16204 39495 6334 8561 22527 752 38190 16752 8687 15014 12664 28698 20411 21331 22627 3181 38333 17722 38477 7066 33584 30070 4191 39100 2621 27801 11585 31744 33612 19842 9025 6306 12052 15885 15237 33474 9762 15775 13162 9521 16962 31495 25004 8124 4918 11372 34655 10082 20271 20103 10728 27376 38258 32916 882 7071 121 12531 4674 7801 20426 24290 28757 6374 23556 30985 3 2865 4835 26471 4717 597 24929 9655 22762 8157 6995 15282 34951 920 279 17661 5601 20171 2111 30526 28911 10449 34423 23230 20483 22067 9596 21115 38128 26303 35774 26013 8476 13875 6989 35224 9355 26776 2450 7131 27160 3258 37191 31683 36179 32497 34510 27001 1701 29363 38850 4808 18224 19015 30881 2261 37243 27819 22303 25221 17526 11403 13188 5987 21332 10573 1843 30864 14328 6076 27386 2564 107 35758 39863 19310 29573 22104 9247 15187 5954 11599 28527 785 28179 16991 32541 37568 21031 22475 6001 23916 20430 10735 18393 25774 8014 7251 19451 6488 7594 23426 5227 15515 13983 20839 27685 3455 11824 14456 29563 13520 26672
24052 33181 29264 4748 30234 20251 22775 38358 13119 34976 10086 9200 20099 10919 29676 23865 18755 22383 26 11395 432 34239 37456 8604 26513 23957 9381 16151 36874 34989 24621 35596 11022 28075 28566 17433 7254 37789 3067 39517 34035 4922 12162 5807 3772 11766 859 38754 28614 35036 19427 3063 18385 26399 17100 5376 27616 2187 5959 3096 32643 20870 35349 14602 10583 36434 25450 29010 37270 12376 35833 5347 17211 25689 10182 28442 20419 25548 4640 39645 26353 9619 37575 7636 3995 6208 9608 11407 19049 31484 14521 6245 30342 11349 22660 21041 3257 35728 20818 26972 23790 37180 38598 28000 678 5416 39529 29729 13759 8909 8611 25625 12381 26123 32654 323 32331 6496 13449 13787 24310 38693 27084 13560 31273 16896 10471 35725 25196 2934 12642 21643 8484 2551 22123 16073 13612 22807 125 1296 32864 326 28149 21192 21127 18765 30050 26495 6430 38255 9690 23974 2180 27751 33022 8693 6826 37504 863 30239 38876 10586 18680 34848 25147 30283 20783 19548 33870 6315 24616 13781 37298 5287 25328 34228 39703 22003 27999 30659 28850 21374 13165 20342 24020 38961 32138 1299 33694 32234 19084 39242 12891 13414 742 31424 2892 18950 13667 36017
27648 2433 30188 10378 23572 27193 31716 39236 31176 25445 18036 18542 11711 27068 10829 15007 775 5137 32236 31000 33360 11476 35370 37303 15666 19391 20354 34479 22157 5747 17918 4679 375 18165 26053 35975 2457 30027 37761 11538 20117 12757 24703 26410 20042 1185 32508 19176 27663 23355 27625 22746 2446 21882 24911 23559 9688 6349 5232 7900 11559 31934 26579 25994 29571 3080 14953 955 29160 3230 28997 1438 16507 3516 13265 18931 23861 33574 32168 39389 16821 11534 32560 3042 13393 30102 26989 32481 27709 24523 26864 31623 29982 9874 36007 28456 33332 17024 24586 4203 21829 23920 6676 29769 9241 12087 20381 36762 17217 29755 2336 1681 15203 30628 27161 20671 17906 36639 18187 4084 20363 28069 32670 33803 9042 32203 23006 30473 5233 3024 36564 4089 16371 12169 9716 4848 37186 18384 13656 16179 11269 10204 24380 34922 39900 13747 6319 4716 12740 32462 19130 17686 30308 2688 15698 2973 35330 16307 24345 9344 17480 9105 9495 2483 16403 10237 19328 20645 21704 20224 26346 6698 35923 34696 33477 6175 39225 8903 37038 1817 16583 4544 14159 30962 31047 32370 18897 8967 8307 33597 22311 3152 3902 10691 34829 29493 33350 33614 23329 12495
29908 6085 31805 28212 18238 2374 18453 16316 33730 27353 27339 35105 18934 29190 22845 11910 2166 26112 38147 21932 10287 8548 10625 9826 10259 27803 33848 28489 13733 5764 29512 35392 32424 25098 7604 37466 32277 9509 29786 35186 16616 20045 8695 33374 3442 24218 22564 32100 36322 11618 21420 11709 25940 11696 30399 37992 6173 3366 28528 7051 11626 5193 36454 34674 27465 20046 29000 15727 20876 5328 20763 36339 16202 34286 6018 18641 17535 24453 15083 25214 1327 34014 13725 17957 8045 5343 12846 37731 32206 12484 14188 14004 24444 20888 33024 8514 11467 27063 26259 34245 30425 34468 1866 3953 6370 22772 31825 13784 13089 38453 8372 23080 13102 11055 39393 29459 356 1169 26796 16704 20293 10506 2454 12756 17988 4719 13415 4710 22583 37118 35621 1822 7441 2984 28419 26685 32399 26639 6163 12177 15330 26052 17423 30134 30901 11317 37271 2366 16113 20906 5316 20754 27797 14595 14658 10840 8106 2487 38061 29023 19921 35120 13471 30514 550 36928 25912 28870 18578 16996 33473 13356 23630 2275 1868 21793 15375 9764 13835 23703 12739 35945 37227 22076 3052 4588 13347 25621 22940 18436 14905 20845 16619 3480 977 29446 32651 20335 32135 6707
25240 38145 11080 3018 13543 39579 30466 2767 10201 39050 38882 8114 33268 16019 38643 10966 24572 39817 35047 9759 36717 8704 360 27189 22939 30265 119 17326 28172 7670 37174 19076 6506 32725 22779 36316 26891 35506 22744 20495 22574 973 8244 5556 22518 33634 37896 17185 20719 21453 9302 26103 30379 34218 21609 26860 25892 31979 25390 21821 33925 6534 7178 24637 37512 28576 12291 11600 21706 17152 19895 27406 9400 237 22971 11967 24948 7991 35474 7214 9286 19330 34242 39990 25143 29239 36109 9588 3162 28799 14770 31861 32336 2858 4825 8948 26604 7635 14798 7689 27082 4148 28637 8364 28461 17339 37884 25802 17551 25906 6893 17862 24625 7645 13378 23731 1446 23399 37008 36799 20231 31134 31467 9301 9660 36603 26938 10579 20889 34320 21149 15725 19050 2222 5092 32357 23209 38787 10409 31063 8591 4364 4143 34532 33394 11487 12635 35389 703 137 22248 1045 15986 24759 1643 22502 21580 26706 11850 4404 8120 22814 26510 13939 17031 15959 39415 37096 17811 13616 20194 8989 29334 21610 21265 37 27779 11252 11299 37141 9243 34225 30964 23432 18257 16007 12122 34173 9310 39891 21595 38037 3419 10555 29965 16360 3831 17723 1851 39337
13905 23752 6475 15579 33506 26645 14449 18231 36155 4817 10372 38576 28926 36031 19976 13196 18135 5425 28950 25379 30710 11153 34628 39589 32976 19252 8557 14888 834 1832 12515 8499 9285 18367 6354 2470 22049 22716 25997 32175 24582 33306 28281 25657 24358 27045 33894 14058 1802 36786 15951 2931 905 38177 31247 9722 6498 24892 19622 26934 6858 6624 27568 36334 4451 18336 19688 34013 14575 18732 34217 545 17039 22922 19750 26521 30032 37973 35052 34121 16456 36266 11128 23892 31272 12343 7567 201 10179 28107 24865 27080 32617 32652 16825 3062 11609 1351 7731 5052 16093 24820 15434 8093 2036 35019 21178 974 15068 39080 19452 16434 30704 10400 35518 13402 10554 13868 21739 29438 9356 22589 29393 23654 29112 4167 38834 13480 2119 26005 38271 3512 2788 30157 6699 16646 31875 7930 21391 8838 28639 28384 37163 30961 39314 4051 15262 35514 15110 33993 29811 37867 2436 24753 6691 3068 28218 4870 37853 849 8883 26903 23396 8713 21060 38432 17737 24971 33403 963 20962 6945 20936 19370 33062 21870 27411 5981 10690 15093 25060 15318 14425 11672 12166 5930 6226 10859 1850 36648 7049 27481 13399 29862 12076 38203 22948 19885 27650 5152
20741 7199 20555 19136 35460 32087 34721 13681 8151 16228 21623 10649 34156 28027 25812 7975 20446 26806 22050 37511 3809 3668 35723 2254 35008 28287 21317 38614 4173 25158 30218 24284 38168 9862 11926 22955 15779 20817 11611 26956 35622 35937 17097 11951 1234 5079 30698 32716 14183 4842 15750 11569 7618 29481 9972 6265 31759 37590 30913 16071 17292 8328 14982 34635 30755 15175 13360 14566 1582 20696 24840 23317 8201 37570 28860 4479 3072 38738 5229 11856 967 3735 17694 34658 32276 36946 31174 23354 23352 34824 30172 11713 3610 706 227 9290 501 8654 18703 19467 16722 19356 35688 27377 26536 20324 23929 30892 32982 10283 1553 24705 31566 25891 39874 38725 28240 39741 10057 6446 31949 33537 639 27881 5256 13542 37736 7587 8097 15813 1612 12653 25467 33508 23732 39331 11321 26781 29814 29797 7832 20466 33228 4052 3282 18194 12809 34997 30851 8001 19440 2946 35443 5794 32107 8522 10634 15947 25223 38487 13661 5133 28082 23900 36411 34752 24916 2773 31263 36089 2298 26589 31747 18325 24482 25879 28634 7662 8834 19701 10627 33010 14037 26420 11020 1158 26889 4325 31516 18442 11854 39965 4165 29283 15591 3149 26529 10442 20458 1323
30420 2448 22835 12329 710 36501 1566 27800 21448 23699 30655 3084 22158 544 3065 15904 20383 12589 28235 7735 8855 29801 7499 596 30986 14039 24977 19538 30197 20024 21397 7958 33085 15864 37471 27513 36236 16493 15964 14849 25816 10620 32251 36363 33581 2515 13587 6122 35676 1297 35903 17884 16086 38227 29072 34399 3904 6736 37825 26239 20474 16571 28009 3709 29222 35013 291 35749 34524 21843 31512 18317 11573 23178 5365 39649 10318 27397 11791 7729 16063 1040 31283 14542 6924 16721 9542 34175 15889 19411 27595 34657 16294 7829 13856 14746 29026 12975 27713 307 33972 34810 15516 8675 39987 31622 36216 12860 29751 26012 39686 29534 34652 1544 33551 31999 5073 32878 14783 12072 36381 10796 948 25257 32310 19030 13269 14761 37380 32896 24990 404 6671 35087 5680 27727 33037 18982 1586 462 17573 34986 22844 29492 5072 24988 8585 37836 26985 3774 8129 24926 14279 31215 29529 30919 10095 14140 18602 26611 33177 15736 24297 22719 34772 28032 25272 12449 19156 514 33263 8213 18855 39283 4940 3287 18482 9782 16999 22240 32224 32142 38933 29084 39070 7565 18701 22510 23806 39502 26016 26927 29741 39922 22676 29126 36484 5875 879 37173
477 26395 17841 19999 18397 9984 26089 39482 12124 7194 12988 26690 2886 5996 22819 12097 32635 38086 14859 18766 37624 4483 39774 16478 30020 24495 4212 31871 39949 1439 18140 8466 28101 31281 1282 19696 15070 35232 358 7056 32681 17583 3289 18952 39914 37341 16795 16512 39699 5586 13957 36233 18552 36405 29682 21061 630 5121 20161 30827 11646 12485 34809 8520 10155 20100 16125 1568 31589 31732 8062 7050 16304 2527 30516 39968 8707 20673 32728 30594 31795 3672 2403 12379 7628 18479 18948 9227 24207 29479 15306 5006 24257 38008 10178 8821 25765 1330 21504 2009 28741 33199 33921 28180 29946 25846 12621 32170 9975 26840 26724 19281 32016 23461 1294 8035 26758 11628 20038 1184 21025 27135 5074 11830 38345 4300 30665 24288 2576 1303 24217 33891 13271 535 33171 27357 25810 6362 19851 10431 1191 19105 10594 7785 22949 30604 16404 28875 27300 31377 6014 31731 22113 15134 19222 1493 20704 26282 20568 32582 30004 39231 20257 23364 2188 7108 4631 25979 22882 24206 5438 15338 9067 35095 12432 39661 7630 27596 7314 32304 29819 35965 1820 16170 35640 37340 15377 2380 14904 12017 24201 35354 17411 13382 37785 26454 3123 9339 32442 24635
17486 2801 8318 33601 16744 2863 26740 29411 34603 25653 35857 23541 12149 6399 1153 20860 30999 10862 7059 3936 18560 23823 16085 26208 30588 36918 26681 13495 38893 10496 32267 37657 28758 32400 29487 37135 27413 7017 31603 38507 13692 3701 14380 28150 28621 22048 4270 1375 13261 29528 18689 31115 25169 34541 39065 35847 35677 24476 452 6055 28494 26381 7593 1424 18340 36997 6749 39425 7445 17924 12228 2228 24009 28505 13173 15687 8401 38216 33889 17290 13550 6799 13030 3761 21302 25217 26959 31150 1300 18951 18914 10167 29971 8893 25815 31606 3325 25059 7665 10463 31270 11374 5830 35424 32038 17816 6653 33217 11915 32765 27981 29905 198 36391 14247 29721 28400 6213 12839 39993 38367 23567 36575 38063 24049 12673 21055 29953 36707 26464 21798 31609 8664 21673 32039 35447 21343 39779 2814 12066 39382 12658 11007 35706 828 21496 37635 19713 28694 30341 3790 14529 65 18091 37915 13628 37519 23359 1787 35935 7094 8634 7137 2133 35549 23303 34697 16275 25919 22699 928 33992 37160 29947 29245 30654 694 39711 1083 4235 18368 39920 12925 33017 4562 36647 9325 32019 22327 15380 27974 12812 6095 29032 28021 4513 4914 37315 35235 21039
39374 38360 3887 3444 8465 21700 17403 76 29935 34053 25708 35816 8896 23898 30968 23365 20369 7093 26279 21371 8187 37499 38244 28383 9333 20290 23612 14318 32927 27628 24758 13054 13629 1165 19224 27740 15984 19802 28143 34708 37093 37516 25378 15078 4617 10352 33843 31117 37294 31181 22432 33087 7291 30062 32797 1848 8091 21812 5846 19088 11931 16392 39906 29076 30652 8223 30434 18521 13765 4990 461 1034 31771 25085 30658 12390 27318 39509 26492 16477 23109 31895 3567 18958 26486 15908 27131 8385 36115 35405 9938 24115 20162 19729 28618 2395 30853 27798 18320 4537 7787 7800 13442 31548 37010 6772 35020 8369 23555 31531 24210 18180 7509 9771 23112 27651 5065 35287 10556 2494 27458 9641 27960 26713 35079 26275 27615 990 10651 29895 8835 6959 39294 18107 2348 34477 12849 26255 319 15865 39017 39346 24947 37169 27176 16506 31331 13043 11371 8620 8357 30142 29382 39399 24546 620 15102 6169 1583 15457 28435 34769 1281 9108 20611 27552 29629 507 37430 39061 36688 18144 32394 6170 22831 20564 5511 24955 34901 32364 15383 6480 32770 3893 11745 20854 797 12841 9887 9952 10234 33863 25800 38001 1490 5969 15162 22973 39114 13159
5254 20530 5769 37857 9376 14133 11433 1864 21777 6938 4458 7739 20723 11189 32854 36352 2593 30219 31870 11683 30542 1126 23967 2987 15534 17781 6103 37963 17263 5874 25742 33988 37951 33174 5508 19216 1304 10926 35680 20822 691 3828 10980 31899 35080 21801 23102 2302 18358 27408 5984 25858 2981 30301 9881 22951 33361 2272 4493 9799 26017 30717 35078 14754 738 7000 28836 10264 2557 9365 21521 9424 24608 6280 19967 39768 38161 10957 31653 20051 35042 921 39623 715 18492 24122 36546 31792 26618 26048 20855 22474 4119 3806 34797 4995 30557 34216 14902 39835 26068 28548 26100 17863 16400 22068 14534 25336 5397 5311 4232 32371 19645 29121 20730 31155 25025 9287 32563 15023 5362 36783 14138 39765 19180 15925 15167 24220 122 10479 10964 24959 16123 35924 27528 24762 28703 39016 6146 22988 15548 39915 709 35404 22370 22153 22944 9237 30232 17505 2601 32773 29641 11893 21802 7415 3717 29891 20306 6906 5859 38873 26321 28410 12504 1677 16737 22403 6385 13295 39261 18537 17611 19799 19154 21130 34222 37379 39630 34211 32315 36991 30910 9937 1840 25899 8527 15151 26823 7402 30123 19767 7181 17680 12510 2661 12517 13580 11582 17744
29123 26569 19287 37664 2065 30132 28723 10578 13473 33887 32547 17400 18538 24223 35768 25446 15053 37949 30815 4057 28959 26367 37428 38965 1689 5983 18349 3293 27534 38660 1316 29957 22643 24809 4171 31907 35146 3284 9497 2722 8908 14194 2793 17617 34996 14088 26425 11263 1789 6675 2415 3124 4594 32500 10490 36286 5127 33999 17402 35268 23546 25596 14064 27621 21045 13872 39773 35550 26172 5721 31929 11950 29447 23631 30077 15350 10037 4614 313 29013 2013 30267 39064 9347 27816 20352 8371 29736 24693 26625 27519 13065 21573 6135 38849 2975 24180 10588 25276 6079 15429 1796 23472 2924 37478 26966 9256 12350 12534 4341 27588 9502 23836 21583 25911 32734 17688 16429 10716 29043 4691 24167 38370 19276 34334 3840 26416 6982 2399 17182 39316 24085 26277 11759 30298 19966 15625 24707 7188 12539 3439 19219 3280 39755 10198 16449 18785 20965 29169 1959 4628 8103 6270 15554 1589 2690 24364 7715 27296 28569 15768 15135 35164 4982 32391 17116 20429 17897 38492 30750 27562 38116 35718 10053 25036 17616 5847 27847 35615 9046 31081 8500 13057 25261 30621 26566 11721 25111 17159 39029 15397 14248 5509 13376 2586 22630 825 16037 27814 20414
27686 26296 3305 3560 36229 13076 31432 11698 3762 10358 37939 8937 34770 28169 2247 12441 11096 3453 4229 32443 32991 32261 29354 34052 26918 9193 17253 23233 1114 15104 3098 18979 32845 3848 11295 39851 36745 24141 33638 25644 15759 19998 14733 14344 4780 17726 38375 8969 36697 5204 19742 7879 15169 25862 35206 38057 13293 35646 17301 38551 29926 20967 22784 38695 35438 21216 10341 31672 5284 30245 31338 24226 845 24361 14957 31715 24420 21033 8949 30729 19807 18273 29506 8203 8859 20916 20159 8898 34110 27710 13143 30790 17386 23015 22337 26984 15448 17993 5752 11267 10472 17030 15557 12599 19748 1358 34501 20050 34530 25338 35458 13198 36558 26715 5799 4627 23698 38163 27246 39295 15426 32893 38306 36512 17122 21878 36344 3922 24595 32662 199 20248 8070 1112 19913 36790 9970 20325 31168 6330 17391 6346 23499 6281 5331 20740 27970 14136 28939 34935 17965 12089 2862 11817 12231 19074 28289 1115 6837 4448 18483 28809 21599 28356 18462 5735 9175 18364 2961 1228 6240 17984 19882 32328 39228 9525 12260 7963 25844 2307 7320 11430 38139 30868 28532 1403 13125 18985 17191 12055 39507 39138 18635 11504 18891 33279 27005 8663 26028 36568
17143 4025 1132 28026 26113 36121 8071 36271 25545 29294 14708 23275 7756 5685 15016 11678 18673 17981 2486 13734 15708 37313 16345 36977 6892 21959 23079 15351 22136 28885 18008 28470 2265 18448 31438 12297 28418 33552 33550 28899 34158 33262 21165 38826 8501 28963 13545 18647 4016 15691 36211 33023 5407 32826 38330 2118 37834 9307 32349 36668 1054 9911 21234 20596 37317 17812 18907 2971 31862 21867 30679 33043 5288 4736 4997 4615 33692 13949 17390 17376 27108 485 23973 10783 4551 29697 5441 24411 27392 28263 2276 2011 16915 22235 28389 4080 37767 25231 33439 792 3066 10190 30393 38157 16902 3899 12195 23837 25053 39358 8396 6295 681 19308 23046 27717 27732 18823 31534 29807 8534 14726 21324 18715 1735 28917 5447 9343 8686 32842 25473 27046 2160 3533 23665 10499 31505 14074 34155 22178 26176 8793 28768 30762 26563 33470 33189 37958 34355 10592 5021 9367 19744 12822 9998 29136 13694 11803 13222 5539 33929 19931 12128 25289 9194 22659 22426 38399 28994 32810 39315 14522 20254 21285 15742 23043 25824 25413 11320 17237 12835 36860 22748 1508 30843 34641 27776 16496 14190 14648 15790 19026 10581 19861 10687 39612 8116 3218 13372 33504
21557 9843 30727 12238 25435 29923 33271 24251 17512 15085 24527 32746 34072 20716 30832 5087 36021 14661 35310 21069 30678 30850 24323 2966 34534 32341 34787 26002 20370 31119 8220 17907 7341 23286 10655 8281 32590 38929 22714 30271 2368 4455 4207 4311 820 12781 23138 11139 16074 14103 24939 39173 16129 27515 20097 4503 18672 24512 32028 8248 3375 18714 7161 14006 18621 14810 14214 12826 22341 30982 39142 3169 4286 1778 6119 33267 15918 10598 37194 39224 29097 32987 36642 35340 37020 35397 2478 2733 14377 27388 35482 16834 10123 22147 4418 22314 1002 21752 68 19253 9913 38415 28788 27367 16314 11710 6940 38076 33933 776 21373 13889 10146 32369 32539 11085 27983 3323 7646 30521 17165 39974 1975 24435 37818 38066 7526 35548 20328 17950 33012 20463 37557 12254 19970 2132 10096 38323 3189 32411 669 12309 10543 24688 31415 34207 30980 39221 39889 3001 90 27641 11737 8096 3317 10527 5070 34653 21592 36431 27550 30458 36513 28397 13941 10414 16479 9733 26160 15609 17740 38716 3782 37354 8683 18576 8573 33658 8928 27666 13566 23124 16174 7816 38750 30217 36539 36634 35971 12106 18738 34061 2542 35021 4101 27725 30187 13160 8008 32301
5894 29594 28393 31894 25359 28225 13384 10349 1910 4991 10936 30478 2761 25848 21772 12814 4273 12262 18085 21615 26669 39811 5000 19856 33812 19707 35607 19956 20681 6871 7442 4759 36408 18668 10600 25086 32790 17056 11447 26475 35595 24677 4264 26812 25429 21451 29598 11058 10547 14499 13012 39845 23826 22189 33347 16798 34938 3836 5923 28076 9813 15801 22621 26858 37346 1961 33611 27673 20256 1980 7147 21492 26446 3807 28108 1522 28209 6164 5061 22440 36249 4693 11367 11571 11948 14795 19264 11474 25583 28772 5962 2774 19787 37991 1087 33121 16488 35882 35300 10301 14680 8454 25081 21160 9517 23706 36345 24659 6990 2183 24993 12487 780 19865 18862 36904 442 13304 6181 26960 1795 27275 32514 15955 4873 1235 5792 21509 16829 37282 11402 17299 15052 2800 4466 26819 31084 20676 6256 5395 31370 38966 14837 29091 3519 5978 19908 20465 36252 26442 1893 18103 23169 15758 11256 1429 26481 912 12915 29967 17289 20905 168 20482 13135 31577 31693 21533 1116 34044 22803 25750 18650 12261 29997 32909 31948 27420 9173 30106 19950 38785 21288 5410 29601 13136 5450 21416 9612 8069 18227 25853 14432 15392 11523 5342 16740 6632 28798 26330
34884 7701 18784 37940 29509 6394 21725 36872 18574 3243 25965 37398 22797 24011 8421 27039 20814 23395 3384 21340 11688 29315 17312 10896 35981 6123 28229 35842 34034 19621 1193 25318 7712 24735 1584 33792 35792 23103 38093 9659 26799 32473 14617 26532 37956 2039 17951 1072 13798 4374 24113 32174 33079 38523 18520 13810 28579 14218 18851 27416 9092 11637 6251 38132 20061 8066 30936 36462 22045 34220 19869 31282 22717 19110 36830 20345 28273 23422 23495 22915 26366 20708 39531 12574 39607 1524 1748 12483 28497 8196 19877 30262 31126 32696 33827 4847 6935 4527 22781 9291 185 6493 20118 5286 15400 31382 28352 4690 20299 9294 28471 28117 33211 37485 14388 37312 11954 21984 27491 11253 34594 2914 22095 11313 26827 36958 29552 33330 36048 7139 1788 39422 1170 149 15923 26273 25344 17063 24315 26102 18657 20387 4800 31042 7876 24739 27156 26020 16034 10686 30443 11460 30664 35780 16166 36224 38502 17161 13617 3085 11465 8032 20375 3894 287 32950 35712 25718 27469 34470 7312 35890 10403 34542 31774 2847 27618 36824 39550 24260 13308 32730 20333 31538 22958 4589 15827 14591 18457 25474 36488 22587 12020 12001 6526 12111 23167 9251 12535 29361
31315 37147 21145 29942 37188 16243 39963 28010 27186 2161 39783 13492 2893 6984 24043 25440 25210 14302 1418 25108 14228 526 2540 22304 12508 365 30835 30007 16753 36389 21282 36979 36569 35516 20781 17836 31366 36111 15873 21931 30386 12908 22495 23680 33943 38820 7965 2526 14954 38273 28530 17027 33256 38835 28790 12502 24459 17046 110 971 25889 14588 38984 28245 9465 39341 19775 16993 13254 24823 39522 29651 31607 33759 21325 6007 13091 13844 24961 6529 16526 17047 16885 33757 10321 2837 27761 21689 12318 32381 22430 22256 36299 23870 24445 24785 5851 11234 1887 16254 33680 13782 34906 28910 35554 7331 14845 20512 16295 2218 36573 13306 15168 33687 37998 11704 32029 27748 18037 13564 31888 31803 17207 13148 19549 17226 19255 27586 34692 39370 3434 19144 7703 15055 10755 31879 15152 33353 19593 35293 33526 32288 25146 28983 16292 3703 23766 17354 38680 19609 20639 9155 1805 17114 34766 31092 37730 9133 5262 8345 6958 9245 10509 33150 32596 15370 33495 31359 16733 37145 5146 30084 11499 34844 16579 20423 15817 4681 19551 16288 36375 24903 37598 14229 252 20449 8635 10793 14791 10972 14893 11586 27179 36595 26762 26264 24709 13554 28821 2031
11699 12472 19585 7905 29690 15164 19683 1423 15731 21334 249 1472 14531 10665 34302 10751 28453 6977 15183 14544 39395 25244 4007 19320 16863 38351 35242 26288 32731 35254 34404 5213 6379 2840 37581 34039 35963 12603 24264 19506 17571 15283 36915 7456 3590 7240 30570 18249 2726 2575 21879 38242 16059 34768 31398 37343 23223 8816 24187 25662 29214 15829 5707 19118 7608 31284 482 20847 15147 32914 25847 38282 30256 21736 1269 31177 33903 717 38837 37981 15975 24133 15225 30108 23218 8438 33319 26186 32622 12477 35740 38297 30563 12292 26548 28417 38654 2760 4957 34466 37149 6583 29981 14660 27993 19751 18105 3824 14635 32141 9956 18944 38450 28832 8365 19423 33867 11797 35671 12575 28392 12010 5694 20826 24488 21146 7384 22871 6950 20350 17777 2357 37027 30997 23971 36422 39496 16160 29414 26457 9044 23569 19432 23695 9427 20592 20565 2708 18624 34492 14627 13937 21547 37935 15111 9570 9045 108 21574 23543 11203 19803 25686 19832 7135 28252 9351 31186 28379 38262 8860 2202 24901 2041 23236 5522 8273 2128 20184 10260 30623 9102 9031 20006 10034 1960 12446 15446 27897 39787 23694 8481 16969 34557 17428 38387 24723 18114 13451 14151
96 10908 13923 34636 8829 21786 13034 2151 21997 6551 34140 28807 19374 9444 7245 15309 32129 10918 22848 13380 16206 34905 37283 23595 5195 23257 29134 22279 6132 34449 33794 25382 19559 4694 13966 8435 7668 30252 3186 31887 6335 4413 9143 10927 6711 22263 9276 6015 9478 31574 39823 24849 3469 29255 19309 26704 10991 13276 7597 32060 513 5413 21789 1813 1803 32887 220 33652 7619 33042 21478 9362 10963 36225 26392 7189 9149 6741 17888 29390 35669 18319 13511 12148 36465 12931 36222 23756 22730 2648 9930 4322 30586 30587 7852 23097 7382 26482 23978 5359 11527 6492 3640 2176 11840 19653 30932 30889 12264 31309 801 3465 8034 20008 19430 14124 22592 12932 31760 6527 37855 23186 14313 38735 10038 21881 35076 8202 19594 17297 14769 6504 34912 39195 6769 38478 18345 24874 1060 28683 29655 8332 7783 23418 35167 20515 37252 33252 28999 22878 36888 5238 10851 16114 4231 19433 33379 29932 35871 25776 3318 17055 26268 18788 33989 11539 14332 27920 17306 311 28144 34958 17575 18337 27094 2916 12382 37231 23469 10355 7217 17750 12380 14880 21116 29630 37397 15764 9893 19032 8891 1028 11157 34717 29295 21084 3350 7924 30273 33296
26137 32687 34650 27600 29974 7649 36662 14973 29937 16773 3964 19014 12948 16110 16134 12028 33067 30536 39116 29560 38772 12551 11280 12197 8825 3370 31937 16470 11086 30849 10424 5754 30388 9085 38915 2124 34817 14580 10718 3870 7285 13954 7769 3185 24102 28437 15209 22247 23533 15514 33094 11810 29858 10466 5077 30781 32860 25154 26496 3520 14468 5791 17865 36496 33334 3589 22099 19785 21814 16394 10193 39177 22982 3746 31750 23880 19237 38010 21662 11594 27232 8866 27607 38376 27852 17224 39978 1308 17196 12741 10996 13137 2860 12113 23990 28050 1492 21082 20642 38577 24690 5974 871 15248 33187 17098 16337 7632 8736 32386 27735 1482 28481 26955 16205 37402 3611 21321 22182 32838 6870 1499 18297 1442 35696 17580 38531 565 20660 28998 17712 33787 3883 2006 20665 5560 28764 30592 37805 26322 36259 19835 24475 30672 19487 33486 22880 18283 16212 483 29105 3726 28232 8028 39321 29827 9428 7081 22556 2029 15087 6591 33212 24760 16698 35162 3566 16380 24831 15155 6184 23829 32592 25084 30575 23036 12480 38743 1430 2314 29991 13772 1497 34583 30117 15721 37720 29212 34993 14969 18912 3802 17674 21859 31515 33047 30421 18764 23621 25275
27955 3090 33029 13461 37966 4775 21108 21817 11489 12209 8025 17747 16751 24405 8691 23060 18313 4131 3645 25821 2947 28414 28213 27104 20393 9803 26677 26156 37046 14667 29778 6569 5011 29591 35182 17318 12407 17464 39128 26447 5899 23907 12036 13618 18198 11408 14418 33141 3636 17767 30450 26224 27299 12137 34716 32789 8310 11878 39353 18215 372 31908 15019 32626 16621 21632 25726 28560 16439 23308 38607 1392 18594 25835 26104 30803 18148 24629 10428 34417 23664 11036 20470 17591 30749 4410 19480 25579 23748 33541 14366 9122 18449 30395 27950 2274 685 15232 12224 21890 22381 31237 4883 21571 12957 4356 21407 22476 32683 5804 7880 29711 17895 24350 34362 19159 32697 7295 24746 14494 16939 14497 24878 25331 7255 29428 16323 6314 10476 31791 10498 19859 12677 24463 8183 28695 25960 27518 7063 13526 39499 10535 555 34094 5626 14109 14050 17868 15289 8978 34774 37618 30956 39749 11563 31644 1916 38443 11237 12803 10300 31004 25415 14346 38596 37638 37470 36734 29635 14688 32997 24522 27115 8237 17853 27753 21876 9884 1471 2373 31804 17818 8539 26411 38861 16741 10899 18581 8840 39265 21351 30491 31658 28158 31615 17176 36674 23183 32491 34548
1845 32784 27473 25179 2645 38493 16167 27321 3205 11807 16084 19089 38635 36149 2240 11621 26155 30814 5457 123 15455 39841 30476 3275 16010 18312 7231 13578 38685 36385 22711 18495 3357 24710 34568 33250 17898 38924 25139 23538 37917 21088 12747 31250 20146 35184 32077 31781 22380 37562 2210 37214 18523 19602 1591 19490 33356 21978 28148 9870 3892 3901 6781 37015 16509 34983 35811 15024 6410 36306 14408 28509 28316 20700 11257 33856 6332 28081 17692 22160 16648 29664 20347 16944 39780 19693 8168 19734 12704 17955 5617 17533 31976 7983 11587 14919 18445 36807 38703 13571 34761 4797 14130 31697 30581 16587 15071 15940 26555 33020 25237 8947 8857 37143 34606 21197 36624 4175 2654 20726 12862 5500 34874 5475 19735 5551 9565 12859 13457 15922 11159 21166 39252 8337 30950 9191 22787 8554 31639 6342 39829 19635 30461 14484 21087 6681 31303 39222 13521 11754 10956 16683 17825 31445 23325 31931 25424 26409 13619 34058 32437 16578 37497 23338 18211 31956 15511 30053 4885 126 7241 29851 15655 39049 35505 11567 20943 33237 35984 17323 7558 29587 3083 31206 1249 23509 16315 7843 37957 10749 6013 7438 8139 1744 21035 32888 1647 22057 12695 6999
24142 9573 27013 21019 18893 15498 27233 30288 4540 8629 19165 28815 8510 22059 13301 20405 31200 26964 9694 7939 22208 188 30693 31381 32834 7584 992 34828 11254 21500 24853 24882 14652 9479 2652 16198 14699 39635 26297 31114 9807 18558 22211 34480 18729 2955 17975 20878 39954 26215 1604 35410 26818 37091 8584 930 13573 13226 22251 28466 9571 22738 16338 17096 32262 21560 33822 31874 33500 1177 25594 23915 16775 32318 37505 22471 3521 22827 811 23838 24913 31523 25641 20573 2838 4045 24055 1247 33314 17980 13611 23687 23894 35192 33180 22354 17628 39562 3795 20614 39577 20796 7396 16546 8804 8901 23044 6220 27028 12716 30650 25013 15496 30403 20462 23663 19893 28406 23830 7090 28428 5130 2514 26993 24108 29958 33536 33572 33659 14655 6706 39005 28822 38604 18216 28558 28957 29692 22225 19103 19466 35750 19619 14046 11508 29061 2960 331 22265 11106 2566 26007 14785 23351 7346 5085 7687 33962 8991 19152 16101 7414 3207 7542 12890 21796 1782 1248 34429 17321 9451 15322 35253 8873 17132 593 1426 6594 3274 20917 14543 23219 17779 28657 21486 8436 36308 16780 18048 1095 34181 16732 28716 12529 13838 15436 18932 6963 15773 10422
10847 22512 20072 28729 23288 7758 7388 30580 35176 20873 22236 19618 34565 21875 35755 30274 18876 395 3552 15774 34085 12140 7200 22066 17232 21833 10827 38319 16446 314 28977 31487 2462 32977 37374 38182 31429 476 26833 35995 23697 29749 18052 10468 4612 10945 13045 3890 24683 10548 26393 17243 29218 5175 19412 6419 6066 9090 31105 18706 10320 24372 31427 5004 25823 20027 30669 25307 31884 500 6409 34841 24436 36165 26661 8874 6252 24509 29249 18649 31858 19414 1774 26904 18193 18021 32455 7676 29298 10631 8375 34397 23857 15601 39201 32112 5658 21230 38832 30078 30945 24004 30738 3973 25814 7994 15165 36802 18045 14128 35202 12357 12996 24161 22206 15588 38665 30377 9001 23504 8449 27169 36557 20661 21975 14274 8280 30538 28399 12099 9049 19277 16171 38241 34278 21297 11702 30485 32978 35368 27061 9337 28495 18980 23107 35852 34963 33016 21110 3606 32213 3038 27909 32474 13063 19383 10392 5661 24535 36961 28876 28524 21119 17004 2978 6477 14928 25425 1693 20396 25831 29 36579 30260 20868 38564 11638 5561 19685 17834 19545 37138 13255 2211 13523 30138 15067 38508 6856 6844 36846 22149 31300 19623 621 24024 22473 16632 28912 24066
17065 16653 23448 11421 36141 24391 18012 18756 39066 10746 38430 6422 8750 31044 12565 15996 16409 29444 1678 29604 39423 32603 22541 25945 31762 25932 15927 15443 4174 18543 7031 2735 33948 25507 35006 35261 27167 8923 3026 6376 28366 21220 30033 24956 17364 15879 26503 13558 23072 37368 12753 9707 4912 37905 15458 17676 3518 31689 39054 103 5723 38817 579 11417 21968 23919 25811 28976 14093 14359 26545 14861 7531 11835 9407 34994 14144 376 33900 5258 1404 23407 32567 14693 225 13023 33885 22624 38866 34960 18124 25138 35203 38778 31463 26539 20427 29385 2962 17977 5696 10950 13168 9515 20602 12360 9556 23510 16045 31988 9027 1931 29896 34730 29062 15958 13436 31449 30122 148 33571 27302 39322 32753 14573 27551 20976 17879 13796 27471 9774 7909 36584 243 27130 20946 4433 23723 4276 3708 17606 18702 37937 36815 35562 32855 23551 14396 28516 35355 26635 33653 6712 24855 24282 36709 1760 75 10018 34383 35041 29045 4794 27643 38719 29095 15818 35508 30190 2651 17806 26038 37826 2910 5702 37011 623 31404 37240 8652 17530 23531 5526 8138 9370 3420 4726 20023 894 14676 7501 17991 2529 18883 37229 33224 19588 34792 25178 33167
33032 35770 27267 2093 37164 17218 23854 15477 29710 32732 3538 24789 20182 4624 35915 10012 1696 33055 4830 29553 582 32456 27208 2033 20830 27215 13317 30660 35488 24909 28853 24655 24215 28820 31859 12780 32136 15586 27345 12486 13689 812 9387 27485 17693 18637 18123 37292 16402 30045 14416 18779 25411 6097 1466 22360 20368 39014 14766 25351 1156 17921 32503 18967 19075 20115 28441 32313 12105 12065 28008 39326 36541 19648 143 32932 4590 13864 5129 335 14114 10595 35613 27136 38476 15788 27704 23671 32286 15703 34365 17671 2018 32057 32201 5470 6413 1494 8636 9705 5369 34965 36638 18306 16953 11630 32350 31172 7086 37703 15042 37291 29144 15452 21613 20454 28005 9011 21168 2744 18615 12447 9914 22494 33602 10732 6925 13297 13593 20469 16384 28652 34847 20658 32542 34299 15526 3137 12160 7571 35034 32636 19505 8728 13040 26755 33786 7183 949 25453 31326 6679 20208 8827 35586 22368 15483 36187 8667 13569 14803 13332 35616 20579 15650 32010 1986 18314 34144 20729 10923 25463 11620 17361 22876 6744 31373 9137 22420 30331 19543 14272 6140 11305 35660 22930 7452 16801 3903 19962 37768 24717 28459 25913 27403 28973 18033 37788 25788 2539
35996 36028 29206 17821 6016 38479 30328 26932 37036 9408 12652 12701 6241 39165 2050 6994 16537 22286 9584 1630 20372 18953 31978 14207 8941 13538 34184 1516 32986 38671 31881 9964 26905 22233 39480 19610 23673 32312 34511 31422 6854 23782 7748 17183 38600 25685 2250 36079 27180 11518 39232 33152 2993 15653 21421 33249 18827 20685 37589 7024 16421 13260 8299 17619 39870 12938 33351 14594 8734 10538 23667 22828 36963 21990 158 5641 5700 39926 20652 39736 10974 16489 14357 38156 25202 7260 11239 9643 28368 38143 16336 33489 13322 31776 23636 1352 5423 39973 24797 34268 25499 522 5299 2636 10368 20682 25452 23536 20971 21245 13724 14738 13977 4884 34101 23564 5323 18164 11046 27558 19511 30121 39750 32309 14455 6697 16638 5533 34232 3784 25103 13163 4839 4017 28916 31529 37972 38036 28924 8772 22198 11286 17933 26072 8109 12129 22146 26025 18665 16049 13421 18962 27034 35782 30315 29535 3209 31055 16454 7761 20707 847 19215 11479 3049 22749 33148 27943 32308 6086 8782 34141 24918 15133 824 5596 32229 7057 19864 12157 21871 27757 28759 10929 11992 24157 39976 3684 533 12311 17274 25479 31714 35961 37381 25611 4845 27885 22987 1979
21153 33591 29921 10577 14897 2190 30839 30578 28830 20828 29271 1897 1277 24018 10609 9798 32510 31960 6704 15657 20679 12714 26838 2196 7514 1008 8814 23741 29626 1217 31578 38290 29482 78 24954 33297 1547 12461 21268 38780 24646 20127 38366 8995 19345 32003 39834 2903 13785 11834 17266 11138 10961 31745 10507 11610 39925 17494 31851 31034 9068 7834 14503 30405 8944 28100 32075 31943 22209 2363 22295 7431 24848 30099 36287 38998 15733 5911 293 16218 27883 20516 38371 3750 35183 30529 1570 10836 8135 20792 21225 13904 23083 11051 8064 12657 6274 25281 5080 12715 15808 17615 22870 16543 316 4739 22962 8292 16584 23421 20831 39989 21056 17164 14657 25956 28907 9577 22530 21856 8583 30322 2869 11800 33002 12489 1634 23549 9326 21857 264 33977 32281 37041 14381 33118 30649 7461 24658 27929 29638 18473 13883 13953 16152 9966 22165 38186 10761 7746 3053 3942 1139 38658 5836 30884 29904 39578 32140 17690 29567 35166 20756 31814 8142 25604 13408 27157 27934 21198 564 24729 27833 12593 33325 18865 4552 27262 36592 18296 13670 32846 28201 20362 33904 11666 2709 1448 35714 20287 14505 37708 9816 26484 34353 19888 39043 9316 32751 1154
37841 2194 880 24738 19894 36992 13710 2214 1541 4905 11416 1109 25555 38195 7782 11084 1215 36702 32747 21603 12538 14639 16544 33566 39163 14722 2456 5805 27358 35846 38407 460 17333 19053 8229 23650 8627 24056 3252 29913 5565 13886 37247 33675 7928 16981 36353 26800 8696 30426 37552 15244 17941 12550 22666 17195 31519 31201 23225 336 30847 36420 19262 20151 10065 26798 11019 28701 22261 39372 34229 38774 39293 28052 6955 28645 29554 22448 26699 29643 9885 14916 33760 19195 27809 30569 33287 16104 7896 15527 36473 5504 33452 13035 37900 38815 8712 9332 22858 6162 33270 20286 5798 3030 12059 5949 2574 6549 37148 15126 19182 24776 7099 17625 24193 27118 28313 18150 7195 39188 17330 23808 9005 16931 7824 37856 31660 28449 31846 32193 15716 437 36415 1159 5956 31175 2672 12690 27769 13614 8606 31790 38405 2052 18047 16055 23995 37254 8745 18895 35057 36116 30948 17947 5329 6465 23166 23356 27683 34215 5411 28726 7170 1093 926 9579 11510 39625 12151 39975 29048 33468 17018 1238 23073 38253 12374 5205 26021 15705 14943 25895 18111 27091 1631 28286 4133 14563 26626 28493 8319 17646 22747 13931 32238 33667 20276 9494 4081 10377
39176 22349 1816 33413 1001 17716 17284 601 38730 26043 26219 18559 27788 27696 37921 37328 7686 36251 17095 3594 11575 16935 18005 2687 16173 25733 22330 32180 8542 4811 39739 8922 5424 29232 9056 27698 21667 26198 35152 6201 30368 14485 32332 29909 4274 27373 36785 13008 10935 2040 38219 14398 37065 36193 8346 23624 38884 32407 26453 38480 30041 39730 3621 33059 39365 28774 22547 21098 39383 1082 22936 17510 23131 19340 3588 7539 7159 13600 24856 8797 2361 21880 15433 13958 32178 21138 34054 37290 17302 12861 4896 35777 6453 9230 13418 35910 28046 16393 31845 10153 3402 9466 3500 34698 1957 23208 18688 33498 5898 37195 18145 22089 32844 31923 17638 17212 36392 36938 27667 28746 7550 17630 2748 37769 16660 11565 10778 38606 37245 1905 9814 7512 39093 30921 34949 38335 9869 18831 2775 26928 17557 13242 15846 10312 23758 814 649 39905 1889 6185 9431 38631 16149 32998 18284 36699 28061 33622 29727 36297 2926 3718 10243 30152 10285 4915 38069 18695 3468 7895 34415 17684 32948 23047 35230 34249 38126 33008 30767 37120 25529 15547 22893 3368 1019 37717 19814 38788 20175 33913 5488 4294 34283 12619 6724 1520 16033 36626 554 2738
4993 12208 23739 10092 36181 22404 11167 20007 31444 2758 31562 18693 4252 13702 23666 1344 25 10891 22688 29691 29748 39010 25277 12244 18530 6607 35 1143 3228 32646 37566 10407 16312 20944 26241 4758 11160 17155 33446 13274 5159 35848 14582 14681 12986 25116 32719 9405 13737 17469 5640 18155 19556 29114 2288 38878 11822 35639 24324 27280 4482 12592 33527 21919 30695 20805 20778 19011 6861 16332 720 16937 7521 10951 36924 31137 2764 6180 29408 25542 31740 37289 31142 36765 31187 36176 5420 819 20168 20245 21510 32559 35526 16972 25315 21326 32780 23561 17431 20989 10764 25531 27311 12867 20134 12354 17935 37909 34131 2027 17682 19947 35364 14458 39197 18435 11091 14567 18452 12019 8342 25991 23941 14598 17864 28408 22829 13596 9785 17438 6391 23206 31056 16921 37206 37475 28888 33751 30863 17968 32124 21884 32321 13496 7947 39955 14558 38021 13795 7162 20507 30338 35378 34451 30231 1669 10947 15990 4680 33533 20650 11312 1255 19972 36754 34920 8831 36032 20733 23777 8072 36681 15275 26741 26802 30014 28044 23609 1750 29513 922 17640 11475 36667 7757 29540 9168 14291 31028 8717 2959 5242 1666 34316 22664 20445 23058 6565 19210 35395
2410 14700 36174 23026 10441 38718 11471 16615 22174 23363 30677 23010 23540 7097 9648 29426 21434 34985 33284 38688 30615 18470 14833 23362 617 12481 36088 37795 4194 15117 1364 10340 27241 25466 15683 37822 24902 19570 26720 37332 16854 22281 9336 6852 30977 25950 28125 22081 24844 21479 28586 24263 9146 33963 30512 2300 31694 17385 29336 12015 29108 15669 11551 20524 39524 36503 2899 3082 11671 35491 35112 26598 34303 9630 89 8732 13790 6902 8656 21554 16088 31773 26633 10842 4931 39062 9902 25842 24325 22131 3586 8418 3860 36833 4109 1425 37555 1588 9009 17072 7871 27790 38953 11260 20714 34919 28390 32089 1182 8502 37688 39943 26461 5971 8932 923 24077 30156 6161 39591 17489 18065 30947 28295 27335 18856 13823 19266 31701 9048 5279 37515 37362 7796 37319 5595 39330 39746 3984 30691 13299 27633 21987 1489 10993 1847 31552 29267 184 2045 9644 5304 31333 13381 8174 17394 2407 11864 15280 2732 31813 23480 23642 32858 25832 19443 13338 12130 39056 18494 39245 30942 11515 15974 26159 32253 20052 609 8021 39059 8498 39297 39959 19001 12365 35779 18183 33606 1485 24274 37128 21770 31384 39650 27191 8474 37873 13715 15407 23670
38422 38854 20964 29049 22479 1099 19397 11543 16541 9152 37607 39721 27042 39648 18356 36943 27011 31836 21054 14044 31347 28920 21671 28084 24818 18601 8270 20769 19061 6547 26786 31640 25008 8493 26817 12625 3048 16060 21318 1926 14277 30800 22331 13406 8894 26380 18545 36446 19131 21422 32215 32428 21743 24787 12239 39004 29443 36673 24148 2872 12686 22180 33733 31649 8312 5688 19791 9506 670 2880 7736 18852 16860 12146 35468 4704 9943 25001 10282 14202 13025 6801 16800 14473 33646 21135 4042 31317 22732 5383 39683 16390 12212 16172 12501 37026 42 16807 10205 19080 19684 14959 22981 39378 16701 39734 32333 5210 24805 38706 21721 38048 30468 9611 34807 15332 7234 9270 32771 20225 4692 38947 17576 18844 27067 19605 39274 17936 2747 10648 2951 275 19922 33741 33844 37514 20202 39820 15932 35441 13895 129 6404 13094 21006 28166 38857 16784 5967 36277 32918 13871 24379 35099 7471 33719 28157 30144 33290 35464 27899 3716 31670 33405 259 13315 15860 27154 164 8823 32786 14311 24653 25278 37468 20747 35611 28333 22531 25556 20863 35022 10677 20541 23261 2025 24791 15349 31806 12050 30865 14512 25613 38757 14479 37095 37817 17201 18546 5633
18154 17351 25043 35922 9776 25948 27890 1049 15246 23392 35745 38923 7404 6920 8895 39539 32974 32115 5775 17788 8192 27566 23582 16334 25064 37547 36750 37080 7698 14856 1503 32741 18086 25584 11315 28687 30211 19425 11406 32374 23082 22782 26719 36054 10637 23704 31228 22686 23587 17341 4386 25731 14223 602 10846 7944 17360 32903 26752 30912 39713 23096 16099 8210 35571 32959 20456 637 30330 33677 7115 17127 23300 18969 36059 27700 3226 31006 6452 23606 26091 20978 36905 29802 7196 5884 7638 33278 38265 7585 35346 32058 30437 29107 28684 9568 27382 991 4689 2253 2152 3339 9535 31491 16517 38792 9464 18456 7561 30769 36527 22911 30462 24881 737 371 13690 14022 2388 24437 26372 18794 37133 12630 35612 12040 26307 6968 23668 18112 17982 117 34562 836 9189 15115 19843 38221 1051 20952 22364 26723 32877 31883 18016 31151 20954 38928 33441 13599 18096 8845 32802 8460 4844 6445 5379 15182 33587 35537 3229 37483 16369 1355 29589 32533 13172 7540 11933 9576 27752 6384 22976 9726 6290 12965 7902 19834 21941 798 22872 23765 9795 34442 5625 11156 15305 8639 17588 11531 7392 12707 17932 21973 2165 35201 30955 31166 9994 23906
33699 1691 17699 12430 7546 17126 13047 34813 18168 20404 11484 11988 27901 36445 1311 324 39527 17966 32713 5285 38682 8849 18877 37335 32108 16231 1670 2101 19362 35735 8625 29816 25352 10488 25290 8550 28153 32610 13467 37337 8547 34796 8753 39685 37888 36055 10047 9886 25880 8858 21083 25407 32993 3561 2271 1134 18999 27693 14840 39022 26836 29956 20712 16297 18099 10202 14848 19416 25586 19220 29561 39462 36657 39360 22965 33635 11832 23709 21312 15033 15793 39244 15259 13450 20761 38897 38918 15417 4652 34143 8817 31035 35704 28889 15315 2219 5730 7624 12310 1596 8803 24402 20330 4648 18539 20588 4606 27894 31005 36801 39704 36531 30371 19829 4753 15676 4114 4389 10938 25075 30858 14883 31297 22764 6020 33210 29311 38983 38566 22750 31755 19749 6152 13760 25121 9968 11216 4958 13757 3344 3418 31867 28415 29885 2220 26962 6731 10753 5742 24517 5513 1293 31477 30013 31913 26087 22562 32995 1636 6197 10822 29834 15172 7520 8867 21439 15926 13653 34186 25650 38655 4616 17303 16062 1964 17015 9614 32912 9861 32464 13910 8010 25890 11054 8089 26336 39605 8125 4796 27906 19232 23692 6718 35849 36328 12133 27849 29740 16970 6174
24074 8306 23272 9691 4508 32356 28573 26389 38317 14554 37122 22679 24782 33530 28654 10644 38084 4934 7332 7103 35574 36354 23554 35209 3558 14987 10971 17071 14799 18620 22706 36453 17167 19726 35286 32574 20215 19230 7182 1328 37493 31986 37387 5616 929 8090 11660 5155 9198 26445 21901 5302 8662 7122 97 22419 38060 22469 32250 4929 39155 22651 4598 15909 36880 18983 36018 36230 28416 21193 8104 16056 39371 14662 427 34580 37933 24970 10445 12405 4431 30385 19164 38071 12702 3675 508 20034 29979 35427 2155 34921 25161 18104 22904 35238 9557 18828 4820 34208 22964 21231 33620 11301 2145 19468 24589 19385 10469 26728 28955 2084 5355 5264 17730 22269 37009 24438 20600 2991 33229 31857 8478 30811 20318 24965 33445 38586 16291 34297 18825 4734 9717 4285 17771 29260 29502 727 35248 26231 13870 32517 14718 19465 13086 14711 14450 32090 13685 12544 1121 16836 14675 29288 39519 10937 32254 4282 32824 22125 15587 13651 14084 14829 11598 34266 38653 17683 27036 17598 31568 17033 6156 5647 22806 26868 9350 10870 31882 22491 15431 1198 39929 23280 9396 4518 38825 8325 5801 18799 31342 23721 6497 20931 21520 38196 10244 15112 12748 19233
25026 4894 7601 7106 24285 31669 1348 32095 18742 7948 22040 1031 3911 32307 22673 856 14574 857 27279 18333 15230 33593 34576 15459 22558 36813 17434 2581 5260 29471 30838 16893 13851 36885 6881 18432 34487 21284 29764 35106 7602 23207 34773 30643 11047 34323 15933 30339 4832 38938 11844 17954 34371 34259 31585 1535 15449 683 36295 4422 25480 1367 24302 28060 34625 34235 26126 28552 20605 1320 33300 3771 22809 39468 38681 31082 13808 37184 8166 37455 26424 39700 26731 36778 26232 13080 14908 10129 6883 16443 11691 18304 25760 5370 27366 9822 13038 29425 7328 8092 15303 4731 18190 3166 22588 38696 5051 39183 4353 30690 6808 14304 33642 31868 31018 22707 21003 38448 13281 24065 16679 36394 33 29681 15789 4665 5317 10492 37136 22115 34367 32046 16358 25721 5234 18528 18600 19607 14474 19151 1313 30709 6150 37710 11986 5716 29412 28028 20265 30616 39895 18419 35588 17572 35197 3047 27858 35563 8416 33157 3196 13696 38135 2680 35850 8791 13256 11227 37406 34411 30591 23428 19933 15629 39844 1103 22642 9450 9119 3165 16455 19174 31131 35559 6811 6484 17636 31027 5492 10176 26467 31222 12898 26337 14932 16485 29857 22496 38892 29191
37087 36537 28732 37961 26892 25707 22953 20502 19439 1651 4344 34609 39533 38391 22322 772 6464 22833 21976 31257 27811 23834 8378 31241 36210 30499 16133 26407 15760 33482 32259 17037 23191 8353 4103 17186 3429 36739 35645 10626 31819 21652 18394 26941 12526 35991 36679 9939 23924 14023 2378 18077 33908 21913 4806 16979 10940 6316 2268 30220 36157 10369 896 31604 24454 4901 36395 22457 19166 13592 1927 16913 32305 8486 27453 14828 9447 22073 16061 27682 2344 10580 16108 38328 14342 789 14694 30449 12245 11734 27768 2571 11548 20116 9897 18493 31289 12286 32005 13179 35873 9232 23921 33127 10500 26580 4200 26612 10643 31461 18568 31197 19393 13120 7651 9340 2412 17720 22851 7458 2532 16649 11101 24238 29510 28710 36433 1136 14945 6538 39494 9368 39726 1290 19581 34237 1200 3907 11412 21137 35845 736 3487 37255 17485 27140 39584 7529 31829 16957 24905 7002 8513 33362 1763 15930 39290 26206 5325 5138 18410 25973 33543 12769 3604 11762 31841 16281 38610 13456 21869 33785 891 38136 29585 532 26085 5684 5083 27995 16438 5071 18927 3473 11717 28667 3583 34281 6825 25322 5817 20521 5201 35229 11081 25730 11366 34577 39934 23914
37753 4942 21128 35883 600 1141 15944 6522 11498 25323 15834 26857 25734 34529 34735 27058 39751 28542 16375 31706 18966 23118 27328 33655 19850 11700 29344 19789 11908 28271 1441 9028 28484 11591 5123 8245 848 9834 12953 35603 15348 38044 39762 11753 32392 33577 9154 22320 6098 34727 16711 638 20189 3263 2537 31198 20918 9875 32709 36302 10091 14383 25091 22054 11278 20113 8673 24314 34632 8779 17115 22328 34488 23204 35069 19926 37211 4570 32125 9481 33523 16236 25437 22729 36608 33661 10571 34128 15510 15857 5999 2759 14352 22410 26319 20492 4056 22015 3178 19651 27450 36044 27794 29173 32375 4379 35476 24114 37530 11029 15799 34162 30869 13237 11393 18892 28521 13214 13662 13845 6474 5066 16474 21506 16844 19428 20385 25299 32186 19925 21824 32429 39867 25068 22272 17696 14907 10731 34959 24399 39588 37652 10376 37814 30005 14385 24341 12569 24014 26707 20223 37713 7036 29836 17294 38995 11604 2696 39095 4034 35499 3991 38046 20340 6099 8314 4204 3796 3616 14822 23385 15972 15028 34146 11624 32529 917 6238 36810 20233 38362 33517 26834 27954 38062 9538 25233 525 28804 27141 39223 36053 24734 11972 2143 13970 23818 14061 31687 32358
25915 17545 38291 9359 1939 10040 6277 21860 27190 34953 37307 28474 33737 26357 14781 34661 38003 10109 22776 15744 6387 19415 17627 18769 13342 39855 11409 25369 5609 18773 32836 5960 25332 9820 8301 30100 3576 38482 15221 22119 17406 6928 17958 19558 204 10108 39488 7841 13101 35417 31749 15845 22047 8205 7788 21767 30561 1252 33469 2333 22255 6271 1147 5924 15371 12787 30008 3999 29472 3110 28083 21172 10168 23439 24134 36794 2731 6703 8669 5543 6269 19840 39181 26975 28407 3279 15504 12615 22257 29546 31209 35626 15684 5871 39597 32660 26055 10097 302 27439 13156 3456 29966 23889 3833 6876 29999 23368 28126 36049 38584 32704 14664 9898 32501 21715 5529 22907 7156 27924 36800 27032 12104 7823 18790 13413 13527 16210 7621 4041 39869 14319 37279 1595 16116 20236 2739 25643 34928 16359 27699 8681 6062 8411 10772 27259 35600 24822 26168 32856 37037 21961 38141 11841 26312 35901 13411 33044 39060 18937 22273 28605 25063 22868 13901 13330 19513 1406 16505 32678 8087 12990 8752 5236 27332 3898 12542 15491 28035 19099 11311 36255 14801 20883 9378 26684 28962 21250 25151 15678 18561 14923 31611 13556 37821 3725 19282 1697 9437 12868
3585 36078 111 8324 26835 24026 15692 13801 8431 23594 35726 29157 20957 14502 10290 17479 35413 29131 39862 33344 8260 16691 9979 23842 27512 9007 35983 22824 1213 29376 36046 19409 30441 38978 21074 300 26958 31583 22187 28596 9739 1094 12779 6794 38533 28020 12352 9692 22215 31617 14890 30424 2716 24798 19278 10329 22978 24627 16826 24571 1704 39731 29488 2431 5992 24960 11459 16430 17979 8764 32188 8037 1874 29873 5584 16008 3306 28778 29871 27567 30833 27787 2186 8614 13286 21910 7107 16658 25645 10776 19006 19838 15730 17473 7475 10503 36927 20432 27989 21834 3164 1380 415 11035 28007 19800 30326 28197 10533 28517 13318 32623 29057 19730 9526 24605 14482 17840 20744 31290 35587 29055 26567 19924 1396 9986 13104 2055 12706 242 19158 39254 18814 39508 1318 9553 21680 37054 21181 33712 2874 312 23252 16772 22388 17003 38300 5995 27659 14251 10135 15884 35856 37872 29018 17296 15367 16259 38094 7038 25168 35844 6960 28921 18911 18068 34435 27487 4834 31355 1346 35445 1966 24339 29470 26663 8277 19407 4137 13176 25508 37773 15344 54 26455 6932 35494 33821 17089 10208 15364 34264 20940 18169 17268 36020 13151 18051 37861 17643
16938 6657 28033 13128 35262 16881 392 35905 15276 11619 12012 10565 25097 11782 37377 9543 6403 29530 28432 25927 9663 34747 38449 15610 21764 11206 2061 1210 24638 6040 29607 12546 11681 36858 779 22091 31245 30469 22947 14360 34028 39819 16538 28672 28304 30487 27642 2730 5927 6523 25346 14315 397 26326 26632 6663 22983 38051 7978 14789 32608 32897 29969 35803 39775 30737 20751 7861 9950 17673 11979 8738 34408 21141 5120 22369 23299 28080 19357 39146 23335 34718 25683 31308 8284 37352 36521 37205 14108 29631 9947 30422 13741 35133 34546 17923 30391 38194 3172 36192 2365 17687 3754 17059 35741 12400 36242 37079 15724 10597 22296 25864 12633 28463 33170 20183 3963 31133 5090 9988 19120 3867 6882 39622 29439 14210 163 15513 16362 33926 6219 10005 8153 8295 34125 23951 9250 14614 30270 18184 33415 35493 23805 27967 1737 27081 37075 38447 650 29199 255 28152 16273 5536 33204 23021 15082 21071 39171 27113 18347 49 12840 15430 33076 337 13714 29579 20653 12409 37140 24907 9162 15859 18128 15577 20313 28335 18416 15239 416 11583 2552 12853 4637 29708 37876 8048 5022 27539 16145 6584 19732 28819 22960 6705 21059 16750 5970 15749
11880 10444 31199 30836 5843 22439 19918 6463 1419 24675 16630 27921 22584 31140 39099 20523 30367 19974 27374 25845 38975 22765 8946 35236 23552 1982 30286 27884 31139 3857 36163 13103 16764 11964 915 21113 2330 22290 19534 27368 10765 11191 29031 27671 2409 18300 30452 38269 19573 11705 25131 10209 25929 31408 6834 39431 10960 31144 31447 38534 37837 1468 11925 9438 4019 6160 27708 38224 9461 33568 34464 15018 5870 17032 22321 21256 6513 28025 14516 4944 28810 12665 2985 24923 3438 32153 10139 8661 25514 18073 31369 2646 22402 29143 34615 18713 37518 32000 21508 3028 24079 11146 27652 39693 6326 32472 5654 38959 3025 10370 19372 27051 19161 26015 14378 1585 5668 8394 25903 32093 21099 16142 34032 3627 25487 9835 36204 33628 22138 13323 26426 11896 24322 17079 4583 390 33877 11130 29864 26040 6767 32944 13062 39209 12620 14042 34969 25077 27565 18835 27074 10726 33828 12132 37609 16347 34011 30179 33573 15493 8680 18664 37023 17534 9850 24824 34206 33253 13109 7144 1838 14603 142 30257 6521 3669 19806 39276 23690 3405 33393 11673 4127 21010 39113 38309 6366 39286 8760 22652 8666 23416 26347 35256 7798 29906 15914 20153 13843 34597
943 34088 23278 35170 26607 14692 1057 8555 27086 1239 5774 11546 7699 36253 12750 38944 39923 34794 23283 27361 29983 29660 8962 22689 27845 11827 39351 7469 19992 26185 13565 14487 22094 20076 7932 15677 14713 9974 13093 6689 28796 33316 13241 31079 20637 12202 13491 20959 37152 36083 20400 30362 30069 23999 11722 31634 19978 7407 15950 13818 21761 28217 9634 33031 13850 35556 39964 17634 4522 394 16348 25366 38077 22825 33402 33410 36957 37777 2121 38199 26654 6284 11310 24877 17346 25370 26587 25497 39189 20634 6670 37293 195 6810 33090 31997 1333 31596 28230 6579 2565 35325 18527 10941 22980 34589 19368 24590 114 15229 13 22031 342 21336 4330 13920 17972 26859 31067 19773 30227 20001 35195 20701 39826 21906 15638 17084 24806 15995 15228 25866 15593 27898 3620 9157 1884 16469 13982 29405 21551 10802 8433 22092 28226 23884 862 26413 12011 14832 9366 21452 18069 12458 30438 59 233 19348 37107 4828 33146 20569 9685 14776 1638 26865 35877 16284 38726 10736 34728 37399 22414 31849 5857 22343 24320 16467 39664 28947 10566 27645 15034 4176 19823 23753 38989 29248 6842 36756 38532 36103 34860 2217 34982 10294 2482 9772 3979 6574
31021 2904 27249 7683 24473 11906 17550 35086 33637 28359 3129 1232 32092 18800 1559 31957 31602 2746 16873 7545 23989 26370 19394 23035 19359 21161 32859 7582 34677 14685 25072 11793 35673 7623 9311 21296 34547 2236 19636 3609 31360 38266 21226 21820 37845 14155 36370 34304 9015 10760 23583 39105 3044 11376 13477 22998 953 16141 12969 39662 1875 32197 13066 1259 15139 30486 16974 8398 7462 13075 15520 5756 31296 7390 19272 4611 36265 36124 8323 18898 11842 9052 20815 9103 11529 17851 26210 8376 29349 17890 28195 6626 36250 36180 2157 22941 36968 35150 20412 16303 12448 16786 4781 10438 20982 6947 32483 23845 15105 14520 21273 16043 38254 35524 15771 29731 3679 39511 3163 26558 11158 35541 11241 26138 26037 12941 29791 14267 771 214 27444 20063 2103 5433 32759 1224 13691 33100 39813 5786 14545 26637 25511 39092 27334 26813 15277 25447 15263 35717 7799 23347 15245 32421 1336 3440 26586 10410 35414 20904 33080 29303 12637 18264 31554 38684 38679 28385 28446 13431 32579 37182 20108 46 28971 25922 39335 39815 33985 11079 27563 21555 1607 28190 38521 5873 585 11078 29431 35605 2304 24224 34179 39890 38202 8470 18486 7726 31822 443
12582 18001 38860 4597 35822 34133 13223 18438 5650 2829 18818 36982 34723 2519 11968 25283 31710 39342 14604 9120 13479 23255 20075 6548 18625 5357 31020 13490 10138 39717 21223 26244 22021 20770 9706 37208 19958 33739 20025 5335 14212 19507 16264 28776 35969 12958 9384 8228 12641 7792 24349 34522 36315 20410 21955 29663 1818 26623 9926 193 29669 36554 1305 14171 10079 14653 317 6700 1561 39312 32649 28833 13250 24269 11302 12549 33580 7693 31980 6962 29117 34649 8434 38796 34135 10309 34018 14510 13283 19289 3923 4236 34647 38481 19009 19979 11690 3557 12679 5544 3239 502 39161 2842 30012 20544 3745 7639 33702 26642 30524 22864 2444 12278 28670 10939 4770 29071 15212 3008 4890 37235 33005 4863 20478 1035 17275 24182 15297 19349 35708 37463 31834 9855 18775 28260 25818 21011 25745 13350 2644 527 37714 23503 27236 28779 3314 30926 38990 24465 1937 7893 24949 28647 1476 12595 2538 1715 7992 38470 19126 19408 9712 28173 4698 6350 32902 25327 9110 32895 32979 23005 2313 15762 24863 31379 9392 15718 31101 34157 37679 7401 31863 31561 14929 8980 28301 24998 36221 38692 31912 31612 23447 24406 8482 13422 28794 7463 4700 30343
6033 30060 26653 36417 11888 21186 37017 24240 30788 12672 12694 25971 2713 13398 15406 1706 6443 22103 27418 6658 12018 1044 33372 6966 5162 20453 8641 6615 38936 5725 24347 12911 18303 26785 18141 31099 16791 10137 2026 31254 10255 20009 26769 35023 25896 14577 27194 25061 27594 19770 20307 15038 37179 21430 35452 28396 1085 28547 14067 5708 36940 38408 18777 6131 8714 10803 7667 645 1896 5715 18780 12214 20035 33975 2291 23049 18656 18250 34230 35787 30720 18026 2310 15195 11642 1871 32999 27606 1108 27290 18622 551 2074 17421 18633 16684 24431 1273 25516 5212 8533 18049 7354 27959 1526 33583 29600 8924 12194 31307 28789 14616 16703 28557 28970 32787 12889 12730 33428 5142 32382 19332 27637 14690 15467 15661 4338 9217 13084 22645 34966 2195 30216 34073 39647 853 11060 5503 21419 21649 12110 2712 23419 28923 37039 12612 35813 20229 24177 26711 10147 34757 6725 23455 28627 10805 36959 5568 13791 26298 32272 25457 18858 4117 20574 17082 36015 22816 31 34572 34663 36168 38181 10632 7420 38779 26883 27822 12023 37928 24103 21482 31655 20160 30539 20659 22892 32296 13177 15833 2337 10984 5547 27527 39419 2969 134 10714 13704 12833
24814 6378 5055 34974 29784 38185 24920 12626 21538 17848 1003 23993 33040 17495 36782 26360 1611 7553 20996 1563 39206 11268 10279 23239 16778 2791 4519 2745 13500 13748 11418 8424 28199 17552 34012 20131 18698 3939 15823 31866 2511 25239 11664 27838 17133 13497 26577 16984 22752 21501 7215 9248 4055 26981 15564 4531 790 13118 21694 14369 25666 24022 24281 19586 8469 8846 25191 4633 29968 12976 23425 494 11012 16614 28773 39785 35388 12906 20635 35032 19728 24160 14560 1172 20554 3267 25838 5521 3910 18550 30673 15795 9115 18455 13049 35727 19108 21711 25355 30525 22026 15193 15213 28228 4398 12588 39554 11352 39259 28063 7016 5613 31043 36617 5339 12771 21017 786 30310 25066 11651 26815 9228 31783 5203 13501 16140 32287 27099 28905 30752 24106 38616 29900 2611 2207 8582 20476 10049 5237 5577 16626 22245 28006 34836 21485 23289 38993 1963 33072 19190 17581 35177 15627 28177 29395 39633 10393 33285 15049 36377 6438 38338 3009 19181 30087 35337 37858 2878 36481 29961 23384 11248 30103 24147 36947 20203 13277 12155 7579 7581 27737 8657 4509 12918 21728 516 32055 25041 9181 4932 29610 5102 2884 12731 19459 21670 37852 31116 34196
6996 19247 3635 17435 32516 3866 26600 8854 2191 13996 14370 25549 4360 16327 2827 18447 38425 35208 14233 30624 12220 16612 23281 36260 36567 22342 33531 11497 12081 2286 22788 8377 3648 22622 16042 4363 33668 1337 28491 26701 6931 15861 33656 32502 37414 35046 26646 34645 3859 37673 4043 13247 22326 16417 9443 39108 4441 31737 16354 27119 7222 21937 38952 5191 3498 19945 1097 2008 29282 33383 29888 17066 27414 5439 26197 8633 11357 19868 24672 26767 8783 7633 27839 6247 1501 32648 3343 10857 753 18529 26575 35374 7681 10756 28425 31927 20852 24082 37295 19034 19221 35339 22456 37604 7626 14209 29593 17547 2199 16846 17791 17519 24868 19964 24204 6912 26643 4567 8617 2256 35978 29368 25659 26760 24452 24836 20452 4256 26546 26070 657 13310 2772 19127 37450 16389 28949 30224 19912 18475 16027 11108 15866 29278 39006 30277 37995 15404 23620 39384 19615 38548 3696 33872 9047 15243 34132 33272 17410 5868 21897 6258 27829 7925 20200 3460 16053 12156 22485 38751 21757 38211 12117 28879 37269 24253 7722 36162 2123 24213 15281 34618 25684 12095 18420 22018 2252 31891 13900 1289 20481 22340 36983 14298 24756 10231 17130 9910 19537 26675
1687 562 13352 25504 29672 10650 937 30291 27620 6209 11973 30857 29106 32196 5320 29464 18253 32405 24768 838 11045 36199 6563 29366 34850 19822 38225 34707 24068 1601 889 24123 29150 38175 28880 19450 16180 17597 29941 23696 6358 714 38552 9811 18282 4367 25209 19952 16445 37718 25295 26191 21396 24312 3935 9390 14535 35037 4208 22228 18278 20834 26968 15268 4760 38148 29712 26732 30146 203 24073 10959 38164 5122 8367 4703 5934 39705 32599 15435 1133 3488 31520 5712 3106 16604 35855 29866 10423 38559 21353 9894 1764 8564 9225 21849 7281 2596 28665 18305 39366 24862 30638 39250 18532 21831 1645 4595 28974 9121 1413 25459 1667 31193 27583 19116 13963 25305 15395 27524 26511 22895 24342 6412 21581 13037 34471 3900 33937 25990 18332 16767 23550 10305 29702 38374 25677 2573 26870 7507 32989 9172 32722 36207 9187 21811 2816 13860 9668 4686 34585 26269 11879 13894 4965 4384 24442 27812 10299 15717 17239 9282 13270 39786 22929 39451 32869 19675 22139 9765 37694 36349 38028 16094 19811 19510 1411 19677 29525 25767 9645 38964 34038 33808 10585 18013 20759 6729 5751 38877 8808 32591 28051 16591 4632 15796 29859 10039 30983 2950
38782 2917 30492 8480 12819 28496 12655 17773 21584 20861 9746 38305 31023 12269 13425 32685 10888 18839 31550 19909 33417 7417 7047 4937 22801 10903 24986 14650 18610 18101 36746 33609 20844 34608 20776 28580 39778 27504 31718 8983 7996 25582 17432 37263 38378 26300 8755 29445 3271 14215 14162 3917 37280 19111 38547 15295 29667 4039 37765 8456 24650 13559 30503 36763 16756 5206 15992 13454 27548 11296 141 23142 13623 22399 28040 1533 20772 18118 26097 8957 33451 14437 17316 2656 15170 11874 34277 16594 16595 2683 26787 35710 8785 16946 37073 24010 6027 26923 9864 10653 20451 17259 3329 16234 8885 3712 14053 31448 21720 13335 7163 26076 11147 16462 5743 30852 4164 22639 21057 33184 4823 22017 8525 38960 38814 32615 34370 28154 16975 33492 36599 16539 36536 1070 7048 33994 39904 14139 14112 24427 38970 25312 21475 16627 10268 37441 12725 27602 38133 4801 9192 22594 20284 23602 4930 29562 14173 39970 15856 22774 18682 5998 16181 17325 13305 3002 21785 29661 9736 17475 26697 34226 11940 13051 4381 11770 25182 22863 38278 14317 17913 1965 10670 2060 33878 30018 2723 25602 10526 25498 14921 32414 28324 16091 32489 1041 16535 19346 22810 29536
32673 20036 16928 939 26983 9804 23004 25678 23087 5444 1592 16368 19437 21417 26507 12709 11848 15171 10823 29451 18023 18743 27207 5499 32532 32177 10191 28116 23374 9116 15977 31165 18518 28351 5479 9329 12661 6659 30583 25052 6914 12866 10333 27896 11747 30990 39397 32798 11799 30618 7504 23190 21458 38943 5686 30329 27126 13990 26907 36092 2504 27202 30400 36572 15123 39246 16282 19038 5290 23581 10814 2422 7464 21718 10239 17914 28023 26727 33627 30266 1940 34490 33328 34689 25092 16693 31147 9269 13793 25546 2569 6233 16054 10737 7524 33021 37440 23111 17429 21895 14372 17194 27365 25172 39407 29878 3737 21151 14858 6434 30609 11780 26341 10273 39031 34060 7678 28298 14035 37241 32733 9575 33895 32661 9174 29073 22100 29820 31782 20054 20416 27654 20192 37460 34827 25695 17797 21196 12422 14107 32708 3729 17785 16009 16156 15792 26871 22008 5188 39784 32707 22967 15177 18290 24532 21020 2953 10459 30675 39723 16797 29505 36234 14709 26861 37104 31045 4959 17992 10513 10567 19492 32249 3549 4684 6440 25565 28731 2329 17422 17437 28561 30714 7427 38736 7491 36064 23542 15254 34897 7132 3458 26913 17398 31496 29928 18418 30796 26935 16842
14831 25747 36827 36483 4105 24569 33515 35578 13116 5344 34496 14441 17667 3459 28610 12974 7339 1026 4649 38325 18275 18861 38926 7882 29833 16728 19910 31853 25999 448 33893 39063 26914 32630 18718 21131 2544 9711 6279 35720 39894 28105 22450 39486 6371 14120 32226 2089 31033 31220 6514 7085 12046 28549 33288 22740 6139 37508 14404 16929 22442 2461 2148 30831 17240 22117 71 28386 32825 3702 31017 9484 23592 21503 28314 35109 28842 36565 19294 23221 9145 37028 38530 31125 36784 13561 22365 2965 5634 38710 2994 5534 7179 36274 12760 22231 35429 13204 4722 16012 32926 19002 27877 30114 3391 30345 17961 33142 35329 17596 6067 1417 2828 17561 18471 23780 4613 18100 39910 34048 6921 28079 12668 11524 2458 23905 23479 30579 22336 8181 23481 12937 9908 10415 2379 17245 26808 29788 21567 9010 34027 20856 7202 34138 39674 34290 10952 12660 1839 28483 11946 11858 26945 24697 12184 23754 2678 10117 28243 33935 3961 27274 8461 32088 2792 3272 38889 16739 33011 1652 16372 37365 11445 3260 28537 39120 38009 12738 18407 6753 15127 24158 19477 16633 36829 13192 4608 29378 21590 9698 5030 24736 29715 22665 9070 1542 27876 17639 3507 16734
1804 28176 15320 25766 23198 3707 39748 18936 21427 14092 16723 9927 28715 26490 1690 29929 17499 2670 36228 14451 3680 32917 27940 3107 1173 32962 9004 34992 10125 5573 28457 39268 8632 29823 23438 23987 33736 37494 28330 19698 5029 33930 14397 24611 12085 18056 32314 37569 20226 29531 1849 27079 682 30151 6048 35220 33713 14175 23333 15786 27891 38285 13607 7868 36397 12005 8596 27460 31674 1161 29556 23189 11196 36492 3826 4128 8556 23337 36549 33004 7001 15512 16695 10265 21241 33437 8360 676 23465 14523 8917 28811 36333 2598 26221 21454 27835 39318 14076 27285 1484 31961 7091 6865 36447 36589 35306 27961 30556 30039 10692 37042 23084 29424 8975 1127 743 10669 5435 36842 24136 24329 35950 4906 7116 18611 26195 12118 27234 8933 32742 14500 673 31536 34616 17109 31779 29728 17352 16026 28512 23579 20561 9962 27069 34092 23962 17959 38589 28593 15347 7891 25234 5482 11921 6336 22852 813 17244 18152 31799 31686 19031 33907 15948 21051 13642 20125 29221 31434 34825 10020 10344 3036 10480 12536 17187 27676 23012 19138 28089 12265 11752 32114 27470 7317 6302 5679 51 31351 29992 14141 14326 27561 34234 24973 23053 12496 14211 9095
15559 35941 7300 34000 28791 28824 445 30456 32440 1124 5541 25843 4 2629 35351 39466 26749 33724 17810 13952 5819 9724 10559 28877 157 19782 16920 30214 11965 12693 33066 21641 13405 36996 23291 24643 16473 396 10310 24880 25434 1888 3581 25679 20397 7588 32561 6369 8623 24084 24289 36528 38486 12733 25321 9561 34688 2114 39027 13884 1175 29847 16770 16600 6694 15849 24934 2963 28231 38807 14951 39285 2137 30882 19485 7399 16545 14122 8380 34750 8 35249 19670 19571 29367 16586 5903 11013 13114 17181 4160 22141 36733 490 32184 4658 18200 5907 29611 109 29152 30725 25436 33693 28238 20297 835 38167 1483 25200 33137 37891 37885 34036 7572 5124 247 16843 30065 15772 14069 2578 5825 1718 1265 8463 38789 748 24280 32027 39757 2664 21072 23969 29725 17177 7361 38436 22190 38797 12255 866 16442 6782 9493 634 32045 14976 3889 30448 6602 14030 17014 25544 16100 6253 7393 17715 23129 4306 29621 26430 8878 28506 20468 17383 23883 25476 2691 18632 7887 16533 19576 11345 1454 21755 25803 23614 12134 23651 37969 17034 33159 24490 659 6068 17670 33967 3237 5580 34313 36941 33172 2694 8110 28625 5531 25920 32079 27711
16239 39708 16556 11388 12624 6308 37131 24005 34781 15497 29678 18659 34197 31938 27480 14419 5391 28980 38664 4599 6005 12659 16636 15447 37358 7574 5318 10530 3086 21075 17101 38544 20991 25166 36456 39996 5375 13562 2600 23590 38284 33130 32688 25933 21992 5958 35736 22529 2756 18286 21238 27175 6824 3198 1759 25056 72 36191 27360 16078 22096 33103 33125 14794 18189 28311 8624 10046 27778 30477 32480 38937 27431 30535 399 30167 27525 15057 10907 18478 30879 15463 33984 17120 11934 22884 12083 11945 21575 6333 15313 10220 34957 24151 23415 8986 2282 5422 39317 10833 15976 18203 22566 35244 35709 24400 8597 37336 32351 19431 33075 17099 2311 14811 22854 13537 27097 21484 13922 9037 27964 34311 29285 12930 808 24992 37193 15896 25398 13111 35592 13191 38608 10296 11 18634 18512 39345 21319 20853 39 1474 13407 6946 29203 16416 3387 9393 11982 9640 8420 27623 16680 10439 10818 18717 37370 12499 3687 22684 5118 4495 33195 28533 23101 30757 22637 9876 6709 3720 6580 26220 24514 9620 38568 29779 25078 39837 33588 38462 27214 17703 30429 16850 31843 21058 25563 38434 7560 31954 573 5374 20539 19285 25430 27052 32915 13522 32525 179
11977 19187 37910 37842 21125 28369 33639 3825 26050 36000 6820 15505 25471 33408 63 10359 24549 10048 34108 36985 18679 23248 36329 14296 30416 39574 34902 4685 32299 13175 8024 38437 8672 3016 37048 14578 35786 25850 21152 13774 9196 16283 22790 16694 3150 31077 3630 566 25901 25962 35593 17298 1510 7110 4635 12492 24143 29548 23683 12801 28464 26061 20522 27853 35617 5809 24733 35211 25974 13842 28138 24908 39888 30927 14477 26054 29069 31995 4259 18510 18658 6426 36310 2048 23489 4242 21201 7371 6927 34240 39408 39523 8041 33400 24551 14445 7129 17754 8735 7269 22394 3742 34855 7368 39207 28318 29094 9073 37970 22232 30548 39602 18508 31403 35957 26894 7867 5147 8567 26976 39210 10754 1256 30824 2888 25232 10163 11962 26930 11584 5419 25769 3897 13331 39565 30600 34575 29988 2064 25002 10130 33974 13825 38497 5961 19669 32477 7503 29033 10223 25528 34930 34916 19655 39287 13898 39687 32432 23814 13744 35602 33175 6949 37605 36409 24510 12067 3837 14495 16357 21939 29436 38352 35658 13827 14047 30067 22767 17350 30971 7573 1923 6818 24112 6449 31969 13122 25524 23211 37551 16576 8925 18127 25324 30657 2555 13470 14090 16760 6455
16973 28632 379 17735 32870 35967 18038 37005 22773 12881 19483 17457 10711 21260 20156 22486 29170 978 2528 12631 4260 8081 21650 35267 34474 5352 34733 26748 14695 25309 3095 7020 12829 28931 13705 14 5938 10217 29491 29625 34681 26153 31365 21768 37698 1856 36909 13978 26992 35161 27038 27919 18218 8551 14809 27966 28914 29689 38275 19871 27605 15853 9323 11676 35223 878 25577 15144 35260 15472 3888 6442 22808 3435 15709 16464 26518 26133 32537 25421 16096 38138 23127 10126 23323 25274 29485 12651 21815 1416 35415 12795 29422 2682 4107 29019 26466 21713 6559 13811 11386 14975 15740 38505 19768 9160 2497 24308 24914 36797 13199 34602 3135 27387 14788 7275 28460 24811 35116 17892 37423 6564 33438 14179 2479 5993 27243 6243 5891 26431 3070 14723 15256 5409 24626 27965 14235 19421 15644 1181 6661 13673 5933 38019 3988 268 15595 14751 21909 32806 5763 20821 32453 31635 34980 10703 4510 1378 4111 26768 8581 4954 33248 39159 4525 39327 3614 12346 7516 23304 37930 31062 36275 18178 27185 17903 2803 33450 26469 25079 29720 17695 38647 14615 16011 19336 20136 26373 1624 15465 17602 5957 21179 15737 4446 21631 11062 38038 30320 20641
24368 1562 18228 15729 8269 20518 23858 29998 25212 38106 39991 37487 24363 20039 33945 38740 24999 20371 5720 7979 19384 33488 15546 16075 7330 20399 36653 2343 37778 7607 3292 24749 29053 18197 29410 35419 12537 8137 15507 3247 10325 32804 14198 25877 26695 18331 28469 22608 26476 5180 39682 39636 438 35362 6389 22946 22224 23725 4886 32004 37772 11170 39908 14094 340 38663 36122 3452 32754 24229 34046 20846 20249 14686 28664 25703 4278 30798 23377 23379 21549 38561 15479 2859 34662 20595 11363 9331 6576 5989 25522 33341 24570 34771 1894 24752 24483 22654 33664 34759 34671 16554 35218 22650 37810 1393 31233 27200 231 9941 10721 35016 36580 39055 4065 4571 33966 23516 3776 2356 35982 22318 7084 34051 24557 20199 36625 35498 12434 35814 10140 6567 5610 38231 39513 33720 9163 6004 12557 29962 35154 1901 39747 38572 10156 31513 2579 32565 22052 22954 21140 13908 16631 23534 29341 25652 37324 38222 23478 523 8208 37833 27370 18918 6064 30392 27064 2649 1447 37790 11494 37154 9055 7752 37233 23339 23964 7447 13716 38207 22613 13792 9686 22181 13546 9035 6460 32953 10684 28711 31933 38385 13294 3112 21693 27449 10616 29328 1801 15293
3447 7714 11453 15489 3021 34124 27306 18993 9990 12421 8409 5448 38925 29719 18614 21101 12663 22549 9259 7688 9034 187 3386 8475 23928 370 13722 4977 39808 15108 31121 21445 26449 17020 17461 28831 349 5245 37424 9554 9231 1022 6028 16324 10561 29694 11283 34676 28595 10365 33078 16597 16475 34482 25700 22266 31985 20086 39036 9280 29078 27593 16453 15614 25356 3531 7568 33169 12247 18255 21356 32344 16247 9283 3225 32289 15843 21089 28696 12897 37846 1385 17556 14453 39567 25905 18344 7716 14241 15568 6758 27329 26825 3948 29250 1914 24062 33932 18712 25420 28375 29515 19023 9728 14013 12320 35808 37446 18802 1947 14111 35487 34336 34461 32128 36246 17655 35338 22538 34458 15402 35251 1048 6301 28946 4310 15008 10820 19100 22395 31275 36621 561 35962 2861 10912 298 13732 30455 35221 34294 12587 34600 1536 36219 8446 17549 21709 20169 4682 16452 12367 15421 31785 11485 12373 6361 27445 16057 26763 29770 5900 39184 18513 20668 36701 38870 10790 10850 14294 3190 16175 34833 8517 10915 28309 37207 25946 33802 11308 11434 36356 33198 4711 15628 24725 27786 36264 12423 5282 39436 18846 11718 26703 35985 4452 10608 4095 35575 32043
37975 20624 9825 13069 7950 28280 5862 34856 26003 21656 18644 32923 31285 10278 11904 33385 127 4050 29233 29342 31418 9397 11999 2667 10575 30922 10158 2958 16814 36691 7353 6031 25330 28743 24030 35584 14641 11033 1398 35270 24744 2434 213 20684 12327 39362 36226 7596 3850 29665 33619 13219 27390 12301 37338 19565 18824 14020 4266 15905 29184 26364 1146 24560 23802 8216 368 14254 38770 30817 17087 35273 15584 32674 29081 32665 29474 25779 7892 24300 3955 13171 5280 7253 24071 10786 23344 23113 5240 10656 18451 14483 29082 35091 30510 36463 34296 2235 6137 21442 5032 19723 23641 34069 28146 26436 38518 39911 17022 23521 31173 12895 34214 14184 7054 13028 32012 31784 34224 30181 34043 5358 3304 3214 32454 37288 21539 17845 3034 18754 20757 3682 26574 22064 610 7322 9305 35517 8819 24176 14363 23089 29539 26465 37044 6905 1572 24966 34420 37526 34023 31311 24104 25155 36852 1018 975 18935 15633 27521 24331 970 38369 14867 17804 31259 5154 34289 5042 38183 1558 27162 12847 36291 6864 3210 24417 33018 1010 21208 8577 13013 6000 14079 9597 37669 26018 5466 18959 5429 18974 9134 33729 13706 6533 21133 19654 8197 38056 38130
18277 20586 32270 28458 5645 17593 15536 1298 22407 7795 27523 931 20002 19626 13766 31761 16529 18446 20365 6179 39349 36406 29281 35295 3765 2927 37359 34622 23684 23162 34760 10913 30574 17937 31796 22533 7933 17235 3126 5516 27229 11808 22989 17513 10698 17353 39483 20997 18054 7537 32052 34516 39590 17858 16872 4340 2475 14426 16530 34265 28944 26491 17995 30096 15825 14743 28344 4201 32070 18516 19666 19766 12187 23835 12995 19160 9018 34944 31059 35467 37170 38383 25032 17412 12816 30874 9229 3945 37868 26463 13624 29174 39302 24921 7230 28141 37684 23408 34779 14203 11996 12533 31973 23705 30427 5278 36380 33242 543 30293 3486 7847 18606 27808 15323 17838 29637 15660 5614 36747 22144 37506 36964 14387 19712 17397 37378 24430 13683 31219 26150 11816 16325 9029 2070 1157 24089 37892 37843 22055 12401 17763 11056 22284 35204 30406 34200 5951 16524 5027 15482 6721 18181 33771 636 12377 17946 7148 27053 18113 19880 16736 29578 27181 30866 25362 27874 37809 37500 34945 7826 25987 36237 4605 36175 2197 10558 8518 3872 15200 32867 29744 29752 34849 4981 9933 5693 4152 23844 25517 8968 12051 2226 39279 32908 9539 6588 19903 20015 6637
26023 19624 19830 5604 30208 25488 32073 32551 9360 27741 14992 29346 20780 23041 15753 38957 22288 37232 28960 17657 4162 15202 20210 39288 39556 6525 12764 39887 1225 30728 10388 31509 20388 19341 38520 18585 21062 5326 30479 38070 3103 28900 18267 26225 33884 25636 29287 32426 36082 31665 24890 519 37285 7422 28568 3151 17149 15815 16715 22167 15890 13441 39756 30418 13183 15916 13998 10454 35666 2144 29182 16641 27728 35767 31860 35946 22585 12813 17081 16126 17332 229 5100 735 19637 18653 22242 15702 4895 30885 13510 17645 36201 35143 24340 9425 9421 24343 8775 16934 38981 1609 38809 12171 11364 15196 1758 1415 11792 14942 30530 34642 37442 13829 23250 30807 27121 10848 32042 14621 9188 6975 26332 17293 34995 14438 28372 13263 33998 18484 38811 347 19590 37203 5296 1359 33447 8485 12364 18095 17842 5538 5615 37919 30430 38786 17967 13893 34598 8887 39028 182 2502 29597 30909 27467 25396 12722 34001 37072 9330 30549 21848 31184 25083 39449 38869 1233 37685 10664 1793 16257 29319 33179 36319 32156 14874 15258 21677 15978 8770 4082 36382 30092 15664 17934 34539 28151 25187 26596 27429 14402 1412 21494 36030 9414 33338 23770 24695 31305
18007 13019 24792 19873 37752 16159 39642 13079 11030 18603 17648 25819 23890 25027 27854 32148 21904 36956 19892 6414 2806 26166 26065 2430 31542 5783 21377 28602 39521 28913 33599 31987 5445 18629 38711 38939 13679 29951 38764 6080 23462 14168 21355 39485 34738 39098 10074 31900 36177 27914 19063 11077 10059 25417 31532 19073 11070 20871 4536 26754 4008 19304 37600 14784 14335 12956 4659 1608 11748 25817 4481 30225 19183 17997 15710 30842 128 38519 26226 25292 28616 19212 37116 35386 20490 8266 2394 19809 9832 29644 7446 27926 7671 12102 19813 33068 14310 6248 15241 28781 6158 3474 26783 30177 31039 23720 8737 4553 232 34063 27379 961 38131 7105 9254 33057 33899 3763 21329 2184 18222 23161 19699 3077 21034 21375 30952 20026 34973 23908 24967 20028 26207 23442 22760 303 9054 18413 39088 24413 5157 39806 23745 6786 14041 36280 10988 604 38419 18020 11767 10599 26766 38977 22696 23947 4288 37063 2382 16431 11205 15432 33648 19928 37924 35114 12068 19381 37329 4702 7642 11756 10216 37272 4996 37510 28615 4060 4199 24951 16899 5519 31719 33112 30048 17334 7889 16748 25886 32222 32957 36777 5321 34870 11209 25804 37320 1603 2653 19503
33147 11795 39536 31395 24129 12609 38353 39729 15674 22743 22078 9689 22681 38954 15642 3553 19354 36258 4928 28258 39240 7466 4351 6143 35988 3372 34379 25045 5546 2523 27349 25598 24397 8003 345 4696 37815 37704 35299 37674 17105 14864 6680 15361 31460 36923 22537 1614 2112 33071 10384 14382 23366 1260 4501 15378 10720 21827 7737 34105 35914 32506 8660 6034 27998 8746 6199 36418 7862 1656 33670 5338 22137 29500 29984 28128 5936 14665 32303 31876 25813 33630 20020 8108 9993 27830 12777 25422 14222 19589 35510 17444 23350 21791 7918 14532 30777 9849 19197 26472 21483 29442 23707 33123 28784 17908 7505 15585 457 19988 11337 8729 34744 4604 31815 25852 16052 14361 39724 17012 3076 29894 37786 6310 18117 37849 16647 31407 3192 27987 23589 33555 36669 37408 19128 4346 10922 12558 9912 21697 3653 15895 28838 18386 33283 27986 24506 33615 903 33317 26209 30238 11781 34519 33352 34400 7012 33412 36993 12874 9469 25627 4766 35994 16765 23681 9917 31295 17242 35385 16613 34748 24851 19441 22970 24972 12573 31992 23051 11613 8870 8022 14654 1991 38662 36590 35917 8758 22400 20843 17366 13083 33433 22823 37619 7457 4332 31439 16350 11976
35501 12154 12491 6012 26266 6291 24900 34321 13528 17131 11261 9422 1090 7118 37274 29777 33359 13606 17761 29142 16241 16491 19333 23904 20800 23266 14236 13517 10742 36195 4372 20829 9883 15506 22942 15484 27949 38899 10084 16574 19542 262 31232 16261 1952 5361 14734 15327 39174 36337 4529 21361 591 38920 26664 37390 36373 9233 20081 14343 162 6423 34604 26943 14464 19051 28042 7028 13779 4837 19710 14762 25588 18675 9948 27237 5877 34939 33015 39186 9638 32815 661 7723 17837 7697 24565 6060 37081 38301 4092 1734 11605 27281 614 3321 6470 27041 27793 19280 38555 3975 36182 16763 20908 10101 6386 23954 5569 1123 26167 29738 25188 32936 36828 2257 10812 12276 38173 32684 24594 12210 39794 20228 37798 37787 14673 24200 29557 15418 10834 33549 16118 6988 1895 12842 27553 31650 12927 1190 16900 24887 36097 31109 33355 25311 29263 11116 14393 32032 7117 30436 468 25904 11401 30562 9142 13645 38816 17719 18063 11342 5881 7408 11071 1534 6249 10058 15939 36845 14312 18500 25297 34223 12815 4910 36511 38401 21175 2405 9213 25674 4970 2295 30748 34391 36806 14250 39626 30630 20041 8419 34478 17900 37550 10640 511 8595 37696 35035
10302 36350 7721 37001 21628 27603 18782 3174 4424 7818 8719 19214 38762 18810 8580 29867 26810 17246 23372 35929 387 1728 37223 11387 23764 5966 3564 15382 25185 3288 14448 24474 8287 10227 28762 5246 16014 15121 21874 30372 1325 21080 29687 32552 6305 35920 18896 7831 28440 35853 22792 17331 1013 20813 34381 18531 21064 35205 11883 306 32666 10767 27383 37742 35465 31051 24963 31892 37119 26400 21841 32137 13659 9585 6672 23646 38418 14623 721 15714 30745 18686 14161 17103 14991 7298 3634 3431 9171 1204 19478 34535 8141 35423 35477 31709 3692 14972 15919 12426 5173 26245 28751 23125 32383 20366 13096 37356 15072 24859 16742 31777 26774 21783 19185 17558 1152 36718 35547 1909 27865 11627 22122 8355 27369 11000 27754 19269 10475 18225 497 29936 7941 18916 29826 14321 19270 19283 37287 4761 9039 32495 25969 28678 4836 9853 39339 24199 31363 33007 13778 24714 8303 13828 16793 34310 18547 27533 39257 31530 24145 25353 16664 27733 8993 17546 25226 7922 5308 7184 25561 26295 11828 17010 34690 12903 2362 26502 11650 24957 14289 30016 22856 15723 25393 35552 73 33292 30567 15336 21316 8999 23022 28855 4044 37004 9743 22956 15174 26177
39551 28720 37222 35769 20167 13284 33197 10769 21614 38292 34176 25963 32929 27977 18885 37668 12143 26149 32187 15555 32345 3981 30402 11596 27050 22452 33715 16340 24250 9997 10474 29612 19325 17663 33749 9896 36360 28550 24775 26878 37014 39203 15146 19382 3844 37793 22703 2024 9566 6267 20678 17857 27326 2224 20546 18327 15685 38014 32598 2472 5749 39620 32960 19454 30895 36731 25781 20374 14958 31472 39568 34275 29538 36144 31959 39593 28114 34709 20838 38316 17092 38426 35719 17949 39946 23343 21724 10522 9199 9363 36694 39759 34486 13419 8492 3770 5826 29046 18295 32736 35028 16309 29140 25691 4112 24536 13452 11501 8389 28037 34106 7985 13487 1496 33732 25746 30120 38075 4078 9077 7973 25096 15987 30805 12964 1400 17110 3827 17878 8805 9448 23034 27831 15319 6459 24915 10021 11608 38127 11461 18115 13853 25660 38545 38467 12325 26462 39149 27260 23224 38747 7062 5434 33862 31582 35570 10762 16716 26922 38289 22423 6029 36530 1920 21460 10116 6109 8692 31183 36348 9170 38193 159 191 2606 37682 34838 20942 25931 34317 30746 13809 12797 5854 12198 6059 4974 2977 38220 4108 24614 16956 31096 11072 28120 39586 21771 30111 31113 39001
1292 35952 13216 22866 22528 34629 11064 3194 208 29358 19531 25171 17691 18137 24607 6745 23110 7577 11775 37462 37400 608 6286 21258 17610 9537 9559 8428 37226 10457 24620 25326 10704 6339 10236 30701 13285 21105 33548 10452 23988 32564 24541 36689 4287 15826 26117 12335 2615 29399 25595 10327 28014 36776 21780 16581 6380 36285 38509 14336 21022 19550 2150 22462 14356 35523 13357 1353 22300 14075 36588 24660 2318 30733 25269 35794 31499 16313 15621 30398 16245 374 29521 17800 13202 4400 6363 21176 11953 21042 12338 24017 30063 13604 34682 29208 7149 15816 28394 3728 15803 18990 16424 7303 27639 28086 8450 39109 24028 1626 30979 8348 22887 839 18919 39472 21749 16990 15839 20806 18363 36586 9440 36672 6006 2263 22183 34374 20154 3148 7112 24016 38624 28936 34903 12875 37559 15181 30201 34713 37350 36563 27631 5025 19535 26560 14186 8149 3347 22815 24983 36279 23305 25623 7478 39532 29122 36931 37839 24732 13800 38363 8031 13423 37577 38342 3146 4403 18871 22454 1539 7765 36729 5717 37741 27632 14174 26042 17926 6828 6435 39340 19442 25749 4786 19658 19479 15604 20294 15451 15973 4838 36520 30292 7011 30419 18946 38557 23203 39789
21002 9176 12174 29215 21342 38286 3242 28182 5773 16762 2685 15874 36296 29875 38097 19240 635 11801 20436 4121 1942 24423 34182 2550 3823 10351 16385 31808 10787 19337 21369 7472 4791 17247 28411 4126 4721 29460 802 15006 8576 34675 33226 27252 5912 17584 33431 33348 36383 14965 27265 25704 11743 7264 27895 17789 18162 13132 31345 38862 25550 29339 745 22552 25490 31037 6855 8730 20211 916 2786 17271 10364 7233 21707 15693 21776 3843 4523 33674 15654 22177 38495 39594 17919 30670 26537 36898 15137 556 17511 30541 19475 8526 29695 2807 21678 36038 3812 12571 13033 24698 15957 18409 30349 15185 35926 15719 19260 18572 4091 2871 15005 34285 22325 35284 30903 6900 15494 13697 17205 5821 38230 25551 1821 12032 4661 36696 35026 15635 3884 32031 21790 11847 16816 4978 2662 38381 16436 4705 36793 36304 17631 10052 37022 36631 4784 6229 34567 20560 6979 4626 9216 19083 7855 22307 20517 12403 17483 18899 11197 19553 25878 24247 7609 33232 19420 14442 28690 29592 17064 13597 7494 8443 2740 23506 39101 1043 333 5785 28184 12556 28430 6407 13846 9445 3240 16559 22559 2820 1968 23742 6228 21 3005 26348 4650 11122 31390 16598
38140 28802 21754 23064 24021 24886 39456 38029 26194 35674 24159 2695 38411 39618 6590 17407 15236 22417 271 9498 7754 8084 19517 30735 18084 38940 4362 6467 32941 24019 20820 24408 34126 9255 27242 20683 17948 469 35821 6250 37259 36515 39689 23816 21657 35469 25034 14637 13361 22595 30290 32875 16879 37308 36787 3351 2136 9209 6300 13630 22812 23405 11198 10060 2982 4561 8869 25752 15540 18208 22413 23293 9271 24035 25204 22720 39281 35916 23787 17813 7343 25460 13391 26289 22184 6187 6206 27969 10435 11044 1194 18102 6340 3145 37603 6087 38790 29994 33704 7926 23812 32814 722 24505 31547 4129 26183 23357 25873 14375 12093 12121 674 23575 9977 16481 34512 21988 9635 5273 27742 8549 38919 22118 36695 17267 29130 16387 18343 13833 8739 8217 30311 20735 13940 23795 23435 13993 28754 17724 7774 1199 15675 32848 8161 906 9600 6313 26830 20804 7152 36879 17940 30954 3773 26473 37392 28541 6604 590 31015 19367 25482 13745 16724 6981 719 18888 12359 6851 32457 26590 30553 13849 39816 31645 27250 26384 39454 32769 23078 23133 18316 21664 16463 30378 18217 35274 8162 27665 12949 13483 24894 11166 27843 21009 1951 1948 7998 5436
25942 31299 28170 14564 6368 33064 3059 4421 22610 35416 7033 5067 17465 20259 39694 5199 16318 23710 27508 36029 4712 31474 21591 37879 7811 3780 11899 14636 38649 8847 35425 35667 18643 19140 20107 8236 4876 23449 38079 18487 33676 7301 3111 39238 27591 36976 22246 24919 30115 7450 30011 5985 35784 16923 26987 618 8115 29202 656 31823 793 31917 33882 20912 5415 32883 20794 6974 33604 23048 11303 30002 2437 3821 25211 21490 5354 7060 7426 35341 6640 2915 15589 1513 23500 30278 36117 11564 14340 3727 31058 36945 21462 4104 31555 23998 18616 39144 29006 24252 2779 15931 4592 7227 39072 6008 7229 20037 37744 23676 7324 1261 3367 11623 18315 15222 36610 24385 23922 19725 13231 1712 20837 32482 139 11126 11424 8778 3121 1480 26676 35507 30453 18143 33320 8726 34279 33818 35828 36325 30546 28056 30165 35157 8985 818 2752 27015 24185 5252 2425 29168 1725 28545 4563 37345 28834 31223 33888 31337 25954 19827 35806 6375 16779 28452 11297 38968 32145 38112 24360 27343 4009 32260 29699 13589 25792 34111 16802 29192 15981 22109 13244 19632 25840 27000 7622 11589 2582 4193 30859 33156 17798 31277 19676 16964 5737 327 36194 19229
2232 38268 1877 14253 31440 29269 5156 1771 33886 37215 2324 29674 16437 24293 38016 9512 38675 38702 21965 27861 25926 8052 34416 8382 239 22669 21636 39939 35528 36854 21315 34842 26809 31313 37137 12719 32963 31032 13061 15342 39678 11826 22611 2016 14164 22702 12217 32330 18646 37158 11414 27517 5530 19157 39441 23176 21684 14414 33797 30685 25828 31246 19902 34551 38473 4250 32403 4463 28047 28198 31893 21602 1131 10883 32872 12273 14842 1682 17050 22919 21295 13841 37018 6587 28740 24834 6652 17051 17307 5528 2832 18175 30559 12790 27599 3393 23868 1495 15541 22449 29421 8935 21433 22902 31794 17279 38550 25162 5759 29417 14098 352 35420 12150 10838 28424 11068 30243 39931 31950 467 22753 17134 13763 19486 37238 21731 33969 26254 37355 3013 35085 11169 26603 13004 32377 12726 2135 11369 10099 5829 21512 20631 632 38528 18262 5103 13466 7052 23970 22577 14581 24374 17077 30140 30471 14150 6550 10114 18377 2440 2266 26540 35972 9144 6589 10286 2493 8685 2057 1602 3734 14169 20928 31556 37200 30028 20646 25118 25630 22244 28515 17229 33110 759 10825 26440 21883 854 23942 6954 3132 25872 684 5377 28312 234 4000 10136 15405
39907 27506 29653 22818 38380 26807 10331 13916 37161 8294 8300 35171 27425 17507 29876 39805 23722 35637 37125 10911 3642 3443 30347 26135 16461 5275 21775 20088 23243 30507 8792 22685 33598 30920 708 20762 29772 37824 38618 2784 37962 31431 14885 32339 28094 16901 15441 36071 18251 10345 10657 33801 8230 20675 8722 13217 29415 23023 11932 33840 2639 515 39025 32811 34338 25592 4867 6392 28902 18060 24657 14807 6035 11361 35826 38840 20532 3245 1650 30716 28906 20764 16988 25854 976 16982 33206 226 29868 3688 22032 21839 1020 35579 21914 10461 35486 2836 16290 6171 27198 6788 5171 35805 47 11178 38461 2777 21823 8559 7964 23774 454 21949 13852 16859 23498 18626 228 10271 10800 3108 31633 27415 9745 26171 796 28628 37062 17807 38974 13879 3297 12802 30193 19801 29995 21562 13634 36932 23960 1861 13016 5014 31828 21753 24152 30934 35738 2323 4547 15004 32663 3490 36013 39403 11073 32682 35663 37781 14559 1773 32450 30428 2697 4076 19786 19274 30052 23532 18166 2170 3361 35864 39842 3978 19323 31195 24410 33302 28058 24301 18549 35825 20255 5581 1027 15252 34145 31695 32602 14478 28588 1205 36816 1686 9555 30396 31194 25015
12540 1369 4388 13802 36995 1707 30490 23548 16127 29193 33144 29163 13933 222 10391 23474 4002 37115 17477 35930 10894 3842 15550 8257 9268 4979 14933 35393 36435 36540 10688 23313 23491 4245 19115 6961 12158 20848 38916 14572 29821 5729 24179 19193 39435 12196 29757 30644 626 12443 38868 19846 6863 4029 29024 17415 2043 25981 3378 36577 852 1972 24069 33940 34460 32348 1061 19303 16459 34669 34619 18638 37244 29919 33491 7008 13169 19595 36623 33512 23444 6509 5495 8088 38955 4924 13253 14466 33586 3912 37693 29275 24369 32847 6993 37029 36808 21927 11966 4908 24164 35694 19399 18652 1222 28347 21024 33764 27889 25833 39267 31993 6408 55 11441 16246 1556 26512 15204 31699 25384 38109 28303 21818 11034 31397 1976 33083 37989 30915 38758 37212 33791 19671 12126 33742 4642 36994 788 20897 22934 4280 22025 28340 39516 24795 633 17121 27688 19360 18369 31996 18171 35173 22201 28378 17520 11639 6433 16528 31511 35437 38881 2387 3187 25639 18869 19857 9252 31428 32868 22705 35954 27496 9463 28513 28183 658 8232 21187 20124 39083 37974 12831 4793 24443 15841 26911 10613 7709 3478 36891 3689 11373 34556 325 26026 2559 22102 15912
15852 14005 22532 3895 19093 11390 12561 38639 39363 39076 25395 33636 21873 22230 23038 18066 7747 33806 19940 31958 34467 21556 3296 20348 6532 20355 18740 11661 33073 36386 6327 16426 6668 26700 34845 5779 11238 22164 14592 31480 4994 3231 28202 8565 39707 28248 39782 19209 10502 8976 17137 892 16209 1745 24876 7205 21229 37546 10747 23773 16963 38103 31399 30031 24597 15501 31756 613 15900 24382 33091 38252 24499 38887 8234 28858 27572 31610 8042 30894 37342 21267 13000 9729 23122 15979 9704 17554 13677 17288 15558 12164 5496 22658 26074 30136 32139 23655 16713 7406 17439 8801 5196 32985 33858 39474 38047 3713 24076 17441 20253 13874 26478 3633 7711 30204 4880 31599 31647 24807 15828 32185 5549 12899 9322 13258 30442 11200 14306 38997 18803 8246 7288 25985 20000 32625 5110 33774 23482 3396 29642 30369 14095 4869 36130 39548 14071 23019 22607 24355 3547 2201 27617 4952 28522 9863 22332 16671 6021 26882 39323 4973 39840 7506 947 30951 11008 18502 13803 8773 28968 20717 3290 10323 34378 20877 23613 31352 30984 25841 12773 3309 4442 4878 7433 27759 7023 13557 20784 22039 11235 7244 21459 15997 39985 32873 4792 870 23619 13876
15991 17509 22219 25502 16837 29377 16278 26004 18857 26450 34282 24172 27736 20326 33950 20216 2171 14922 23445 24712 386 35077 5414 27006 7045 14600 38691 39847 31974 36131 33923 30036 23029 7419 23586 5098 38768 7679 20428 4579 24700 24779 28662 26544 25271 25935 3496 11846 1883 15365 3316 815 3861 5214 18901 5690 5562 32587 7482 1870 20881 26829 37804 11928 21048 24987 33444 38895 38413 36954 7755 17000 19702 26656 33245 32320 13912 21803 5980 32817 7706 26670 36895 9141 13668 5023 38346 14669 10505 3613 24861 26422 12024 1775 21912 30958 24261 21570 26193 29397 25829 14915 7523 35775 17560 34078 17228 14716 30017 21170 32017 21392 18617 37024 15311 39392 8079 3624 31304 10881 17609 7775 30083 22401 9013 35793 15331 1069 34099 439 7356 3463 34820 31580 12887 13999 35625 14519 2390 10151 6051 4061 2751 11438 1726 33265 17905 29943 14019 9532 27573 21405 33036 20494 7250 8397 38767 39828 913 24747 4774 6469 32290 6061 21934 19665 13831 22805 33168 3565 24298 10213 5211 18707 36838 23871 34160 25520 12082 12096 18017 24842 9872 33734 33426 13972 8023 33095 5879 35594 10238 6147 6972 34564 34233 20718 5372 31441 3650 21464
33990 17355 7875 29703 7883 27165 36574 3399 4548 21323 18373 27873 5301 32605 27509 35976 7073 890 5585 34725 18524 18805 30949 7898 33030 4155 31835 19721 9391 26229 12687 3767 19664 3997 8445 30337 23322 702 8063 36504 20356 36980 20875 1377 10460 9462 1977 7010 1370 11187 24037 36178 5741 5222 22771 36407 35043 13794 627 24305 11411 9050 1548 22499 27511 30413 7881 31918 27293 22276 30376 6971 14261 32212 26143 1824 762 10810 12079 30009 8812 5784 6108 37056 9419 18593 38760 15570 35117 28067 27980 3377 29890 38067 21646 8905 23075 26516 2158 37146 3554 33223 910 7770 27795 9434 14735 25518 38442 25527 4765 34601 17413 11870 2583 22917 24603 6766 6134 2327 23256 19472 38582 39561 5719 13887 30474 3849 36011 12348 14830 11813 4676 25364 30862 29433 2925 35239 15689 33298 25603 5986 5800 10199 33045 27714 39692 12412 22163 456 10196 2154 9357 6212 14036 19380 18674 22975 25345 7376 39909 34130 23718 30786 20403 19104 39008 35302 2351 10339 27474 1882 31977 528 3582 12503 2028 28310 28750 38197 3117 10758 11719 12522 7934 15207 20332 18485 25207 6425 32002 35633 31325 20073 4275 2200 17658 9684 34998 16686
23263 11802 25597 36202 29483 2626 30334 24526 36911 28068 2715 38331 34103 19448 4142 28326 37592 39453 9751 8899 2163 11450 36398 12313 37878 8374 17231 17523 32354 16947 13218 3142 39078 11028 36704 35409 38945 31001 8915 22937 10552 5648 29615 2503 31324 27626 35276 25337 26320 17068 1705 19133 5033 32353 29146 6763 362 28656 27862 380 37697 19747 31613 4555 39277 36865 28987 26822 3752 35958 23296 12511 18149 3234 26161 13230 34703 12676 20339 5540 15485 28896 1699 29677 26657 11670 33671 4180 18163 1410 21734 35018 19821 34329 22704 26327 12466 14316 34270 4938 28692 14533 27192 30137 36164 32607 5681 33430 17814 19481 33119 15325 19036 26714 34327 5149 20110 39960 24033 17574 20319 26142 23214 14706 22422 444 5689 5818 10272 12476 27133 38578 23726 3555 19324 16532 14825 10073 1345 15388 36988 24666 33991 28013 1921 14970 3698 38320 4317 19935 39822 21443 17053 14555 36622 428 34924 23691 28581 81 23708 27946 8699 37895 36583 11382 7374 4526 19616 12147 26937 132 15002 16617 2447 33280 9639 12521 39401 16743 18398 33448 23518 28109 286 35737 11522 17775 35867 28267 84 23507 24681 8802 20157 27927 6890 27684 15810 38595
26999 25029 1971 5588 29318 28964 33514 2308 2237 2255 4576 6539 27314 13620 30883 12223 10386 6145 34055 15970 16862 32507 20911 20181 18094 36289 20439 8083 35010 17091 5037 19567 18334 1620 4453 39763 20570 19927 34452 36135 6732 39461 37922 6830 22820 19986 35074 27440 29452 15487 20277 7186 16187 1473 26308 20823 20274 5524 20188 33825 36209 22834 12807 18960 11911 29497 24938 30878 19647 13700 13486 32324 32198 32645 14787 20214 16311 30925 36129 11225 3171 25145 28001 9147 28208 25888 10689 4891 21384 8347 36664 20576 36675 10813 7280 35531 10399 37733 4387 38012 35406 36593 38471 11912 28206 30433 11987 24682 5341 21627 29927 27008 30944 18288 1545 21257 30646 3846 15192 32081 30633 11989 21066 12628 17160 25849 19353 19292 36480 10576 21819 7751 35860 21647 28901 36269 9594 21830 12691 2854 21558 15592 27842 31968 28803 12824 23292 5053 7962 1806 35462 3269 24061 13167 4289 39438 10708 18341 1086 20745 20736 22795 8387 27312 14873 5314 5295 615 14428 18179 4467 14270 13942 2383 30689 388 21217 26686 5574 8334 9747 5787 5324 2524 23195 29649 26597 8017 32851 25871 26842 35347 27316 15787 31493 32557 5744 10090 33178 21385
3960 19082 10110 34667 4603 14420 34942 37055 38393 31323 10871 22151 21480 35361 17659 22487 37061 32555 1955 16601 26733 35535 24279 28589 18787 19267 9859 33763 18840 8488 16869 35742 23982 1674 4047 14745 5255 33782 8204 7957 3545 1388 35895 1004 35271 18696 18439 25986 29396 23682 27823 34236 692 15124 36190 6437 9208 24664 34561 23328 23809 10798 13728 33557 20734 4699 35062 24925 38539 16223 4471 18259 28881 20074 4226 13812 37326 12629 18405 8285 25493 26624 15129 28317 8415 24479 37695 16192 30545 39350 25256 8820 38350 14178 31420 21832 11134 9473 26873 26386 2797 28187 3328 7497 22274 39709 33216 33460 3270 15679 192 5631 37851 24396 23413 12063 31964 10418 29633 26710 2126 18089 17633 17487 35012 32498 30908 9540 37906 38372 39916 4630 1983 19363 26844 33033 22217 10266 34116 14492 3871 23194 36426 23141 22264 39169 4049 24422 16622 38627 8127 18293 7239 31271 21163 35103 16272 22169 8173 13832 542 27629 23403 11820 10845 7266 10211 26088 17850 12981 4735 8354 13212 4644 19488 28265 21036 9475 27037 7541 13947 3176 14127 4945 11218 12989 18733 8268 24092 35788 22640 19858 38336 21889 13761 12003 21540 22522 4892 10830
19923 12843 29918 9550 34004 22374 23249 8404 10699 3051 25028 16213 32325 18431 3494 13245 17283 19375 24208 22214 18514 27744 24304 29882 11397 21382 31675 16238 12782 16675 20623 2620 39216 1219 22005 30718 276 5670 10551 26329 741 4955 5054 288 27412 7485 16510 33942 10828 35266 28132 31041 18061 17866 6655 39127 11929 4096 6117 20152 281 25503 26216 21837 28147 39328 1885 18795 27292 14413 21158 30124 32337 32294 27634 2213 33309 33860 32518 21367 12944 24203 1334 24135 18378 18329 3982 22629 21263 29165 18268 13073 33318 8761 37123 24447 7076 4073 16858 22632 5084 12525 28539 20497 13609 30186 5858 35044 36458 14882 33982 37393 25427 6577 10447 37032 28846 9903 11271 17094 32671 25165 6558 6885 14901 25475 12857 6230 20062 16909 6259 8649 6723 23831 11725 19134 26032 39853 17256 7637 21242 4927 2533 1854 3930 32852 14712 15317 402 1571 23899 3389 18212 10667 3264 28078 15343 14931 39090 17922 32422 13115 23876 36826 17057 32218 22203 35900 34518 13544 37572 24440 12427 37242 28551 2083 13735 344 34080 3349 25907 33575 1287 20891 1075 499 6211 13181 31208 23733 39226 34357 17911 11469 36887 28761 31680 7187 14981 25955
12608 9297 21094 284 26831 12469 16355 12991 20242 18400 34739 6348 25713 21275 36884 22505 22195 1785 31492 1653 37747 32159 28806 18596 31479 17327 5059 24248 34117 9354 38581 23331 18628 31064 18639 6436 4423 23946 27918 19737 17349 15770 16783 31588 10324 14070 15949 34375 8040 1989 37792 35478 1781 28354 20849 19580 16687 1506 36933 6633 12794 30001 33521 20300 11682 9244 21086 24671 37159 26361 29861 17036 38633 29261 17577 22631 17449 4354 25018 33516 35683 12590 39087 34457 2813 29109 14889 8590 18553 12552 24940 16030 28857 37563 20986 32509 14871 12358 563 33957 5834 18864 33418 26759 23095 14772 39122 7708 8651 10430 4701 31626 22623 27026 34819 29234 26584 37625 24384 23037 33968 29132 2780 20083 10710 6600 17608 8320 17774 31801 26634 10895 15915 15274 5746 4541 28640 39510 12905 14258 39493 15802 37267 33035 5909 27309 10604 32102 7970 14390 20421 34933 38839 23634 22106 20395 8711 9581 24467 3905 15917 17329 22891 19027 39646 19739 31154 33365 22489 4449 7859 21905 33722 12268 8437 30830 27139 1537 16102 25883 1397 3514 20434 5184 8422 13582 26262 10549 20731 11336 11093 33093 37124 13867 25567 18551 1859 2087 23738 14029
5062 10000 17202 15848 12553 30182 25740 2258 14170 39552 18196 1732 9220 35599 23215 31227 21676 22140 13588 10759 3915 11715 26252 23893 12442 37484 35217 27825 6880 7942 6998 29863 20 21511 12452 19757 22950 5268 13215 4757 34550 24171 33221 25485 32490 12873 26528 39950 15130 15985 26405 5557 18595 12623 20364 4829 17125 37053 14033 5306 37086 15454 19035 7338 7884 11616 12007 11644 17276 26765 35155 29887 37129 7398 9921 6722 32886 14195 7282 2459 22034 27257 29317 31122 13489 19377 2936 6471 26189 38538 8487 7175 11728 37225 35250 31817 13572 32752 22126 299 36487 13313 37608 3319 29899 6648 29977 5872 21301 13703 38927 33941 31486 18015 26401 31161 5802 6901 39821 39947 1618 32434 39504 35216 21788 11894 19039 18925 32634 4580 9877 30939 3962 675 38619 24162 35399 21253 11436 12883 15945 6887 21933 20220 15690 25648 34846 16706 34596 16185 26527 11744 16886 22152 10347 6217 34346 15413 19461 37171 12617 28017 12459 11997 35515 769 37513 6125 11396 23519 795 33164 1684 26134 35686 33295 37043 37353 250 9341 6889 26967 3778 20597 13869 10807 34701 7263 36169 23253 8194 3241 20966 21204 10992 12041 1074 21651 14467 1356
31243 39932 15026 7946 5277 24439 20012 124 26158 15943 6072 37367 11994 6727 32930 1729 21240 13804 39164 25242 11304 34122 36368 38829 2301 18834 11520 8613 11831 31975 1432 3173 6390 23262 18125 23382 36301 4357 19764 14826 24375 24254 2613 13631 32667 24110 38630 32205 35096 29290 315 39015 29855 4516 33919 38648 10750 18106 29118 13092 29141 6561 37327 27145 4436 36172 16567 18854 1032 27770 38690 21449 36553 4141 21826 29355 31935 38756 6458 36721 447 24576 7378 505 21487 10557 26274 15476 15036 32014 11135 11226 36837 32297 8290 37085 1797 25953 38059 27426 5209 10366 28919 33375 26872 629 29654 13776 9821 26909 12167 29724 36929 10311 667 31374 809 34795 31939 17802 35455 32133 20067 18817 11732 14847 4197 33051 11351 26014 23093 28797 3835 4747 31592 29543 25432 36560 28660 7981 21769 20995 7750 2846 32952 24543 27301 38049 10914 3783 22493 6234 3501 19290 6011 21408 20112 12982 11360 29320 32264 5327 20314 34961 4868 28129 14732 35247 38651 15492 20378 2900 22957 2465 11468 32191 366 12627 6053 27182 12697 18801 37331 25876 25418 26924 33380 3006 14607 2005 28350 34762 3432 10462 1444 5635 1919 1231 3994 30199
25543 11617 24383 24407 19301 5964 26082 38759 31965 170 21688 18271 21645 34256 21313 24306 28859 21214 25632 10679 37830 1363 25753 14717 35757 34368 14216 15648 28277 449 18607 18710 27197 29466 32528 23238 19711 733 12453 15623 17343 39151 19228 1058 20209 16919 2591 21028 15620 16310 39809 37586 24125 7437 37363 34008 14204 9091 1257 6039 29634 465 3003 22436 11199 34685 15578 19703 19980 32485 32291 12176 29235 17388 31180 37248 27435 32164 22889 38261 30707 24623 32340 27975 31406 7113 16486 22509 10777 16117 31278 35953 5639 25581 15594 36876 24434 9529 4865 1912 35083 6388 10536 22990 12396 28844 19719 19469 33914 29883 14585 9978 38585 20907 5363 14539 30566 26687 30625 38728 29406 13131 11223 411 19540 8720 23098 25535 599 5221 20147 18210 32833 548 37166 35881 30940 52 32413 1263 36217 28984 11506 8440 10775 5202 10717 15234 32593 18241 23574 24230 36107 13280 11221 11347 18134 6638 22993 28854 5440 6487 9567 4419 8289 22517 10214 23514 22053 10806 1102 38879 18651 2568 39898 6328 25377 32225 21052 39023 33956 7283 26602 17529 34213 6102 19611 28979 21154 7474 6908 21679 19037 23222 20543 22885 19018 9740 8659 31388
29270 12500 5069 13840 37711 495 160 10069 26629 30687 1 5458 15065 6649 6278 19758 25923 2078 37847 31170 31108 35130 4237 5599 32835 26522 25385 8757 12475 26744 13081 36159 3738 34002 26293 34339 35862 37613 39443 30898 15354 27590 20266 23387 26487 34573 30711 14515 4596 14759 35129 18292 14884 35906 26631 8408 4634 38930 32050 24755 21359 1306 31654 1436 25867 8630 10456 25591 10180 31818 39655 23851 21037 18464 28868 14096 13429 7123 29652 29870 14941 37217 30363 8837 32452 18842 23467 9182 37284 16320 20457 36875 524 32511 22861 31527 26850 27707 14553 36870 14176 14755 13482 36421 4003 28203 5926 38931 27576 37150 32173 11668 33307 33817 35059 27559 33305 7888 7653 5589 5755 23470 32701 480 19961 18678 38115 27516 14633 22447 28861 35651 15403 7675 39307 18964 12863 14948 1312 1046 4291 38948 33104 8327 36365 16080 38707 32379 9778 14062 14196 28523 2411 15010 12392 11365 4956 20084 36436 25236 33522 29583 37774 13432 30110 1842 496 24421 9932 33798 3944 26190 9136 36138 7740 11378 21544 15581 17075 310 34753 37132 37801 29532 39695 23943 14725 6614 7173 29798 25205 39324 11509 12460 22007 10924 3010 10334 7428 27522
24995 9624 12101 9713 16095 3597 39814 33758 3678 8851 9288 14977 31518 24477 1029 16044 3985 37887 31690 26110 4183 28036 26564 11892 2139 6713 8339 17701 13858 30195 4960 9873 31086 10697 24858 36724 29735 34513 4660 420 2404 31269 15255 15619 32538 1196 11852 34098 13152 6761 11652 16490 10955 17875 10739 7749 38174 26866 7717 13187 12069 2 33847 25405 39696 37404 35897 6149 6063 20777 7276 1673 21866 21535 31621 31394 36908 25796 1014 29845 28412 15058 34244 11355 20150 4975 2474 21747 10618 37893 22390 29683 22573 34894 1518 19435 15015 30828 10837 29696 26782 23205 11697 39962 15553 8219 22853 3249 1815 940 19171 18186 17291 22222 93 22372 18499 2466 16090 778 23456 34373 16121 23693 17939 14373 1504 16308 27149 4125 39237 7336 20195 15086 31354 2546 33151 504 16914 17436 26971 19704 26452 30166 8900 38775 38988 32274 5026 38410 34665 16240 35908 18009 36779 8622 37110 38451 26114 32675 29139 39131 15888 32812 17319 2053 13481 13309 9761 4818 30307 14984 3298 16155 36170 754 27679 20686 29520 18354 16423 25394 10563 20771 2080 35279 23591 24962 1128 24273 36605 38986 20425 16253 16812 13185 31216 24390 30207 8575
16599 99 3254 15583 2972 23497 2655 20603 14153 31816 15746 21741 33645 39665 25129 24333 20353 4189 82 6113 5502 33778 18223 38863 9104 33266 1214 1841 12186 33041 9633 13756 36332 4312 15045 39743 2702 3972 746 26349 33881 32515 4376 18972 19878 938 539 12363 27936 29185 38580 33160 31425 23511 2749 13516 14813 18819 2107 4653 23327 7915 16344 23945 31569 31120 32199 33192 20431 20057 13897 3670 22431 33714 1307 22597 37756 27456 11991 32841 13948 3482 24 26247 6285 3862 21364 14461 31788 8423 36978 37654 9848 26257 20743 6050 11537 29186 12999 945 18192 6646 4673 5910 10107 21330 18355 32132 28156 10877 11909 7309 9808 17060 25501 31312 27505 32211 6373 39772 30571 5106 39676 12478 10932 19170 35138 18535 7857 7874 28074 19959 25101 24307 25183 29332 33089 29584 12763 4623 35243 38464 25694 24311 39035 23512 38903 15376 18427 20163 27912 16333 32980 12222 39875 17665 30085 9725 12798 35067 29656 3544 32026 26011 15499 11127 15670 23276 19875 24366 38303 28556 17772 16182 10517 7413 569 23887 26994 32227 20925 35398 12968 8239 7961 28088 2215 14909 30641 3854 35430 430 19987 26377 37067 26771 9527 9790 30597 29975
24704 1593 3666 6888 11811 38041 22694 17250 13773 19643 7078 24481 10458 38898 18588 11580 25624 18746 23885 15993 2505 31831 21847 2244 9079 6499 23576 21530 14273 1858 16444 21915 25808 22649 29897 5389 37780 9082 12770 13031 6023 30527 24542 10308 34505 21726 3528 39790 5671 35104 24163 15412 16572 29501 18797 7864 24622 12765 23287 10681 28299 17395 23701 26736 12281 13736 17198 33689 7289 16484 28937 13613 36949 17074 36805 17662 37454 25763 30823 19424 7853 6969 36640 20080 27407 22465 34344 11516 13210 26094 17594 8441 16066 17199 28085 9830 19932 28577 11961 31525 3256 38723 22148 39657 6581 11333 29240 27931 20392 24521 21972 29161 28688 29818 2099 15518 33281 11663 38590 24751 3200 34425 2665 15337 14679 31372 8586 38803 5168 8179 3741 28562 37251 1122 15525 5906 33173 32412 30357 35799 2729 31642 10451 13369 19056 36085 16933 3801 8130 4090 30185 13178 11242 6760 13575 20990 29042 18240 24819 13678 18433 37918 2484 32279 28653 4517 22127 21441 20979 33416 18247 33346 1747 26356 39148 18829 7673 31723 32122 28275 30626 9064 19351 24008 15663 26437 34578 31595 29404 29380 12058 38513 19897 28191 24669 38652 25910 11115 19518 3541
15224 39406 24268 5348 21398 27941 12190 22901 16492 28345 2185 27859 10516 35200 27482 31540 29262 12417 4921 174 12825 581 5215 15041 21916 16689 16433 2894 30642 24673 38165 34062 7400 5473 26688 4768 13387 12818 21668 39147 20187 36792 13445 14314 37108 22690 38946 11493 37457 13142 11562 20890 32710 34347 27433 3502 5523 28401 16864 19295 22128 30773 10015 21112 13786 13660 37807 3031 12494 4989 33632 1546 32703 5651 24508 36119 30653 10024 15025 30941 4213 20120 5298 38962 2852 32171 30651 29837 13041 34591 14630 23877 23545 22212 11005 2921 932 784 5309 8906 39208 34805 22903 26515 39381 5608 25724 14217 407 5497 24641 38980 2866 6457 19132 39388 32468 13598 16276 29364 33709 39652 35819 9812 31800 19491 4249 8455 16046 28800 2875 38024 3222 14914 1879 851 19941 11291 538 15858 11838 2545 18991 21644 15928 5349 5598 38697 30577 770 14881 38674 8432 7598 3060 23228 38311 6511 34260 18815 26570 38357 3381 27782 34712 34081 28429 33243 16788 26946 36613 14292 39873 7022 22317 30294 38593 26217 36582 35005 4871 25197 4858 20437 28115 13190 7544 31098 2451 4072 5231 13535 280 12457 9929 9544 30666 31078 86 18323
12391 26739 7744 1579 9388 34889 25807 5937 39304 2873 15119 11429 28607 35269 25371 6047 19650 21865 23637 31361 9989 5943 18260 6421 4909 1105 11339 39354 30094 29051 39902 1635 14063 22424 28518 11037 4110 29624 3517 19991 7169 8871 7014 10602 38951 29680 25122 23833 1326 18804 20926 27432 10330 29750 19365 4053 12251 12314 29238 28284 35909 3345 14843 21626 25806 29880 28358 18058 1703 36112 6303 34349 22234 3422 5922 1640 18640 34167 37082 14570 24770 35375 11957 6895 37523 14301 16263 37670 23175 37246 11837 31451 14362 37126 3093 35698 27802 11653 15410 15785 8843 22837 39535 37543 7997 19028 21794 7850 38322 21244 2071 15722 18930 32568 3303 1529 35136 8973 27218 17043 33684 9651 30969 18030 13149 33134 27317 5697 31240 12144 32632 25615 12498 21660 26887 36851 31362 26196 12185 9214 38417 8190 15840 29266 38214 33784 10486 12451 18880 5869 35771 25668 9720 5972 15838 33124 9468 35212 14526 38515 2627 3011 22569 6764 39559 16668 18229 35999 39313 30404 37394 34403 13726 19808 2845 37321 19796 16623 5726 3392 19606 15251 3525 19579 24630 21286 39396 37726 15150 10433 4504 7142 20567 37521 38120 32056 7920 15956 34041 11555
22843 16136 30297 26121 7640 12581 25729 38755 33282 12307 11750 12192 29002 15387 4472 3312 1552 2580 20501 34952 19300 8361 14548 3029 31824 12749 23798 16905 23891 31643 11425 14565 21081 4656 21243 240 33070 7225 18072 36561 4636 11277 12703 5148 15240 2940 817 39212 36232 30072 7794 34611 11481 32460 24631 6643 38720 35538 26523 8496 23853 26109 38329 5068 32451 5619 34401 31182 23031 27225 18209 28837 34638 14056 5620 5108 19296 33158 17759 18965 39643 33182 1833 26582 24426 10142 5043 7080 32479 12205 20098 12924 21205 23237 19844 6352 25741 26919 11924 34434 23196 35255 22132 21358 12437 13896 38942 19731 10574 32655 38072 4586 38294 28760 7644 28897 7967 8702 31473 35307 10421 14696 39404 30837 26912 4027 7127 17585 12094 30147 19223 30387 2059 27195 24528 21858 39836 10105 37025 8464 37373 5332 13121 34307 15538 23811 3683 7277 16330 36087 5392 39838 20613 22421 11182 25635 5225 28130 23864 23264 11869 3803 16391 3751 21553 3333 31256 22006 28719 39518 35888 27958 38704 36104 28882 3436 19706 16300 7119 36850 26408 4150 18723 19445 30249 13664 35324 39788 24667 28671 36700 32126 11250 10997 36654 32360 21438 12934 3856 29453
22508 36197 34459 22769 19395 20243 10673 28702 2876 26947 9737 27784 22338 39417 20527 38573 10317 38901 22974 35316 11779 33922 29718 21638 32247 12213 14334 39752 28165 3834 11787 35128 26832 12978 6351 9278 10497 34789 14189 32322 27277 18153 27401 24503 34588 28904 37902 18995 5111 20607 31255 8569 35402 38104 17748 1616 37835 25988 23201 5592 29151 7287 23848 6311 32668 8979 10174 35949 17255 5732 10869 18411 33139 4530 20802 14252 14955 12471 25723 39003 27212 11356 17108 10440 21929 33326 35335 5330 34631 31070 10781 37819 14043 20558 39941 10542 16904 14525 9791 2260 23689 33582 12618 29722 35668 24131 9342 34742 32091 1012 27054 29877 3789 33289 12945 1936 32219 30019 5244 22356 25016 30834 37912 3168 16397 27660 17147 19005 4850 39194 25156 29162 16379 21444 9905 6823 22591 39191 14728 18589 19019 20232 31274 17314 20331 17362 663 14330 17192 17468 38210 31002 21507 12057 23066 5955 30275 7121 32179 36479 30183 19460 21782 9819 6666 35011 20263 25367 29154 23260 33038 25530 11100 8278 36118 35297 11706 6800 2855 7337 33772 19954 35327 35904 23464 32006 19449 9078 37060 3335 14823 6568 27276 30606 38761 594 1671 31110 11593 12385
3540 1465 33855 19129 18845 16911 35033 11519 19429 33961 14940 33254 12848 33679 7613 36502 13961 14406 36288 1007 19057 34668 22926 31764 33230 23578 10183 23132 24651 17522 13036 7299 4907 38318 10133 26287 29326 30358 787 4098 2085 24245 23367 36403 5101 14354 36495 24644 25224 5699 8352 20341 37049 18146 17983 23874 38095 39839 20129 6479 24492 23486 22243 16952 22239 14996 36692 31310 18683 10723 27464 29739 37920 34917 22445 26508 20178 12643 31920 20901 36848 38162 32036 1458 4809 31411 28398 14200 31880 4889 22761 15080 24100 8563 31503 39930 37601 24763 1362 29781 27870 30264 15358 32214 29448 30775 37522 23760 33986 14626 20238 351 1226 13769 23147 19044 27555 35936 9087 13548 30407 39606 20715 37653 8784 31378 13134 27205 10187 38110 26795 21502 38204 1395 1145 23813 28908 18796 19500 7578 6634 3489 3695 25992 2303 29780 9858 27230 28996 20105 2509 24006 12555 27350 24446 1408 4803 39457 36772 17409 16497 11168 6043 34252 4805 17049 15641 15807 35752 3101 4843 16806 21280 39796 11478 28728 18997 18913 39901 1428 21804 28704 13636 39727 26801 29980 23027 202 12579 34 31646 36523 10289 13539 2699 34385 37045 14106 23860 25547
33354 33547 1716 12482 36429 39575 23146 4723 38146 11144 32431 12767 22200 27526 3813 39143 32182 5897 3139 14946 27100 2937 15863 28546 17214 28554 13553 18988 12980 28713 37680 8553 25737 16906 23067 37503 6195 4625 36643 22444 24173 35739 11955 34570 11958 32659 19066 18503 23117 31469 17599 13515 26497 25894 34261 12384 22672 3957 27942 28239 28331 11647 31030 22551 4435 30900 38188 6983 4070 2633 27500 3410 35689 5089 15715 32237 13637 23762 403 12507 7311 19022 3004 1036 2281 27201 24091 27264 23522 22060 14838 2369 25506 35990 30637 7733 1756 10044 32922 14156 20291 2241 34659 31598 39000 32971 20398 38249 19771 15381 8832 3203 10072 25775 36571 21872 35475 21854 13377 11809 9375 31446 17852 20753 2309 11111 39882 29732 7707 17170 10342 32755 26423 26949 290 4488 3014 38119 7440 5378 28043 20666 38620 19177 17189 28139 26691 33743 35172 39760 13541 8243 3577 14925 35898 13746 6619 36056 34883 27494 21695 25074 26745 11338 38382 9065 15480 22023 38166 5005 39255 36819 16425 32311 26451 6752 21898 26000 5498 20895 15062 20994 3800 11889 34937 13145 1826 23485 6715 20461 4335 8638 27286 30959 5485 35861 21594 26862 18366 31940
7397 38713 2932 20010 39369 39893 15046 3568 23937 33804 10713 14747 20960 3327 37675 8811 29383 14116 33315 36612 1047 25107 16266 32228 20357 8233 11143 7790 4301 14853 18322 7120 29027 23330 2069 19682 10481 16785 31564 20310 38776 22612 7258 30333 8366 39720 1286 32720 17998 15941 35344 26179 39961 24985 1679 12708 25554 11602 19568 12718 17541 9349 38245 35100 14048 29986 12870 4582 11076 27857 11674 25552 12277 38421 998 32384 23268 29065 7960 26180 11862 471 4764 9453 8046 28338 33820 14166 24888 21892 5453 28677 431 32147 19496 26024 39021 11325 23923 41 4620 37584 17265 2770 5031 19211 14348 32613 9971 27419 4727 32007 12345 28098 13984 27933 30251 37429 9627 11959 26439 33096 32946 21962 10011 28038 31433 14213 4219 16828 16776 23896 32334 3646 35263 30389 36153 28462 29568 8670 28990 15488 27024 12289 29787 34456 2022 23318 27763 24691 18884 1402 9677 35411 8731 19121 32037 13960 12912 21701 964 12305 31544 27035 30173 16508 6178 934 2019 4810 35934 28873 37662 20143 32884 27834 15612 4355 32342 32850 31581 33235 24516 22029 38701 36661 20090 36243 19985 12984 8414 31038 18380 34284 4926 16342 23271 33241 19833 14498
5950 33342 30153 27507 33128 13157 5878 37750 20590 6057 1578 39530 35690 35685 24668 26779 36894 38641 27323 24283 19917 28334 25601 32396 10010 17286 23785 7313 20583 8777 3615 16907 31627 1738 21683 29477 18237 20386 16305 35675 653 27720 2703 5806 12420 5797 3559 19318 3352 28188 15334 29172 26119 18444 31778 16592 18669 13117 32063 19694 4785 19995 39843 39243 13140 19533 15636 15953 34129 94 37904 17920 12252 11210 20812 20077 14530 27238 194 34100 7741 6937 308 4392 15166 33092 23944 16561 36010 4505 15201 30299 15936 27479 4987 33805 21822 20674 33109 13902 24487 7616 17579 29566 39581 20316 17604 18928 21618 1615 20810 25515 23966 10354 2051 5431 16642 34068 32373 18219 17173 6075 1978 12554 37890 27514 21100 17236 36424 38114 33310 5602 8390 26204 22653 35054 23390 3959 2634 21366 13711 36921 10314 10904 10212 28357 24578 26059 5813 37034 34885 3457 7454 8051 9300 38741 20424 14057 2631 414 20420 22392 5652 25287 2743 12415 37434 13836 8254 20945 20864 14040 28055 34673 25106 17163 27636 33391 12455 11140 5189 38469 22888 27855 19495 13206 28382 8417 38274 2999 25575 37633 38416 38562 38013 26034 35277 22675 25827 24265
34610 8479 15639 18938 9335 21021 39132 26272 7677 21717 39410 30164 17345 35566 571 13279 33507 29025 34430 21982 7557 23702 19317 13154 15478 25190 22996 38766 9980 9595 24922 1241 39631 21259 35597 39386 39158 20835 7126 7325 29100 35747 33852 11790 23736 803 4350 27213 36723 29416 13540 31597 29348 32633 38742 13388 5115 22204 17472 32242 39067 11165 33099 17679 24118 33186 6025 33276 15891 36098 36171 35851 11400 29541 23398 8264 27614 5892 27310 4654 2512 27990 12509 31637 16169 25958 3572 33869 10303 8304 23033 5460 17200 39336 37443 39119 21144 33308 29686 21013 35818 20525 38065 24418 11794 20553 3947 12917 26821 8671 7104 14995 19231 5649 20177 14739 15341 19515 29938 19828 4406 12324 984 21292 30765 1924 8340 5337 5208 11739 29155 32449 13975 39477 26620 2030 27938 19679 6562 13289 14841 22193 3167 36346 9308 6789 9666 27771 21578 27856 28611 35546 2077 30923 25667 20937 10874 2757 26108 12850 3433 27142 4124 39525 32047 4358 35582 33570 23571 24496 1178 1600 18121 16634 28291 18623 36231 17562 24790 4948 15066 29632 38967 2443 21248 17861 25080 22578 15398 36292 39046 37230 9524 36914 4217 32076 34999 21380 8184 36452
33837 4833 26309 5024 7226 33129 38830 22683 18376 11774 17569 21936 29064 13882 26789 6081 14786 20722 27342 14672 22614 20193 22656 13927 15125 36006 34010 6058 29828 36324 31336 1246 35992 30064 32653 38150 13930 21468 35283 17746 30432 23566 28771 26936 5351 1218 12728 1827 36509 24537 9670 25966 11164 10162 10544 23119 26294 35678 12241 9992 39398 11631 20190 5537 8105 35379 28242 23901 3993 10228 26729 39770 31708 22406 38570 1641 36751 22994 29011 18425 7109 33897 21850 26792 23669 22179 2469 30776 34309 7477 21393 34348 1915 17378 39758 33754 39343 34413 36823 15389 19532 24351 17453 26780 29825 36254 33411 23841 1486 11978 7490 9257 22262 4323 3437 14412 7914 22329 4412 36727 7146 17760 4992 21401 20880 20443 33027 15741 28111 9973 9413 38006 23761 26350 38151 11701 32637 38402 25246 35055 14104 29241 38812 29835 38727 1834 18265 39310 15688 33765 2209 9003 38304 8122 19153 2592 16503 21810 18812 24097 26163 36203 38905 27611 3425 4556 8930 348 13494 30289 4006 2243 30924 5642 33697 21310 10455 28247 3578 18873 29596 18423 21079 3781 27125 25519 17365 36451 13375 24292 25629 32546 2821 36244 32365 8011 13914 22070 18859 3446
35015 16293 19599 37474 7886 39230 33641 4521 22571 1922 29092 6517 21838 21568 584 30656 28816 21907 16378 31726 27635 33006 39320 11729 37860 13701 38496 924 6116 29197 4720 2671 9829 30993 39187 1941 16735 13586 22879 20709 12650 14154 34593 38599 25216 8848 8491 10572 13228 20866 30200 6317 39364 9167 8682 36070 13723 5782 2453 29279 38574 18681 39859 21844 21354 4776 16655 26237 34298 38668 3652 17742 18351 20773 38603 1993 21077 33333 12885 28529 6674 9879 36811 12837 4601 20506 1208 4268 22503 2705 31584 38501 19256 9665 510 31335 32069 16876 32823 17835 14341 17124 36086 12497 10560 31678 13161 29925 2830 33494 36576 19946 37913 33558 2162 39738 23917 36873 18783 7982 15929 16135 22997 34191 26140 26148 36602 6592 32756 8391 31767 35489 24632 17280 3250 26008 23972 24617 8529 26036 33215 17418 8403 36220 15073 36400 23241 32231 31896 3791 972 28119 39831 4157 20268 9671 19524 4014 6903 18737 30383 26494 8798 37472 34433 7780 27150 26915 11849 35790 11385 33163 28256 353 8861 3697 2902 3639 18496 31128 17061 7316 7810 31593 2397 27313 7743 8235 20975 16943 2096 37784 6264 35147 13861 9452 33435 5823 16657 35766
946 16207 33678 23828 23231 28133 1110 17426 14240 36533 29373 27893 9687 22363 33480 1746 19752 31820 24976 34360 27948 27564 24679 19207 7912 18302 32239 18158 38341 25023 13017 29486 27304 37486 34431 26553 25681 14727 35831 28254 17527 37623 33793 7405 2156 14514 2728 20947 33240 14077 11778 35655 21550 24493 35448 25494 19673 16569 15030 29102 36759 885 27089 16845 12844 10603 34508 28445 3019 5013 31179 34623 20970 1995 28609 7345 37866 4746 28293 6728 2174 5727 30547 26538 15386 17822 7768 9281 17721 33462 16656 27544 32642 4462 15292 1700 15264 32220 35301 16577 10660 20261 14644 2325 13601 24676 30352 26616 4304 13962 25302 26650 10218 31729 35153 17711 10014 8912 25761 7547 35431 6750 26362 13574 36791 5249 8258 24116 60 2769 32727 8921 30724 37052 23134 647 34005 27269 13987 29662 37035 37168 1068 10313 9246 10902 15242 33145 32549 17756 39896 13233 21447 13056 23121 21957 36351 28636 38848 23746 11190 15132 19953 31522 2954 34741 2809 5478 9919 34531 32656 3863 14589 21232 3195 6237 17023 12340 8809 5345 18870 38677 15596 17564 9372 20121 34873 29496 28431 23458 19434 15284 5132 19541 5060 30384 7695 14462 5169 19722
7977 8844 31872 5477 26969 16103 24696 28487 31400 26514 9995 38226 38334 20702 20048 6495 16460 27078 16995 30493 4923 15769 33461 36505 35869 34026 31163 29246 9274 8067 34366 33718 27581 5334 31016 34691 16067 35101 26530 33859 33471 24471 23596 18078 23629 4771 13290 2169 9895 2421 35500 21740 11488 21924 32265 14939 2335 2718 19968 30731 31594 540 33117 8741 24610 8154 27127 17504 32362 8315 23163 34455 18004 1270 17258 29461 22170 4465 32298 32620 16790 32293 31353 37220 6621 37305 11207 30332 32512 11293 14800 11275 12613 27529 12233 218 5803 20312 27796 17689 9399 38659 18406 39104 31242 11212 32054 1988 22682 10026 1488 35504 1692 33026 34646 17614 8507 22928 36967 37620 23062 30508 24386 25286 17048 25976 10482 17119 711 5145 9075 24221 33505 10858 21109 32621 3539 38972 6038 18207 30610 6716 8425 24095 20295 31919 26671 13509 10390 27085 16143 12493 10983 5808 4247 37916 2602 32256 14651 5394 33683 17454 1271 9899 12820 19139 17664 3244 28782 34666 28337 36753 27944 22226 77 11612 19471 6418 33519 9618 21457 9699 6227 3353 39400 11956 4138 25523 22553 28633 8587 26814 1998 32818 10889 3700 32359 23688 12742 29795
27726 25310 30445 17393 2488 1042 5563 30089 27658 28336 13329 28767 6194 20581 19447 8267 11284 36633 28175 26428 33800 22344 11383 8543 16448 39728 1569 11554 5185 8322 5474 3385 36935 2177 11659 21710 36047 33753 25020 27655 13396 16048 31720 24362 18459 30994 29646 34726 17867 29467 37576 34165 18488 2352 36294 11314 14287 30506 23155 22315 25732 9240 27886 12736 12548 10448 25614 26791 23139 37760 3665 22227 1761 33343 28391 22172 17310 10614 33890 31090 26954 35836 12334 329 12341 8316 3556 4283 36110 11443 1527 27997 19335 23544 5300 33596 27972 21327 31802 8850 22250 10875 12564 34861 21314 34484 22267 777 11746 455 36641 13988 1898 15854 19587 22072 9101 33291 22506 31065 36281 2147 29671 19765 18923 35772 6129 37012 24645 17930 7786 19761 14480 37616 13532 5945 11927 13888 7901 6929 18234 17369 25672 21917 1661 28192 30802 1189 16766 16978 27204 31962 9696 13476 38264 6651 6491 27177 31458 16745 18655 31500 38180 8147 2364 16590 6730 19313 26281 27498 11015 31984 13130 32589 5248 19798 21096 19552 37236 29060 10788 25039 29790 37812 167 34410 79 35122 30118 34644 12388 26525 39995 29737 9840 20408 25124 15425 18248 13650
27543 20859 36973 14552 369 20672 7899 29559 9470 34361 10674 172 28315 15100 27715 4621 5687 8679 10373 10446 7465 30373 33213 29041 25280 13048 27592 18534 37650 16068 23070 10085 21180 15735 36441 2086 29304 29420 7988 16144 17269 34660 31471 36060 26314 15529 5863 32775 36091 34019 33176 35210 1278 3952 22945 17776 35380 38819 7759 16405 14930 14082 35075 7366 32151 4980 2547 2294 6822 3508 19042 33892 29844 31376 17264 14025 24524 13362 17322 37439 19265 39935 36416 10076 22213 1676 4023 14115 24472 19201 34932 33453 1511 16954 37700 11309 12682 25787 14027 33727 17782 17830 489 1613 20237 8335 18422 20321 21526 21085 19521 6692 14944 11736 16894 2839 17300 12836 7015 20149 9436 6183 19816 37316 18022 16124 33424 26184 3534 29636 21469 37100 21237 29586 31712 7259 6877 12398 29028 37658 33258 19741 22977 38169 3632 28057 29381 17248 17843 18522 4297 3532 15179 9508 19179 17514 17829 10383 15598 25117 22411 6293 24376 26419 38722 2856 17446 9328 39125 22534 12109 37573 13010 14962 22924 17768 9138 2491 18874 14016 36270 32566 25861 16718 23254 23772 37198 11327 18080 17970 15495 1741 7710 5925 18721 37534 24674 16039 10016 35275
37987 21068 29762 20833 28488 37385 13946 35659 22280 9675 30359 5303 29707 23863 4512 9180 2142 5387 22925 29829 26199 39135 21956 23200 15500 33257 36267 30408 18177 30066 37803 7355 31605 19041 23657 18853 10337 9219 34359 9753 1309 22176 5163 4732 17008 35892 13064 35555 5814 38373 11328 35084 25410 38611 2818 9457 484 88 10683 37735 12321 5833 33205 24780 14934 11174 29709 38932 26095 31752 31050 22728 19997 20633 31162 10826 16147 11486 38656 17488 23210 15712 9609 16199 10884 10680 34991 20803 38626 33902 12378 19818 35732 20201 25241 22600 7133 34280 31279 29164 14113 35876 9084 2795 12235 11180 1469 27535 30867 7018 14007 7791 26041 5505 16889 24149 6916 29815 36760 21928 1766 20206 37908 9779 34872 19124 30933 12505 3430 29093 3926 15001 5274 28451 20142 17749 6919 32942 8608 9224 14911 15659 23277 23597 17225 32530 24711 15761 13929 36764 16029 13788 39892 8996 24500 27739 12591 4778 16227 38429 4964 3638 5973 8146 23371 7207 39666 11656 19502 14698 28003 17515 17819 16678 27694 38483 36 4371 36305 3246 14729 6431 31539 32899 23660 35040 22698 18875 23028 155 14394 37914 37687 16589 37435 2616 16761 34134 23246 17317
15456 26173 31229 612 11231 35701 5718 2831 20285 8987 18926 24634 32476 668 24640 2826 25159 31356 7358 2349 33019 30397 9833 1599 20065 30282 21209 26228 38154 28520 6115 9632 9674 22821 15308 20550 8977 11362 37071 27004 4874 37451 30303 37729 2879 2192 30614 13298 546 27915 21621 16092 24352 8756 18182 7528 34537 11658 39861 17111 29265 21431 364 38397 9000 20929 26098 38187 8018 30145 34620 23025 14619 29029 24296 32554 9135 34946 32183 22798 19213 31873 23071 5570 30897 11890 2267 16663 10054 39137 747 11517 22515 20963 36343 9476 37880 2426 20903 30268 23235 27278 3495 31916 11829 18726 35796 7180 37648 22777 32657 27813 3626 1538 19123 21926 28048 3363 37490 5012 19312 7 6196 12172 28742 13208 13799 22357 16001 6364 20617 15618 34941 36143 3631 31741 8058 29133 39391 36147 17141 3388 6869 7906 25451 4240 8505 25537 5463 5292 37364 24835 34670 27792 24869 27904 19331 698 12316 34808 1038 2312 7954 26009 13367 9792 36205 16321 988 21947 5010 32748 5034 25924 17732 7728 4206 10070 21402 4022 29934 10291 33563 1096 34086 8495 9800 34915 28388 22316 20593 38818 31514 15713 10978 32726 32283 39498 37531 12073
3681 26371 25472 30390 23940 1675 4487 9292 39608 28405 13410 37980 36591 13273 33624 31587 34392 30269 3623 30184 28438 19519 25722 7096 1997 4569 14257 36469 26271 11208 23326 27217 21845 39871 16536 22282 35891 1129 26852 8351 21655 25618 39136 14645 38428 10170 19746 24813 36510 22285 2423 5780 7327 23897 24450 877 34643 13209 37862 30708 8429 27272 2640 4378 22881 21742 25375 37033 13127 24078 32326 30044 6294 11513 6941 14447 39292 19547 17392 10489 38191 11983 8868 30191 32664 19680 26164 4550 1180 12871 31334 19095 15783 14011 1740 35707 14125 16603 22455 4524 38142 15611 33165 13108 23009 6802 21350 8841 36034 4953 39167 22398 23040 34437 38277 19245 14804 17660 36439 18677 35715 16729 942 25112 34151 39033 24538 15216 37382 17175 1078 37386 26505 17222 12758 34255 14715 8715 29119 29017 4234 35066 11695 10252 758 952 18348 36544 36659 31936 36955 28215 28339 39825 10253 1379 24984 33322 11777 9319 22596 3647 15819 10128 9954 33691 5340 518 22229 13404 32743 39394 13395 23197 23484 6203 8644 39927 22557 1694 6951 9700 1098 23378 9656 7812 20851 10722 9928 1331 36326 25339 23088 20680 36581 11329 10298 39284 5908 11675
14459 35190 23643 34637 1587 39706 31951 2877 7267 32763 3354 11483 4218 22477 12685 19900 20043 2417 16468 10229 18584 10666 26680 22565 37727 10425 865 31013 38670 29116 37111 18365 37431 7203 36156 25288 30855 31178 5822 4069 24852 5131 20797 38440 22409 38099 24846 3755 17626 474 29389 32 24319 4972 574 16794 30905 14411 6537 9113 12752 36278 14966 5861 3308 2964 31551 27669 8133 20460 25464 21708 9426 27767 2771 24686 3278 35743 39219 15600 12243 17456 11742 2570 35294 20094 36150 9815 31842 9560 24271 15665 3348 5293 29640 5555 10144 6610 13068 16817 36364 18011 36614 9709 25316 24063 6628 28186 429 16758 20343 27478 1081 30071 26980 26970 24718 38441 20578 2230 7552 5507 30484 37419 34777 15574 33663 8155 38111 39344 10067 4695 20601 14613 8427 11354 11348 21008 24794 11974 13268 26460 7058 32252 32931 8603 16023 27340 8261 34544 12805 8148 13316 24639 22734 23755 17871 22742 15967 21269 21219 2707 38280 11768 18725 33398 34538 15552 2035 22205 15613 10307 23847 29124 30279 35932 17960 1769 24867 31748 17880 11176 25983 28805 6944 8648 25219 15812 39846 38314 25469 22619 14424 35919 18136 30726 21106 35601 4269 11131
15022 4849 20892 28887 38179 25141 2316 22796 4293 38676 33396 16229 1890 28329 12386 25654 39669 36867 15314 23306 12274 23843 30212 13699 5575 26313 30088 1807 20750 39434 8381 28668 14423 38801 13472 10297 16079 3908 37945 8531 9151 16945 30602 24227 39701 537 13506 16279 10611 19112 24613 37870 355 19052 5312 30730 5216 12474 13340 16719 6872 36913 36665 19668 21922 20842 27219 22451 36223 29489 27210 6617 36471 39571 36128 19094 36950 22575 11112 14284 28234 15844 25049 29330 10256 8472 1530 13921 5977 20174 23715 28297 6042 23050 20789 39610 5788 27499 18910 15701 32885 22855 21076 26162 9683 12971 20836 11456 12035 1443 39309 39334 28118 13052 15368 6884 37539 7658 39897 31132 32015 4715 31085 9097 23648 25128 23247 34934 35802 12636 30079 9267 4149 22979 10537 13971 28991 12366 28376 8406 28780 25249 31981 27863 130 27022 34612 17157 1811 6879 15902 4284 7974 14862 21472 35761 15881 29657 7865 20402 17273 9139 22173 3550 38 14121 11891 616 10064 12361 27049 9629 8459 20472 481 24997 30829 11161 18705 38298 15597 37040 6151 28274 27624 36780 23144 7595 19667 6629 37090 3766 31524 28373 15903 1266 6980 37031 38958 34033
24933 39572 33395 8650 24156 39651 13693 23872 5677 35237 34082 23840 10293 5824 4246 16150 16186 3969 23520 28872 16157 35326 29387 8333 19087 36877 11279 35697 28886 13602 1930 23056 35536 26804 22082 35973 28818 10794 19101 33964 37923 22435 21065 21699 37383 20260 17377 20176 36113 36442 17295 17193 30287 6468 10528 39157 16912 37984 8172 16370 5664 4480 23604 17025 28319 20556 18232 33135 33050 39501 31671 14126 15745 4437 895 33756 36293 28269 10900 4750 28053 26659 3073 28893 26509 18741 28519 31830 17901 4688 417 6096 38526 7223 19975 5194 10145 8178 22763 39624 17728 29914 25967 33082 547 26571 35356 37185 39481 23585 1329 32692 6898 31614 32526 1723 38976 925 23332 1453 25975 23423 11786 5224 26520 28241 21542 3886 7029 1710 39596 22995 28189 36359 7411 7536 39085 34250 17463 11640 39876 7483 29838 24211 6448 21018 27247 26534 26107 31348 10982 22799 8990 9636 33191 10397 2233 2635 6478 32964 1657 8907 5220 8302 28478 28480 4802 22783 28136 35834 9510 32202 13531 8080 39868 3570 33879 14446 27436 37196 36035 19068 3449 19597 11649 13806 38802 34067 4319 22350 14936 18326 34254 26049 15043 23410 16708 10678 1605 12436
30622 37996 37762 37594 30215 6845 17285 10638 7931 16727 23793 5465 32355 36464 16847 32861 30501 36080 9649 9485 15567 36897 20738 14817 7674 39714 11021 34540 15486 24403 15603 16083 9320 8311 37153 34527 28620 27148 31261 34119 11075 30763 4348 26060 2239 22662 13891 26613 34566 10550 22220 24833 6165 10738 19135 33819 16270 15149 13529 30439 15249 14998 28674 13465 29324 357 12006 27468 18793 210 8723 33329 30394 18752 12882 1627 15867 15089 21842 2669 38571 22 26726 10944 4018 16077 6100 16301 23314 12141 4543 19242 1934 363 640 37178 16697 25443 11943 4290 48 16749 74 1376 32150 39205 39627 35213 893 3109 26213 9522 28450 28342 5665 34803 27291 5008 9960 2076 7647 1062 4947 3045 26764 33269 20604 14584 14707 16249 38018 39958 6141 32766 7359 20089 3023 34584 4859 6010 8988 205 27911 3464 23273 13182 27905 22723 37944 35384 14684 28808 24604 6970 34204 28402 5009 3934 14894 35638 34432 2492 17117 38250 13292 29039 3336 1621 37794 25383 2178 17491 28288 8771 5542 9564 35544 13339 11773 7087 23312 9602 29853 20302 28948 30258 17644 7995 26234 30613 37932 32018 37634 25110 30552 29005 900 652 32459 9856
1461 17041 31651 5667 31483 26652 37647 1401 18566 14476 25314 14851 27146 3285 15672 24338 459 26306 30226 36137 25253 25798 37977 4568 19526 8749 7921 28769 26390 30457 5386 1368 10546 27372 18243 4998 8972 23936 6596 22492 6967 35328 19457 28737 18395 19060 23441 16712 18557 19639 16940 24871 34118 28600 32724 62 4713 17925 38672 7035 21476 24225 3760 12170 25005 25341 23234 7830 751 36663 22626 16781 18081 9616 14400 33538 5578 36655 30537 19288 17254 8610 5281 34569 29609 24232 36486 28511 27308 24099 28898 1757 8218 17305 385 958 25403 1135 22377 14774 35421 27729 13351 29898 24346 14891 34169 33746 3356 5119 26344 12201 9924 9441 37445 13383 32816 9931 20811 29931 2321 29401 5711 2231 6454 12272 10804 1000 22516 20885 23145 18437 16413 19259 16382 14066 9410 27255 33535 8768 30054 21622 36042 1391 18357 10861 20173 27010 24841 26352 10360 15414 22481 21169 4102 11952 39857 8810 16932 32418 13126 38828 6044 30236 38525 30276 10367 14802 39971 26402 21864 9607 36912 4370 13498 35734 15037 31330 26200 31462 21291 30030 2477 13826 27378 927 13022 11758 17603 8286 14259 15261 4032 27222 14551 26876 39553 10177 30840 20004
38506 35030 2004 3078 1422 37705 35684 18040 7037 24544 23712 2507 1236 6112 28544 23400 3622 31008 20638 22905 25306 15503 25534 2594 28503 20148 606 23783 21935 34287 36514 18408 33777 16659 35522 305 4986 7473 26898 37606 15886 6773 35371 17249 36214 29110 12577 1680 33293 39569 6411 3625 33084 11181 39355 18245 3161 7172 25354 5382 16031 16122 32085 15649 26170 24126 8240 12116 7919 22822 9040 19314 29484 17470 24038 8621 7949 36218 35795 37221 8165 28322 39884 7197 39040 36357 6037 25628 20011 6381 4902 29619 10709 16710 12257 29280 25251 4359 15075 33865 29627 1933 28651 11731 5627 17601 39011 17823 37520 6904 28475 33227 2290 28015 11004 38565 105 5020 31630 24236 33701 39603 22735 21846 21308 18226 17493 9265 28103 28814 26128 34472 29083 30119 6878 38200 27706 39129 39411 18978 34832 27627 39452 19482 20816 296 26638 17540 6779 21862 38810 3869 34257 26129 3120 18230 8952 22437 2370 35094 37535 35530 22014 38744 33861 12387 6803 10381 6144 11769 33132 15373 6104 35331 3811 1902 18159 14550 27937 20958 29808 35381 13655 5660 17741 36868 26067 20698 28717 10545 5941 36372 8140 31468 33981 29338 7125 36096 31758 4380
23856 36132 22306 28966 1221 13424 22000 12698 21758 16787 25142 35148 13238 20292 38123 29516 37299 37828 10186 13739 11507 35620 15646 34050 16188 17846 36067 29893 20528 20669 11188 5963 33386 16827 34351 23492 17058 25003 20640 29252 26335 27695 28575 38260 29223 36140 37496 10622 9860 30976 5456 25568 17839 32496 8182 1117 25646 25589 27630 5455 8765 24774 16803 26712 3756 12467 30444 14475 24567 32044 294 36402 15711 20303 24470 33423 3674 22886 31489 4179 5527 11449 8982 18900 25569 32900 18661 29370 91 3602 21424 6985 5117 27758 34764 20841 9258 39280 33456 15575 30180 18826 14968 25160 32970 24060 37273 26147 29418 4447 24075 18941 15148 39854 7294 9382 19200 26230 2689 7822 16610 35781 12979 31239 21945 30242 9757 7436 15301 26203 8697 13863 5001 2802 3913 6907 9523 9038 36820 14863 34875 11708 35107 15519 17054 33629 37863 8400 6444 29293 20447 28181 31071 6742 9041 28718 13379 3015 34343 12216 27908 26398 19092 6690 18909 2588 35372 25764 29386 11823 16106 2883 10898 2986 37782 2279 24130 24267 10855 8931 4984 30893 18476 26565 15140 3337 12734 31221 3810 26628 3074 17399 33399 27371 12249 37579 39500 35185 12646 21608
16998 26824 30608 20737 321 22963 30280 9205 38337 6737 38904 23373 9959 35823 29178 66 39332 2778 30989 18816 21415 21946 37257 38949 9946 11993 29357 18868 32821 11716 17869 30605 28090 28601 16838 33795 31994 4132 33108 12064 17553 21751 3595 19769 14587 9404 35296 11603 33294 23737 34440 19489 15872 5401 7808 30097 30222 39247 6857 39198 603 14779 2945 4425 25308 20186 6714 14099 33194 26286 32041 26165 21202 11240 36847 21262 4303 36475 32799 12183 18879 13420 18608 38379 9574 34372 1969 21097 2000 25610 7151 34929 33304 5914 7344 37501 3522 40000 33790 7410 1394 2355 38243 4629 24216 38491 20486 3505 24087 13780 24771 2182 5467 22850 21023 16457 24788 35071 5559 26848 1829 6502 2386 24153 39698 29085 19271 26725 24583 28619 29403 18882 11654 24394 11686 27336 9949 33373 7827 16511 1467 39563 8134 31459 39282 35664 23769 33219 29371 18704 20085 10304 35168 29296 4313 39278 21891 21784 5454 32275 29310 14338 26649 32830 17379 24994 23568 24025 35360 9275 10701 10419 1113 22916 22813 31350 30431 35716 36004 13344 470 31007 9460 4687 30896 13146 19905 24449 13416 14367 23340 33876 16608 32735 876 36066 17484 36748 3253 18090
120 28735 11685 7904 12219 26547 16985 18590 39719 18597 4662 9401 34183 9628 8786 24680 2198 441 12107 16521 25304 37422 1315 24316 15161 19862 20078 38587 31925 22969 3739 17894 39192 12530 32535 37813 14271 21779 21436 31905 7363 25399 35194 15445 39879 17272 33594 10985 35151 16602 4855 15438 38771 24701 24111 19963 7583 19494 9166 7061 2248 32737 18555 14556 32154 5550 29734 23094 6519 8788 36309 33939 27282 22086 19463 17709 35292 28932 30504 29522 17424 17969 9967 3929 29902 32658 25705 15390 33836 25135 24952 6560 17528 7293 29507 26753 8448 23625 38753 13753 32921 39526 26573 37334 23547 8515 5235 17736 21004 3925 23557 22019 5381 26682 22580 33364 15287 2014 1120 25024 39744 36002 17417 39412 20559 5486 24687 18687 10734 32891 11318 19069 4668 24458 23284 37218 10306 13055 11765 23729 28216 20832 5353 28682 23192 25238 23013 25622 807 37013 2377 16082 30482 19184 38813 95 15965 10854 18762 5385 1188 18042 31191 14702 4163 35525 29774 14401 8769 37783 13232 33349 32937 3706 15157 8043 37614 2007 12689 3255 665 12583 36396 10752 12054 35442 37437 29257 35539 810 10031 4058 38206 38134 1655 13567 4492 28841 6111 33980
22754 19714 7380 8047 21473 24455 39767 5772 33682 36120 31340 4538 4822 34878 39883 21640 39492 15061 13775 39180 11607 28214 28436 15806 1339 26678 27452 2058 37585 9583 37444 39489 587 7760 12527 36678 2717 39140 16274 15176 9472 2637 6262 28072 6796 5315 21633 22036 4031 16040 3676 5896 15508 13688 19444 8410 24272 34409 15439 34272 24373 7278 35590 18922 26805 7617 19254 804 15850 3503 3127 9239 36106 26470 1478 17340 4795 19307 22674 37709 14339 25192 34328 4373 27059 12168 20542 700 39299 8839 10104 34936 131 31601 34704 17044 17681 19899 35572 12901 14870 6866 39598 30150 39235 7569 17762 2173 37831 33136 27976 20629 4021 35401 6500 7538 1251 31575 17612 2095 28705 38215 32939 30068 31153 9088 5048 20766 26057 31494 19040 27674 21896 28828 13555 20955 21123 23295 26902 7519 6276 12717 24032 36276 8938 36703 36722 15385 15811 34147 35753 6530 18970 36986 21432 6625 37199 23451 20014 869 38208 3571 26595 23269 17168 12490 17500 9455 20281 30845 38171 589 6136 8206 7323 10284 9511 34553 19705 16164 24059 21337 26115 35692 17517 12098 39972 9071 10931 26379 4134 4004 6322 21093 32368 32984 23065 24598 1958 38678
19456 22590 22770 2391 38911 14226 14855 9824 25874 36342 20577 14083 29454 36896 17707 27348 20166 2381 3592 31730 39141 24088 31576 18213 11032 39560 572 18270 13412 7347 25860 38257 6734 33255 30189 761 2212 18711 29079 11960 30783 7815 35521 36298 9148 17078 11550 8049 10973 25458 26963 25104 27677 6719 19848 177 24743 35940 17729 23181 21118 34826 3373 16588 34152 26622 14541 13139 20275 27718 35234 2823 21861 10160 23539 35656 31666 6939 20656 18120 36658 27147 18161 16855 17881 37640 13014 1374 30576 38118 13435 35635 8330 20657 7138 32119 3628 34732 829 3193 21199 19098 28034 21637 17067 9657 3033 10789 4156 39030 15777 16115 20807 38917 32059 34402 3027 34123 22724 2610 26843 34394 13877 1167 8766 2319 21665 22378 21541 33631 7532 32475 31648 12545 28650 6833 24757 29544 17641 7840 29524 8706 16097 34719 14374 37057 23002 30202 12266 1709 14990 35744 21379 9313 17621 20491 15835 18917 22601 38423 35241 16465 10623 908 568 20992 15142 25941 5905 30782 12263 1597 17592 20500 36686 14131 18497 5490 19633 34238 4827 10036 29302 31787 13050 14009 10080 35604 13368 1427 34950 33529 24930 30370 11177 11735 723 27597 18461 19202
3291 14457 25970 31966 2427 22992 2067 1770 34322 3365 29014 38149 6077 20862 24067 6806 7916 3829 39448 33510 15118 19 28641 38287 11285 23775 1962 30519 37643 25095 31419 7508 38045 25496 3874 14506 21120 38159 10023 38088 34507 8338 3206 19338 32258 9846 27951 18142 17801 11104 18837 7362 29670 11375 19373 2681 12021 19045 31897 20137 30073 26261 30907 19659 29176 33978 23563 34521 14999 4853 6318 30095 8963 29273 8086 24531 16674 37678 20227 12256 26950 5757 5582 9263 23992 27818 12886 34319 22555 28039 2088 27549 9069 36491 8886 18468 18388 3281 4046 37275 3515 25959 18399 18945 13816 37197 27882 33970 25785 20575 1338 20626 37770 18645 16971 22598 32463 23955 25022 10396 4161 20464 332 19113 38433 4369 19826 15876 16522 22635 12939 20706 7500 9777 39512 25273 37432 19662 12776 30928 37597 34243 21778 19783 14601 37660 32445 23090 26665 17396 28194 27240 6819 7704 14469 8615 32244 16373 31563 16277 27502 33662 4578 7927 16883 27120 19358 14276 30302 4222 29582 8690 4470 37737 10763 10247 22846 1528 26022 29577 24799 32831 38987 4840 26144 14997 36566 21477 35377 37612 34495 33726 10416 32068 20455 21661 4238 34605 4192 37823
22145 2624 12614 4813 7480 25887 7620 6236 4799 6601 30515 401 23193 14731 740 37875 16898 6357 39427 39013 25228 36206 29555 35196 17257 8030 16494 15700 23976 25897 26869 6840 17793 4382 28142 13505 9744 34502 5088 3511 33061 24801 16730 25222 33392 17755 11061 19949 20513 13513 33264 37827 37418 9836 23678 21691 20622 15822 38558 34857 19458 17847 8642 34528 15622 39081 10248 8117 30522 25719 1276 24184 14409 10514 17780 31850 17221 31048 6218 39249 27622 31707 18490 22525 18504 11014 24866 27932 1727 20092 30772 21498 25739 16201 1772 26483 9854 29963 1243 4216 38043 12465 6372 33069 24448 27065 8674 2577 133 2398 29419 39566 29806 9723 4074 30705 4572 14540 21278 5471 5931 23052 37719 10933 33275 26435 19145 22277 5828 23913 31111 1932 17460 15471 14668 5733 8628 7297 33625 3141 30760 9374 11228 33944 33369 26578 7030 14407 679 21970 34684 16518 4677 7897 22270 580 31226 35687 15296 23615 28883 8344 15238 38739 30935 14818 37691 9442 9210 30248 9866 36184 13646 24047 38178 10682 39712 4210 13458 9682 18024 15218 21000 966 23370 23380 33166 35394 20663 36857 21249 5432 1487 13973 28110 19883 28349 8902 19574 260
37948 14443 25870 16792 22175 36863 17697 6232 15020 7492 11082 19982 26086 6503 15566 33959 28570 2595 22633 15271 36261 29441 2647 9179 24642 20101 29001 31464 38885 7136 37558 2727 26576 37706 39673 28714 37502 6748 12322 3155 224 26246 29860 39074 34864 18440 4420 25893 24548 35280 6476 32306 8552 23711 2353 17650 11335 31306 27117 12431 22644 5849 4638 25010 27294 18989 3307 38806 16596 34049 32408 196 29526 19125 20389 34823 9379 36152 27656 36477 31560 36126 12188 36283 92 27211 15751 20627 83 6720 31416 3311 13020 11606 7075 32505 32376 17637 17204 36235 7193 39047 21167 19371 6483 18025 34967 7576 21228 35366 2548 32416 16267 37333 28680 38894 10729 39430 1015 33711 7476 19781 19614 11097 21543 768 23801 14742 35746 21386 11090 3300 33443 36158 22367 6913 29504 31443 26606 22894 26847 30634 11836 38867 31452 11980 15871 10056 14780 33490 18204 23649 10192 8826 28433 35191 34412 14014 5176 1409 22293 16289 34376 26550 9207 8050 25599 14768 16983 39654 37250 12418 567 29920 31930 19012 26441 34405 38004 33382 3202 5988 3114 36738 35650 25585 14399 23886 26458 2721 33358 32690 32540 39039 13585 21942 22252 9999 34202 19208
17210 23933 7095 6926 38632 29430 32246 30929 29036 32905 35989 2676 10491 35391 35472 32181 31942 28244 19047 36516 5166 31301 28137 14244 34587 13443 24098 30263 5179 29103 19692 253 14750 12570 12189 20972 26734 29558 28270 19343 7418 21102 34549 14227 28856 8451 9569 20939 11155 12737 6367 18505 35009 11057 11845 24466 22312 22287 24441 39273 7274 14625 19227 34683 2428 29171 11426 39629 39634 3338 12827 27134 479 3227 493 25009 22353 11316 13530 16966 8283 34454 21173 18954 17038 17203 9578 32871 21272 37776 654 35156 17753 7869 13563 23632 6121 11399 39988 29352 3188 5446 3705 10867 1685 17459 26418 11636 2264 29148 25100 3140 33579 27409 15462 38101 24720 5141 5190 18921 731 20119 26886 28840 38488 35993 8439 25837 12181 27354 29813 16041 6168 19501 16319 15935 12851 1575 33028 18000 20180 25294 2952 22046 4263 29910 29153 35169 19291 31319 9669 4514 9981 34332 7634 6678 9758 2134 12136 33654 10134 19774 35137 11881 29616 39725 9482 31218 1662 26908 29499 10088 39333 35434 7279 37323 28134 33788 26551 7065 12560 35955 25119 29034 23151 30035 3906 35503 17442 35165 28847 15247 18849 14872 25856 34084 10897 5545 29889 39564
16557 12997 31528 4321 24165 14757 21781 36832 406 8211 36526 20487 39801 21103 10925 29514 19907 34749 10062 34095 17128 8703 7192 39977 11437 1227 39541 14638 36814 17139 11204 39487 37249 39473 33545 39848 30812 11665 15131 36578 32631 34926 38865 8708 36770 27400 4035 33874 22324 34059 19644 8263 36482 39052 12696 14701 9958 13447 14422 22713 36321 12062 38864 23523 2901 2402 32157 8255 5044 21863 31636 39200 27393 29099 5406 458 10524 31036 38941 10066 26078 10379 10171 32940 18076 19763 5525 12961 18843 31026 3605 14899 15163 5916 20977 16652 4752 18519 36936 3104 20999 37103 28171 13107 14434 5064 10954 38359 2967 23653 27472 34775 22376 13220 26773 7025 6606 10112 34363 15114 21745 3484 2023 12943 32571 21413 16777 28658 35902 26397 31442 2657 6790 13493 6126 35485 16365 30899 33633 19733 10467 2782 14628 10695 25998 35436 26444 39097 8313 11420 21642 25532 20338 30410 8262 11764 10385 12296 26175 35265 27503 27785 22396 13955 5795 1878 37258 32575 32740 26925 30706 19048 3301 29804 21559 11270 36256 11917 4460 29822 34837 7395 5270 23443 32597 39515 21966 38172 12445 31620 34830 39621 36449 9944 257 8876 22389 18975 2922 32217
28892 4782 36650 14876 4146 25057 10106 27254 18947 21607 36637 34854 1633 35428 18612 10087 2396 17563 33388 3424 19025 25317 30285 11553 15681 13200 12344 16580 25947 21363 27584 16832 37997 28325 28307 15199 27985 33617 36616 20981 36930 7425 31812 25716 860 11757 2628 35804 16549 1799 11213 34300 21495 1754 9169 37748 13718 15360 14417 11065 15937 6393 3798 28608 716 12712 2339 10413 38822 23014 21918 23618 14528 24040 1881 38715 36840 24045 12792 32862 29333 20748 20109 1935 5494 9261 7079 26383 968 5790 33025 7190 11102 25715 16098 35699 27916 36290 2911 19724 5226 9345 35966 25521 7510 19634 22283 16482 37854 28565 144 37030 11243 8592 8528 32721 33997 8259 7306 26583 39866 2193 25710 5181 25048 17174 26784 5484 1106 13994 100 26648 22001 6770 631 30756 31396 36844 3050 3891 26698 14878 11454 36425 24937 1360 34029 11394 12942 12225 26965 6894 29572 7369 472 36186 30555 30360 38517 14824 39019 32857 17976 38623 32389 322 21938 10636 6566 14436 36052 38160 21394 20690 39357 27703 6535 27209 6225 27253 1288 18002 29180 21218 39258 32162 31455 22741 25538 34120 22920 4943 37176 17382 9158 24371 22097 7570 27457 22427
16346 29040 883 3035 4888 33901 29187 10707 37003 37409 15328 35181 5364 20289 21921 3475 28161 32881 15726 27031 10702 5047 39537 24138 36907 10700 9124 11761 35350 23091 1207 24007 6611 1421 33761 33449 14060 20534 7443 14347 8296 15778 169 12444 28255 38034 23935 28174 2822 22874 3081 31952 34814 6841 29254 3427 4185 39375 32467 26743 31789 26333 16 10815 2138 4170 21648 22539 20415 26090 34163 12877 36430 13594 13848 598 15988 36300 8955 23638 20703 10450 20610 11092 33378 5257 37051 26404 36886 5150 18239 17040 12563 22268 32556 3527 35470 13291 9888 39506 19334 8920 27451 21474 17795 30170 5144 9242 19059 11026 1455 29475 384 3012 26929 24719 9534 6263 23320 29478 1509 7804 11053 15920 23517 33201 14912 29745 20091 38588 6631 907 26116 38256 36101 21455 5398 2913 20379 27245 14488 14496 24685 16551 25208 29402 27531 39740 19989 11110 20547 23751 11124 38851 17498 6783 433 32367 22899 35763 4429 36268 21344 13358 7439 25404 31558 38666 7034 39091 3654 39681 34740 30674 36803 32718 18956 3450 16813 24249 18108 35820 9223 33214 19527 5094 39193 21576 5629 2798 25609 26885 25340 9072 767 34890 20727 12159 25054 33407
34617 19778 2392 7518 14663 33651 8882 9022 7548 19122 15408 28526 34818 26064 30565 28867 33485 23662 32706 22061 6283 32865 26388 15047 12828 19021 34448 30229 3477 7386 36732 9934 27441 13337 14087 39182 4262 39300 9226 8953 1800 14646 30585 5714 36336 18396 8794 8880 39997 24015 39126 6780 13830 25822 12125 4826 32020 2765 31970 27144 4461 5128 18318 28012 8616 30819 35199 22004 6555 18772 22258 13815 17536 14324 1967 11738 25030 28792 34109 8305 35939 32874 28749 8743 30744 24943 16849 32067 38240 23476 8721 33927 8605 24917 19993 9767 9353 14177 29435 3404 37261 10808 15982 672 6400 39793 8540 28353 2490 34798 6992 33608 20927 38339 2734 36466 3022 5515 29297 27575 29959 8865 11379 26099 3182 37528 27571 19617 3471 33849 37167 17790 14819 7643 1301 29458 12640 15366 15632 4669 35003 2704 19315 33299 10001 29409 30038 35139 37723 4383 23832 36903 37276 14910 7206 6159 20031 13390 25412 1302 23353 25044 16673 33949 29272 7923 25743 9480 5183 18684 28630 16032 36559 17887 28673 986 28587 35679 1343 16547 37554 2326 1212 32949 8740 350 32255 531 35483 9838 27520 23903 34614 31148 10901 3147 25675 18466 24628 37480
8317 10910 32393 5855 9852 23528 12834 35014 31906 18692 14470 27579 26660 34834 37712 8350 2933 8005 29917 39928 15563 14517 38498 22186 6297 17220 17752 23873 14242 11740 4718 21588 36818 29087 6244 10219 18586 18660 36690 18415 22938 15809 27231 23074 25431 10319 9650 3428 33623 23150 18933 36423 32955 24389 17123 37427 1549 32433 230 18605 21063 11003 17832 6986 31754 7268 6693 21674 26816 32880 28722 17548 11595 24587 12879 577 17455 38446 38609 806 39886 5576 18206 19887 21807 22309 13205 22966 1625 25333 35609 23388 16609 6486 29012 10295 37596 23881 30192 24042 12042 5136 5016 32232 13099 10420 6069 9150 5837 13009 10068 22116 36307 32638 11118 29743 4063 33898 17653 31349 3931 33207 3965 3919 888 6543 23640 14562 56 20643 21744 14421 5476 1477 14918 25680 5350 33831 19173 35610 31046 20239 10773 3593 381 23980 14160 28753 3787 20262 22712 7814 24146 9701 24924 1340 8251 19055 10799 24105 140 7555 39547 3369 34293 19760 31238 17565 13374 8057 30808 4214 24588 12576 26029 27984 5276 19419 36058 8588 10274 16401 24748 27083 9558 1450 23301 30295 15921 23768 3342 31276 17501 20795 1291 245 8123 25762 38343 37076
29237 31074 24731 14243 29058 36188 16523 1037 23930 15056 33259 22156 35288 1064 16302 1104 35987 15012 37738 30797 12375 32395 8619 24648 30351 32084 31100 28367 37452 37099 24398 37800 20196 18353 23779 15442 8842 22736 22002 27442 20016 11298 15352 2516 9945 34377 39026 38030 6776 20909 24101 34295 6635 37070 29365 592 5192 12721 7718 10816 36962 14561 33122 12112 36508 24469 38708 33246 8442 2834 34335 16989 39503 9676 34630 27163 8647 5710 17042 29987 32402 9491 16672 9178 11540 8309 3397 1321 5096 23846 37384 4639 25655 17503 2495 9184 8541 22142 7092 24896 23628 4068 27820 16823 22546 34979 2907 6207 19013 29047 30978 32749 34154 9123 9369 8119 34816 26077 3277 34962 6976 2001 5399 5778 6420 31963 26884 39491 17582 11505 6092 31003 37260 15969 33924 15582 20711 21435 34984 22768 18188 14844 3462 19575 28553 28365 21729 7379 6608 26122 22657 29742 106 9471 145 12088 23076 31210 20358 7778 27138 10967 12524 12806 9940 12372 31364 32795 12411 23679 37448 1857 32693 11233 17462 25820 35070 6071 28249 32945 26893 11724 9530 39885 11545 14086 80 39463 24029 25267 37286 2153 21531 6382 39429 15968 6093 18157 30375 30196
12884 1658 10953 5952 25513 4239 31914 15999 27689 27546 30015 12152 6356 21134 20093 30917 37986 3608 11818 31160 34751 14078 38556 18735 12878 35545 34308 33244 11703 6755 23140 18071 32446 18685 21566 31928 19206 16661 2500 12922 30498 11942 23527 6688 28514 21389 38717 25690 21294 31677 18307 14283 4591 24191 5091 21629 36600 18998 14337 7605 6396 24262 37936 23429 1672 17213 6848 1373 23020 29622 22691 24761 39637 9900 21703 8956 23171 16606 13712 27391 12288 3358 30963 4532 6771 17440 16386 13708 24716 39305 5449 10693 21298 32284 4188 8430 25007 4001 25533 11865 11969 37665 28403 2905 26619 30126 37411 17971 11186 38912 27716 35837 38734 29717 5839 14026 22171 20915 37344 4473 31104 26916 27848 35334 29035 25768 4864 18906 33106 15706 36485 1711 21585 24485 27268 31553 37302 32676 32361 14777 15466 10169 22678 7562 10515 32113 34680 27608 760 18443 11214 36859 34193 9797 30595 23427 39660 9847 18489 4177 32120 6002 30992 1310 32221 22700 25663 29565 30792 17404 20732 34071 8790 26047 31159 37464 5081 8668 19279 39715 33703 22751 38650 23776 26084 37142 6896 4309 32837 8504 4244 25541 1460 2049 24109 29077 12858 2149 39421 5428
26897 35830 8329 20562 20217 31012 14913 10962 1819 26238 24202 14656 24457 12929 19243 32581 3817 26640 9842 28727 25164 38527 8535 7340 7806 30789 37436 33839 12092 19695 3974 29763 29547 17952 24328 21606 3779 28253 24827 33434 26849 18 14018 19977 1863 21766 2317 28290 21015 6899 39479 29125 4733 16036 33626 28443 24580 10143 9793 26778 246 19934 34447 2034 8171 20102 21600 6512 32363 2567 29394 18507 9415 23850 15422 18067 5269 20438 19258 13967 136 17443 969 6739 5796 25140 7692 1324 1913 38155 32268 16840 36369 12796 34386 5472 21952 33770 39992 13989 16865 29158 19563 10969 15194 26541 25884 24259 4788 35412 20615 16666 33273 36478 147 6778 33155 2389 34463 19192 28823 38035 4151 29907 37545 19691 11272 13551 25258 8961 15339 9871 14806 27093 7773 19329 16111 30668 3563 29620 35630 5481 14736 22857 10103 16936 16258 2206 9383 34070 29698 35060 3075 23810 10181 1724 12031 33459 3179 7660 21247 3548 33419 10030 31192 628 14146 37979 29120 25071 37796 38888 22150 23108 6645 38466 29021 39753 13312 27821 38235 14741 36024 22687 13502 12048 5140 22931 3956 5703 24825 15907 14846 6696 14206 3330 37927 27598 34170 697
7836 25465 4228 28978 16015 2796 30988 26839 18236 17458 1076 21345 12768 39338 20373 15011 33595 11114 7730 18809 30966 4443 29580 4255 40 258 29243 14756 1230 35320 17496 20533 38698 38500 18903 12462 15757 33472 15805 37306 16809 31691 29052 5765 29063 2848 8572 9487 26433 14300 9433 26952 11353 31921 2660 19525 24786 35225 26031 38321 38332 26890 17337 17420 24879 38078 2677 29080 37301 19837 30513 9750 5810 17328 31769 21246 9377 10642 21800 24741 26853 24573 31663 4812 22260 23675 38310 13124 11669 32913 7305 23459 34868 36338 25525 32794 38683 13675 33440 29374 8568 28643 14028 14590 39956 22385 23794 2015 32904 783 28574 4607 16811 5097 32161 5228 18381 22701 18428 19096 6618 21194 38002 26251 18454 10615 8118 31196 23259 37754 8159 24480 3265 23173 3091 19072 39484 38522 20670 1762 8787 32233 36942 6090 5187 14220 4729 31700 23950 12936 24219 16128 5272 37101 38026 20258 1581 30003 22617 424 11876 13385 23068 12 39933 21989 221 32906 26794 8511 9572 2989 31040 5095 2075 22333 11405 37734 3513 20418 33476 25360 12253 31746 6507 11307 31087 28320 1342 6571 36517 7124 24462 3852 10863 1176 16624 16296 32943 35776
4877 21159 2189 1917 3408 11017 7986 28777 39416 12852 33414 28030 6321 35124 32576 11723 22065 20933 7908 30741 32601 7211 35879 2853 2763 16193 20029 27917 38880 33539 13909 35051 20949 32266 17506 4933 37121 24337 26559 33493 34325 23437 4574 12865 25939 26750 3644 19162 5853 22358 12772 14329 2204 39455 32672 14208 16930 20049 35145 14609 2044 11995 20630 20725 4962 26342 19641 29730 11346 2819 2489 13326 28294 23136 14158 27428 36134 18747 20620 25123 19067 28972 6341 23463 32679 22875 33721 5852 19661 18201 9215 39877 29286 34552 14002 17909 12328 2887 24137 1361 16976 20619 2229 3524 27869 7166 8074 30972 15084 15652 16639 33532 7391 13674 24875 19824 2737 14771 37983 32807 1872 16525 29793 1594 8224 16252 3411 8954 27033 190 8412 28891 7270 16089 20987 14835 27680 23216 35835 9131 6710 14963 14536 20900 17223 1903 18263 5250 2063 11930 6933 23558 33345 17996 32764 39659 10246 26035 27697 4130 36146 9503 21565 36682 36196 6540 4405 23394 36198 32894 31069 24326 24950 24665 21634 18289 6078 25477 22540 282 15029 3924 38302 36069 15821 12705 27956 19591 6307 16244 2393 31705 27589 7845 1142 2642 32207 35643 36740 35858
16194 5158 13044 26658 33003 2131 30272 23170 26006 20765 7691 4328 4366 11179 12799 37602 36538 7803 13225 14820 773 22839 16022 9059 9017 21836 36551 28477 10641 21923 28328 33958 31508 27613 5673 36939 11521 9662 16575 24155 17943 29244 2896 13767 25387 37481 36843 38494 20898 37898 3000 15316 14068 10607 38667 5283 28613 5637 23149 29517 5493 13006 7877 38583 6345 31213 17083 20033 5402 36075 22051 28829 5657 21210 30888 39269 14286 28927 37253 22098 35004 4557 31797 23000 488 5915 28455 25266 34579 696 1216 35812 23505 35435 13088 13754 24205 32335 28135 4153 15615 688 2870 37371 35480 25688 64 6323 24096 18961 39202 12182 38516 3879 21522 22520 30250 20758 38218 14230 919 23152 14666 32595 16356 1017 35942 266 22841 36529 28693 31915 10348 35222 38833 7486 19086 19790 605 17414 19226 15572 22959 30518 11230 23430 983 22305 11684 24935 16831 27638 38799 320 2347 34720 30688 20252 867 23644 24803 18034 705 13236 8252 24885 35841 21930 22745 23106 14714 28929 34056 22667 6312 8065 33060 3731 6897 39296 24401 2622 14956 11873 38535 32035 8004 34559 34972 37300 1118 2988 7890 24958 36084 487 1279 17876 38859 8363
28725 36166 27952 2416 14119 38615 19756 12056 7373 10512 27124 19347 15804 11839 19322 12038 6359 16725 10866 36327 1050 30213 30996 24317 37467 31856 7296 20589 17344 38348 29933 9598 30661 32486 13105 15875 6791 13837 17142 12306 33525 37946 23342 5618 37947 38804 39270 25863 22218 30648 8579 451 7563 31506 8094 18570 12355 31840 37587 22237 7984 26188 17419 39604 1005 30627 24927 7069 944 9100 5418 38982 2140 27701 4963 27851 33561 10865 24864 8767 33153 12960 17315 7307 27116 37724 36519 35285 32158 13512 29805 25782 6508 24618 24031 11975 10968 4951 11009 31827 26702 6814 6515 21067 14691 4506 31097 37838 32800 30010 2350 12746 17278 20172 32843 26415 22542 33686 12165 17287 28851 9106 7700 38113 14225 19386 25984 25090 4949 23311 32965 39263 101 27647 14010 5766 36555 37204 24144 36543 21577 39256 4258 6405 35672 15035 36014 20919 28986 2105 24404 30149 13155 265 17311 19583 24689 15401 25470 39156 23633 13110 24830 34389 35322 32729 29618 30074 29603 31054 20322 7013 3294 27216 8716 37874 18170 3466 37389 32385 11193 7315 28801 30544 15899 18887 2175 23882 27427 13195 18832 36019 23991 7705 31190 32083 34025 34940 23744 30692
33421 29985 21150 8530 10276 1240 34021 30791 21548 14123 24558 1407 17006 24533 13427 7167 34947 13355 12888 20384 19960 13074 26489 35580 12317 26236 38403 7724 11063 8188 14839 37339 22900 36125 22093 22671 24633 22105 34396 2277 17916 2843 16064 8458 361 33520 3693 24895 22759 15197 22560 20787 18758 28783 9615 6424 8107 440 39218 7039 38454 959 16105 39433 27102 7043 10172 28454 982 28332 34876 21047 36812 32082 20250 4672 36039 15424 28380 35721 20699 35289 37347 6153 343 17029 25173 36693 31478 18261 2724 1953 11588 12597 11368 450 13965 37791 10671 31025 11622 15428 11442 35226 32121 21346 26363 30806 21948 13762 3097 18116 33454 18654 7894 36142 27828 16892 17784 29650 37899 11572 5672 2641 34494 8100 11066 25199 22725 25462 21773 21224 30246 14080 22836 27007 6337 36379 9008 6785 7828 26617 32116 36313 26990 38347 31252 37489 32639 32470 643 20334 38239 5366 18750 28361 17799 4851 34852 30409 25163 7764 39732 13936 17587 4026 32744 11913 4528 1855 12855 19996 16553 25270 8815 20984 23759 20114 31280 32195 1867 12926 36752 2776 19438 4897 34791 2424 20222 3509 30914 31371 16513 17713 14629 32994 19117 5965 5793 24883
24724 26187 979 30686 32049 32471 27815 31681 20448 25799 7009 33725 33114 6186 4725 29205 26157 28341 35305 31768 13193 9520 5514 24428 36387 3238 25248 1053 10831 19062 2306 39880 38474 8356 25755 2216 37911 10131 12946 14730 6639 13764 9002 29768 25607 35641 24190 11107 1683 21517 33723 34536 22599 22134 5738 16388 17620 25944 18850 3394 24612 36890 21954 8198 38050 14797 19286 25252 35730 18191 844 36443 19812 30794 31739 19825 28567 30981 37869 35088 33755 19990 25194 19745 37447 4368 11163 14724 30175 4432 4298 7779 7290 12342 18214 39442 31465 10477 10541 15103 24556 5219 34221 7364 35492 2998 22757 33965 12044 15545 26881 9735 38645 4402 18010 32988 25198 2278 21328 27071 28468 3845 8971 15136 18556 3943 32248 29462 25468 23610 37659 12985 18763 2471 30532 18592 12791 33233 17669 12933 5177 39347 19930 32969 25247 3875 24808 26599 33589 19681 4743 17706 1066 4983 29668 16214 28097 31291 38745 16726 18699 18371 20264 30350 1322 11027 23878 32901 7243 37438 14439 16918 19915 6656 31703 26235 32194 17987 39718 4168 27333 9057 29809 2906 15851 25793 8545 22088 26939 12337 660 9234 9606 8009 26358 35479 5373 17467 10612 23791
16335 26718 34227 23375 17882 2658 7551 901 30261 36926 10587 37172 33200 10979 4491 29159 15205 16515 24767 38686 14892 25698 31367 7153 9492 5860 29149 32172 34380 20598 29167 27721 25865 35756 36139 3092 6065 32618 12368 3326 6554 37074 20021 7813 9732 10886 15440 25201 5638 24275 29523 22910 34390 14773 34571 35807 16605 7375 7606 16501 21963 7219 20612 27775 13859 31091 21450 16000 3136 39185 7591 13721 39102 4059 24715 18630 3596 14935 11941 14364 37047 31733 20132 17375 1598 38444 13595 16216 12397 19690 8828 27492 530 10203 27537 7821 6516 295 17654 11024 21746 33513 22347 24812 181 14549 20498 10976 21001 38283 32819 19678 36597 17786 15122 38228 1517 28571 21658 15942 28689 36651 25608 6850 34481 38971 216 2825 11549 10159 31392 23789 29595 13166 8349 24810 4066 14737 115 25342 161 9593 1179 36856 12751 29852 24574 33432 25725 25391 16560 10357 22362 32409 15461 35115 35785 5762 30683 10882 17320 9642 10965 19955 3526 20519 1055 37820 39670 5480 38628 4343 21446 15549 2234 34350 37626 36685 26605 4900 30876 19847 2783 18338 13885 30957 5038 4454 32273 21586 22071 21341 5706 16527 11577 35024 9096 37766 37237 17007
14740 25069 17751 36974 37764 34621 3744 26092 27668 21307 24494 8676 34016 2835 29268 28167 1945 16611 1906 933 7208 29881 39432 16875 20504 15257 12654 27996 5666 2168 4559 20141 26614 6190 2750 19898 13570 17447 8126 3088 14622 14605 2420 11614 10646 12319 20064 14101 35365 32803 33780 9114 8892 25094 3658 14816 39020 34793 10027 25265 6807 3983 27653 27781 31904 4375 12598 20030 3601 24593 27837 8343 27088 11322 29194 27887 17927 10075 3071 39075 7334 37560 20346 11855 8136 26125 7026 23740 26572 17450 2974 33846 951 36378 5462 23730 26339 11125 19797 12680 16329 25914 15694 9490 20351 5607 26647 15634 35457 10628 7590 5161 28004 10395 25851 14137 3694 9006 28564 28387 17158 6817 10606 27765 2203 13386 341 19598 32064 4075 30314 34737 32686 17532 3722 30719 33834 10387 23911 39781 33133 36362 9218 39807 25773 18955 31145 16255 33610 3819 17452 29570 12308 6082 39084 18324 24647 9955 20961 20130 19512 21411 138 15039 15748 36262 18285 26448 5267 13463 12161 36037 27690 31864 8965 28871 1721 98 11129 22826 30022 24713 12022 21974 36257 14606 25562 22221 14234 20793 8742 30590 5566 39580 28676 10511 36893 20288 23855 8379
20165 30821 4040 9412 15877 18147 29865 35629 24178 19344 9695 27346 30116 4365 27554 18109 18563 33559 32522 14268 4919 36151 24416 38424 21156 18053 37689 1390 1944 20477 23792 14430 4434 1777 21148 17860 17367 7352 18258 31421 39798 21188 22254 18770 19446 3677 9865 37611 7155 36607 17401 27002 10685 12450 38209 33640 29639 33277 32928 9128 9987 28498 38794 23817 25928 11922 8326 9546 28745 31711 16197 13235 23984 28933 6862 34159 29113 6154 16162 14266 20591 18370 2284 24256 21940 7851 26284 4202 26772 5632 32415 689 37155 38843 33196 8943 9132 26302 17567 12648 20526 34418 2159 15300 28423 13475 10817 14429 33009 37816 29842 12993 11726 20618 1564 5880 25917 33120 17179 24601 22923 8824 29733 9920 16502 29044 30937 12935 7160 17260 118 38529 39766 37683 21960 36189 23270 14395 27331 39980 12323 699 506 3491 6701 19520 4622 19911 36448 8321 36367 33115 8457 8879 33747 30700 22463 19064 13758 25291 4224 11687 11350 12464 24484 6827 13464 12250 39409 17705 33140 38831 22862 21403 19994 22079 23719 39684 11440 37361 16822 32071 8407 26062 6260 6167 13144 25612 14073 23767 16516 37016 24414 34241 9667 26256 18498 12830 30593 6347
1742 15180 15009 21195 20417 17990 30076 21182 7631 9678 23786 5178 9080 1459 19780 15369 16280 14205 23661 17917 39111 17826 13097 12075 37641 32317 3830 23057 15832 19225 12180 19306 9982 17877 17370 26585 2506 32484 30766 31412 25433 30880 3686 24815 14647 10427 14994 30682 26019 20893 152 18501 30309 18233 3928 1730 30768 38015 29892 8060 408 13847 29498 18984 690 11692 39214 29313 35466 24365 2332 15481 2129 10948 6083 22780 5695 29183 498 17357 39856 28669 36026 18301 6627 18662 31102 23616 22196 24513 3128 10539 29101 7554 23232 37629 32612 11043 30244 17649 32065 38137 12987 17538 18564 17605 4397 14440 31766 36987 21979 10003 27900 1071 30043 35163 34678 18339 318 27560 12519 29314 8601 16047 2867 27723 17005 29952 9918 24013 3461 11597 6623 16222 176 30906 3865 12585 18176 27810 9459 2109 28064 20932 33381 25000 13925 22710 17490 24944 27047 1862 36072 11149 24041 2376 12315 23477 6309 35407 17113 15569 15695 27066 34493 15696 6101 10676 2666 20514 14608 25778 30703 20315 35490 33063 24563 22083 12775 8558 9094 21387 39469 24566 22120 8853 39450 20536 14132 11511 25738 26106 25402 22271 36562 2553 20005 20858 33162 36472
22912 27772 27101 13434 37938 23032 20336 38991 29608 19404 27734 7394 39966 36459 27122 3996 26071 21536 24562 33260 19663 11581 12845 7042 4302 166 35974 11541 3732 38845 11266 1717 26073 28989 33681 8877 2789 16299 17026 36457 26323 20496 35332 25218 18736 21499 21362 23157 9957 37144 4671 8994 10093 23839 272 30543 6091 5944 8413 14917 21885 12602 3232 23397 887 32406 38827 32465 13112 20636 6472 20123 34178 18949 16967 38913 33387 27187 27114 20920 16072 1999 12026 14384 850 15189 28031 13576 33161 18663 10942 9449 4038 3087 39079 24424 16961 20980 37113 21519 30353 19689 30872 9317 10730 6553 25826 24378 5579 2113 22129 3671 21104 10261 4831 9796 9730 7248 16177 11137 4824 10411 24804 16861 549 7968 18734 1719 6544 14821 6221 11422 38412 22563 33767 3299 7575 21943 13011 20111 39672 19246 22069 23807 27907 16471 14239 32808 32352 36881 23918 31807 27090 9551 21053 10028 8701 33864 24094 33236 38504 29869 32793 25943 12302 1810 26940 22412 2857 17 30162 19697 31253 29970 22523 12043 37092 24964 32604 4564 25996 32094 33384 27384 36864 7370 7745 18792 2535 38985 102 35670 34686 10022 5518 11714 1814 37094 8872 12163
7198 16882 25557 1554 18731 14678 6501 38007 2714 34276 16130 36215 3331 22897 14008 19815 25102 11136 5239 21404 23700 18798 5114 27832 13507 5139 37106 21287 31249 20950 31402 3409 19592 3213 34491 16021 21143 36728 1381 5929 12280 36841 14979 12909 26737 39359 15782 15606 29219 33420 19620 13303 7725 5112 25759 5811 31202 16548 5197 30960 13819 13129 34990 14489 21601 4903 36040 21733 3661 11557 6599 31685 36033 4744 30973 20484 33034 29256 1831 33247 23450 4087 3946 32723 7367 36167 4391 14345 8249 28207 29884 15050 4573 17019 37162 27206 4394 17234 18716 32792 5939 8121 32123 8195 18202 31590 19020 29068 12755 12639 39475 19273 30423 1540 28747 17635 1557 27174 29316 10389 30671 104 39953 23965 22615 18943 9272 14596 19604 38246 9738 17052 34711 35944 24602 13713 35463 27463 32338 36093 24003 30141 21091 33875 10553 16629 39445 15290 8709 7484 6793 35653 18720 23245 6466 30694 9693 17973 25180 17335 33366 27760 2508 12304 11359 36632 10 16676 12766 3949 2909 8395 4852 28712 8800 15617 24837 13078 26304 13184 25019 7513 16948 642 24581 33973 39154 29089 19484 1148 38107 10943 15855 14288 17372 5548 13348 10081 26742 7434
12904 19836 10405 23508 2762 9153 5597 35257 25869 10380 37117 28839 2413 28739 18536 30721 29840 14509 33340 6266 21868 23105 4450 2130 8016 16352 34251 16804 23560 18139 32223 5612 16916 9125 39077 7210 19528 595 10241 5469 29785 28928 21481 34174 21597 38340 31057 12518 15184 15830 34504 8013 15420 32968 29400 14197 18847 13919 34955 26205 19198 13534 8405 27196 20329 13652 30825 20207 4866 16119 13370 27178 22058 28826 18195 212 27381 22847 962 5553 12572 10705 39058 13098 33735 37907 5975 6923 26429 10645 4094 37578 4315 39799 9831 21335 24128 27098 30093 37479 34333 39490 31029 11229 5452 28967 25365 12669 21624 32558 36245 12413 1144 32494 39600 14386 35451 19938 16650 4497 12285 2305 16839 34037 16833 26075 27545 27315 1030 27158 39675 15298 19000 36714 12950 26265 19804 5442 26421 26334 7720 8462 14852 25047 8077 35532 18059 67 31717 27394 19150 3749 32545 22301 16573 21765 39583 39745 10089 12138 20503 902 1551 20485 18404 36440 10149 39878 17233 19107 33188 32570 32629 1702 6200 24559 34987 21877 30558 686 5947 10470 18587 10661 36095 17745 27062 5682 453 21277 12284 9051 1783 25665 28236 39123 35573 21659 2141 38459
38080 13264 18006 10892 27044 13640 16853 7209 3236 36587 28785 1174 16195 664 33810 29623 20538 12896 21409 39089 39414 1033 15415 5430 22033 2983 24332 2513 34778 39733 644 8689 5464 23607 39229 1171 464 6915 23011 25526 15416 15326 154 32127 2710 31600 9314 32323 18889 15069 17672 35800 25885 31430 28262 21888 28327 31780 14865 4144 22840 11141 23054 6798 21515 2882 2885 37681 7753 36534 954 14031 3721 8386 38326 29253 19557 2810 20531 6677 27421 34581 32444 12970 22567 32702 9802 18894 24321 4879 37580 20510 24235 20587 24243 19342 24783 35473 32767 26592 28204 3569 12047 3400 5739 21338 16504 20170 27743 6669 6918 20774 18915 12893 32098 9562 37156 6022 33647 10853 36001 35098 8453 1332 23055 13917 3660 29944 17805 23045 34398 18789 34672 27271 9036 9012 22952 11074 20921 10071 1119 17277 5678 11381 21132 31141 6127 25357 1577 11867 4106 23099 18565 24828 15537 18430 34020 33905 22561 38714 32134 38389 31971 5266 37412 19762 27438 15270 27295 35977 11733 23686 20450 25809 30411 5468 29841 19740 32933 39071 28748 32628 33098 18083 11615 12688 22661 31149 30381 10934 37728 3510 9236 50 11132 25127 36094 27879 38512 22693
37114 34785 4741 25262 24662 25176 37417 35918 36855 21625 35754 38296 22441 35126 6641 13707 32562 15630 23627 25167 19831 15963 12644 27994 6612 21437 11162 27424 37314 23168 23001 1946 5713 17151 8098 16069 36099 11462 4427 22199 6620 30105 10652 34865 36917 35029 3612 29301 37959 22628 11947 8214 27774 4804 10154 4085 5384 10744 11712 4097 15645 27604 28952 24860 9293 14961 36990 588 39291 29850 3481 29549 30753 35471 39653 10743 26535 17764 9610 17893 36683 16651 26506 20337 1341 4205 16017 3315 37882 24299 16364 29849 18424 16654 4395 39680 31721 15560 21951 21428 14620 5917 37296 19776 21537 20359 20585 30082 37077 3536 39275 35863 29020 34009 15064 22458 9500 18690 34065 1077 2541 17466 33873 38921 9420 16709 1254 39918 22830 30890 5750 25130 22898 28934 13147 11133 34543 22985 17148 35817 6193 39437 37644 31901 20071 2766 10873 18878 32080 35576 611 6909 25972 15732 35654 23104 38122 23983 17757 31264 24070 37453 27270 25794 15686 22721 34822 26141 21977 26368 16395 14371 38395 24769 37894 31833 22972 11048 37934 11184 5768 11544 26136 8170 7502 25661 10917 1357 39614 393 25408 27640 39697 21357 956 32327 8144 36771 17962 23414
17870 36173 9298 21702 4327 36401 9129 21252 13243 3664 20218 37610 20872 8132 9851 8645 9318 34436 34166 36883 20689 34003 31821 10055 6320 12440 35682 19884 8609 28543 22467 31171 34210 37593 1125 21005 26283 9760 12528 39663 6026 29327 26722 418 22397 18719 25175 35123 18174 11018 16487 12287 29437 2941 35661 9019 3061 15090 35912 23298 38490 18580 7990 11480 25637 39722 35376 7610 2864 11472 4241 7185 31852 7989 15522 13282 36656 29175 28770 11477 21569 37567 34331 15938 28787 1384 1262 16183 22524 29362 766 6073 11503 38891 35315 22291 14355 18767 27923 21620 4334 36090 27283 6461 29188 8015 21579 30998 15372 2563 28535 22249 32398 36238 2073 24034 24854 38847 87 25046 14368 4762 33218 17521 31292 6875 13641 35345 32401 15562 34710 2360 3793 557 29309 6743 20246 1688 21162 18110 25149 27922 10361 13027 13262 21816 11094 37952 33744 21303 21996 26479 5099 31832 5731 28306 29463 24800 30509 31314 10809 5968 156 10118 34462 16005 12145 1405 33833 36065 16607 5734 16351 4254 7543 31268 3839 34042 3788 16867 17817 23383 28538 21716 16476 10745 22159 28721 235 20694 15754 39913 22162 27844 25461 20606 33138 14947 36953 15226
36455 3407 27355 10525 17136 11763 7999 9159 23958 29196 17928 1272 17902 24772 9499 39308 17854 30743 26051 13632 38749 22278 3853 22087 27866 27239 9501 35874 22310 19660 39152 9818 2371 23714 24773 33234 5487 14379 25500 21714 2844 31022 14172 29391 23824 31502 4815 13676 38223 33046 17387 9411 20433 4147 25363 25230 33560 39478 15887 29848 5265 13224 26376 6275 5 27363 32230 30235 9953 19886 2881 3655 21855 8059 9786 18256 35453 20278 31922 21032 4030 7732 22786 31248 4856 19299 12823 15355 19937 3523 14255 16410 7449 18902 30042 5135 9680 1649 24392 31287 20968 23457 38634 35997 19514 30086 22794 12339 20934 37277 19436 22921 34172 8227 2293 12864 32553 29950 29613 26747 27662 31328 15517 16184 841 757 28104 14704 8253 8748 25348 14640 29911 37721 26756 8102 24039 18627 14463 11011 36317 24520 1708 32243 4707 23749 33955 10624 28508 38823 8524 25303 30676 35875 23494 6838 38705 29581 27043 37309 23601 11341 2942 4967 20240 1632 26880 14877 16857 26863 10436 9109 12821 4299 39112 13246 5590 31533 17080 17154 3804 16819 6665 27077 529 12293 7224 4904 13672 33830 2534 39377 8822 31316 31344 27224 2094 16874 7247 38612
12267 16955 8489 20106 22943 21712 32715 9536 7549 11052 20667 13866 27183 9658 12784 26696 32235 244 7913 23849 9409 17238 26533 36432 5517 33920 13742 35801 1092 17831 12566 6114 22581 16422 36900 11410 1622 10464 12684 22636 8856 26608 18294 39852 23799 8602 6683 32644 36769 12369 11038 15173 37965 12992 3037 30684 5709 11542 12000 19218 27840 24898 37588 39656 25076 4329 36108 14857 29038 16025 32585 25089 11772 25857 36726 27446 38900 8225 15571 15278 23475 37165 35886 9279 31667 17844 29647 22727 26083 34006 8275 31318 8939 8288 12470 17227 18579 3340 9394 27483 4123 12547 30715 10009 5572 26301 24425 10382 11039 29247 35308 3130 35149 2638 19024 19539 31286 27307 17241 36390 10879 11377 38081 22873 12060 2849 31265 38642 3882 28059 26227 34788 37498 1949 15739 37702 34746 6056 18374 12077 39810 473 21546 33208 20616 13985 32493 37181 6930 12090 16219 25930 19175 36525 23979 20382 34724 39754 25757 37994 38579 11949 34424 25483 16868 24081 39234 37465 31203 9935 13951 10412 2181 5019 31696 21505 4935 36548 29783 4560 9951 19369 4407 22366 12383 17001 14201 10164 5408 11099 28002 24335 7228 24090 34114 15321 20775 10518 10004 278
8452 10343 25638 24354 20902 27580 31450 17944 18039 14812 1880 1954 37759 6242 11089 25642 4086 1498 27755 34908 34498 20511 19901 22466 1739 31106 26427 36123 33695 22035 31692 950 13469 24636 13995 34722 24579 25055 26588 3248 10353 1186 27746 10843 33564 20488 23471 10521 30061 10102 20069 26543 4345 17209 11432 24906 11760 34913 13514 25088 29666 173 28992 5887 14687 16361 8402 14410 6494 4010 22359 32543 15076 25148 1835 33954 12419 16265 37130 10981 1431 25319 35049 14024 39051 14157 30454 38108 22216 22434 18426 4062 23240 36506 21465 18362 25658 3467 39632 32155 33331 35703 15329 23852 38793 6759 22968 31944 23188 29693 10946 20899 34148 38011 39470 434 31339 23460 5294 13158 30804 26991 9837 21412 39447 13100 12649 11145 23164 7825 20520 5571 34776 578 21235 35198 37808 11884 30680 12439 6325 38805 38089 16131 24353 34076 763 14568 14721 9222 11121 35838 25087 17017 26549 16747 16552 37318 16168 26988 38838 18867 186 34664 35631 30366 30171 11331 17178 14059 28211 18074 21129 9613 2273 26192 178 31631 33768 9880 1606 31619 33107 27107 29392 13783 10990 34422 28736 38673 11707 34896 17833 2617 7833 21611 965 27454 12084 28540
11657 6485 24168 4728 3542 3286 13807 7430 29450 39402 2659 32577 28763 10987 36630 1354 29308 29960 31497 15960 27646 13060 31848 5532 17731 18973 12061 8544 36618 4740 10250 7403 11466 8044 7654 14850 27979 20693 12713 38746 10281 39827 27404 23369 13680 27106 14632 9867 26705 14001 7304 7221 37976 29575 9727 19860 13002 39306 31049 21227 19189 4196 39800 20493 9093 32782 12959 135 32022 34899 25225 34190 32149 14593 29325 4675 30495 7589 765 36708 30771 19249 18079 7600 19554 2179 16841 32801 38909 10864 4401 21078 30550 7272 38800 2868 11415 21995 8095 26058 36412 16120 3199 27804 6450 34066 31321 36789 2106 7140 14249 8795 39735 35540 35921 7696 20272 23888 13969 24897 1452 12435 8637 20923 4584 19608 30447 30440 3603 14481 14763 7781 7157 23859 16269 9211 21953 359 6441 5200 17002 13536 16480 30826 12804 11289 35219 15662 23599 19957 5297 18509 9547 39241 32040 15027 31625 26926 8207 13007 16682 13251 25780 12754 23639 26343 8799 874 10434 27152 8019 14085 30233 17384 13275 9371 30818 34780 4331 33367 10995 20799 30057 5459 17451 26979 2929 26797 34161 2608 28404 7077 38601 16285 24050 12810 16702 7614 24802 17668
32176 32956 19874 9016 19853 1463 27556 22692 8600 26683 34342 16051 11431 30104 22038 26757 19403 9083 23184 22576 30603 34246 8727 36025 14586 8506 20013 1295 2037 24730 21147 8710 22984 4182 24606 15490 24057 30617 26328 27538 7383 36989 38234 29879 17647 3748 19709 7566 17542 3656 14527 39505 22405 26211 26953 17070 20422 28102 7599 10485 25014 26879 32245 4549 21049 25150 38248 18613 15523 26641 22490 8888 34806 12240 11452 22519 30930 32106 27745 11195 23 38542 5104 5698 15340 9681 15898 8265 29291 32966 30496 27171 24619 12120 5902 28685 8733 27495 23626 18940 30639 22616 16500 6456 26910 38644 15211 33868 3723 7789 28981 23473 21681 39769 37636 3584 31068 12710 9489 26045 4438 11069 33851 19410 20887 3504 36027 12711 4474 14472 35065 14199 12203 35695 1387 32572 36493 27319 6531 13695 7856 28362 16349 12030 624 21040 12389 11232 4619 15680 35050 1088 17150 16563 3562 19652 4486 6120 5075 27681 19327 17544 27968 10127 38605 422 22379 8362 25553 20128 32397 24519 4012 35422 7256 24174 25227 39984 9206 10006 10121 15651 26280 5771 24189 3492 5443 36036 32680 1267 39262 32078 22022 17215 4971 3797 12774 22785 33762 28862
20267 26874 4399 25491 14460 6936 7357 9787 8523 27287 36105 17953 22497 16298 25040 33809 25908 19649 6182 11570 35797 37002 17570 26995 14926 18830 3445 22027 37740 8631 2742 27678 725 22511 12410 23358 31839 33014 6261 11812 27587 33700 5623 5728 14775 38536 9549 26501 28752 1637 4899 34851 23069 11025 31573 8981 18280 2794 19388 28482 38950 37663 17963 2912 8471 14903 10501 28018 270 20779 15092 6545 10801 12952 1825 35662 39272 9748 11875 27203 28041 27417 15668 3208 12175 18863 16866 18361 9081 22480 25687 37848 30336 20580 11023 36474 4730 25301 28476 36660 11990 11016 12045 2597 17156 36414 4798 39903 29229 1491 33049 20505 15088 39160 34971 4708 26359 4220 33238 15561 11389 38096 14967 5820 37565 28956 1414 27488 6231 3685 12720 6956 14465 19194 14134 32779 15474 7421 34219 30313 10315 32981 38313 21429 35557 22932 4361 7690 31770 11720 38783 33554 5705 18760 14571 30533 19906 19186 10617 7220 4745 26610 28045 29307 19777 5845 20155 6074 11224 28370 31014 18599 29480 24381 24596 15631 22722 16499 5842 23360 38213 7218 2923 712 29704 21378 26132 12586 13211 13392 2359 4342 27009 19109 2851 36670 16514 31414 2556 4336
33823 33077 6118 3039 27841 36713 37311 993 22037 33097 39865 37672 15324 2338 30312 6210 14135 1628 17190 8508 31990 8176 33569 31668 9514 9385 39057 5918 8640 9622 36518 15109 32024 11380 20922 1229 8747 19596 999 3102 5611 14353 7556 2322 11923 36498 28472 33688 35948 34139 28878 34800 16233 4187 29490 15159 16922 20459 7416 19889 21886 35459 1619 35968 8537 13943 33074 16427 4135 25157 10639 38055 3775 37325 35564 21958 11789 31138 26317 9996 1892 21669 14758 22991 33220 16570 22896 32096 7435 23909 24502 39196 37982 15580 27953 19601 29990 16645 8226 33261 25376 23018 30856 898 22041 1590 38613 6816 10194 14405 25509 6009 11667 29251 17896 3818 15820 38669 24023 34882 3211 15266 4545 28205 20047 11601 30380 18088 28439 7252 35762 29723 9260 5844 29948 10356 20079 38033 23453 10819 35233 18321 31158 23123 13354 31571 25916 36878 37844 36705 15524 28890 39298 1828 16799 16917 2400 11641 27364 28272 10792 20145 39018 10768 10921 1164 33483 23431 4064 39271 5427 19630 904 20746 586 17085 12468 8677 39420 14900 36817 6829 31652 4120 27128 5777 29009 34867 7053 31167 6106 23217 26854 30296 30886 36899 11340 536 2418 6804
23389 34815 30047 29726 17474 15128 28583 25980 36542 21612 34970 10224 38404 27747 37583 33672 21044 1899 15605 7713 11247 25021 16949 11944 3743 22111 19916 26933 10659 19168 11451 1140 39460 2090 12331 20442 27910 15626 38105 24093 18119 11755 32705 23114 30810 37391 22648 10124 39864 28845 28606 34074 31341 18129 32062 37396 20537 15269 37926 16176 29075 1844 899 36136 25184 32614 30412 36684 26845 3360 28221 24270 10150 7444 9266 13740 31941 11727 36185 16878 31682 24367 16058 12606 17945 39617 38890 33337 309 12616 24241 19544 38700 16755 8221 2358 13924 2289 25606 37649 15656 2939 4678 35773 32013 39936 17642 30820 11771 53 1981 10013 36489 16435 27322 36263 18609 39924 20104 4036 22085 37529 34533 10401 22838 19981 20367 9156 12788 875 7165 21593 11843 13077 20691 7959 32920 10724 20664 14021 3313 28585 26027 33813 15021 7517 29714 28666 486 29716 3426 34927 38023 4211 29839 34292 39405 39439 8341 37537 23440 24186 22313 4444 34090 30127 20572 21994 27248 12053 12299 22408 6997 29166 32796 11821 23126 36999 37941 21675 37524 35619 27724 3131 26667 1195 22207 11264 16941 30854 3362 14181 24192 8964 32606 14898 14491 37187 32907 38409
8180 12279 39497 31031 20179 20563 8359 1457 28642 38427 25400 15530 13820 38349 20269 30365 29746 5745 16958 4846 1876 13180 36849 8725 18126 3334 22568 20827 30696 16903 15707 7171 5371 30511 8916 7870 39639 24684 16965 36005 12271 29231 23297 4277 13839 8889 3990 18631 34627 20060 24377 10051 6416 14547 10905 20545 33058 30163 32101 23820 18700 6397 4181 13821 21399 9358 30523 4737 37544 4920 8291 21276 25245 4821 10821 11897 13657 11532 30148 1080 16987 34075 19257 1994 25495 7498 8189 2787 4917 5885 4067 5263 36773 28348 29799 10740 10189 26382 21171 30040 6329 25254 32745 24609 936 30848 18132 558 30991 10002 17425 25673 35760 26325 33313 17208 19754 165 28479 27510 32521 9507 34977 26997 24829 1617 20857 39942 5630 10200 33429 28681 28065 12016 25152 30133 15699 21944 15453 2585 22056 35495 6239 29277 13430 25789 34253 15032 2525 30178 2017 31572 14454 12928 11292 1860 12907 22935 30241 30344 941 8705 14879 31302 11482 38445 10893 31357 28724 22755 23310 21177 27902 30169 31490 21222 31385 2098 35649 4862 34869 14612 6292 7586 22185 15780 14790 2042 24228 23452 27836 21587 37955 6874 1798 36628 39601 23588 9601 39032
31475 29617 1155 1039 28395 11334 9140 3116 9769 9364 39710 27228 16662 26145 2673 263 2419 30540 23202 8006 29590 12370 32099 20273 29645 20529 18791 9076 17069 38022 8607 3041 21617 14032 33534 7083 23061 29003 5506 25414 24415 463 11938 1580 1629 2643 25539 20471 16163 37403 36598 32204 6049 28427 425 7021 27410 23059 20003 12312 17516 34858 18981 9734 4337 897 37676 21799 16225 12902 12333 38712 4457 26080 37877 28224 2850 37556 31476 28278 10045 20139 6886 6943 421 35829 29220 8447 27092 34017 29227 18382 36629 5403 19016 8027 19849 2992 22646 6654 21653 1350 27860 18774 29465 27112 35127 37304 34526 15190 33783 17708 27973 16178 28501 2990 38458 23130 14643 15231 22708 36023 1168 39899 27540 29177 6777 11324 26820 5659 8562 37482 3940 20985 33605 16232 24266 33740 15396 6365 33936 2944 34315 10610 13968 9060 24072 23593 27220 24370 1525 29765 1285 18811 26593 27151 34273 1830 35359 11098 14309 11202 33502 2518 33113 30051 13324 15836 26310 4646 33717 26716 20270 36716 15106 9516 10007 31230 34312 29300 30025 21281 11095 4028 29189 24486 30870 7767 34943 23895 27805 10078 6429 6853 3058 1059 13194 27574 35259 30740
1101 3413 23656 14349 18014 18820 24330 781 37348 29340 17118 13296 17714 3662 18082 7953 11148 27619 29379 17675 7089 25419 3295 39227 25243 34199 37775 18044 34047 10120 30620 18994 9435 34648 1023 20632 8754 39737 33466 34187 16419 9626 27957 9702 24978 14149 30230 2038 6473 30459 22446 34489 37183 17632 31481 9718 30663 25031 4464 4490 23635 25250 29846 26299 713 11282 18929 31586 4054 39053 24121 13346 30481 7910 8298 25855 27244 19881 13504 20540 15752 25082 26504 14034 5086 28786 19716 31343 20710 25397 12425 7479 304 38100 30778 35565 18671 34500 17107 32034 38640 17974 2897 28409 28 34180 18694 8998 22513 11192 13720 31387 16643 24451 37525 31521 9604 32805 10267 18753 29321 2452 31143 70 30584 21727 6702 58 26627 18003 39994 2496 17783 14219 30667 38307 8992 26877 34907 25578 2554 2824 37473 30631 19779 8297 33086 34077 12832 23179 32051 33101 35246 32169 2468 14320 21598 14927 8936 34089 25564 23611 39082 32879 11919 26948 23294 19509 14886 19453 33274 30135 8200 13906 5760 8911 17492 37134 21563 24242 37548 15267 3332 28915 30572 8368 32758 13106 35979 3283 27188 7412 8160 14269 18709 12290 23483 27129 22909 25134
33731 30355 35418 19003 16908 30887 30021 13468 12115 1284 8112 15094 5207 33185 6650 25444 24615 22618 18041 11117 38354 21347 25374 32967 12674 28699 20279 38293 29398 17188 39220 11662 32166 20360 3617 9841 4999 26063 4882 20874 28617 7496 2375 6747 19376 15797 12645 4243 33706 23402 5093 19455 14887 12027 13671 1435 21279 12580 39024 17702 2270 1250 36834 3138 19715 19058 37375 27352 28257 15640 8776 24891 11535 19422 32882 34923 20212 37265 31526 6138 7262 19090 16891 5253 32711 8150 33811 4577 13095 28178 32257 32300 14988 16926 19462 25203 9221 32519 14415 32828 32441 20755 1065 8383 17820 5893 30306 6110 39912 22042 6052 23647 10493 35264 791 38152 10083 34654 39118 21705 36399 28918 30174 45 14331 6518 15260 32469 7377 14282 31932 21206 39124 26324 23346 17508 6552 27448 19191 22526 24765 23645 14391 30354 28062 26105 10292 16271 22789 22811 27030 3699 20327 4233 37330 30037 17666 13626 27582 14631 33710 15214 5058 28843 38731 8512 29685 6254 1532 12656 39761 29230 16070 36213 38795 29766 30568 3320 1079 29494 26561 37802 27395 20096 29284 31260 7365 13053 6224 2692 32030 27056 14299 8643 22609 36757 19114 8078 37019 20625
5979 32278 30159 9783 17262 38090 13590 36318 7055 20721 6324 13959 10210 11123 24497 2225 22028 8061 35933 35533 28756 22731 9126 28473 32580 30611 23063 36735 32975 29775 18977 23290 34702 20644 9020 33464 23757 31224 2021 27486 28953 25825 7533 7564 30206 7971 30026 26846 30520 13751 23952 35644 413 25006 11574 13153 5412 28954 14435 4651 37542 20380 25455 22606 28099 30090 14045 37865 31454 11245 35291 1576 38510 26375 13439 32760 19029 36594 20594 24649 4939 28536 32534 38091 31898 330 9923 10008 11634 37084 30317 16717 24953 39570 2753 32378 35509 26499 13621 30619 35652 412 25282 3390 7763 15013 11423 33567 36051 4976 8940 6662 12761 1713 17347 22361 20095 7468 10584 38463 38025 36744 9844 7348 25697 1052 11152 13133 20609 1973 12234 16738 20651 23160 12033 19081 32640 8830 35142 16851 26318 11326 29574 3909 1938 5921 34453 4575 7534 23925 25797 32466 12778 12230 11872 35623 10141 24460 5564 24127 19555 17718 12559 32627 10165 13087 28638 9533 33503 2299 34263 36635 10596 3395 28448 2334 5594 12086 2384 35342 24870 37889 734 909 29224 30946 5050 7993 32647 21561 31738 11244 35815 12237 37690 27399 22663 29658 33917 11568
18562 18533 3986 33479 31579 10426 12294 12513 3591 27110 36611 20566 31093 20913 38994 33126 17656 25605 35980 34964 29343 34096 22418 8241 39917 27256 12200 11632 32809 2455 32520 8175 32190 9062 6166 23981 36009 3125 11251 12594 26957 26345 7174 8593 26154 10206 3715 29854 17989 28196 18963 36804 10880 6030 1846 24244 30128 32200 34194 3497 33666 38457 32776 4542 18346 38386 24530 33912 11439 6223 35158 25189 31616 10042 7448 29817 35027 17543 9024 18670 10275 37549 24694 17978 13249 14350 2464 9177 985 26693 25616 5040 13302 3412 37993 7046 20647 34523 17146 15223 21388 29989 5691 18841 9906 28572 32781 31383 9395 12745 23747 1202 26557 7385 38144 11866 17999 28531 34195 17885 4253 36545 12179 23267 39301 26202 13907 31926 38855 32785 217 24766 16768 2956 26355 1462 9061 20018 26120 33871 23307 38769 22024 13042 30645 23244 31470 16153 35000 39677 15539 9775 6124 25682 16399 8075 12356 18417 21304 16565 9099 9488 1776 25938 33149 33657 14860 37954 31662 11103 15784 37216 39150 19727 9127 7652 19852 23341 21756 34387 32216 15063 26249 5305 24981 6188 10240 35333 23120 3537 38117 23866 24154 16331 6 2609 39546 33183 36944 2562
23788 26201 4663 6572 18749 14980 20058 12596 3724 512 35959 33799 38212 13643 38460 20824 16593 19854 21572 14452 24845 7661 33938 28019 5605 28264 33773 1166 29432 26456 12622 2385 14964 7664 39178 38637 9741 25711 9719 35931 9477 9742 8274 26340 10032 30502 1365 24540 5982 35323 17600 1163 29375 31488 24053 14052 2221 11391 38992 35868 34406 33231 16317 33143 22375 24356 6142 39379 19638 15000 39260 34364 2115 18582 17796 26093 13170 12242 19890 31217 7784 27402 36061 33911 223 38229 31972 30747 15288 35113 30918 872 25573 18778 16835 11677 6046 26793 17145 1201 24547 6155 16450 25389 22460 25406 5230 32569 24000 17481 29312 34064 24507 15800 13197 12259 5063 15074 35865 13032 3914 39534 18881 24166 30713 2980 6036 383 38621 9563 35700 19929 7527 30203 28661 21813 21853 29292 33807 9107 27649 25255 9021 25334 13669 8958 13150 27057 6045 14224 19398 24974 37582 8807 2938 24989 32146 4643 8163 8039 6246 13605 38042 19795 9969 21828 24555 20695 22536 23961 24132 24561 33528 11860 4318 24928 30168 7945 34887 25368 4324 30346 20444 39982 3927 22804 16328 15756 21582 16211 20053 14805 11119 7917 18541 11625 21981 23115 17035 5003
13453 28940 34656 19867 21264 5736 30736 7100 19147 9238 36127 18403 3546 26888 9985 25951 24277 7515 10233 19250 9703 39440 31557 28584 33465 37064 3451 2968 1197 2755 34767 32839 9361 3977 2720 35159 14193 12473 750 30361 22554 25676 22802 21012 29322 37707 6636 32588 7648 34015 29915 14507 7936 25115 21619 8546 2002 36606 14674 704 4166 25109 20896 17769 7019 14117 1987 5174 10222 3217 4230 5838 30754 36200 34476 4754 16398 24575 25859 19578 19235 12919 2342 28825 34613 18279 19743 17162 18043 18771 12258 1437 9631 32750 9023 37538 32777 13997 31507 17021 30875 37433 10249 10508 29104 12951 26396 17725 1162 21050 13067 3454 19263 24821 20728 18414 5624 8655 8560 14333 22482 33690 38594 15837 27773 38288 19529 32103 24550 18138 11783 26581 38032 6597 39549 19298 18583 20349 21497 5223 25279 35702 24708 8247 18172 33866 21029 13300 18130 27105 8904 2167 18046 29675 13039 25423 2812 23804 35193 25132 35383 34274 33618 21289 3575 12962 36341 3115 37746 36570 409 35227 7719 7807 18244 11002 34799 15120 29195 18266 28381 10532 15081 13658 1507 20894 22339 27305 20655 12632 18390 23781 39385 3499 25728 36361 26651 38503 29345 13992
38465 3757 36969 13727 32427 32544 3105 20688 1660 30160 15573 1749 914 33544 30112 7629 7216 30205 18375 707 509 12611 25058 11211 4305 29856 33707 13709 23659 34314 36227 10230 23956 13638 25093 23493 14278 6481 10197 9961 11220 21306 24287 36366 28092 15747 19569 29533 30784 17859 34168 16759 31567 19720 35298 7817 5674 39671 6304 2736 34185 8774 9715 13945 19311 1089 19097 24552 27578 26851 30323 37850 27434 24793 24419 37209 35951 36836 5404 36869 14191 3064 1347 35119 19007 21027 23024 15227 18525 25909 15286 15357 9672 5928 1149 28200 18598 23535 4377 25478 492 31066 34107 16714 3881 4936 26735 19522 5827 36410 38934 31453 21730 30348 38922 10336 28321 22223 24002 20819 30176 33971 7351 7772 33000 19413 14792 29204 22016 7903 15427 4841 18776 34595 15145 28323 24489 36145 832 8020 39557 11010 1984 16190 39592 22107 28251 21732 28087 5621 37401 37357 29274 37349 11798 14518 36951 6934 16870 22986 6257 3992 33705 12070 28160 17734 16377 30480 27789 23968 28707 27664 5889 29886 36314 17448 1245 3663 13448 36730 21124 15096 25105 38129 10510 27935 11500 9053 21007 2949 37388 13363 37749 7459 37968 39999 37540 7627 34427 28813
25320 26387 1555 34198 8242 23404 28603 32677 36809 32762 12872 21920 18748 24781 25350 38344 22484 3920 7130 7238 28835 35960 13397 31763 10029 9190 36419 32890 8852 11784 4456 14192 17559 10225 8029 5483 39545 3938 21900 22859 2996 37630 28434 28011 10041 27962 23796 10909 27692 827 35497 29022 1067 2650 36720 6832 3880 34465 16890 18412 31207 7805 3020 30255 34765 19951 3273 19973 693 4911 29614 29602 33953 13918 37661 4645 22371 4511 37699 7951 3156 33983 26498 8942 2480 34414 26169 32866 37372 4494 9111 30247 30599 1865 12913 10043 18027 25193 19603 20140 38791 27585 22670 4988 12977 16024 30259 34843 1733 27123 30321 718 38908 19473 36666 25560 32958 2943 34545 35896 25977 10077 16235 14275 37985 29059 38709 13684 3359 30799 34205 3233 37322 39239 13926 29519 24387 11246 18441 9253 14579 1091 14524 7846 34626 30023 27762 27159 27490 28261 3607 4316 38315 20785 9708 13328 13394 11579 30210 367 3379 28127 30319 12916 27103 30505 36076 15671 9386 14152 405 24931 30601 9754 9432 36284 24027 3216 25771 16980 38808 29207 23953 12880 39134 3573 4417 39576 39253 30304 28193 25574 9756 18098 35108 14538 21425 23227 2811 17537
39791 21925 28691 5291 24291 31157 26459 36347 16959 34203 11255 25484 12800 10662 37615 25388 23949 17828 25783 18971 34352 18383 33478 35045 9306 10148 10050 28708 34782 28246 7488 33696 18554 6298 23603 32292 24336 30517 22391 11384 25572 150 35189 7495 22194 4352 4430 12173 7657 22933 29713 8222 11435 20323 17093 33979 22166 20391 26096 22464 12414 30460 7310 4507 18833 23926 20649 13731 12692 21887 20219 27461 11455 6255 24663 26152 3223 25065 20480 6630 3808 20282 16447 20956 17931 7940 26856 7943 3714 14351 34354 29128 14015 31267 22543 24652 28296 6948 34031 19839 1349 38629 8358 2056 36311 32983 39544 15590 39471 517 15044 28765 19965 22168 10394 23580 24778 16568 8700 23496 5789 26552 21589 28292 35058 2590 36892 10780 34515 10119 560 14110 19033 20988 26900 7257 9456 31052 6860 1433 36427 37651 33327 35511 11332 19155 21639 11495 30904 25215 5172 3417 28852 39771 13934 18173 25099 7839 28233 28279 17011 16942 19845 7777 7938 729 30871 12785 21805 5675 14143 37239 39777 35553 391 23182 31664 21524 37262 30560 14511 27530 24553 6360 18308 23391 14814 26730 15279 11470 34407 2632 21136 31753 29216 22620 36646 113 5396 15158
3535 7349 5948 5761 21157 37655 9389 26901 17531 6831 7134 39467 20205 33039 11370 34840 398 5368 8863 30813 8694 25839 7669 37886 34356 34895 9309 31053 27166 37495 20235 25633 34582 23085 14232 31911 22238 7064 38251 3118 36687 31211 35484 28486 10890 22121 9605 10288 20068 175 12786 20697 15738 15138 4670 20308 4426 19217 25144 28555 25982 13446 8897 31156 6216 15419 30702 25438 36798 4005 28363 9907 24117 2046 283 30723 18730 3341 32714 19275 9892 36755 31011 24478 7820 35313 33660 12584 17471 18185 21980 23316 24912 8833 24239 11290 32130 3144 20739 6768 23401 7650 6726 9321 21320 23985 36749 5437 22010 20475 38569 960 19561 13189 12226 34891 24036 38560 15374 21467 22603 4307 7003 864 29181 29200 31877 28447 35367 10245 26554 1753 21894 23433 22680 10811 14262 552 10111 33613 34097 32425 34057 9794 36522 764 13981 17855 35278 5307 14753 16895 19646 39428 35432 35063 17090 32110 12429 31510 24525 36998 12207 31811 37175 33592 2100 37637 1743 3980 23910 26973 19708 21073 10727 23454 30139 31903 15766 37517 34801 16910 25300 31088 39170 8494 37068 2346 29331 22428 755 9541 16112 23180 35608 36077 25786 5388 23622 12100
19870 23116 26394 34866 8068 32329 20628 6964 33918 31152 6891 26644 37066 4664 4159 18540 7663 782 11804 23879 23617 6965 12071 25735 29901 26081 25213 29476 19582 10569 3479 10362 16700 2674 35093 9454 16221 35336 10166 1925 35585 37210 18050 20713 37477 23039 4439 33796 11217 8653 18751 3056 15878 18087 1475 38543 5876 39204 21212 209 37628 5835 26001 4913 11458 35068 8185 5740 37105 39948 3160 15101 18379 11265 10235 2287 13164 22114 30573 25736 28222 14599 2054 24064 39367 15220 6054 15353 17112 31786 13771 3398 21950 31024 31293 13213 18131 22869 39012 17219 20720 3472 30318 2815 7838 5991 8026 183 27389 5170 16367 32573 33524 31869 23153 20376 33311 39776 27541 18691 24661 13579 7559 8578 6214 39073 197 27227 14782 23525 15060 17478 31535 36882 34560 18401 29628 21261 29242 35791 10157 2473 18727 37883 28909 23821 28507 24975 36901 34954 38537 26961 13964 23100 15913 22715 34150 10432 29776 39628 10582 8571 38661 38189 33190 9505 30155 22908 9770 34956 15017 29225 29468 378 4393 16707 30414 27476 20608 24584 16363 9402 36444 14610 38781 13353 27783 18156 33390 13980 39945 3673 11898 24568 35408 29945 27423 30841 7878 35765
26311 1665 20191 17623 33644 33752 11905 39476 11281 732 5953 33368 21406 12406 19566 36016 35581 28993 25712 21489 25978 3040 31713 9066 11749 2449 31164 20066 1985 34030 30697 4946 12332 2560 10782 35188 38748 3220 37109 8177 39211 28374 12108 4860 11530 36627 23220 33826 33698 6557 37532 35446 29599 25626 9074 36796 25949 1929 15533 37864 4763 30816 39133 17016 32061 17607 553 30489 17313 37297 33565 32973 32910 2510 5125 26434 32343 9348 36241 17872 39609 15393 5182 13899 12303 625 4789 38356 38636 23077 30356 22737 21991 36273 25264 35854 18544 21038 21185 33928 13814 11655 17765 13577 1904 27824 9161 25961 6428 25748 25113 30101 30822 21523 2589 14624 35783 1918 34693 13327 35778 29789 26517 13365 19718 7319 9474 36212 4469 35970 9352 33951 34506 4609 69 10035 31989 884 28113 32285 32504 14290 27330 39303 27982 38853 25448 31946 2799 33857 39957 15704 13113 19389 38102 17144 33838 37999 9086 39641 30612 31485 22188 15544 10473 17794 26369 30911 22289 9183 10221 27341 35187 33643 10115 32691 6205 9204 23939 26258 9827 17986 4749 9845 27644 19564 4875 35870 28210 19876 8131 8073 9112 37533 7072 31118 31188 29803 2328 11901
18744 10757 12206 29429 19102 25416 22604 4118 4966 2249 14163 16665 4140 12428 3730 30049 12729 16406 22433 36831 25669 22084 35764 5552 648 10523 27096 14303 37645 20983 5041 18886 33553 31702 23570 4071 10374 37931 12921 34893 19470 28302 35073 9513 27380 12972 28865 27609 27235 23274 17792 21461 22918 9646 21738 21527 6338 4969 8532 13622 29922 38689 1792 10019 34113 17827 38871 13805 13058 1389 10316 36781 5421 33225 25952 16754 20304 1779 2663 38625 22080 28502 22012 8033 38295 3580 10835 31742 13341 207 38597 35403 38092 31724 31982 23815 20440 27459 3322 14764 13687 16531 22298 28644 33748 5451 12394 2719 36585 25017 23735 19700 11863 33442 39644 31847 7885 5748 32924 4267 9810 9889 13944 36821 37622 15814 19339 21552 17904 5107 11645 27675 21211 5134 37960 6787 25486 26243 36671 27756 10540 15077 10647 16376 3401 10733 9277 19498 23324 36737 11172 21470 21114 3485 25590 35358 7177 20406 35724 12600 31886 8744 27536 18808 11300 38553 7451 23446 10207 3268 14297 236 2804 13903 30846 17525 19612 29456 1449 34900 32111 34102 7098 9909 39115 21964 27612 8612 35426 30223 28163 6836 5259 17338 6344 3599 19251 29964 8272 36535
34931 28525 8473 18359 20204 19657 5015 14854 25263 26403 20298 34503 36719 15188 38053 18569 34382 28266 35396 30161 29771 35440 35832 23977 7625 17374 27055 8038 27422 38875 14760 29259 3641 12983 17076 6910 23165 11398 25631 11552 27462 17910 30475 28675 33716 37213 4257 27137 3153 200 38484 32772 29147 34426 8945 29213 23750 12966 16968 8490 269 20044 25153 31130 800 27871 25505 2501 3989 36388 8718 19600 34079 37763 13359 1500 2599 10696 821 5636 26139 29810 5662 25570 35348 22143 19085 21902 28734 34443 15409 34687 13259 27075 1974 2675 16003 37881 20296 32478 3543 21183 32404 39179 6613 9882 13085 1399 37591 16495 33336 33409 35591 10795 8055 16050 9653 26811 34104 2354 33976 33556 14444 11109 35927 18450 14263 14260 24750 18567 31591 17197 4178 6717 27430 22890 29210 10033 14682 646 17356 29949 18872 36450 33750 354 18517 19642 22393 8279 23875 2372 17678 17169 11633 36922 38472 15781 34247 19794 38763 14920 21026 37686 5007 38687 20489 36161 39979 31107 21851 27557 19476 38082 14187 28131 30324 20158 30844 26030 6987 3119 31298 35496 37139 10868 38040 13533 34189 21122 16690 39981 37395 4272 29226 25137 34802 19772 12869 11939
5692 11814 20692 32961 19738 9621 27153 14875 38456 9467 30091 34188 11857 1063 2522 15924 36012 27570 5832 31991 8393 989 27610 7101 16877 22641 27880 2536 13005 9098 17942 4898 6528 21808 10876 32761 24722 18310 23771 4333 21164 822 5888 35884 9202 26039 37771 14748 3951 13608 29217 28866 35311 35281 22386 35245 19863 34918 36068 30055 38270 13288 2120 5313 12967 14295 26056 7969 13938 10856 15464 26709 8101 39190 19784 13768 16028 18648 22865 36340 21365 6177 19316 17698 15989 10254 4500 4093 2297 13639 6556 12229 4037 34590 37459 11183 30891 18281 17518 6415 13015 37942 31735 35481 29792 25968 22470 19188 21184 26689 13855 6202 35569 7335 11984 2935 34301 28268 30647 20055 2146 33427 32189 33995 35450 17216 21893 9118 24348 31288 830 2781 16669 19577 14327 7937 15565 28935 30237 2605 14767 16852 25640 34624 6094 701 11236 9731 8521 5535 7381 27325 32700 2340 32008 10173 5247 16677 24742 37755 11042 4807 3651 5126 19753 16004 38054 35317 13229 38638 24051 15160 32594 11502 27939 19239 38546 20409 6784 39702 28988 9416 36524 6541 22130 25335 15776 26721 36133 36649 18591 12114 20535 38752 32316 22161 30113 19204 30463 2062
18402 36825 27017 12078 23825 34514 9901 38406 5116 21107 19984 25727 36839 29872 29098 35824 3868 1943 10771 27320 20953 36937 18573 26127 2292 11825 38064 24140 14796 7956 10791 11805 25186 211 12567 3637 2108 2269 10706 37536 5049 16242 9868 29832 5167 1024 31205 33947 23412 34586 27111 3967 22877 30758 33357 36725 9262 11576 3711 26828 1550 16132 34153 25481 37492 27892 9976 18618 39373 31358 29843 35444 2754 33832 13336 2572 28121 20407 9403 7032 18757 35111 2530 39009 5990 34758 36715 17336 21309 32619 35312 11796 26738 2092 25229 26841 5753 32827 29542 7329 21372 35382 32641 39007 12727 26468 32791 292 23608 10280 21719 4554 16035 32347 36461 1908 33487 30582 29648 13234 29759 21014 9315 9788 39217 38602 11006 911 37943 16138 11120 17045 21274 34326 13240 9273 8012 5405 30759 27155 12523 31657 22570 26542 14100 37929 28597 3055 15003 31386 146 25559 11087 9647 33377 805 18299 24817 26921 35309 6942 10443 10906 6489 3134 34790 22335 17062 24745 37416 12479 27601 1869 31541 23417 7972 13749 5164 19143 31083 37901 11419 11358 29276 24932 10531 35121 39716 15842 2245 33222 6427 31375 25358 22275 12735 28884 29037 15048 16087
5770 9528 32117 23975 16670 20435 12283 27749 25696 10098 35759 16696 13403 22210 32072 31135 10601 18328 29384 15624 25934 6815 2561 3476 21696 22373 8238 19792 29323 34554 34475 17166 15059 23003 24429 35089 9334 29606 13986 9752 3261 2520 1786 33776 2246 31889 15391 36358 18604 36404 5583 7797 24409 2208 31457 541 4390 24313 10766 28485 31684 30554 35705 9483 11785 29201 9439 34640 26788 14231 26775 8884 1372 15734 4893 21070 31549 15291 26414 30877 25670 19004 11560 38554 10232 3971 21840 26285 5840 16322 16637 30098 36710 38233 18133 18242 27501 15847 13854 9458 25699 35642 15198 24600 25439 14049 13082 31437 21493 24433 85 38232 35092 7212 39352 32889 19078 39860 4248 31393 1456 39849 32380 15113 25114 9423 22155 10878 31129 29679 20654 33511 35110 7873 18342 18619 33842 13752 14501 12675 4033 19629 37491 11937 15532 2429 37897 28895 17408 34262 29359 16343 9697 9130 26668 15791 32531 9235 33896 8665 13979 27344 26673 267 22605 31725 16256 39921 29569 22488 29605 28793 24464 32757 7453 19627 5198 189 28848 13644 28930 9531 23213 22961 21903 17230 20040 33056 38327 37671 17733 19142 8483 23784 17704 831 11344 4534 37953 2587
12191 26124 9373 39413 1794 38514 14659 9936 33616 24175 38773 35628 11935 24119 20467 38192 26432 23315 17652 34574 8099 28070 27385 31945 30534 37007 1736 34925 30770 33209 28874 5036 22593 36057 9014 32813 21266 37006 22758 16820 37360 34136 19625 23803 32550 32167 27806 328 21463 410 20969 37745 21239 6873 12123 30465 37190 2499 12080 9599 30131 39690 6089 33540 28071 35048 22548 34441 17482 16888 36468 34345 20938 32990 19077 26214 18151 31346 33814 7580 19141 35731 15658 29564 12326 31019 27003 2408 21418 5669 7684 1209 17184 7680 27455 15206 3777 11514 10226 4415 33685 4136 23862 20910 21233 12973 9673 24816 16139 9942 11222 2442 27263 18205 25617 2262 8209 3403 16020 4738 730 36335 13797 32536 11040 7493 30662 9789 756 21440 3215 34509 34497 11751 219 8658 38485 22192 16418 28629 14868 6017 18481 35634 21126 28590 27173 28123 16146 35809 23932 7489 12793 16746 21630 8000 7004 423 23797 28795 30931 4872 7641 30742 18968 2700 37177 26568 15667 301 36272 25634 18821 31294 7844 13665 20377 4100 25454 3219 1970 20582 14305 8167 39121 4314 35907 10928 28049 16562 389 13018 35056 4308 6846 3441 34755 24327 16483 33467
5319 24893 21270 23827 8250 12424 27016 15897 35893 5153 7318 19904 30528 31010 30034 32097 27273 14906 9661 6215 39668 17106 39106 13059 35911 38205 10658 24124 2439 37281 18722 4295 16555 31329 8373 19396 16189 24233 22429 18387 7976 15411 21806 30154 35017 256 13207 27221 24979 12488 36043 10534 15153 19010 34384 18728 34419 37829 37266 855 13834 10784 10350 18511 8516 18064 6520 11294 25758 25426 8082 23994 19628 5160 15186 27076 14985 1639 1073 12568 25489 35938 33497 35031 33518 11907 23931 39951 1695 20320 9201 24585 27791 38733 12940 38622 28237 12029 18976 4515 29457 19406 32689 33202 20022 12215 33404 35665 14677 13227 18235 24188 33401 19178 23902 22791 4499 4787 8384 20401 26412 6524 11556 38121 28945 10338 30107 1275 35614 18491 8570 15307 12647 28106 6343 33013 39832 8336 14105 13248 34700 16950 32192 27289 2898 23265 16769 28276 5831 21604 29812 987 10977 29824 32423 28738 28965 9312 26751 1531 38299 24577 38732 43 30751 261 26790 2116 1244 27396 16165 34862 19293 27992 7302 9030 23393 32263 8698 14280 18291 1274 3710 37632 13950 34831 29874 17342 28077 16924 15599 33775 14003 16977 2623 13508 23334 38906 23598 31456
19305 38000 21293 33996 6107 31124 11730 18254 15233 7102 5653 25868 37561 25449 7987 22259 1852 7286 25174 22044 17824 9185 3600 36100 17138 25714 35343 861 33841 25702 997 20185 27164 16830 26692 15299 10251 25720 16519 2012 13072 15304 21410 14513 4209 15637 12153 16451 521 31632 19065 10849 34881 36952 2242 14118 20571 33339 28631 2517 6272 33321 15154 20879 18739 4347 5271 18724 30446 27542 9983 38039 12139 18474 23309 14546 39390 8212 5841 27327 20394 14569 36741 30382 20742 18469 18246 1130 36676 16925 19755 35160 24592 16685 6542 29329 14392 20499 20230 38856 2930 37779 15051 22906 34305 18515 26316 13321 19546 2891 23406 21271 7694 6922 15356 24183 36552 9878 17373 36556 28961 22733 16782 38784 28591 24058 32698 28022 34469 23285 31679 1928 10785 23577 12456 2612 12404 21797 19203 1523 17153 16137 28649 20247 10885 7952 36114 38844 37743 15333 33154 33463 11259 19820 6792 33883 34804 21370 37631 12371 32487 16884 2908 22191 17324 1440 29756 9582 18352 7067 24946 22355 30860 17359 38420 622 38098 6809 15647 35025 25409 39424 29135 5882 9721 21236 8688 24838 15911 31075 28355 5057 32430 35282 2684 17586 5600 11819 29782 20551
34853 7145 24139 11877 38592 28073 18272 24545 35357 13272 20283 32447 26621 10564 39368 23302 16250 15998 6447 3100 10989 3822 28925 4190 14000 9406 17206 3657 28869 18391 382 34087 20087 17445 13334 21532 7738 36074 19137 6575 14938 21190 12605 22867 21311 39048 11088 27988 25744 31262 24309 31517 10437 13123 10263 37413 3383 21722 1470 39944 16006 24941 14537 29015 34909 18029 24395 34892 4916 24832 10591 22292 30281 13373 1464 15883 24727 37201 23468 36384 15310 9773 8875 16440 7860 17381 2259 26630 24826 11249 32160 23017 37366 32165 6157 881 1283 35141 32611 37642 19167 32774 19536 34499 26562 26978 7143 11404 38935 11185 19319 34968 2227 5035 28624 7530 3122 6765 35647 26777 12236 33845 13729 1253 15141 846 10630 34871 22483 11694 6172 6189 5426 873 4116 4158 38267 36758 39812 13777 7727 29455 35956 28227 30221 18031 10328 10113 13518 19631 26131 3785 30143 19919 744 15362 31332 8164 21616 426 31902 27807 1836 5558 37541 23174 17809 28812 28941 18252 34177 4468 25772 2127 10061 29356 27073 37950 13474 35751 21142 22110 13549 16251 25195 37488 13485 12298 19149 1780 35174 30787 6395 25361 27351 19942 39573 11526 15755 24728
19584 23381 14089 32144 10663 3805 29767 6839 16771 16353 37925 25540 25073 36767 21692 29954 26524 6377 9749 3768 12433 16628 17427 37871 12914 39858 9823 13755 10672 19640 3506 5056 38438 10258 34142 9203 27569 12402 15098 24843 23623 10920 15285 39289 7005 14683 28894 32524 25580 18939 27730 2808 30194 27903 10619 27170 13462 35228 11936 30129 12037 31722 1990 1220 29440 12610 23488 1907 31855 39356 994 26315 36490 17803 30764 39611 28775 19238 31656 32053 34446 37458 5510 16381 35132 24294 22124 15156 9805 22101 19070 26615 22063 22500 37157 37410 28559 31423 29794 6133 36312 20144 17102 858 15980 12744 26374 16415 24904 24334 20886 14989 5886 20786 12416 13552 18761 36073 29511 29684 1992 2698 20122 1434 15556 36374 36975 10719 12199 19326 29138 10668 4618 28599 32578 29347 29940 9327 9398 20198 1768 17524 28594 5017 26895 27872 22352 29758 20479 10797 26378 33484 37806 35561 24054 16220 9828 11274 13371 32105 34715 32892 21513 9418 19523 1521 21529 14322 34007 1056 11215 14054 34880 5018 14670 21090 36742 20309 39638 17363 4145 38858 33542 15868 9637 34563 37351 31089 20056 39850 34330 17613 24198 3183 38902 25373 1668 11528 13364 9801
35007 28755 13314 28612 35606 38201 39069 19788 27497 18996 35140 1479 2618 30130 10930 9963 24910 20767 19896 28093 34485 33649 2607 25830 35534 27764 27337 21043 36981 35097 38400 25050 28024 35542 3896 7966 4198 32853 17281 25285 3133 19920 9304 24357 3618 29754 44 9922 14720 10748 14246 13090 24246 31426 16339 9289 38646 15880 19364 37967 25937 30125 33815 8152 39213 26803 15143 28655 7387 5593 14285 20788 13311 7655 28849 6835 19819 27072 20973 8836 419 29993 36208 34904 39038 373 23092 28942 6586 61 18768 18745 32548 13591 37264 35577 22472 38073 36644 16016 39802 32934 16191 19205 8913 8007 1264 24258 1560 1567 30640 29198 31909 2445 23159 20197 10568 1515 37507 2604 38999 10986 26655 10346 39986 57 26526 16667 23081 25456 21305 27705 26267 15253 18028 21654 22453 1502 36680 11525 6686 6331 18035 28155 39096 3747 22498 1203 3759 36320 10175 39387 5002 34745 24231 36063 15906 27846 34112 13366 38896 20724 11885 10725 30779 14323 38563 1481 1767 36330 16002 22849 21899 8974 22478 34863 21339 37667 26270 1654 34558 31435 20361 11963 30198 7333 4088 3157 20648 6198 4416 14167 27799 22800 840 23515 14993 12275 2481 35691
36835 29067 36916 20441 38524 30809 16366 6041 2164 3266 3667 31618 16757 16396 11886 16620 14649 14895 339 32694 1886 6644 37202 13873 1900 34520 25834 5704 38455 23537 23600 21117 2889 8256 3814 38390 34438 5776 17590 8780 23927 37189 12732 13991 6299 23734 18350 8566 14180 7455 19234 25777 23135 25620 12516 36910 29066 12817 12532 35215 18987 16997 33048 18269 12723 28563 12662 35207 8388 16226 29050 28827 24195 11853 17568 29537 35551 11446 31405 35321 33496 31793 30987 23934 15892 13433 13976 39558 3937 19426 9186 23336 6273 25571 6978 24286 31073 17430 8927 28922 29503 23800 9089 16824 27702 12025 37627 2679 17270 21763 4186 19248 36795 16432 17502 39251 15697 8444 15765 30080 2619 13865 26488 31251 2091 19504 30739 12131 26248 9617 6805 20164 4566 3932 26178 34743 27040 3691 22582 14264 21254 24491 32295 3970 9346 31136 17787 31072 6867 38184 34171 36532 12789 1573 35998 17578 14238 29337 12135 33116 25756 20549 23584 33708 13928 37599 7467 38364 39361 4079 23042 31401 33669 36620 7470 13278 6849 4773 26385 24276 34288 6003 2995 31924 15273 15208 12248 13698 5940 18786 4706 11900 31565 21835 1574 33824 774 7284 6573 24980
1366 27014 2441 26044 2205 16992 31417 4385 5932 34393 8467 22077 1714 2463 24318 29659 1211 33829 24591 5606 21121 8684 25062 24278 29145 11998 3032 11067 16224 9496 18372 24197 15954 25442 20019 36476 2432 11330 35231 3976 37978 14471 24234 31838 19872 1382 32499 24196 28706 35925 37449 2341 3878 8970 9780 377 31225 9117 37102 38777 7249 25619 25925 19284 20782 4326 33850 29473 6754 30029 28096 7907 25664 14634 14974 23128 25512 35558 29518 20749 1206 36303 4502 20948 11150 38087 31094 37097 34734 12347 31235 29550 25220 29353 12634 28648 8759 22817 4279 28646 10494 33665 23674 31854 37617 10970 37656 32388 1512 17140 38052 6296 7074 20705 4925 9164 4861 1784 27750 32513 2010 23867 8929 29407 27023 16217 18032 7150 16408 35081 20662 18992 6570 39792 3043 19169 39086 34978 25343 6222 38017 11041 20133 4476 23348 31844 35439 29760 30327 1335 27018 19366 13417 10887 16374 16986 3629 38914 289 30006 274 687 14065 21221 6684 37268 30483 16566 14508 4478 32025 28766 6353 6417 3987 23778 33239 7041 5501 31095 3579 34651 20951 9 23562 11981 22709 153 18548 34115 4985 31080 6070 28700 18465 27437 2948 29796 22030 2890
