200
12839 35466 38550 6835 2512 34153 1344 4141 2095 13035 10353 18733 33118 15127 6789 24967 35376 13398 32916 28720 968 29881 240 39750 22497 34427 27488 16777 32853 3928 34909 782 28450 9098 38766 16709 12012 29805 28014 7041 37772 25160 39084 9308 27295 17900 23937 37706 33997 20120 12395 4369 9942 34162 24224 20206 16283 28952 5464 8816 25463 12069 36894 35384 39389 2971 8502 25632 26311 15156 12351 34588 6903 498 11233 14461 16042 2956 33345 6710 39419 2104 7548 8060 567 14208 2583 15901 339 36142 25979 1192 8415 19836 37361 6311 17634 16704 117 19248 15873 5040 25401 16721 30784 37487 38053 2490 403 26872 11300 711 39505 18191 19089 7612 12837 38923 33624 3557 23959 12794 7157 12673 11607 715 39150 12879 34415 34953 29912 13483 12002 32644 38999 15734 1105 20475 9282 29589 9764 19666 29320 30110 39289 25466 38164 38546 37883 19375 27227 15384 35779 6196 15752 9646 9322 12834 4300 22730 5384 188 33398 3858 25761 18182 11014 28305 39267 37136 1034 11931 25127 28899 7877 1719 36114 19398 16532 33040 29031 26463 29488 24789 9495 33595 1930 28742 19862 1790 30825 8377 4563 10347 17430 34105 31254 39494 38535 7029
12609 13037 27360 4397 10058 29395 7457 4692 29122 12844 13101 6747 29803 34459 22765 35865 27376 27537 39367 13770 24053 33363 20467 32917 28149 5810 32007 25134 30344 36191 26752 22849 32648 32651 39240 26677 6416 20217 7686 37278 9060 36688 39265 3491 28697 27490 21555 9854 23107 165 11190 14092 27455 7685 19509 22766 32855 8631 18096 11420 37041 20190 34781 34730 11672 25507 30874 5615 38632 17114 22224 25698 30819 7179 3692 17238 35642 6235 9299 7168 34106 29579 17013 33655 32794 10605 35716 33098 29062 7385 26636 11468 6794 16282 31993 39074 25319 29513 25725 10860 26823 34576 7340 22731 1907 15398 38810 6986 33042 17932 23440 15745 1336 33261 19827 7971 30501 22776 34810 11130 17220 18359 39359 21465 20666 21833 5543 9017 1507 16089 28961 25053 17623 21223 34006 12270 12959 24782 33395 16576 10184 24272 2503 14373 24002 22600 21845 2264 12800 24058 12768 655 15262 33880 19586 31083 5923 793 39967 27136 34213 5872 28031 1945 121 23192 29347 11875 15052 16865 22197 38513 4784 18898 7381 39055 22354 20060 18077 36687 37878 16023 22408 4144 27813 24366 21936 18258 909 3853 29015 29634 28303 9268 36801 18279 26270 29680 18928 39368
89 20038 7436 29071 35993 13205 16564 3836 2047 545 4515 19752 29487 4473 12311 11059 14675 36938 31515 34507 9687 7193 8904 12072 25551 12608 25809 34767 25373 39679 38467 9005 21148 29814 15258 4808 4069 21590 920 22671 177 2452 38380 33211 13122 6630 13451 3511 11051 25594 22564 24653 8900 10981 2298 29651 37146 16693 1183 17519 9662 20632 11071 32311 241 14806 34799 12526 22467 46 1256 12748 22757 7667 5887 30260 445 1008 10772 34980 7136 12551 4963 11282 27587 2610 31488 39200 28359 5859 7824 14765 33738 28568 21620 25406 16835 22761 33321 32637 3792 29130 3938 10286 22051 39918 35783 20281 6574 12114 23805 15008 29754 34412 24708 12301 24722 32776 28881 23228 8058 4313 6936 28768 14486 28958 35032 11619 10276 2811 21869 18507 13050 30553 37585 3372 11207 14202 35046 962 11809 25941 30664 14318 10088 16594 37658 11253 2345 25627 39067 18146 38253 31598 7660 33205 25346 26776 17595 17345 6785 4320 30111 27670 17779 23230 10230 26053 24987 5377 15664 10432 1244 16800 2825 3519 27625 24196 17914 27523 3428 16074 31903 12547 31344 1421 34899 15989 16401 37980 8915 7429 19919 29903 28924 8888 18406 9302 33073 36165
20323 36465 12653 7169 7129 3390 23919 37117 12344 29007 28774 28062 8908 29547 2479 24241 7438 30735 1677 7746 3685 5967 3137 11284 21156 33122 39576 20309 36214 11611 4132 3365 16611 33720 1202 16364 25372 28455 21405 33697 33397 12723 28168 34024 24159 37410 2982 719 15533 29012 17753 12656 34579 27548 29083 36716 4946 39095 14629 19899 39532 38080 28591 17939 20439 33554 38022 18878 29582 14073 11196 39987 32915 32481 39606 30822 11709 8491 1343 11899 33528 22256 21961 39001 16710 15904 15142 26348 38969 22466 28679 1551 39724 4159 34219 28747 37937 31686 7482 3826 14488 26122 26972 29537 7145 12357 14845 14160 15233 22500 37400 20174 7863 37634 16871 38549 39550 25704 34678 37564 3023 28051 7069 11587 28672 28737 24364 29008 18025 15633 10982 2889 29195 19996 28503 35829 29682 34260 13579 6374 2554 6542 7472 20684 37785 8828 35949 33820 13078 27710 26755 22075 6955 4554 39957 16230 38573 12300 6551 39880 15308 14167 5004 37803 36855 11289 27139 37444 18409 212 10415 18107 17489 29297 4507 27511 32443 15841 27270 14788 9410 27031 34528 10402 31228 28786 13723 17115 37355 16711 37151 23254 32605 29718 12151 11325 21925 14526 39602 7549
22392 32413 11534 1380 23273 20524 9395 16477 23179 12329 7411 9998 29826 7382 39946 27010 39589 5378 27089 25796 18057 30096 34076 13817 37733 20785 813 19015 28009 24518 15756 38470 23013 26382 29133 5402 3445 33517 9743 9821 25172 30712 26760 36647 4176 18971 39902 1989 27023 6810 39865 29965 2830 33390 20416 6145 22619 30878 5431 26963 5711 1682 30479 31896 11822 8752 7257 10199 38675 17843 1122 35421 30121 33454 16067 8967 32569 12481 38303 3004 24258 36840 33684 19779 10916 38487 27324 14216 29414 9253 18439 3130 6678 5526 30290 2305 21437 30991 17213 31084 9771 11169 17278 15165 16821 3743 3329 18629 6559 19725 244 17903 18213 35413 19151 38088 27759 12744 8978 20772 11225 19385 15646 16446 16347 17544 11780 34451 17872 29498 4502 37774 14194 2745 14863 17271 11907 17462 35626 20705 34317 20905 34318 16279 39768 2887 13539 8062 21432 5552 3302 16807 29006 37009 37145 24989 23607 29961 2515 25366 25484 24160 3351 31424 17073 10552 14103 31127 16445 4918 9190 8189 36268 22493 10362 10200 16168 4117 29041 28282 10500 34315 30459 12916 3560 580 24106 24005 11737 37181 11115 16797 14139 7522 38611 21149 20347 29673 6640 7656
13187 14299 4620 24021 35357 34806 9074 34077 35039 31258 29385 36404 4585 16076 17057 9442 31581 4530 34374 17820 6924 28250 30968 13645 33734 31129 15970 22818 15105 13079 17962 27833 14383 16339 20453 21745 11744 20791 26673 38460 25359 33247 36608 31356 5125 28236 27143 12880 15178 8537 26988 28814 35503 15314 9418 34226 15774 7118 17204 31914 16680 25018 21707 36630 10321 6382 39767 35740 38859 5440 36347 14448 38347 8870 20122 34954 10976 2139 3579 6392 29232 283 15435 36196 25631 14213 9838 2701 6866 29862 20810 31461 30736 37519 3677 17591 8067 33982 22331 5086 5477 22438 13104 11074 30923 21774 24230 39528 14052 16665 38496 7704 18643 2686 6809 10279 26380 35886 35964 4842 21034 36998 37058 9281 29432 1400 13944 8696 5192 24636 21783 27306 9516 1027 39933 25023 23560 19690 5895 22186 317 39256 17358 1167 21466 2959 14179 3990 17846 15386 9315 29716 15591 29398 9487 25859 12350 35502 12683 19413 19077 23830 13132 2289 16690 7322 10391 19402 192 13144 35888 22650 2295 17721 4968 4328 4728 7680 38305 39945 39153 7123 2 18895 15073 24348 34235 31391 31474 12319 14735 5083 26975 6946 4494 15717 20198 13363 5842 1965
10345 24646 20371 38623 6499 33316 4198 26581 31977 12280 2715 36192 34172 12634 10450 2655 25918 5508 29264 27640 11994 4636 39561 39735 36704 36517 21330 18886 17961 11610 20445 2798 4383 13131 38797 12877 17812 28011 37677 38699 1389 27150 11639 34119 20854 18484 34418 17830 2299 7326 26219 30273 5193 30994 36025 16644 29947 926 32148 23881 3665 28590 17930 8017 19870 2239 26145 23613 4730 4441 11961 26023 400 9978 4996 8971 36225 33819 33337 2404 28867 2111 22790 25036 19952 20988 31439 31163 34371 7997 7403 11411 16250 764 14975 9544 5122 22423 7839 20848 5262 24822 19072 3188 13439 11308 19791 39478 23210 16356 17992 16505 24199 29355 17369 33136 31585 19917 30235 23471 12285 15832 37017 20858 29625 2004 9922 766 20736 24690 5300 6578 14766 16092 37702 15256 33736 5807 29202 30843 15460 6373 20647 18544 30478 15903 8011 12525 5282 37139 15550 7270 16075 10725 2960 10878 18361 22647 20568 12444 14158 34759 33503 25156 19050 3171 6257 37875 39068 16498 2058 30221 23175 38139 31392 25428 26093 34413 17198 10454 12939 34360 3593 4607 39955 27111 5950 31845 39284 34669 25795 8573 35172 5230 34311 37342 22512 28777 17332 20865
28651 10517 12688 15213 14671 38584 10769 14009 13685 29471 23832 18372 9620 21274 22140 38490 25537 24703 19650 36288 32946 25131 8051 38555 36496 36534 9211 29750 2618 11298 33577 29092 34869 31111 573 35744 25651 34695 10182 35708 4472 15009 8020 5391 19936 38131 18636 25565 37805 36002 32188 29962 23176 31935 16919 36118 25445 38210 21104 37195 24941 20867 3985 38977 20680 20111 12367 28793 12734 29192 20189 3503 3242 36113 17242 31869 8277 30814 30333 39014 399 31864 15588 7120 5524 33904 13004 23983 30154 21407 24043 22857 8762 25087 6934 11790 7943 4458 2563 15773 14276 31448 36270 30586 39465 31919 26468 32499 12296 5886 14384 11894 26441 26352 2692 15767 1471 14232 21872 31296 31740 37556 20125 35255 12985 27700 12342 37990 31813 18980 26202 35095 35959 22499 19671 14076 12624 7389 7834 17882 20782 31136 31601 38873 35294 32163 594 25104 32276 22131 21185 26853 17215 2309 13040 8163 36386 25828 29002 5547 31364 16607 13909 32919 18869 555 7887 9897 18110 27030 11801 6375 13512 35764 27449 27445 2190 28435 703 4308 3474 18911 34757 33379 38624 2821 8364 16243 20547 21076 9350 1793 7627 39964 27002 34417 31789 413 22654 26601
7848 29943 17743 28860 37228 33948 29799 20449 3748 16237 1884 691 249 38014 34229 31360 33328 34045 28589 27600 4106 27280 6651 7609 7332 17144 36033 27891 14786 7755 233 11387 3977 22340 24506 12102 1731 13626 2935 8385 21160 37630 26905 27811 30352 6604 27316 1599 7784 10095 20355 19316 12818 13963 19980 36194 14300 39394 32412 35298 34474 1704 34609 3880 14854 2167 16058 23171 34510 31168 17440 24370 32485 14835 27880 17471 23739 5120 14359 32348 7712 22049 11774 18527 9543 25502 6006 35936 39682 10585 31571 37046 39496 14831 15245 23997 3996 16228 7348 18505 33470 7202 8703 6498 21770 26753 4413 13413 13600 16875 3506 3567 11729 19708 2974 24992 15120 35496 37475 24725 38931 28440 26496 19797 9934 405 7308 14116 12835 12495 34484 39790 12922 37976 17706 6221 28504 14284 11600 29484 36263 14304 26836 31230 15772 27608 2891 15342 16014 23852 28100 38940 18376 21648 12087 24169 6729 22410 37424 23645 31330 17297 1882 33642 15988 3315 17813 26837 12952 17174 12914 15902 9778 5162 25643 14344 33598 7748 28691 29569 14412 14063 7718 5121 17027 10915 22403 5865 25448 1467 9323 20170 25926 36204 22569 21300 4536 2818 28475 5717
35484 19347 8799 3398 30880 34955 22095 3278 9621 32681 11824 17755 8651 11352 23587 17552 25490 29307 1782 27496 27132 32856 15890 37712 27512 38064 1860 13988 34199 32928 21230 36486 38689 28145 18065 8807 4450 11670 7610 21422 256 16420 4133 15290 33805 14670 30050 21155 22462 18730 24622 34146 18632 9170 33084 2303 10205 21429 8579 29339 22214 23655 31734 27683 18435 2291 18862 665 22875 13721 14661 10176 4192 25103 30296 3470 3322 33602 19219 11852 39818 17239 20893 39232 21868 12252 25166 1273 23790 1297 23642 28997 24994 5271 19420 35573 31708 8510 39238 17583 30650 22390 9570 31171 3731 32654 10016 2489 1079 31288 1021 5312 12997 35557 33662 26513 38076 36805 15118 30741 26727 19267 29254 23420 598 25340 29068 14016 37465 20658 5043 25750 817 4428 20417 7915 10285 30550 24001 37415 16393 36092 10152 4074 29551 1422 38834 7529 32507 5245 28046 33230 12147 12337 14336 16967 8052 29242 15436 24057 35278 8856 37904 24825 8035 38759 35005 10619 21127 20255 20372 7181 805 3672 6237 32296 18599 34836 19437 31093 36027 38483 9665 24027 23557 25271 25959 38539 14516 2869 21178 28069 5972 38833 2907 30937 34719 34269 1960 15834
2783 17940 36566 5116 21273 24520 26860 38721 28944 35543 36132 9553 18741 30914 3899 38704 36668 32452 37296 160 22484 34500 24763 24233 24568 17732 34845 8977 37476 26444 39484 10687 23961 18395 31941 25821 3604 20484 10974 12120 24675 26026 13927 11054 2201 39538 36527 39378 24786 20944 24762 20727 20153 9246 38260 30067 13886 26163 2687 39652 27613 32178 14881 16259 8472 28736 30725 4868 17640 1840 20660 27717 34049 27071 30214 20446 39038 36645 22361 5523 33364 14637 36870 14037 13898 35825 32616 20623 6473 28833 16493 29115 37717 15981 28535 2048 34111 15619 33473 19546 30936 38891 38507 26361 21351 6341 30803 25957 35140 18432 32890 11171 31077 7455 13156 30386 20877 30278 7958 17368 34291 25946 4455 14385 25514 27228 11049 15788 6026 27424 15779 10056 29835 16791 37818 9443 2093 18147 13959 25884 32632 29497 646 32687 22636 5792 30609 11887 19085 8603 10431 21211 1207 28120 25101 23819 18343 13273 25889 20183 26257 13775 26909 21990 31962 34250 816 35506 9951 39563 31828 9866 5740 6425 27646 21583 26879 32688 19332 9649 3411 26250 17545 6337 4546 6033 37563 12426 28588 7993 13845 9264 8474 8960 744 6920 33594 29299 4322 5590
5747 31402 3577 19135 21866 10639 25105 21653 17448 5604 39161 9267 3994 28969 35191 27530 26307 25870 21213 11230 38385 19879 1665 31049 28022 37612 6459 30812 16567 18039 12786 20220 35228 26164 34399 18589 37649 24231 23974 23893 15882 19326 15198 31429 28319 1142 29353 39363 13266 2449 2123 39274 15447 19001 4733 15766 33332 5368 26824 37562 39686 16267 25204 14130 28078 3787 7170 35727 26232 8718 30287 13907 21215 31057 23346 33371 26111 34630 28725 39487 17596 1199 31732 13957 34825 11473 30410 18105 437 22835 16616 10022 16620 15429 5078 29268 13251 6097 27230 4359 5432 34062 20213 16116 14715 19519 9319 37784 23948 9382 7582 35465 20202 33699 23035 17449 20799 16483 31791 631 35649 13730 15442 35643 1055 1947 25967 39634 30074 8068 34732 28048 33027 21574 25866 983 2786 20408 28578 893 23229 10242 6351 33929 13054 28380 9563 21522 3208 8099 36305 8424 33269 4443 11036 1123 2192 36677 11867 38958 27961 1842 19338 19451 18882 1278 29238 6020 36862 9157 21042 8926 38365 2636 26046 5707 17207 30241 13956 26247 21856 34108 38441 16427 7112 11762 20856 24332 25417 36641 5276 29573 14062 11408 12792 20412 26012 38561 19138 36957
2717 18779 12472 10766 27883 12393 28021 13725 11943 29678 9208 17256 34437 22536 10002 18637 5652 35528 14319 19958 1102 1754 9843 29633 14378 19664 9330 16570 27215 32834 31627 36134 22196 29049 1268 1859 717 37023 19228 6099 699 24018 25188 22970 28546 35345 10273 6853 37584 29390 15311 36041 29354 29605 19649 25390 13043 36743 19769 39665 15018 5767 11198 6576 21513 4209 5634 8076 25447 12174 627 34537 23021 6103 20354 28496 6526 13703 31109 24917 17163 38609 39356 288 39930 37298 9868 20077 11440 824 36498 36157 16763 19362 24582 36525 27458 27969 20248 19087 9142 22065 20019 1169 26772 16085 5089 18548 10926 8087 19438 32205 25218 18963 37699 37114 38828 1588 25360 1358 32091 17908 25601 22463 17867 14309 22614 10711 39545 31382 25754 13761 14902 38575 20388 21467 1604 12097 22884 24185 4134 32326 34092 16715 9447 20020 39843 28896 27214 37396 3673 17906 21811 2463 35168 21084 7819 20283 35181 13102 15748 28576 31085 13623 36031 26528 26589 25275 14026 5737 21381 28172 759 31156 38130 31413 8917 36652 33008 29776 16984 26367 7415 25258 37861 23461 3170 18155 12885 12660 14195 34404 34918 33952 21609 39136 14081 38180 5891 6223
28215 30780 8804 5884 31338 22461 38547 1316 24859 21235 138 4707 15914 36675 3891 23042 39224 19214 39938 8495 21199 4985 4067 3713 18074 39851 3864 19066 7115 9465 5812 14462 2724 15849 27411 30528 29530 15972 22736 37631 22893 25280 8521 8073 32211 15282 13349 22352 21140 29247 32002 11657 16321 29870 7238 2136 36317 25669 26641 8471 23319 26310 22223 38272 228 5181 30305 22722 14114 26223 29721 5033 14807 28929 19549 24852 14938 17490 35903 1349 25180 21535 25922 24747 35838 15062 17040 16626 23625 34964 9044 27742 35671 28752 2368 22721 3149 16111 8387 20083 22030 186 35459 2171 1730 31783 37200 26671 12931 38851 30515 36664 34327 5320 29375 36798 22429 14082 10815 36230 7530 15984 26070 24346 6438 35975 25615 5491 36868 20227 3002 18080 5534 23036 35324 35876 35934 11716 685 38317 2817 4534 29352 24713 19986 8842 6795 39899 33916 27260 14006 17028 6944 28918 37511 4960 29164 32519 15336 20758 34700 9118 22858 7635 6960 34466 21157 37354 27830 26207 13598 28610 16081 6719 26546 5475 17703 33419 7084 4415 8296 27904 3437 27963 37824 5149 12207 8850 7859 10116 21814 410 13716 38318 8481 23582 29338 32054 343 213
7229 22524 13087 14067 19305 32918 9604 15068 10082 23138 39773 1816 27862 7212 25443 19265 28444 6326 30824 27323 15279 21126 12558 38648 24812 30909 26339 11114 9945 24599 25151 11443 37374 16862 19580 16924 4384 8836 24173 20678 17563 28715 4329 28201 770 26268 955 19975 25600 2760 11350 11847 32829 26834 13506 24833 4606 20809 27057 3108 2195 9726 38948 34709 38172 27570 13918 6131 22667 15037 6247 24602 25079 21298 28093 9862 35859 8447 13478 30390 36127 18988 19486 38363 16853 415 1987 29373 7761 24965 32670 21244 26537 3409 12934 37187 4499 21304 14455 6768 37221 26704 6056 28718 36596 39076 35036 1644 12771 503 10258 24700 21608 8264 4861 19714 15168 35011 35965 35389 22173 24573 10591 39328 8346 34659 2788 4750 38314 28277 25052 33239 9882 26923 4651 6929 571 34475 6275 12904 35815 20602 20486 8940 21897 27225 32248 10786 6791 27172 5596 26603 39685 33709 14606 30069 17071 4595 21849 30462 34981 12767 12368 8775 33688 22339 28758 8221 6555 10911 27926 8028 13527 19698 6155 15490 11604 19894 38770 15002 5498 2899 21998 39527 9130 30710 25817 37470 3291 15446 19525 6192 36088 13677 3091 13813 14740 2203 28124 36597
25563 27435 7983 30113 31145 2774 18454 21917 14703 38065 28143 13832 11854 16684 27749 7277 10771 15518 1333 432 7630 16175 33776 16952 37651 4718 11840 33150 39050 30749 18937 35127 28631 29532 18606 34878 22265 5173 23972 23913 28756 29113 21247 2310 18181 12607 15087 726 33618 32090 23943 23092 33841 32622 8440 16580 23778 32305 23114 20059 31884 9273 18420 3708 1067 36543 38450 22507 36760 25278 30148 28035 35271 2885 36289 36858 3877 37615 35230 26333 17079 32789 17538 3092 21397 39722 11829 31181 15529 32068 15576 3630 26042 36356 5438 21075 37286 10549 10255 32529 12227 16650 4914 38805 21612 22504 2526 14217 16069 2866 19815 19366 36231 12836 37950 31859 35352 10986 33990 36972 31388 24269 31808 26817 14189 24458 36573 33047 1596 7736 21305 39701 27390 21662 11060 9195 12712 22032 12375 31737 34723 14680 6215 30319 10029 15453 32614 2898 19717 15654 34623 8091 11268 23189 3086 6478 32811 14436 39427 17738 8167 23897 7596 23302 24414 20391 22353 15836 19830 4929 1587 25578 33510 24137 13564 29859 14490 189 6034 28325 27013 16012 9741 5701 20687 828 34589 26462 23160 35018 27103 28248 8150 22385 5458 9588 35907 19157 9562 23305
27034 29666 39123 29893 25788 13764 26934 33694 38086 28406 24546 10217 10908 18097 22434 17235 4291 19256 10674 23325 31527 13741 22042 2972 28575 31214 17053 15682 37666 25419 37279 1205 14882 18861 23924 16584 28315 20586 9878 36893 10193 15500 30467 34406 33366 36882 1630 32981 23714 18710 13839 3352 2917 3155 25992 11270 12499 14065 21533 21719 25477 21568 37907 10196 27292 27484 24794 33912 2315 10897 3486 18955 24764 1759 10721 36447 6370 30052 33075 13393 38860 2934 14262 1826 22769 29153 33865 24495 23744 18555 11210 38670 14372 11950 30804 39543 15493 3099 33245 30929 2354 13063 29733 14144 38323 29543 21891 20032 34216 450 5108 25521 21152 12801 28767 3132 30452 10753 17010 33500 38092 16731 23059 349 26153 19357 23632 25720 23266 37791 9813 38727 4600 39443 2365 39346 6690 6474 37462 12532 24076 9432 26431 21067 36706 941 32446 199 18856 615 34928 15484 1111 8662 29283 10902 30268 23085 12563 33816 31839 29981 9728 16646 32207 7351 1862 6715 34832 4973 39135 6053 39520 27107 25638 23105 28538 6902 3816 31082 13359 5201 17233 7794 24687 12855 14887 13942 33220 12583 37885 20458 20400 30962 2267 37038 36555 16766 36080 31169
9081 8796 3218 20701 22277 37112 27098 18836 38620 27679 28095 9887 18312 35619 23282 34706 9476 22851 18364 29147 33289 37654 38330 15226 14443 10158 16027 11602 7356 15302 23000 34322 11689 27388 1071 14989 13547 11645 23794 16787 11097 15658 15450 23437 24964 27822 32159 21130 32464 15512 26179 24483 37282 7282 27347 29319 379 15153 19040 26719 3036 31119 31182 33710 6116 1370 18067 12440 23584 11228 6010 3373 35956 25924 32664 2902 1174 1351 27321 25887 11276 10930 36994 22669 10316 30680 18199 21827 12086 34724 28483 36303 14066 8289 37857 38973 37378 32677 30739 32236 9423 370 8677 6585 26283 21996 16526 11665 3916 32594 36650 12482 15629 10483 583 3532 18106 37014 5480 23215 36264 8242 38986 2556 31404 8678 12032 34979 33459 28870 7063 39220 5084 6055 19832 26783 14596 38494 6761 9490 20483 26109 24858 36409 31718 19311 3105 37924 21062 373 39608 38920 2063 16802 34090 7004 28364 21813 18477 8689 20515 2089 15054 30920 15299 27038 15669 7468 14524 34137 34590 8249 15150 18113 12912 1146 31624 611 31606 27806 31397 33750 27340 5064 23069 12549 32156 3777 1512 15862 24907 9671 5349 10539 19931 28388 23908 5184 3957 38655
23540 27350 14609 18344 35718 30095 7310 10923 26279 8496 39590 15236 29818 15608 20789 29158 5164 32260 27996 6714 13835 2980 21889 29545 4298 6766 36572 15628 70 24452 12390 31551 35900 24311 5948 28012 28904 35030 5965 20488 2782 20495 39691 18111 12438 39830 38881 8436 37680 17458 4975 34910 38075 22240 29435 21279 7106 1472 28139 30244 18782 4999 2596 30796 7211 6001 21074 29033 3790 28872 27549 1180 38978 4588 9070 14007 35408 34297 30772 23509 38949 34859 19300 20981 36479 8834 10103 33007 8029 11046 35810 25931 16275 4699 23147 29794 21505 4463 28288 20507 2103 13581 134 34971 31191 24404 25262 20097 8638 25740 13742 21928 23947 8544 34959 25520 9699 5643 39005 2408 34802 3361 25245 10698 14570 36872 84 11247 5176 23687 19498 10842 4158 12487 7272 13277 35575 21594 18603 33659 14923 31327 20211 21383 16179 10699 20626 10143 31030 16816 1898 17418 25675 15346 33669 36913 35402 34920 25426 1284 946 26080 39291 5336 8955 38049 35276 14182 33409 20337 39709 23789 28134 23878 33224 24394 28664 28571 18760 5654 20992 29214 5676 35425 38676 10884 30986 35644 11164 23315 3814 18794 17652 38592 32742 17077 15351 36997 35700 20957
19748 5929 19928 9956 10319 33279 36939 19706 15278 16729 8959 14985 5708 28411 24639 23194 37527 35902 36626 17184 16910 15023 20191 12517 329 29906 26158 29785 25393 13777 4156 12164 13726 27020 7959 11768 10867 39839 6179 28348 39374 35126 15027 31199 4749 36185 38505 32598 13070 4503 39564 25812 33950 34564 14982 29321 4664 28271 20531 23730 9200 23225 6059 14499 38537 21500 33494 21682 28705 28650 15501 7409 34210 22666 5935 13198 17853 39461 30701 34362 1897 7290 39837 1484 18910 37610 31124 1348 29304 21584 18009 32846 14613 12074 36363 29187 17716 5530 5779 15464 20238 35616 32795 21433 10234 5845 20085 29533 798 34120 26562 26566 17837 2939 37245 3769 8323 4780 6107 17688 18177 16716 19409 6058 1029 22311 31198 18358 33209 37963 16996 9690 33943 25862 6713 34961 38269 39594 29664 14260 4543 8595 475 27146 13317 39260 20883 1699 21983 32012 28619 5109 9657 39912 32899 8993 3071 6270 24510 2587 16733 31640 16737 25602 32023 19948 5545 17759 36481 7244 11552 16747 3175 16943 11641 3570 12671 38955 3849 20082 14545 35129 26291 18804 3039 11043 19873 27063 19470 18717 896 4686 28791 39577 37632 5914 17719 24157 560 26100
16068 6704 10784 2042 23094 8439 8430 30514 26031 2464 32322 12208 38234 34170 11364 30918 13554 31989 27653 32078 20212 25516 33101 7021 2799 5171 37611 7977 36747 37521 25343 6773 32930 21481 15625 22488 3951 22010 12268 28622 14726 16062 13719 4108 37758 37763 15627 30435 9634 35909 29844 33175 25559 15013 5789 36530 35659 29510 28822 28994 1777 1825 39460 21987 6167 7611 25196 19452 7912 32801 38574 18821 1900 32055 33739 38595 22677 25506 30948 39795 20099 24666 16439 6775 38150 14789 1184 34613 20177 27320 32293 36694 29790 16764 37456 14640 4014 22914 6177 20765 19648 1864 21614 37478 39426 25420 27267 20369 23923 22026 10363 18574 15040 6175 9847 14926 23423 35380 38728 8948 34892 14361 15103 2660 17431 34056 2381 39924 1743 38007 17485 6718 26258 7948 37773 25716 18117 24660 14155 24682 12170 5814 19456 5199 35325 28352 24019 20260 26798 32840 5292 17617 33125 20821 34965 34097 34635 34312 19512 36774 29832 18331 10522 20652 2949 3212 28601 20502 20511 28355 1949 37418 12651 30079 29809 27551 31533 8694 649 273 29841 11505 37122 36777 15707 15159 15935 18360 16689 38331 8636 33654 9486 31384 17541 37459 33400 37751 19966 30719
28816 9258 34496 28572 36748 25997 248 36610 31316 39266 22891 15973 10510 34829 12816 16199 29323 1695 28123 35672 27663 33178 25211 10542 21353 34481 13622 35453 33105 1619 1485 267 21280 20943 22535 31870 19768 21553 24363 16378 2684 7019 34014 30361 4523 10677 23142 24775 11582 8715 17337 10192 22417 21310 19443 14984 20457 26368 22510 26217 14763 16129 18427 9255 34960 6082 31058 24390 7213 15685 28812 17999 33513 11434 32146 16718 7480 30185 29772 30371 30177 26791 29671 30521 8261 17745 29580 28741 21474 21214 2863 22872 35599 1818 12674 24828 6009 18572 1262 27032 19695 32264 4990 16523 19550 25453 34472 38647 22303 34429 18531 13007 29120 37582 18796 27462 29336 17764 2766 8769 18824 14043 15471 29999 23291 38141 38544 11399 32872 21896 13885 9088 3121 10397 9549 12600 13937 15514 37353 26209 14922 23719 12196 11392 23151 34341 17380 1314 11648 9815 19667 19313 9704 35346 32615 37645 12060 13789 528 19329 33386 27568 19233 7520 17615 11474 27391 26865 28523 32310 27745 25295 39558 5048 20164 36258 18174 22525 1853 11030 13344 36112 33223 2127 5516 36407 14177 27979 25400 4038 19620 24319 28700 1239 32892 9091 16647 14088 27174 14247
94 33787 22341 28983 4457 28548 16732 10290 6530 29239 10162 24606 4790 24879 15003 22529 30200 16613 11353 7568 15738 34329 29834 31385 30423 39036 37280 7223 26191 25583 20175 23341 17008 30164 15379 4297 8546 16948 18534 18141 31315 15700 34547 32387 10876 722 31114 1047 19415 31681 18003 24456 7544 21313 33091 29229 25650 17322 20443 27173 19662 5985 26547 3797 9652 25950 25138 18337 35375 13152 4358 33502 35955 37537 24766 19127 7753 31239 3725 32088 18015 3473 16552 20383 35081 11659 13955 21712 4520 536 9711 22209 17904 21756 3775 10849 39409 31831 8656 1428 1896 18238 9477 3581 28868 12112 2475 22779 31929 34538 15548 17482 14376 25047 30191 6168 15388 26816 13710 29227 25222 7344 36782 1573 14163 10272 33425 23392 6069 29969 4786 25203 31983 17060 12347 25416 35803 18973 22282 7594 37238 31200 26738 5059 39510 24368 25382 10065 25476 31334 32537 3712 3217 24136 38155 31529 15275 38700 38287 13686 6186 9351 22800 3281 32175 24835 6440 6593 37083 3863 28751 11098 33438 39411 19039 25077 33304 21692 3422 30743 23539 24649 32948 2624 23438 36119 39183 37504 13376 24980 7485 21174 21534 17484 38870 20042 3983 5218 3530 15329
5006 33767 36896 3295 4531 5137 9066 4223 26982 16936 4121 38156 6617 18968 25487 11269 20193 6299 30616 9856 8661 38868 19616 1359 25985 32530 14552 16077 18482 18276 19395 32390 16603 10507 23609 15337 37895 34672 6008 6793 25898 34727 38658 23313 26618 24665 28391 6987 36562 37819 39641 33132 24924 38964 17295 28956 12346 28160 12740 26294 12091 19834 7920 35768 21192 35818 18775 15274 33102 12982 35396 23475 19037 33146 304 4940 16225 24535 30999 12672 23340 12048 1654 12994 28827 35100 33600 30231 30998 30000 29628 37099 1068 18441 5838 1621 21585 37310 23442 22123 27844 15764 7809 8414 8857 8929 18661 24663 18698 32593 1225 29387 19950 34506 24482 6070 2699 15605 30946 6712 23133 17404 24864 14415 15470 14387 28794 22244 32318 10409 11942 13387 14234 28192 15569 3443 15598 34722 9135 16677 6015 29738 37720 20447 5783 2386 827 39600 30622 34887 17860 29774 38215 14032 14069 10496 17095 28445 12015 16806 29705 34147 24517 25808 730 24702 2380 172 5446 26231 33507 12519 9888 18450 8942 33803 23950 2668 3142 7803 11662 32557 13168 3157 34605 9160 7720 32793 39445 10785 23820 25032 9734 22631 10157 22526 31035 33063 362 15219
22246 33786 31793 5471 14930 37574 2427 8191 34685 13635 21462 24409 4945 32435 32386 6030 14033 2543 33984 18186 39901 10780 2844 20317 9472 36050 4708 24985 14400 36948 6861 16101 2787 2747 4556 7274 38820 37715 24589 9293 12299 32777 35702 21526 23119 37931 24013 38904 27349 18593 29121 2725 844 21984 30945 25722 14736 38631 29878 28754 16172 20195 6508 4025 14795 3607 10460 12416 13019 13958 16374 18194 35699 16820 3306 11724 5861 23925 36649 37081 4330 22275 28400 16386 12200 8879 6942 15459 7161 22298 29106 22696 13714 10381 38124 15287 14231 26646 4487 25299 28054 23343 14719 30861 29930 36518 31140 34026 30580 38327 32842 33781 3793 11508 12369 15737 7239 39609 37716 18546 13936 12658 26493 12058 36432 19009 15856 714 35004 30201 1016 17472 28446 7933 8055 801 170 10387 14900 2383 29108 35311 16918 2133 23835 33062 7649 23113 21629 296 24998 9055 4852 13962 33282 32317 18994 10506 10678 27386 14368 16022 34463 13746 30687 12743 27233 22274 14046 26148 10499 9463 18907 19278 10111 9050 28320 29548 33198 15813 612 15991 38697 7973 37625 3247 28609 21219 12629 33560 1486 12813 8298 17044 3223 32730 20498 8642 35269 17847
620 28047 13448 21246 39382 38104 11705 22864 16253 7865 8156 2908 10589 31008 11215 21497 16947 39581 34957 39108 876 35994 11519 26475 21633 31890 37202 8620 1595 2070 32019 22204 25413 33890 20713 23451 10834 20729 37204 29748 11701 36471 34072 7492 7259 23757 9747 36918 1416 3207 14843 7990 27649 14828 16909 1973 23594 5685 25827 13127 38120 1888 3625 5539 13408 27475 39525 34203 6238 15361 15579 1058 24533 14515 16571 13024 36680 11977 14083 8454 16878 36901 7293 6434 37108 5388 13206 4584 21900 29199 9890 13449 39008 39327 33286 33757 15527 22897 6565 61 27381 13103 37991 29444 25970 16105 10084 32848 39285 30180 6627 20961 3890 33476 23670 7537 7196 18150 23747 539 13039 36437 10748 23459 16979 21592 27733 27362 12795 31281 13863 19031 20628 11570 36248 12039 13892 34726 34835 33484 4691 39248 3953 14753 18296 2105 20331 35107 20575 2570 10632 20279 2026 13658 9041 7493 36768 6403 21562 37401 32618 37000 2341 17414 11278 7730 27202 31039 37281 39976 21569 4874 26502 21515 37847 10045 8584 8448 28314 1118 37996 33195 17127 1728 38753 25841 1831 6143 28171 17597 33677 10130 7833 29191 39947 488 3172 10110 26412 27176
32500 28362 22658 22752 21710 16586 10127 33593 1361 4332 37846 39711 39806 33931 27085 37125 39991 13906 33025 13289 35746 4346 38685 6787 15487 28949 22070 6589 34163 34089 12980 11316 36140 39471 26037 30926 16201 812 10294 10850 17574 20329 5749 32996 34393 6669 14283 21670 21517 20513 6997 34917 616 34448 39742 20167 13659 11145 13303 32874 39523 38390 19279 25741 39852 29521 7077 20462 35983 21159 8397 26337 39794 24451 21860 24476 3371 29220 13610 35512 7031 8976 6272 32105 777 36860 33668 28185 4166 37294 22037 7054 14439 13990 36820 19858 29610 35062 18205 31747 2017 19552 11000 27529 30624 633 35406 18437 32287 19275 31469 455 7694 26882 12298 4743 23870 1852 33814 26655 4734 5198 6037 20452 23383 38098 22465 11296 9454 18184 15818 36168 36108 12073 39738 8315 21822 24151 15340 14109 11890 28716 7303 5946 26921 29000 14104 29728 8760 6788 21606 30577 3191 16226 446 20538 25831 19160 12992 17140 13675 32524 35945 4175 36614 26850 16672 2281 2750 21015 19838 24925 37719 4191 7452 6501 39239 1861 10541 20747 37331 12756 1501 20363 24547 11656 17874 37156 4937 1872 9965 1547 13824 22207 21806 12732 24564 1480 2320 16394
33294 8653 38309 13588 31802 10900 39047 31777 26914 23915 11290 10532 29125 26397 24128 31568 14509 39958 20034 15721 18036 10115 24716 5221 6656 16495 26058 4928 33103 39125 8107 35161 34098 10965 32623 24891 31248 19178 15809 22028 11781 19121 164 10079 1519 25035 25528 27835 10097 32252 36609 15403 29536 34817 22248 15651 35195 3289 33974 7792 9885 22809 30128 24395 20009 25852 20555 28299 8333 14030 38240 25799 38221 8877 3881 19927 22580 20387 672 25860 31011 12962 7313 27153 27060 20845 39151 8432 33977 37269 2227 2704 5219 32201 24815 10841 37381 39906 3612 31936 8660 3122 19846 31770 880 25167 29737 36434 37119 34915 15526 22848 4065 7451 33546 11859 24715 26452 2399 26345 20070 19028 9534 29262 15894 22621 26459 4122 9378 20286 2673 30759 26873 11035 6083 11683 5723 9266 35511 14896 1871 17000 26793 31023 5858 31387 15059 13179 2665 15857 21650 19024 4079 32110 8079 17801 8054 39314 18933 13902 9769 8528 35480 34218 29662 9274 15424 30989 12106 3340 2827 310 25241 27941 30336 29928 20828 38458 32051 9846 3929 10318 34354 22537 24286 21830 30992 20986 26032 17649 31399 3482 18129 17581 29423 2010 8845 14356 33958 7636
10714 36095 22595 20901 16628 1526 38321 12466 22364 17855 11693 39298 23208 27642 1204 3026 30337 21423 24068 18558 37405 3616 11814 19813 5500 33498 14070 9474 4372 26132 3358 27565 881 35009 3549 5781 9611 35365 39134 19918 14846 26054 9056 30535 25721 24433 28308 12108 13705 31883 19692 12398 29027 1993 1137 30257 945 22338 37951 6443 2700 9259 21037 39099 7923 10360 17007 2436 25701 17209 3572 22409 14825 8400 910 38062 162 1940 3737 23277 8755 21669 31701 38651 4913 35024 27967 12029 11173 32650 38638 11861 12989 26391 19800 37087 23359 13699 19631 13350 3927 5983 22293 13494 32288 34784 24238 24847 15923 1394 30458 34059 37015 32926 14657 37894 2696 26984 23879 35881 4439 23455 16846 19213 33714 33509 7741 21435 30976 29044 15196 6061 14506 23825 39667 5982 9369 8210 20500 781 35277 5546 21540 28731 17142 19587 22820 21794 14961 34712 7590 15125 30182 26236 636 18974 23034 27108 4624 676 23008 18486 9917 37982 2186 26541 30798 15161 17696 17263 8267 17247 35404 7420 35722 3562 26011 21046 17154 18897 29405 10098 12149 20808 35862 29040 9334 35747 8164 34664 37305 18384 3027 34530 22659 31408 8734 731 9587 35628
34 751 39517 36580 942 31070 8899 29674 3967 14914 24730 15416 13336 3145 16156 26483 32286 35158 31349 16467 29724 8080 16388 17475 23259 39281 26443 13047 12809 25660 32534 22063 14388 12064 17654 1366 17694 9929 14780 34337 36201 5254 32087 18941 8251 36885 32377 39040 19954 16889 28353 12810 37417 17336 32393 2494 23462 37865 30815 39726 27841 25450 2054 25475 16334 19747 6799 35739 24558 36491 1447 30653 9807 11472 39889 15483 21786 10562 3285 9326 8525 41 16656 20247 36359 23783 34862 23220 13724 23140 28017 31012 8100 2175 3648 26238 5627 28912 28106 9 2069 17733 11436 39707 35075 2530 29888 20649 4495 1116 38554 10657 15967 23444 34264 13290 39189 5241 9736 18239 6633 10351 12707 36039 13732 27248 38316 15117 36912 18222 26691 24551 23058 26536 22308 7263 5672 13214 34693 28732 25464 14305 19502 34840 17135 39870 4807 22441 519 21747 8589 38465 28837 29258 31675 3984 11246 28815 32438 22642 22546 25454 37382 24957 30674 21375 31590 26670 35053 39702 4538 56 22509 27930 628 37166 10089 30565 13881 30634 5980 26891 19140 2258 17524 23211 6648 35961 28307 12990 2761 30737 16350 5680 17856 22054 1609 4870 4690 25255
32273 23503 34266 33992 2468 29477 2445 8961 25435 860 4654 23097 4959 12471 35780 5509 12889 8726 10155 19071 24842 4224 700 35285 8735 31173 13504 33056 4840 8803 36064 23317 22365 26579 12226 18535 6342 19799 18818 22960 5339 9619 11671 10828 9279 1981 17523 17845 24454 10447 1095 24075 5727 23977 8757 20041 3310 7527 28357 10407 18678 35153 24374 24617 9944 39154 18294 6563 10572 8419 20527 1951 21611 2008 35844 2196 30915 1473 20521 32715 1848 17808 4178 37209 20399 7002 3831 24928 9166 20284 19125 20002 16016 27363 229 36286 8559 31757 25610 13066 18720 23590 32847 6436 35798 11252 37250 35498 14286 34633 27452 33322 36587 27008 33640 19777 36843 6964 35450 11418 34048 25656 3647 19294 25142 8105 18766 1537 3556 11819 13722 27119 5731 16457 27626 28933 21687 9014 15807 39661 3044 20595 16257 35454 24211 30282 36417 30699 33210 24484 9085 33481 34245 18202 14894 22492 4061 13617 28687 28163 38268 38602 19205 20802 37698 33044 6233 27463 34452 19567 12628 3766 7087 4368 5483 15965 3544 31242 8266 29279 34132 1320 38630 2426 16314 14812 24088 19758 19737 30351 32279 30805 13121 1806 18417 32611 18961 20057 30797 12445
8790 3021 29186 36561 25954 20069 1423 8594 29984 5044 36964 26208 23883 12850 16286 16755 27990 13535 38911 17340 1208 2895 20015 19510 38227 201 30940 27199 27716 37064 9863 25908 7364 7626 32665 6951 24010 30212 26259 22388 39838 14476 5445 15508 610 1576 14019 21240 33675 13459 20316 25653 16080 26858 30569 9008 36509 33645 38879 15356 24212 30269 16329 8934 9641 35224 27204 11337 22930 26218 39816 24733 12498 24548 27645 31260 1060 25966 3919 2914 12642 3166 32927 39784 9784 11919 5544 8538 22737 22874 2943 24903 27750 1328 18777 29182 16631 37609 17866 22753 5885 28910 8239 17109 20939 23181 29675 1267 31133 12181 38128 21296 25801 3622 35273 18475 18052 16914 5041 3449 8131 20817 26426 26409 29032 25765 6611 8101 39262 38772 21116 25376 15604 35207 38018 32528 35152 5286 18771 7713 38512 7200 33777 29820 28342 18387 35025 17966 24584 25833 2003 36497 3327 21966 39840 25678 4665 8130 19353 25912 10823 35447 20800 6707 9192 72 11956 21451 1307 13975 10922 24322 28339 25822 18425 23445 27074 3401 31958 10594 26715 25947 2516 39977 23498 27281 32122 25620 39610 18692 22739 27078 23673 15355 22729 38683 21577 19117 4782 27478
33362 36099 35247 32921 29096 24082 23401 34487 2170 34570 2154 20312 24565 5694 30818 693 17373 6111 32514 16122 36014 3583 23308 28863 32324 33085 5337 6634 2065 884 37961 31166 16927 12944 11285 17911 14404 22363 17983 29151 32983 36464 9324 24623 21805 23795 28907 7641 36563 15781 6191 11493 20668 9949 38031 22165 9051 30497 39011 19391 26560 21153 35328 34501 16746 1154 39885 28413 16144 17058 35922 21238 31252 20013 17792 10259 33596 36334 3981 12098 20806 28849 5032 33863 31868 13342 12619 5521 1747 14553 29200 5879 32455 14836 7560 22829 39716 21671 14282 25256 35080 19545 34364 31100 7638 2152 12188 14258 3062 16036 28818 10302 35830 2342 16065 17797 29399 17956 34301 4431 3336 12817 13182 5196 32852 34221 31544 37765 14777 34594 30123 27177 2348 4841 8312 29740 34791 20053 32962 20875 19932 11009 7269 2397 31532 6268 21975 20043 38288 166 17455 12969 28249 33853 13060 28241 35151 15697 35068 28876 27491 17175 32723 2628 27395 31304 30183 2978 9679 14153 11601 15267 2328 31854 1308 3924 20900 22062 18517 26675 34777 39158 12638 7788 33998 25555 16255 14102 5633 22608 7814 3852 38650 3633 11677 39414 35317 30011 11902 14250
4404 32759 23145 33743 28235 25249 35477 6300 2853 5988 7570 25597 37233 20717 21955 24975 18462 30559 10852 30626 19002 19436 7841 11664 546 34022 12345 6837 11968 31923 14090 24719 37072 6962 16501 27042 1397 1634 1823 3453 10880 3229 5456 1151 3600 1577 7616 7726 28824 39258 4028 6544 35105 19537 18525 6857 12935 21250 37591 19542 27257 30193 39336 9906 7433 2143 36546 14418 12693 26538 11154 22216 30334 31873 6259 12793 20088 118 27459 34919 23337 34849 7899 12941 15149 12213 7454 9738 39990 30347 20561 25334 10626 10710 36845 33549 28146 12341 33307 1363 38183 28210 16648 29917 7586 39813 9845 1100 37839 21696 274 30532 31809 648 33852 23104 20752 34658 16855 17234 8294 2623 15158 13654 6771 6534 3391 36282 29670 9420 24541 8560 15116 24095 38159 5153 1108 562 8624 23413 441 10524 11783 39779 28699 23731 20978 13518 39486 3319 38129 12901 1076 4735 8810 16645 17669 7504 37196 19068 7470 25691 3870 814 24854 35331 37184 30596 13700 20956 32541 35717 3257 19569 18763 27297 23433 19090 15114 32066 16135 38121 26260 13221 11979 4912 8952 17307 18316 2792 5989 39229 21191 36803 1188 20708 13096 18875 35679 18623
31419 29837 24171 22372 22350 2025 21121 27643 29849 18498 3024 36571 1035 26829 33071 21941 7119 7655 36070 8272 27197 19288 34319 5678 30015 23209 18975 13240 30607 4302 25387 4719 33119 35604 18709 16772 35093 18408 36034 3200 30703 31821 7442 39277 36009 2654 9238 23792 39518 22405 18651 36793 24807 18164 18670 23022 36475 28374 10956 19544 17124 12448 2691 4667 31834 2537 5981 22789 15644 34052 4775 3686 37043 15 26162 38553 26770 35893 21110 30322 13090 34493 27185 21138 14221 29485 26159 11214 1673 27193 13404 4894 21032 1006 4592 25519 12269 34416 8494 10344 38785 36854 35307 24372 39728 37491 15560 32461 33017 2882 18493 32321 17228 17890 4190 36959 26041 21587 2808 36314 16617 22114 38232 11369 37983 17919 21714 7380 34498 5485 26016 23320 4243 26899 13939 10738 765 16205 8526 18901 27234 32728 30238 16870 29302 35103 29116 32910 14582 29702 11542 38557 6774 35002 39002 37598 19833 10943 22558 16768 32970 2710 18370 9962 15574 22106 24752 29936 18543 28150 26415 29291 35281 19132 127 3878 13026 19951 33297 22101 34486 26063 15352 20935 22428 8995 11726 3584 2493 14484 8282 39995 16281 21548 407 21777 18019 27415 2819 48
37109 11106 12687 35318 29231 4785 31110 22966 35944 20723 27915 37599 6767 13183 35811 39025 5291 7779 24362 35667 10090 8931 96 25338 20786 3992 18847 20101 9073 10882 31545 3124 34821 11700 23511 18329 22996 236 32505 1451 13765 31858 10390 2106 29852 32362 9970 36422 12781 2433 24274 34831 7343 10379 16309 22668 11675 17279 25332 11398 33718 31078 22698 30702 3546 13948 29879 32532 3156 29100 4003 28129 3338 4646 34212 23395 20081 33877 11889 11134 9325 9548 35436 30851 30504 5466 9414 12510 35857 34306 30505 9306 38106 29657 939 16834 35211 38301 37333 27831 11793 15982 32788 15472 6289 29218 22383 36965 3621 1722 9943 12415 16099 7731 24399 36953 15195 5578 30448 3307 14634 29773 12292 33331 15838 14150 8511 5163 36131 19540 22735 15100 39246 16425 9926 20124 17253 12826 20674 6292 8617 13338 7658 35235 11763 13465 27163 34231 4226 10829 28855 32705 22059 5179 35669 5629 27165 5882 5700 24889 33310 24385 1002 15931 39708 22894 39619 37525 13591 30829 37914 24235 38430 4264 12030 16887 16125 2638 28606 12061 27756 12750 10533 335 38285 9215 20552 28039 15485 13263 20072 8988 39841 1318 39799 34911 2850 16215 27875 29430
32963 1270 9317 9867 877 37284 25361 23020 34116 2755 35760 27420 11916 27827 20432 34512 2897 21036 9370 39042 33262 21619 24748 17407 15961 30431 4446 37664 15488 32026 2859 33987 23804 17988 38693 13286 37027 39321 24193 21402 23535 32342 9251 9920 21959 12544 26931 4081 18705 31504 21953 23957 5877 36770 20370 1765 20357 39045 4802 27980 4306 23676 5097 23624 19535 33428 7444 10133 944 2276 28966 16434 19900 35066 6025 30486 5762 6089 8243 25744 17913 874 39416 31154 22323 2079 39087 22447 16761 16152 30854 34792 24545 20618 16744 6321 1288 17227 709 15735 2548 26067 37463 32540 37541 2540 16371 31769 30947 5864 29223 29175 22006 2795 5257 38619 31939 27300 3592 18399 6628 39035 9523 4522 19528 37040 8403 23286 16954 37869 20215 3300 6999 34888 3573 20895 8896 18260 1500 28294 12564 28243 5513 6456 37812 4201 17556 30875 27403 2996 10449 26688 28970 39207 204 21958 29277 20021 4392 29811 576 11975 6860 17976 31453 4578 36892 1056 306 28278 18119 38376 8963 2722 13425 39860 29659 36059 4947 25187 12126 32554 388 34889 35663 8381 17456 9058 7539 27244 10329 38100 8271 31036 14775 23124 34244 14188 8916 10511
34091 8032 18925 34140 27623 33391 39547 297 29660 30510 29378 38025 24008 8247 35326 346 1231 7 6279 35988 13985 8685 10525 15547 2388 39695 39172 10606 18667 6362 24711 11426 13384 630 6343 2892 6897 4235 14600 34296 2462 30139 9234 30216 38358 29661 22086 21168 25584 22169 9973 32798 3001 30155 29648 26396 25554 19435 14347 22693 11122 36821 19096 8456 20869 31161 23902 538 11831 27006 31047 19839 16010 24742 29933 31080 23184 13755 3349 5141 132 12778 29097 13856 17266 1591 14858 3554 36138 9347 3837 8324 7271 10796 1080 26350 26088 36876 2644 38672 5236 18490 30769 30619 34575 12265 31099 16377 27792 27116 14950 36651 18894 6985 10972 16558 6295 8747 37922 6002 26154 28349 14374 5522 4210 5235 20489 6372 34300 39551 1246 29392 25777 6517 5463 14839 15364 8616 24888 2362 17354 22715 13217 32666 31944 22490 33270 33753 12626 26143 21550 4922 7081 32257 38945 13086 8843 1661 34667 32783 34737 3459 7003 39565 38071 34879 7437 1091 10283 10830 13341 25159 11777 6894 15951 15273 31666 12111 34278 35135 2061 12214 32606 11702 26197 2738 3587 4204 23200 26792 33004 18666 33237 21299 20908 9582 8155 22651 33199 26047
2941 18261 12539 28187 20861 344 14538 36195 27017 27737 15449 24379 37406 2942 39871 997 29066 9853 6703 15208 11379 20188 13627 36846 39325 31679 34811 8096 6294 974 1013 26545 6504 31591 5597 29556 39802 19139 2532 12704 6371 38468 27133 6151 24707 23784 17862 8667 14467 14342 32407 12468 16192 35977 7805 23053 12631 8646 16739 14897 30223 27255 18494 38954 37249 32949 30630 26529 19902 21139 32922 24512 33789 38928 639 13401 4331 14611 9637 17824 20811 34257 18881 9471 34488 12109 23491 1117 22280 1378 7416 21581 30810 1811 35377 8084 34670 19792 19167 27271 38905 2519 22419 807 9357 25713 9083 27101 31002 7498 21226 36859 4921 34185 11193 33822 39831 16673 4877 23469 18758 12932 37748 24648 8802 21131 19874 19120 11885 39914 10180 9921 32116 20842 19889 22942 18711 10 37870 18156 14331 32934 32559 31210 13912 21262 30629 31472 28984 37844 20813 12779 2746 19176 23029 8893 17887 19684 26051 29188 9263 30132 9584 31400 9770 13453 28491 7215 23534 31951 28882 5924 14349 26064 23137 12894 19983 39544 22519 6581 26018 15004 33493 15268 16682 10723 29383 3998 32526 37554 11336 11588 29189 12099 17397 24971 2553 9204 28749 12929
21151 33658 5536 32971 25062 25769 8586 17969 23106 21420 22885 18237 9805 19433 26996 36103 22940 32518 2592 24197 33985 16892 10808 17364 37416 31549 32871 21519 27509 38247 20592 30107 26411 4779 38116 35418 37650 17840 35750 2903 22813 2669 16033 11747 9284 29807 6645 28926 7431 23850 9039 9592 1667 38485 25478 3073 16063 3058 17125 27471 23050 20766 28377 1200 34380 8894 38953 23998 10616 39998 10343 9406 4340 30610 29699 7488 10596 30375 7034 39421 13795 15966 13345 13358 16017 20980 23206 20677 32502 21058 21258 9494 23920 20338 3433 20115 38559 35636 12586 12833 33728 17075 9084 28541 11121 11797 16108 34933 13733 29055 21823 10030 36756 18817 5092 20257 30395 21078 1024 25287 22312 30098 10146 20640 8743 15283 14880 31875 33463 39159 6367 16025 91 15657 14068 33314 35871 24153 33374 16683 8675 9445 26627 23629 35906 10102 30711 13639 27326 29207 11909 39400 38695 28274 38606 14326 7911 17390 36642 18390 14093 15715 35412 7555 20228 39557 13643 21463 6093 1468 614 32693 14800 13220 30276 31141 17727 29938 8626 23956 4481 8832 29193 16285 10516 23548 13148 20993 39846 13160 38443 38886 15876 9481 39043 33382 414 18811 37384 37945
35486 17684 25269 16583 26795 6558 16207 30246 7418 5512 13842 4655 13224 29053 33686 5774 27812 21005 8322 1610 24978 4892 29575 33727 27195 9546 32418 702 15260 1028 20764 17532 5200 17377 4449 2962 27516 8205 30728 16734 11349 27498 39199 28797 23088 4316 3243 872 12594 32056 20180 12000 28467 19803 6085 32709 28999 7250 18053 7657 6216 20769 30564 16588 7414 37414 5821 25089 5800 11642 21327 15334 30637 28184 37709 24930 28831 17330 31804 30542 27389 10821 20584 12802 14469 7523 33234 25281 24642 16958 15680 26137 22320 18176 5449 13744 32822 5801 7898 18795 7781 23500 38796 37593 33631 27955 18943 431 11279 14890 38010 13091 30768 24787 18613 5598 4236 9236 27666 25905 12784 32993 37783 11958 9881 106 19189 5638 8304 30119 23771 19008 26471 8030 14585 38094 27186 13778 20958 15214 27786 39384 139 32263 2306 27919 27407 9536 6354 26874 11111 27804 25355 15790 32660 28337 27522 21089 2395 4662 8021 10352 34764 17880 36036 13680 14255 1455 26870 35880 13692 5403 33978 38011 26971 18474 30922 37752 30645 234 26596 14700 2758 38198 17656 11467 25495 21561 17457 27073 4763 26378 20711 14235 1968 38438 3173 27999 10299 19186
1579 22025 1633 27412 16666 31102 37786 35861 33405 9521 19263 25802 34205 39373 6723 20390 1996 31348 36607 35937 22473 38982 34478 9235 20631 23099 12960 28270 35048 37614 38748 10642 1103 35340 5703 17975 19317 37927 73 3421 26234 33465 16535 36931 32339 8014 23595 10728 25752 24417 34025 6209 3949 32391 31748 12264 701 39907 21705 30871 12275 37930 26456 32749 39931 32950 3043 39366 16880 16452 66 20763 11438 19216 17042 6319 239 7559 10597 24757 34977 17798 25983 10650 15006 16479 18805 3447 5603 24906 9981 23637 33839 525 12942 28859 15108 22096 16799 20230 14091 20724 2151 11245 25176 9810 18431 26464 36659 10458 18932 3403 23817 32603 16722 28296 459 33478 3754 17273 8433 2656 36988 7076 10804 28508 33216 21641 28948 21337 11450 35684 26169 1769 15647 28792 16803 14909 1539 10063 19004 4444 31984 32027 15953 1922 39849 2616 26325 32139 11275 27545 35187 18515 23284 19312 38510 4512 18280 39680 25163 27832 33520 4669 2807 25100 25893 8142 27531 38773 33729 9556 5026 7008 36672 6444 154 32233 34679 18275 5758 22967 3272 14866 19505 11355 8469 13704 30035 31174 26171 19629 36954 31673 12971 1720 20300 263 18398 24654
2086 2520 23935 26020 463 2247 15507 27188 35645 30570 37263 21939 35801 33218 29617 37688 13003 18946 1476 14830 31208 17516 26650 39554 2672 15899 27156 5465 3882 1794 15941 26559 30561 18553 13876 30156 17527 39318 39869 2480 32223 1726 27106 27154 39986 10746 2317 8991 26828 17493 15261 11055 5880 4616 18446 2881 3018 5815 28856 37493 38211 5588 38888 24761 16492 12068 36281 20770 17315 17700 24959 36788 20852 37790 38264 4400 34772 34586 27261 9591 19185 2406 34729 8645 8800 9685 15465 11654 17041 29562 38051 17672 1374 675 22523 14433 18579 21198 6185 295 36238 8426 22377 6821 34956 39663 30471 28128 39811 37258 36406 2681 28776 13282 16713 14595 33283 17749 19483 18605 11004 21456 29707 1191 6957 23064 25727 19612 22190 12738 24166 18671 1326 5541 32964 30685 33583 3048 35660 9111 16915 5211 36722 23157 28674 9709 17807 34161 19623 1700 24912 35924 3608 39529 36084 26077 17736 2533 17995 39320 26044 2137 27593 31362 20404 39980 33029 625 38291 22343 36172 10978 8588 24979 2375 2714 19998 19579 26056 696 6568 1387 13133 14078 25794 29104 7622 4474 11566 2214 29450 30009 39920 26989 29437 3531 5011 14173 24505 19424
9305 4238 17711 17034 14968 12165 3465 19455 19947 39196 4557 20250 30292 35755 29854 23812 2068 19564 32974 11110 6569 30791 29379 29333 30844 4355 21266 12155 37871 7895 39308 14186 30693 38083 36435 7689 9131 4261 16922 37376 28259 23197 124 36234 4976 6958 33553 32416 39024 7285 18560 38289 21831 21879 19199 23236 37131 27983 33573 6984 17447 2157 23244 17916 9093 39923 34282 30254 23572 36129 20310 18942 11758 31750 12725 363 4614 17296 3798 30122 18024 936 23843 259 33053 18233 34798 16724 4260 6264 11459 23862 16384 36480 39339 35775 31485 36739 1337 21358 16153 20364 34001 32349 29050 30406 27601 21746 27821 35173 5822 21485 14419 39107 36633 13215 10624 26948 8572 12897 10706 2200 35710 2353 4591 4173 13695 33182 17998 12327 36166 2488 21455 3494 21652 22263 23563 32904 25083 15812 13630 30902 15652 13455 28967 35279 16582 16211 12965 21021 7201 18170 35607 11015 29058 37775 39026 483 17814 1527 2357 36660 900 36239 24225 7565 10508 4033 20737 418 6763 27005 36304 34426 2020 17579 1774 12008 16053 3901 21873 17761 8680 21336 30886 16621 470 28617 4036 38423 21681 33215 31389 15086 18731 26370 35804 13064 18130 8434
22202 16437 22918 28001 35341 5565 29244 34159 37538 4696 17442 34989 29950 24266 35350 7286 2269 32953 39122 20686 13017 8553 13586 30117 8878 35837 22534 25335 16487 13088 22009 4988 30001 6510 39221 3022 16876 2572 23712 10820 18772 29155 18688 18162 8041 23426 38744 31525 28117 15053 30419 32366 825 9689 27339 5131 756 4021 20740 28627 29237 14972 15855 25111 24783 34629 13678 38213 16663 15670 830 36444 9593 36828 1063 39974 686 31573 26479 24527 4290 12648 30004 6847 4906 10024 24552 35661 12593 25342 13225 16575 3063 32168 35822 28552 31467 19193 473 31241 30700 39810 28922 25363 29501 272 21766 16274 23524 18978 6996 37646 35794 18825 15733 33090 35202 14322 31844 2235 36663 18640 18404 11042 38787 32991 18999 15298 35440 28013 11034 14778 24869 33441 7571 14681 2045 36415 28644 29509 14692 25538 24803 286 35976 28346 38161 28336 6309 23193 8352 22234 7808 4826 34030 36932 22381 4017 38653 17944 7425 11041 33898 29276 24664 25867 20873 27018 27674 21741 36330 20421 7040 28310 9903 10996 4419 14226 14241 6154 666 3902 16678 12829 37713 5692 33229 11423 17206 12678 957 29857 24099 39578 7770 35916 18653 9713 11294 11900
20756 5110 29154 23928 9069 10798 28142 35910 6017 6409 7306 15381 23011 32673 22544 35629 27208 27713 39989 9724 8658 19868 16471 20292 28214 22119 18497 13189 19045 30646 15401 3956 32701 8996 8016 17486 34176 14141 32082 37687 32782 20796 18658 21862 24918 18587 1087 29523 38451 2984 24882 23166 36332 37377 7653 38976 20565 37164 14678 18040 28525 20423 13749 33748 9480 24152 1885 12274 316 14295 3109 22471 20052 10800 37842 7783 12317 7535 33475 14425 28469 39155 34753 31235 27751 35758 12022 36327 13712 6813 8086 18792 16793 9188 34151 33894 20974 818 34190 21960 3203 14238 38618 4464 5091 20301 5172 36265 20368 2815 12175 15921 9948 16359 36678 9601 29374 17265 1502 20239 10783 7768 7421 21750 12955 9748 13574 24195 19985 18325 2678 21902 29591 24577 28529 26505 35487 39124 12775 20442 9309 24294 31415 1050 19056 8499 10917 38009 36985 15562 19796 27460 32683 35092 34682 4712 39973 32084 15104 16496 38406 32234 14942 36902 7844 31930 25042 29640 36693 23306 31209 12857 11176 5698 423 37583 6450 17728 35583 28645 35267 32582 12782 6092 15445 22982 1443 31615 24996 6458 18268 22485 18784 9162 14497 16917 22834 15320 13356 12804
38117 9080 19854 13862 33957 38587 12811 3416 758 37314 12024 36149 18434 34035 26778 38322 7047 34572 3478 122 35532 26683 31519 13201 20185 20530 39720 32361 27728 6819 30516 3481 2204 17392 35849 29937 37210 37553 34702 36135 23561 38732 34344 13698 38427 21850 27632 26947 17372 32994 8220 3003 862 6045 23004 20562 5070 13077 35651 14481 18198 37639 18948 10334 28521 27262 32778 36886 27767 7466 9241 27245 38729 1300 23270 15842 629 31268 21099 6933 4497 365 29855 12870 409 29853 19012 29393 37587 39927 16540 31029 32999 30370 19273 6698 39485 6035 4974 849 18277 857 18799 12325 24178 30785 24210 11776 22747 38971 16727 9036 28563 8748 8698 1986 24746 20073 38712 2867 24036 27672 28099 10426 7937 23741 22604 35735 39046 32785 14191 16145 13348 28779 9825 18026 35542 6322 15030 6313 9460 30985 6571 11754 1219 5206 38229 38750 157 21486 30681 6333 28290 12831 28694 14892 9021 6575 24038 37453 35762 32580 38504 19733 14222 11620 11435 14475 15825 10179 78 35275 15922 22995 28577 28065 10440 26196 31604 37822 4736 38686 38093 26578 22577 17929 30240 33422 20271 14883 21249 34476 31997 30048 1863 6521 18934 7175 22233 34222
9803 21197 29077 21604 10126 36599 28553 3623 14310 29183 21203 4652 18588 4677 39423 21232 26429 12828 21335 510 1703 182 20503 21333 21762 32796 30152 19736 5393 12821 15096 5311 30802 13254 21233 23001 30870 9638 8750 12284 28304 38023 30040 37795 5205 25755 32340 24017 31897 19033 24208 27287 9011 2734 32560 30757 8728 18669 10452 558 359 11877 9338 26724 30731 22826 6041 28836 1185 25033 39205 20642 5866 16959 13479 17683 23725 38123 28639 37194 38827 23585 9377 17610 9905 19704 7935 29162 20653 10620 18449 7750 13481 38168 36729 33926 34504 17828 20519 6594 21063 26682 36004 19937 39422 953 11584 38564 31553 17522 26942 21135 35843 24355 37008 23063 37588 31729 17137 23668 28698 38502 13158 21694 30194 26069 28369 12758 1514 30324 27711 5468 33681 20145 29427 25300 461 30149 1022 36423 25655 31219 32977 12169 17822 33313 14645 25493 33207 25455 33512 13339 36202 33142 19022 9455 33066 10648 35284 34560 17989 27137 31051 8214 29647 19218 10027 30100 31123 25221 114 16622 4509 20348 11585 1845 32314 11513 38328 13688 6993 15097 13015 20846 21922 35767 31148 38901 8355 22116 28923 26081 9134 36812 889 2560 30466 738 27178 4125
37528 10789 38463 16705 30706 21735 12662 39302 32369 1924 5166 2271 940 20979 39086 6128 20927 19903 3117 21194 1718 6320 36155 2582 13499 4513 38326 39077 6388 18476 780 7209 4533 810 19553 9834 7878 19292 39096 16937 2056 10636 11430 7067 31794 34643 4317 33228 28906 22602 32911 31333 52 33212 32555 17387 7275 23751 35058 35026 29139 35274 33021 11957 23601 6677 16331 23882 20151 37749 7074 8119 1538 16052 6148 7379 12592 12406 6961 468 4327 10898 12552 13608 39489 36978 38486 6522 29695 14804 1607 4289 2824 5921 6066 21124 23774 16399 14750 37313 23237 6844 31825 6007 30756 25680 26140 22115 23265 21488 17188 13628 34236 18083 22469 26134 7585 24892 36923 30330 16822 27894 22483 24254 10218 4490 33779 16475 7756 21625 38865 38154 27708 18919 32100 18485 6427 35330 39041 29172 11992 35429 37672 21686 5191 25787 28641 15787 34121 23657 22852 23986 6165 14162 15383 25963 39039 5621 11500 36807 10405 23720 37621 22217 26286 5197 28649 25394 24276 30576 27975 9343 29823 11135 8665 7071 16 6204 20539 21521 5686 15543 34369 9209 24635 25592 11117 486 22561 34986 25508 20522 24983 29743 4923 21049 27910 29371 8262 14598
1133 3819 5688 24680 5856 8772 38839 4337 33324 39868 32581 12186 22974 21776 33023 2097 27932 35253 32389 12573 1563 27639 27869 11617 673 12409 35928 9654 32417 32429 29541 7384 19330 12034 31646 25329 8909 12343 11796 21364 19686 7336 11299 27114 23940 18767 1444 39326 5962 8789 24071 39210 19010 26003 37172 34460 26424 11267 28536 33147 989 20047 15768 18602 36500 30782 23126 13388 22505 5147 1198 8240 10957 964 17690 29867 15489 4312 16091 32219 34532 36315 33149 24788 18743 1478 28677 13293 24267 24177 5117 19080 23464 23238 39757 30688 27149 26595 28982 36182 26449 27949 34841 29570 13693 30969 1453 9737 23946 25113 39856 9220 26355 6411 33940 33883 39607 3375 12259 23683 27899 14239 37344 17565 2012 37300 11906 30310 906 19773 28890 7124 26708 23333 19877 15057 12923 29201 28807 15815 38244 20184 24605 24004 25046 24427 6273 18255 17769 608 38541 35138 11932 9567 21438 10038 22041 28263 23993 21532 4566 13519 5415 13715 95 34602 35073 6797 11653 27189 17530 31464 39658 18736 2288 17766 21476 4366 19817 11079 31125 14267 24291 4435 21385 24826 18428 23079 18786 25488 26978 29602 38238 33159 23366 4904 36396 34070 15378 33683
16406 28232 1649 14695 13798 31044 5648 17130 29480 21443 3884 2182 10519 23654 24107 385 826 3865 20049 29620 22632 27222 39111 33580 31927 3749 35289 28853 37797 17677 29784 29810 27818 24988 17762 13092 3012 23635 11982 9336 23661 11195 2730 4126 14728 19843 33650 14423 23618 22189 38200 29955 31369 10896 28041 14741 37913 10074 16795 10419 12182 26584 26038 14814 28802 9596 23787 5165 29924 2323 13255 5496 29566 38134 36981 16120 16941 4823 2784 28335 864 29583 36365 16956 16548 19425 32036 14334 32136 32008 27798 32833 33760 6433 16750 17923 37359 15289 33914 39926 5937 18266 33430 21117 5533 38661 16112 5418 14452 26631 17773 30587 3178 33491 17153 1424 31703 27648 5724 30003 7068 26151 26189 26680 5484 17931 2735 15918 19110 32552 16819 265 5753 3802 33166 7618 20525 12199 26594 4856 14314 26105 22109 36944 100 18770 575 1556 21640 33368 15215 23226 13857 1396 20529 36495 30633 22139 4594 34968 1078 18916 25352 35264 28401 3469 18914 38734 27012 34850 22597 11242 8258 15295 16537 11937 30399 20080 32678 10844 13983 5469 25641 29626 23808 25240 15757 2775 38386 18939 15406 5340 15573 27722 1524 5944 38885 1003 38979 3721
26128 32034 30026 14095 34834 20210 31513 6657 15163 12040 7711 2779 33022 15431 22906 2501 15147 3634 15731 10905 29871 348 38578 8902 32838 1051 30227 5042 8562 34705 7139 2930 30426 26731 12330 7827 29039 15956 31937 35791 33135 10680 31212 23939 33246 17950 33158 1643 35221 22985 10169 13163 18972 12713 11160 36203 9082 4437 11673 13728 11324 10554 671 38111 350 33226 14135 14485 28595 18456 36968 35875 30480 36874 28690 24933 16790 8358 5942 9785 34874 13005 34660 27469 13482 33540 1162 6301 14707 12267 12908 24750 9289 30053 2450 14662 5744 21972 22742 371 35154 8930 6251 15396 10476 9446 15238 21344 7738 23040 14946 37021 38033 37725 24673 13851 110 32979 12995 26 24929 16006 36476 12875 260 11199 21311 39727 20349 12049 31195 14094 5908 32549 7113 20832 1839 27897 19601 28981 23906 22547 1033 28873 27212 14944 11102 38153 27942 39247 12352 6212 31787 9660 13847 15932 34907 9218 29668 31684 30181 13780 31272 32883 28384 36048 29204 33492 20320 21055 11025 31359 29064 28417 30500 25981 971 8780 4644 29506 32786 16955 18883 27953 35216 6000 16224 1242 29590 31159 29305 7910 12790 24072 39542 39126 6777 18473 15331 37947
4809 16980 9052 26970 10649 27514 33719 18042 6232 24389 22459 17965 20102 11304 24894 35620 10901 15624 32739 2772 2487 5095 15366 4054 8325 19963 38514 586 3339 37075 5287 31514 39216 8716 5540 31476 18734 2053 34997 24866 34184 36278 11363 9352 31180 12216 26698 1608 12308 15823 7187 10465 4180 6641 10944 34446 23756 34861 11479 12463 9227 623 36578 2087 31390 15187 19756 19527 8120 28190 16906 18545 4284 1786 17167 16848 31837 21982 858 32748 27309 35388 30102 10588 37155 23742 34555 4096 23407 22847 9574 12365 6826 28775 31796 39091 13036 16373 10163 35293 18139 25948 13491 32735 21691 37065 13194 28995 10317 35501 2683 22801 34943 3670 18377 9889 10833 34107 26835 8369 24637 21663 29300 37941 19835 18228 34671 37116 26717 10274 22416 21785 23763 16973 15229 38231 13825 29873 15769 22113 8742 26681 33980 18831 8042 17011 20494 1012 32765 25399 6492 5269 10743 9318 36221 15880 24358 7236 14628 22701 23326 14106 4040 15094 3342 5834 1744 34182 19864 13559 20197 18235 16307 1545 26296 12372 9762 6153 4630 2539 3115 4597 34808 36818 8635 5467 17868 14889 35946 7776 29732 9750 932 34325 23258 28107 15879 28381 3509 5514
23417 33200 35027 34783 7035 36970 29828 19057 17405 7347 5532 15441 190 23818 11482 14473 20829 34439 14693 21527 10212 38572 25945 36653 6369 27000 31386 39353 21144 24328 15390 28559 22118 4622 28746 4890 24697 18924 16398 13850 4797 28629 436 19566 6952 12209 39115 29988 29905 23760 36674 19076 19086 13170 12455 21916 33453 10441 11331 4085 38743 24592 12232 35709 15473 33627 32671 30136 21257 1552 26435 17467 38292 24993 6366 3382 7908 792 33690 32134 12366 1106 34036 15496 28465 35104 30089 19165 13922 19716 9874 8706 22900 11460 11606 20518 38989 13175 33157 27582 16442 10313 9999 27734 33717 24938 21444 6659 6610 38836 39803 17399 12649 34223 27346 14533 39350 19453 18109 11558 38039 22402 23467 4569 31716 11372 19260 4668 30927 14044 12979 39082 34003 14905 27924 29758 27793 13828 8027 2988 5333 29922 26920 23886 18082 11090 9248 22002 24841 18744 34375 4140 26301 12026 12641 31594 34976 30997 30893 36208 7219 1917 14181 33403 10812 31763 30444 1490 9703 37302 9277 29267 7512 8229 29604 27656 10547 21030 4817 17334 5925 18697 39616 16051 3838 3326 23049 36657 7797 10443 27432 4129 14983 11495 17789 28110 2428 5229 21802 13027
30556 19921 17936 14725 38425 25732 34714 10631 6664 16630 5376 8206 10899 2966 34080 10497 2651 37336 25736 8950 20569 31502 32284 4510 13711 26697 37319 13646 37215 34079 15280 18048 5997 27762 14012 14809 26487 21312 7225 23521 16341 11951 38530 17804 38320 16778 13241 2544 10664 27328 3653 17258 21408 7918 7669 6288 1928 185 11717 23990 26809 19727 9958 34195 14013 24447 21368 38174 39178 1057 26433 10729 23944 28267 8591 3970 17831 3369 12306 35427 35777 19534 13418 34713 7901 11845 8406 5811 31704 9335 25034 25437 22418 39163 8094 34473 29516 4403 596 19908 27372 34541 193 14422 17200 19203 7956 32732 24305 37832 34293 39143 16814 24186 19064 29433 31090 20599 19250 30338 885 7258 14210 22759 15046 4843 18350 35666 5413 17164 21027 11529 39059 17488 33868 21171 3415 21040 34577 38437 32320 995 18142 13994 13355 35518 33925 39884 7621 18951 18931 15317 14493 6306 18054 16265 6770 35257 19011 35387 16296 7881 26508 23065 20937 8599 11929 35449 2183 30574 17085 20610 11431 24411 37192 26312 18254 26255 18754 2840 36311 38649 15188 34158 33578 14668 20598 2524 38444 26416 29315 5249 11963 34435 25811 13056 33928 34865 33097 22448
895 16758 4212 4671 39819 16517 32755 9824 25236 13113 36233 16355 5335 5955 39217 19235 30416 20692 31279 18712 32477 37128 10374 36384 19174 2273 30714 25919 21414 2007 10700 8615 3892 9397 13833 28076 10979 32672 26831 4907 5268 12100 38140 21698 6981 23446 27493 16700 13395 19589 26222 15243 21530 13555 29263 14654 27651 13321 34249 25661 25706 25800 10315 26741 8056 30031 23256 33506 7975 5 32325 13466 14556 27898 12412 9229 30130 23324 33552 32610 24499 5901 25008 27200 18510 27791 22369 5854 1238 33547 28030 38950 39236 26732 8812 5647 27908 25353 3517 11996 27658 35003 31346 324 8466 13185 34526 19480 34133 97 25742 6557 14108 34201 34553 37685 15136 10023 18263 30440 29554 31449 8000 29655 3666 12250 12386 11124 3944 8970 14398 9930 20290 19508 26078 18127 35597 7353 34333 12815 8815 9642 16784 6378 24122 991 5208 22362 22764 1866 16894 8907 25070 22786 37301 38457 39936 18830 7378 15885 35523 9194 3275 18759 5167 26224 7375 12896 35541 10101 23623 838 37482 27997 15019 18893 6864 25202 3064 24026 1482 7387 8372 29921 37129 19184 16203 32619 34294 6470 29037 27517 19915 27874 14868 23546 14120 2641 1454 22751
18227 8305 23279 10514 37028 8113 31801 8670 17002 7817 7532 39721 36419 31829 24952 33695 17629 10732 30671 18920 36996 16365 23823 2682 39887 2880 6972 31633 2361 543 2593 37849 20438 12478 7487 35920 22309 28512 34927 13034 37052 1272 20240 11525 12924 25697 20880 39801 1895 33505 8632 22168 16087 39476 5869 10556 1009 27274 38126 33468 26979 13272 27906 13672 25535 18800 32197 19212 2128 31363 38908 14829 34381 32232 23785 24982 11527 4068 12156 24759 19654 5258 22603 17111 16465 4286 15065 326 8320 5322 39956 13662 10910 30509 10747 21217 24600 16760 1640 13929 2991 30068 13250 19075 21477 16767 30046 33254 17324 8253 24263 210 31096 5360 17664 15709 474 13191 430 24307 20389 22895 396 33875 6296 28466 27489 22968 4414 35041 16512 28002 10492 25252 13522 4325 5486 20892 39512 39615 39083 6282 34457 31178 13889 746 31670 28760 34408 38012 38790 4793 1223 3277 10502 23674 9448 6943 227 10797 9880 7357 35497 18327 6527 3582 32289 24714 5687 30911 14085 32960 39651 14099 10423 1166 23082 3184 5478 32164 32982 36581 15962 18332 3909 34823 34941 33482 30051 32231 13531 31745 14793 2220 4246 14978 31319 34524 21108 34304
10232 30794 12132 13605 15376 22856 33381 35737 10000 13669 6261 27151 31301 38057 3314 17803 4805 30524 12124 21867 21260 21080 3019 44 1685 23385 32245 579 18487 12127 3813 35652 10166 34194 27584 2114 30421 3639 30300 18209 21350 21837 3727 7128 25175 11739 39712 38916 29482 14017 27873 33585 34531 15946 34867 5003 33961 12900 29791 28182 26687 670 25735 12530 31262 22325 16140 16450 29863 20662 38681 20035 35748 32804 21758 16619 26762 27782 11156 36568 16232 9859 27464 31861 27446 36322 38052 14098 14544 13797 13375 16545 23311 15666 22384 9811 8476 35738 31564 5788 25026 36986 19934 38913 29970 29384 27486 8162 27638 6285 33821 30571 11082 5867 30730 24265 22324 24844 4952 5299 10490 23080 29890 22840 27974 32126 26757 9213 16231 39734 36261 13446 20448 14424 11883 38399 36218 5346 5644 18735 22963 32536 11244 22094 6637 3629 14431 3110 17712 16245 17566 26308 39943 32064 19973 24078 15354 2019 18522 37643 33514 18537 540 26907 4602 12981 313 27259 11203 6938 25764 1156 31711 14133 99 21263 25260 17790 17952 3258 19883 38205 28806 12663 13674 34255 33615 38921 9783 13155 37548 6018 14203 18047 36891 20023 19721 9623 14714 25093
32079 37569 29550 1074 38114 9839 23136 38663 5970 4684 26737 19150 31660 27914 32487 36032 23427 32177 35091 21354 15296 33745 23203 29940 18949 1715 37953 28090 35612 7298 19073 17224 35344 8997 21908 14401 7366 33434 7598 38163 18349 15307 18 13496 30059 28477 37771 22611 9247 5958 6685 38756 30222 38256 14421 39524 28795 37608 25543 34183 29876 30583 12302 1291 6303 9832 24119 5589 6632 1616 25381 4154 3602 3845 15034 34728 38315 29329 15494 1889 27009 17101 16783 7767 36830 4454 2119 30157 37480 27644 37183 14711 16404 11456 19164 35374 5118 35020 33526 10034 28257 4015 32404 14192 23454 26734 18762 2367 20482 10325 24540 1128 5714 33070 5036 22349 9431 4029 31499 23934 18149 29298 37193 20321 32319 22314 27719 10005 29687 35869 9097 21979 7557 31340 1680 8738 9877 9576 1513 21556 14477 26448 24253 35953 9508 23853 6736 8008 31824 18508 7801 15828 4274 27795 24439 19886 22965 32249 16261 32998 33860 938 10835 32272 4162 14834 14253 23456 22954 16312 32940 5231 31139 15596 34505 34340 5488 18789 21371 29815 32696 23531 29646 34675 37529 8199 20007 2046 38477 15676 4177 3267 7509 8884 9059 5102 27220 10934 38997 12557
7889 28415 39612 6115 24352 17120 4519 16719 35259 12177 13495 27272 2371 21864 13049 2874 23666 31517 38565 35379 16598 11741 39623 7665 25855 14362 23597 38013 17525 17588 2124 3912 7795 30073 3392 35087 33256 12027 1540 17214 27802 1234 8529 37705 851 11335 3655 15609 38900 15851 18092 3147 33338 13389 6947 15891 7856 35951 32009 12425 2976 217 8108 225 25405 27868 17639 30076 27221 26658 4482 17023 4399 7811 10401 11166 34276 14456 39710 26808 32114 7377 25461 30087 21819 5439 29141 38333 23995 11973 36946 542 38299 23547 2856 20437 37766 8838 2145 12527 38990 9300 27443 25903 3961 22176 30659 33325 7778 25458 24486 24937 23854 8449 9891 22045 8518 38474 22135 10737 32086 24413 2102 11119 13441 21083 6805 10864 30684 18577 4214 5979 23002 34196 14633 29991 3835 38368 27021 17925 16946 19084 16574 10887 33689 30041 31537 2566 4998 13295 21761 33257 15255 24146 19141 28874 22396 11280 37247 19042 6451 12774 1489 26787 28840 16993 17557 37199 24155 3779 8187 16370 2739 25888 786 3125 36102 23091 11201 20909 19496 1395 17534 33887 15323 22401 23239 18081 37488 37956 5386 27794 7725 10778 14371 1529 28269 13739 1957 26867
26573 1814 994 10531 6932 17894 32698 12978 36842 24539 1561 36564 27903 2476 31276 21224 33190 10243 16782 7012 37330 779 480 9595 39978 37721 18196 11753 17569 10540 1214 2180 39847 8390 28722 29889 36443 16348 22641 21349 23753 12964 9498 21031 17922 30168 36991 21114 12349 36339 13928 11095 2113 25248 26289 37431 19035 5280 21081 34039 29795 39635 31912 10866 4082 33589 14464 6202 25533 27467 10503 18028 37602 20216 19458 32006 2780 34583 21853 13470 29693 16726 27400 4567 27367 3097 31018 22975 10969 3400 15425 39954 12294 33353 24087 15582 21763 3993 24165 19712 5450 37060 28089 22868 30209 37747 10478 18923 34914 23963 33693 35958 15363 7105 38687 37433 4206 25219 32768 18889 25479 931 21861 15937 19490 10370 33057 12535 19293 28593 17954 36837 23558 5409 25949 32713 10568 22255 26439 33932 15400 4341 3973 32640 3057 32227 15587 36598 39120 17685 34326 14626 11174 26866 4748 38540 6012 14802 3235 20976 19327 31355 5453 2744 22335 26750 14308 25496 9985 32879 21379 4348 14916 15925 27029 19399 17335 33574 36773 2015 11475 35756 30012 1217 26112 12640 12081 35595 29649 13567 8744 35472 28992 28036 20999 36989 14748 29243 8260 27779
19724 3480 5795 9791 13611 39444 26549 17622 26055 10773 9450 33609 22060 13834 30552 37071 39571 11628 1170 10621 8219 38761 38939 18685 3764 18540 5005 12761 20696 211 17825 31950 39452 36844 14168 15567 15546 18012 19851 34338 6156 11241 8311 21315 34578 29824 37494 17432 5351 24968 29977 24684 10846 35688 13549 21728 25599 15561 17917 5308 27497 25214 20119 29206 35149 14907 6680 25291 22653 12751 23497 10715 13767 33461 5119 11322 2685 27861 9927 24908 20505 35782 24337 36043 5771 32467 578 38984 7690 31698 33889 29744 16659 36414 15074 3222 29565 25189 19195 35054 8314 33794 7398 28246 15662 23611 27123 972 39585 11295 22080 27342 3734 24141 2922 23486 25993 20699 28245 20597 402 14729 3818 30084 13080 33970 12125 17419 15917 15005 18421 36038 31731 25759 20712 31759 11066 24587 21757 38605 17166 27434 1796 2565 13745 27637 35587 2901 33857 15171 29217 38666 984 5592 12380 29850 33184 26099 27337 26583 10853 39678 11012 17420 23991 24479 246 37132 30525 10697 1846 13203 28441 2179 18496 35052 25185 4072 17054 3273 21181 23519 5978 3879 20593 27054 11302 26712 1470 18495 33187 23765 32297 9062 5728 19676 882 3299 7957 31661
10939 19088 10075 39584 30612 37577 2591 754 6991 30309 12632 34455 18740 3828 31966 23538 25770 2187 39404 21717 38204 30166 36612 27236 10269 20823 22378 37669 20089 5892 37256 18681 21069 36916 35452 1306 19842 11684 13159 33189 15915 28937 26570 25213 27439 24931 29462 20733 37514 22424 39396 16260 20994 23951 39381 1708 36542 7355 10331 20613 15134 17367 21615 19319 14115 26950 29067 3528 24883 33334 23636 21803 37592 4203 20415 12129 6898 36136 39648 37090 34425 19861 33369 28902 21323 31523 23696 38400 26790 11161 33272 11125 4642 15913 30845 7758 27183 13529 20730 34740 36252 10751 11396 12077 39604 18773 6650 11061 14917 36065 14391 33755 585 3840 14430 1760 5140 1201 6239 23952 19247 3954 24425 18598 15234 27470 8048 37743 13135 10942 19618 22292 16064 6287 29667 13808 28637 20748 24326 24781 34464 32352 38072 38306 21022 25512 30745 27706 22979 28087 1313 13253 35989 34214 20874 15538 8002 16376 27278 3323 19956 15122 24031 14991 34937 20229 26079 18673 28544 19252 39263 27614 25861 28101 5662 28845 24426 35806 39341 24419 21007 37738 5564 18617 20161 31561 17283 5068 7697 10874 38918 4092 24543 31416 32624 22941 20558 12709 10754 17614
20726 17424 8519 23399 32217 6400 32149 26421 19559 25513 31872 4365 2432 38627 21193 23038 22188 12841 20949 5630 6454 8438 35693 13229 20904 35632 4525 20353 25995 20113 35968 23914 1805 14963 37595 18166 24104 21732 28615 30543 27348 17119 27595 29269 35261 12587 14731 22902 10054 35241 2653 30767 21208 23931 4966 9065 18765 30343 1956 37306 35646 36512 7917 35321 4187 21748 38225 7291 27764 26815 19255 37793 24734 28361 23633 39437 34066 22994 28284 8786 6423 21713 37597 6667 18027 36097 9828 11005 3016 298 13411 34858 15095 13848 4468 4689 26089 526 6782 13607 35076 7203 3726 14227 15632 7463 34054 3873 27242 18808 11142 11676 38419 7078 21760 11273 4163 24526 28266 34479 29845 6350 8949 36375 11261 2149 28126 13261 34447 28670 15805 31768 35657 771 23650 31229 12320 16538 10076 3305 4716 1908 870 33947 9141 21543 25625 36524 21442 7461 3328 39149 13053 29446 14644 31672 15821 18616 29196 3355 26262 2155 14861 18559 35941 10744 36806 30856 28706 36453 39181 28625 36148 32945 14832 15145 33921 39826 31257 20866 18195 12808 8987 4167 37454 7663 17575 38543 26388 16968 18657 30472 15793 28655 1104 21189 22130 19571 2223 7350
9969 11501 33568 8178 12065 28125 37157 31678 38577 34882 4208 3442 8920 21721 19646 32767 11489 6441 22436 33604 21599 21835 33161 33242 10628 32868 21147 14581 30449 37728 22605 161 23495 38896 21904 15796 23556 6422 36499 20749 35851 23525 17573 21061 19030 35055 39935 32600 26338 6338 38531 3083 12838 9751 29367 10435 17117 30892 5637 9479 33538 29318 29997 6654 15661 37498 14592 34668 19236 9901 33202 18780 9715 34539 15959 30207 1849 16310 24324 38952 29419 34760 27618 6616 30250 35539 25550 17438 26401 38008 19670 12348 33873 26893 12290 31536 1066 1372 26883 10288 36595 35816 18087 6721 12531 32802 37226 29364 32037 6258 1735 859 12827 7578 15016 2028 14929 27691 4339 33962 14518 13041 5361 39098 23222 16258 12737 28200 5722 21308 4222 38521 36767 21918 1382 3153 35347 29613 1550 447 25237 4587 32218 37543 24893 31841 26466 8709 5645 21343 25707 7154 16273 4199 13497 18742 11062 37133 1857 35200 16774 2313 39896 24768 16798 35658 39459 11484 27383 3448 10689 18679 16606 6722 15080 438 8044 19133 13033 35635 21946 39646 19302 24133 19536 33433 355 11583 18245 34280 7475 11873 20472 4262 17038 1172 10609 26300 7513 9566
8846 23780 12435 32480 24418 27964 33707 29886 2822 18854 21447 21940 26827 39388 9087 2634 24412 12025 33846 10704 33292 9914 9439 30578 34018 2676 811 13595 29843 9012 10204 33096 9946 29255 36904 27417 27333 15845 15952 21520 16326 18902 31725 30142 19131 4850 28805 4800 25581 23274 2841 22601 22599 19647 34610 8536 22081 20745 19548 15866 23374 18122 3065 29911 8545 8201 38628 21582 23421 1304 11568 20572 17343 12014 3869 28169 4211 5462 11384 7396 36752 2144 17102 23425 23568 11691 28131 6067 9817 34636 30388 31366 24143 31126 31395 1504 18394 12385 14 32030 15905 21552 30284 8713 13093 39121 19113 6305 12082 17889 22107 2756 11209 32752 32762 31649 23814 36459 5325 24609 9436 37368 23146 9996 27609 10491 5973 28517 36936 18013 13632 39475 38600 34353 13977 5414 29046 36341 36275 35940 19118 5909 28313 20546 9961 30537 22724 12447 12283 24805 12605 31107 28811 32376 31130 15175 26933 10741 5457 4971 10213 21417 16671 16748 23543 23025 14339 23115 3087 20450 2674 31636 7477 26611 5639 11388 8444 22431 30072 26451 12630 513 3116 14931 35522 33191 4275 37315 39501 17844 33277 29827 2369 8457 29086 14759 13130 9533 22198 32355
36324 28721 1932 7172 28934 35853 20936 12963 15933 1090 16110 7650 24030 30611 37756 28979 14233 29059 31893 37461 25689 5691 30836 2981 38646 21945 15877 20428 21718 26174 22486 456 35895 22097 21566 10304 27052 26457 31101 28108 19232 27561 36469 4553 34061 38654 24572 39749 8231 10811 3118 33359 35360 11706 32722 20401 31477 33176 38255 3225 24194 2311 7367 15288 12705 3561 17385 8580 1815 29708 23606 7637 38864 9928 32220 11772 33144 26460 11999 23134 33909 28390 2294 21016 33941 38252 21164 4724 11039 5579 38776 10889 22945 7573 21832 7296 38296 30590 12437 460 36869 25272 963 9606 10958 5242 38350 5673 1642 6994 21287 30176 20326 3839 8246 2595 33811 19423 6662 31303 14315 15022 4814 34721 39166 21255 19680 1413 20946 27729 20105 19079 9154 36655 4615 38644 7162 29470 9558 38716 3871 31886 24513 24659 282 36410 19412 1684 7760 21161 37955 24973 18073 18489 1253 28426 8337 21221 33597 31238 31982 25501 23979 12018 12562 21017 12323 28616 6269 14053 14987 25782 22720 3516 34012 31108 7050 23299 34242 11713 37239 2038 18597 25784 23017 10004 12807 23801 35817 37356 5782 14535 33770 21658 21903 4426 37856 15335 11868 1955
2564 39410 13 16078 39636 36051 30838 7969 19658 33326 4705 12434 29344 20074 4349 20605 36815 34382 16903 14958 9341 30774 8705 28518 4993 5873 8515 8719 13736 8619 2657 34334 9530 10466 17568 9904 18411 1496 14151 34432 23510 3527 12138 8905 19473 5952 5775 4083 5759 38151 4742 34945 2904 18100 364 11466 25198 33765 77 18719 18345 24977 13895 33139 17849 14857 35724 17590 2757 36984 16271 6948 37858 16220 8176 20542 34508 31065 25715 35609 9680 21382 11997 14366 2199 39481 27543 31377 23139 34348 492 9345 20886 22061 5608 37837 38857 9572 30056 23243 32442 26563 8563 8303 23448 37411 17554 37452 29637 39753 33735 34015 11068 30415 34113 13280 382 22126 11022 3707 6307 9361 16249 4845 24461 11555 6318 8938 14296 23231 20159 39696 35566 29076 17241 18215 11187 12248 33663 16342 6084 37816 13568 29128 6291 42 22550 19557 25511 19697 9875 23267 20454 30002 26021 19296 9456 25756 30270 24473 31339 18842 30307 31032 16304 8234 26181 17435 37492 34458 3264 26372 5487 39628 35109 39704 9708 18068 22964 36470 35831 22468 23149 39089 37750 17497 31596 30326 29236 22147 11327 30010 13055 37834 15071 25667 482 27911 20258 30748
9492 39028 39515 11901 5451 9989 12245 39579 21518 34156 19997 36293 18167 22935 3537 22373 8093 26532 36279 8089 23936 21801 3383 34544 37056 23096 16005 1341 34612 20694 33723 6545 20966 37952 30832 16361 24521 27995 39202 20200 12599 29324 20917 10593 35690 21610 13444 34171 27536 18833 32638 20675 30118 4759 1953 30039 18318 4571 8095 8126 17260 35608 32531 2092 29746 24127 36691 30442 12340 2848 29205 17151 17514 36883 19653 2518 34363 36915 11052 18051 22306 18049 15957 23078 24797 12387 772 11644 38420 39073 34198 18102 6856 5470 28495 16461 18628 39993 21926 16024 15367 17570 15620 3457 36463 31826 13915 978 15987 18702 33541 12949 18224 12312 16961 9848 18764 6561 37304 1310 7880 35 4776 11162 27925 30831 21927 26777 20294 9033 5334 26195 5263 26567 10067 24569 29963 35178 33590 8332 36125 39177 24656 10008 35019 30855 14567 17080 8768 32160 507 29345 14576 27928 20984 36073 32057 34912 12777 32309 7085 27083 1934 27264 25462 4837 23370 13558 25682 26918 29132 26295 20169 12646 14849 18583 2992 36490 28286 17549 527 15210 29757 9223 13383 33592 23930 18595 5998 6497 9023 28385 18104 6918 5832 38445 25276 24190 23242 34715
5330 30331 10891 21510 16964 36067 34523 11694 19849 1010 33874 29927 29403 13592 10637 8758 10408 3410 13167 33823 38339 17481 39364 12554 14575 33796 27065 36593 4252 24204 21828 35650 8707 27905 26124 735 12893 17537 12701 37899 28281 6262 28909 4792 29571 10144 30204 39491 31076 9182 38639 2893 37900 23416 16047 18837 31270 28242 8607 26282 14313 25268 21560 30463 29327 24037 39654 5214 11412 13921 12176 8023 16494 13452 37106 2945 34186 1991 338 31843 6126 37383 17226 6189 10448 9458 39165 29578 12615 17713 35231 6874 2965 422 32388 22302 34465 16562 24619 9938 1686 32253 2016 23694 18319 36771 37739 37220 16640 8477 32805 23762 27758 10644 16019 2913 9814 36145 39128 14002 7581 26654 20931 11949 15140 11746 4380 8972 36487 14918 11898 9760 7742 34497 5827 35327 28597 8213 8557 39358 31974 38171 37590 15291 9918 9422 25570 1260 19482 8405 9672 35796 20287 20661 23414 4073 7705 38966 29597 36153 12581 19475 34985 31728 23889 4352 31531 5124 37287 2511 21637 23216 38453 25433 18138 13869 1282 12718 3822 12260 23062 11650 33087 36549 30150 37217 26359 39897 13871 36745 18249 7904 6108 26090 8446 17083 15928 7749 6044 9233
23713 5175 2163 4116 5247 32628 6998 26227 9666 26365 6786 26588 26166 39432 19397 11910 3783 35894 39972 23288 36513 2023 10292 35426 23659 16983 7643 12046 24110 17509 28623 32830 24808 6480 6623 21716 17196 12047 20084 9372 27076 32364 9482 32501 17321 21378 8592 36718 36387 13950 18868 27440 36307 30900 29317 32450 25290 28693 1026 11448 6512 10581 15692 31814 35184 11231 17902 15622 1405 18627 16194 25012 21072 24567 7545 6090 13707 8278 27652 8818 27082 38047 11833 18827 29230 13947 36068 31597 6597 26392 3093 37753 29885 7214 6900 32980 4402 27492 4225 13031 28586 25687 29987 4957 22815 24299 13735 17249 11092 21453 15760 7197 35438 34345 38548 23729 16410 8806 18029 30916 23796 3439 19759 2411 18590 3649 39960 31425 17016 1353 16929 2626 11159 31862 29864 14500 13150 38722 8576 30252 20750 20604 37339 39338 18397 5671 778 30738 33605 30961 35183 10489 3580 18448 7715 17376 28551 39817 11453 19201 18210 8327 26555 9203 16720 27659 22474 20022 25430 24343 12984 17444 37848 2842 16966 25436 4508 15315 1059 18094 24446 17660 21478 29365 30898 16234 28055 9590 4903 11536 2296 20844 35814 15089 14561 22781 33971 16987 2252 14676
38845 26565 7038 24162 6448 17165 23168 34733 32522 25440 37348 12475 11974 25603 36720 1546 18151 30460 26364 5385 1768 18043 6647 36484 18143 36291 33129 13743 21636 33818 28830 31183 13571 9358 30451 16779 14100 245 36648 25768 15426 20969 17816 14779 12856 21054 30765 27046 5204 32545 10493 38310 14821 24132 17107 37560 16897 31033 28220 13029 4016 4193 19633 3417 36963 11220 15123 32161 33276 27050 29215 36292 8380 22664 7546 10989 26385 10569 9775 14175 30366 15754 26955 7156 7566 32124 21317 20236 1492 3921 11137 18308 32089 32743 5189 36975 17851 2442 32356 26322 34155 16351 20860 6144 34471 20951 27539 4311 13782 33849 31043 22270 14174 39424 33065 16882 20094 9772 3013 12892 26062 1877 18183 3334 34551 15665 27190 19239 8112 10338 3254 10080 5430 25080 33783 13124 25815 13032 25639 19583 39413 38431 14123 5562 10472 3425 30197 7173 30717 33264 27893 37352 36235 8374 27252 12231 5916 34051 2713 33019 30682 22827 6567 34558 16653 23199 9613 36360 6406 16497 8881 5772 23249 26540 31882 13996 14529 28297 27049 18564 39824 31945 26628 15427 19766 26877 20461 16950 8847 32350 11229 13436 38127 18747 1696 20409 20960 20918 29278 23191
30432 10765 37509 35236 25183 6671 10239 38472 36377 3205 3266 8407 38957 22496 20492 3534 21202 8421 31580 6754 11197 11091 8173 18220 2031 31906 737 15522 32075 15130 2888 36355 1830 7574 9489 14588 6442 32120 5904 26648 28237 20127 25695 39586 2216 13505 4078 2994 14147 22702 25748 25842 38239 16130 38489 23566 36349 23824 1126 35872 37893 17047 10092 1376 3424 6463 13008 30657 27546 22878 11099 31556 2083 11463 28008 10814 11016 10366 19181 21632 37770 17604 23677 22035 1463 16839 3303 13520 16456 21782 34230 12521 14301 7440 17791 23185 33937 3846 18954 5898 4343 36049 35489 23376 31842 35929 33392 20731 6332 23012 17619 18044 32167 752 9554 36755 22231 22770 6883 14801 4916 33979 17251 9086 37740 22262 23172 7394 17876 29337 6518 29959 8866 35461 23827 25928 8111 28345 24347 28940 36681 13640 19029 26928 18778 3569 7554 39526 38370 34492 18175 29492 9078 16972 12518 38382 16811 14610 19910 1723 7479 25135 33917 29406 34428 21188 32194 32626 37684 33188 1020 4241 8203 31696 5260 34755 4184 16883 19641 34305 30560 26711 23162 26941 11050 6584 35329 19856 31265 14851 12092 28431 35540 1632 37308 1377 23262 18541 7122 28485
8420 14039 7710 13443 8431 15265 29954 7146 22472 13507 34987 13762 14112 3332 8482 15271 24085 8365 13337 6386 12987 2135 7604 39942 38874 21170 32870 15674 3706 26098 1025 11569 8342 21674 10739 9735 115 27797 31411 25045 25481 7543 35446 34822 12501 35212 19194 21182 20168 15585 4514 8216 35312 4401 39895 28862 11633 15595 11913 32143 2434 10189 35848 3366 15015 12710 35335 35662 11533 34601 2401 8493 9435 6543 32083 8679 16507 18791 14278 35741 4466 9042 15535 31490 15678 30369 27870 29167 19429 32186 6395 235 6974 18416 14597 33713 9768 36061 24287 34292 2877 26165 24641 21738 15583 5917 23271 13603 505 34866 10663 26629 3168 24905 32359 4202 5398 36228 25370 21205 13412 17415 36091 4847 33349 3387 15939 13138 5796 922 2690 28888 19617 33356 27104 34324 16490 10365 25403 35565 9144 29253 34565 13689 25781 33086 21446 1999 13601 30470 37513 30529 12211 35867 15300 27067 34388 8188 22005 37555 13544 31688 26668 23477 20773 39770 7110 13232 30335 3683 13684 14134 16592 6525 19520 10049 33013 24524 6570 15960 28558 30397 23349 17147 11714 7283 151 34527 39668 15160 6995 13457 7449 26674 4248 9594 17248 24522 1751 39504
8890 6979 18970 27680 23520 35954 11983 39188 18309 37879 5734 19857 28990 4433 21915 18423 13058 19541 20830 20814 27181 18841 28991 18340 23734 39231 6888 9940 24112 9950 2785 23634 33882 35296 2716 31991 35225 33472 3781 10946 38933 5410 22901 36585 25314 30621 252 18282 26187 22089 8110 11668 25362 13878 24686 19172 31879 34809 32566 33899 6638 23864 11986 22948 4357 22927 19753 15341 23381 30400 32766 31963 25039 33280 17659 29964 14269 37735 33474 2576 32702 34625 29808 32658 39206 29735 29233 23285 20948 28702 27971 2485 25106 28757 39629 7652 32906 28063 38263 4656 23536 35145 39797 12289 5382 37351 39405 6124 707 21764 32173 36398 34521 26043 11725 7133 26586 25894 2140 39714 34901 15430 17651 24277 33429 24145 31323 25674 3325 4293 27902 17421 39787 22932 15795 32720 3893 4043 34765 31498 7222 29925 21765 465 4803 18171 7299 1138 37230 11370 2473 16335 15060 28208 39775 2443 18776 9873 33722 20311 352 12806 987 23589 28050 37935 31835 27945 4279 22566 3982 18190 37671 35879 27872 36617 34881 22091 8504 17710 38345 18753 16013 39020 17841 6265 2275 18203 26121 3359 8394 26610 14530 30339 27485 4010 38112 37074 38757 27994
20967 35802 1612 17781 1044 15926 20096 38560 22723 38612 30793 4023 36690 27118 4315 19271 26267 35576 22670 23855 19321 15455 23578 15792 39195 15011 39601 7247 38726 24003 12136 11093 11624 8895 29623 18045 20334 18622 37232 1775 34502 17052 25178 20063 395 39331 30848 12721 38258 8149 3041 13366 32125 4949 29042 22889 24044 12708 24667 969 7515 14679 21913 10895 12148 1036 7771 16147 12730 23487 25694 24881 5840 13042 20922 14429 9285 11072 4483 11760 15076 12611 22420 16311 24944 30788 37920 22382 21284 14602 35431 33068 36057 22939 16421 8577 27314 30417 22911 17642 13816 35248 18002 24640 15635 10643 26582 16408 13877 12166 2597 30057 7588 28519 17607 13925 4071 7360 3943 35077 20141 36115 37841 12037 16396 38178 33737 6890 4334 20679 397 1652 19303 24164 10421 2752 36958 39440 32109 36209 21285 27359 29424 12513 27621 22741 24045 15141 914 14397 18158 33881 4269 19422 8310 32080 29184 800 6394 7733 25207 36381 36369 17567 35407 3341 7874 37796 17515 3999 21473 8484 19310 19175 11498 14979 30080 25899 23777 35712 203 5830 18857 27864 9648 28658 21489 11136 12625 19051 32097 20406 6174 11314 22635 30718 591 18860 13492 23702
35648 36206 27775 26527 15667 36336 24688 32400 2346 24720 37506 8197 38899 16170 25937 21095 29789 23003 22660 5243 1251 27171 35175 12747 13673 24445 35304 36754 14365 39650 5577 29029 2430 33148 32010 802 16527 9068 11614 8368 17621 26895 11038 8886 22987 15524 36436 4018 3842 4727 23591 1391 5881 26133 11040 19581 27913 36714 33300 4723 4989 23463 15534 4884 37033 21398 15204 23781 38021 15051 24327 8720 14784 27307 17675 3245 39379 15804 11703 37755 1906 11787 13681 4417 16751 13287 15038 17443 17259 8724 36283 27277 18000 6 35495 3161 6668 18373 33959 26871 15762 36350 18997 18022 9048 25391 17160 35280 26707 336 18424 1031 30872 17004 440 9459 22991 8244 24397 20630 6889 36856 10932 7807 22386 31965 36093 20429 30383 20819 6877 39399 30420 13211 30724 4026 22836 2575 38259 16235 2226 20380 25498 8161 3089 38875 15750 11263 747 24485 907 14389 9955 33320 27571 26221 2198 32465 15458 9261 6390 32711 34891 35908 2177 13423 2099 32022 13151 65 25015 18363 16858 2334 17620 609 35400 19229 31975 9026 34804 6725 650 37731 14941 26482 31779 33861 28326 16357 27934 10881 3312 38919 37207 2581 20172 12845 37606 11235
31342 10692 20760 31909 18038 32841 2832 8982 36474 8398 31714 18618 7938 1798 4245 3691 24948 36889 30786 11144 32049 5107 4301 36489 22763 27518 1716 6803 13141 4701 39516 21690 38308 14577 867 28671 25374 36026 10178 12579 20734 8999 17964 26848 7016 29391 31922 20746 34397 34074 34758 2834 22585 15600 25820 14327 21487 22445 34608 43 7218 19816 19584 22015 33740 37622 53 19116 7491 38336 26763 17553 12261 17094 20474 20030 24297 5364 22579 8759 11480 32482 20707 16615 17402 23039 28116 12 34032 34436 9739 17647 12699 23006 1077 37905 32251 5499 8005 35579 18030 31068 32406 39450 33856 15333 4478 32206 20615 35917 22457 5559 32938 905 27251 12145 4917 37148 9710 27253 12715 6586 22623 8285 34321 21366 1088 21752 7484 20149 3847 5435 27095 13880 33844 24314 21495 515 24571 34566 38319 3360 3169 11433 18020 36467 19021 39403 7264 4964 16842 39495 16266 14523 1694 1589 36389 17391 13829 6506 19829 39132 1711 20510 1594 10172 11723 25261 31217 34607 832 21724 4764 26019 11711 1494 9390 35263 34414 34872 4540 3609 19825 36107 6566 27922 3112 20036 16297 2838 38872 25685 14986 27308 4012 384 8966 12584 12189 34642
3854 22085 39048 30692 13720 7919 29525 27936 4741 9622 9116 22574 39152 12316 17546 39463 25629 11849 24559 29198 5000 10150 24813 22783 8195 24671 24175 15467 39657 19083 33160 4570 5660 508 18807 9537 2770 32944 35521 30427 26862 31766 2791 31611 10676 39659 34855 38817 20026 8366 30043 6798 20536 10938 17131 17191 5156 5255 30517 9212 30389 36290 31576 3574 22182 20795 35401 24590 7066 4560 29335 33439 16534 15568 2852 3393 6199 23393 12009 29875 14031 23748 11292 39694 16416 31285 2535 36550 29572 4639 30631 8683 15623 9786 33450 19978 39533 18140 34123 34440 3317 12550 25233 34180 14229 6125 37272 25010 25022 1277 38783 37864 11446 39063 22212 18648 10132 38589 22137 17819 12950 12596 5194 16600 6716 36199 8411 31243 30346 7950 19124 18179 13548 13371 23738 12293 28917 17306 36536 27730 448 15415 38739 39304 17760 3555 33437 13804 24576 39193 34141 14495 22551 1508 10683 22713 16864 34563 5115 21930 2338 16551 27604 21060 2931 13493 35925 22993 32653 35832 13051 25595 4088 13085 19320 12966 9745 37644 15217 13126 36297 30592 5996 25542 35834 33712 20018 34948 6583 19152 27330 32988 36124 22272 5849 4161 29272 10104 3904 38226
21840 17517 19668 28133 16730 8527 28703 18001 35725 39553 1132 10735 9342 18526 4851 1558 36592 23087 24834 26926 5570 4751 6190 34283 21541 15110 11699 18252 12364 831 12760 6231 30827 38197 9090 12417 32586 33807 35551 11872 12538 21020 36601 38364 30562 23350 15041 25757 36960 21768 38393 13533 36227 5527 35585 17611 30963 12313 3316 13831 29360 1755 6405 2823 10940 35478 10760 23822 20273 27384 25220 10726 21976 3538 26239 14129 35382 33354 7924 2350 1041 25231 30188 13396 10453 29860 3006 21231 1748 17193 22687 34273 27695 2748 11622 32016 12691 25358 37515 36538 36460 660 9692 24624 8034 33186 20983 34567 33480 13262 37994 34499 31438 30584 34357 21808 27394 33622 13305 14071 16951 17967 17494 28583 7815 12139 27554 6048 37968 21506 27099 22578 32831 1937 19782 5573 34189 12490 32099 6562 3384 12752 24086 16240 593 820 26663 35065 2325 16572 25556 34739 31655 16926 36665 14721 18144 499 6284 15205 6922 5623 35015 38692 36897 12876 9178 10380 28932 38807 11497 1590 37037 1789 35914 16674 27630 7553 3805 30114 23061 3966 14261 30140 21112 10306 6060 13932 4887 10806 36370 16994 18348 7354 11631 11692 17231 21981 39850 17593
21133 30208 39023 6839 25818 33632 14498 32283 15410 19806 11734 12803 39179 19570 19459 1431 11509 24416 18674 3495 7027 4336 28611 6513 7147 9100 33415 15404 10168 28707 2647 30065 17076 5640 8347 13971 13258 27591 27299 30295 2590 13616 21101 13312 33788 12919 32543 12805 37137 7942 5213 30620 28782 21292 23899 14554 35887 12413 9320 35790 39147 24796 5001 23071 20855 22866 15649 37147 6552 29081 14058 19543 35359 14143 32274 30522 1168 3697 34864 13301 10675 23868 28226 35260 13938 37067 1445 22208 31595 17281 16895 3514 1255 36927 17287 5507 17089 20155 20232 38842 21372 36173 11761 15138 13694 26740 22808 16609 33939 13149 7033 16916 21270 36047 15958 32196 6466 8994 16805 11652 28587 27334 57 29788 25147 1894 31735 368 2121 27166 30967 11265 29503 8335 13819 23378 18520 9403 25150 6187 2118 24121 22451 29260 22880 11286 31700 9686 1753 38343 13731 8124 24515 37823 18578 12271 38847 19348 23681 18488 5987 6833 10861 17408 21169 23009 5549 29952 21154 35193 25658 21142 25778 3971 16324 4987 33612 4909 9262 30849 38214 9169 33083 12278 32563 28085 10894 33333 39689 18612 33477 34152 266 35485 11158 15463 22798 31562 32663 15963
35288 389 24387 18371 2721 4251 20787 33558 27820 5459 13999 38360 9297 23056 24824 23272 17311 17245 39090 38000 8171 7205 17092 18440 28136 32425 23710 9291 34468 25835 24383 8478 14119 930 12055 15887 5482 394 14333 38068 38246 32814 24661 25002 16082 20000 21576 4221 29464 25114 23890 28851 26369 3202 23250 14409 37889 33942 28993 14980 10209 34522 9207 25524 36679 13523 14867 13973 36926 27552 23746 15021 25783 23352 33156 5352 1182 29219 35694 39408 26929 2446 14928 12233 3651 5677 6477 15621 33043 15994 10348 7401 975 36408 11311 2694 36179 15064 23929 14591 27196 9153 14393 37436 38947 11063 26983 3129 17645 13269 34972 4453 31721 35933 31805 11548 5098 16385 38745 24549 14377 1069 29022 4146 13333 23574 5913 33837 23027 27661 34513 1164 2249 37457 5066 3468 14183 2041 13997 35361 31383 25471 3496 38415 18492 26713 34949 287 13006 15049 33638 6464 13308 33347 21441 5370 7648 6334 11786 16828 11962 15085 18621 18108 31876 9963 33360 30531 745 6096 7079 17479 7949 27447 13181 29 8820 28920 38941 27191 27563 6655 29174 2330 17898 5963 9515 12038 16020 2871 26593 29457 14107 30897 17006 13324 12410 28318 37039 36971
20046 5828 29685 8412 36193 39823 11640 15358 15872 1037 37062 18035 2474 24946 31915 7521 35282 39891 21136 20336 3941 20566 375 11222 36684 7474 3489 24991 7693 29216 7100 36698 31645 25666 2763 36318 24487 38099 27816 15091 15479 38503 36711 9504 34391 986 6937 34673 31458 1783 38110 4164 28975 1946 28195 6429 2423 22699 5489 17910 22031 31380 9797 17815 2667 20137 9441 8233 11255 21680 22017 30541 28432 36104 33802 30667 35473 25169 9151 5304 34331 11006 3402 12667 1477 23921 22909 26716 11167 6211 29478 237 23749 24288 9936 16059 36531 19778 1560 6181 21546 18173 581 17877 5315 33761 1605 8794 27276 16636 12729 18752 11044 39796 21277 35978 15349 23016 9761 18447 8674 354 34680 31487 14927 35552 10191 27503 11371 39863 13231 26292 31489 10007 17370 33486 20098 15938 22530 601 12222 16655 12430 25050 38746 24317 32247 16157 25043 28744 39592 20891 29636 3052 37550 24848 27989 8551 8859 16676 1628 32931 21267 2248 22867 4788 3624 19826 18761 38963 13369 32130 39792 1173 39054 10223 36879 34503 26297 22521 1109 25854 37670 12241 5328 18518 4363 18374 27690 39219 16284 35556 17412 4360 23942 27588 39596 37962 33522 36160
27129 37596 3588 15326 15380 15519 21655 37334 965 5945 2810 31492 7607 19506 27088 36116 5075 35369 23512 23430 23726 5039 4688 5515 29052 29016 13326 26863 9789 28927 28206 30129 15726 14020 23396 4541 13248 14293 5028 33606 32254 35398 39448 12218 22837 28820 36060 35704 27580 21722 13651 3662 4869 19454 28464 21545 15327 3513 29926 9539 10851 9152 37536 21183 6219 32174 35445 14270 25253 5655 35204 39913 22886 37182 35246 3199 38601 35969 3488 35339 13655 15864 38812 28555 13367 387 1880 2062 1658 11846 4093 25636 15414 17464 1462 14097 36109 23663 2278 15751 10314 36340 28010 31246 26661 38119 11076 21683 7111 14008 27035 7496 33964 16280 28921 27457 13431 30049 21316 18391 493 22120 39104 9765 11837 28084 24308 13964 22398 15207 8654 32955 16899 32119 35878 34093 20201 13374 39911 35437 10659 31674 8918 26453 8935 10278 444 35889 13172 21301 10963 19246 28996 22286 564 2689 18687 1411 6364 39433 26474 18403 37053 92 17195 37517 9698 39929 8098 6776 23708 33343 27747 28151 10719 2622 19895 33225 6277 2384 38629 12878 4294 28550 38166 20224 26544 36586 15509 39521 15656 22637 39666 38170 5766 26685 18289 4273 4406 31552
15417 28448 27138 19058 18062 4292 19683 33093 20670 1018 25633 14995 27686 26432 17805 26974 9271 21239 4528 24135 26356 9852 4787 17460 33878 8964 35170 13013 33845 9353 35845 15066 31895 15589 21573 22074 21554 7249 33556 21978 8283 8729 454 9787 19678 28759 12005 6431 897 26489 25132 36606 4120 28459 35742 16836 645 22437 29771 26177 26027 21100 6694 3215 12536 31284 789 20837 27393 9228 18132 27748 18654 33834 28461 26706 723 10367 39593 12650 34434 28165 24388 25091 25384 23144 19801 34002 33015 28247 1001 10925 39882 4813 25494 27112 35771 3084 23580 26377 760 16015 38903 28788 345 16325 22584 1136 21678 19622 14272 11140 24811 23202 32277 2074 33099 8354 21236 13653 36295 19754 7499 22502 37862 20587 1976 21885 26635 30983 26103 22020 30502 7032 3134 38679 17826 4491 36121 35870 36625 14399 39201 31889 22594 11008 30734 22257 7127 39631 24247 26172 37091 24669 30019 37530 20580 11712 39102 29715 23910 15528 15293 20246 31495 12685 13913 35096 7028 16547 8523 21220 7890 33691 39313 25014 12682 11409 478 534 34402 36003 25616 13173 19069 22356 15611 33303 20397 10755 22956 19249 22412 20540 7011 23647 25264 15898 11218 34851
18542 31560 30813 10455 7743 5829 26606 22011 13038 5571 33763 38915 30062 5876 26376 11510 22533 12891 38867 10662 13785 38737 4375 19335 37205 35493 1140 25200 1530 11841 1618 14865 30943 30038 14265 10093 30263 28034 21597 26477 22656 1193 39569 38069 10573 23110 37407 3589 15332 7177 39245 34043 22557 23377 3825 37235 15301 417 21997 26633 35774 6283 2444 651 38373 18552 5626 11454 27810 26607 34209 24556 2989 21082 29593 26557 12096 23593 24523 6701 27476 14798 24295 11895 17356 27164 28105 7558 14381 21888 39079 12998 23143 2648 39970 36353 22958 37390 39574 5614 6019 11021 39307 6772 37042 23429 20929 15706 38682 5695 16317 26146 11933 18017 36506 31563 17088 6038 3806 14211 23485 30913 19006 753 25 28457 38243 19383 16340 10701 7818 22171 32437 7323 10055 3148 14014 9438 1867 27605 30544 28520 36086 38968 4418 113 12399 14974 135 10762 3477 35972 11447 10261 12523 21870 38392 4160 918 26915 20039 7006 13799 36817 90 22079 5572 17600 31758 12450 31300 1385 6169 783 39904 12728 30783 37736 14756 16933 29282 23408 7538 6039 38103 29877 39759 30758 8128 25472 11163 12066 24956 15593 4304 6465 27917 36778 3780 1678
31302 1371 7600 24870 20863 33561 28289 8460 27510 31249 6921 9198 16641 11596 16472 31496 5081 15375 24729 37804 15684 22828 5010 24365 8851 39319 3146 3701 18415 1178 22458 22317 7892 4623 17298 32313 28780 31294 404 39637 305 14584 27461 16692 31063 15232 30591 35232 37078 16328 7701 2066 26293 13874 21073 39044 10970 39244 2218 12505 27329 32476 11492 708 15712 5452 35515 15026 20609 19340 23867 1459 7478 7131 21014 29095 37088 11784 35070 22287 14244 19489 32333 32682 29694 19981 17907 25279 2670 6182 15461 3049 9362 23982 18915 12888 11876 2472 17359 17946 34573 33630 27479 24289 38970 21661 9015 27426 18929 16725 11259 7677 13239 11373 35611 39282 11274 3284 23707 26384 10521 2006 25525 27241 10183 24591 4153 15402 12121 4242 12727 9559 8428 15174 7317 6612 13587 11921 38379 25117 35734 1911 35569 2100 18121 24048 11858 26702 8453 37206 9607 28229 27428 18745 3810 6173 1785 3910 5548 8254 15532 11018 1905 34368 3668 38005 27410 33380 26958 39203 24668 36787 36483 9635 5778 21621 11630 17875 18246 24534 17848 39740 33413 29615 35310 35416 23177 5183 13222 27753 32382 6838 19063 35349 10752 10561 19431 1614 20818 20259
28748 9381 561 39762 15513 32445 28543 12335 25412 20932 8075 38206 6759 23526 3736 36254 7434 37507 36348 6854 34167 5052 32716 29043 16044 8049 31799 15050 18455 37076 7821 36567 9433 33291 30224 322 8787 35549 26981 9720 36008 5569 14396 31292 5791 16687 25580 37884 23418 28893 19603 39309 36873 6495 15144 20589 2009 2001 7051 33870 10134 18699 12494 27778 35572 14565 4765 12540 8486 6468 16031 29960 35045 37921 30229 6908 7089 5436 24771 23205 26334 32331 36094 39878 28505 20784 13636 32837 11556 29452 29245 24472 22797 12190 32275 22999 5862 15252 28866 36298 12172 19555 2405 3294 38081 1832 19897 4934 6708 21218 15536 39921 13385 35664 17606 8036 21638 20431 12358 9860 16736 3434 27036 31848 29442 26130 435 35234 26006 21041 5817 29181 34342 39582 28298 7813 19237 26900 21847 31710 11333 6653 32070 7108 5777 37777 1141 5472 14496 13550 839 38147 19476 14340 6882 8540 36857 13873 3730 112 38956 27771 32107 23023 37628 21949 26075 36364 37141 39645 28238 18604 18367 37370 15082 34253 3227 18563 15927 12452 34100 11860 26796 15143 10775 17893 603 9371 10937 31907 21272 3370 12598 26201 30938 1061 23724 24183 28157 4888
21190 8574 10544 10240 11686 4344 7217 6250 7944 39677 16697 39894 22643 36832 36071 18273 9384 15029 6891 38499 14689 6548 22297 17064 1541 32703 3209 32230 2125 8727 15861 18463 22675 28121 27599 24818 10429 35222 21672 24984 17833 14332 35323 37324 28898 32568 11697 11626 4858 33181 12322 30428 14604 31901 35000 33915 20682 2461 12686 28810 2421 27564 22016 19163 20242 9243 23217 25449 30364 27198 37637 34042 19315 2948 25227 14559 1902 19360 1606 12381 1984 27754 26662 39174 9518 29594 37960 29765 39626 36823 25955 11535 35516 28265 11178 11407 35085 5035 12755 38922 19743 2034 20463 13139 31394 21268 15983 24846 13134 32523 38412 15440 5248 6302 8045 34813 31699 24079 35417 38020 28667 19432 28180 25875 2073 32695 31744 17613 2153 14589 9833 12623 36558 17661 17084 9260 4109 10136 19590 9869 22540 39500 9954 27175 32627 38448 2979 4920 27425 23364 5899 20307 6580 1761 22907 37635 37124 7289 24465 18892 7614 37097 712 29534 17453 31501 25069 5870 10462 15714 31432 25977 30253 38669 25728 5537 19627 14822 10238 25251 12874 35504 28028 682 1952 33895 28005 29159 33581 37275 39833 11127 19911 21087 22235 17269 11886 7840 8570 36246
32649 2255 11704 37663 37236 3460 26705 13657 35957 4833 3508 36401 4048 13752 7894 39375 4994 37700 18301 21737 2418 5362 11104 25223 23549 19944 19187 5954 7583 4610 5145 3051 11340 8853 19871 7424 4982 34034 37917 30868 19614 16193 32011 27671 28635 6003 11923 8695 11031 36826 14659 3974 6965 27998 3152 35864 21659 25011 37273 5558 1329 24949 20629 31665 276 12567 6682 19067 376 35251 36708 14242 39893 30675 39985 20278 12140 38887 23727 23074 37557 13904 21448 30520 20621 16383 34545 29306 26938 1829 29290 17941 11850 10924 24478 10119 33471 1890 6588 2890 10481 29156 23507 24011 24172 1119 8936 28686 14148 9143 35533 2372 7534 8644 34065 11170 3896 1280 29630 22288 12246 4551 37580 37851 31274 23596 9600 32132 1954 25140 33183 20577 21348 24717 14079 38262 10603 9668 21307 31240 4142 7893 27016 6224 12862 7368 33018 20003 10309 18192 32737 10945 10324 238 25326 18571 11216 5420 27650 8339 6801 17935 28316 35385 28613 24770 25136 23700 10312 20403 22944 27182 10120 5425 35300 34720 17074 19145 29493 11687 18303 19780 26461 16771 35967 372 4815 34890 10430 30165 8722 31314 18962 22001 37692 9871 35309 16236 4552 29706
37098 34495 21730 16824 12529 36236 29522 36456 4657 37898 20620 18016 19390 31926 14852 6579 128 4609 32338 25921 24699 3163 26450 34037 33145 8710 25934 80 18311 1110 11674 27453 5977 6963 1352 22 27973 14317 2707 39088 3595 15668 14720 22681 30088 9910 31559 18539 6781 25371 29123 18855 21613 38643 37828 32301 37024 14428 36005 8767 23838 605 5022 19227 10085 19349 10646 32898 14483 8711 6945 8788 15201 39969 34638 30455 31317 26285 28092 19621 37820 17155 29730 27354 5146 3020 33051 27703 34617 28460 2356 29729 36643 30494 26766 18647 34160 3274 1772 39254 15686 39109 16180 36795 6437 24693 17987 18306 35233 5868 11955 4822 9899 20225 6140 17181 9452 20116 39354 31626 34011 3311 16485 14279 8225 25968 29939 13307 4147 31911 37063 26726 21282 6842 12206 11357 8198 30037 25007 24244 4825 27361 2662 26486 38840 32147 2134 10037 38912 36445 19990 11871 3429 11070 16931 13514 39781 39829 5182 34534 14127 34793 15345 6226 31508 21999 19982 29013 32448 34681 18797 9673 3450 17533 39919 33532 38825 36020 30159 33240 6931 36075 20411 19807 22980 25460 3978 36488 37827 9202 6533 16414 38520 8874 3082 30518 37318 13256 8533 14196
4470 38640 28066 8622 8610 17293 13597 34053 37499 13143 13970 21329 12104 173 10988 30993 31892 16100 1134 5636 35947 13702 1827 28161 24632 17325 36266 13582 27978 25238 24516 4432 25350 7338 39999 14977 34351 7307 37012 29429 12180 12310 31478 33515 15266 8129 20480 33499 24312 11452 24493 7098 913 1339 24350 13788 30881 13416 36249 15365 5793 18272 9288 1309 27087 16515 16165 14943 16825 19869 12288 38242 23551 31586 23658 13115 16303 3343 9485 27343 36919 6818 25459 35743 31040 3803 12763 14739 34895 29078 26215 30696 2781 18554 33487 24798 8461 28801 2178 23405 17730 4058 14947 8218 2050 20594 3301 31741 12698 29549 20637 21921 21484 31247 28919 950 3820 34580 10040 36082 36044 37032 26287 26856 25311 22183 8169 34423 21857 35866 5520 8535 29817 22946 7295 33238 19844 9112 33250 3276 37158 26096 18998 38965 25886 34847 13823 11391 4319 24248 3135 35703 6959 8500 18888 25288 16009 28285 37069 4050 14503 33906 14564 26911 3515 38482 31578 39832 23342 13230 39070 31795 13002 25814 36176 24471 7241 15176 35156 31849 30907 6859 23316 5890 469 26516 33485 4885 10817 21165 3887 30380 25158 15590 3011 4056 28102 12765 29586 20071
27499 5188 13365 35592 8181 17963 17221 1249 30321 3796 16998 25978 25097 13489 27624 14441 28580 7309 19369 33657 34883 34285 36426 23614 23068 26699 3035 270 7673 10822 5234 3395 4217 28719 9505 24935 6379 13310 14755 34234 11696 13298 32151 3196 30474 36147 39015 14546 12861 16435 35571 28 31134 38416 16694 29511 6150 36154 5209 14184 25902 19493 38617 32941 5367 1181 23103 35069 22327 39684 4953 506 17698 7262 34114 28796 156 13009 9366 16354 16323 39480 39583 19628 12512 29034 26323 23362 9531 4535 27647 4936 20226 28003 32512 1669 15912 21 20103 7633 3693 12570 18291 17003 34431 9095 10201 13805 29293 23048 1828 16703 28079 30120 25037 1668 21094 23054 34766 32912 10949 16407 31588 26857 10720 27752 15954 87 26841 8043 18257 23240 31226 29731 33009 6875 28293 30320 39415 25606 36177 2551 22992 10330 5256 24658 25155 21911 7603 12418 20342 35594 19707 3545 6836 11132 37144 6389 32300 26657 3829 5303 31143 38480 2865 32866 25596 16999 30173 17577 24029 39141 8317 4501 36819 4410 15167 31612 4324 25730 11112 15869 10041 13136 10595 4232 20108 30538 24386 17005 9892 22175 5574 30723 26640 20835 4309 6895 19285 15239
31372 24441 3290 6138 14086 36205 19416 8408 39007 28068 39618 25622 9110 775 23709 36152 14140 2631 16488 36548 35348 33077 26024 38583 21128 24213 37567 21771 5874 15655 18218 31329 20914 9301 2957 26664 20709 18468 6577 31940 6743 35890 37531 5392 31422 6823 14855 31942 23857 5053 4980 2835 27056 15824 15444 20872 13756 3742 36620 11813 30808 19074 1921 32895 531 681 12700 8268 33808 34559 26614 15681 3741 27263 15477 7195 39536 15353 35538 38844 5222 38004 9424 10495 21415 31507 36215 12927 37776 10072 1758 14479 4057 28654 2737 12054 7802 32198 35060 27414 15778 8505 34940 36200 39288 4549 26625 23163 22144 15099 644 10277 28219 7208 39049 14791 36570 17349 9893 16525 6402 10745 25747 37979 32433 9864 16942 1065 21742 1876 25444 12613 22158 20995 18153 24630 2130 35336 24611 37496 19060 11348 33143 34246 7014 24245 17542 29458 18840 24633 25302 2918 12062 24744 21227 21158 26748 19729 20004 30446 2905 16198 6489 39137 37571 7072 31818 26194 7709 34005 19282 27542 20288 24098 19405 12854 12884 31817 21944 2868 34894 4007 38277 37460 5675 4228 33825 4139 11011 25025 3463 32457 26386 28783 21334 9509 32052 19845 37518 15250
36741 30061 23522 2698 31017 21430 36797 5999 36466 37423 8731 30025 15129 36730 4559 30036 32401 8300 28052 6658 10369 7230 7374 1404 34302 33169 7853 20721 35265 29567 2213 13972 30396 29909 29025 14913 12769 31433 17920 5233 25988 31992 27720 39100 2872 22111 20859 2697 10869 35391 37059 32617 22986 17426 39218 13235 34350 32354 24022 7747 39287 35185 28880 26228 15580 3061 20822 3751 32761 1717 16018 24901 26844 9150 7847 28871 23329 7700 28350 5018 25897 35006 20695 33946 3900 26410 33625 7551 11608 32878 663 35217 32772 11191 21880 7000 141 14263 26281 28437 30942 34844 38698 6778 31902 6435 11615 10154 27226 11226 35356 39167 25224 11884 7372 36362 14405 18172 7297 13108 109 25068 7816 16256 9148 18405 34674 15313 8117 28420 31806 32368 18243 19389 2382 26553 33544 13818 4277 16352 14406 11954 35457 36574 10977 31104 277 23093 34826 32403 39457 3784 10712 6596 36366 31307 3844 7845 10215 4060 30230 6246 35424 23081 29251 9010 31880 3162 38720 26110 7265 19811 16214 9980 12627 9608 26473 21107 11293 16218 39744 4956 34063 3700 22387 35514 19941 29742 9176 25497 11680 35007 21772 10173 4550 38464 22215 20882 3804 1727
5650 16981 17580 4781 28024 39148 15648 13252 25677 34033 18159 7281 18611 24692 16634 3418 8655 38869 34875 13267 34128 22056 31034 11067 13169 11897 30800 303 15206 14346 26095 22938 6905 37799 24255 38122 4149 36485 3605 16141 26820 30163 529 9117 5195 17201 7995 19673 27205 34848 3632 9163 1935 33082 16289 38265 27960 6665 28399 7591 25863 6780 15360 20056 7786 29725 10816 6560 30602 7204 25880 20375 20788 27097 36539 30090 14764 6249 19441 6556 38341 22673 7914 17145 31887 9820 30101 7005 7116 8797 24831 4411 16138 8363 36577 16037 15896 19757 6460 19852 854 11361 34988 35114 14504 5649 30589 15368 31830 37229 32208 39062 464 28253 35854 10014 21934 13200 30857 37694 5928 26530 15875 16320 16511 7044 7252 29438 37077 29180 32508 27401 327 21725 15800 5787 3197 7624 25212 22923 36198 28839 13911 36621 2283 19322 1809 31690 683 13390 28389 3551 26868 2173 29380 11708 30770 27213 39037 10571 10792 16618 24066 28103 37435 16624 19785 20479 12545 2150 21628 462 27506 35403 24601 30869 21503 35897 34795 18675 659 37901 28393 7724 12465 22749 32152 18704 25527 8903 38832 624 19314 7447 29084 35614 3905 35405 13771 1856
23297 6486 10488 27662 36000 9096 28522 5720 18958 5389 3193 19374 28581 29171 33404 2955 13212 4102 37624 22969 29980 34684 13409 31985 28567 23345 27590 1776 8524 8190 10129 4627 21516 14408 11836 4806 15090 31098 13637 8427 38684 1901 18090 2018 12676 6234 38422 30863 2412 38659 29443 17927 607 7365 1127 23705 26400 2613 35627 12785 12088 30348 17818 11487 34846 26272 24237 28524 6886 33557 10527 24726 10069 14204 32612 36980 13370 3521 28224 11386 10050 3705 33966 31297 23955 9009 2767 30078 14799 22629 10537 15765 4250 727 23711 18321 16327 14360 1302 4371 21884 10914 37485 9792 33285 38257 5306 37714 29720 12506 20849 9915 28938 39417 22962 17 36333 39546 8423 5038 23148 35182 32908 23941 39164 20095 10048 13766 12522 15695 11249 26226 14445 18969 14805 23826 2185 33231 28494 39170 36392 34744 15929 14458 19645 25646 22588 22342 26852 14444 9053 1749 34078 39034 37880 32228 23875 20582 25823 15478 9816 31584 13302 17187 35995 24638 31976 1125 19393 29829 17605 34445 11400 17318 8798 8033 38283 27540 26758 25073 17852 16528 5347 36180 18032 15133 8018 29241 33665 29051 17282 18596 5897 35220 14110 18984 16118 24496 1784 16391
6644 16681 28771 16849 29343 37176 1479 21883 3397 38894 35147 27216 3618 3485 28848 13683 27774 1449 6049 20376 494 32965 6884 14051 4565 28800 36174 6127 24271 28545 15303 16473 17066 18644 30977 28061 11323 12361 21396 1211 11926 7791 38563 12528 7678 28549 19916 9493 28344 36213 28829 4492 7798 3832 5379 10068 13193 35306 22201 23261 10827 21137 28202 2448 3095 36351 20418 10340 27521 38858 37825 219 16840 22717 18959 22734 31428 33163 27948 12543 6065 22013 5424 8462 35500 24316 16294 25826 9292 28713 38435 9488 24065 39021 5017 37271 18262 14249 5332 20305 12131 3833 27673 28653 30016 14355 7304 16035 13758 9374 12848 35707 25877 8600 31891 16859 29280 959 7500 14632 4697 27505 24936 13119 5225 11526 10708 14674 5326 25714 28396 37010 28394 9967 11589 4693 11359 39110 8777 23388 21365 4326 25048 25829 599 17757 16521 12745 33435 19258 24306 23682 19 5030 5495 27853 28684 25938 35451 2164 27406 33813 8004 20092 32978 13827 20037 13968 37640 35111 36357 36342 27152 18788 2802 31073 16426 28530 2993 5394 20793 9902 34582 6841 37665 14187 36646 2816 26178 5232 30172 7980 13621 4447 9388 8418 6601 26887 29741 3353
13800 6724 13882 26495 30439 34274 11593 17168 13107 19594 4240 1844 10612 26131 28490 26192 38030 37326 39022 16863 3414 31583 23876 31494 1638 18947 19993 33525 36934 5390 31244 22399 7109 30210 37347 23667 38056 33006 37153 29334 10086 4641 18005 36416 33094 36552 37579 18453 17835 11557 23328 35640 37989 9691 29753 1290 28367 29786 29722 16447 439 32172 22078 2349 30644 21427 5170 5031 38822 24758 32454 33 1509 21744 13528 16714 37769 10053 30980 11307 10422 37020 1048 32877 26810 31986 36781 20704 14574 31131 28487 5021 1582 29072 28438 15227 18283 17312 18163 18826 15645 5525 21093 36999 9959 38636 20973 9552 12695 184 29126 28096 9707 7142 31715 8211 34000 4165 4732 26052 4613 38883 11745 16204 8083 15563 841 2477 20816 12338 35074 39192 18930 15831 14981 3308 21449 37380 901 19134 21403 37474 21493 30588 26008 8391 32717 28582 6118 3886 35314 20930 32323 34779 30595 19568 8627 3988 36744 29515 38063 10195 10043 33862 30689 29163 23398 33559 2392 2168 37449 2793 37477 34050 25813 21468 28442 20481 36910 3750 39299 19394 23671 32608 31999 1498 34587 14580 26030 8823 31579 7456 29351 32676 10417 30468 39808 36440 3760 31024
32809 1165 17997 29904 25395 9077 11208 3800 29539 9615 18509 3563 20617 39385 8328 1240 18241 23404 37626 19361 19659 11362 11965 6756 8338 33208 14025 22869 29094 39360 2789 17180 25298 30403 4901 10433 18236 5029 35856 17644 22807 7186 38058 32734 26945 3661 299 36962 14027 37523 13486 33171 5556 33782 3206 28479 30935 29075 8422 36458 35534 23767 27597 35836 22400 1572 25427 32444 9392 19207 21166 29535 12229 35787 5442 37044 31851 23911 26786 32213 23367 29529 7882 33414 20942 4112 18396 25468 21141 6572 28724 37887 26265 1197 4489 36799 30498 39858 32179 1995 37915 979 21498 4171 33799 36030 2453 35773 7972 39402 33832 24304 5926 4950 33420 8700 7575 8490 37050 25051 5253 29830 39241 24336 18234 11088 15739 20328 2184 31031 26407 32903 32708 32092 1738 17783 17921 11415 38673 16669 33831 4794 22052 6120 3614 37016 39776 12244 2202 22453 28173 4930 18927 33995 23688 24678 18500 27122 19094 14672 23480 1592 17096 10671 7961 732 640 30567 31318 36569 39451 7237 24323 31956 2646 5250 21829 26371 18116 13327 26114 24154 17353 17483 32353 28436 34336 26591 24737 35732 29397 10322 4174 5025 5835 34346 1637 34175 8517 14649
29993 590 34041 17970 22553 31548 3412 24285 22816 14899 38354 32071 10758 34095 20234 18790 21380 9250 24012 12948 22090 27327 31682 9580 10251 5670 26556 8321 14035 12171 14844 5259 14723 5848 36702 25635 13668 33137 26994 7550 37970 18007 10953 13615 36212 18103 1602 4579 2221 5037 36533 23880 8649 8944 9798 18858 33162 31605 31447 19268 15111 10482 23892 4853 29764 11731 704 24034 35555 2677 29502 12220 34552 2360 7728 35545 1660 11537 11834 12400 5296 1332 11037 1419 29913 9788 33108 30203 4791 19048 7577 22279 17208 19547 5126 31775 18967 23330 500 3487 33115 26290 7613 38471 28784 38906 21256 32329 32565 31441 25790 17539 15993 1688 954 13238 12332 2374 24176 15835 34262 3440 23293 1227 17374 32106 2482 28883 15197 26769 2385 20204 18769 30355 36547 34449 33587 37373 36940 14152 6391 487 32567 3660 6750 8571 6535 15422 10194 20847 28901 8053 7683 16424 19802 16685 13849 27947 18201 23111 22206 1345 16657 27544 6147 4009 29386 2257 37486 13147 17582 24046 4758 37295 21320 31048 27105 36074 20751 5666 6137 23450 2577 36207 23769 24209 24555 26497 24784 6347 37741 15172 39994 32733 6086 2410 18265 4617 33217 9057
35877 30733 25310 8650 28382 13291 23736 19665 18419 35490 32282 19354 17763 30614 697 8785 10066 19280 33126 2929 31634 2080 39477 5563 18757 2077 28646 20087 8024 8740 29982 39140 32374 3249 37746 9693 7402 4367 31832 18582 37165 33311 6549 7153 14724 34377 11520 29248 13666 29611 27110 5765 22571 25199 31511 25301 11759 34934 32873 22924 29294 15131 34103 24974 37101 13740 20954 21646 19289 38731 39627 33892 37855 17784 10598 20590 7978 26515 23755 23037 13510 21751 7752 26200 31623 20075 6312 37321 24580 12356 25806 14101 13511 38934 22319 7007 20898 3740 6855 9478 19337 8965 23125 18715 32451 22029 10810 26916 3964 19465 35088 16460 17427 22326 8714 37292 27487 7328 25141 20171 19814 27938 4915 7148 1085 3599 27968 35381 33344 16623 23754 20940 23247 6101 22374 2030 11048 26507 14380 12076 8652 15986 424 9742 18115 6220 6316 8749 24876 10641 5995 6873 20955 26073 3344 34687 13993 4698 27855 15631 19517 16121 38115 13650 31088 35593 17624 18867 31662 5297 22896 18625 17670 37656 37362 3293 32588 18300 26028 7883 22570 3903 10467 16188 38532 18610 17230 9000 8292 3270 29190 8192 33741 37473 4119 8941 19442 24873 28425 25410
12168 36740 2643 9186 27840 32525 25191 35720 9156 16438 11277 3575 16115 22684 13276 14653 17918 5602 17341 24448 14959 14513 6481 25107 9511 37798 6011 5674 4709 33365 9501 13323 24681 1412 22316 21572 20420 39286 10801 39844 13335 4091 25849 2709 32513 22229 32191 8050 353 32602 6509 19943 19677 2845 39965 16963 19526 26613 7952 37505 24074 15166 38372 5992 4486 14636 37293 26029 31427 10011 18852 20910 2998 32214 10160 11026 32844 9749 27727 27959 24695 37068 21035 1311 10998 2504 7445 16169 8141 12128 39706 37780 13083 16476 35094 1883 18922 37586 20358 253 22476 7395 14166 1939 1367 9701 34352 25439 5421 6607 30555 11288 8343 28669 12297 15200 20851 19306 39732 32468 37325 15328 20139 35286 39898 21798 9075 11 21129 18708 35550 4681 7224 39673 17394 13656 23685 37317 3654 32845 37214 9337 36250 10403 15428 366 5444 21799 30405 8115 20497 4605 19521 13247 1943 6446 12846 34807 32365 31607 17388 13532 10393 6462 25333 9328 25467 31736 23579 4670 30469 32939 21418 38980 19722 7400 16011 13176 16752 22556 6907 30304 36120 10474 20928 19863 24333 23156 10428 3219 38992 17507 34225 30262 12243 35112 20263 19323 14976 3714
4377 15371 37346 5804 36449 2961 36710 34017 24810 28207 31767 22549 38782 17782 4448 39951 9413 37912 3976 17775 20079 39996 32635 6426 32182 11905 26347 19615 33850 4859 36785 30847 21459 7828 4364 221 35754 32395 25882 33069 30864 6428 39643 977 11281 36941 12042 13619 35823 33423 34947 27851 9340 21529 5190 10563 18264 31960 16484 16178 30823 537 33570 21607 16664 13016 809 7284 22254 31752 14492 23358 21187 29689 32556 6901 16510 20346 34347 2147 35527 39765 23051 23735 29865 23188 38169 15162 26430 5279 37882 16183 6117 36761 33432 27923 24130 38342 1312 6242 28300 25837 2254 1506 27823 37421 17505 25029 2414 25779 18865 39395 31569 2090 1847 17110 25838 16103 14969 37398 10870 10670 10779 34584 29157 6079 3642 3068 312 22046 34870 39736 31418 32520 22842 17361 38622 16288 19772 38313 7837 1292 18995 3214 39185 17506 5272 3913 1439 26484 35223 39340 6503 35101 4398 12731 20143 16854 3536 26904 26694 60 5896 21098 34789 7489 22259 35752 18592 35714 9001 32302 18890 14252 7674 27952 14511 30153 15407 4394 34136 25215 2718 28928 32935 386 38208 2632 34038 8275 17576 20548 7707 13488 5112 23502 14517 16038 17870 21265
5227 5082 10487 14718 29326 2332 29331 34962 34200 18285 37944 24650 23354 34815 33201 30392 37778 2843 32986 2967 35315 20739 4062 3739 1822 20333 10479 35899 33411 8522 34134 5837 15990 23553 28452 11414 20490 20710 28647 1918 6329 14879 30133 18839 6765 30990 16173 28632 6834 27037 37617 39473 27668 23903 16978 1442 4564 18803 5343 19640 23360 9123 27777 28648 24028 39572 37754 7423 35205 37268 10009 30354 10355 35057 27744 10951 15886 26651 24504 2457 2607 36126 33800 28476 34816 29839 34819 15531 13501 3047 8773 15753 34462 22359 33521 33263 5090 20440 6172 32832 37860 29840 31730 24468 2486 15950 13992 912 31341 169 35198 35262 2839 18737 8480 38266 6727 32131 25663 6121 13109 15564 13264 28159 33273 36123 33114 29004 7460 35678 6817 28574 20308 35237 21079 36345 14631 12614 11033 28114 7132 13357 27916 20576 39798 2469 1701 30030 3104 11078 23117 36576 39275 38877 22008 36920 24310 30064 5275 17185 35580 30551 15839 4598 22624 4633 24024 38109 5557 38045 3008 14292 7999 18983 6968 20245 2940 18133 1683 20491 5719 17379 14665 2753 31368 22950 26998 36220 32591 13926 23740 4114 3656 13837 26940 2322 27578 33913 5133 4596
13647 38850 27519 37121 28402 28179 27219 38340 16901 37874 23865 30412 31761 152 25344 32787 37034 22767 38455 25749 5712 32402 24608 13165 24481 15537 18987 34595 22145 39848 3942 37934 21387 3640 15865 5318 7099 28327 15711 21892 38190 33462 18362 22613 14619 32370 9723 1808 37638 7345 19635 10713 557 21711 6050 12446 28191 17288 4386 21071 29957 3158 18313 15847 6540 28258 14363 31695 12780 27612 20068 12606 31622 13812 6676 6592 35948 25932 13190 17463 4090 11319 20106 18966 9296 1232 34647 33660 27041 38055 11458 13984 27382 11912 11150 18046 7671 999 9360 8943 15466 8047 30116 22313 22883 11429 15515 36575 3615 3405 36269 20578 34303 3533 3252 4778 18879 37080 7981 4001 11182 33312 34925 29418 5820 39903 38715 35923 9676 31593 27283 37600 4115 11791 24562 22367 16004 26801 37954 12023 23005 3772 32493 28887 38395 32154 2002 13403 4997 39975 17780 8547 18422 25286 7391 16480 3817 10451 33842 785 7266 30673 14973 9313 33806 14353 18521 37309 24049 3676 23588 18662 39116 33010 12221 22172 6484 29036 27829 26743 15979 32718 31637 28351 22527 3237 36085 17417 11344 23476 4924 35203 15718 20619 28618 8876 3770 5298 22166 11599
8686 3085 8148 9147 6762 25518 36603 18849 8552 11853 24627 17210 29491 1148 31290 5968 37446 29598 33751 38774 899 30424 33002 22929 33715 28968 23836 32304 17014 14038 29110 269 3444 22862 14962 1645 27093 16346 21537 25197 3238 30995 23075 10121 19049 39342 489 14643 34568 11634 19558 20062 32243 12107 34020 4638 22617 45 12842 39458 7189 27429 8883 33274 29751 25980 2507 32933 34686 4338 32510 21603 23201 18168 17704 23932 12764 37667 36765 27718 18876 13377 36128 17454 22077 8861 12741 28360 6956 15640 11457 33956 9565 30608 7226 13779 4374 13565 22787 37682 12520 27607 18366 11129 15759 16008 38162 35353 16330 21788 15975 30763 20128 35860 30106 25451 24497 30708 10112 4080 20693 11551 14572 23989 35343 23514 8429 19795 32474 9270 8822 13697 5246 15916 26256 26854 32621 27289 15696 15044 3694 34598 10781 7427 6263 32818 4529 30721 37483 19880 16098 4771 7273 8548 1676 11766 16696 30186 15614 21602 22117 7058 6711 25609 21088 33619 5888 25915 36692 31310 10862 36696 8508 14601 7862 12537 763 30882 16920 3765 32240 39352 23397 31733 2181 27909 12887 35898 22370 22284 32516 4820 22916 31470 7030 23529 30225 30175 35513 11892
9733 30393 35072 20915 523 14933 27766 7567 27746 7572 24270 16832 3119 37722 11189 36528 4467 36473 18178 1662 15883 28135 19277 21362 29249 19984 30526 29792 23281 24163 28130 3182 17737 11767 10809 16921 26237 37932 39441 12504 30085 7989 10339 6355 31792 39777 25994 27986 11893 10543 24422 28015 1517 206 8152 9581 24202 14138 9022 5693 2407 7314 12249 36834 6631 37095 20656 38811 9415 17069 31322 35598 1062 31566 4207 33809 33653 9630 35509 23150 20560 20777 22793 33634 24261 39539 11764 11258 2541 25317 14712 38754 20881 28317 27773 32111 28750 8138 38917 35781 17740 36492 20797 31479 26417 23348 29514 19703 8109 24804 7965 1483 22087 21706 27508 2925 21200 2343 12706 4854 6688 38404 6360 28630 19078 22679 8756 26859 20714 35071 15113 34743 25640 25244 6051 14055 39113 39597 9663 12717 33266 30683 12041 7820 16096 14641 7870 13759 13562 19914 51 7536 38042 26892 15223 2014 35283 13460 2435 15777 6022 822 37575 25623 3520 34359 22358 10577 4645 4020 11393 7062 32867 8643 2776 416 2522 23355 9754 7188 30328 26442 2706 35162 21544 28264 10096 33416 33431 24148 11354 10326 32077 10470 22589 29225 9694 34651 24969 9115
3855 26552 30665 17558 33192 14949 7199 37327 22746 3715 9063 4395 38893 14838 705 15292 26302 29861 31995 19955 16158 28734 31807 17277 502 14021 36833 853 9822 14041 4034 34485 24064 12869 36251 2944 39335 16150 18225 13474 20207 18402 38581 13661 15102 6075 37623 16039 24109 667 16555 7873 2206 16104 38216 13379 2508 31269 34838 15047 4285 39407 23387 5433 22890 33295 19893 25323 17189 22796 23334 17116 35059 17648 18557 11718 37185 5560 12905 38552 39429 16149 442 11499 30778 21617 7976 524 2272 35464 26906 23900 37836 13943 33724 39492 17945 26425 13011 36368 4905 1980 28602 36229 35913 13100 19675 31644 10993 27736 6227 38335 31396 14734 31720 23351 18407 35470 12255 5447 36875 33248 30477 12133 34239 26590 35655 11866 23615 25738 556 1810 4103 30744 6618 23390 31138 10185 7832 37981 18099 16029 27081 26525 29038 572 30729 18351 37255 12954 31233 5426 6352 35692 34952 27144 28082 21103 32661 16054 18189 7242 879 35040 17285 13076 17331 28273 33626 10695 25717 10602 39698 37154 30484 9683 2555 18469 4347 31075 6735 29847 38793 24863 4532 33545 13951 29314 3140 30313 2483 12315 12488 39941 1653 34227 3055 7233 18768 39160
12419 3767 29719 36802 17693 10645 17108 3645 11432 14877 1942 4961 26806 38105 31186 11904 32987 30279 5906 111 11990 37350 6881 12071 25558 31266 11598 21064 18639 8808 19290 20344 1674 33235 36701 32430 31398 13414 31320 30760 35681 7988 12684 24007 856 12772 29259 16166 1899 23656 39809 5169 17203 18274 33275 21720 14224 3492 19495 33919 7940 36257 12304 22591 2420 35121 20374 9161 20627 18091 31866 8475 6365 33232 33233 4477 33641 17895 11984 1098 20351 12237 30850 547 17118 4706 3204 11165 36554 11264 17823 39436 20435 32498 39867 22517 30394 2236 4558 20616 16390 179 10310 8687 5697 10824 17264 16785 23373 33797 9316 20178 34916 39324 18259 17650 14124 6635 17068 2621 31405 31471 39052 18641 23905 9717 4703 9766 28661 15377 29577 12362 31007 39053 22583 2754 18684 26328 28218 37084 22098 12113 617 31964 19114 33155 570 22332 33742 19168 694 33550 27526 6241 37025 32351 25225 37813 3420 31621 26354 14121 22572 12789 19109 7251 18567 20104 21216 2039 36666 11752 34562 37679 1161 17695 24981 35695 3177 25683 15359 4110 29897 20209 11572 8057 20280 36089 30642 31312 39369 9661 37231 27669 33848 7930 33586 32281 13421 5088
12720 24950 5423 25277 34238 24282 10962 13682 34800 38588 24113 10021 9101 35553 11629 6381 26624 28515 35089 34145 13807 4767 16216 38665 21289 36709 26321 6105 22860 24732 29787 18812 38461 36535 10414 19410 28709 10682 12203 5851 10625 33046 24999 13560 35668 22047 28733 31170 1213 32258 17817 7036 33467 17172 11383 4157 63 18208 26418 11086 7024 22712 37105 10224 22305 39506 38802 18981 12972 25509 22845 34314 6757 37690 24851 17865 19709 3010 25910 23766 11451 7896 10696 16701 32503 31650 35749 31753 22989 21812 6845 8465 10305 21784 12937 28387 33907 13045 23141 196 29866 10575 7361 19171 8730 19533 31336 23966 25710 22083 39259 29176 35256 31177 4621 26659 31421 1843 26730 22479 33901 33851 12075 2536 20162 22300 34736 22823 22620 10202 38222 11421 32298 39249 35044 33339 927 22055 11544 36106 13793 11522 19841 11477 25916 11413 6599 17794 33154 17333 14615 38936 30656 19770 9669 18388 33445 34626 32590 5057 23901 30585 391 7245 24724 23159 14084 7091 457 8088 33923 39541 3500 13406 37439 30124 680 26349 32550 10149 8682 35998 38960 17302 33351 19822 8664 2604 16212 14335 28931 21842 21923 5047 7339 6046 7589 19775 21295 7419
37001 31917 18466 38488 6536 1406 6734 23394 18696 1581 15033 14128 39888 33003 8467 38534 34096 19180 16187 29989 10187 20624 17450 6869 8763 15698 4682 39173 36421 31193 22554 28193 2995 5582 8157 25803 14205 6673 19573 34517 1807 1788 35701 21501 13884 21933 25294 14898 17750 28972 27237 25613 3553 25824 29941 17682 935 1286 33104 32041 16970 21445 16756 32415 32063 28723 9625 24647 32601 25139 24644 28903 36682 928 25116 39621 27298 3620 38829 31781 19878 28861 31847 29434 33168 17521 14350 34197 26254 30695 34270 25030 21789 30174 31371 26701 26500 8530 32488 9569 36072 2084 18317 18835 36011 23030 33306 35807 23834 9528 29524 19957 30302 1855 38814 11183 31313 12303 11081 24736 36183 8925 2297 341 2911 32121 5819 24359 35618 38902 18691 6135 20989 35242 24474 35670 20926 14859 39349 39013 2732 749 6195 29581 34655 36379 4711 31179 19909 5130 22750 17365 34778 36590 21013 11616 17018 29500 11032 26840 23310 14550 20150 21675 1733 9389 8064 8158 38967 16651 3221 23662 28695 29971 412 39372 5305 33954 24615 18822 28016 16884 14463 19200 3680 5454 20318 14525 36186 6684 25320 24899 20683 23758 24077 32751 26821 33778 2523 22348
18426 18499 17571 29136 14774 28405 27535 8168 33771 20864 21355 1420 4430 18615 1430 30635 30828 6122 32380 34373 10768 3724 10494 32579 21102 24583 22260 836 3710 32820 15693 1964 31147 32226 36966 16368 39222 29652 32913 31539 13953 22477 25347 7954 31091 7759 36329 31353 11172 9667 15844 23848 5288 20676 14848 29270 1903 10629 7502 9960 7762 32863 19994 34284 39756 17529 1039 39329 13424 14338 16209 1919 1497 39253 37371 36452 1347 1226 18504 22694 30618 29396 29916 19607 39343 38281 17459 22805 34569 9696 31863 24821 2316 16873 30755 13500 26280 12485 29312 28412 28656 16869 11128 24457 10879 20265 11805 21950 38937 17960 20129 22833 35061 692 18519 16155 35691 34268 20147 21968 32399 2645 9375 2232 3674 15843 11545 31345 14569 33685 23322 31118 14256 30965 11561 3345 26767 9829 23213 19339 40 17594 8077 22227 29812 15152 21504 39225 9016 25774 2091 31643 9045 37393 13270 3263 21623 23218 15189 9185 8455 24616 4772 17993 6157 24052 24455 16148 11927 14651 16542 38597 36721 20990 37896 28059 38780 26630 13315 11428 33576 16773 34174 7732 18207 21209 33965 3 12318 10013 14623 9519 36438 13552 23118 5085 19382 17217 33780 32193
32397 15480 30081 3126 24672 10966 3876 6243 20776 35586 25184 22792 24494 10558 24997 30376 7174 28592 1583 25719 11306 32781 18180 6346 37691 34770 29992 27184 19052 17126 3354 1646 10420 31278 27025 15802 23703 5355 916 24055 28148 37035 22336 31462 29869 34168 29256 6642 16868 12279 23318 13069 28027 33676 22638 6554 13706 9979 35745 28554 33219 8121 8717 10012 4899 16765 5709 17255 9411 39479 27033 2217 37811 38107 3280 27416 32764 16030 11471 33014 9027 2953 28688 9339 36949 9321 12757 5105 30651 5019 10031 37274 10174 103 30443 13864 34232 23255 5824 5050 30027 24566 17949 4041 33824 14029 69 36753 36312 34818 21664 33341 38334 21974 5907 29778 18059 37365 178 13664 13638 13855 16073 16654 17776 30029 26811 1435 32719 8623 15499 33177 31164 31667 30639 19318 35765 36420 27115 27409 7702 31547 23874 31820 5689 27634 26155 14875 3559 13023 1574 35799 32905 27022 10456 7511 16049 37297 23846 3590 2075 7443 9988 29089 39992 27943 13727 33833 12680 7584 33614 32460 13227 14540 3213 38696 4986 23447 6564 5161 29576 34299 1892 27817 3286 35037 39676 10590 33579 2078 25071 13153 26180 37005 6529 36010 14566 2290 34788 4342
28221 27838 23869 26894 35715 21854 26638 27120 25232 10843 30908 3723 28037 22756 4943 21342 32033 18663 20698 1914 12431 35390 34075 35250 5399 32736 26205 22560 3613 18884 20636 8501 28231 14508 35165 32909 2629 19890 10840 24278 16441 2188 7991 23287 15093 7234 7524 34148 21967 32241 28111 6614 23527 19462 25974 24570 24575 21920 35443 38570 34621 38424 19449 10668 19694 21431 26332 16436 14157 39081 1564 26604 34009 14246 16856 26700 33903 13311 32942 27814 6876 30219 21948 12078 18382 34143 14172 28170 20603 9167 12996 24953 28985 5226 26802 33708 17881 504 34376 30356 1235 32195 19700 35475 15503 30306 9599 19217 15399 4683 29994 30008 9196 20952 22978 18853 107 16817 5746 31938 36811 18891 33180 16146 2611 13754 31822 21538 1575 8269 4762 22296 35785 21778 32028 14627 26564 4276 5285 8913 9729 29645 13753 37675 21780 2574 29088 20755 35399 16162 982 21237 25819 15433 9626 23167 19270 3690 26233 23458 22622 29585 27826 2924 9895 28769 22691 23204 261 18458 22155 803 24437 34603 30707 8006 28826 10813 25152 7207 27282 34206 17741 25873 11003 9968 2340 27527 20433 11817 26306 15382 33268 1474 521 24643 20933 11991 8232 37277
32042 11332 23024 31482 30811 133 6229 29152 24229 11080 31092 23651 9916 16559 25836 32511 15387 15677 14758 30033 38724 10654 12070 7221 642 26253 21454 19159 16088 36468 15853 36243 17081 18232 34126 23070 7514 33922 17267 29313 3744 30189 27256 24361 14343 35673 10685 9524 6502 7670 5490 14656 18851 31142 35419 20262 8172 17022 1745 6119 27437 13434 2241 24745 24710 11838 30727 29618 30099 36794 30988 27396 15036 8257 12291 32409 5501 26318 25571 39718 29412 37838 30912 31671 30303 13268 21689 33976 19740 8568 26930 20006 10296 13821 26083 6113 2237 7183 10473 36824 30006 24318 39812 12787 36522 24140 8672 27933 28365 4131 15224 18926 34424 9364 25336 35488 12408 23155 20033 6230 6149 30256 16464 4205 20181 18470 11792 2437 17602 21426 15330 7140 36541 22406 30401 26118 25617 18802 21393 23321 25201 22187 12957 25987 36262 8 38459 13279 36505 26506 36560 9586 23269 31555 21685 16850 30625 13210 14507 16847 23680 21970 35132 36847 17128 31788 22125 38615 20384 27069 35386 16431 5943 34027 2567 30636 38806 20541 13690 20 31280 9627 11303 32575 14888 16244 421 19530 30275 23571 12336 1534 1283 23988 29944 2625 4834 21363 33049 3940
1543 29389 29956 37343 38996 4002 120 1681 39362 26672 10653 21743 25681 5372 30202 13584 8532 29308 24469 2231 9019 21843 10057 9473 10665 38442 13082 20635 19783 17439 4280 22972 26623 19153 32758 34372 39386 16032 32527 17056 29142 6254 6206 17072 25573 24400 32165 4889 24874 18145 9779 23508 9467 634 9688 24652 20306 20757 28894 5319 27576 32265 9994 37471 25574 28499 30979 2238 33373 29884 26423 17806 14760 126 11930 22407 24025 3017 32689 17357 8345 17070 13946 22439 22943 378 18756 36337 20459 11804 1287 17136 7714 22299 37998 16295 30495 35985 13259 25171 750 34908 19041 20154 7854 12824 27699 12006 4872 35012 7053 4128 39401 7879 17197 30082 38849 15743 3189 2797 26116 3025 315 10298 17686 14920 33095 26276 36224 36385 17572 695 39270 29770 23770 34738 39834 14223 30404 7906 34154 31225 31967 24240 35680 11981 28375 21065 19976 3898 10690 5132 33222 30378 19598 31589 11356 4354 14684 34921 19945 36724 29934 18328 8451 11478 3711 24855 37447 36865 33599 39058 24817 19591 37565 8273 8778 16841 16381 36232 23690 13995 17722 16182 33773 28753 11138 2870 24872 23782 20434 19342 19613 1196 5506 23768 33172 23391 17971 29887
25628 24264 27062 19238 22368 8151 36402 37607 5974 6339 8097 31289 9744 24161 3452 22380 33759 19457 23248 26943 13072 33702 22520 27356 28726 26126 24886 22076 27275 25793 30374 142 25766 31311 8389 34004 17528 904 37086 10999 22239 26141 5348 11721 12516 34627 10703 13738 24156 22048 38994 6213 821 32574 34694 2640 29138 31840 6988 18014 27161 21580 17396 25763 34433 5682 13480 13908 27884 21276 12371 15703 7216 12863 9568 13110 10586 17045 3497 9158 21419 39892 6896 31481 1533 19624 38024 19043 38078 20625 30641 14426 29629 16754 1771 17668 9526 14919 24384 25726 30408 5798 13822 24597 27801 19774 7651 552 11002 5809 39211 20783 16291 30640 19989 39535 32850 15945 5984 12193 17726 18112 8144 1838 18903 37942 31933 24947 25168 31871 31743 12033 39019 2403 34591 7947 7679 11864 3150 1319 4000 1305 2920 37404 8166 5957 32203 14087 22843 13415 30414 30379 9796 18320 33260 31888 19875 27755 966 37089 27322 31659 32959 10477 28482 28599 7049 21392 18905 36294 27581 34701 15730 29518 28058 31097 16643 8396 38794 23530 32242 10971 25830 8007 37757 9376 2207 10197 27809 39916 14864 8318 36537 11445 9354 27808 35213 35992 39731 14782
34754 5931 31059 18464 19636 10526 20314 28280 27800 26692 3709 29465 7346 26366 28189 28708 12938 14578 10941 16886 24776 12240 15947 8435 31538 11828 24442 9365 25179 19211 28109 37389 14770 29439 38449 22506 26097 10198 5168 25618 4756 11595 4663 6297 17838 28127 30483 28680 29235 26886 9137 33696 34946 39234 16550 35219 36508 34258 9222 17032 2132 8673 231 9385 20223 20982 36427 15369 16530 27504 25851 11152 34295 3436 1356 13025 18619 736 16363 1639 26150 23718 584 27574 3037 3454 17292 38298 26832 3617 29376 26406 24436 33064 11385 7430 23031 3646 10364 37902 34287 26764 37891 19942 27194 24553 30218 25095 4897 26621 11028 13852 32806 15606 31370 35378 10287 25283 27254 33299 35177 34688 33012 28147 7055 36925 4676 15218 11554 12749 38526 602 6340 25385 32631 2419 17429 16217 26957 32411 7922 19309 6547 29919 1625 36335 10463 4948 29415 15121 17625 22704 16913 12622 28470 30365 21642 1567 13467 4064 38590 224 15112 23806 7462 32013 28279 19682 28158 9287 15613 16143 32017 34349 6840 31635 26168 21807 28633 21951 32394 20545 3269 7634 31261 19020 1250 20025 39633 13048 8590 3747 3856 32535 16699 26665 14625 1393 34717 13790
20771 17543 21790 3968 12035 12003 5114 24396 19156 10686 25228 5357 8741 37468 392 37497 11625 24357 20655 23516 8074 22573 22926 14924 28657 31306 24538 7871 3251 4694 30233 20947 32763 6078 2521 25733 18551 6730 19907 16021 9314 12597 36853 1601 21570 4984 19970 12820 23532 7315 33385 197 18586 38763 1216 16975 12305 11869 21851 15139 32062 6825 22899 11742 13524 20398 13257 26736 5216 7150 8621 9155 6166 17099 30441 13373 29761 21991 22084 25028 36685 14290 13786 3128 12665 18614 32690 4456 20110 39276 23791 35428 18412 11678 4097 37589 22104 6880 268 10613 31025 11075 4632 10336 4035 33900 37897 31423 20533 34489 17751 34366 33378 27887 2894 29968 27100 33455 29683 8223 7143 20839 11330 16717 15687 17680 38660 433 33766 36096 25572 33791 21793 12470 36762 7086 33131 12754 11045 8761 15830 28020 33317 38747 3304 9883 36240 5605 26057 18386 34662 13663 33613 398 34224 21567 23799 8602 33616 19847 24612 20703 13687 13811 30363 22146 5611 8891 30921 38466 13059 8912 39793 37311 26499 27217 8513 33383 10518 5665 6868 24463 22415 12085 8470 24415 16843 24850 8290 37781 34677 20296 34734 13046 17977 21673 17055 21971 4893 4685
11682 16867 18594 12183 6652 20996 3702 36055 37940 318 39575 39747 7180 38278 10927 10731 28987 32821 32975 7114 28507 14132 5113 11309 33089 22785 16667 24477 8102 10346 1756 27724 30698 13838 33920 4722 17795 15221 17375 2513 18389 30523 34871 38479 16160 24302 32538 18060 15179 23196 6036 33120 25357 22072 12689 34554 20396 6404 8951 16028 4640 22160 25489 15846 33537 14274 21376 31026 1992 32992 16930 19253 8010 7318 35952 10669 12974 39560 26106 4626 5396 20889 18819 33905 31973 24089 29816 30314 36326 31855 10128 33534 27284 27483 2067 220 2847 200 3088 25729 33698 11848 38889 20919 16728 10341 21986 32076 8122 18369 3675 24016 16299 34450 25313 32103 8070 68 19481 21820 10859 19940 7936 30713 6412 11655 39674 32187 1600 15190 38562 20778 22232 38407 20639 14677 12572 14903 10530 38668 32790 10933 18646 17262 27907 11213 31188 17770 7426 787 25162 15216 33426 30600 35584 32589 592 2919 27318 13471 17261 33670 21839 33281 30179 22366 39624 11065 35102 27579 1163 37394 24890 11559 38297 23047 32308 13340 3133 28675 32420 8901 24915 337 14298 8688 38657 15874 27842 3220 14996 38524 20001 8684 19242 1228 23912 1427 14732 20028
22959 7941 3123 35901 20468 13125 1931 262 26768 2873 6419 24954 3380 33054 16298 14254 37957 5971 16131 15322 721 20377 17901 6421 19225 22984 36866 36012 23583 27019 31772 14472 16585 27431 15056 18680 34814 30950 28668 10109 20386 12433 26220 8974 25325 8479 3657 39255 39418 10117 8025 35434 19744 9224 3576 32989 4700 24181 8784 19516 38710 38843 23639 4935 28998 7194 3356 22609 35214 23841 4926 9725 22253 23971 7167 16137 18700 17437 7390 10342 18023 23165 21288 26127 39209 9753 10984 26799 5847 14357 15454 10350 4745 32884 19602 17252 15495 12575 17701 29222 37835 18645 17232 34585 25059 36540 9168 32662 16151 14955 12739 39169 31877 22004 18906 6904 4053 31205 520 28144 13437 9651 13899 32221 22522 14170 4219 38101 37559 30487 19036 19421 3427 6248 13577 20987 5653 3386 17926 7717 13432 31299 15237 29257 34339 9719 33666 20233 5580 22179 27876 38824 3698 28604 23917 28858 7662 20857 27555 16293 12635 16221 21406 37495 15276 17564 10973 32449 24739 38501 35912 11647 6691 5773 3100 7060 7617 4876 10231 35370 12871 6740 18523 38878 33855 11924 8331 18472 9483 22743 22291 25259 22689 35090 29819 36188 19891 1187 734 15048
23108 15505 34207 37270 22264 28486 4485 16896 32222 33440 14716 32825 13625 36990 18442 10791 39130 31778 38475 10819 3103 27235 29149 33524 19129 30753 36937 25193 34383 1620 30261 27815 18071 13718 14466 26414 39397 17446 38935 21739 15551 32881 39552 10291 21163 8561 18990 33109 14738 34661 17691 33050 37946 10512 20634 19599 4880 643 22921 19223 25377 26204 30901 2820 34549 6399 33774 39514 21547 6828 24354 19123 30220 25061 31619 31663 23969 32504 35397 23402 2552 10078 2605 8404 2131 35677 25000 3841 13208 30097 37328 36783 2916 17171 33024 14230 39003 24192 21068 11785 15088 36164 12694 6745 29874 37872 21627 18244 11539 25072 39814 14206 102 22768 9957 23999 1651 8922 36639 85 13952 29833 37508 4185 11524 26913 8612 5427 37013 18006 5223 16781 4168 24201 31245 24801 17646 28864 29425 33933 18631 21985 21297 11483 37251 33608 1070 37100 13986 21024 18451 23044 25883 34356 21809 33466 35728 833 19901 31838 17339 18524 39146 20425 25078 38718 38635 17587 20991 1656 472 13919 19102 34690 28539 25611 6432 12230 17771 37594 37903 35174 22261 24179 32166 3282 4461 20890 31836 12010 22103 38988 5073 16474 37104 27273 23101 27086 10253 26599
21029 21965 16241 38454 39719 1655 38826 14635 34516 30549 18070 25762 38293 20315 32128 1580 28897 31657 34118 16306 31620 11224 9982 8009 30418 31144 13794 7850 30973 38337 7757 2805 285 4387 20691 5664 5831 7097 4296 39758 10145 11347 7994 17270 33327 4969 23488 7925 5625 26782 21011 7422 20741 37070 28787 25696 13292 7838 11988 5738 13391 17105 26387 19059 9404 20313 39780 34409 32157 18214 3456 1331 8442 32882 16740 4704 22838 31375 15732 24118 22819 32202 16608 19406 22088 39953 14767 17839 15418 13435 37995 38125 4881 26246 33179 3755 23701 39925 21115 12057 24909 32625 14447 21703 19363 19630 38394 23411 32810 11422 19824 4052 30604 26470 27850 33384 21844 24450 33530 23926 35591 33255 15230 29342 21010 8237 15362 27011 15740 27335 2778 5186 1624 2036 24062 4555 10579 11881 34731 27541 26962 33367 17371 39227 10221 14000 38034 12983 15577 33206 12895 8297 1097 9402 35885 7556 13642 17289 25386 33671 34983 11623 17381 1659 26326 16481 11338 39730 1325 23490 19637 7228 26653 34519 29612 38036 21906 10509 38186 5277 37160 30312 37938 39393 16001 8776 34117 34438 38417 3735 17774 34692 2650 5743 6201 2471 11120 34443 2933 24966
5505 35029 27180 20414 2029 2884 15691 32459 38607 7302 9674 3786 19400 14454 14785 34746 4233 32347 25865 34332 5007 21886 15705 36979 20378 19702 12925 24753 22949 16879 21056 26198 36448 1350 29619 36705 26939 12360 26458 17879 36719 38195 4353 24596 34390 5354 443 10424 2261 6134 33511 4589 32432 3430 1959 6741 30316 25282 38418 23562 22073 39778 21665 36361 12913 22824 31979 30198 25626 18845 4714 8841 6850 4678 13787 29489 14403 22516 25724 36584 26944 35809 26924 27421 36982 13329 20345 35268 3394 30952 31117 5960 9272 1355 14165 9935 26213 38998 26980 7684 29519 10863 13218 20244 19979 15650 17585 24342 32405 37283 13195 36272 26521 855 13897 37103 24443 31978 25878 10705 7505 5046 3080 37566 27687 26358 27790 19524 25920 15468 34628 12110 36090 2679 20585 9256 18866 7785 21622 17473 28828 8613 37975 29979 19514 21781 27757 17891 39905 29417 7467 25917 20470 30840 1159 17540 1923 7125 20840 1750 30315 3260 35841 32210 24349 24727 9380 21494 4138 37999 37329 28821 850 32189 3628 39027 35134 33810 2936 28681 13316 12044 33843 35299 29119 31774 15408 13931 27768 6858 11133 13569 35010 3936 10948 9071 38079 23431 7869 6906
39644 865 18538 2586 15826 3159 38765 36325 7563 14970 36928 23697 17633 17082 20754 18271 14698 28153 32383 36707 34104 18089 36446 6430 1147 15043 33969 1707 30599 34396 27871 35320 16252 23470 33869 31185 39430 1803 4611 38307 15312 30063 28383 26013 22276 21391 16502 39428 14862 2193 4941 19821 14225 32032 13634 10776 38469 15325 36300 27560 19380 1322 11826 553 29606 12219 10171 38061 20199 34999 26999 988 17348 11669 33840 28941 39214 35828 11023 25872 38193 9605 38694 39212 27866 31961 10990 9072 25982 19373 27657 22044 10709 31857 28640 29311 14797 27596 8184 5799 8835 5127 29631 22110 15924 14316 302 12083 8459 25137 39097 19115 34010 28854 34592 39204 29713 17990 37657 12503 6482 6359 12574 8947 32332 17019 39988 2032 27985 10501 873 7103 7852 18952 6916 19005 38779 4278 23786 30206 21105 6471 34421 10566 28472 35574 5713 10156 21824 17635 24853 1779 28049 7597 5613 757 16197 37802 6983 29601 20651 11131 1491 1093 28198 36035 37876 3167 10805 16833 1562 39332 37248 38508 18034 11053 8791 1721 22007 15439 30461 11605 19341 921 13140 4362 35793 23132 3230 19971 38808 30141 30013 34430 18732 9040 2642 22058 10404 17498
22971 38440 16997 12480 25604 37252 5920 10980 13543 24820 5294 26007 1276 18063 8463 39537 28773 16269 32047 25517 39660 19372 26389 13196 3758 4580 12576 36750 30742 23007 9974 37303 28714 19962 23704 39760 25539 39511 26993 2571 15545 37943 7929 15269 18161 37627 31572 35939 7337 35548 17731 33078 32294 21817 11490 28959 16186 7735 20825 5659 14541 30579 11503 9757 1158 1212 12160 35723 29755 20732 2666 17363 19739 26571 28809 13464 2729 6626 14352 4247 9763 11491 28638 23743 12602 30349 31379 3510 15770 13304 10580 9801 18270 37211 29483 5441 3131 30456 26135 18900 27325 26761 36922 23307 13114 11995 17327 19392 16635 4189 31407 38409 35098 11139 31483 7013 22518 15107 11918 37130 32463 3681 32423 37458 28980 1739 29145 22663 14375 39131 35819 28418 19426 39065 3526 21175 14639 7745 8483 16706 39573 22243 24689 27852 29261 31460 3952 38300 30806 7134 28665 28844 20654 36908 6193 17599 26170 7130 32346 27538 9752 14442 14688 34385 37704 15602 1666 36565 30457 10825 29422 20493 11100 26331 31165 28951 11832 14746 13905 9939 38366 23127 16780 7987 24081 22683 35146 27474 7727 7404 5012 39611 21439 15251 38961 13319 18979 37149 25688 20298
24593 20192 18727 81 15584 33358 7775 19065 36087 29065 4862 35730 33479 25692 271 21118 32343 10413 33988 39069 18251 31773 10604 16071 21502 33801 14199 2588 31160 34546 26973 9564 10400 36835 34016 27371 2233 32144 565 12497 24625 19693 36656 23479 20665 19448 21384 2585 2851 26851 1294 20340 12277 18323 10504 7620 16433 5756 4873 23653 32096 10740 11851 9551 29697 8039 14395 5922 19112 22475 8059 22538 20664 16500 3413 29953 14010 17035 22802 1698 32048 11256 28354 588 15072 948 27803 25593 38691 23233 6912 1113 20285 1734 30277 25206 485 3687 10767 8425 13469 16989 31220 29798 23296 35766 24381 9030 215 14842 34747 8516 25182 155 26243 4878 34085 13360 30105 14768 12234 16945 31570 11888 36139 6004 19331 1925 14345 1229 6252 18084 34543 8848 15827 16912 16086 14901 21559 2615 19604 15998 31204 32636 14532 27473 18502 32496 37322 22391 19122 8618 3271 300 16712 10931 7921 30372 21461 12019 19092 2958 5871 10385 28283 15306 21963 3650 7672 27014 24581 36316 16698 36713 28204 10929 33447 24139 9462 4983 10439 5976 1271 24839 20608 34187 23631 12123 13095 26833 6314 25906 9139 13407 5023 5681 6062 30353 11978 24976
18516 30859 20419 11880 37386 24039 5883 19595 11151 6112 19128 7754 34122 22482 195 30606 33141 34776 600 17734 2557 31158 3658 7073 38230 8127 16443 14967 23309 4197 18964 12257 38789 5863 33213 26861 30716 12788 36654 11437 9684 20253 21924 18682 4618 17223 33408 18341 16808 24216 24047 30243 36433 13774 1135 16590 21759 37978 25614 27520 28879 1279 34202 32985 7533 4625 21458 35266 22542 8170 32419 14762 33972 19887 34837 14733 28368 6331 39715 21125 25364 26492 36943 22442 8801 14934 3297 38267 6496 10235 18125 27984 32044 20885 38254 38558 10858 2021 33866 21269 27243 24755 21332 15521 25058 26969 3501 32200 5669 38187 9401 12422 37653 24986 17692 39060 10985 16660 39672 39662 1248 30358 10354 11698 29709 23234 32486 15474 24073 10615 1714 5404 39613 815 13275 19572 14722 33621 28892 7388 3458 19209 29624 11175 37711 34773 5818 36519 15943 20781 26512 15146 35921 38002 9430 18677 33918 8596 34138 14539 34511 31918 32774 23996 8985 38599 5617 37161 31782 4216 23112 6164 17809 16277 34247 14348 29453 10856 26751 19334 37909 31013 6452 9851 9024 9032 32216 23679 37833 3461 29686 2308 36493 37481 29161 24220 12192 8764 27162 13236
18556 320 10656 1384 12167 6679 23622 24560 20923 26903 2740 38351 36735 22230 12185 30884 13989 14810 19596 19819 374 28516 25266 4799 829 31780 39168 32176 6927 23544 27332 23052 37500 38690 5668 23859 36615 18686 12588 7516 25864 38709 10257 30094 5076 10763 1252 21855 39886 20535 20365 22705 1559 33754 31378 19926 6054 11794 17291 25181 3287 22686 28865 7687 37216 38835 12359 23871 4182 23840 24236 20173 5706 39786 36388 24200 33259 20268 2542 18806 15482 6024 10782 13867 5975 2393 21749 14560 5683 597 27450 3379 23909 23365 35499 33968 37441 34938 28424 9457 9975 33639 14906 36137 6130 30242 30020 15078 33817 10848 22997 38413 19933 21563 4713 25927 19434 30954 26966 17832 25065 32583 8639 39783 33308 12716 5554 36158 35013 33772 38203 27249 38775 32997 14045 25709 32475 2109 23275 15462 25485 13599 20194 18290 16745 8924 31282 6636 11481 8885 38118 12493 19295 14966 18355 36013 31852 23432 24182 25847 25121 38815 1410 13924 1073 8194 28077 33128 23965 3283 29213 34708 7960 23130 19494 26488 37469 19949 32000 22156 9184 1913 11377 9992 9908 28217 18050 14474 16392 29287 10831 35047 14487 369 4895 2711 14638 31062 26626 254
35136 37408 12286 28772 30425 29745 20496 9870 8046 20803 21302 24250 8880 10139 29527 19679 31184 20182 1323 39223 29635 1904 10764 8306 36880 38077 10033 13629 3232 3932 5684 6080 24403 27988 27931 24718 25804 3015 24402 34540 319 8134 3807 36836 29894 8370 16360 3717 38378 7406 23122 36078 31742 7507 4865 28808 29858 2861 20512 12917 27140 30158 15554 32140 5853 22947 31042 26735 12633 33319 35827 17708 17329 21483 18864 20611 32956 27725 14311 4864 3378 20574 20720 6646 18098 35433 3216 4774 26480 13347 11326 6915 25972 24353 10955 39323 17821 34654 20243 7141 7721 11812 36178 2379 8353 27053 13197 20424 14971 33134 25246 35932 21929 11148 7458 17810 24129 8565 25839 24867 35950 29752 25144 16499 19922 26684 15497 29696 30492 1481 31112 3729 30217 32587 8825 20214 11077 21440 39133 8288 2211 5142 9898 21589 34217 18843 19929 31197 25321 20140 11972 23073 32150 19034 10124 11329 30953 36431 18513 10630 24603 11397 9391 31041 37984 37048 31557 25684 39910 19377 26725 886 13216 21281 25473 32553 13691 3529 10356 23169 37115 35333 3467 39129 16432 38522 21388 29526 35873 24206 37619 11345 9174 9520 38626 29490 37727 31518 16287 5503
4127 20606 4886 12591 1317 15618 34863 29436 29400 34637 28378 37004 1096 39009 8569 20790 16553 21275 28939 10611 32827 23643 1434 4619 15498 33764 7010 24252 6415 26884 31273 129 24634 16597 30438 23086 20422 311 21977 37800 37718 28566 31913 19379 27353 35999 8954 5412 27365 26509 29622 2172 37285 7330 32517 38207 10107 6176 5492 13071 31264 35891 23131 16702 18066 6098 22427 35117 12776 27456 18877 32706 23775 27765 22825 22610 35471 35567 39233 38059 16322 6980 8830 242 31658 39315 32862 31328 3265 11317 20554 14324 7561 8753 38884 35190 5857 15423 28663 16268 17777 25085 17861 8350 18154 31723 36150 19301 22887 37618 16233 2189 26186 33876 3868 24219 33309 3644 20395 39198 208 35239 28176 27301 34550 12868 21122 24300 16189 33417 10282 11844 17090 6245 5493 970 34520 27167 31480 11118 13328 12122 26393 12582 9721 26558 29717 18695 20282 28152 4568 30766 13476 26598 3069 37767 15164 39961 37412 16095 35078 26961 4769 6831 3094 16387 11855 27970 24754 34936 7763 36723 26639 36273 7587 2680 21314 35364 22200 32684 6457 35558 10225 24777 11750 6538 5538 9628 14607 10960 6336 7826 18899 34842 37641 34873 10373 2764 38329 15541
3603 1176 22413 32278 14587 30294 39032 1982 1245 19061 16614 35792 22859 476 24421 22771 38165 3689 16238 22318 21767 37965 7804 15556 27303 23403 20055 37467 24434 14652 434 12991 28735 35313 28223 32859 823 835 17487 6071 13614 2245 34179 16898 35159 25548 1778 21858 9782 1401 36461 6469 4385 31207 17584 1510 32408 39144 10832 13028 23885 7163 3070 32599 294 1475 17389 29381 33643 4270 37379 38217 22904 10679 36822 17051 1565 28216 17406 1525 27627 15253 30023 32819 32489 9304 32799 39755 8367 34149 23975 8118 5344 2107 33348 2800 30751 512 894 32780 18872 26123 9812 3046 15372 39766 13609 6753 1635 21492 5567 39754 22913 29711 26968 15058 5927 17393 19368 30887 549 24877 19904 26718 24871 251 5785 32791 4524 7668 7625 5079 35520 22295 31456 14341 30781 39483 27405 27805 21938 167 21436 14118 37881 15186 1915 29895 13318 3490 18010 4757 39748 23410 5930 2225 14306 35249 14818 5139 30018 24393 34750 37761 15559 38250 13106 15860 9872 2304 12719 25064 34057 37299 17796 29494 1746 22452 32118 26139 37929 35124 28434 38429 21709 38374 4666 27070 16670 12056 34044 24837 4086 25503 15949 6368 2459 3585 22164 582
21134 4715 29303 17326 7907 16982 24544 12053 35468 12135 29273 7015 23602 3120 6992 18452 26932 24309 1636 11260 1257 4253 28404 38003 32104 25067 25389 28091 36405 1706 1364 10475 16741 13207 14268 12407 5281 18169 31600 863 34843 39630 8295 5607 21797 27454 31928 19585 23616 17873 22501 30255 5860 3960 28029 11925 24405 38143 29309 20690 28104 35218 29676 33067 36589 23356 33375 19016 13843 13343 14730 3005 37997 16990 31797 11806 27310 10774 10756 19652 32162 16812 33746 31175 37455 949 21942 31295 3627 24279 20517 27761 18334 37544 11417 18938 13364 18461 32185 34926 26277 35367 11424 14280 39835 32572 419 15636 33692 38528 15259 31120 2878 12242 33342 31520 12137 30807 9664 4409 8227 3923 15119 32521 11658 7867 14823 32472 2928 36260 24861 30691 39548 12424 7020 12228 32760 11105 7413 39455 24674 3244 9924 9007 29780 15723 34515 23628 29473 8849 11541 22565 9461 6726 10560 11083 23888 39029 22102 17747 37031 38066 26771 30891 36725 38295 35411 7206 29349 24830 37142 37429 7432 4045 14329 22454 30601 39971 8340 8026 28042 20304 15722 9125 32966 2129 8348 34361 12263 8932 12655 1210 36914 17305 33165 16375 1515 37674 4107 9790
6728 21346 26574 29209 12355 28115 27715 17671 8276 24943 22606 22680 24860 38184 2301 23198 6475 10358 37689 13274 22936 2115 6255 17518 16102 30928 38026 9249 33785 11825 18703 14953 18326 26061 22371 24056 28340 30196 18848 29658 17937 32492 39503 2197 32771 34689 29700 7198 29914 24490 14682 75 22791 15892 31069 3703 10790 12051 24444 17236 8399 29951 11254 33394 22811 25998 36037 30750 24819 19655 24772 4479 18457 29915 25110 8215 2630 31739 36100 5455 32014 25383 38142 31325 2804 31724 38137 35987 19272 8349 27957 6595 34040 11820 8862 24790 34942 32744 13604 6591 5656 30566 7191 25590 9449 23949 19644 12491 9995 1194 31925 8468 11334 38818 24429 28701 30545 28408 33891 15713 24242 23750 17024 31762 36810 6769 14937 27482 13517 9857 14117 17017 29054 19732 7928 7830 20067 8704 29563 9879 33336 29775 22612 27066 7547 7300 13891 37163 23644 24234 7407 17043 35505 21859 23810 31910 4830 32005 20473 16565 12205 37866 6414 16382 7359 16938 16602 28945 13117 36310 38275 18728 22395 9379 39934 5612 37003 31192 6197 38037 30533 22871 10759 13618 10903 36056 22150 17981 25901 15889 22998 2044 6330 25869 2534 19660 3029 7386 19384 15758
37815 26472 281 26149 32858 26245 6077 13145 31465 20862 35641 24341 32471 1101 26329 14815 33458 18575 5387 1150 8864 20688 18739 19274 5816 14685 34749 19935 36346 4288 26843 4544 30694 34401 23884 37501 26747 145 29555 8605 1792 21025 6363 3611 27635 4013 31351 18707 23422 28333 10622 33107 28429 16305 37724 13057 22329 20564 16568 31687 4227 17958 16529 24774 39301 28311 35362 21901 2282 8498 19254 973 1532 33032 39156 39235 16318 16337 35355 36635 29131 4674 5397 33749 14200 16522 32951 33111 25130 14549 20906 2161 2394 3419 29998 1139 4423 28885 24884 16418 5329 37254 25668 36159 37695 9344 4755 23793 4422 105 19605 19023 23610 32270 10459 6240 3897 38594 7408 30489 9079 8558 26514 37448 3060 20179 33648 13961 14701 38189 2108 25850 29447 38942 6689 17344 6732 32473 9444 27993 38519 7065 35560 32597 28781 20090 28212 7292 30042 28636 180 401 32292 18638 32849 32692 13860 13000 27534 30413 32724 19146 566 17409 19672 2396 17451 4469 10051 35338 1017 20971 18561 21097 1045 24934 31020 34641 35638 39782 7857 20138 6697 35911 17980 13858 1702 16769 32060 16642 39114 16251 37337 35462 31291 10553 9550 1237 22153 9307
17190 34112 3210 35131 23627 2990 6483 33704 4421 24823 20256 15391 9181 31952 16627 290 2559 7964 35546 33647 2307 24910 28911 19767 4259 32967 34978 5699 34029 20235 7955 24838 36052 36732 5314 19967 23482 6807 25322 37369 29910 31689 24345 24942 33705 8543 22898 9127 23060 12363 20543 22222 28205 12661 13427 38795 37744 23698 3432 38517 12951 22226 36245 30391 27045 12117 21145 20152 12958 22122 3374 12859 10046 2538 3423 5150 38497 21715 19749 1709 11462 28254 20050 28081 24378 37886 23368 35351 23026 29949 24778 36054 6384 39101 5129 22064 35322 16810 11934 4195 13920 34288 8281 32212 280 22404 36175 29677 39466 26789 39213 2768 6802 27304 1834 11488 27685 33529 9283 17717 17678 21993 33700 39138 6582 38414 35589 35962 11185 10877 11087 25397 25840 26518 39853 38439 5742 4019 39700 32972 9408 10528 4170 35430 2082 8829 36 2146 20027 39729 30981 5631 17896 26156 26744 39106 32335 30360 619 30534 12973 17466 11219 38191 1536 35167 9469 10207 15348 3907 4388 25845 11287 15910 10847 23829 8382 17351 13075 18660 15720 16163 23332 4965 22159 30482 28628 36439 11567 26381 30761 17510 10788 18093 19930 5313 7126 39937 7708 32976
30617 24015 23839 2413 10026 29540 17725 39377 3669 38274 4037 8625 12194 1032 28252 11839 2558 17194 13146 23802 18547 8921 22322 15643 8085 15155 5448 1672 28395 22328 24464 39251 34343 26129 4070 12050 24375 37551 28386 21727 32330 23221 24913 26709 27532 17423 19346 9242 25424 29150 35180 25705 24459 12377 33329 29831 32053 33037 25526 26632 11401 17050 36482 31350 20804 39215 1555 10131 18293 10375 37340 21033 2546 22873 14402 31908 39950 31510 4816 7037 6198 1971 20367 32925 36686 8826 2263 8919 37341 38241 35448 18247 23505 11685 10918 12239 17422 7564 2985 30075 25456 25074 12353 17905 17513 17842 2326 8235 9529 38792 7160 35118 34275 34707 29023 14771 39642 11638 32225 3298 20356 21009 13551 28962 35383 18921 25953 39664 5716 30876 14796 26303 37863 4480 16742 4977 25619 28916 38733 6971 29358 30473 4590 11735 31509 28770 13021 24529 26408 33110 35622 1007 14003 25975 4234 31256 29759 35696 27341 23576 26362 25432 14273 4539 25654 19823 1963 332 16451 30490 32269 9913 36122 24227 3695 16770 22514 9312 12953 28621 22732 15517 14699 18714 25006 39493 21341 7605 12095 33656 18335 9602 25216 2402 31189 4124 3181 19182 27079 17709
34259 37642 38228 2398 14904 7946 22934 3776 23095 2059 8072 11591 26784 11563 23452 14583 3894 19297 3596 35079 12150 13001 10803 6208 33448 20579 20761 33886 3009 14414 24440 3524 15222 11141 30686 17938 21085 14648 2500 27667 1795 23335 10614 28857 11637 27392 32238 23268 10359 2431 28295 33410 7866 22128 9774 11439 10548 21150 39725 28730 3720 677 14650 11250 32192 15852 33674 28358 4932 36111 38876 27900 35393 39412 6064 23554 26686 10534 3997 5369 29768 11874 21412 38173 15829 25858 35188 23559 39470 27633 35474 9923 88 9525 34828 6088 22695 24880 31343 39498 28230 30145 28471 15344 18956 3007 19418 12773 14005 27427 38568 13426 18550 35297 309 23294 10052 33784 1417 37138 5606 13120 11001 32204 1584 23675 17915 9412 17676 33826 30161 32592 12511 8230 22727 37177 5721 21234 27598 16563 3606 9114 22099 16083 15694 11239 846 27448 31321 38951 38798 23737 25612 1531 4516 15192 6717 17827 4333 20045 5238 15859 30603 33804 4882 29087 34477 30669 39939 9132 12621 16372 37840 13854 4186 3719 29173 36604 28643 28540 30949 36163 10438 36053 13916 38144 32697 8133 23483 19460 25553 14214 9589 16874 21702 15397 38755 19853 12726 24180
29073 28500 35973 30966 9496 32561 15897 31153 38456 31417 37972 19788 24382 34193 5628 35685 9205 32854 29080 23372 1611 23098 36515 20753 31957 11024 18609 28122 12324 15942 28343 11365 37085 37936 5353 15968 9512 19107 20350 17928 9947 11573 1997 36526 29766 357 39922 14390 3195 29124 21291 20544 10106 19105 33902 2355 4958 26402 11416 5761 7891 1869 36391 10087 108 37030 11360 26647 6043 2208 23295 39683 27357 9612 19336 21373 1321 26533 1215 39474 12423 38762 30126 32639 32506 29538 5177 733 25991 21394 25576 7446 33888 33076 5878 22481 6779 18131 13285 39462 16270 20934 34996 25569 4008 19230 14215 9933 740 15092 38944 25500 7580 39917 8765 20444 19974 7885 35915 39004 30071 22268 29512 23300 26092 30491 3234 11789 12735 24712 17996 11341 4145 9329 8641 29069 32456 6353 1868 27738 17299 34279 32199 390 5202 9067 15729 27694 8259 25961 23537 38048 26927 13433 22854 15098 2051 3523 16556 25652 24491 14563 22707 11865 20879 26995 30286 10396 26678 12486 16272 31629 5111 35423 11590 12153 24 2921 34470 15413 29712 36917 39688 39591 20742 17715 31981 19784 7410 24756 6072 18286 5770 14001 34710 17863 33370 1143 33871 26033
39502 2527 31277 32246 37826 8839 37533 32169 16688 17284 33241 26336 16893 32021 2060 5307 15304 13602 23797 429 27982 28227 37190 10436 22719 38786 20968 27828 6709 24207 33989 1315 15242 39804 32067 10220 31373 23600 27585 32271 30447 4484 21779 568 13729 35602 3239 13542 17199 12612 38245 33983 18909 20702 720 16338 7240 17630 36622 4648 4307 16353 31608 8270 31374 6674 37535 1388 33828 16844 6784 2498 3034 34751 37219 39861 35805 19013 497 7876 1617 36827 14871 38711 7909 17850 10868 4391 35753 24060 23837 18689 6203 7235 4105 12397 37173 5889 2912 11047 16866 39568 890 26035 36374 4376 22822 11769 33130 37918 12405 31037 14664 10377 30143 36413 22184 2606 4257 878 16662 39018 647 12439 10992 11262 34646 31455 38604 14072 24116 15263 21616 32584 14178 19007 8193 28000 30709 38040 15810 37745 1130 29410 22193 31066 4229 26523 39836 38160 19046 20249 15630 25940 5575 11084 27533 34632 21954 25161 28468 32797 23970 28199 5056 3937 4979 36636 32046 2951 30652 14837 14024 38041 4942 17156 19808 39290 39713 33623 16106 1446 33531 25243 31881 15934 38082 31784 20998 22444 21242 18665 22592 5850 10826 8937 16264 33287 3753 9793
852 38233 18342 6687 5371 28416 39145 31543 7875 39785 19582 13245 13631 23357 38146 20126 26679 7716 32773 11715 22799 14323 36274 23014 23723 38708 29892 14154 39300 2826 30228 24955 25786 14697 36631 12617 26101 34676 39670 33469 9499 4731 18058 14586 13314 9219 26838 5252 15659 24330 3075 26398 32936 769 4919 4737 14321 255 34756 1836 15231 26880 2876 15798 17149 28875 23877 806 26115 21113 31087 32462 1571 28366 34313 35526 28244 5769 638 7916 27102 36007 10227 28823 31361 20295 8001 14527 27131 39866 10256 34482 10061 26896 15900 26175 13814 50 33646 917 7601 33318 30762 31015 13484 3364 10019 39497 23844 39171 8514 30581 15510 17152 34328 4183 22170 10284 25186 32886 15797 37438 2608 6702 9826 33196 12043 16579 24585 6783 15135 8575 8250 14096 23567 17352 9172 22555 9349 12882 37266 20563 10576 11740 10039 35206 18480 21634 10028 24916 37806 25470 4857 29900 26147 1338 34308 36772 19992 23858 14111 3851 20706 12235 13322 11103 16139 19503 27566 22355 17304 10935 17788 26714 26252 28799 4095 4542 3040 30496 35067 22655 8373 26125 5919 10032 16114 32138 23298 39822 8708 23195 31567 37668 4537 28596 37542 25354 21324 16661
36457 22491 2373 30867 36850 17243 25832 2969 28480 23369 17113 25951 22590 23960 12669 23518 8409 18128 12910 38220 14558 18694 3862 16625 7362 30135 22108 31987 3745 38388 11755 5632 36627 32958 35148 1390 24990 38895 4821 98 18185 15212 32363 29883 20276 19793 36907 19539 17687 18873 15761 4231 11181 2896 29974 19657 6214 19562 19726 32327 35063 4672 13593 23224 27697 38179 27378 39805 17802 38006 21804 39296 34611 477 16612 39226 27398 1144 1990 38491 38974 28222 38741 34704 26721 27296 13914 29663 30839 30283 30291 9746 21028 5302 29486 35366 19343 36776 16300 35530 15193 7052 18607 284 38914 24000 35410 3438 23699 3499 32691 3722 1873 3636 31435 39549 35706 37047 8640 6327 7796 12281 39310 23090 26299 34634 25989 30899 1742 10083 16965 31146 28513 24963 35028 26689 16591 15749 12374 17395 35157 30906 4283 8792 29362 30996 33864 6281 1460 36992 11586 10742 12616 13981 3566 28825 18904 35772 24041 36222 10147 2579 15017 22121 30842 24376 26964 32652 16776 20853 10208 6822 14571 7858 21471 33214 9393 19032 4972 18908 18642 15170 33352 32123 2855 22725 31081 26304 1415 26825 15870 25844 8507 19053 34998 17655 10457 27091 21969 37512
26060 6737 37532 18850 27950 958 30213 8587 532 15688 12902 36551 22700 23603 33567 19026 6879 32098 8174 31326 998 32775 21253 24620 13278 11455 12224 22321 1114 20888 25004 11800 34735 12253 14266 16749 32937 2719 30237 36899 1916 37850 22755 2484 34286 15199 5283 7165 1049 16276 33451 985 38717 27557 7774 21882 13361 3096 4396 33951 9730 38384 34657 32483 2055 19206 23847 8811 11184 33769 16379 36226 9977 13525 2609 27619 7970 30147 39351 22351 26229 20186 29996 29010 12643 25076 35287 26059 32656 29045 7986 14505 54 12930 12840 28209 3154 10529 38706 4076 37911 20780 14105 33267 23630 25775 23314 24904 30485 15594 13708 32336 7860 2999 13386 9054 1131 27704 6109 35687 30195 39649 33732 12328 22100 36429 17492 30919 15520 7253 32262 37760 36935 23361 9046 1075 26703 21321 12141 25099 39982 10890 4113 2862 39293 9089 10123 23891 16827 25177 24432 35776 38436 947 36906 33092 38781 25810 9964 34785 30771 25791 37450 6541 30169 28531 4213 38434 28834 38362 11788 32073 755 13084 5228 23501 29063 6804 36077 23907 18240 38096 28965 5160 23821 32943 3945 9006 2265 8379 11547 16934 31565 23678 32137 3246 5844 18751 4783 37603
13917 3959 292 3106 37029 19356 18913 3072 13283 36628 36259 5841 33288 24857 20508 10651 26005 30957 7541 34904 17323 36241 2222 791 5443 19924 31994 23856 1038 11192 13954 18729 23129 16520 10757 36242 33542 14061 24694 32345 37681 26669 34395 22782 34454 37107 2331 11243 1713 7248 24961 37409 20559 20341 31921 39647 9327 18536 21050 39295 18330 29445 6692 26519 24795 19000 9993 992 28043 39398 37096 37868 1893 14873 30890 22531 4287 11778 33011 15451 35625 34974 4527 21001 37520 22844 32491 19408 29135 12223 22357 13748 10886 6417 14023 13244 27015 35935 29328 2081 17441 33924 37126 8445 18992 8837 16419 27892 27763 8106 14547 29014 39874 23573 25265 37189 5220 12783 32291 17550 3610 8386 7190 7843 28624 20040 3484 8274 31135 2158 6675 37906 30536 18365 28251 16301 3441 14521 34922 31587 37572 34774 11382 21411 11661 17508 5833 16513 28287 29599 16246 2777 39854 8813 16079 22210 37360 31006 14787 39827 20441 1664 6733 4978 12864 17469 2033 11179 24061 14557 37732 33052 14706 11857 5062 34461 17382 6893 32490 31819 7599 21699 27338 35930 16962 12601 25149 14432 39280 16333 37143 18581 10607 5034 5797 4130 30905 39180 3462 23033
16174 38972 33133 15906 5735 2088 15893 31970 30293 39446 38525 39469 11592 4761 36717 39017 35097 10307 27355 36623 14285 34272 5757 10337 24706 27559 6383 11107 26503 22928 3014 34535 32074 20532 5405 13536 19419 26612 15475 3594 2927 6021 8123 17748 6076 14294 17246 24595 16428 10368 11442 2720 32312 36331 888 31152 28900 24123 24749 37759 3948 7985 10795 14161 24138 36301 3558 17720 7471 10248 28403 4101 2337 1929 22690 21352 21654 5661 3962 12675 17310 20646 38271 11938 18798 15755 38509 5366 23504 24509 1623 29413 39959 9609 11823 2946 38538 33490 31016 4295 20302 1433 20064 27430 20841 12020 20953 12467 25414 34509 35192 27500 20187 20118 21491 18940 34109 3791 16518 14667 30841 24696 24303 16743 26504 16161 15169 2661 6815 28025 24203 31702 26346 31443 38270 34290 28072 8657 26161 17632 12670 17924 25807 16759 207 14137 19507 15000 17793 33872 17012 3773 36287 1089 10249 5600 27266 23669 1933 4150 28739 12159 22034 28509 29197 1153 7094 24243 36662 16128 10059 13868 1289 9799 37170 194 27603 8287 29616 28891 37241 28162 14536 14169 17416 28044 11441 15784 7799 4152 18123 2370 11143 19642 13596 17065 38837 5324 12541 13233
20135 25562 17799 22330 16195 11305 34771 6146 4573 38237 12004 4811 37140 34031 4244 26620 23468 19155 17663 4747 18134 1670 2514 9440 29448 12489 5609 17020 22903 30666 10247 2950 39268 5936 14915 11485 29057 35778 16440 11177 16486 119 19407 33829 30171 17679 17186 1671 36727 5646 1962 5805 17834 20413 32836 17158 2886 20274 20794 28877 15710 38032 13578 5401 22112 34131 16176 9245 30801 18953 9682 13020 33508 30575 34389 22237 3483 29517 14136 36602 14773 31003 22640 31693 2932 23263 13969 31771 4452 34857 29166 34620 22508 11502 12067 32392 24467 32385 31457 10262 2314 14042 14489 8957 5667 19999 28489 24373 8821 35082 39908 21579 4962 11835 35229 38556 25909 33048 14512 7324 16792 23570 34298 17133 6605 28954 28740 23691 5154 34467 5528 5550 8819 30933 16629 37762 19244 13934 27819 11444 32901 2262 26390 27387 32170 9002 21248 26965 15184 38355 21460 16851 17049 18392 23788 11321 5610 32015 5103 19137 26548 27121 6029 5517 26643 14367 25247 12548 22961 8066 37655 13545 21338 17511 34101 12143 26065 22634 19471 11967 4031 3475 31713 8914 4039 14145 26805 12236 24743 2424 16061 36746 915 25986 2228 7312 18690 24329 32547 22211
8766 9896 27125 26357 23809 18200 11271 14893 31484 24296 29600 9976 21877 637 27956 29710 37288 24920 20963 11251 34994 1804 28847 20820 33290 6091 24100 23251 18379 36383 21876 20381 30889 32647 17268 14694 5594 27550 25120 1622 32396 4526 17758 1886 31669 6537 10073 28971 26185 23015 5338 35316 27026 37399 39355 22794 29552 39365 20476 39361 18659 37428 16455 2230 23612 19925 1243 22745 22528 14420 24105 34252 35023 24676 22242 9092 31367 20402 26242 34886 39751 3165 18460 22657 5015 26469 19325 37201 37829 39622 15936 34939 9527 32740 25996 11257 5581 6161 22587 26015 8359 20319 29932 9919 10203 18197 11283 1381 3885 33661 23473 25094 15920 30437 32424 8844 29098 17942 9794 34596 4098 1254 14193 22337 24503 4863 27567 17059 10308 334 33835 8733 16444 11089 35392 1206 9076 32655 38325 14964 37986 17724 25876 38925 34243 17746 6401 10025 11402 39162 842 32371 8464 4445 24780 23214 31223 12474 34514 39449 29288 31335 11007 26773 11206 1004 23569 27141 24430 12647 35963 3313 28164 30931 21361 18829 20330 25123 17723 34410 30433 21755 35883 8388 30093 12736 23219 30332 36040 218 24292 14935 19136 35982 28291 36358 8443 26885 6590 36184
10153 33258 13246 6100 15079 39639 6057 16422 10020 10727 27665 24170 19197 34763 8659 23967 7744 19968 5494 24423 8222 1598 34422 8539 6808 4451 33548 21635 32576 36600 264 21660 30944 26660 35654 34775 10210 13010 7691 27689 28557 4051 35209 14999 8871 26652 14126 3226 16478 14940 3101 32209 26050 3571 38813 933 6266 12396 29127 39010 26206 31738 13966 36477 19192 26074 30323 35116 13294 11666 25712 19987 29240 31756 28474 35169 17112 8506 37367 518 27258 34386 13213 7009 20166 13402 30192 34480 31833 30137 10389 20759 30888 4721 33407 2712 22435 31286 33418 18242 35415 38735 5317 5261 36544 29368 7851 33673 28213 15254 28803 8183 25664 2212 10264 39587 23987 9722 21734 25019 3883 37540 8956 3337 25522 38249 31823 27620 28260 34929 17551 14772 29643 39435 3969 33402 31574 18307 20506 2561 15309 11058 34536 24657 37888 26936 20596 19364 32421 9146 15277 35991 25505 17452 13903 26373 30382 3331 37019 24793 29901 36993 16675 26360 23161 7448 14691 5284 29274 7992 11465 7963 19720 36412 16468 3078 31442 19790 24280 1631 33533 30548 32784 9239 19487 8204 31506 35729 33396 28330 13061 3074 13430 18944 8200 30910 2013 6449 15249 9835
6236 24050 21019 37926 14450 36877 25529 14833 27528 18004 20460 34801 23223 39085 29350 17653 39614 13186 25308 39864 20551 8928 3498 11679 34665 26017 24023 10267 20509 5395 1386 22495 2162 10787 14494 5750 3821 35733 7659 21228 17413 24628 29846 28727 33955 2409 31894 15727 2122 4111 30422 33564 5586 38091 18135 1064 28392 943 28755 14874 19855 24035 2176 9124 21057 29228 3914 20573 9417 31305 8732 15558 2266 16935 36852 7884 31656 7661 5416 8723 6280 29688 27594 9466 4408 13576 25267 9004 19215 29931 11959 22347 15409 37430 33088 8598 7579 38637 29587 22803 25962 22810 3292 32341 1679 1285 12016 28334 12334 38218 5134 15456 32570 30199 23102 34691 13976 32609 31654 4063 30288 26759 35199 20985 33744 12384 30465 22503 12441 12823 6865 32807 1813 19251 38768 19210 34761 19245 18634 34615 27825 38403 21834 35252 36076 8699 10638 761 38882 25567 2040 30311 26298 35892 26575 31196 3541 9179 1129 25745 23626 22644 14201 36831 5174 20114 22203 21499 19220 1858 28321 21733 6748 26379 38383 25634 21575 7102 18193 33687 31446 20912 4760 25056 17729 27224 6643 30773 35106 30668 34456 31095 6738 3547 13162 7939 25510 23055 36380 29692
14562 38389 1522 16126 12045 37933 3641 29986 10412 29802 20275 4653 37546 39051 30752 39513 33389 5599 9368 31067 9819 22983 22817 28950 18650 38369 8226 8090 1145 30732 5519 17560 35683 21146 29416 14573 19161 7376 7647 26814 37768 6989 24408 13219 37345 34897 34982 17909 22157 23992 13161 9547 1967 13935 39997 1368 25226 18630 36271 23833 9217 34419 4818 32440 4335 27628 27696 8637 18569 24435 15126 9639 22498 38015 32727 18989 4746 27286 37240 22628 18838 14824 37267 21425 12977 2598 30464 25772 13809 5429 19634 37524 26881 15194 7631 21482 31680 12945 23849 12657 12947 29017 27265 34165 35610 31298 32548 181 33496 30086 3240 5027 7951 31709 30274 35507 16637 11507 15572 34932 12388 12595 11743 11200 31150 19202 25848 8701 37605 33167 39191 15061 24900 28272 38054 21047 20163 15816 7192 5060 21051 14228 35812 39387 27944 33636 24470 39261 27399 13769 32861 11603 4679 4267 35562 19147 7528 28564 7842 27921 15868 6758 31203 21212 25331 19513 20938 25408 11816 9187 37648 19144 951 15077 22252 26813 35119 15457 30259 16213 27117 32843 24125 32668 33488 31798 20142 10799 33566 14745 21390 38993 12819 25737 26240 38132 2274 33121 6827 29856
22394 64 28341 28433 24249 28573 9941 11818 35855 32095 30648 8868 9025 38282 23552 26009 2849 2347 4680 12163 4902 11863 6923 36110 13806 18295 37925 3248 10188 27575 14251 16057 22870 19820 15318 4828 10437 11297 35155 39983 25404 15746 159 39671 27157 14912 29101 26446 3139 18078 38603 37440 33756 36328 1542 17139 10175 13271 31053 27148 34420 2909 26190 27788 31250 29783 38910 35290 38852 22422 22397 16072 22710 38405 9818 6455 6453 4442 15978 22228 39499 657 452 10108 9907 21004 11157 16007 33711 9197 38273 29542 36775 6286 31550 23067 6490 6928 6686 34631 18815 30873 16735 37873 12770 25337 32184 8986 35337 30809 21688 24922 27044 18336 38235 35615 22152 27780 35676 9061 4729 15272 1464 38280 39117 34752 9020 38484 12832 15181 23772 28481 31497 23253 38223 7510 26014 20410 22955 38324 3922 29382 11914 33296 2035 14747 34007 33652 34469 31972 34644 3598 17346 29650 17787 17503 22307 13397 30178 18304 22024 21070 4789 17037 33060 39119 10947 1528 14717 30679 32058 11751 15907 21023 4849 38725 22480 37402 7872 12986 5159 125 25157 31376 18935 31236 25084 15264 4148 22912 28711 5947 22071 31998 30297 8567 36658 1554 26951 6621
33323 39690 1812 1724 17384 15601 24042 1865 13589 32900 9677 15012 39570 33996 27858 9210 33716 36594 28070 37174 23586 34370 9614 36789 5803 22141 19872 38432 15202 28528 33768 4496 10140 26216 23412 18960 34906 7927 9177 28936 8751 13585 22839 21367 21309 39979 33041 13419 12146 24767 28813 14827 32907 34786 13380 35120 31512 32469 19523 16090 12692 2243 16210 25270 3493 16775 3679 17476 19786 36780 9416 12376 20600 12210 5902 13676 22709 12392 22850 37135 30917 25751 25128 5024 17410 27843 39447 36683 13105 3362 6973 19162 19101 37845 12921 20469 28132 11410 739 10434 19538 24958 22925 22532 5422 729 511 22167 13062 15452 26309 4350 23 32441 15070 22711 32604 25284 18693 13477 16313 10245 26985 37152 9290 7806 9037 4179 20221 34135 22831 32515 6863 39703 9298 19866 33124 14176 16544 3502 12976 9804 4282 29356 20950 6178 17608 39962 38702 2327 35918 27677 11799 19463 31466 28322 8452 3261 23072 14131 8629 31885 7945 10807 33667 38145 27468 18874 19977 36520 10222 8583 22134 7294 22450 35979 31603 22148 6328 3185 21421 7719 16904 27317 10138 32750 26212 22191 34233 32533 1941 35254 29603 3859 1115 29388 29146 8065 6317 8224
32817 31337 6345 18075 21370 2975 19828 17030 23689 5903 37910 22478 22178 7246 15281 13757 16845 36069 36006 5768 3033 31816 30450 11953 1383 15817 1487 28086 24134 31054 3160 12458 33361 25327 31613 38569 4047 16239 7043 2329 18223 8809 32571 14125 4255 2440 32180 26138 23985 27246 27927 25296 28098 5481 21132 24369 32929 7777 23863 32261 28428 5745 16041 23424 37191 4754 22812 34548 21697 8378 18269 37696 1179 14710 36507 20870 15806 30285 17425 24691 5780 36792 10252 9275 28659 33893 34392 39257 36430 20921 37959 35613 34013 28414 27860 19411 18584 16127 25090 28978 21605 38985 5531 33170 1657 25242 32059 22830 20824 24051 32891 28033 31616 25190 18188 7025 23375 17785 24923 15504 1850 32923 36624 18101 868 10161 14451 2964 25491 36987 36898 34992 20945 17229 16900 31898 23289 17205 9346 36211 15884 11779 36769 18785 3464 25441 5045 25005 20078 14465 2005 15476 491 29295 35525 14435 26324 36671 33080 18418 19474 29505 24275 11695 29804 35719 11798 21787 6706 32812 661 5157 22414 4405 7046 37391 20614 8824 34058 1994 29972 24489 23041 31221 31206 29286 3733 2467 6515 20254 39093 17091 36779 9681 6361 2926 28790 27024 35016 31094
33945 4575 1266 29763 38784 788 5741 4801 8746 21624 22249 6792 30017 1324 35226 31381 27854 35570 1437 19401 30342 19308 18746 21048 4995 30258 2803 21898 38680 35056 15867 426 24334 16454 5776 33072 20466 32851 13052 32947 5224 32133 12899 14413 21704 31308 3141 31027 27039 29281 22879 29899 27380 25407 37222 14407 13332 30411 16191 15919 39294 29020 34142 22627 32712 38084 7688 37620 16801 29330 24932 22917 32153 12759 27615 3989 15597 6380 26160 1663 24124 10907 34094 25486 4272 14826 33501 38016 18755 24995 27232 17616 31592 2000 38387 15881 21106 39468 23449 21172 29316 29301 20715 10237 21791 14057 9911 8509 5595 2879 1296 27375 12432 13463 18064 16048 10991 37973 11149 21359 14988 3664 30162 26526 37289 33731 13923 6095 14056 17972 31614 39312 25379 2633 883 6849 10015 30776 11272 28324 26609 4436 38371 8236 23816 17933 1392 15151 20379 19831 9108 33138 5642 6620 3050 4218 23153 1975 7968 15615 37388 24475 5802 22892 10406 25598 34780 23933 16066 1335 31717 23776 25038 1675 29967 19938 37397 25708 12915 21643 32069 36731 5061 21899 3946 22777 21736 25312 16509 4659 4586 32299 23212 38677 13894 25544 29265 16308 10640 31105
11815 3466 29822 21647 30506 16380 29544 14952 39944 16000 36557 32745 1978 34139 27886 14660 20219 14514 9189 14185 19283 16838 22267 22976 20697 39031 2801 26330 8458 9837 19427 2465 18832 36924 24542 11029 29402 11577 6976 875 16888 5100 16262 11549 30070 17667 34556 2451 8383 36728 26034 35245 20836 17768 37867 2422 27494 32237 10838 33994 30557 5207 6892 13334 36170 12309 29285 32896 36397 6553 15241 23478 29592 7210 31475 34125 7503 31815 2705 5331 33346 33601 31968 31106 16649 31755 31996 26022 31459 5460 19913 36455 18532 2390 26517 25066 10060 4608 6887 37852 26420 25936 24887 28331 3455 30385 5094 17067 22920 2244 24246 24283 16907 15565 10724 2366 22567 9618 21290 9122 16142 39345 7276 12507 16040 22334 29691 10498 25063 20526 18383 3054 8485 1912 10794 3127 12565 7962 21173 27370 29475 32072 19575 2580 15001 18722 18600 22545 3812 17138 19764 5959 15801 30956 20392 35846 18086 13351 6081 36808 16409 30236 13498 1440 38085 30007 9018 35001 19661 31172 13184 29170 32746 36001 8280 32824 10177 1456 25124 17979 19276 31406 9756 32585 8852 17883 35537 37442 10427 33424 29609 1516 4970 10335 37212 32984 23764 31955 36559 13866
14819 38898 6014 29456 23528 33401 12866 27311 13503 23466 3377 30895 16638 24174 33999 28410 16707 33733 35295 37364 35820 37312 1548 8770 17132 36418 37977 24604 5583 23517 1275 31726 6023 11266 937 32061 29672 25146 16119 39675 20499 10837 38290 11310 6672 21303 31401 6032 37971 24508 15339 19299 26068 33629 1690 36462 19771 11390 5748 9953 17062 15031 18368 728 25935 17697 13772 32375 2736 34593 31445 26157 11738 17478 7765 29701 14696 31602 27654 10920 18445 289 16885 10303 18219 743 8550 12946 31599 26812 18204 36967 22733 36424 32003 9464 20277 35882 2389 25229 1833 35196 19098 30325 28056 20251 6133 20907 36521 19606 25649 6751 799 34267 7982 35711 10967 22915 6613 25164 24827 19307 39197 13475 20148 19610 37276 19656 22881 24115 5309 19588 10266 20205 27090 14264 9670 35244 28275 13508 4577 22682 3079 21656 19344 28895 29346 19632 1762 2743 38473 4381 15411 18880 28196 27145 18076 23684 29266 8319 16860 31865 16589 1780 8990 21865 23693 11795 5932 12436 7279 23715 17984 5014 15971 28074 13354 28372 3597 25662 22692 12254 16397 24090 9780 31676 36029 31764 20669 22676 37697 13068 15660 12703 2703 15858 38516 34281 38506 29454
17884 4838 9107 29872 21943 9575 4752 6820 9655 29296 24550 3396 14011 6228 27547 19888 7311 20887 16206 3504 34574 38705 11667 9629 33562 39250 33730 27113 1801 31009 29891 39566 24779 17176 6293 22470 17433 32315 28913 21841 13192 11515 5893 25192 38652 32494 12031 39968 39425 8663 6424 25422 22953 33123 1189 22988 33795 25082 2492 25365 14248 20728 38344 37723 36951 12414 33028 12620 21340 26976 12144 11521 5020 14673 6505 26577 38861 4378 4046 27366 16796 34211 27345 18433 15294 18936 36169 5240 26438 37948 34490 38478 13171 7645 7495 20899 3756 26550 33174 35303 6598 34453 22645 21593 34604 308 27929 31275 19710 3867 21293 35491 19224 20897 26619 7494 4471 14520 22432 21528 10950 19619 16940 30597 38349 7064 8063 22703 27279 17548 22908 16977 29177 11971 31176 38642 33993 12282 4256 22625 10382 21912 8831 9865 24528 5561 8361 34782 4891 7481 30211 4804 14480 28255 29341 17555 34087 21536 18626 8531 11660 13461 35163 32620 30409 37026 37055 28608 36976 425 37604 28798 20868 35291 10280 3643 9503 26580 4547 32973 27966 29047 2569 7152 26728 27203 25771 34442 25648 23773 25027 31776 15544 9952 26327 16107 29370 26794 24120 14004
4561 6867 22129 26467 21512 5624 30661 7737 28973 28174 38087 22697 9644 11013 7045 20812 22977 79 29431 27142 26804 5002 27124 11342 36367 11346 2973 39761 39555 17461 36161 17048 31045 35563 21937 8980 10035 28057 38073 37613 30563 20920 11113 1293 27895 2120 4879 29169 38312 27130 22093 5080 16043 16549 19351 18085 9230 4871 6325 34853 13573 12858 38192 17001 37197 35824 30704 38855 8208 32384 17800 22788 16292 17520 8668 18481 30960 279 12928 29109 314 33678 13606 18324 36848 3565 1787 15075 26898 34023 30511 10718 5725 38890 28427 11394 26917 30131 15491 24773 17628 12753 18357 9510 35483 21754 32190 22861 35517 13223 13900 35524 27168 9849 28240 6622 30826 12173 2148 6028 30547 8362 21838 12873 20405 26818 6200 27577 39064 35395 36313 24629 11945 3888 18031 1259 21480 25367 17218 38596 28032 39243 31959 11057 7900 31149 19718 9252 16605 22778 30790 37552 24814 9932 11056 22456 17445 4249 26491 37686 14993 13859 9855 7810 12514 1149 28682 1505 20975 2256 39434 28804 39175 25044 25388 25145 36247 10099 37708 29898 30134 10545 32539 7335 1650 32808 17500 7464 31022 16430 22177 35164 14054 12411 15863 22784 3972 2883 6005 9506
33265 32893 38566 26637 35761 20156 38571 33298 3107 25112 28398 21012 11736 33981 23617 26876 27781 23371 20267 333 37180 24586 47 15191 23732 14501 25579 16686 27147 12276 16679 1936 26152 33185 20218 10141 36670 13870 10559 21962 25930 35143 15469 36144 23121 23400 19149 14146 1221 27064 551 18823 22220 33406 21836 9532 8154 24096 9419 30865 12456 16482 16826 1261 10968 29528 34241 14704 11879 32025 32378 19190 23379 27760 31638 6349 17134 12157 3568 11406 3815 6225 7682 5096 26342 21259 31151 26351 2759 25396 14159 15185 11069 17141 3801 29455 3446 2727 37890 21890 11101 9310 16415 5356 24398 1615 10464 669 38279 28137 39184 1549 548 15955 22990 976 25315 10673 689 24843 12911 8946 26230 3381 6488 6141 5295 18721 17735 38044 1295 31324 12134 29140 28447 19959 2376 27472 28537 23283 10995 19158 2085 18828 37111 8910 1403 18356 13679 5144 10181 25341 7823 12636 30971 10006 36454 21261 38576 23173 9387 23493 17400 1961 19755 17143 28140 10332 25304 25348 39370 34787 6194 28696 14018 38529 39963 956 2460 23803 21598 18718 5278 8241 13538 14522 9497 13747 35034 8413 17173 32381 28501 23904 62 11748 26830 38707 10486 4637
774 9407 35568 39118 25115 19789 22294 30476 16403 10733 23344 36187 19565 30754 6516 9823 7476 3399 35258 20977 21626 21322 38723 11367 2391 10855 30572 4739 16514 18315 22678 17592 27849 28569 8217 10384 15637 10857 26113 32885 36046 3591 33633 22440 23492 8003 33858 19222 24614 35441 28712 6385 29463 25857 29851 39745 7681 11425 35603 28579 223 17317 632 17673 30267 713 7531 33113 2321 11469 13265 15183 1725 17280 9244 28312 2731 27867 9173 13570 35863 30104 26072 28449 35544 11010 29793 25024 22593 22464 33452 37363 3809 18844 33726 21588 3874 13368 14325 32544 3233 34600 3180 16610 26953 33953 19696 36117 19761 12798 15180 11808 16132 36277 16632 22151 39348 33949 22738 39855 15132 15502 291 28292 6110 3067 11186 29690 18870 31900 8512 25154 7639 6094 31609 29026 17871 24698 21947 22740 30672 3908 22221 28527 37427 17477 31631 39681 3211 22247 21143 8939 32439 33584 23010 34616 39717 3963 6520 10836 27776 34599 31630 6042 39278 21542 23733 14047 37916 33350 19179 14813 16595 11613 2963 29112 38158 25645 13978 32458 17063 12118 9276 9876 2506 21123 28511 13178 25003 17912 16134 31263 652 33026 39556 26025 5852 35133 18982 13846
7773 35014 26897 31541 6925 18459 19359 27397 18957 25092 32334 28419 33703 16459 26551 5358 1373 496 37243 3138 16466 18305 10411 14555 35850 6358 5270 29212 32410 21523 33412 38224 24610 4599 36878 24033 19328 12940 32117 14624 28942 12154 31365 15421 15393 7812 33284 1503 36895 25734 11719 22973 15247 37265 22251 20465 19876 4911 19170 2796 27466 29976 27096 11803 11514 15235 30775 15736 358 19760 15035 18088 7729 33495 4875 33911 14351 4634 10219 31651 35160 12933 21644 36751 5265 14437 30381 24769 5417 8989 30034 27075 39454 23170 34083 28328 16541 1218 28006 35633 3684 23419 6739 5071 10818 13067 24655 36255 21668 9759 29322 24293 3925 3143 33664 10064 29028 17953 22174 5784 35342 30280 31905 11404 4220 24218 18314 19609 32756 14840 30024 29460 29348 21935 35110 37801 9286 19689 33682 18491 33034 25621 5846 37779 21964 9937 7490 38742 25834 30047 25999 6670 36378 17178 17618 30249 11993 34649 22092 10275 36703 25591 7695 26120 10546 25398 20366 10921 9427 4077 3030 36162 22489 25540 31215 16911 12851 27007 15610 8393 16992 34703 10893 36871 27001 5918 15783 39669 13594 2900 24832 21457 37534 3451 7061 8779 18231 39800 1298 28268
6152 20196 23728 39272 12204 39603 37808 22185 38248 10445 535 8069 26266 13297 38428 23409 11553 29011 3930 1379 27084 21416 25670 24014 28239 13456 31202 10371 35938 25560 32316 2857 9513 28843 13417 7473 18299 26275 8177 25285 21708 29203 2627 23183 25900 30014 22652 7255 28960 6418 22069 21852 13784 35108 8140 23896 24217 14212 23019 37969 37260 25907 20157 67 15115 19485 19469 10484 7412 33607 163 27358 39828 17836 9706 17535 37484 34666 13583 33243 59 35292 12198 14307 20005 13166 19969 8697 24097 32578 37425 20622 11710 38667 6445 406 15343 39984 15672 19972 10289 15930 12484 34335 32229 4601 1052 25339 39559 24709 27404 1523 26383 19491 25292 35319 28276 30558 24926 8392 10730 22285 25122 17858 1881 16458 26890 2387 31642 2481 4650 25549 5323 35984 14891 37526 37036 38236 11733 25965 21894 20667 13296 22038 9475 9577 15128 24407 22513 961 12459 22136 17026 32815 18656 13546 15699 17192 5510 6519 27423 19600 26959 990 32344 8137 9909 35547 33896 25316 27003 22012 6013 5363 13537 11523 19551 2156 37502 34021 34970 1375 3875 33934 21347 14354 19898 20916 35631 20523 22931 36098 7178 13521 19504 23323 31437 31113 29769 11518
533 7766 24809 28710 12936 16362 25016 32360 24480 20237 14666 14794 6914 21878 30799 19529 8143 34192 17169 25532 11911 38567 15244 32826 21601 8357 3906 11749 13760 35784 36790 9972 6016 26427 21000 38302 14022 18385 38027 11378 28642 5994 18429 28004 33436 34745 31431 11681 29704 31521 26615 22714 8015 3704 20959 14543 4593 35038 13783 11728 12079 93 33960 31072 18846 22238 17254 13234 8153 2169 36276 17959 22067 5593 34741 19639 30670 23800 13802 32181 35966 5726 6276 7706 9802 24111 24902 37323 14438 574 11575 31685 26335 26901 39774 28443 25958 26494 2491 10694 1797 1970 10398 26531 5568 25055 4835 23428 31004 8228 131 34930 25545 23457 23752 21479 38476 3389 27288 321 22304 26225 6970 38050 33081 8356 11636 6461 19169 9984 5733 29546 2983 1729 8873 25021 37928 10661 10468 925 30924 18863 635 22053 34966 4992 38831 36616 8135 31167 29440 34742 26539 14816 1691 12314 6629 32725 36529 22649 14727 17531 37742 24849 31878 28789 11609 15850 12089 36556 22581 29359 23604 28514 34228 1800 23280 13098 19018 25564 37877 31283 26363 36977 27495 14954 7342 32747 38616 2968 3540 21846 1220 2441 30615 26543 17121 5641 12956 4773
27109 14870 36950 37576 28421 24150 14997 19019 10091 30167 35736 15321 33244 39692 10293 15744 39655 12090 16171 2072 14392 26960 28692 34963 9844 26211 32018 30407 3578 11486 8566 15438 25009 20941 8702 28974 6210 38751 31194 33483 16908 25758 14410 17948 28094 25797 15553 3174 32920 7039 37259 250 34898 23506 1910 38398 13284 1408 39876 9557 27935 29441 39875 8179 30613 18414 14434 14593 27135 21595 24189 10871 36019 12162 12903 27857 30028 17031 15742 3980 21863 14612 31534 34064 24108 25881 3788 6310 14060 8299 14886 36511 35600 1499 28600 9808 3635 2496 1544 30022 37661 33679 7144 5991 4900 10928 23187 30083 20735 30032 19685 12571 27250 14663 36861 18591 14471 28453 14113 15101 32714 35826 31516 36945 38095 11504 9561 14149 23811 9409 479 16181 34697 29420 34748 11237 11970 38060 38823 24320 32453 5934 22582 9884 342 35721 30678 19430 28332 31021 9113 38089 4323 25890 26315 3586 26263 2165 29134 15948 22068 39431 25671 21377 7450 25060 3183 32542 18136 19444 38185 22258 35201 34884 20700 39456 13750 22541 9029 37198 27313 3357 29160 9043 24158 1732 7782 11085 37489 37939 27436 11318 6531 10214 14080 8473 34716 17631 35531 25868
39127 15437 36197 33885 5755 35535 23084 28766 28497 2659 10018 21600 8647 35270 35420 18834 38046 14028 4661 27374 35123 15007 10357 38391 19531 26341 2259 26284 10159 38411 37257 16208 2126 9206 18033 2695 5407 247 33193 25119 12473 27890 30885 10094 11732 1972 19414 25109 3678 2049 10394 871 33079 11211 2300 27965 22333 35821 10523 17033 27240 19731 31542 10964 21410 27294 30530 27438 1399 7835 29003 28763 17157 13773 26048 34008 18533 39056 15432 21038 24315 27606 15350 11096 12883 1878 37357 2675 5178 21816 36909 25702 22018 12461 30958 18478 18248 27207 33910 32562 7158 11108 10260 24335 8887 38838 32699 3406 39737 34491 33938 24885 38201 35238 17480 15248 29641 5009 38353 34088 12533 7780 996 31357 29103 22758 4271 25378 20997 9579 29085 19044 29056 11339 36023 28502 8614 35458 28083 9159 27364 3407 36849 26561 16202 39764 27051 37479 24865 5529 6899 29935 1909 5461 19017 3979 24284 20798 25474 21496 23499 17319 17275 37093 24701 28947 13065 12266 1736 39071 5473 8597 18352 27055 5180 5585 24340 37291 34181 25944 24290 16489 14792 27617 2952 21111 10206 25637 20903 36921 20327 35904 4265 35022 37290 37307 39030 10515 18436 10301
21043 5327 32239 23761 12483 30519 12195 26107 1425 21229 12509 25442 38930 29105 34650 26956 21306 4726 19100 33301 39859 25409 17754 27940 19746 34055 30436 11580 18471 29404 24298 4230 22780 34606 22716 36319 27785 14064 30582 2906 1697 23686 3950 147 26428 39439 29739 10151 27558 5210 37814 19350 20065 2728 4345 5074 12524 12610 21464 39306 16097 36638 14075 11770 31227 25843 19204 8139 34805 12906 30676 17502 10520 29421 6885 16369 20121 24856 22195 34387 15728 17316 13820 25659 9363 7023 5185 25767 11395 34995 15028 31932 14303 7903 5990 27352 24391 8103 3098 25552 19965 4518 449 10300 32267 23916 30903 11419 24059 29813 9617 10961 30593 21558 12847 39640 1438 25469 3250 17626 12178 6939 16789 23851 39507 13940 5365 2794 29394 7096 25031 36796 27865 20133 19763 28989 12791 5535 33251 25605 3321 3543 27201 6447 18750 230 18996 26082 13844 20743 7525 13830 31331 34768 23648 8330 13901 3376 28852 2529 23278 33016 16831 26803 22360 18977 1409 30357 29882 19608 20029 37118 24840 7435 35125 13933 5905 2377 30362 14297 3231 5696 20016 21286 38736 9514 37821 39531 33859 11511 12796 25174 8489 3164 20779 24738 34951 21195 17182 4562
16581 38276 4931 18633 18018 23089 7138 21450 36382 11843 37710 123 39820 27592 39509 30138 12404 33236 10551 36864 25108 15992 33388 11217 1689 26404 17689 24460 12886 34365 187 2229 32551 32141 4717 30779 5212 12116 2268 11810 23353 27351 10904 37051 20520 15575 22562 30488 15716 36888 16196 12865 2612 530 25911 31503 16050 7166 35272 4848 36015 9545 20054 17468 34069 23227 32686 17314 19093 37892 39092 38981 36974 7519 35705 18008 32659 28506 22273 38582 622 37392 25913 32558 6528 33497 23066 17122 27315 28838 20964 27481 25760 16395 37789 15324 36545 19563 30058 12711 4687 7592 25041 2573 18381 37992 28181 39488 27939 33203 38542 26375 3136 32372 12059 32112 12052 209 618 33204 12993 32897 4425 4860 35086 2620 10271 12295 5518 9541 27885 13018 34323 14164 29226 31463 6967 20801 1518 25375 31060 26576 2649 34518 18221 21952 3759 18991 31121 31079 13116 17294 4725 1741 2285 10003 1988 467 20359 31632 19468 19324 32803 24438 14337 19378 20638 15603 19738 25054 26036 37503 20645 39873 32876 15557 21026 5663 13979 35305 38421 10997 11908 22426 2773 34251 20385 15211 23135 17742 39 2286 32085 32952 4635 10565 4266 10691 3076 34824
23207 39562 13620 28620 14603 17859 11903 9119 32857 28915 8160 18211 12909 23076 16519 2947 15067 32564 32431 17086 26235 27845 5875 13073 1692 6539 27688 13575 21700 31554 6752 11494 14992 11376 9705 36411 8104 1874 27408 35334 39605 4673 10376 35476 36021 18157 29958 4883 28764 13660 17061 2110 36809 4910 12677 25438 22615 28778 23453 23533 19501 15106 10555 24621 26261 19291 1466 32573 25483 9653 32183 36851 15675 29665 16366 23496 37011 24670 35455 3738 2251 451 28946 34046 21201 35786 27951 34411 26695 28908 34169 11204 10190 37764 39264 26785 49 7886 4796 29185 8840 7932 24093 8865 25415 34827 12797 32669 9295 3081 26729 32426 34711 21210 19387 1767 9997 35617 6052 10688 1448 16278 20663 8581 27092 5949 15820 3808 2277 10081 23716 18438 6969 29836 13791 28309 29060 6324 38678 36737 14841 21881 6063 1014 9257 14956 15997 13157 30115 8182 15486 36302 6387 10241 11116 13945 32957 24898 26889 23389 16093 1950 8207 11915 22389 3895 6832 36514 18985 29284 29736 25318 23938 29942 13128 15220 9931 1236 28261 8114 27731 16349 25235 377 11528 6950 8923 31116 10186 31803 23290 819 25297 21271 24563 31946 26602 38527 35128 5752
5751 33651 8911 26864 11756 29756 17240 2771 31754 24862 20332 14219 29557 38356 27127 5264 34320 27451 21413 18333 26585 31943 23018 34525 25731 19626 8360 36995 9468 38377 35653 35051 31267 9120 19173 11313 19556 20716 427 27937 18413 11516 8578 24723 15974 11842 3259 16668 15045 36733 29966 19576 7371 33005 37208 22433 39190 37472 5077 11917 22033 36352 20896 20672 32887 9064 38381 24380 1626 39857 27158 33747 4939 35308 653 22245 9886 2160 19776 26274 24845 5951 668 26644 1773 9278 8958 2723 14618 5551 19370 7864 17934 2194 7042 35189 19882 12724 24532 1613 20876 26826 27170 26199 35588 18230 10536 8410 17665 27741 28957 2864 18566 7327 9806 14646 911 8326 33427 24167 39269 37049 21989 29561 898 10601 25582 24067 11248 15789 9598 31468 29842 37737 5267 1752 8867 12179 36156 16762 12496 25205 37162 12589 19691 11538 4321 39877 3918 3718 16344 30649 7486 31028 29168 1203 28233 38149 38029 31216 26176 22539 25718 30655 38209 27789 724 32129 34047 39208 26855 8186 37338 27187 31810 2509 17250 24168 3785 20008 15209 18620 24032 20269 15791 34378 13462 11765 37335 4055 1740 27740 28676 13967 24101 10627 24257 32675 10584 25693
554 24142 28407 2378 18885 18137 16539 3539 13392 26210 33644 8334 16604 29211 21241 37510 10047 22023 25125 30475 20501 15811 30251 13346 8307 5158 7739 16200 3194 36344 29560 28194 38495 381 32307 26320 3053 7026 30883 19367 37919 8159 2415 12603 33637 28306 24531 12477 27958 16504 37159 26949 18568 35839 411 25530 25923 15394 38070 22124 11223 37375 11180 12449 32694 31954 30970 10582 10323 19837 5760 10952 17046 19805 6398 14531 12546 30127 31786 28662 31931 21360 11771 32667 12427 2809 27524 24268 17219 9731 22376 24091 35621 24092 30632 4898 38788 34877 25465 37788 28689 9697 14776 16593 32250 7459 29082 6377 24972 12007 31271 34191 4024 38493 35354 23406 14757 9714 28064 24514 35460 30835 5729 14240 9269 36689 1977 17638 20567 24554 14620 34854 35432 35463 23252 31211 15157 28073 1263 20394 13776 656 31652 26875 13030 30281 38880 37150 23303 34935 9776 24371 30964 14908 37224 2637 19188 29838 16167 4836 4027 24914 2578 5704 19241 21895 25001 38133 20451 12103 34652 30789 35043 21386 29061 25504 9773 13154 7358 11960 3958 742 31 35996 10505 36494 33376 8783 35971 13202 11870 17536 20031 12130 3752 32306 36395 12555 31052 19560
13717 26797 33031 26142 35639 28986 28889 33393 37420 18483 30345 29496 28118 9191 13137 21252 16332 32630 38251 19259 36016 14417 8012 31452 2594 21956 35150 12830 6357 11019 8180 33967 4839 6205 1819 28526 2708 33543 8975 34581 31664 35986 14911 1224 15032 11940 9535 23660 24281 1054 3350 33936 26413 20607 17968 27987 36582 39075 9126 12421 21179 16070 5244 37522 38167 22863 21357 33649 2101 34110 13826 17301 5497 19355 26039 15285 2043 3479 19108 5915 13226 20673 39949 13709 18114 31524 32629 37547 15420 32674 9437 16957 14457 10777 23861 1299 1875 21769 19440 28397 13331 28846 14869 37830 36244 18511 12382 31038 17512 35601 31827 4006 6796 25686 31790 25700 12001 12429 6744 20650 13671 30866 19352 29090 2336 25380 3435 22576 31001 9425 7483 33252 25446 10142 37570 5049 30573 9171 3934 8395 14059 19025 36502 35997 5383 10854 21874 32043 33074 34639 30598 21639 8384 33387 30508 14049 10100 12373 1958 35926 36083 31706 10383 5419 10236 36403 30308 9675 34913 39952 13242 19905 30373 20477 35656 22283 20722 6913 25349 27918 82 4420 12080 5843 18253 19881 6806 7769 27513 2790 27583 17603 22772 32645 293 28905 8450 11540 26600 32792
2159 33302 32065 28532 27373 30677 25020 22855 7984 35581 31224 8263 33446 29907 13941 2333 34950 20160 28976 19478 18965 27331 36813 18465 20066 29558 20827 24410 33001 26676 25307 19177 2364 2652 19687 21676 36947 17403 5730 29459 29596 30247 32495 37127 15776 10446 13768 15257 7526 33519 27501 14751 24070 8608 14459 36905 18467 16857 25234 39383 6624 27882 7022 29723 35494 24960 26249 26616 8793 13405 35564 39072 24117 25575 11964 23954 30146 35099 39442 13243 16184 13540 19358 23441 12184 31010 29118 26010 31234 8983 1418 38777 4087 7542 38846 27072 30930 24069 39057 26434 26922 2279 11380 21356 4576 36669 2765 7227 30663 8774 28356 7615 3794 10062 25088 38975 27743 38730 1369 7288 37810 12307 37092 9991 794 3663 1450 30503 15689 13516 3028 2284 33812 5618 8147 39012 3732 23057 679 24645 12822 18668 10802 38909 19884 37113 13309 22905 36911 967 19447 33775 38674 25925 11194 31530 15704 20048 15124 24598 19038 25816 17854 38962 35905 33504 13991 31846 37434 25421 2986 15996 29608 31705 3637 15626 34157 24094 34494 32295 20455 14702 13420 37831 7675 1974 23981 15673 36501 3619 28534 5966 18813 21180 27569 16815 38625 29698 39390 10114
21507 17601 27209 38043 35422 5591 16877 34876 5718 32757 1452 9129 25973 11646 1458 21245 24339 2022 33792 31493 20744 11464 1112 32398 29653 10378 23922 27602 24228 33106 13089 20962 15492 9133 360 7831 28761 34839 28717 23779 14528 12469 9165 33571 16830 2617 2447 22181 30066 15708 8898 5754 23434 27859 29762 7640 30852 39743 4200 3535 18529 845 7966 11821 28533 14036 15799 19095 27714 340 16136 29030 38311 18725 1124 15549 31128 24940 34129 2954 20612 32753 35647 3774 9232 22133 13487 38656 22922 23327 3771 33523 22199 26919 5826 7953 5381 13572 35559 25209 16536 2052 18608 13796 14617 32155 10265 38 8116 10883 30481 24735 22278 13044 34124 4827 22219 2495 23386 36309 11757 20550 19226 11550 28607 25585 21090 5938 16985 10617 3471 11730 20208 6180 323 16164 38804 23154 24875 31505 37734 19750 11073 24344 2138 10994 1023 4099 34645 36764 28141 12559 28673 24927 6278 1186 36738 17562 784 2344 11969 16417 11562 27682 39139 36825 24126 16809 31103 14015 36167 7569 20775 10044 17411 4155 34984 35137 11328 15319 8593 13982 8833 4416 24239 6413 37225 19466 577 22575 34265 27664 38803 31115 35770 10608 26490 26765 768 6393
35943 29983 34028 37422 38452 39186 38932 36734 15724 39303 15246 20643 12566 356 11946 27379 22310 20738 16587 37123 20549 11374 17643 25879 18783 29474 29868 32379 7048 27040 18585 21243 30264 20112 13440 19991 36354 7439 8256 4181 25434 22346 10578 32135 24721 29946 6602 7861 27834 17627 4770 9636 9491 7469 8082 684 11560 9732 25330 39464 20012 35990 22014 12238 34073 18322 10652 16219 28510 27128 11649 6600 31071 924 34086 19960 19953 28492 28743 37167 8238 7722 33535 3236 23178 4475 37213 22269 28462 19625 4084 4004 9094 30972 16290 36644 27981 19345 36742 6705 31522 902 3388 31056 30853 31874 7619 25673 38332 28819 17150 20261 35682 9858 30834 38593 4829 3038 38402 32478 21586 7497 37007 36800 34923 38714 8265 16708 33908 29093 36814 16566 243 26188 26445 14599 11461 32050 22563 776 30317 6102 26587 1177 15822 30792 14803 22066 25351 15109 36969 36712 16469 8185 5087 5953 12898 39157 15814 13515 6911 30187 4795 2860 39337 33536 34648 39752 3525 13530 22552 795 10658 10592 1969 25607 26104 19027 9103 16412 25263 14302 3268 4583 35371 31155 30860 4506 28409 20925 29923 23640 19198 4981 12389 39723 30402 39194 8666 12105
5732 13022 4812 9836 14180 9624 22301 11802 14074 26119 10328 34990 39632 32990 36321 17347 31086 550 27206 4042 35884 34529 21695 39453 11651 30982 2517 39033 30144 27134 38608 19611 14328 6207 14416 14856 17752 6919 38819 5203 24760 19867 23443 34893 35042 19333 6129 24800 39771 26800 3201 8827 37843 21875 29681 621 7305 33563 12568 18724 22515 17547 8371 26000 14491 22455 39693 30190 2769 3522 3066 39344 2400 17244 22754 21328 5823 28478 20718 8040 20427 1948 9767 18444 4521 34398 11722 33061 26203 36942 14207 22888 23301 36133 25984 38991 28329 31347 30554 12508 30984 5764 11989 23100 32595 3823 12391 28842 2639 21818 25679 36189 22543 17707 23515 34237 38410 25324 18037 32864 19723 25577 30816 12331 9128 8344 32115 27290 32968 25665 16462 25711 6982 22411 6407 10865 32414 26244 35637 36024 5702 153 34571 36605 3518 24731 8962 27160 22344 14440 16902 38892 12825 32434 9453 14939 15578 30539 31287 19964 3917 3476 18229 5350 31450 9451 16503 23695 8630 1 5106 29995 3991 29275 16448 17216 10165 31436 15525 7696 7316 32145 5136 38028 17658 24428 9716 19812 17434 7080 12379 26273 39176 14884 797 8860 32969 6742 29508 22446
26977 2363 36428 2454 3782 33752 9502 2292 33055 16560 34557 5055 31019 2456 31046 7897 37366 23474 10001 21006 14453 20633 21428 29369 26997 3830 31904 5099 6829 28023 205 24792 4049 6843 25309 30184 20014 22460 19403 15069 7095 38749 34903 19386 4810 4305 22951 24618 3986 2525 9470 26403 27992 4925 39900 29797 17526 29588 4476 1407 14548 5273 14502 24466 36217 38613 10885 33173 25853 4702 4393 3320 5587 14686 15617 13563 5341 24607 28338 32643 14470 13422 38871 27721 31454 14708 12394 38447 14379 37244 11643 30239 34769 15540 471 32256 24260 11578 21003 31064 26288 3472 39909 38580 1586 29747 4254 32816 19269 11496 36058 14790 32707 37729 19730 4196 22821 8313 38177 9140 9610 5237 32657 12115 15763 17829 20407 30005 330 17955 27048 21254 13442 30747 27094 30623 25098 10888 1557 31765 35731 32235 36961 16413 9578 19663 7325 20471 5316 31540 8795 4263 11944 27319 19304 18072 18976 27707 18701 16508 12618 328 17276 27465 32285 1327 27080 33036 8979 37678 35665 19264 22143 18338 16639 18021 36320 5476 24232 31528 34885 22003 15908 34358 17303 1781 9428 30060 19699 23347 18160 10666 19464 28560 3404 23541 27954 26086 2096 3768
35835 19404 20132 10634 7059 16402 12502 31980 27784 9399 2112 26845 31749 29252 7934 12733 39105 25040 9603 24799 23077 2977 20272 19221 28454 19126 14965 11543 36101 10722 22039 33059 12590 2502 16596 26399 30160 762 21753 11512 31293 5794 7333 9348 33460 19371 10610 29070 31610 11922 20024 6532 26878 31309 24498 5616 23672 11315 10320 14122 27641 36676 1155 14749 19091 37545 29975 13998 4258 7836 30368 31949 8863 6500 26946 22236 7232 1081 9356 24488 27211 30705 20352 20719 83 27059 33330 30387 27269 24613 26167 31577 1791 1233 24897 23120 39438 38740 37120 1521 3564 4059 31409 37817 5072 19284 32704 1570 23043 39182 36373 34796 24740 34367 5786 428 26634 11126 6666 10418 144 19745 2270 12036 2458 32710 20838 26049 30660 367 31719 6408 18514 26925 16852 5310 11939 1585 3114 34240 30904 35896 14960 18217 24741 19734 12321 23109 32894 10873 13485 6816 27422 17146 6909 25891 24214 541 36579 14705 3187 1414 11891 39273 28228 2549 34725 27293 6271 4629 29411 19381 37045 4188 15976 16599 4123 3253 10250 14737 23481 31000 8998 26481 21631 14077 1493 33991 6160 12867 7155 13883 8604 27238 26102 18354 8611 15782 39825 39807
21225 17982 11188 4504 9583 383 28943 5933 27877 21096 8401 3255 15310 2280 29726 7301 23550 24325 1879 31947 31426 2562 38551 22266 19865 3241 38097 38108 37102 38176 27525 1303 36372 38830 9573 37110 10113 36285 20322 19688 3144 17470 36867 38212 4094 32357 29973 25173 4604 12679 38481 27836 38758 3652 35492 2603 17338 4582 26476 10618 21596 21490 12999 13472 19742 17504 33884 11221 6760 10761 11205 12746 27418 10372 16829 35414 6494 351 6222 4462 18226 8341 7268 36280 33879 606 28422 13965 24331 27477 21591 24188 14621 710 2831 3682 29848 9650 8125 39697 30647 28175 31971 38943 16939 21701 6267 33867 1247 8132 16554 20671 9795 5373 29584 22082 3926 37853 13865 35813 37372 39380 34130 2828 34653 5619 10987 34405 9405 26305 17104 13652 17767 3279 19166 30265 25017 17360 1712 33421 16389 15434 26313 13097 31132 6619 32470 12017 32427 662 33253 34790 16524 2011 20061 30975 7363 39821 19592 13649 22598 31231 2312 3056 20792 36841 20913 2846 9727 13177 36661 19518 39508 19848 6439 22019 23608 20158 5239 24420 14709 26910 8892 3667 26542 28186 30289 1030 17290 14783 1301 17177 12256 33377 30568 5555 38853 18278 29250 7676
4493 24114 29377 22192 36081 33721 15819 26520 17036 28075 4660 32738 130 20831 18302 21667 22981 6930 21283 3827 278 19906 35302 31639 31434 1802 30266 14050 33830 6609 18810 16263 28925 5912 19798 16055 33582 25588 37949 13142 11517 15286 33227 3920 26317 28370 4498 4944 30103 36629 14622 19762 7552 6397 26742 36695 13853 1854 28626 23436 27047 20058 16449 5428 19234 10660 13509 14761 31190 20436 9755 796 23032 25195 28953 21932 8019 2240 15969 38181 12988 3102 2205 21511 22876 38338 20010 7888 32754 2455 30746 38983 20641 37539 3860 9180 3309 14713 35674 27977 2733 31122 8992 39540 37057 16159 36079 29165 28301 9800 6218 22662 8209 11320 21077 24919 27068 1258 688 30245 8712 23918 25274 11123 2339 35808 19054 13330 15443 33569 22132 28067 28988 408 39103 23828 35980 14537 4777 2875 37082 4695 36930 21980 15154 27863 23384 36394 11403 25743 21539 17869 14277 6587 33058 17098 23646 7254 33164 34656 33680 23083 28451 1072 31089 2837 4268 25943 12119 15837 17021 20231 12401 29782 19719 12272 12428 20270 36890 3111 20965 13468 18672 24651 23415 2510 6940 12561 28547 495 36637 9542 214 39966 9571 12225 29144 20339 19070 21044
28930 18918 36766 4991 30077 14808 35675 12251 21905 21630 39279 4846 1441 12967 641 34307 20266 36371 18820 18993 23152 7501 22952 10717 9894 9540 16400 30112 20583 232 27589 4151 934 1817 20516 8648 14742 32031 22205 37993 10042 36736 34640 38138 38194 15785 16988 5123 4390 1944 3799 1979 14820 8981 21184 31628 29727 39653 28835 35757 5051 37549 9331 34150 1340 10655 58 4030 32466 20972 18281 22161 26004 22718 29714 2833 25644 14287 30546 18187 37179 21815 3228 37234 25345 847 33555 17496 706 26374 20805 3542 21848 26071 29531 21914 32860 24896 9035 25250 21731 20146 1710 7734 18565 12714 29760 15641 36063 33489 27684 5054 12158 9311 4427 32268 8316 11109 11234 18912 15638 8165 21345 15581 198 1770 22688 19439 16242 21531 28964 23494 3032 10244 35033 26535 28113 2318 29117 4434 1015 28498 32373 19388 148 24084 25785 25165 33449 35698 18528 13188 34289 7370 16788 30271 38175 33617 17561 8492 23599 35363 32094 7088 27442 14925 29079 35713 38767 29114 31760 25368 37395 7101 2528 23190 24360 25805 4908 5986 3031 27991 7399 36933 16932 13094 28183 24006 1152 29143 16358 21066 3426 19055 13893 33221 13875 34144 32865 32020
8038 16034 26779 16976 13534 12084 37443 37079 16222 1086 3659 36640 5151 9105 20762 22559 690 17699 26745 7703 39890 31677 31162 31692 13429 14245 5736 32081 36143 16837 28456 20685 30934 34718 7646 16315 24594 6848 19497 23984 14209 17222 12664 19995 29779 25647 1870 15405 25534 39297 26780 14945 5345 5155 8692 14630 19417 39406 24147 37794 28484 12975 9013 23312 17857 24424 20657 34261 35919 20970 22315 21524 28053 22726 12639 12943 15840 15833 14271 38361 34254 16113 19578 6344 3548 31668 29749 39078 18443 17162 35624 29638 37516 8376 26184 490 7793 34379 17386 28376 5152 16470 28197 13325 2806 21509 23895 23545 35139 12918 9214 19081 10246 30298 275 36306 19511 25676 29366 8146 15448 8814 17362 35578 1362 28570 34991 1171 39392 29179 1457 11530 19477 6699 21251 37426 32869 13428 10702 32004 9398 37662 28935 17702 17274 5016 23336 29035 1920 5894 23745 31486 869 8676 30894 8601 29208 4955 6104 21325 14948 2076 28542 37022 18401 23241 2854 19896 38897 39617 13612 10600 33762 15316 6910 34060 13696 5939 20335 24785 21319 626 3931 9201 17994 13112 12215 8782 19365 9003 6764 14446 33793 35031 11882 2219 5400 13861 26649 5274
484 5836 33854 30540 20393 1005 23232 11027 39687 8690 36028 10170 12668 24921 26340 34663 32646 4135 34067 10392 2836 5576 6966 38856 27004 21618 19522 32779 3861 31751 38662 26781 35186 35215 38019 30726 9632 33591 38801 38946 34856 514 6615 21551 19014 35113 39872 11618 37223 17957 20291 981 31393 33701 18917 6171 24836 7905 19148 34973 30955 25896 39842 35115 28040 5941 30091 10164 37703 21002 29703 7632 4824 38396 11998 27433 14394 6491 15985 35456 9830 29107 36632 17612 34166 30226 22127 9104 36956 33706 10672 37726 36900 39862 22626 19892 19191 843 22910 5067 38346 36062 28605 216 10583 23759 16319 7137 19840 26722 38929 23264 35561 8248 34924 31653 8252 27839 34407 12872 7121 12569 27305 27723 29504 6396 17978 24462 21186 38701 37787 20117 24063 9616 7092 22804 6749 74 12101 29357 19499 37578 23123 26394 33457 5148 10875 18347 15592 7017 16890 13930 39845 8078 16861 37419 7764 17739 39599 34178 4032 19809 24705 32029 15516 19859 4740 21404 36816 25429 6814 18118 6485 12890 28598 9396 22865 11470 4361 30429 331 71 3746 21992 32954 5900 8854 17039 31074 37676 25964 27419 2293 18011 35467 12852 5434 6720 13123 24765
14850 12462 13249 23945 19281 38498 22548 16569 22685 11343 569 38352 14358 8671 29481 6550 39883 34403 9831 13237 15225 1175 24009 39625 20264 20086 37673 14034 4738 32770 11720 34597 29009 29499 2191 28439 7320 17148 10750 6852 11232 1820 9421 7260 20241 35368 27889 13382 30846 26091 16046 14370 34068 20528 33575 2287 30697 1121 2425 29627 19376 7082 30350 6546 6949 32038 17428 12457 39333 16995 7287 10071 20289 3507 9429 21400 35874 3975 20659 2915 13890 1983 38809 31255 19142 9484 17714 30125 1000 25170 175 4933 12843 12476 38148 5651 4379 15305 2688 29178 28430 3288 32158 32995 30527 37466 7383 7698 4603 28363 17103 28045 26986 25305 18871 6878 15523 1569 1799 16229 39391 25566 19143 3324 26241 36066 9028 8669 33372 33620 4011 37094 32875 10872 39252 29224 22000 29466 887 22661 24054 23831 35942 19097 8906 36838 28138 10410 30044 17666 14089 35194 30340 16177 19674 36699 9517 30507 36726 14449 7280 31990 31440 29920 15780 16003 32215 37988 29332 37264 29019 9643 15419 39534 26935 26440 13840 23380 28729 13949 13300 34896 31856 39788 21740 35508 15137 361 8781 9840 19003 30628 13541 9109 11690 28745 25939 31251 36216 37203
9265 8336 27631 13473 28728 1647 143 17170 29210 11896 24502 37859 25102 8858 14040 10077 4511 25546 25703 29091 9225 25753 12464 33798 1019 25289 13667 7321 5359 17899 14579 7967 21162 7913 8534 17465 2923 28211 5657 29361 31916 11351 4867 30932 27799 29929 1757 2545 16986 17398 20324 104 28704 27239 18056 29821 5584 23182 28256 15940 7329 24149 38778 6142 31222 16601 29896 13410 8945 35373 8693 20570 39739 3939 30959 5375 39347 12542 18683 22665 6573 23968 10557 21775 4382 22762 23813 7654 168 5408 36839 22105 16463 39763 4412 31137 27507 22487 2987 27192 21723 27796 6683 19638 35931 8136 35332 28379 17123 33355 3224 725 12666 1082 35726 24040 32479 30821 22430 29137 2116 17495 17943 11966 3192 21039 10538 10386 30318 38348 27878 34263 6926 30862 18310 28155 14482 9695 23665 18212 1334 21557 23973 16753 24131 38113 14885 30974 34958 21729 25561 36441 26314 27285 6304 25690 25049 3761 26524 8293 32045 33151 29325 15607 36450 22586 3762 33030 23338 14382 2663 25536 38017 5635 1966 23465 9758 31218 15055 18095 6511 466 28323 31535 1190 31641 6047 19450 25425 9034 36952 34624 18859 22568 595 37558 6872 11358 14594 7629
1603 36146 36237 5705 12370 25547 28178 35596 22271 35358 7261 22744 25825 14860 9986 17129 31934 8933 15395 1398 22633 28762 30837 11935 31253 16405 11856 30858 4314 3716 34256 1120 23641 19804 32108 17286 28584 1495 11449 36399 17383 28562 34902 27676 17985 27879 27739 30430 18549 8437 7352 1938 7699 25148 8037 32828 5806 30377 21988 13751 30170 16974 21677 15964 14220 37964 8973 20464 24519 25306 13960 19047 11948 12926 3850 38995 3789 13129 27681 27678 8520 28785 13580 7644 35981 38862 6935 36829 13381 9597 12258 27726 10793 20299 2584 23564 21957 1891 36478 5961 36553 1488 24223 1274 36210 37432 14876 4237 29234 33628 20222 37967 5502 2635 29642 3335 26774 20017 24878 8031 34699 23186 17641 29495 33518 29656 5679 23994 19574 21684 2174 21871 22728 10681 19850 26422 28955 2814 21726 4299 37683 27291 13633 25523 37437 7740 14142 8897 26775 35833 30045 36343 25895 17974 24103 37652 32367 17657 12383 38907 28878 24704 21207 6183 28594 25541 861 15634 32961 27610 39016 25057 21294 19715 10892 25133 1578 6298 10311 21469 35166 6217 7341 6106 11531 17586 29568 30833 11291 35179 658 16905 22218 32577 21434 14590 38304 15642 20911 16578
7974 26572 13438 19923 35519 22933 18512 16316 34102 32024 21008 7608 5808 31850 6479 13111 10567 39928 32266 1402 24020 6731 26437 3696 26846 12881 2702 6824 8175 1011 12217 9373 25208 28177 20601 15555 35122 32171 9164 1269 33045 33033 10442 30951 36516 21109 12766 25990 11727 26597 26568 34614 866 22379 10228 36973 32328 8255 17559 38579 8927 6074 171 16658 23363 26754 3955 37169 36442 30643 34967 26076 17991 11627 33443 13801 4351 14275 33527 20107 1998 8582 37958 38433 13450 35623 39620 9925 11405 3363 33758 6693 17179 33038 17015 20360 12799 25798 10550 32769 29990 22646 8022 35840 20834 33897 22616 31201 9990 6308 22149 25904 38586 22607 22225 86 18635 32642 38764 20382 36017 13164 7800 4831 8609 15389 19860 21177 14743 4643 9633 13447 27701 24351 4066 8606 28302 1281 31546 24802 2589 10647 26690 24401 7846 2224 18801 1648 30605 9702 9031 33973 31403 2470 9355 30151 31867 20556 8681 26756 1365 29005 36451 19396 3626 35582 9254 26269 4143 29644 27824 5969 12333 15690 6472 19532 4819 24677 11707 174 13199 10361 32244 30978 12637 2813 38359 15571 24579 13872 38738 2547 26693 20768 14236 5474 28026 14411 29018 33127
10297 38035 35197 27385 16652 29246 38719 9145 9631 37464 12970 4318 30108 35049 5956 37261 5293 9038 30877 38800 19711 27027 35970 6953 37253 22281 26592 32633 37385 1230 36591 33611 29632 34177 21424 27636 22241 26001 11621 1520 3889 24662 26085 28660 23619 29472 26501 6493 27629 24377 24191 3042 20485 4631 923 24507 33293 23472 13701 25914 8968 8889 12454 38523 16084 13288 38536 31969 654 31055 9237 39815 22154 32509 29777 4505 35529 7393 7979 2505 22425 13458 36983 36181 23927 3987 25672 23045 7001 20571 26173 23798 6027 15725 8869 10070 30055 18570 38598 3348 14853 22421 2938 2037 25956 29908 2429 34019 21204 4281 26498 7926 39112 116 10839 17009 21470 29048 38408 36786 25273 15083 32813 16786 24321 8291 25126 29654 13665 4407 20815 39066 25557 23872 16026 28612 37908 25942 4465 23577 32093 17598 36884 4075 36804 11155 6467 7171 14754 29520 7518 37629 5065 544 6356 16423 17161 24338 39519 12442 19467 23598 19701 7902 6696 37573 12690 35927 37923 1841 34619 25885 27 36611 21825 39317 33140 9658 21909 39006 13556 16794 14288 8633 481 20553 19515 9294 23873 29564 30817 39699 11830 27169 1593 12273 176 10912 12812 38664
28832 3757 26954 38614 13888 24939 891 15240 4967 13180 16223 26454 37974 17892 27231 38866 13553 6790 4517 27344 38713 29310 32607 34082 33039 24683 23638 37006 8549 29880 25630 24187 18664 22345 14769 6139 36887 26656 11576 35176 6870 24501 31558 19946 4844 25392 9678 3947 36504 19488 12604 20091 33927 35960 20843 26447 8416 30820 19818 31526 6603 38294 15775 17888 22511 6253 3965 37413 613 6846 9987 8754 18726 36323 17578 25960 33539 10461 2937 37168 35243 20362 14608 18267 18781 20011 5058 13734 26987 26534 27622 38196 9555 26819 10513 13081 17718 12654 12577 589 36763 1107 11980 36588 19196 26888 19183 17674 9394 21514 39000 30493 33444 10327 3431 9966 21278 7825 4647 27223 27946 18576 2246 29801 5013 19885 31948 3848 16691 20426 37966 28683 33672 12702 16453 9507 32613 13763 37660 24911 29021 20093 24313 4545 16045 33935 25457 38090 18580 509 19103 1627 6975 28038 19741 7083 4896 28188 21826 23621 28914 9199 9522 15374 1926 5138 15385 31050 4766 4768 11928 17272 18339 34868 30299 24184 347 14257 34969 4855 28493 29639 10485 34173 30594 8634 16060 7267 25856 16056 11375 29148 17211 39061 31853 15392 5601 22775 2497 28463
35795 14197 12645 33116 34204 37807 698 36141 3296 18292 15671 11546 39981 13781 10599 15506 1535 39142 8984 32127 7185 18287 39322 32596 35142 14616 7829 10122 8541 36253 6256 27848 3638 5911 30215 26847 7606 9781 12420 1461 21800 10444 21649 15347 16723 32924 17436 6068 28019 1568 12326 18120 15679 14642 26117 24083 21196 4744 13896 38001 14932 9983 2829 2970 39567 23664 4866 14312 30764 6487 16531 25933 7220 35554 11612 22846 16928 1094 23842 9175 26248 14817 767 30327 37701 5504 39746 7517 30939 17705 8737 3090 24751 19751 7441 38401 12968 38926 34400 39311 38375 10333 16002 38703 5993 8554 2417 26066 29102 18353 34394 8145 27210 15042 29451 20123 12652 20833 35171 6244 33335 25624 31414 26605 28060 9183 14998 29781 29614 22043 29428 34900 30830 33305 6159 34309 16573 13394 28652 36613 21389 26739 2302 23649 17366 21086 19154 29401 16133 4710 26002 19484 21045 24492 24144 12742 37332 21053 29024 21821 9585 11594 38821 12378 10254 31785 33000 2726 25929 27735 3631 8585 25452 33340 26264 27732 28841 22795 17212 24679 28561 38760 17986 30795 24222 24574 30715 18716 29476 25293 37178 10749 32741 8245 14320 27247 35759 25328 4169 12585
25411 35409 29559 30627 29426 19243 11094 27616 15357 10263 28977 29948 11976 33588 38841 11064 6660 30662 23523 13557 38959 3059 2693 38848 11202 12460 2210 19240 3179 38545 32546 21452 14921 16823 19445 5964 33975 28556 33035 23158 13074 9280 18562 3935 18126 34483 2742 35208 11827 29669 30398 7666 28080 29271 27807 20373 30690 27901 11807 1837 26937 36338 25586 13399 23894 20725 960 7787 2599 17342 20902 28154 28884 10954 37002 33456 2234 27444 20176 325 13987 13454 27058 15719 27480 36390 20644 38397 31232 4954 32422 8969 35050 28685 27675 6184 33603 33551 3408 2671 6162 22022 22040 8875 11775 26869 16971 15063 38752 26807 5839 36903 9640 27553 31683 30787 14878 16123 6420 16491 24578 29461 33790 24273 23980 39482 16925 35444 4675 16738 32303 6663 25254 3256 5437 2098 5101 25257 12403 37561 34330 6087 39334 24728 34833 741 31920 32101 26436 34698 1241 2416 15481 32001 1209 6158 15977 21018 34355 1342 15878 7751 1264 16094 773 16557 420 35210 26319 33194 37633 31625 15771 32888 6315 34071 26788 26569 1092 26214 15895 13299 21651 12202 10167 23717 13641 19286 39932 37316 12920 3671 17025 4136 21549 17097 15203 39472 37320 5290
29679 8725 20456 36523 8488 35439 26084 32902 29340 23382 18748 27705 33271 35021 14687 15663 3368 19208 15297 10736 23978 13974 2250 35481 14752 20100 7397 5855 23958 36929 24951 17202 23721 23028 38426 24080 35605 23235 10137 23887 38367 23292 8555 7349 14281 4720 11532 35394 9647 1040 29449 14568 38357 10233 4104 28458 36791 31259 5093 38286 258 2741 9809 20076 34880 2253 30720 6990 27692 5128 5342 16543 35842 19912 13879 4440 1160 37985 2351 31860 4089 12212 16872 34561 19988 2478 12681 39283 33249 36223 4488 14994 25892 19287 12697 3824 12492 25874 17772 27402 587 15024 8441 21264 20136 28119 8284 29800 4215 21399 31694 8855 5542 7642 18816 4500 9193 2024 30109 26902 27787 35590 14330 34820 25699 17313 39638 20303 8402 39741 34081 25230 1887 32685 35686 27441 24685 27693 202 24449 12849 5763 32726 12961 16881 11240 18410 5715 27896 19681 6695 35141 27660 22630 9861 17609 10281 11878 3866 36256 29902 22760 32731 12580 28850 14910 20343 1195 14690 35800 5511 26465 6811 25418 6524 13378 18079 11389 34084 32142 24226 25096 34905 30777 9333 38791 6163 25482 4574 16813 6170 7117 38591 8196 7723 9102 10574 19765 16154 36376
21092 34215 26990 9538 14510 20689 11381 36425 7417 31617 30272 36863 28167 21910 37490 1346 29574 22027 32700 1737 23046 27302 4356 4389 23542 19062 8417 8739 30987 5301 25013 12063 4548 11862 25143 27155 21907 17951 19111 6830 21326 15741 9049 13174 14048 7164 38518 29985 17501 516 37262 17637 29407 28156 15570 3113 38188 33847 7135 9700 38924 17662 10471 24626 27698 15539 15148 3933 25971 1157 8279 28088 15747 9216 15542 15182 7664 13980 36045 31420 4239 34944 19082 3505 13670 790 2242 6977 101 16343 13561 6335 18738 29469 21810 21119 11987 5380 13490 31582 31237 38799 34762 17885 10845 4438 17237 12161 35577 18896 34812 20134 24530 26554 30359 33963 18055 30638 31722 37568 19669 16960 39791 34830 10913 7576 20478 19643 32800 14259 13372 9099 25657 14478 11238 6323 27229 6755 21973 8375 21091 24392 19099 14427 33572 140 6681 28765 23953 32729 2531 18165 7453 38863 21645 26645 20165 29221 20504 11212 5187 5620 27573 14936 11773 39467 17225 39228 3151 18250 29292 4044 1432 22494 22393 25723 158 14460 22832 7369 26344 30722 716 25780 2601 36749 11020 1043 26511 4628 22618 27377 14243 25871 8556 31647 7623 32113 14614 1222
30054 14291 993 17401 29479 32932 22877 34993 18124 25423 38462 37061 27837 33815 36758 10010 10564 3778 18986 1763 35630 7090 14655 24829 24791 24511 18288 9500 22814 26733 3795 20109 191 32255 26749 19461 664 13012 36634 36472 7176 11227 9240 35084 8329 9359 36784 10667 19119 28565 36955 11941 17355 21796 2762 257 11017 37349 27268 16991 22937 24537 38067 16429 34188 9136 32641 22289 36583 26522 26045 687 29767 11565 7331 26617 5321 848 25431 31727 7849 12556 27159 38816 35769 25952 23246 19446 36759 4370 10349 2319 10017 37358 10105 37854 12142 12354 8202 9850 183 12860 35789 23331 27077 27572 18723 11663 5411 28203 11571 20878 26278 37659 31811 307 38987 31812 38938 18206 15566 1693 1764 27856 27920 34115 23257 25776 13815 25194 14519 7465 39230 37647 21472 28166 5690 26849 55 30740 27562 32835 36697 36700 18256 26710 21176 8628 36219 38671 3512 18297 6625 38157 19735 3550 24962 16953 36510 38182 25608 14237 12560 7319 12907 23592 26040 8805 13445 563 150 12696 34248 39330 35240 24221 23116 19787 38135 9138 14468 24301 34127 38610 9221 22774 32497 26343 21222 24367 38446 3333 6123 18298 21564 35479 39357 18400 9226 10388
14369 9712 4927 21206 35372 2439 13887 1465 31473 19781 10684 1687 17897 29074 35797 16302 23605 38038 4424 12187 7855 32259 10707 10268 26696 31332 16185 18375 7772 23276 24868 12197 39490 7931 6661 7256 36130 30234 29918 1641 12247 37730 29684 19428 17300 76 15014 20130 22443 14781 30301 9426 16969 226 7243 28473 13281 25356 13313 2614 6274 17328 13792 5069 2359 3318 21395 8736 2141 2335 6606 15702 18216 4753 21374 10148 38634 804 10587 17786 36299 929 9718 37 146 10469 5143 11947 26193 8771 20581 12515 23860 20537 7595 25075 25480 16190 39769 37073 23245 2166 11368 5910 26608 20131 35788 33565 1821 34208 7392 17308 14951 9149 39080 15552 1553 17765 37018 7790 29001 11366 26271 11632 26353 1265 34852 7868 26723 31358 16633 37451 19262 1824 11236 33635 7104 7996 23180 7998 23304 1566 10770 25086 14364 27028 13306 27772 19810 21887 1835 19257 20826 28488 20293 12191 2910 604 21795 27655 4373 26510 16411 31005 18152 25642 17378 15081 34794 3262 2260 27556 26967 18148 37227 3872 29978 22138 8542 32823 1469 20648 26666 28018 22672 18774 34164 10983 1053 14171 27702 30454 39242 36881 29734 30329 31800 16804 37601 34797
37066 39789 2358 29129 27972 12814 30941 24356 13836 5266 29607 10734 12553 20203 16254 8212 18346 37693 37186 380 26251 8564 13209 9332 3811 8497 15639 14647 15284 38152 21475 36284 20767 2209 6608 15944 3077 7231 13737 17087 27611 7056 38533 13502 35482 23484 11301 34271 834 20894 13803 18649 11811 22375 37171 10975 33516 10635 9303 32 16891 38769 19479 3176 23460 26667 30021 16345 12262 9656 25118 33100 1099 22708 32436 33944 5739 14534 27413 3995 13613 35847 15599 39420 3699 23164 6073 12534 7070 31014 12021 25129 32039 5622 39879 17183 7789 32358 35751 7151 28112 14811 23128 18041 14847 15848 25531 35763 3834 3045 13118 22021 18430 38202 28603 16949 10480 5825 2352 6376 8071 24205 7405 908 39881 9400 3763 23435 4951 31491 2324 9659 1330 19298 8302 7184 18887 26485 35469 26622 31648 30512 19939 23620 23962 30384 28678 4172 15511 22142 7373 39595 2215 17474 14990 8503 13841 10135 35510 12093 21409 12152 678 3385 10906 3911 24970 28007 32679 34441 39292 10399 33464 29409 27502 2619 19597 25746 5710 19554 19261 36667 10270 15270 1357 3552 31451 19104 559 12287 21052 4137 2664 28869 25499 10229 31430 6290 32280 22449
29945 3915 39371 22162 2602 6136 14386 31575 37188 19130 5374 26839 13400 7107 12013 38645 5940 7057 15530 9047 11168 18793 12659 9106 26405 39705 35606 2812 24631 5406 1354 31061 27888 12201 20044 21994 18787 21167 27712 19231 2600 18284 23260 31712 6523 31412 26746 21919 27336 15683 1629 38641 25217 28234 38511 4460 1705 18503 27962 33442 21401 22853 14872 4938 1042 136 3857 25773 36308 3347 10395 22773 10211 36022 16109 15701 38585 453 39915 1851 31157 1927 24453 22290 14289 21571 37782 6514 10919 21657 2438 22706 15794 34803 10226 9827 15786 20924 25153 29467 6800 33117 26842 4022 31707 10959 17491 18530 12722 33153 16818 13713 32914 27368 34683 22841 2499 35697 15020 20850 34277 674 8013 9912 26991 22639 17947 16533 10295 892 25239 34533 5135 38633 10716 11952 32484 28666 24561 1426 8061 21339 29111 6476 18655 15808 5479 11427 22036 24806 17589 37387 36171 11147 7149 19713 37792 34931 27770 23652 13260 1046 15612 36618 748 22674 2094 3688 13526 26144 18624 30896 27769 39305 38927 6410 34316 7562 20325 4303 26912 15911 6260 39094 27847 18573 38284 15177 35435 2550 22596 19920 5658 5008 27369 8953 35442 25976 11936 9121
39237 7075 29595 21578 32290 26087 14683 35852 8721 32035 29796 11564 6871 13362 522 23807 22806 22194 20361 23489 15228 31352 27218 8745 21792 23575 8872 16117 13228 6917 39522 22250 38219 33986 17864 28423 32889 17499 4832 34099 38771 30092 24262 20534 16923 33827 17029 5553 6978 27709 12578 14551 32040 37054 6132 12479 8092 17320 26992 18378 36042 30232 393 13566 30513 7692 13353 16367 10125 28371 34384 31953 3346 11635 38854 30445 25792 2466 9841 10909 5790 13204 18501 13099 25081 21059 20588 9740 30248 35064 26136 31354 36267 25739 39588 17886 29099 21565 17973 17106 16944 28738 17159 18749 21773 31899 19266 19577 903 19561 15173 14658 5813 149 18380 37134 25515 37616 28071 28373 7018 24557 501 30 31444 11312 1597 4798 952 39376 17636 13014 22648 17309 2658 1436 12500 35227 15616 27126 20144 23555 15980 23581 34310 31213 16695 29408 18950 33838 8286 6941 22163 7822 25369 30341 22882 17811 17093 21508 11574 16546 26182 37445 23976 26455 15010 15338 12402 34622 20051 37636 17078 4459 26908 11579 22919 14744 1360 11782 35083 29621 8817 12443 3367 35008 26183 31187 8882 7602 8301 34618 27043 4649 7428 2142 13810 37581 4572 30879
15039 25587 28614 32447 29363 517 32680 17257 27912 15999 28585 718 14190 27783 38102 5215 25303 14957 17878 38136 9367 35634 6188 30205 24525 7628 33725 35035 15803 33112 30453 19728 36393 26419 2027 29289 8691 24256 15909 14156 9560 28817 36296 25568 27976 18393 12644 4194 16561 8081 7159 9971 34696 24198 17350 30499 16577 18809 15084 25789 21693 39187 14198 10425 11920 23964 38688 27586 18506 23722 27846 31618 1084 11985 25846 24588 25969 21995 35858 31410 20430 32428 34542 22050 26316 32224 34444 37237 20681 6862 12339 39271 2858 19106 20591 7593 37809 17744 13624 24536 21893 23339 39656 6812 31500 12853 10118 24895 23513 25210 32721 18945 8487 29825 6040 12453 20252 25492 9231 28634 13352 14542 2071 27881 30367 20514 5289 11581 13910 17756 11688 22057 32880 23565 38199 13648 9386 458 4612 8309 36190 30925 840 27515 35689 21369 38492 28225 6851 36532 36151 33315 36757 34975 919 3601 18601 26478 19794 23706 38515 17100 6700 39598 37242 24259 6746 20884 137 18061 31924 17681 40000 36018 6649 7334 32634 22180 19492 9645 3198 2997 19593 33610 22213 33020 21679 12762 24816 31691 19705 28347 2749 1511 34860 20487 29468 36503 14605 11597
39940 8351 3330 5217 10936 18814 10216 10416 21666 13320 5251 2568 13590 38500 35536 6954 39530 4005 15653 24251 31697 5063 7093 16247 25402 2751 4658 18713 23815 4310 26952 37403 24431 5566 24500 20871 23692 6507 12451 38261 3190 29372 7182 21931 27179 1429 12028 3843 15854 3000 18652 33930 33278 11476 15586 20297 19500 19651 4100 29507 7278 34220 20774 15370 3186 26642 10693 39948 2064 24945 37246 19961 26822 38074 39316 4581 10623 5104 25589 35868 39733 23898 33357 9777 15888 3728 31746 12011 35017 9434 16336 16124 37987 36105 10036 23845 1766 15025 7506 23866 16506 27312 14669 6031 38621 29806 29194 1083 27061 33197 17778 39772 32337 37707 16516 22957 36400 21525 4 10535 13644 30658 21318 36715 6114 1985 2057 26395 32102 980 28963 28262 10633 7540 7508 30434 29553 19472 13513 39580 23174 18706 22748 36673 20557 15871 15995 18479 14218 808 33152 24102 301 14895 4429 23439 15373 4118 12094 11146 31988 26720 16757 28886 10570 11506 18676 9842 35301 222 9383 33399 37218 16227 20807 30654 15412 6639 16248 35144 21120 24406 26094 32839 35974 33836 8308 21331 37175 36619 28097 26108 9900 18069 35130 2117 837 24215 6348 11153
