200
9253 7303 12095 38962 9836 24009 20579 28329 32765 16739 5572 31695 3659 23879 29862 38244 14608 11058 36741 31489 32383 4227 12464 26955 21952 1021 29176 6753 12120 18712 26128 2739 35179 25264 34683 8540 35572 35105 28828 36526 38542 1469 4394 14970 28077 22216 22328 28454 32072 20983 515 25231 32514 26805 13233 36957 2160 30361 11380 11515 26616 37987 39377 29646 35203 22656 14317 8834 4148 8853 15518 29607 32340 27396 35588 35327 1001 4959 3909 15433 32871 5044 6558 38272 34921 692 23422 14740 21773 15702 33187 17072 6538 8184 13934 10440 38602 3540 3697 11294 29090 6979 1119 39151 31249 27424 37700 13337 12909 27395 36452 29559 875 31133 37469 22609 11909 28125 33754 17104 35527 18860 30659 29531 13845 9762 18125 9515 7927 36432 24021 5929 8850 26312 34090 18265 22214 13557 4981 9392 28229 37590 18665 36843 17642 36046 37860 10958 33022 26107 38383 1902 35549 33684 36651 27406 25124 27792 34366 2531 31744 15650 36244 506 10585 9479 35642 18597 35489 4564 24857 38685 4987 29327 35279 31616 6745 16647 10680 26035 29927 35470 15566 33558 14406 9605 6139 15153 4854 27092 24856 34545 34865 14543 12608 23992 2742 34116 35482 29805
5528 32201 21194 29330 3013 35478 29509 31227 16613 12466 5777 37990 458 385 9627 33341 13537 19366 9598 11017 38612 19592 38492 29283 27337 7362 34941 11118 15485 4615 19002 26710 8580 23405 16258 26055 18702 872 38301 32250 14397 18104 4348 9646 28470 35187 12593 36938 7403 9701 27493 24933 28658 28090 14100 7152 37902 14626 16248 15705 26659 19974 18550 35602 17535 38942 21210 5677 4696 30570 4019 18764 32140 7542 23518 9520 1323 28502 2324 9313 33084 7355 21280 27028 13949 21215 14084 31139 22538 33811 31017 21263 17285 33520 1258 6026 13552 31124 9462 15998 19783 34448 36310 520 11084 24377 16921 8931 36532 32263 1910 236 36232 35622 14820 36161 5041 36580 7023 31562 10556 29062 7887 32699 5612 4162 34917 6066 34148 25466 11410 9566 10426 8028 10100 28059 8349 12170 4091 23110 31200 14465 38505 6705 9997 30593 25809 25807 31849 8662 32845 1773 16528 11127 35216 314 36118 25639 38154 19691 6973 25628 19825 27040 24887 9461 9423 10925 32011 36934 2545 17796 35623 38445 2581 7447 16367 18908 13147 838 8282 2216 1678 15987 30779 37278 37679 29336 30377 37313 37390 10651 27436 9976 19951 25965 12689 28734 1501 17754
27435 10846 29622 24368 4726 9367 6779 13154 6136 11822 10842 16859 34596 23343 24897 14250 7020 39548 5539 28037 10950 31785 4055 39545 5303 15550 6944 7203 33294 1373 30209 21309 16475 26544 34156 15352 27529 27537 15270 2406 9217 17966 32852 31030 13244 38186 794 17777 25884 15822 35943 6406 18525 9469 12450 27117 9483 20469 24599 10967 32171 32590 9578 16586 2698 24487 15003 28372 4915 15805 39631 2580 7071 38501 36836 8656 29722 20889 36355 39927 38314 11322 5352 12916 25296 5585 21527 32064 34219 36458 33923 28764 11967 19461 24064 4602 27306 32397 28773 34423 31003 19598 9269 5811 9431 1637 24626 22274 38082 109 25921 37998 10235 17337 1932 23168 26189 21353 33144 15730 38071 19925 14487 13238 16606 28407 14825 8001 19676 26541 34459 16083 15668 6388 15664 12243 11286 12619 38755 38598 13516 11737 35380 7053 12762 25969 22986 18306 33242 20420 6873 16401 4978 31556 24773 24282 39929 19820 31310 39569 11507 7754 36675 33967 3881 31617 33857 6228 21391 14477 14863 34428 35392 16937 28642 24891 31710 11195 10046 13889 5703 27767 37510 37514 15533 31403 36152 5833 3805 12414 36364 24277 1153 34911 5824 29309 7214 15508 2658 3095
5686 4486 29668 17492 31061 29915 11886 3482 20540 14785 39135 8470 31545 17693 16534 1730 607 6410 962 20190 36254 26816 15951 23061 30771 10563 285 39358 37157 11261 1120 6617 29311 31982 22927 33814 836 34926 35352 38946 19797 19129 16912 39715 10990 2541 30855 37974 10704 10986 9742 7038 14868 19269 23615 30083 9132 37014 19558 23636 8185 15450 31311 9460 31345 4367 3665 34482 18365 37044 28051 5701 32197 34951 6806 3359 34744 34441 4235 13257 19090 32386 39472 3498 13959 4201 27096 25813 13390 440 9357 19267 28691 22442 37609 15197 24363 22862 33354 30703 37956 27614 4405 36433 19738 25993 25276 15358 33075 37490 20725 38995 2234 18540 36992 4165 39429 32953 13330 16343 2597 34211 22381 27837 5346 20431 20035 16695 33307 14032 2913 10564 16786 35885 20102 16423 33541 2975 10138 21043 14650 10193 23439 19940 22770 16062 34924 18458 5445 28368 18107 26124 3494 2321 15463 31307 38204 16777 36129 5409 26532 664 14429 8275 20269 11920 35121 22898 12295 37367 33673 23105 30406 32215 32761 9782 19402 15170 26908 37916 1727 237 22346 39335 28637 37299 20103 13731 8201 20703 17848 26684 11012 35850 38435 21272 8556 13634 35222 25863
24415 34864 11328 17289 11091 27205 1511 27161 19720 14294 839 28319 4605 19215 5483 31466 31901 21624 35798 28876 30854 34909 13823 33249 20795 18242 7399 12788 9393 39865 17927 21754 19354 25986 7395 17156 5876 1636 15608 10807 30550 5416 4903 18507 30420 3203 14119 11888 4159 32734 12507 22271 10059 26551 29983 2353 28064 22284 3992 7985 20675 14258 38527 39583 29220 10085 37200 17029 14104 38643 20916 34739 3781 23867 31840 29547 20247 10575 35791 2447 25953 823 39753 38635 2106 3661 28788 34742 10108 33816 9996 25255 16282 30284 18795 450 29180 35427 16064 22493 16418 6495 29966 32377 18848 9622 39203 21764 13412 6172 11386 32647 5433 11565 9647 39898 5088 24872 9890 38496 18776 4725 25091 8777 8283 15783 13665 30828 4186 33606 36487 33431 27185 15168 12227 22625 38331 38960 7801 12589 28484 2336 5673 9139 30598 22549 18143 12118 36717 15627 122 11495 30140 33484 33015 8906 8757 6211 39780 2360 39011 24065 6792 37183 13820 31054 22058 2373 15639 7628 10099 32484 38665 11409 14266 18898 17964 37528 37929 10352 13071 9519 24728 10422 16067 32075 11494 34014 31928 5002 30075 18196 13206 35686 9719 27050 34530 6884 16706 1491
7595 8999 5370 13922 537 33741 29240 20464 39136 30614 13856 6206 29853 14512 24499 14379 30881 6728 22783 14647 35666 10837 35258 2171 7969 14580 3590 4471 6389 10145 20108 7717 35638 7195 39024 7852 12716 30490 24288 25528 31881 9237 19237 19743 14395 29884 17977 39584 30483 17074 10049 3477 13605 29416 18096 21132 19274 5136 775 24344 10780 2330 34507 29389 13375 18911 7647 20994 39245 17324 33383 35111 5770 31454 5203 3625 38201 8901 18151 15503 9195 75 6945 23410 39284 24475 9571 27743 9354 3574 24529 18683 34478 32472 7933 39653 26619 26076 10244 12524 5379 35837 33477 10242 19245 893 19867 32257 10050 28288 7799 39458 34594 31944 34227 24833 32955 13568 24671 38915 9060 6639 36455 4104 23084 4004 2793 27403 5466 15591 23407 36662 32933 18477 38131 12073 24339 5284 16527 21915 14841 5910 24133 28424 23833 24055 13000 31095 1625 30692 26981 35845 29377 30442 28122 10353 23000 29766 18036 20067 31742 18248 17438 32789 23660 3581 19372 926 38135 4971 27281 17419 28531 25363 19123 11531 22938 24090 25998 20012 13723 8846 13350 9270 7830 3278 27619 2401 6342 2654 17940 4601 14889 14854 19602 8135 9264 25736 7394 29
7880 12051 15958 29989 12664 19965 11885 14578 10752 39973 22403 37735 28795 34857 3511 12440 10021 17197 7649 38709 22440 20436 11155 3765 37216 12624 21160 26650 38246 8298 11154 33113 27850 19365 24483 38097 15373 28019 15662 33284 33009 11235 11068 14532 7986 31217 38220 24968 33542 32928 35011 35401 36578 13804 29467 18520 18475 20677 26965 28107 35582 17985 14253 33565 21685 3262 13981 21985 7365 12944 9629 11628 35856 32794 19405 28557 28999 25667 8009 34687 36216 17549 33237 8296 28916 35858 1742 22148 39500 30910 11008 24451 29207 26407 37881 13106 21816 12950 7429 19175 28942 30831 35071 14857 11233 39496 33664 4828 3967 6134 30823 18648 22598 37418 6077 901 29896 16474 6529 15004 26611 2302 39231 38208 19066 19432 28847 33506 26248 32345 21305 1204 22811 1089 5878 17388 11905 12358 20940 38795 15189 27153 25606 19281 14696 12459 12523 16431 17125 25295 25480 26216 14980 33225 33917 1221 13752 19931 38196 18412 22652 30305 2325 23936 13110 35145 7747 12798 36061 10910 36958 24098 16646 13467 16206 36509 31191 33142 36768 29728 9585 34634 23702 21070 4654 21863 2094 897 23474 34145 22280 17996 2789 33247 816 30240 39121 2645 35651 10019
6841 31445 23555 32615 19862 36608 2712 18591 12699 19768 28217 32270 2590 30326 36628 25672 4024 31145 19272 3657 1537 24191 22532 9035 29663 27853 29448 8144 8553 5912 9932 9011 9708 17829 34955 16372 16143 39495 22049 29946 39543 3986 12555 10478 9787 20710 19232 39529 28426 10765 892 4759 12695 27460 13807 28403 30533 19498 33855 13779 17832 16821 15449 18410 39027 13081 402 26133 39487 24370 38724 2604 20265 12557 30727 21007 10054 6101 35306 30461 15269 21772 3960 22885 21006 20093 15712 28423 20961 17476 10809 2795 13829 7891 2192 27785 3622 16634 34519 19593 14301 38647 4145 29591 8747 13403 33293 38143 30040 15212 37739 511 6286 11637 30218 36291 12233 39134 3207 37640 11896 39401 16843 37355 25013 10552 10131 26098 36137 18969 25643 19305 4206 24605 36185 34958 17378 14042 19659 38371 13170 35990 34485 1663 244 25108 36814 6285 35920 25522 28429 6354 37186 39297 29557 13910 11340 18711 36876 7489 18765 39970 27347 34359 23461 6534 2944 33680 35544 5919 18358 11547 27258 3182 33236 16906 29737 17695 34277 2477 2482 825 16001 14930 25505 36107 25892 5263 18584 33931 14203 15782 5013 19628 26721 15636 6927 9092 32634 319
13637 14008 370 14310 19639 7250 23251 23272 5094 24569 38833 34169 22542 3371 38905 39989 24183 22701 10934 29229 5454 27322 10924 14327 27197 6416 15152 21760 34094 29191 2589 28437 39906 30204 15320 29543 27263 31265 19685 8142 8538 7518 23179 33862 10955 10182 19596 23257 8180 39870 4429 32546 27714 21894 32818 28811 38692 33336 3600 810 25792 26583 30212 4858 30258 25314 5784 1638 12042 1133 14445 35719 18878 24978 21481 17075 23470 21262 32588 36965 3333 31535 19150 2737 23450 24986 4199 3145 38039 12143 5255 28936 10420 21235 7126 21557 20672 819 33012 11938 11684 35949 29999 10769 16419 12729 21975 15019 34269 29165 35745 34504 37435 23175 2786 22721 27858 14318 26764 16396 9327 11926 18 35083 29724 30410 4698 19362 13595 39619 22957 7984 23978 16395 19162 21849 23218 6191 37638 13156 15756 4013 33156 1901 36496 29215 26404 11958 37722 10795 3837 12952 31504 33230 29391 1418 35788 1341 17729 3036 30563 19465 10227 36554 37685 19446 25310 21118 27592 22524 18165 7290 31596 7587 16178 27888 22603 17336 29827 31115 39422 22564 11954 15206 39832 23898 10536 29586 22438 7436 2367 18159 8215 12837 38267 29723 19416 34821 35902 8782
38060 34437 32092 15143 34224 24490 32462 948 16742 1526 17954 12023 2840 35755 33384 16017 4000 23881 33655 12032 34253 30316 30769 29998 17576 7726 15560 7695 2520 14711 17562 13118 6064 29126 11574 18084 33824 7402 33513 26336 2247 5628 9893 13493 15006 10678 10992 18309 38072 15889 13615 27932 21591 35836 31055 20630 29482 30597 841 23808 38562 3789 26957 8881 205 31226 5823 5730 8577 5022 22859 15629 17804 35634 24811 32937 14123 37042 37377 39360 21858 14177 12982 13576 24015 34783 35576 13692 25049 8869 26968 1659 32526 25137 20927 31878 33064 802 322 35982 24641 31182 26242 29750 20792 25115 19675 28509 17221 1299 12245 20013 39794 9924 14736 35886 36728 30286 16004 19136 22072 21111 19744 38052 33364 39329 18394 32414 24616 28893 17359 19830 36411 11634 680 6121 6056 15809 12661 3720 37064 4776 26782 20047 20287 3061 35229 12458 7270 4290 17081 13367 32853 37582 37523 27736 9601 31165 3814 6028 17392 23497 748 21091 22568 1180 34679 24778 28096 19939 16240 882 29430 39525 18879 18197 36071 18736 16949 13651 31628 1900 33359 11882 13404 31679 17128 17613 17828 37920 36682 33540 15584 39540 32113 38190 16380 28632 9300 26486
39467 15775 5607 16358 38316 23472 3567 32130 8057 25903 12653 2402 14222 16376 33070 19323 15986 18724 12154 26862 19642 28235 35025 34286 30450 10551 35974 24514 9441 11359 9747 23707 33298 22730 11522 2135 26879 21163 8536 10224 25772 37921 1800 22261 27889 9845 5754 22495 36067 21298 10205 39886 29205 21899 10198 36444 18170 36053 7047 13548 915 30622 7571 24744 25008 2614 3290 22745 17792 9877 24865 26328 23282 24292 27183 34717 3506 23605 29740 15200 16226 26405 24294 17831 30067 29162 18731 20366 30700 1125 36865 6036 38096 36754 17482 24942 18575 34981 18120 15124 1116 25705 16244 207 38771 6879 20405 21730 8803 23444 15483 11754 30196 10697 10466 34177 28147 6323 22023 23682 32239 13724 39332 15781 24502 8944 20129 38375 30031 7689 12563 12812 27721 38242 15098 8504 34412 14106 30763 12787 30156 2756 1138 17935 39403 25096 14588 34241 4533 23026 35027 25594 20852 8280 5221 4961 20445 34280 21746 13561 26929 39286 18759 37736 28049 8167 18435 23979 22360 4328 28001 34019 9963 31684 25077 23917 3411 8588 904 12541 10631 33507 33228 17187 2709 31415 25930 25831 29623 20743 30673 7575 7306 13103 34008 12135 32575 19562 28803 27048
25269 23221 28673 11297 4404 11378 36387 21506 29549 2495 20543 6448 2970 8166 19980 38690 34970 18023 6046 23812 18598 36304 28593 10247 26576 36797 7877 1361 1652 39923 7130 23136 30850 34747 36159 15073 8628 25463 10228 31536 20220 33462 28112 25613 2949 26236 5320 38217 25947 15676 4657 39761 2716 7127 16354 6525 34559 38639 814 7442 12656 27608 7411 22528 38927 4076 30562 1826 12993 12963 38894 21124 37439 9494 26305 32138 12447 28027 9223 22522 37163 1994 35730 10694 34537 13272 36401 17082 17071 23689 20982 5137 2471 36385 11688 19192 1239 4322 4499 23624 13827 18225 189 23539 7257 37263 10756 5564 35238 27704 34024 27694 34424 28524 21905 25454 13855 38553 26913 27316 541 37270 8808 27926 23530 11065 34166 38593 24988 5488 12642 38206 24688 3489 18572 39896 35190 17042 38785 16040 29579 32248 38545 10999 13421 28083 19708 39986 37318 6564 1973 7850 3094 26082 5425 1907 10444 1877 32639 7741 32445 35810 13721 21664 30060 31093 26937 9666 19534 36519 29123 18386 6490 27098 13050 6959 38323 5324 11301 13037 28259 2723 11796 24048 30193 4842 18984 26688 7781 22265 8829 2558 28089 2772 32097 3239 23691 11238 9752 14977
25444 10688 14838 28802 10287 21777 4164 37888 34373 22555 8428 18328 14547 38084 29079 9658 8627 39845 15297 30246 19153 25714 26735 36921 30969 18239 30603 39571 12216 28666 20417 29103 29617 30313 1226 37919 8237 35456 20516 963 38199 35937 20437 25109 34178 13835 35298 24591 2072 38918 22836 33852 25959 3227 32771 710 29342 28615 32444 26999 4021 38836 923 32352 2032 5300 1176 26160 344 27540 2278 29211 14028 19210 31338 32078 39320 22008 14433 5960 268 23503 11788 39534 16105 33409 22867 16275 23068 119 12123 39685 2071 12897 25490 34198 24255 28497 4362 27703 32013 28479 38420 2976 2046 29161 29813 25618 11295 2312 36635 31699 9272 18993 25587 24450 5638 34385 8273 37284 20574 22813 37185 17137 37169 2468 1880 22118 27897 8596 19088 7654 19297 20915 8522 17023 24319 15855 10573 3855 29829 3250 9518 15771 28654 25722 17114 34578 28391 20325 999 13678 37131 23665 36595 10884 7525 13099 37658 25590 1906 23314 13872 31999 11199 33858 26618 306 19128 13209 34465 20394 6678 26200 37936 28905 36517 21027 3481 8443 35337 30267 15556 15527 28418 34126 15800 10135 21666 37545 27751 36535 13996 19739 5045 15985 19999 29874 32226 31641
21919 17578 18181 11346 878 23324 6321 10070 26850 21188 5896 9037 38382 9764 11040 5317 11580 34978 23664 3364 3328 11871 39409 22321 25200 5708 32394 22805 36561 3692 22411 1337 16858 34779 3808 8818 27438 22699 1292 6511 11085 37574 31159 24351 16904 11826 10964 20145 2285 8181 2679 6288 27558 11785 36658 18796 20914 7995 13149 13925 7262 5047 32291 31620 37011 32211 17020 9883 34226 20494 35774 27145 21285 17920 13419 737 10722 6929 5083 24457 16825 20212 8228 24653 10757 13668 26215 32753 33742 33010 37719 34762 25634 24951 8908 21492 9544 36425 32573 10534 26840 7956 26466 36769 39405 2945 38021 563 33212 26054 27477 1136 30726 30993 9260 34501 29404 9216 37649 3999 22466 35936 14586 32012 4889 12262 4422 35610 18703 35443 297 7590 14786 37519 15106 10162 35492 22918 19421 30917 10878 12364 34765 19536 23050 34081 22490 20800 10274 14061 20497 12159 1161 16196 12412 2215 22323 38261 35601 11479 12934 30592 37088 38173 79 18342 22199 5812 18286 31478 14275 23738 13562 21523 3247 20611 3930 10565 1969 34707 7425 23198 33994 3068 15941 31910 29944 22500 3663 1033 2888 15322 32538 324 30179 30839 26046 22286 29179 35161
37850 19603 19087 16627 8208 27160 3653 26894 24270 29842 21252 8058 16037 4271 8214 32381 14716 19589 7645 32253 37511 18057 14937 20474 5969 31337 28350 21121 12110 35166 3848 11610 24220 460 3631 9366 36215 4568 29837 12748 8770 2198 4217 37409 24906 35078 30310 38416 12504 16792 4873 734 8388 36300 36040 21560 12806 25223 1028 25989 7282 498 16314 30195 27757 37076 19535 24307 25911 33650 6686 12969 447 10325 14112 14069 6651 13789 24392 32642 20557 27417 39423 13746 2174 532 33104 24286 14339 31208 795 6970 18915 27199 15414 3149 19671 12824 39616 9538 59 15254 37901 3317 23907 35493 18322 3358 5704 22054 12396 28807 14190 12758 28755 9126 34600 14741 32370 38933 1587 18823 12980 14176 28790 32175 22425 21445 16990 6411 36664 28430 3369 3748 5660 27084 29045 36559 10647 9015 6610 36747 37246 22901 35424 12801 18474 23633 1720 28726 31759 7374 1456 12956 39710 22392 8187 18926 15048 7141 22545 17926 11951 5338 31116 34953 29510 8701 2189 32327 21791 13933 14234 20886 6118 27342 1728 12887 23498 28844 35185 12067 35581 16769 24356 22171 14451 29745 14602 37060 15647 37532 17531 38231 12165 478 33469 17325 29266 1576
29185 25410 1106 6636 32358 34056 18092 3747 37710 4762 18237 12319 14071 5978 1451 7227 33008 30356 10316 13749 4007 39551 14368 1363 39475 23810 5809 6469 19666 5637 26826 6175 14393 29973 8698 14220 26181 4505 36599 22565 19636 27571 39652 25726 4125 25106 11022 23027 29349 11894 24975 4933 9355 35801 24221 36138 4729 30234 16304 9397 16631 28489 20259 28760 36505 3939 35854 14371 29487 9511 21885 36059 6243 33834 32098 32535 11413 20628 20332 17838 16722 27628 14063 35494 13260 34850 32659 20705 4147 4882 28854 11977 835 766 13863 25432 18798 34638 20314 24075 603 9137 7330 17986 14733 30790 33645 14110 36293 13353 23551 25727 3012 22272 2205 14295 11390 36568 36900 15318 39895 15027 25179 31267 37723 25511 11543 36913 15927 20456 28763 24654 28703 28145 35133 22111 35728 10495 31158 14062 21604 13609 12554 39158 5753 28674 39642 24458 28717 20101 23745 3903 38403 9957 21209 38121 30475 16387 26765 21491 33038 27222 31964 21663 22233 21509 30898 13329 35271 25657 7407 31981 24652 33669 37135 23904 3363 24679 23718 28584 3120 3360 12583 13107 37077 15295 27299 35015 8718 22131 26137 11660 7297 22977 38395 16443 9992 35125 17896 6083
31498 26683 5568 17037 25529 3591 21857 5820 18955 23805 150 18501 16696 14653 36669 34746 39417 23649 24041 32446 37639 35532 34109 20959 25386 9381 26665 31389 13349 34036 2971 39805 10840 16781 4173 25333 11050 7460 32504 22474 2657 20193 8032 10501 39140 17572 35334 29016 30171 28294 12406 36867 20151 18094 11149 3565 24162 10529 14958 7115 10157 31387 37724 12975 7468 14199 17240 14967 29156 19550 6259 13873 31862 26187 16809 36500 32684 13018 14261 24045 1787 25696 39884 33333 33059 35218 36184 27755 13168 36066 18826 13236 39864 17207 14700 26641 22921 24794 37556 34083 24982 5675 1849 39687 39597 525 27682 26760 10516 5825 8269 35712 33061 13729 26928 36850 29888 16318 25914 11230 7666 28023 24315 32970 20696 6666 36619 5246 27241 17860 10402 467 2847 39829 14298 7317 27005 957 26638 30713 37442 12185 9280 39762 39373 39161 14779 24165 7669 25825 32284 2898 11667 34645 38801 37773 37515 17409 26219 8915 8061 18733 10669 1774 31284 27774 12260 22253 11222 13042 30198 2752 86 9117 19690 12117 23252 21220 18255 26333 14996 12488 784 23940 19763 3605 9227 17035 13376 8648 32487 32760 10248 25568 16329 12000 36507 18271 26881 18888
26352 34632 9722 1700 30458 22734 36235 21750 3926 11382 1956 12836 35950 11979 32987 37895 25614 14742 34182 3983 29630 37242 24881 26706 20919 39296 1619 27799 25219 35483 23744 24036 35507 11765 18150 22061 29418 38870 5630 11358 5225 36697 20541 36399 6592 31650 39766 9794 15854 1653 29911 10332 27766 25671 5874 3741 31367 20668 37536 11575 2152 18999 1091 26699 33782 26430 27776 33803 7104 20337 31969 33913 16917 24835 3029 16271 7807 19058 26573 10167 1377 23406 31949 15009 32371 39125 5665 711 15990 21842 8754 31181 16555 16899 7622 23630 6625 18735 22039 22101 4475 10741 34288 22241 29950 19286 29347 8497 3674 39145 16235 9860 37802 16485 34614 16654 32384 4002 18177 3744 28134 14267 5073 9929 10156 33286 38352 15421 2692 4972 20678 25922 32388 7934 8750 36026 7012 12727 27507 20382 37073 10635 24235 11789 15276 6834 5154 24019 28263 28747 34067 22434 15872 37181 29149 18771 18231 17617 18145 3959 26574 39190 17587 25504 6183 25193 29074 7034 15462 35669 2331 393 7523 21479 23599 39928 15044 20014 21034 18710 17522 14864 22193 18257 20874 20158 27443 8956 35361 30381 26135 20414 34063 18718 7295 32155 9734 25168 23017 10035
2414 13654 2625 22421 14549 25138 23887 26504 6998 14241 7301 8274 11228 398 4406 26170 36941 26770 4492 39428 10547 5360 39938 8029 16508 29667 27985 5619 38238 10965 35219 9676 38800 28542 17123 4935 23232 11364 6899 5158 13704 14690 30469 32088 38557 17629 19355 37978 17243 62 16515 15353 30575 24762 25141 1612 25004 30043 7778 144 18419 37275 23619 32670 15412 30369 14337 6969 37204 16923 18167 23621 30065 34197 3362 2823 11790 31599 16108 36861 2421 10692 9055 16116 18690 33758 5287 32389 24256 26245 9748 31194 20604 235 39293 15554 8205 30365 37606 18839 21584 15563 35621 28413 25414 11063 17179 29114 28363 12863 39651 24295 3107 22327 12707 10326 1996 23294 35783 39497 20442 35117 7110 4318 27557 16488 7652 17183 29517 24556 9417 32184 31989 31355 35718 32522 15496 19193 21454 3057 4257 19230 30150 4259 14439 10872 38868 7614 26912 37630 27802 20817 33438 9774 24122 30082 32740 38056 37999 25748 14115 29647 28904 911 494 27130 9766 4619 16612 14334 11598 24421 32317 16348 32732 39733 32832 22491 9096 25987 13364 12341 34190 25236 6812 36170 8382 15423 32511 26700 34991 21914 13574 17928 987 19458 2704 3255 28951 38758
12383 22304 29204 26757 22858 19381 36656 9736 18451 22523 10314 26517 5856 20261 35585 36679 17967 326 16919 4417 18829 29564 28688 3650 10645 36844 24580 36612 31602 14391 26015 24512 8683 24027 378 32997 37577 19960 9476 18420 25187 8419 35627 16736 38276 36877 37966 6235 12711 10081 4519 37051 32441 12427 31664 15469 11488 35842 2404 17761 24588 27742 32109 24543 11051 9016 32865 1470 17394 8937 17002 26437 15631 35214 24893 35450 33086 39445 23093 13877 28921 26847 33062 29979 58 8062 20363 28469 2403 19213 30833 1735 12590 5469 31525 18294 8752 3552 35924 15484 34950 39455 12192 20451 38284 22128 35446 38754 19191 927 36869 13816 15828 34899 37066 31022 15118 1163 13255 2848 14125 7853 17213 38300 27173 23505 8859 14685 13671 39951 316 19947 26025 2148 32312 14207 3217 35381 2374 30002 32432 16506 1580 21322 26444 3069 13513 28496 23602 32107 38170 20658 28930 21499 37561 5202 32681 1566 29252 20327 31399 10978 25280 12771 16344 14808 1461 36313 19559 35819 10014 9812 7899 21482 6647 14919 12998 2972 3413 26121 2162 11541 39133 23328 27903 786 5751 17797 12874 23601 8771 31728 30848 9058 22577 18748 36234 15644 21173 8963
17397 2501 12997 1009 33887 23116 35562 9291 4288 15909 16960 25118 3987 5576 32110 12288 18884 7752 20084 11430 27842 34071 5269 12486 17195 15641 36322 4747 36245 8327 13262 26578 37198 19367 25030 12006 17399 33974 12304 3775 17428 15473 6031 1328 21786 28583 8074 31594 83 21551 27836 1952 36264 35142 38511 28110 39885 34704 18330 20392 3009 34894 30165 15552 28838 26269 18973 9008 9958 5855 16331 14914 33150 7966 6814 23955 8635 26747 38038 4749 1223 35325 30847 8225 19523 16228 36736 15392 23096 14539 6350 10550 20702 3502 1945 13773 2231 21903 19357 28153 9334 8744 5958 625 29619 4399 28536 21337 36492 9442 33422 18824 25273 3407 13119 30571 15718 37600 17739 31673 39459 21787 31703 37959 14169 32308 9497 12617 24949 15472 17374 9712 2070 6822 557 16278 30932 33073 26232 25307 11700 15890 18542 7118 9523 27494 39998 17638 39893 30188 3894 14844 17049 30631 30079 7293 15590 14739 23115 31490 30770 4474 7576 39706 6015 27489 38081 4516 14078 18088 21907 16281 9490 37789 36686 26462 34939 16683 3163 10936 4366 21393 33689 29232 9 32156 7170 32822 17406 32728 14075 2566 22752 35480 15565 2929 32010 11666 20304 9317
12176 16815 19352 10827 14413 36737 10285 8539 19151 19414 19134 8632 19071 35442 23275 16346 7045 11363 38687 13758 22458 8806 3532 30623 19141 14192 39907 25023 16762 23124 14643 33868 18034 37290 35866 13172 23677 8940 26028 7696 6117 2200 23504 4669 18162 31615 15596 22106 29645 23926 25041 22324 4709 30671 20528 374 3768 28505 37997 26525 1453 11778 13213 35177 38269 28922 14796 17238 35181 14482 27053 31084 5413 36410 23919 16334 19668 17424 805 33884 22423 31869 22238 25641 15407 4414 5634 36363 7700 23790 36092 3526 317 25497 4641 20802 37580 28561 27518 39431 20573 4650 22950 16094 35359 7608 22026 470 25007 11820 39582 39059 17874 9396 5982 16984 1514 18963 39654 25864 38903 28180 12230 18523 17782 6398 20341 25932 20858 2093 4191 25384 12208 13759 8507 18313 39677 5429 36901 100 14320 26779 12835 20849 1244 21930 9801 293 8037 13317 20340 7370 30665 18526 6759 4909 1715 31089 8780 8370 36122 21301 36279 20807 14667 34740 1708 18625 20552 28056 3083 5149 11018 16341 22773 13912 15572 20018 38286 27405 6554 35232 8652 29929 11659 22763 18153 33407 24219 1494 1506 4952 15695 33881 18288 264 26171 26275 20198 15071
32651 19869 6907 24995 3248 191 36003 23269 8375 30033 13546 29455 30245 18934 8161 35434 34609 33557 22838 7926 21608 14601 21247 1749 12577 3071 8609 18040 36396 23930 26966 33964 25999 29546 13623 33239 19479 19100 37293 22497 27658 6611 19075 29659 25990 19518 2012 12031 32039 20639 3414 27947 5786 7903 32241 18569 33511 26199 29409 34812 30929 35656 23443 4056 24633 26100 21059 33404 27036 9784 35116 17086 27134 9412 17030 18574 9390 6393 1695 31974 18484 13904 25575 13882 23841 17904 3892 12246 19730 29267 31237 20730 31826 31289 29031 11948 39692 35658 22083 594 16866 13585 15750 26590 21388 9949 31010 30601 26534 12244 25838 23393 36357 5680 15337 34122 1174 9112 31667 2049 2017 8957 19348 24372 38838 24242 23524 11691 24147 17580 30347 11641 34065 7611 17534 5038 31378 5153 36903 36016 1562 32396 4716 32618 37485 15420 10136 15399 26737 12138 1424 33021 35811 6260 16169 15728 20714 416 21826 28981 5475 13608 8605 31188 16250 25428 27215 1441 15708 4811 24313 25300 17755 14370 5176 18332 22872 14520 36499 8043 35040 34332 4334 35827 5629 313 17498 13024 36649 1671 2593 11518 26363 29806 22028 29872 20450 30296 33854 21878
30751 24209 23643 28629 24059 17423 13250 13518 20676 16563 27282 3609 15576 17244 7428 17669 1763 2817 4722 3569 24730 17757 22525 23778 35153 7898 20871 19205 2442 12266 26956 37682 32402 627 3308 27430 3141 9878 8426 275 5118 22180 25305 14418 2576 17326 18214 5796 31092 15387 32620 16433 3028 27495 3968 20769 27497 15767 29648 26633 8969 7715 23910 9574 20776 844 36102 17767 27292 23270 23693 7311 5642 18369 9020 27657 706 104 15367 31414 5398 33367 29337 25238 32973 28338 10789 24861 19802 7302 7894 27956 34172 25005 29928 9473 4113 28535 7235 29445 23727 16336 17008 32959 22983 26256 18130 4911 14928 12697 38909 4151 2818 25174 15893 7553 19349 2479 11693 38582 19102 18709 18786 19490 32983 26836 2059 29654 11388 3380 32237 17678 5892 15181 36633 4228 29708 3544 23823 33492 22960 16749 26752 12807 6291 36875 21655 36378 7980 90 30314 292 8893 31803 31033 4317 28000 15252 22551 39833 35693 29011 26061 23166 17453 20720 12238 27075 32629 36587 12651 6567 14454 3726 26744 39838 38540 31661 2889 39850 5879 22173 34669 16998 26266 15939 3859 35335 24179 20656 34340 27349 23089 17316 5168 8488 11549 30311 33777 7070
7209 30915 202 34266 6635 37205 37140 33425 39799 16980 18044 11401 21715 36287 17893 3563 32344 31680 2095 6222 12010 371 15974 13954 20311 19656 35498 10835 13662 24088 11870 14981 26022 8640 38760 23360 2649 11341 13426 32541 24422 29684 18695 24541 18511 34451 10538 39601 21390 32160 15930 22940 7674 23575 30922 36931 38934 5201 23307 31482 21112 19434 11980 19395 33880 9656 8672 9809 4893 1135 19698 12036 3867 22841 5735 24125 35495 21924 19782 24936 34400 11399 37309 20235 31799 21508 31841 25012 16013 16080 35770 36989 39877 11331 10283 34964 38338 8660 12136 10500 15175 28236 18687 11771 22070 4742 12076 14794 18975 34158 4376 34575 39576 20288 31122 38132 20533 24938 5609 17915 22427 19927 22166 10483 16918 22673 12905 23067 7788 18401 21458 10439 21067 12592 3353 13538 16560 3877 9221 27101 36077 22758 6634 38633 21755 20289 8411 13908 19247 9166 27432 28427 28801 8565 23222 2352 15835 19734 21362 16415 2180 31294 38804 16388 5251 599 12732 12700 32622 38240 21344 30217 11738 17824 16549 14188 28949 30253 27530 39023 33079 36810 1115 15291 11750 10944 6373 26300 26714 21636 30698 10096 20284 21055 8189 22554 1026 15880 1211 12947
34302 36776 20377 38658 26670 30120 36241 9780 20913 31750 9839 1816 36350 993 37727 12770 5934 31514 15014 34474 8626 6713 9482 36723 4804 10641 11987 9145 18792 35643 8397 33538 39573 23625 35151 37516 15165 23526 32267 28911 25002 11807 4575 33548 17309 39299 18613 36033 15971 27033 25992 37142 31570 27585 15214 19996 34847 13430 10738 16425 9320 11056 10001 38666 32212 28045 10265 35921 25232 18141 9335 24770 25209 630 10784 34431 37749 31857 11167 22755 37697 7241 28625 2705 18462 32897 15898 55 13895 39965 9822 27666 32372 33424 5389 20947 13328 3293 21361 25399 33701 33326 15460 4105 5058 1170 188 27321 12248 23588 7875 35349 9427 27865 3695 33549 5698 2672 17699 32213 9872 20815 31088 1641 9713 20359 10914 26106 24238 36272 24643 22057 2696 3517 33713 33413 17124 32501 24203 32123 14705 3066 3405 419 17614 30268 34773 17894 12503 30547 14308 36260 17278 31180 9512 27987 7089 35277 38906 4755 32763 2897 18240 14367 7029 3209 14299 22585 31104 39160 2263 32324 31520 21383 14246 19399 14361 17543 31166 18728 35087 6405 31002 14846 38744 5026 38412 32736 10335 5666 31773 18716 14704 33552 18892 18607 20744 38843 21809 19964
4289 27343 6186 22892 15426 7664 3367 38248 30337 29293 1171 18671 36087 33096 37162 33308 7586 15468 6612 25717 10665 16130 30364 23891 5775 17011 4730 11747 28276 11577 13772 28367 15112 39709 21384 20205 16891 14296 10632 39418 20868 20234 15045 19857 10937 7001 21893 13065 39757 3469 39901 8302 25779 35553 30867 14982 12346 38523 13950 15207 11715 376 10649 32846 12752 37250 28332 13963 19679 31384 33099 3006 30584 23688 12548 2619 29610 18487 27977 21705 19942 2024 3372 21162 33653 23452 29904 24287 10293 13494 36352 19097 9623 25975 27000 10589 4586 29926 20197 17218 31486 10055 30978 21886 25142 13362 13397 8616 14278 23966 25749 19835 15803 14845 16668 6284 13765 17644 3426 29421 30682 24673 6076 28290 21345 36111 38025 16171 10603 30776 23351 19451 3162 29380 37292 30122 36481 25654 18171 19610 35467 24712 29713 21236 11988 14715 12971 4644 18775 28014 31632 16562 8863 29461 8928 32287 15558 36924 19715 34551 8526 26294 25632 30108 12074 3406 27023 14693 28199 16058 32860 5661 12007 22056 34442 24300 5588 28660 12373 4014 6918 1122 2883 22041 17338 448 4906 23341 5632 14933 24212 30386 23069 4832 37994 21554 35630 12902 35546 1976
37968 24631 25607 4026 24284 28697 38616 21988 26071 25299 13321 2946 36910 5386 13196 9817 32685 25874 5392 13360 31979 2952 7369 18531 18987 9874 7994 21534 32407 34125 27009 22137 1478 20655 28495 30026 38780 7286 33501 20326 8457 16255 21677 13358 20522 16355 1395 1235 1052 33315 21370 39181 30087 22132 34502 26718 17339 33749 20911 5495 14651 36181 39688 20209 26455 17574 6712 29379 38376 21713 36646 28971 9633 39542 27693 5496 12004 572 13542 367 19561 9984 13730 17772 6577 8916 2710 39589 23083 2702 1606 35463 27257 34425 24102 3564 29840 15760 10663 21680 33999 3947 15831 29804 3772 25093 36891 23754 11614 14461 13424 14703 5185 1005 10241 10906 38223 1273 13059 23990 1471 33465 28796 8894 35135 10841 27310 19929 35137 23875 17006 8982 23674 29442 7913 33561 16179 27079 17092 18809 18636 20670 2258 792 1704 24521 35451 9074 34660 8027 28917 19072 34686 32482 39102 2221 39925 1694 4364 1449 19031 29844 28759 22264 18110 1948 32652 481 28452 12059 32176 466 31019 24608 7025 10672 10473 30908 3972 37725 32908 27447 21294 20788 31256 33210 25724 30795 28435 1831 14972 9339 18405 18567 11153 5191 9954 3773 18232 6465
8049 17694 6885 28015 13344 34918 24858 16073 18223 7860 11678 3352 33250 25530 13025 14031 21823 14185 14350 32675 30216 24073 14226 31073 31090 16812 2097 22704 27573 25025 13610 29138 26086 19346 22739 6505 38610 20338 12344 18216 34635 2841 14304 21057 20988 29244 15431 3216 11592 38167 38875 30745 24675 17736 36665 35082 21402 2363 18831 11740 35579 38147 21327 31339 20169 29027 22097 13020 9660 9146 15850 24052 31299 30515 26159 33938 22485 7418 34450 32353 7367 22201 24056 35275 651 15649 1957 38579 11203 31795 39574 19445 36806 8367 35031 6082 11865 7883 4251 27368 7802 10666 29698 6723 24349 2122 2222 38672 9330 24875 5091 20391 35948 28887 31009 35186 18713 21367 26643 16743 9316 34960 13734 35917 10588 20449 33109 16026 20430 33848 22282 29222 6095 35294 32378 17567 7815 25309 35379 6358 35717 32885 9743 7591 510 7044 16780 27260 24763 38478 21183 10300 23322 31171 11813 31811 39743 38358 26440 19330 35074 19081 4192 16719 24694 7680 37744 6940 6968 22979 15542 7321 1216 38075 3619 28036 25589 3615 551 5847 17298 27024 29826 38761 35983 23157 7798 33098 197 21417 22842 21986 38047 21890 12742 5234 2915 14727 8076 28491
26414 12273 39407 32950 5055 28198 38061 33444 1446 15978 24210 10061 34577 35362 13348 15761 38630 14953 39578 29362 21179 15108 39828 31006 34904 4562 35925 24106 10801 20608 38832 20887 22473 6099 19466 5633 17707 39947 21113 31202 30764 10411 6716 67 25271 20134 1302 26228 15847 34611 23483 19194 38100 8070 36349 23516 140 4374 27933 36078 36227 32766 18169 24632 13661 38040 23112 30899 6849 11225 3642 33255 37038 37643 1833 39873 17900 27754 30260 15993 33220 26560 9573 22175 32534 19478 10630 14559 18284 1632 15876 30323 16863 16732 4594 35547 34089 36791 14530 34887 6034 4339 17875 2806 34382 11191 24481 10577 19669 25083 28240 8769 25518 29583 15271 2787 6247 18246 23292 27791 6687 34723 12623 22459 7354 17890 388 20869 2255 10892 31633 38400 24269 14944 38251 26556 29759 211 38619 2488 37671 17922 34433 11224 10365 39248 3256 215 16482 12404 18211 27063 5598 24326 37324 10707 6174 22446 15656 35899 18470 18611 21437 24371 11024 2474 22589 26637 31781 33654 584 32776 1909 17282 23428 14114 35556 14533 6434 14027 5617 4825 7093 39139 25523 18172 15538 28920 18103 25339 33830 31021 17220 29413 28270 10164 35670 28061 184 27730
27427 25266 22367 17727 8429 13093 39634 26397 31479 23676 6597 15052 34119 22188 28309 19340 8337 20459 26872 8970 26801 25353 20905 1781 5 17411 3553 24424 22077 17350 11244 2201 983 9038 5021 25470 21659 29186 34980 30185 26795 20698 7064 5992 33942 9374 4846 938 6274 26240 38255 38187 9305 29715 30101 18727 13142 35397 35157 21901 27267 169 6455 3386 27959 1962 22610 34195 37838 3580 33053 16698 34406 8867 28004 38151 32218 8554 9914 6264 3829 15126 2803 11839 17069 5067 10702 16671 3324 33567 25516 5004 13478 37954 6300 27025 16138 13182 895 4156 6270 10792 16055 523 18847 2563 6594 249 36997 10948 5254 5731 22246 18161 15743 11806 11843 19565 33801 4095 9670 11276 15624 25524 9411 28022 23126 20603 34445 27825 18669 21203 3731 8471 30944 9434 34137 32100 29356 25984 10017 2537 1054 12053 22802 36597 36409 31285 31087 31753 3181 26149 16511 13221 19351 30981 30634 20348 38424 32470 15038 38507 17458 34422 33363 29018 16147 39303 36872 3899 3300 12546 31984 12962 23162 28685 8413 25996 18950 32460 9962 2304 33554 20178 23680 33920 39235 26538 35043 8723 14435 4078 10710 36437 22696 20505 7544 11209 30542 39197
27882 36312 17354 31509 35668 7621 9592 1128 27538 31685 17017 23706 39608 19009 11845 14197 4636 2419 9552 34890 31686 31692 25111 5559 11763 23 31577 29332 20857 34947 21547 27508 27546 23811 33060 22954 955 36510 11694 21102 13771 37102 29354 17972 34603 39875 11915 28033 31309 21587 16783 30773 2307 39975 27918 36435 17593 35671 31434 34311 5223 39814 11799 17142 40000 25818 12561 21765 36060 20206 22251 15569 4267 10146 6876 5492 12564 26727 37499 34221 2507 11556 4142 25570 23035 15784 25328 39831 28401 5066 10873 12338 39806 32838 37007 13346 8762 23712 24100 8113 3326 13533 11253 23578 11587 18264 8575 5171 22183 9371 30595 3322 9485 39648 30999 21989 14196 23436 11445 10998 37759 5909 12480 22067 2884 6268 33252 35505 17368 22693 15604 3184 19312 13849 25711 12701 34479 29331 20393 37878 8591 26051 16752 37616 1899 13420 33408 37338 28296 19228 8854 3980 20901 38441 21688 230 12805 7426 21795 663 21116 16799 2183 39598 22071 32362 9805 22808 7684 34068 35964 30674 17352 39167 23517 38372 21267 24574 14721 9448 16173 28451 8722 23953 34077 27326 21157 22851 35422 25488 4063 28902 22343 9553 37844 11934 37343 25806 1795 37120
15571 9185 26484 28559 8886 13133 4143 16845 35781 4847 12757 19533 499 20718 36334 10317 15829 34058 5662 18616 32830 36200 27972 30787 18307 29551 5424 4336 5349 9858 29867 681 23264 31921 18030 11535 24123 622 7120 2585 22134 30724 29167 20095 8958 3890 3025 36326 37039 37244 11827 9025 19805 37796 19477 26944 23459 29972 13125 35049 9810 7186 16577 1782 27611 31363 4955 22826 6306 18085 21276 19568 25211 9867 39028 11757 28518 25769 26603 130 308 9681 14004 25500 26958 23710 30544 37535 35721 33821 9524 29437 7191 14746 30076 2560 35991 26680 28200 14771 29134 33027 38524 20260 7951 13791 28126 19475 33110 13284 19073 21662 8493 517 39630 27486 3398 20881 38951 30116 25450 10304 24105 7239 3430 30194 28249 24442 19697 23013 12731 32440 15602 18202 37940 36801 4262 15064 7859 24646 18895 35852 16298 35374 23412 34977 8973 35508 38439 1387 4875 11945 3159 10767 30661 33072 15724 25323 29777 35276 23259 29878 6039 24745 27839 12316 34711 38865 17367 24486 9119 2494 28771 38975 33213 33019 18249 13492 29433 39460 4028 7531 13543 2863 5987 26685 4353 30115 36257 4950 4387 35757 37827 14204 16689 33397 35661 2650 1445 11764
13355 12939 36258 15345 23807 37126 11919 33303 16462 23717 965 36551 23266 11810 8879 16808 21354 9496 16578 20943 6446 24510 25837 6997 11038 3472 31720 39671 29908 16407 6602 3531 35536 15954 29468 6255 7498 8121 20011 9694 22909 23725 7230 5759 36383 19204 19892 1770 27786 18009 16180 24304 4632 36240 27679 11567 38599 24111 37764 34503 26561 23847 17210 27781 13547 31789 36105 12096 2039 22645 17016 20582 8338 39382 13144 34888 33819 38233 15740 418 18198 36598 11760 16546 15950 25595 25623 36811 4166 11315 19398 7272 11232 11028 6909 30797 3416 4330 17551 14679 17276 34135 5615 6627 39147 20167 17639 20381 21957 2440 14089 19888 24180 29484 34216 3816 37874 32954 29370 23871 29369 7014 34246 39770 23697 21933 30167 22154 32527 12456 20704 20662 14280 3335 19033 5480 34925 7512 24464 24213 36548 19899 22586 36579 5901 6106 36054 31144 30477 10120 31511 34805 30346 27375 9513 10481 11371 858 25797 34730 17559 38332 11521 31270 39178 39918 4977 33739 35834 4484 13554 39517 10602 11350 36088 20282 16440 13848 2993 13249 7334 11117 4932 18344 6922 19706 26288 4226 23335 2139 22541 15054 39798 18951 29752 13437 17672 8731 27318 25861
4320 3668 10360 28303 10783 25406 38609 1192 1687 29190 20413 32128 25321 11140 28213 27459 25435 35191 7256 5107 36712 5869 28864 3862 28247 26020 38919 31502 11939 2334 31517 37165 21953 14749 32466 914 35709 4692 8452 34508 4563 29793 35340 25160 12906 475 34910 9455 20281 26738 36757 9130 7583 19798 28216 38162 32158 14986 8078 27072 34151 1657 6776 16642 6720 11819 23005 21120 14565 10220 19265 33727 28866 33235 19958 9101 12037 2380 35084 39673 17235 21110 4852 21439 31761 21971 29033 26157 28594 37894 14678 15031 20241 23457 22619 11635 34588 16445 11579 24332 39558 39763 6925 10147 32932 36321 2006 34862 15374 24253 8606 18001 33747 121 34731 26653 18573 29239 39996 33107 34460 31700 15087 38739 2909 13907 28849 33796 23297 38957 13613 33028 38719 13036 9593 21623 38810 12084 39476 19220 13601 38443 35085 11542 22616 33309 26274 27445 756 33429 14187 17620 14108 27274 24636 22387 15844 3235 11420 2519 13155 39126 23267 38164 1131 8308 19962 38348 33459 18696 29247 31296 34229 5648 30294 6799 2267 21050 26095 12402 12793 19557 28272 26918 39664 5111 25031 20783 9759 4172 24661 22416 959 14959 36935 12995 13766 1693 5113 34018
11027 5402 21170 14422 25622 16807 26591 8000 17356 7108 11698 37008 31319 17929 27978 253 38124 20171 28770 26364 910 7172 7573 20462 29275 30877 31224 14145 38404 27904 967 21992 33771 14815 28873 6668 9618 27815 26720 2691 37154 16544 874 20309 4869 20657 30794 7811 18612 11251 28248 7738 28360 30502 22115 20644 9246 12625 5274 26899 8016 20125 20388 34496 21286 7088 141 33863 12498 25777 37191 38781 29312 25805 13304 18633 26358 19264 21278 30493 10308 25910 20825 25199 30181 17398 6795 5565 14415 12290 34007 8458 28231 38733 32611 22123 16480 37830 17570 19388 18694 15815 36542 8922 11928 10646 24593 16456 11385 13278 24717 24539 11735 32214 10355 9941 23648 18599 31854 28278 34394 16216 9094 8690 17041 18745 20739 726 1479 24781 20695 34674 16531 28094 24894 2280 11962 16836 6472 20285 36429 9527 9406 22116 34513 30821 25467 6659 6708 23532 2422 18876 27859 13573 22451 6811 3459 13406 31662 34570 11890 6362 5717 35108 38264 29641 7983 14976 6257 15610 35860 17550 27467 10629 23668 21766 37345 8173 29055 8421 32461 20535 12424 17427 5953 2779 16835 35744 2268 10378 17201 22733 15491 8341 26419 19168 7145 27320 6826 39588
25129 32419 4985 28254 18060 13327 24698 33199 9414 17095 16492 13288 7604 10956 8669 15575 31238 13962 12254 2554 26797 1460 18610 8566 32974 34705 34069 13315 1197 31578 36976 2265 22663 35538 29618 37835 27487 8395 19448 11766 17330 27780 38759 24753 8964 13389 28041 9459 39504 20448 35519 23872 38319 39349 38463 38245 19236 7361 34323 34690 34009 4036 29140 5514 34073 32839 22970 34434 1094 38947 10400 26175 8746 7599 24169 30798 21128 38430 39396 575 17607 13738 23339 11086 1072 9209 24053 37393 39708 29784 10151 1959 2814 31148 28323 10321 22848 20691 8582 34287 27931 14943 10928 26383 1036 12785 36384 27988 18220 29717 30946 20192 27872 1995 1915 36101 37240 34294 28379 14478 23512 26945 35019 27472 19574 20061 13003 35097 38944 23804 23873 19145 19224 39009 23276 18377 7187 31927 4077 3131 438 38482 37731 15062 36641 30136 4596 33764 21250 17053 2617 3074 18137 15588 11163 18287 32104 13675 20709 1438 120 23316 19779 17561 34016 19212 34572 3419 34114 29812 30430 6013 6640 19231 13593 25457 12105 11124 27773 25477 9463 6546 31832 2977 36550 11508 14206 23087 31946 9983 22751 33405 24551 6475 36732 10415 15507 24355 34547 12883
36095 7073 3796 32935 27176 17671 19831 21533 34212 19450 21739 27790 34192 39764 8358 17031 26901 17167 12970 22873 21819 25729 26267 30642 30202 9244 24618 18637 23303 34027 14099 12252 14245 18564 19170 15574 21471 37876 18692 17979 31207 27029 8717 24496 8344 22455 20972 5204 15267 15942 14905 36560 5188 39239 37444 20728 22769 35793 13202 36639 13227 7746 38783 22716 4642 17510 6498 20240 26376 33672 25506 33644 24727 29397 6868 39782 22333 11585 13162 23886 5219 38310 22735 29716 13622 27462 26173 19664 36963 735 16279 22456 26297 25340 25997 10102 30706 26481 35347 9654 8464 28638 19198 36466 22591 739 5124 22722 31236 27702 6692 10908 11673 34630 7563 6830 29258 38673 22194 27105 30144 26507 25408 39264 7909 15478 25422 29272 20213 7198 14830 22890 9019 3707 38932 14652 11749 22047 18781 30645 2605 8393 5464 24793 34220 36474 13102 8559 23148 4480 36774 7981 39803 38346 14242 10028 29493 15284 39173 29957 1739 22412 4354 30843 22776 27293 28168 19037 454 11487 11753 36915 13259 18719 34957 331 8165 96 789 16207 7077 22168 36585 17917 18080 30244 351 24639 37985 36460 36985 38062 11532 20342 26326 1534 6657 2660 34886 30422
34046 29230 15140 341 7292 20199 3740 19608 34908 31046 20155 36089 13505 9257 10470 19849 2423 13919 3237 26530 3105 35758 6114 30811 2014 37702 35332 20100 24691 33665 29880 5440 13338 34780 3345 9169 6894 21442 6744 39278 23991 39992 36770 806 25690 23567 17654 30754 38093 8832 37373 11271 15753 36871 2319 36644 23686 16110 15161 32054 34362 8513 37348 13523 1274 35255 13586 28622 12568 13456 19424 36767 17490 23250 7215 36683 745 16398 39326 7169 14284 16655 3614 30760 2249 13958 13564 26878 35741 23467 6476 6783 7485 28148 7670 23284 37910 35394 27612 35958 1473 35469 6552 12368 30785 4856 16649 21413 28702 35839 8619 15079 1725 4613 18576 5509 18846 32979 2980 31273 6961 18794 6740 23952 6035 7323 32283 8552 15361 22650 20609 27414 18874 35415 13460 29731 31658 8423 38471 37171 33876 16794 12103 14837 18148 21973 29796 16991 12391 37268 4352 4277 9249 16629 25195 19755 22911 30343 18577 32788 3219 25926 30444 22517 3709 12713 36503 36813 33911 16305 679 37484 25436 15059 15034 11675 34515 3872 33227 23151 16890 32770 20674 32817 6147 35440 23924 20564 17465 20660 29261 14799 13126 9645 2300 34677 10947 8636 10376 26715
4108 26976 6161 39698 10282 12257 3160 3633 1684 14344 21477 32599 29412 9661 18858 20154 6648 4153 8985 32580 28142 35172 36405 34155 3067 30602 12497 15913 18449 9424 9770 24831 25015 3126 24656 6269 31014 33840 35977 32335 29296 37132 27256 36994 15340 7260 25799 17249 22256 2118 36787 27984 8276 33944 28388 3793 18981 24158 799 2394 17529 22190 38802 28775 2999 15934 12606 17215 2317 8535 21237 24303 8579 20230 38446 13019 36038 142 14641 26092 9309 10548 12360 37269 23669 14842 15001 19740 18925 17353 17422 13846 8544 20356 24099 17773 30557 23860 37505 24074 35673 36204 2919 37218 31669 12423 25851 3218 23291 21187 8245 32022 3632 27236 10623 14866 23868 20966 33957 16257 26920 33464 20370 22877 11950 25512 20880 38152 15242 4245 38552 28662 34257 38973 33808 33172 32542 20838 2031 12813 31932 26192 12743 34472 12611 27440 886 13461 31636 23859 9199 28721 33675 7541 17311 16747 482 33584 9138 19108 2613 21757 6094 17362 26325 15789 12607 39060 31085 12928 10385 1347 25603 20836 8932 2893 25549 7548 27007 14896 27911 13487 30926 15742 8303 12289 21737 5471 37359 37816 4894 23631 1872 38116 22080 1430 34966 33504 16995 15675
16410 17989 5490 34901 30471 30693 36228 21193 25427 26158 23767 21776 21195 24628 22539 22073 17209 18704 10208 22486 406 20944 27265 23685 26921 8641 145 26150 15234 37114 18538 8473 840 16008 10106 26450 25798 21927 20803 35567 3702 27030 25835 11516 14054 33512 21377 4458 2833 23185 16871 6670 24737 7769 39171 32219 30714 24674 15833 39221 18455 39465 2208 38625 18624 32434 38373 280 23724 37280 6699 26849 20848 22162 36192 32094 5923 12694 9560 34763 28046 8716 14873 32574 30699 29824 12150 21744 21363 21315 998 18077 16539 9947 29382 2559 15873 26599 16432 38703 29378 32279 14148 27641 31241 14043 19511 8794 445 31160 37306 24944 36715 19208 18966 28692 5858 10639 4965 38813 8819 37385 24094 24333 24659 7731 13083 29338 29030 36331 28896 34021 11881 3984 5043 2810 13287 3026 31280 23311 2481 16035 29064 22177 5972 38295 13983 10746 18571 23995 19780 30717 12280 6684 3085 26002 26661 10856 37301 9776 18491 34037 6616 30518 28238 33631 35405 8975 1817 4114 38340 8567 17947 25758 24523 32786 10379 6710 38928 30777 29569 36353 38662 32002 7663 1630 18083 37361 33482 31598 7803 2798 23849 23957 36748 12660 15354 27801 8046 37248
5037 36014 8168 26943 21341 36479 28731 33597 4957 5277 13830 17990 4121 3318 26558 7466 35874 33453 15845 951 6615 28024 3560 8581 6669 35997 18524 77 39586 17509 30872 25162 66 9188 30853 16841 37176 27177 1088 5014 32380 21555 26608 8266 11239 621 37543 17873 5581 26049 33642 11656 2892 26776 38312 1139 5443 5805 1283 6781 29689 33406 39450 36692 15915 1207 24145 10060 39681 5714 31678 27461 31794 38583 38299 19704 37500 3246 28421 7013 38648 24329 2528 33191 26857 7665 27416 37699 27151 7382 12418 30786 15824 11561 14898 33241 38997 5848 30861 24068 9535 19621 25087 1316 37811 11265 24449 23044 1370 38046 19813 10868 32816 4683 7474 6837 21042 37946 33678 25648 2355 3811 3377 788 23928 19001 34903 11999 33435 13263 15261 32521 30013 39177 13161 160 27481 28394 1601 6930 2506 33934 26229 1553 26178 1515 2316 1275 30732 3687 31790 24713 10539 27748 25079 12285 13032 23058 22359 30348 9329 829 6595 36030 39301 8102 18741 15183 4214 4051 18579 39267 29758 10118 29721 5141 26096 39821 8749 21847 28919 113 31254 13857 21942 3177 21494 23449 16672 16061 6244 8988 18659 22295 34066 19821 1662 7961 32143 35253
36085 4746 2399 28817 11545 30907 6674 5944 32981 27147 29056 23880 38361 8315 22198 38589 29130 38597 11707 10715 13475 39195 5244 7021 33955 4902 29710 34371 13060 5134 6889 13619 12989 4270 37908 29417 13909 23354 6266 34398 34364 28316 27616 23178 35460 21798 11113 36602 28113 6347 21144 21995 26997 17569 28740 33674 35453 28192 18443 29775 17983 12009 2960 17592 1173 3810 2879 7996 3662 7078 37599 4542 34712 35457 2652 6935 1732 19580 32723 14620 28739 30389 11158 13079 19661 23296 18485 4885 22365 10150 17226 15147 18617 20892 8051 33036 27104 34240 10213 18743 12336 34013 7871 25977 8712 13822 8097 8562 27598 31035 11234 36222 9341 18782 15177 20088 5384 6848 2930 9590 31768 1397 29706 39088 38592 25877 17770 12738 33139 29655 34106 23315 17880 31409 1792 34150 33800 34251 26639 30883 22705 6037 8866 35905 30906 7773 18469 26104 13100 6370 20786 7205 39386 8615 37239 14622 11861 19873 10859 3144 23097 22982 20599 9383 13265 22498 17571 37327 19702 32205 21598 3509 27929 27409 16584 31419 2056 5273 33700 10935 2539 24767 18024 9093 1380 22501 14767 14759 16066 2773 3480 6431 3835 7212 420 30664 5682 19229 10875 19647
28857 31970 8974 25767 10199 8689 1640 35966 11047 16335 22544 21130 9493 32781 33781 32019 23379 14516 37487 12104 34631 24444 35180 21945 4904 24448 27715 3490 218 22552 22358 29351 7486 17557 15342 22019 20669 35927 27838 27604 7574 33223 5316 24466 14083 17247 17173 19658 24202 5414 15618 7972 31330 23723 15870 31893 7694 37646 338 21865 25588 24972 1433 8533 36780 25212 503 13519 25787 16636 17516 38715 21578 32483 30626 2927 6908 32379 5312 404 8775 3259 21205 13693 12637 20606 30225 38126 29450 10066 35129 28989 9543 3458 34808 7692 1681 36990 20262 34351 15545 3794 4344 27112 33736 23317 15239 31588 25009 29297 13832 31013 11150 19089 20899 30721 31688 32033 30574 36562 16877 33208 28277 11339 2914 6189 1169 6805 32612 30119 35400 32096 37322 37019 38519 16561 37096 28577 15149 12681 7315 29095 18346 13923 32554 32941 2583 673 15028 26630 15966 4808 13944 33576 23104 1393 39216 7378 19331 19040 3566 26672 34290 22149 23197 9966 39811 1205 5240 21040 36808 2409 36912 14007 14883 34891 15564 8207 19172 18222 30516 34201 1519 29127 1104 14345 31802 24443 1803 10764 16087 19106 4073 25666 38848 1184 1866 33185 10044 39813
21790 19447 32956 10197 35863 5501 5803 31719 19464 14019 34032 18768 33018 9304 4438 27601 2686 29334 36951 6477 27707 11204 23415 18179 3876 27554 37754 28267 17725 35102 33769 25188 6857 29457 27114 1143 11076 33856 30349 34719 29223 20945 21358 16682 25843 245 36674 15011 33264 10345 3357 28699 31887 32244 32851 1191 3135 4494 35552 14324 14427 8286 5597 37134 5411 32507 6910 33966 17379 9344 30027 25803 6173 2340 14205 10700 7226 16176 39585 10648 7396 4855 38948 5361 9516 8306 25433 31255 35386 18938 27167 25303 36270 21633 6764 30812 35889 26470 12133 13314 18338 11193 33950 23248 33681 16224 12616 37872 9134 24955 11883 21500 15509 15851 23816 26094 38032 37288 10453 18935 11913 8357 29503 35525 28239 546 18142 37388 3421 39964 3739 32209 32146 8499 6367 6314 20294 2861 23088 30720 11166 16509 27022 32834 22581 34591 36335 24163 12127 12308 3496 21572 36104 31579 27410 35234 21736 25125 11897 2514 22597 552 20181 4225 14369 16574 12596 16714 23975 37855 33418 12089 28196 28636 14913 18877 5336 13618 36685 25033 19440 38679 35683 3053 21770 15225 34072 16814 28275 6340 25175 26387 27463 21700 23144 31231 35635 26792 32678 33138
1319 31829 1064 7046 14540 25086 20942 25387 11404 24406 28397 13784 17677 1992 29388 15211 28352 20008 33433 33216 19839 15026 9626 7075 19695 18432 13965 32821 35069 37889 8994 3284 8761 1140 25928 5691 1112 5249 25656 13825 29250 31534 5979 27580 17494 20064 6351 38214 36710 1304 23519 30265 39672 15383 12213 25655 10696 12235 14754 332 18465 8827 33694 37923 6748 15594 29814 24252 1156 34937 647 30852 20227 10760 39010 3033 896 12054 34475 4592 4280 1334 27327 19970 30334 16678 476 26563 14338 37604 34895 24940 37053 20298 22003 2176 3549 1903 17039 7625 35378 23514 14646 26631 20386 3617 22695 32285 37303 17328 22579 21505 9587 15539 33851 3933 39275 21273 12232 298 19023 10773 5020 20081 18918 3292 10858 18131 27017 11213 5265 31622 22614 10434 19760 29534 36785 4633 32578 9591 26382 11594 16766 17740 10762 24819 39166 37070 16097 31493 12704 8685 6418 10772 743 7157 19171 8821 6352 33791 34427 3412 6788 17491 4229 23471 37952 9885 3257 38499 25899 11325 29289 34867 7824 24711 22087 15548 8745 11034 10912 32543 958 24325 229 27856 1574 28118 18385 24948 12171 24317 6195 33472 36557 6972 10525 36328 8073 9946
7779 4081 28639 31263 27065 34523 17524 34933 32848 30254 33394 7716 1085 21334 26820 37432 16191 30715 1150 18660 11968 6736 17961 34741 3923 23890 17826 26357 16505 10356 37190 9725 22471 24566 24353 19997 9231 21675 446 6208 7644 28991 17425 12251 19937 38125 8100 30756 2632 30456 29419 38431 13931 5476 11568 17389 37482 19694 15359 17949 8502 28604 29168 24927 21719 11389 20324 38925 17846 13797 29346 15579 10820 16881 16371 2371 6063 7251 24799 19814 9271 170 38252 17705 13682 13232 33768 6750 17787 13261 8713 3562 38631 32086 3807 2426 19469 19029 22654 7149 7371 13112 19049 14256 38354 17781 23947 19933 13884 11631 30817 12573 24930 37689 1357 5224 15819 29454 34057 16983 3202 36627 4803 14920 37982 18730 11874 8095 11309 35240 27135 7090 35513 12448 34452 11952 27269 11174 33569 20045 31336 3975 10923 29537 36672 23634 17047 31748 10753 29849 24108 742 12332 7668 33184 36968 17268 5328 34727 19618 10553 37506 14160 27974 11644 37846 39363 19890 32703 12763 37265 18947 34806 29938 10963 25473 3016 11319 39700 38278 39385 25567 12838 30534 26428 36236 1209 5200 13556 10615 10007 30525 9715 14273 16458 28530 4731 579 22043 26399
31059 36637 1311 30408 24254 10000 18270 11615 5643 23146 24977 33687 2058 37376 34291 30041 16126 26238 17334 37220 14235 2562 38466 23960 8729 16054 31515 20931 9124 15400 4005 26472 30045 15056 33789 33626 23570 31023 4876 18402 32489 39392 39090 7393 14346 18203 2832 2387 21827 3536 6572 8629 39919 13072 5837 13229 6199 23153 8664 37404 18314 4242 5157 19400 30980 5807 21694 33583 28324 21597 26203 31524 5395 23552 20362 38200 18548 3495 15555 14293 30613 2348 6371 32500 35868 13503 8345 22117 6107 8405 2523 11475 17172 17656 8036 183 1858 10209 31824 25854 29060 39141 29743 21004 32532 29900 30925 16538 23188 23138 14775 6512 29521 15330 8613 34823 14239 18495 35388 31393 19585 12 31733 20133 9642 36777 16370 17969 22318 23085 38318 25721 26748 6756 23401 11043 11600 29197 11552 27061 36681 23985 23632 24174 7834 38706 34103 4329 15287 9080 7618 18686 3329 4141 10367 30774 34099 10451 4661 21824 30355 493 20024 33639 10723 17387 16439 35608 1755 2610 38585 16167 32947 33969 14989 24460 36688 5668 30612 24787 377 31077 35571 5748 8587 19121 37554 12894 1400 11216 29703 25760 18022 1552 30158 5138 37021 33020 9215 33948
22527 2175 32741 18521 26594 10972 21801 2631 21350 16454 38513 39627 31096 8855 28237 28172 22012 4545 3771 35317 33625 12709 1208 27 15058 33662 22244 20977 17098 21026 36389 23482 8086 34726 29465 11067 33460 33958 942 17823 32646 13901 31985 27374 15609 4155 11586 19306 21644 4948 9297 37262 22913 31682 22176 1941 15020 23535 32738 25638 21498 20412 20625 25185 22584 29171 39612 31791 19403 12468 25559 9803 35183 3843 22044 20588 15948 19662 16416 728 7936 16139 18133 15109 1222 8305 36642 2151 2149 6203 26491 5319 7472 18467 32946 24245 22229 22479 11929 32904 29217 24812 35586 1799 33539 9325 6152 17148 24079 3461 26535 27724 31741 22507 10033 7449 34488 19456 25018 21504 14877 32191 12255 16903 28723 3861 10545 26923 1483 28178 12470 6503 2542 22040 7296 21729 36855 3884 4569 13528 33574 2801 14781 16862 6761 23445 6957 19311 20306 39716 22448 25887 25762 3812 19271 22316 20085 34728 26177 21028 12852 26772 5840 34722 14260 36212 21071 10084 23233 12514 17953 22937 25533 39550 10682 14818 2594 23331 36451 2177 18684 855 24491 12492 21274 4149 8926 32898 38334 32806 27016 28295 22206 14103 23473 25939 5627 9607 17820 15852
4230 38550 13976 9457 1927 15382 1355 39374 31995 21805 19256 21474 15672 25471 36305 21821 16309 36984 2191 6532 26940 30213 10737 28271 10260 21311 28333 37598 39036 19928 38476 18093 30718 37648 6582 18976 697 13892 21207 27957 7569 33981 33043 23495 37504 29519 28268 35914 16455 27644 12658 38806 29626 27505 21164 34378 11658 23506 5593 7163 3716 25812 20071 15523 2237 20771 24227 14396 28644 25322 31836 16701 12797 38290 39209 32918 31047 19882 35343 4400 9437 29444 1667 36307 28139 19181 22748 37970 4204 30445 21782 11526 22576 29174 19011 6771 18723 15169 37461 23001 37380 31816 34782 12174 6307 22036 10018 33226 27572 9563 3483 36489 29092 32628 5054 7558 27286 146 3023 23758 25597 16479 846 2886 32223 15160 10667 1614 30363 28826 14640 39159 9388 24676 28667 27848 24545 16292 27128 32801 3790 36131 14901 21476 17892 37192 1228 981 2759 31361 16570 11071 23113 14942 16703 5076 4372 23046 33331 19207 38723 11054 934 18042 29776 30055 33042 7522 3437 4385 2091 14874 22159 32597 12621 9547 15511 12027 22187 3436 20993 13208 4049 28040 15365 3136 22342 704 30162 10917 34685 3846 17719 9348 6628 8936 186 31559 8475 6953
16465 36050 25320 16177 11908 9928 37488 36950 39302 32583 28312 4648 21212 14333 4884 25203 27794 750 8368 6596 35364 23787 19777 206 21175 39342 36607 31174 37083 31522 6279 5526 39236 35550 25158 22973 4282 10805 1698 6148 7825 26112 14421 32367 30889 32442 19404 39230 23395 11229 19645 9982 9517 25150 30684 11652 31625 31541 12057 19052 15932 28682 11092 13270 6154 37212 2156 17690 36327 25289 27586 14073 30835 30991 10168 13409 10621 6580 7008 32236 36091 28595 32015 31132 35393 5772 2490 8424 5401 26295 20186 27401 8646 4548 2642 36906 34147 27962 17685 22641 24504 22519 37726 8828 23214 25098 25352 6500 24738 38844 26624 31783 27846 21742 18134 3603 10031 382 3519 1310 19427 17714 7529 15906 9716 30888 37868 19573 9121 25857 38355 24030 11551 12615 23129 26348 26064 11620 3287 20590 28344 3220 31519 5181 5366 27046 36789 15827 10983 23290 479 21947 22210 19122 26019 26903 2837 3365 2931 37873 36576 4208 25949 29865 38968 2155 9597 13436 38866 9041 10604 23826 18383 30731 7795 9753 39369 10437 15570 14506 8194 25099 5513 31232 20135 17454 25795 26868 12531 10659 29163 31142 17434 5674 4857 8784 3383 8353 30555 11484
24420 34369 22613 33245 465 24038 28091 31302 9558 1023 9595 38324 1823 18790 37108 24057 22725 39353 25044 34848 19911 23081 26386 21096 33101 25784 9675 2047 21649 30587 15521 7017 5832 12385 9452 32605 11504 29145 3578 23075 1830 35944 26059 1528 20751 6544 9108 21691 33496 29994 11160 26775 23655 35687 35724 17897 18055 13997 32049 3624 9453 35599 32341 29281 1546 3282 38304 8620 35295 13638 16679 944 15725 32506 921 12901 35002 38468 435 32707 9861 8800 12184 16487 6378 18062 17626 31843 20354 13334 8621 22666 30036 26058 25677 13748 20184 27905 20237 29241 7958 19723 28526 28640 7051 30466 2099 5993 7283 23200 29147 10309 8675 26142 5115 23582 31873 32757 16839 39680 20124 3864 4567 28804 12353 33078 27157 4763 25704 10691 9283 4373 36881 28608 38596 18989 30187 4453 1330 14109 19757 31135 34931 22592 19182 5350 23117 5485 11426 8363 24914 1444 39507 23374 22817 23432 8537 39765 9224 17380 35246 190 4072 36449 23411 22514 38483 8451 5228 12034 1079 35539 2973 15068 16006 37333 37252 39477 5449 6182 2027 33217 31424 36798 29269 27677 14428 24649 637 34101 7284 10312 3453 7699 28863 7648 9282 30870 25746 36933
31108 16779 30567 6535 26359 30368 103 3285 16951 22605 4708 37396 2964 2286 34984 6003 13088 29820 25880 2974 18942 19908 7085 16789 4503 21284 35776 30004 19005 17073 20684 850 7725 8809 9580 7532 24663 34210 10951 13092 7144 20634 11617 13029 35559 37882 35131 8222 12810 18121 36799 31483 31398 35106 19050 37049 22433 31156 14394 5397 10160 32099 11333 27379 29137 23671 24810 37584 20519 25190 39837 28538 22363 35313 3838 325 24362 23987 10243 4780 31143 29111 21135 6052 13053 7812 32101 6642 15173 10882 37028 13064 25918 34444 34994 8414 29125 4053 19492 32076 11728 11353 7655 11178 35070 30304 11657 26501 1426 28597 9856 10093 1111 12776 4096 3976 32032 17528 28070 25581 19389 5716 3860 10911 6412 30558 6988 9103 21785 27361 3471 1271 35908 28291 23149 24760 30728 6815 16429 39466 13336 32607 31344 8666 25204 37678 31820 13713 19681 35402 21451 28554 29071 13339 21407 3041 10103 16131 22312 5390 35130 6163 38535 12102 9863 14593 36302 14780 29506 19019 26806 38908 34054 22196 18343 33686 27807 34520 18444 21371 31583 37713 34006 23456 15671 10432 559 30956 36028 37194 4102 38406 11686 7758 9385 593 16581 8149 1349 30744
8950 21414 20614 14389 33365 4368 1324 9311 35468 24047 9401 23766 24436 29084 26824 33905 20238 30350 28072 2029 30097 25133 37721 18363 22141 14777 13174 19943 39530 9018 11611 28488 21522 21868 10509 26191 19883 18885 778 14673 37647 12236 21443 20779 11351 34678 34181 15643 1468 35965 17554 32021 35209 4710 37449 34207 6256 39003 16602 14257 3173 5938 39313 24690 23211 4129 35350 7920 33002 9972 12152 2276 31497 15655 22723 22736 11721 29754 28882 977 23336 35007 18006 18466 27651 5604 3190 2405 26141 33545 18691 14988 19214 8831 38053 36115 18825 39421 26798 3969 16761 20295 37319 16517 11 9429 30928 2637 37457 36282 31470 27581 16032 32111 24637 14757 14158 29285 10123 13057 9686 27692 31572 14319 6548 9220 18508 5742 3307 35892 39430 36794 37415 19418 31163 27678 11156 27788 1077 12149 35688 33514 20808 39793 2683 25240 17633 19166 8385 25780 903 21365 21224 27452 33685 39606 2869 30235 38158 8935 37993 3698 37050 17314 2357 30940 13027 9859 7074 12825 19673 34956 3123 35099 37914 2009 23293 355 270 4497 27333 15532 30695 5626 28127 13252 917 17515 18340 36724 29254 16922 2666 27279 4949 19397 33637 17384 27026 5104
11078 2389 17790 32497 26108 26337 34055 14760 14835 23139 15257 8682 14574 8671 29295 9292 25720 15083 27367 34529 4608 33233 30609 38144 39042 18797 22350 17720 31935 10799 29533 39243 12961 10806 18101 24364 1578 30419 33288 1753 2741 21521 11774 13589 13989 33436 25440 30920 38258 34601 33259 30649 2464 33327 15475 10348 33474 6828 1921 39686 16986 19283 6040 30752 1942 20425 37426 14496 34284 36372 11142 20532 26117 1705 24039 22480 19426 35418 2948 39019 30539 13582 17997 21720 21718 23155 21379 22276 39912 6758 15328 30529 12772 1003 23255 19875 26839 28544 2112 25750 24813 2142 12098 7650 13917 6488 31371 32202 17800 22785 29913 26280 7213 37172 8899 6977 38892 27833 33553 29280 3676 9056 2807 30895 12866 9175 15686 28387 12886 15900 21747 24803 22472 28798 8674 15896 34923 2395 27719 3806 8966 1322 32079 973 22361 18039 38098 8066 12828 25697 25599 28784 19401 24454 2556 10699 25536 36592 6341 16009 32391 35021 18472 4263 37909 1656 31432 8813 39249 14501 24089 19863 34817 38935 6952 21066 1865 33968 27364 10290 32234 16828 10984 24314 37550 17911 17965 1142 1766 15620 19422 23478 5552 38642 14352 37489 12282 34239 16599 34702
30227 25979 25224 38546 28398 7360 6057 30757 26212 23590 30827 29498 6004 16457 27348 37353 37883 33231 37518 20520 32425 37349 38748 4758 22032 13432 21099 33591 25180 25202 27189 18998 3376 32876 10770 39265 10071 11435 37040 25003 9133 7224 7886 33562 36360 12348 12215 29832 14951 26829 5063 9331 20974 11823 1536 33980 1971 26508 39117 9981 2871 37121 21320 26075 6408 9167 34386 10222 9203 1597 32170 22818 18497 31366 25462 32247 19617 30891 35972 1090 36123 7626 4888 9950 15517 32625 19289 27466 5023 8887 33752 39679 11949 899 25707 11075 11511 5907 4416 13453 37067 30219 5252 3040 22864 22536 32357 200 2163 13588 8240 17715 6357 25731 39272 20814 36605 22637 7633 15997 33794 27360 29390 35420 1953 18109 35880 9800 15444 33802 38668 20232 30513 26732 27623 15187 2102 29782 19956 21949 38765 5644 30995 26546 29085 11396 2100 23172 9979 37046 9738 19749 28463 36857 3157 945 15390 587 28712 6584 26469 2865 35695 10673 37447 16988 5359 19912 19578 12109 16699 7577 20699 18010 13821 5532 13248 39093 14464 2981 12441 28959 8857 17429 30298 36202 8377 12869 20549 30801 26540 36734 7685 9723 7159 15628 36454 20036 21355 34945
30783 10207 17061 11776 14056 29424 3770 13163 24004 39339 8435 16312 34791 11348 33919 3589 15093 21107 27094 24722 29606 34060 12453 30782 20090 38303 3875 3410 30018 6334 7082 21229 3215 38036 24735 12024 11548 27339 1252 32339 20956 15694 33274 19077 13739 8651 14764 17839 7166 39367 37761 35869 10323 34576 25156 11444 24195 10526 1660 13308 9621 9702 21075 21813 9561 26231 17439 20591 35390 25038 11571 16490 37012 10590 683 28273 4179 15875 22529 39502 12717 11935 2079 3620 12536 3538 25681 15616 25257 809 20962 6218 24119 28449 529 14070 2643 4968 39315 28898 8251 29819 26185 13185 12964 26287 19217 13188 22189 17908 15039 33924 13333 18442 15375 8783 14957 39229 38115 33649 39308 2969 13666 16669 10125 26209 11533 22207 21242 33726 18854 29922 33785 39985 2136 33486 29203 6883 11421 11975 37622 15256 18761 38380 4574 23892 29360 1961 5697 9378 9959 39834 25735 27383 37939 27212 27449 39756 33682 15999 19361 13073 28120 29924 31638 8665 22076 3606 35626 33888 27250 13306 31218 18585 19307 39931 21955 4483 22949 12747 32490 27280 13235 14843 2956 33936 194 3718 22815 6384 16943 25573 25378 21859 34262 8115 22001 17122 29942 22996
38745 19012 20926 15307 24851 19637 17012 6513 19638 28967 34770 22268 36386 9565 2485 16790 20305 38205 27059 22418 32971 3671 32115 22066 4537 12293 4457 36572 35764 36126 14634 14332 741 10174 24790 24550 26003 11734 2005 4706 20483 33278 14897 30128 342 4761 32510 14666 12428 22994 11279 15877 16204 2924 16111 10215 29199 34698 17818 7962 24720 16717 27960 39008 1168 18446 27873 31407 3301 33180 9843 35812 16297 845 33302 5307 25611 24724 38344 7601 24610 16069 12068 6252 29522 6719 38104 10655 10626 22583 3263 15077 34468 34223 8034 38440 28797 5297 12844 25292 1757 10933 7942 32653 32089 6983 13522 29512 4465 32804 20371 39941 5621 31734 30418 32820 10927 22035 833 28961 36995 1360 6232 2567 34449 1582 6345 15201 27556 12310 23661 39955 11956 34360 11462 7733 417 1998 38777 17264 10731 22987 21097 7015 9265 359 21480 23536 10690 37386 18336 35171 37207 9071 3072 36471 25956 12008 25134 38178 20780 17803 29361 1167 17227 36709 7249 34949 12372 24764 11702 3212 27629 5941 39168 4740 25709 32683 23447 24890 17286 34080 38182 35799 27225 36251 28878 12239 28980 32261 9576 3586 34405 2356 3115 10814 25291 13254 35054 10677
11186 2096 36882 23037 20286 21061 15194 23752 13310 4239 693 22570 39622 29661 39835 20136 34196 26584 2572 3052 6890 11601 14122 898 10989 39075 12663 24265 10431 11240 7908 8091 22372 35533 38180 36175 21376 5437 16962 8092 29589 35134 12582 1256 3911 28964 30276 19827 20130 36702 21727 24132 33779 29213 31379 362 38490 24320 16364 36094 13598 2918 17817 12832 28719 27970 11441 27380 791 1296 25893 13565 15203 17284 37501 22558 23982 32031 29257 30081 13199 36463 7677 29790 9191 31533 7594 6852 27818 5408 8255 3443 3990 24832 16879 37080 37316 3585 24346 29113 20585 37451 26044 23229 28603 38292 17667 1648 754 20277 33865 11266 20486 29063 3032 25630 4590 19886 30653 2676 21606 3174 22215 27575 36833 21254 641 24279 7490 3007 7131 34244 15074 14931 33119 26394 11993 38487 8984 25739 25885 15568 6221 23440 6843 17171 38950 27886 15559 20161 15994 31863 36809 9443 24455 7888 21406 6553 26949 1492 32624 39523 507 33368 1325 25262 5926 17302 29673 39784 30230 35233 1493 27800 19605 5130 31408 7151 31026 32422 16633 18089 23241 30236 27060 33467 34898 7006 11165 3277 4517 34250 21005 33182 3086 20121 1696 14629 39549 3717
10777 23338 39371 12942 35517 21573 295 4579 17520 32606 34374 28741 39400 10132 38488 1540 25010 33126 7817 27456 777 16806 9400 32835 31404 5292 2487 29635 20476 23950 37034 8474 9095 38184 35918 409 5085 30394 28244 12078 13115 23490 1892 23728 3390 25107 10383 11207 11525 29282 16277 8321 12437 10802 6702 4240 35796 32602 32108 20806 20400 29394 23213 37879 19871 694 10212 24549 29787 19433 21825 7967 39513 20592 39788 35406 25860 12028 10349 26144 4518 16444 36261 8902 25616 8503 20790 3873 17914 14283 26712 15921 5119 5760 35862 26039 13309 9102 30824 36586 39748 4085 20791 12461 10579 31300 4572 33481 24146 7058 28419 22939 18071 27669 19787 26097 37581 11546 19190 19343 36513 25968 17288 14548 18035 22635 19429 28627 34159 30953 35035 2178 24682 29786 10115 27734 5623 6754 7916 35976 32117 31585 36764 15840 25496 30454 27549 23170 16658 1321 23861 11524 20620 8247 8069 9531 21330 17112 24330 13470 14481 18053 4276 34149 1592 13366 5195 3355 20740 26741 26904 20177 35592 22657 28187 39091 29426 13160 36700 27924 10392 36694 3761 2627 3700 34477 30063 30815 22492 12379 24387 2579 34461 13875 2978 33499 32929 1810 10315 34902
38207 24630 15892 5164 19186 2746 3554 18681 19276 24709 4310 29742 18549 34897 26818 11308 29057 4958 29986 23585 28465 31052 14974 26787 32136 33601 12511 1472 23937 32406 8453 20029 32178 30955 37718 35431 4598 37636 38226 1246 11851 32911 20820 32034 16728 15519 33846 8534 32429 21326 31488 31070 22065 12761 21678 17259 8079 17521 3576 8256 31230 17373 17590 9980 23499 34629 11486 18277 8242 15299 38253 20346 35876 29871 2831 36056 28310 20538 6870 30103 31494 1867 38469 27372 25103 3403 2110 540 12626 16837 30796 5802 16452 20292 30374 26345 34426 4031 5940 37228 13120 18460 16878 36691 25026 23207 17577 38467 33798 12880 38149 8320 15525 29343 16382 21875 27057 9379 16938 31020 23132 28402 6543 37807 23287 5971 32020 38531 18528 3268 35459 20875 31347 17470 11902 5399 6949 7660 3759 7704 16624 26109 11104 29422 35333 21074 37667 36044 5506 17982 28486 14430 34296 10122 37129 8322 19517 4481 18416 30111 31313 39094 1554 10555 20006 30400 1960 9439 3825 6002 39857 35396 27805 1876 10517 32301 3043 33361 2338 32657 1771 20865 17444 27442 35657 18751 8279 32589 1236 15839 26533 12175 14491 33693 17323 8216 3108 16652 27474 12610
8911 27747 13698 20690 19753 26554 20797 21131 13614 7907 13902 2984 33927 17395 20629 29189 14392 23986 35479 1358 29701 23948 13973 34842 27054 20757 37863 21589 34430 19101 34721 8927 14708 22297 16532 2303 11466 35790 26915 11773 3572 19516 27113 39078 17879 18160 39045 27271 15535 15366 35962 3306 37368 35037 33732 5216 3821 31657 28651 35160 5135 33530 5516 14523 7087 32999 29968 33470 23720 17518 6456 11135 27986 38169 33612 290 39443 29988 35198 34938 6466 11942 18553 7554 32040 31740 22761 25791 23704 13240 336 9106 30498 35384 14016 17348 31609 34417 2204 19114 10396 9866 30517 32619 27881 29501 36593 39930 14519 31391 11961 17435 6524 9682 31929 24950 1365 25294 24389 20515 14527 25814 15196 12519 2731 5815 28261 26669 10496 32952 15397 1807 2329 4046 20746 26658 35900 25250 16754 22690 37170 18368 10996 9164 9183 28711 31008 16641 34778 4433 38660 9306 14832 28354 9425 21221 24519 19622 6881 26370 1040 21963 8896 30176 7724 37099 11423 3153 39387 20755 28233 26523 22881 34554 16540 27317 11969 26253 27184 4116 25659 12516 28780 17934 30655 3575 19992 29398 25785 20565 18869 17583 3418 14909 26848 20798 1148 1990 1905 361
31126 13393 17127 3962 10834 25583 3425 10221 25948 35662 36142 36169 16140 16567 27393 5491 22608 34312 30577 2887 13865 34605 13951 10609 29302 37197 21199 19512 4612 2991 953 5065 28415 28266 6263 1010 6897 24393 2195 13868 3118 6810 21019 11811 4637 6727 8082 7659 14998 18631 13940 26890 22016 26763 28063 27772 20616 22804 26214 22091 38002 22103 5512 31529 25540 18689 34581 14515 10880 10960 28540 10295 1682 32200 26342 24786 37890 36000 11703 21180 9521 38731 12311 24151 16381 21288 11868 4446 15489 7202 24751 37927 24867 37661 2963 24795 3331 14455 23988 30427 37187 39127 20010 4196 26646 35981 6836 12719 36982 13805 15626 3750 28929 23729 33566 13570 4699 5428 16222 33248 31346 16042 35580 16476 2724 3660 22453 33930 34415 35409 256 14179 24011 3451 12766 6085 21306 8802 39174 34232 6491 21051 15787 18418 2536 25259 25483 9662 19907 35616 16136 485 35956 3887 24999 22484 20475 6157 34652 17870 8147 24273 25617 36267 20308 26774 19795 24611 10142 15926 14885 6293 20964 27760 5270 2727 25282 33328 26821 851 21553 10920 3649 26575 39751 23228 5465 9797 6729 20176 24374 15487 10512 23348 22221 33432 10681 5741 9303 37237
36295 8524 7375 23557 10581 19138 21225 5831 7630 5688 12691 35979 36977 26388 867 30222 2193 25826 38698 12792 5842 565 9007 31223 10811 27254 29075 39049 23034 20276 34029 22292 39291 25686 6869 9880 19356 14362 2609 18280 4261 472 15057 11033 36544 8655 39773 36758 13016 38638 10896 10410 4717 36180 17588 29681 15208 20566 430 18996 25120 12014 39109 3087 14657 10359 39226 7975 31110 2246 36671 21398 1006 13331 13004 24961 35633 28957 11891 4268 5183 947 14819 10477 19577 26263 32024 34079 8798 32774 11829 36609 37791 643 10358 114 16142 15690 149 18821 2612 4736 26587 17417 33032 5281 28609 29091 22847 27168 18021 8824 39468 28214 33229 1571 7547 17814 14671 15660 37352 37645 7780 23237 35345 4068 34121 30687 28570 29198 25184 20196 10390 34000 27253 23394 35847 31850 7083 26307 32001 30262 35903 29798 30668 635 36468 22347 10254 34944 22389 27667 32808 27968 30291 4877 39441 2894 5144 26161 27663 31812 10832 31644 5795 11274 5573 842 19549 18354 32431 10726 18801 19851 3685 14162 21125 39727 4386 23800 1558 15290 38669 128 24291 23663 8250 1261 6425 26852 39984 24828 38107 35690 22435 21435 12677 20037 6237 8483
37427 15886 16811 34979 11259 30716 34279 21159 31440 9495 37032 5947 5298 10351 4767 16982 33097 17585 37492 36173 9902 37533 16007 37947 36845 32502 12665 8093 22620 7379 10592 39298 12740 35092 35200 20207 22945 4502 21068 5393 6318 24863 11248 35782 22906 8271 21109 36213 1784 33721 14209 24361 18667 2023 39667 34113 29439 14737 12172 36563 28886 28221 18595 38640 16985 6528 21251 21217 13138 1854 12050 29560 6024 28508 34874 21794 17976 11544 3918 39683 18087 870 9116 35618 7735 30503 36705 8477 5794 21841 14639 37948 36922 4500 19751 11744 37502 13373 76 25058 30376 24077 21226 34752 21895 39826 30068 10828 3297 7964 11490 37928 30290 22910 12859 18372 7549 21240 23795 32477 8993 10109 27213 23434 33475 5262 38296 35126 13717 3961 27996 16713 28910 2505 32756 30952 31220 2486 27511 10137 17858 10203 16374 19278 25670 10461 27595 5215 28602 23141 8865 9644 7550 36894 12033 18873 25503 22543 27479 20969 828 30395 36290 22364 10887 6149 22112 32998 27498 4814 10527 14227 38185 22789 27223 38938 39657 24816 357 2630 17630 34260 30977 22426 12490 12635 30283 28224 6772 24402 29604 17974 18250 15119 25789 15745 16253 14886 17375 5507
21313 2033 4530 25027 35723 34647 31392 3664 38156 6704 4314 30704 4947 1155 27563 24780 32654 340 37938 33956 21618 5883 21424 29410 880 22156 28459 9123 7056 29384 27687 21206 10993 27291 11037 29810 9273 20280 2369 31591 29166 30536 27664 26043 5484 10976 30297 25658 25140 37411 3200 2434 30455 21634 8639 34892 6054 16931 15470 33147 14217 32044 16193 13644 37110 22540 31460 38839 27448 27420 6782 1788 20761 6673 28298 20021 15727 8120 11023 9650 13300 25775 29436 5521 35088 11853 34420 33305 2653 22478 23673 21291 27086 34325 33683 13322 11792 2277 4513 24262 11991 19004 30467 15911 16529 33952 39080 5590 15403 34321 11696 24571 14924 31253 19411 29245 8738 22680 17033 20075 34049 33528 25066 7328 39364 424 612 29644 9964 9201 3518 29955 32056 18102 32627 25828 15758 4694 14706 35252 8384 20219 29887 5826 5710 33488 11899 31318 18278 17657 17843 800 7481 14892 37180 32479 33976 25061 14509 18011 26961 26050 30496 7237 7873 13929 30737 21635 19866 2681 17252 33623 33602 7471 9837 26952 19852 4748 15947 27735 30175 34623 97 4396 38166 17412 21223 32841 37277 22658 36821 27408 12307 1820 5990 39433 17939 35432 39520 20627
13652 15285 9063 38109 27812 8085 34165 19503 12489 6375 30385 11083 16673 28862 19788 17539 26194 36168 31297 18570 35722 30507 29540 19249 2358 32731 28206 26127 24822 20059 37062 38878 12359 13798 24043 28030 27433 21008 19251 29073 9218 303 8351 8044 37141 16999 31892 20502 20829 39100 14060 31968 27012 6763 39959 25279 22322 26401 33221 36630 10662 14772 4821 32523 32070 30057 17808 29088 19599 21574 6251 7430 8753 11449 9202 36096 117 39402 38148 12145 2051 12155 16941 14315 1809 12476 20719 23040 10634 1024 33628 25944 8042 749 31918 15148 11748 5867 20159 2252 31848 31078 22946 15796 7672 20607 31306 7637 27944 15137 29763 9258 19489 19360 19945 21562 20906 14851 9926 31986 10346 12030 17151 37445 6426 36629 17868 19660 9579 34826 17776 17295 30092 37984 39641 35679 9228 26702 29316 9577 29463 27732 7193 18991 1399 5718 28157 21603 10297 32905 38139 16427 25621 29882 7263 11362 8462 6365 33218 23111 16378 34043 2765 118 24976 29383 28304 22293 36668 3 3189 11212 11630 16957 15699 6574 2761 21013 1769 25112 5362 12518 26645 15193 29065 16810 22832 38336 38784 36464 16687 14037 34383 2259 26471 17060 17624 3691 20146 15151
37967 22916 17836 33534 29898 28436 15364 9240 38753 15230 31097 26524 39514 35204 36975 10735 415 31168 25525 18588 16797 31980 30424 26151 17136 18378 978 7182 7592 33039 25405 33396 16831 14462 28782 20272 32604 31343 27593 11281 15497 19910 7229 1914 39183 37593 31125 39726 11134 3010 26969 38390 38157 18952 31449 29251 9255 6086 39480 3917 14171 18166 21960 17970 13471 26366 28572 14621 38822 12190 21882 26740 25598 1450 3267 37274 35462 4718 16135 29757 9620 24752 35256 3342 32278 23542 24600 11670 29951 22468 6730 3192 27483 26946 36583 9687 34255 32660 24731 483 24707 9039 29932 20895 9278 28067 20635 37663 33997 24557 24583 27896 19003 3435 16101 20511 36570 26628 19187 25898 29530 21338 24404 26742 16914 5132 7884 28832 34455 29385 36841 38678 11627 4895 18308 16052 33026 1605 3800 30023 30086 203 23657 38901 17051 5743 36817 18289 33093 26118 31648 32417 33998 5968 19809 28105 31331 30207 5865 6816 7446 29294 11613 38787 21425 16102 23265 11042 30810 29628 31037 38746 22158 30411 12264 19542 12839 221 32190 10111 21803 28265 11489 9956 24776 20350 14571 31464 37440 27605 11137 9938 24886 1051 6170 34553 3795 21852 35098 38675
14594 4040 12158 7183 14466 15288 35012 26155 2062 3686 15344 25881 37074 9030 863 24114 27925 38327 8441 18122 39849 35093 32614 34587 17320 3752 29014 8401 646 21078 20187 8006 32912 25355 24701 20226 18258 23803 9653 5194 31754 13653 23603 12218 22959 4524 12690 19320 2383 32759 30479 28947 15504 38236 18836 28774 30709 33889 3679 22964 21888 12868 31448 25121 26568 11375 14142 17674 20069 11472 14891 21190 28874 27662 12526 11957 27426 31474 24168 13090 23719 38681 2435 26338 35476 26343 7039 30495 2719 35822 33660 4327 34026 32939 8856 29558 28396 11863 22667 4090 30530 3158 2933 3823 8096 2028 15434 26634 25645 25055 24824 29767 5707 14215 7597 39750 25732 26464 8455 30182 36174 16846 13500 26146 8289 26875 5732 2314 17760 7243 17107 34516 7129 9540 10455 14802 502 19080 34673 39219 11817 35967 30206 16644 2916 13038 18977 26120 28220 27109 34628 22697 35224 82 14735 16252 28201 26164 10347 7336 5706 24445 11131 16558 34505 4693 32083 13930 26234 35841 36523 35565 32702 35367 24515 15306 1303 26773 29967 24138 9831 39074 20141 39307 27626 34432 10559 39292 18816 27242 17514 25341 26505 36246 8445 4844 10836 33260 6650 36790
22494 36763 29744 9852 20488 19952 21561 9951 9002 17019 19946 37243 11369 27981 20654 17523 24160 27224 37803 10852 23469 19682 29325 28553 36106 38560 31067 3027 15465 32057 1503 3847 32558 22604 22961 16552 21692 35919 32163 21375 24983 820 39674 37119 13851 23134 19790 13101 39336 27565 21441 28507 4010 27536 4851 30896 25393 23091 16756 17040 38362 23057 15806 5903 22291 14252 15104 10112 655 38009 39967 39155 30746 9739 9672 7543 25865 1408 11201 14172 7556 2571 2684 36485 21279 6460 1181 9013 24522 32686 35761 28383 2141 17737 4435 20080 14448 14591 14274 32047 9336 23108 33906 26273 30761 30463 6467 14697 2393 19420 19644 18012 10507 29877 11425 29670 32709 19567 30303 38311 26769 23438 19288 36558 9181 31140 19700 22553 37887 39790 15312 31025 2912 39238 2965 13239 31041 19746 39014 24640 171 29393 16621 227 38127 39004 28606 13817 32555 21948 2044 28106 17299 25801 29040 12465 34622 20932 16650 12258 36434 11326 8212 14525 15089 4448 4684 13818 24687 2366 15192 7086 28681 10971 30551 15874 24590 33706 21292 21848 20374 15281 36547 34471 38457 37862 7076 13898 28945 6559 4070 19667 3417 17903 32459 38088 20321 24072 31770 29695
8356 11726 38980 24702 13599 14340 37886 26855 11925 33634 15860 12885 6916 28480 856 23156 33111 12506 25499 8568 35875 37521 31170 36880 39234 10758 5217 19292 29860 1266 11019 15717 12669 7194 2103 15277 17545 5571 16708 31461 39544 23976 25747 13335 2199 34973 2920 19973 33489 34948 7925 19467 17050 24112 39508 20534 23908 13 9065 34160 24834 22740 20598 12613 19775 17881 35625 5797 39328 13998 38812 9779 7770 28696 28306 16270 26803 34061 7185 23623 37072 22880 22831 9933 10463 4060 27150 23583 16750 34466 14360 25442 4550 8739 21936 24825 26994 11196 18072 5527 23589 31955 39714 37641 14546 18808 21738 20821 6677 26813 23746 6623 23047 1214 29401 18799 32183 14791 4871 5906 38333 22914 6796 24511 29047 19998 9899 9876 17618 6803 5196 16233 26478 30630 15891 11025 12193 38931 30037 25089 28155 3828 10370 14066 38510 35957 6242 689 685 15033 18310 34052 12721 661 32452 6229 10739 5724 17063 31051 34753 17978 37370 3379 36203 23224 38489 33448 24446 16170 34173 18146 25390 32192 4573 28108 9368 36856 37870 25855 34112 27521 24757 30568 38555 33232 36765 14750 27900 18388 33668 4772 19732 5931 26687 34264 29718 38470 29214 35140
9161 22231 33988 19431 20867 23824 2644 12888 22665 17801 23215 20506 21774 32346 891 39643 27124 12355 31410 17902 23453 13384 10038 20256 34236 26145 31242 6680 12579 25937 25991 8084 38119 22356 33692 3042 10890 30100 8312 11198 11762 16920 7072 19350 1821 16967 29051 16751 29905 36944 17222 20646 30143 24743 16784 6604 16213 11973 17992 19649 24050 31808 8694 6556 7938 7291 32149 26340 7435 14668 6707 25871 28264 20339 23249 32235 31290 19176 5410 24390 31279 37339 11803 26572 28676 3198 35727 5711 37395 27574 18533 6742 12249 23566 11307 23448 26877 22237 20586 6386 13266 10253 36873 13017 35955 11798 15838 15250 39900 6171 13839 26786 20398 16463 17204 9665 7820 37817 35110 545 2293 38288 10793 31173 12628 5322 34613 24870 25122 18025 23133 4292 11893 16884 3106 21626 35178 25366 24562 36198 11452 33256 24830 3938 16680 33866 28932 26415 1356 5018 27963 12889 16227 16254 7300 9830 21670 1762 112 30904 11433 15427 31965 38570 28130 13414 34716 1047 15095 10305 12242 9222 15794 30629 35042 33746 37563 10708 19944 15678 29791 17584 34184 4728 11205 29916 516 10530 14665 31044 24334 14985 25104 38763 15553 17944 23431 32665 4468 877
32934 2013 32719 29326 20468 33960 20975 39934 4351 20383 35094 2680 29059 7651 34489 31778 38392 15885 15142 28966 3904 13514 1668 14058 24229 34996 8359 10430 37398 4349 3299 26527 19045 12527 6451 26910 38305 7121 33193 6081 37957 6856 620 5530 20738 16438 25189 23325 29131 26371 4793 36430 3093 37818 15849 10166 1421 24796 8060 7656 8229 15530 22428 36962 22706 30482 6801 751 26027 33003 13633 37619 30124 21497 5911 31882 6201 18767 32338 24096 17274 11787 26 2578 35947 36727 26621 17153 6227 31851 18350 4945 3946 24338 36722 11005 20954 38006 35023 23396 15955 29978 24844 37808 10002 10600 26559 30470 21243 18111 22186 37178 27673 37950 19824 28191 20419 8199 33013 35563 20872 39393 7188 24683 33389 15323 19293 34384 38991 4194 3249 29083 38163 4140 159 15435 3048 19506 5308 33599 23102 39224 4444 1278 14167 7560 3251 1688 5935 32572 24067 3981 17798 31833 19177 1134 38509 31043 7728 18200 37454 28311 12013 38958 20918 9350 18566 28282 36005 26374 11907 105 6239 13056 17611 3448 4244 18930 12221 20152 22259 7413 13117 22422 29875 15195 8080 14412 19515 17437 34370 7772 24959 26313 24280 19036 15072 15215 6059 1588
37276 37375 38277 37450 32210 10063 13952 32630 3920 15995 6629 6858 6374 8019 37666 24855 11039 2687 27884 11849 38016 39899 23399 5381 28167 28525 24126 4050 15899 18098 5131 29049 9499 28970 39979 22812 38155 20278 4064 5579 31443 5965 33416 17865 28364 21106 13022 30372 33805 4190 16470 3113 35005 25601 15637 31287 28103 32569 38852 26888 20457 17956 33788 33323 18461 29588 8440 12994 29358 1022 32038 31121 37245 34751 27779 22879 21735 352 10289 24337 17855 31221 37541 8206 6298 21581 2882 9226 20671 3754 37964 34563 1284 34365 27652 23377 21463 26703 8510 23556 20406 17335 31155 7325 39217 195 19280 34347 20454 18245 32333 35970 701 21218 13726 31899 36956 33878 10531 14514 3640 26734 22897 14745 26753 2857 1529 30866 3545 24152 13915 4450 16151 13501 35041 12189 39470 25688 21835 20595 11566 37547 8065 28733 5052 24226 26416 19560 34866 10803 1920 2616 13178 7987 29202 28468 25774 28293 29934 2842 24721 38651 36317 17415 20551 17802 35471 23159 26609 6048 11182 21324 6439 27139 29590 32404 15370 39228 31512 24984 34230 4506 20172 32726 29152 35569 1210 14378 30308 9289 24723 13866 7589 33386 13587 23789 6911 35022 25908 38516
6667 17166 18899 17163 30765 2206 38265 12204 24397 12620 39068 36450 28715 30220 7197 94 16025 38194 23414 22627 946 19079 10776 8141 15213 21588 34793 25469 73 32782 39841 14545 38320 4161 35197 288 18536 20086 798 35773 35554 18173 6282 38110 2125 39204 2639 19932 12374 11576 14890 705 5586 239 8599 28376 22240 38197 34128 18168 31651 5936 35485 28678 22006 7482 25691 7846 12612 36512 30559 14848 16287 14876 18348 8481 38243 17815 16491 33893 7236 34326 6430 11151 3851 7318 11049 5001 20188 14831 31926 28574 18668 13625 29889 32296 29801 33324 13014 23865 21510 35655 7538 6435 21156 24693 9110 22296 23964 34309 25482 28693 9338 3630 21767 6164 5030 12420 3701 23885 20106 16733 6404 33894 35474 33374 38343 39388 2202 36017 1933 17746 6309 24343 9395 2738 23983 19771 35968 654 36007 7892 38586 9889 34218 29585 36421 487 91 15179 12736 12668 35328 21185 21404 6522 6954 26982 38111 29236 38001 5458 22133 8412 20648 23043 2877 4216 609 33910 13267 11596 3558 19713 25418 5016 8792 7340 16022 1500 28720 11854 14040 36318 2792 13733 1505 39999 37125 10916 11649 4704 27100 4011 10067 23254 36333 8463 10172 10427
1462 22051 17842 15814 24754 32967 30315 29144 20631 24324 25733 4912 39172 32693 30403 38493 14483 9332 38727 10608 10456 2076 601 1247 37001 3672 15107 21887 4182 6587 31271 17400 32798 30657 2386 38356 32398 16162 31913 27034 8907 14788 3206 10775 33523 33799 10881 29982 6449 4086 33836 14694 9140 10362 5930 10095 33795 8961 9232 35511 30281 37150 15674 21409 6047 27597 34199 18251 25878 10479 32942 37612 35369 23842 28280 37566 5048 1567 4146 152 11237 34534 38736 16778 9157 5616 30509 7948 13374 10605 38568 15154 5813 19454 28057 29847 36846 27137 34270 22060 33809 6450 3957 24391 15448 9277 31875 9343 14743 11188 19900 30239 12830 20355 26426 31709 27689 11520 28912 544 26567 36338 29671 15024 6419 29602 29178 32674 39981 31513 2899 37549 19941 17601 32017 11447 18272 21204 26506 39678 7922 16504 24647 30335 4534 14358 8294 30936 3693 29485 3004 380 10638 5956 11316 36840 12291 28839 29004 25781 39866 8067 39732 28738 33440 10373 33902 8569 4583 14999 34231 22743 27369 1049 1413 8500 5117 24800 5070 13878 39537 18608 13756 33033 37199 16269 2661 7771 20293 9296 19363 17758 11190 17176 33352 22074 35329 4496 29633 20665
31544 38224 35248 22574 11875 8023 16421 13680 36677 15164 5388 11048 7470 5340 36999 19428 17225 25225 28850 31864 10877 31663 17408 4130 38855 8156 33270 20742 790 18755 15949 14680 6012 32889 32878 35395 30407 25927 7514 1458 35738 38558 23161 15651 18820 28010 30504 28871 23223 35063 24732 8104 29101 35377 29631 11846 15232 36404 3139 1861 17451 28836 34708 25429 13732 8845 21150 30901 21979 39426 19674 1731 19253 5603 9447 15952 423 1579 8300 31757 33251 35029 81 27993 16215 21155 16718 18948 23458 5432 10973 11095 23534 13030 36525 28758 6468 17840 31954 28555 11500 30014 4870 21873 30894 1970 31353 27733 29764 4836 36546 38394 20132 37003 14443 24547 34440 38279 32018 36073 31206 27868 22944 22791 10730 14492 17333 33580 7109 13055 6986 1837 5587 13888 7345 15621 3568 21438 27577 3303 1227 21329 6379 36052 22980 13124 6996 8525 20434 27209 19838 2846 18499 14381 17115 24877 74 15255 27596 39106 38976 10318 26914 1676 16587 1442 32073 27389 19924 15459 5518 38663 10932 25451 18604 37215 291 10899 10299 19609 33837 9927 24136 909 20651 7352 37381 20762 12114 39933 10810 6248 18004 18335 39368 4312 11300 29675 11674 27915
17443 11148 39632 71 29846 14068 6120 21846 4976 1288 27428 15940 27823 26406 39365 26663 11263 24340 18859 23402 5293 18547 17208 2287 37496 5068 20440 28880 1738 35568 16144 13994 38237 34689 37676 4168 13655 13428 33793 1791 31977 1881 31315 37497 626 18739 7457 25034 28433 36323 10627 34737 19057 32636 164 25820 30050 29153 14225 7307 33479 22679 4673 27032 25101 28183 22587 11179 27502 39904 29151 23049 26598 30129 39730 7952 2388 1931 12790 15633 37627 36296 30145 4737 14508 13550 11267 39819 38120 30578 21896 25331 13975 1884 9990 10902 20689 12543 28160 20894 13567 7732 35194 19482 1162 31475 27312 35472 14184 15185 12877 32028 39892 27332 39872 30462 35676 23692 33311 6433 31568 28164 28478 38522 6078 9118 29276 19125 396 26733 12688 30255 33128 24383 36820 11120 23743 32229 6215 33532 1194 5793 22702 4865 28393 11946 39331 4109 629 15812 3348 36320 26610 37159 21064 32777 7861 12451 6738 10039 12529 20150 28228 27038 25952 15178 28754 37596 26927 23864 21545 37437 24104 35680 2808 10482 12923 3547 11106 38797 23909 19854 57 12432 23893 3474 32957 33544 39089 20329 32739 20729 2767 14747 8882 542 19916 2296 23781 34845
36603 31551 21142 9147 5595 38862 13984 34743 8195 27252 15506 6693 35407 12281 18132 20493 32066 25047 29603 25719 34500 26392 35241 20331 12407 15862 21136 3801 33886 23310 21637 16453 27821 32730 39878 2600 10862 36498 7808 27914 17094 19039 39115 36929 21830 22351 7833 27618 2010 4593 12301 19437 15120 14908 38538 21673 8983 1381 9347 133 2053 39736 3211 10598 35464 39995 30869 38571 8003 37365 6414 28189 8801 23913 5951 16100 13978 34322 6853 27827 33760 25000 16950 35143 1345 32491 30211 1674 5886 9003 27231 38415 34625 27071 36752 30842 1965 13559 4124 25660 19984 34627 30256 15516 1754 12082 7281 33105 27638 32252 29451 27653 9346 7004 37677 8314 13690 7935 23662 32509 4039 17471 1014 2546 24157 10721 15388 27589 27849 34579 56 459 1096 28207 9250 30061 38732 16043 19716 17813 25902 8472 4807 32708 33961 30723 36392 1828 17421 4553 29284 39398 22104 1308 33201 39072 27568 12049 20850 2784 37463 26974 31608 28955 32842 5889 658 31032 25665 33312 18186 32617 32302 20094 23544 10154 19711 37605 27706 28785 1841 28634 5427 30085 15092 908 1485 30059 1824 27018 6562 1533 39390 21520 2641 22300 31197 14419 28927 10895
407 39273 30864 31806 10729 4012 28455 257 13986 9700 7383 8785 26751 27251 22935 2550 36219 5636 35366 39566 7813 33912 23896 26356 27031 8246 11159 30056 8313 22801 37433 19714 5880 1058 22990 11797 23372 17747 38636 12261 39972 30270 10471 17269 33527 3449 7062 37471 28650 36141 19575 7721 27195 30632 25357 1406 28318 36961 31528 26791 18605 33676 37508 20165 39783 21911 36413 34225 33571 27637 32309 11181 27301 18082 7003 35266 1159 21189 18317 20485 10593 14091 26389 21993 16181 7507 23423 37477 24492 27382 23775 18303 7123 34098 2620 17861 20861 28695 32408 29599 691 6124 25870 21374 19481 30309 15763 36693 10319 33762 5148 10546 31305 27106 26863 33395 19105 22015 1672 274 29770 5230 33585 17506 408 39020 23380 21469 37005 12751 1060 12250 26101 27266 10446 11639 33262 21392 15275 1240 25369 5079 33575 23099 15960 24109 19109 16469 20422 35535 8941 22317 12988 36788 21446 14165 8789 22502 31326 21723 14918 14584 24715 2424 22866 26606 18218 39775 21806 20976 33253 3465 37090 17097 36652 14803 20999 3712 15529 5116 39916 27381 20732 16502 10048 4975 4469 16353 34972 19894 20682 37624 33390 25539 12861 39555 15962 14884 24926 6660
4120 21389 34794 37366 24965 37851 18779 1100 773 21352 23502 11593 19038 38069 20279 7298 28218 29977 31459 10462 862 24046 28251 24082 26612 5676 15474 18066 30619 1934 15762 20970 27457 11669 4274 11502 4449 39936 35454 14984 4099 6261 2855 36506 885 19670 583 31416 38537 33699 1253 7923 32134 14457 37481 5705 4180 36362 29869 31655 14425 14021 18149 35895 672 23679 22807 17099 20610 18851 30628 30948 23123 31660 30112 38260 16112 11197 14544 13932 18737 18058 24508 16229 3866 29238 27913 39033 15546 4609 13159 29705 6019 24845 32988 36109 23572 9484 17109 28065 31600 8653 39357 11260 4787 39825 21255 736 15350 16137 37438 2372 39012 18391 6630 33046 37810 30736 7096 8383 22799 518 6533 10943 17538 18852 38798 35326 4409 11997 15066 25744 14934 10003 5426 5618 16368 12604 2967 10750 34082 34174 14681 16900 23961 37613 8064 30982 35265 24899 1220 6590 19634 22806 21558 26143 14087 22081 30814 17232 16953 9189 26001 28165 29621 19183 974 19687 21385 21710 4167 4714 25491 16403 7988 27527 18311 38699 20126 28458 34341 18279 28156 14152 17267 9144 26522 8979 9040 16000 34091 37654 10974 11814 31411 14903 1443 26225 14550 8244
26255 29596 33360 3289 7406 20040 5762 27705 36802 25868 18367 18642 10268 19818 12327 28829 35897 10090 32331 5914 10959 17659 1737 39473 3787 39051 20989 30184 35855 13276 14899 29963 35013 5090 33776 10549 38011 31105 20518 19800 9057 11343 28374 27955 604 6294 9200 34187 28302 37344 7639 10262 14233 7816 33299 7636 31779 22429 25558 5192 7671 5332 25906 9862 37975 24919 24517 30658 7259 4983 35301 20210 34656 18742 35732 33608 10407 37251 6958 102 29357 20041 13359 38142 12382 8035 25313 12457 24548 34179 32093 2466 9068 4843 37524 13575 21082 31428 3270 17203 20163 8328 13896 9229 1306 4917 10042 3018 15735 24655 834 12194 5864 5606 36346 25283 37728 34511 17844 39064 8480 562 4527 35189 410 14181 14017 24775 13048 37991 15914 22305 24302 13906 31784 8295 14726 7496 12390 38307 12315 37036 19047 19504 6068 39891 35707 4443 3122 10915 36482 3230 4357 6760 19390 21877 13540 9936 39325 21094 16493 26895 35739 10610 1415 38981 20258 7219 29324 25177 24629 8965 32894 16907 38684 5679 16759 31764 31971 38714 14692 31196 2901 1986 18051 24900 10819 32700 36816 31441 1748 28856 6179 8110 22444 26169 14440 26476 18112 16210
8038 19444 4638 9422 23015 31359 31895 8133 30021 28048 28939 17305 14468 22865 31962 35296 18972 26099 12433 1182 11226 2323 30874 16849 31369 25680 23011 39742 37778 34217 21543 36183 19969 17126 37662 35584 8938 9975 15317 24178 1294 16674 11668 2270 16639 20822 31942 4925 6471 33600 23709 20928 19703 10660 16819 3666 3020 20896 18601 29800 2735 39935 1878 35674 17937 36288 11194 36113 31830 16411 25388 31563 17769 5172 35059 22640 27208 39446 38828 15772 1680 38548 16063 13398 14812 36195 10009 2 2937 39607 22993 32600 17188 354 29481 15243 192 2327 23513 13794 28347 33909 28414 18417 39887 34228 35611 24623 13648 14575 38954 16051 37752 12823 10900 18757 26332 2809 18457 38680 19584 26186 33615 26513 4921 10056 24592 2116 33434 10424 27690 10087 1129 28494 23484 16945 33427 11510 22195 4509 17169 23033 31549 29255 22204 13010 31365 37075 1429 17212 29523 16955 34470 36187 6142 14247 38789 16510 12179 19786 12903 656 30545 5029 272 25474 5624 988 34749 15386 7578 14840 23786 2670 7596 6934 37973 6478 6382 32172 17024 14292 35262 17228 38020 35065 14149 34693 6820 16569 26991 9971 26762 22790 9440 30417 11867 20864 20787 449
33140 28870 37466 26368 31856 12768 34038 25917 36239 27778 13768 29505 7767 15294 24241 9410 12598 16597 30694 8946 34469 11464 3286 7895 17487 1203 20423 30397 10749 37683 20204 18476 3003 27523 27203 4996 16935 31131 22245 8733 8921 19371 4571 29093 10913 15105 6840 26442 39563 24700 26114 4304 20813 2186 36116 10557 1548 12907 24020 2648 24281 13815 2001 9061 6155 30127 19290 26257 18766 30278 19874 8790 23996 10256 14992 36698 491 29771 17579 17080 27027 21321 31058 29472 26322 35851 4830 22929 36020 11840 12816 11072 14923 37750 39499 11964 23074 28728 36521 23715 33972 10675 3244 32989 16324 30110 25459 20882 23098 27526 7789 6947 24331 38099 12737 10838 7266 13382 2101 7142 18038 22303 4719 25381 36124 28373 37628 34975 1573 4022 1913 23537 21577 7914 14208 29290 21769 2025 2623 8495 20626 21884 596 30512 26811 15729 16201 6492 2078 24459 2089 21681 31357 14590 31546 32356 36337 32167 9073 36090 25117 29020 7273 3973 37988 5456 10280 23761 33174 27670 3269 5304 25827 25196 16148 38065 13969 9570 16276 7745 35710 17483 33267 29392 8128 25934 250 17089 7581 29948 12799 9655 25253 28464 17734 11685 17265 20411 8741 28706
2555 9288 10558 14213 196 473 26729 15811 34337 25698 12769 32227 12022 3713 33901 32790 37351 15499 12296 33473 17931 15481 18351 38615 3883 6254 18387 1007 26105 39536 35595 17117 30009 34522 12562 4207 22764 7171 16319 9318 19110 34247 21069 13979 25241 21478 24148 38308 21537 12214 37623 35603 10094 17660 14611 39277 17713 31580 33487 9549 22084 29535 19494 1259 26477 10618 17809 489 10105 30327 8972 21394 7676 27386 6784 15482 32596 31731 7179 11258 12325 15965 24869 16593 7945 12921 7932 2714 14240 10787 13871 25452 27727 39528 20322 5915 37859 8403 39983 12487 30035 17455 23547 15929 22580 27630 3311 15405 36738 33914 5187 37458 10643 31888 10554 10498 39856 32423 16981 3613 3241 7793 16044 19968 37841 24398 21706 29831 11911 39268 18752 10903 31813 6089 23455 2462 28100 32746 30447 39193 23150 25239 35825 35830 23703 3711 3404 18581 27425 38027 10272 35051 33410 33853 24428 21 35735 17512 19041 13927 19971 12972 19651 39212 9786 20180 21514 20060 23477 27174 11202 2052 7823 24854 17517 16554 6632 33900 13357 7819 3077 24598 14784 11937 32217 21568 6231 10800 39201 17121 1165 8158 37672 429 4920 13395 1702 8797 29489 7451
19149 39044 23981 20053 39800 628 19347 31817 36828 35916 37195 18693 10839 4030 26971 1201 12867 28250 18965 32412 12853 18974 8223 30585 5000 6482 21325 36157 24248 2794 3229 28885 11812 23356 3076 11661 1751 29112 20153 19807 7617 19588 1963 1936 26495 39227 38955 18097 34248 1053 30670 38816 5859 24563 28445 13612 22155 31374 34395 14366 36819 4507 20717 9746 16764 2745 14935 23227 38891 7751 381 6741 20441 39990 27907 9709 37709 5329 1396 21401 187 22833 39052 10133 29032 27867 39225 2266 36494 30328 8014 35817 32743 32084 9891 9807 24358 23951 20221 34339 23714 22122 31571 23857 9641 15846 12111 16521 16041 32289 21214 2994 30985 12714 39419 29423 20991 37770 5008 14765 16088 32531 4491 39119 33925 38494 23911 15919 25730 16816 36476 4664 15447 12163 11109 15677 34234 8293 21434 11624 9539 6470 39747 22651 6301 9135 36230 7678 35589 11731 7134 10011 38977 16120 18073 1666 5474 30387 8374 8592 32275 16045 28605 37694 23158 27434 20215 1074 1620 18178 24086 8991 9648 2220 15799 30766 8138 19724 31672 36516 13013 702 12237 20266 5462 5235 31735 30008 32787 20140 2911 23596 26168 2391 20032 30096 6138 22824 17119 18300
20303 11554 26722 25228 31175 11391 570 6305 35752 18210 25625 24909 30012 4966 9749 2624 22064 17822 23092 17791 25251 2473 31272 29248 725 25181 4410 25298 27313 18318 24993 1482 33115 35872 36428 36457 7783 22678 14605 38484 21465 35387 12020 11855 35800 8304 5543 25147 29711 30730 20323 14281 36397 2063 31508 27158 35805 23420 22114 14817 17382 19035 14855 29249 37597 28612 36027 19487 2497 18106 23208 14398 29792 31333 15456 17079 4819 764 2129 4106 20114 34129 12781 17753 34986 7863 20022 29456 29315 37086 4769 7327 3485 6417 31364 33586 36902 11650 8727 14675 32524 28079 6275 4520 16498 34490 4783 18244 6516 35545 7818 8563 33001 32042 23593 18778 9773 7358 7405 29355 24719 28481 16964 32773 39858 39868 39961 22269 4467 26190 32837 31430 8318 19443 35772 21486 4881 38064 22648 12062 19485 27917 2513 38983 31801 35237 30784 18663 4393 12147 14849 39137 35399 19054 17105 32413 33136 17241 12676 4702 23958 21108 6990 31626 826 28778 23234 4296 6224 5477 8826 37312 23238 14570 9669 10633 37210 37552 31914 19630 37760 9631 24076 22629 19202 38410 31147 29987 11699 27359 8514 37101 16104 23038 27107 34047 32294 27082 10016 38741
25379 3988 34512 8602 25626 20570 20318 11273 23219 39142 14497 1075 9180 9635 31103 30583 33745 8101 51 39474 11036 28968 32901 18493 38956 1517 21129 9168 24527 7332 21431 6671 24013 6372 37092 38227 276 4272 15981 16978 10015 26034 18818 17960 33743 8233 21546 8364 29788 35684 17711 35963 9375 31923 38529 27051 22840 17888 31871 30287 16285 5009 6501 25593 558 28371 23785 13040 21526 31621 11595 349 10307 15895 38473 7508 14644 21065 17995 29736 14113 30844 36721 33493 18339 30062 39704 17910 18063 25304 5210 16700 17599 39432 9407 54 12256 24913 25437 3594 37568 8622 11172 18292 18236 14329 30457 17300 19537 5470 37085 12188 16692 33526 8706 3792 9263 8122 30654 5871 17886 2633 13031 5536 1527 30813 12973 28718 12354 18725 27110 519 36795 5394 26719 8220 18502 32716 26931 31063 28345 13508 28097 38230 23845 31613 35808 8814 36237 38742 12958 26079 10822 8862 13569 6198 1043 30382 36427 25270 24924 35280 11563 28549 39491 5908 1202 13504 4939 13581 785 12395 24044 4252 35112 13803 25966 14141 39804 23520 17733 15526 27239 18960 6160 32006 27090 7010 1894 18017 30272 6071 16161 39162 38613 24357 30688 27354 3555 21346
22871 19423 11455 16473 34278 4918 29720 16200 11291 15050 24232 4766 14166 37620 22971 8945 2124 38480 17856 31510 23367 5335 33559 35466 27421 18853 25786 27073 23023 15793 3201 35713 12984 25014 39069 25059 7992 11499 36465 4418 33183 39581 10250 7278 12800 38701 8378 8211 37273 11963 4872 13210 36039 8348 8460 34543 35184 33461 20567 11527 26723 24310 11953 29353 38453 11553 38888 37979 7253 6981 37594 5180 3995 15657 24577 4365 17958 13796 19987 25065 20384 13788 8047 15964 25146 16516 11356 309 22989 1570 11141 9079 18875 33129 15202 20396 34345 18758 30208 15121 27431 2376 35557 22042 1190 26393 21172 30541 2015 21640 4863 21658 27328 27454 38498 26480 5766 6074 7702 35373 5364 15156 10866 15698 35210 26759 2754 33643 37493 32433 14118 28195 26217 26400 24290 5655 30508 19823 2934 23821 36423 8108 34718 1459 31127 2711 27014 29396 37617 8140 33946 12088 22120 12129 35128 11387 3865 14929 5996 15238 8297 30091 29273 1076 26251 26365 16426 8071 29914 30242 16948 24240 34276 34856 25817 34078 12209 18384 13990 19507 13387 10594 7750 5339 23545 6933 25635 33403 8740 6875 3512 28677 5541 23463 23796 10968 26453 11220 28205 30676
4345 23055 25550 7598 36100 9153 27067 38419 13592 39098 22915 8203 29000 7627 37681 37304 10320 22179 23968 34215 26516 38697 18662 19370 22020 13785 3623 31786 14471 14682 9361 25624 34682 20131 14354 16607 28653 4896 30689 26866 19043 33143 72 9028 30648 24193 6030 3147 37124 9639 30802 31193 19822 35640 22924 38752 4428 17150 34655 18045 21686 5591 9960 4088 33710 28855 33774 15747 1596 26988 9372 16588 20950 35652 11377 30857 12539 2074 24915 38486 5100 28746 20623 14003 8466 20621 34324 25552 15902 12491 20594 38779 8593 31031 7487 4082 15967 13318 9948 23829 25710 12922 34754 10782 3688 18291 16023 803 19847 8258 3841 10499 6489 21831 8815 33082 13630 30371 5961 14365 2235 3045 1954 25426 17102 831 3432 21565 15970 35665 22267 23281 6606 24439 17952 11041 21151 25889 35423 24095 8137 1206 39787 28212 16667 37144 7068 20046 36918 34930 35086 2084 12329 35570 37834 25584 9054 11482 2333 30829 16875 31152 4663 7245 23827 17980 451 5555 32986 1313 31421 35840 4833 12003 2392 23656 4907 6964 23036 8325 35720 12884 2521 232 36825 38449 19048 26427 38091 14906 23882 30873 29118 2987 17615 24205 34443 18594 36176 10110
22307 5531 39260 30662 32964 1593 6586 4456 37615 14363 3463 14276 28776 33049 24239 6067 25882 11557 34344 8039 24726 39538 17357 12680 20191 969 21018 35287 37448 18679 15673 17909 31769 38713 39116 20162 5610 11168 27775 4794 27329 26615 10685 18509 30007 774 2511 23413 11121 36653 33704 18403 33321 12134 38048 5077 38297 20844 39427 6793 39165 32359 35363 29845 760 14014 1464 18929 34493 10141 18326 35933 20558 14036 34399 36018 29835 17158 4493 16203 27314 12413 34809 8542 7450 4440 39404 35391 11013 2416 7433 27661 31496 20952 31831 31880 25095 8311 31259 33983 9898 39625 36714 33449 25359 19313 3677 16089 12394 31994 22846 15022 20367 30071 23373 27541 12387 36336 5010 27762 15652 10929 18657 18815 9129 10211 18653 28242 32525 25994 35174 30312 38083 18602 1639 23187 35067 14023 24859 9089 25858 26973 6007 2826 10140 28131 32310 8933 24478 21515 7105 30768 38414 7998 27967 10450 11344 10380 37341 28279 36110 38051 35960 23349 33932 10338 24375 25571 7124 5653 35785 17403 2703 10404 14811 24586 7275 24395 38353 3338 16522 35123 3323 37815 19545 39618 15600 12977 33962 2925 20923 7766 31086 30572 22439 216 35319 15928 23337 18000
32037 24154 14154 26784 35551 15785 13524 18552 1145 19632 12108 22394 18880 2470 39966 21758 16944 30428 23652 37229 27879 7533 19373 14013 25650 38481 12849 11481 23225 3146 38399 32923 11247 39092 13510 19538 13843 6153 15598 29500 8191 19733 9767 20313 31897 7218 17233 21611 19750 8812 20737 35109 34988 35878 13515 15262 18268 33588 38850 649 7740 11007 18048 15770 32 37517 32884 35912 22828 25261 38462 17586 16582 15764 12931 31438 26833 38459 7790 17214 25802 24878 33859 14664 13062 28285 31575 36786 25967 15904 5790 29746 6220 4652 32796 22810 3168 28017 20027 35624 8347 8649 5574 25479 33023 27181 15543 33543 31690 2662 28946 13572 17864 26449 23191 1538 18940 18983 21614 2282 7356 27548 2489 27284 6735 6226 7822 4006 10421 29992 21041 18312 5949 21464 10796 9194 35211 29524 27729 16656 9487 10057 19268 13152 21616 24552 3339 27709 29109 16096 14157 21081 34123 31402 27830 34626 25897 26102 26861 9359 35760 35413 2379 14380 19096 18026 32784 33296 3919 19279 2038 11722 21600 15363 37701 26088 26671 14661 16494 28848 10292 24498 13440 38595 3399 33051 29738 7562 32159 12647 39626 19014 9793 27378 696 18529 18018 12146 29154 29958
38273 24889 14701 35103 18174 7524 19701 20273 33234 24589 6143 20500 36031 2603 23666 31325 23751 1805 32671 13920 36347 21196 33485 16036 7955 10523 39734 21037 25790 20908 5768 37282 39077 12025 26520 16197 2224 7028 27894 26766 33414 2750 30375 321 4037 20246 4389 38694 24604 25423 175 17231 32116 24903 20044 36522 25561 9266 13560 25764 19287 182 22262 10570 19625 30846 10218 7 21467 26420 23507 29949 178 30342 19316 2950 28737 8920 9364 38581 34438 36943 7835 19979 18618 11572 36398 26724 27997 31758 21892 37117 18252 10375 3699 11955 9693 21139 18164 34729 26052 31308 13844 25218 28519 11334 18341 9197 3334 37407 2854 8433 35356 10246 6859 24528 5749 36565 7723 29513 24347 36155 16190 37456 36081 19094 19794 3156 37962 11910 37635 34606 4986 20688 4391 34882 26498 15802 15488 16060 37575 20127 34893 39255 39163 4343 31555 20978 16373 13905 27562 6245 8094 29879 37512 4797 37476 220 3970 32304 36306 36889 22958 27633 38306 28532 28943 33491 18238 26552 7031 37953 13447 676 13636 35515 379 24871 21222 6865 29100 2274 22460 31668 26148 12279 5895 17627 20845 19184 12720 16688 34110 18656 21105 16785 1144 11687 24595 8404
865 5405 33238 5893 3402 34331 16865 38192 307 25653 11709 5155 4887 10005 1499 1374 5861 32515 32888 2552 13074 23597 14702 12756 1819 39130 9062 7304 13769 11211 24228 24153 5952 21141 13342 21932 21689 2451 9651 8773 10032 18917 11395 31539 6349 5554 5897 13379 23128 26614 24063 33016 21318 26635 30837 29687 24190 23031 37871 18425 20300 9955 30683 23608 5806 33737 30923 3098 17637 4984 27010 27910 2257 852 10144 24479 17452 20812 23587 7080 24864 18907 37711 31972 27699 8860 15339 19754 36553 8634 16315 23486 28824 38024 36979 10533 26196 27524 26072 2838 37267 28146 13015 13535 7606 1943 3929 39836 3514 27590 5684 16472 23371 34028 26344 21415 11473 18530 19333 2783 688 12520 19178 6724 23485 15333 35438 39013 23446 23202 35300 15741 6234 31876 12976 27880 32164 6072 31183 23357 37562 16507 3499 35685 10382 6950 25119 38858 38834 19259 18414 36746 19548 3274 3444 15158 12789 38649 11994 4639 36538 38992 36199 14431 2294 20851 17541 6319 1268 23460 30748 36201 13722 19382 716 12240 22341 32354 23540 6785 3124 34330 2157 33755 26870 10991 13602 10574 37478 23626 31745 2708 23169 1326 37800 36762 22677 25373 17852 33828
29405 17857 25875 16972 9695 31565 36276 1607 11314 13745 9233 14770 26731 35412 4323 22436 34701 39214 11876 33494 28560 32749 7279 20231 11622 21208 16350 3368 8891 37824 26942 38257 1744 4768 25891 39380 10954 15090 20307 13947 8998 10578 7274 31614 20244 3626 2802 37233 14946 19270 28510 28431 10826 29441 14321 13502 22232 7011 34819 158 7729 13558 17663 21369 29572 34784 12481 24667 17062 14676 26296 8673 35437 15219 19010 30610 37337 18645 13289 10540 36057 34584 14627 29182 28474 7756 7288 24023 31154 33918 6397 10733 36842 38611 7889 20873 7620 39758 4662 22222 24710 32120 4398 15692 23419 19315 33729 33401 36766 8055 38291 34391 20157 6861 4110 38263 26402 19611 7493 10196 20764 31069 37766 37434 17651 20707 27404 10366 36731 13955 1520 29133 3857 38491 9942 24196 9610 394 6898 9486 29725 20203 23694 25757 17841 15825 30113 30590 24777 31212 6566 4880 34905 25345 9721 35034 34152 33592 39645 21679 38422 36937 36021 23286 18762 642 23273 34574 4580 34840 19115 16499 5487 6831 12753 14625 23791 37793 4715 27324 15466 35804 16987 4951 10277 1834 17005 32902 39306 30701 6502 37201 13890 27221 8590 24379 5508 19335 26454 37413
37867 8817 28215 38450 22639 27400 8903 9704 14082 31215 2446 30370 10398 7701 3937 19309 29816 25094 9009 3607 1611 30285 22182 453 1868 14538 9556 38899 14579 4600 4566 5583 2922 39318 34548 1924 26822 34618 18115 36667 8056 24031 23954 28020 11241 25078 28520 15688 26411 1651 5481 11436 36422 25846 14255 32153 4361 32476 2777 39755 9324 8153 23732 15313 13286 18559 3783 24159 34070 17994 32561 29611 31804 28789 7858 36381 8978 29119 26569 8786 14012 6216 19616 31397 36402 19159 31450 14954 31452 27356 2492 3684 14254 34818 8890 12377 20563 30074 18760 29577 5503 14285 10591 34307 24211 732 35398 11859 37037 28670 35613 9922 27763 16585 5681 7335 3582 35001 17132 3464 34659 31074 12820 35890 34480 16513 34597 20713 14707 18956 18393 36217 860 39960 27506 14688 27470 27843 24624 19092 13778 22230 9973 1847 3766 24704 32892 17164 13352 35230 10025 37002 30990 38634 5098 18655 18819 23442 20773 38413 5159 11809 39731 28483 23164 13639 35127 31987 35090 6193 39968 4413 37329 2075 29556 35867 27814 10817 20028 20243 2153 23193 32360 12483 17327 15172 38339 38232 33356 12421 37892 5036 26154 31904 2460 9664 25375 5005 12162 1121
22600 9066 38102 38004 32102 39391 32288 30392 28767 5804 34238 20517 31278 29593 29852 17479 25612 7242 21683 34804 33190 24425 17377 1435 32337 10129 22371 25647 34464 2196 23828 7404 26975 16408 39071 23418 37797 7782 27746 31455 13427 29755 16876 36594 1269 4585 3486 29843 35910 271 31332 1761 36854 27283 225 12502 6817 26636 22984 33348 34610 6656 7216 6424 17070 27308 39131 8702 636 24662 1178 26460 9834 38766 279 1405 24772 26593 25476 3400 34586 3880 25629 31094 9796 14674 23174 26110 31908 36025 9454 6461 8670 2067 33985 7079 8125 31323 7919 26860 18920 8667 26123 33198 2868 35044 38987 37633 38814 30599 30426 3253 31417 31251 13977 27056 14852 12318 8162 7146 9212 23369 20373 32186 30151 18586 20559 39658 16536 9977 11805 30437 4316 34567 32127 36549 7320 12530 35150 28021 4521 37093 13694 24293 1427 16514 17480 39316 9690 34353 14038 15910 14001 20640 26375 11223 6914 19325 30921 4018 39001 25946 23364 10176 13643 33399 9906 11100 35994 3194 19571 20098 8486 23595 19735 20525 26353 8724 9915 36024 2436 5069 35286 26503 7619 33011 11751 7268 24706 17361 26409 27515 22273 16114 38012 24785 26136 36165 29141 37885
13681 286 24779 3728 1870 10192 7100 4117 11406 22537 14524 33750 32768 18429 28537 5418 12549 32906 38654 10979 30758 29121 33443 24012 17133 7463 39557 28448 21641 32233 16236 12495 2042 2350 25105 37443 3656 37128 3078 34788 2904 24846 26261 6644 36862 24902 4868 2048 25088 16608 22169 32567 27668 6714 39058 30154 15205 28588 14631 32322 17718 25794 14405 35338 31521 4174 20360 16098 28812 9198 29653 28042 1722 11718 4922 23032 31418 31837 26581 11014 8578 17764 4838 27392 23370 33897 132 32637 3178 19441 2188 25555 14821 29807 39233 38434 975 18543 20949 36119 7904 19834 22590 13961 21567 30640 16436 32498 34300 4924 11599 26290 15937 10270 39192 560 853 34928 20274 18862 36966 11347 16141 19991 26239 27875 35510 25713 6069 9322 27146 12479 11801 38188 16360 20316 12186 30793 38349 23064 35132 37031 10311 31872 11180 18635 19301 36281 16968 4087 34483 6240 23620 34494 28996 30996 5163 37260 252 7786 4512 765 469 258 7827 24530 1507 26924 22936 19989 32196 36879 26873 24161 36972 15355 7540 15658 25742 37115 29652 34914 28204 24802 4532 6694 10693 6060 37291 39448 9500 38530 1806 32043 13211 13109 5271 17304 9052 34017
5834 14810 11321 35644 11636 3840 11671 23435 26842 36011 36167 29200 30924 30937 28197 24584 28647 28357 11742 16838 15315 10601 21198 36309 31950 7502 34495 31480 13279 5819 5064 5939 3724 14224 4424 5594 25145 13127 34329 3998 10088 13324 38536 8020 2717 26241 4067 6943 24888 32266 20920 9638 2834 28389 36804 37472 1603 29504 2499 6457 29225 30449 7632 15428 24129 11332 11852 19837 33300 33500 18708 11539 25830 38970 39105 20524 5025 9321 19983 35506 6506 24018 35561 21202 9287 6581 34637 24087 18992 35081 11077 13220 30961 37856 12151 3501 34356 24576 34498 18814 33817 35221 13291 9604 12641 2621 13750 8409 16155 36076 33127 39771 33711 1569 22694 6675 32418 33959 3856 37934 35733 348 7139 38659 8354 34410 27710 7437 25247 17619 18682 39871 21807 33829 30514 36006 22955 21753 29039 6119 25297 23481 19853 4606 30959 12733 1011 8912 4541 31810 14390 39956 9294 1475 38202 22816 13082 19147 13141 27204 25284 8614 26708 3602 143 26087 33081 21513 15029 28428 997 14709 363 19070 37196 19884 38917 14961 34663 11097 39556 34544 32492 36342 1177 4610 19555 6926 38203 5582 9744 2068 15969 39781 242 13544 24648 27701 22481 14437
8081 7743 11989 11745 1893 28109 36284 5625 28346 28892 39807 3762 31204 27245 19098 25788 5441 30739 34703 29981 9888 1280 11918 16861 1860 32118 4743 1711 1691 33679 26853 36188 21944 17643 36271 22236 919 37688 33991 3523 16745 14613 17430 12253 14272 15494 39000 15843 17193 37763 28941 7901 29947 37417 37585 20995 7585 9546 38106 30750 28543 39312 39509 11231 19332 5563 20063 28013 497 5562 11215 19540 27217 7483 36125 37387 28698 22561 7032 5177 17308 36223 26007 2700 10616 36415 5006 29649 2995 39882 19765 10891 3928 13650 38859 39847 6442 30473 24553 8551 29429 1425 13033 35260 21540 22330 530 12759 17296 5096 7526 14879 35496 11800 27552 18013 38058 21428 17536 35509 32014 36895 733 421 15085 12222 28487 13463 27782 4432 11227 23086 4044 1733 22908 16385 30384 26262 13686 13021 14991 23642 24250 14683 23165 37780 4614 23217 23616 7043 22595 2951 37061 30186 21501 36750 721 33332 23838 34381 39846 4160 37071 2212 29139 13532 4616 39649 25365 32426 30259 4682 13313 29116 21563 28564 17564 20968 11268 578 4611 27935 2264 11676 24336 6296 28547 25220 37379 20501 38867 13699 21021 28152 32297 31889 964 4379 11746 22698
33845 14137 31976 20622 20236 23711 9160 26613 1037 19452 16221 18191 78 20770 29395 32334 22711 31898 20283 24525 15260 34820 27550 5800 9498 19018 33108 37777 36442 8949 98 37391 8116 6901 36210 5614 27696 39881 39120 22956 24144 26156 27851 27916 25526 19061 26664 38584 32943 31788 15409 7265 8654 38225 8730 26447 24233 36373 26607 36065 8030 21657 7855 443 16590 27519 1300 19339 5457 23863 15110 21834 32148 26750 23564 31706 5890 5033 3941 761 39663 31164 35871 32300 10185 18740 3732 26372 15501 38653 5467 34092 25980 14623 4477 15015 2077 11320 20597 22685 6531 24542 7469 14129 10790 23066 1038 9952 34342 4795 38479 39728 1078 21191 8408 5510 39189 23622 12754 771 17612 32963 12283 13187 16384 7155 20471 12419 17044 14067 2496 6400 107 16996 9750 39300 8098 2109 12047 24312 5334 14983 15980 33452 11632 22355 36395 39958 13660 7390 30484 24008 199 16383 4603 23280 22972 3733 329 277 10409 500 26749 1183 3030 31729 24266 28353 19419 27625 15578 25513 5556 5720 18282 28211 20334 31281 6526 29328 31736 32286 8795 22803 20601 31896 6061 3186 15133 5385 6128 12640 16726 6045 15167 32793 22767 5278 2587 26648
27817 4629 32872 12107 16619 4720 26172 17111 15251 13400 6576 39917 21000 34436 35158 34764 36969 13061 2311 1634 34640 12139 17916 18007 7950 9589 486 38363 19727 8398 26068 16208 22737 39440 3138 30132 39223 3561 15401 15296 38913 19095 17022 24223 32421 37578 18283 28724 10286 5367 35794 12542 29008 11298 20830 22798 26184 4283 8986 37821 11727 33766 8876 39796 28171 18961 16218 8492 20385 23052 6514 1287 15680 22582 16605 38851 9636 3309 4412 28485 8456 25370 30521 33832 22653 25556 39830 20473 27019 11342 26814 14102 29329 323 24380 22239 36920 13377 26986 31141 12426 33839 2000 13087 8406 6399 27422 37960 20202 8174 12954 5438 11338 19917 35055 38737 38044 36708 22250 8677 30620 10173 34528 12369 37123 16946 18619 17738 10754 34040 35873 17277 14053 23788 17396 21382 18943 5657 21582 5922 29076 4445 37017 14911 7271 7739 42 4138 30973 28444 38074 9190 30135 21874 25301 1233 37693 2547 35124 33735 24901 35935 2707 39188 14773 23253 30834 30975 34641 11214 20351 28438 17477 32399 38325 26396 38378 12809 38929 9403 2733 18441 28716 20299 32390 16802 37155 18357 39030 28895 23308 6561 19881 1371 5976 32000 35780 868 34267 18514
19817 18560 28805 16320 21456 32633 5042 4570 3583 26197 20750 27909 15709 14024 27418 34829 35529 27979 21967 15319 4745 25627 23629 9909 37286 29201 11161 10511 22130 30677 36575 23970 9438 4688 26701 33192 16609 7848 1776 4319 27325 37382 20941 9783 29735 5259 26777 2584 31569 31858 28765 12873 20799 25538 11451 27722 19975 18954 30093 21462 15464 20403 23793 11755 34776 28179 11848 8612 35342 39247 38447 4604 8711 33740 28439 5918 12072 32797 27305 496 37738 32690 23347 4371 3849 29177 23920 33831 21039 13242 33522 4788 29216 11450 39684 26014 22228 304 15289 17898 10474 18834 4565 30134 23779 22275 5256 2090 28846 17600 38580 13465 39280 14722 1231 29259 33937 18190 5011 18263 9691 26629 15286 19583 20596 38818 22475 31587 17026 26166 20257 3466 27622 39620 31590 19284 24166 3912 23641 23212 13579 32080 24318 35857 28573 22636 5773 37238 3084 3798 4198 33089 26891 13670 23240 13953 18717 30540 15495 11990 20663 31348 18664 14834 26244 8292 29303 13449 27545 36206 22861 1199 8968 5899 12467 35285 12827 549 14065 32980 687 15091 22691 13143 1531 15084 32181 4827 19626 36524 12326 4831 8573 7520 26029 4346 26410 19099 15 24689
22078 39048 33325 23298 35351 26673 5566 27074 1987 11384 29317 32166 18374 4625 4170 8432 15304 31527 33058 35249 27607 26132 4250 35414 700 22447 18903 39199 15376 7865 11236 26883 20065 34214 37943 36638 28592 21418 34745 10387 26985 14472 31712 2688 19107 12388 24783 29935 38821 25350 5497 17876 8705 12521 33928 33815 34810 2532 10238 12400 21213 28133 14353 23839 37907 387 32348 4835 17604 18427 23045 17827 24188 25832 24335 7566 1599 36319 17610 3826 34761 28053 25237 11128 12978 38122 21470 15268 16164 11830 4101 29768 6749 23837 4538 35577 30250 30275 10850 13067 13583 11922 32812 23008 124 5814 20399 25176 23721 14355 33056 27278 8290 37980 12544 29643 31610 23897 38881 14039 14645 7373 9163 11612 16377 22375 29420 39949 13443 5139 38776 23546 5570 31106 25752 15228 35503 24260 19526 10223 24297 17859 10576 30139 12164 5260 39479 34045 5099 28997 11844 22107 10701 28580 26647 38937 21808 21740 7736 26617 35192 31581 35813 37331 27091 4175 2825 24386 5900 6213 7102 34681 5534 24839 10785 15721 22896 31940 14619 29298 30594 36853 32560 916 24365 5726 20706 36164 27226 4137 10537 26017 32195 28590 18068 14973 14510 6441 35843 6361
34075 16330 13767 30434 1434 653 24746 19552 34756 11432 6098 13044 32843 16289 35824 10719 13452 31040 37223 18473 16676 11570 34258 24516 24476 19392 31996 5828 19812 23190 39860 1621 25756 37951 9697 34604 22368 30362 10472 28596 14093 27936 18832 29651 5377 2588 21743 30941 6989 4560 7609 18788 13719 12148 36868 23009 2034 25972 23508 12167 13870 33734 39050 28301 28052 6277 8253 6846 36072 26755 39699 21529 7555 20056 21528 7703 17472 10 14153 11856 35370 17675 9413 17199 37755 15037 7479 9895 31317 29702 28177 26810 35288 31911 22515 25132 16048 8884 23618 4826 21840 25411 12900 31611 9969 11434 181 233 25198 980 15338 4247 6126 14557 10445 16677 21843 21312 29310 28545 15410 19619 4764 30146 33246 21083 14287 13616 24071 24101 18532 1814 22611 20072 15010 5198 24546 34807 28852 20026 9829 9920 5439 23783 34668 11932 19243 28683 14135 6545 28119 31179 19879 33343 13980 29466 4815 21968 34096 21146 20903 19386 24234 16274 38620 10502 28879 25172 1590 36824 5578 33271 33295 521 37336 16202 9399 22417 33282 9387 39187 37935 20224 6767 13957 30117 37825 5145 812 16832 17768 17748 27249 5162 375 17816 13641 2569 29339 31891
16301 33892 27362 3356 30231 32623 25216 5143 28102 28226 10562 5147 3389 25718 22511 38985 2045 35995 39879 9312 1922 33611 35887 39084 30452 10926 492 23939 34555 15746 35309 13600 2615 18754 8839 13702 24128 23527 19792 25636 26138 23041 32376 38379 19246 30486 17407 6835 14243 38421 7828 31350 34664 254 5345 19480 39406 6415 30295 35831 33203 5994 3374 36074 37081 2957 30880 17157 32720 5321 24905 1624 38136 23763 26473 19686 27295 6338 10879 24685 24742 27674 30332 3325 21708 29157 1264 15808 18299 10072 4215 39124 19499 37995 22712 18746 29081 34204 15385 8365 36315 12389 1063 27062 17560 32299 18260 38368 20042 28649 27594 18488 13530 39085 37429 15188 22943 7177 33055 758 28492 27478 16856 8816 26930 26717 23933 28093 33131 32271 17891 22612 27749 9913 11242 14289 1008 35231 34305 3902 36048 34881 12454 24117 15430 31248 14596 31211 27102 11293 39741 22212 11064 38249 4713 32867 4607 38063 24939 21867 15667 970 21856 14684 31915 34651 33420 22477 26301 24388 31631 22487 5120 16272 28050 21870 24034 9365 18807 12422 26837 32722 38270 14121 11443 4347 21052 22401 23698 24156 20039 3916 21946 31859 36556 30345 8329 4210 2640 23576
22567 3073 28194 11866 32641 966 21259 35360 29181 39707 22830 19468 15224 22738 32969 11112 12099 22720 33092 23163 30440 32785 13674 4315 20527 1822 38140 19413 2820 10438 31637 30685 6033 20760 23080 19848 3429 35815 28038 23591 35225 31327 17885 19566 27366 10713 937 34316 16212 17242 26446 34841 30892 26069 12416 6802 6385 31838 2791 5596 24734 5870 36771 7869 19860 17263 12871 33080 21001 4041 18928 866 8871 16773 10384 7946 17383 38008 33825 18471 28618 36431 28906 12926 22102 33114 17307 3573 37158 38028 39164 11491 18850 18437 14085 3473 20004 28822 39827 30691 14677 39532 26675 11469 34900 4824 26198 9612 20523 9824 8285 17248 15689 111 5450 24124 4299 13672 6021 18031 26081 14146 32563 30443 9178 1057 39823 1654 33877 21011 26854 20571 8529 28440 12367 36249 29802 12666 5012 27681 3822 21712 10369 29993 15445 639 16038 1604 11062 13189 18673 9430 14797 21639 15790 28210 19254 36394 16413 4707 20168 22482 6725 8996 27142 17508 4460 20083 13520 38141 9024 724 17716 38952 7503 5872 29158 3164 27081 32132 1541 36292 15956 4848 13122 12584 28144 9816 35826 13566 30675 1629 19789 605 18086 26889 21270 27920 19322 1559
13459 30379 12411 24989 16349 26800 7854 12553 37175 3570 32951 6504 8335 13755 27152 29098 18043 27311 37544 8467 30221 2119 30322 15592 2114 3708 33508 38452 10219 11672 5687 16389 11864 35894 8768 12829 29096 30532 13834 18620 38718 21459 31114 1532 38 10371 24788 12730 3743 21607 38454 5658 25315 29733 22025 17077 1618 19926 35461 10333 1853 5522 39560 26013 16115 24432 14186 32325 37189 8339 1591 6499 37741 26696 28223 22969 26201 13095 30107 8129 22185 13498 19406 21711 36620 34085 14882 10670 3395 19344 174 6020 38049 28819 21748 39152 4974 9323 1157 19633 33370 36981 39104 27587 32656 11282 38655 21147 8024 6905 27539 18845 9143 4531 38330 15888 39776 4781 17503 23611 15455 24149 217 6847 1315 32972 13706 11296 16622 37542 12878 39546 38686 34942 32925 13481 37302 138 6809 3205 7882 3065 38367 16870 28969 38189 6150 38146 15398 13472 14011 23375 31351 16337 37971 27553 2835 20110 28655 35354 29066 38902 20073 31983 26045 32062 4464 11133 21628 19103 20752 8997 14809 7238 16628 21793 27103 32280 7461 25631 28330 7500 14291 36299 38664 3152 31553 36645 29475 13369 32875 37788 11784 24910 12228 29803 14552 33379 22464 30053
30868 33148 18135 20139 19719 20365 10657 31920 12960 39789 15060 24155 779 3817 3629 6695 36711 19298 30224 30078 27599 12723 17182 26005 3891 33176 2347 13911 11683 28129 31762 13075 8528 8793 38000 28965 23391 6570 12384 14010 26032 28992 1245 15458 16660 2143 32144 27938 14456 31792 29237 27387 11108 22010 1839 33939 26078 33116 1981 26597 32696 12774 31883 30818 19648 30983 30064 34243 28749 15356 39552 30711 25933 7953 35477 39944 34100 20819 6665 33186 23416 12463 5540 25815 2019 7921 24540 13697 10076 2236 27080 23569 26907 12087 9905 5231 8870 7112 24080 14133 34140 15992 2574 21994 807 32298 12405 12850 39978 26306 15922 7776 9252 16666 25929 32456 6097 17749 32880 20252 1984 38068 15486 10414 37805 36502 35816 23522 623 11701 26571 21095 19731 27934 10712 12937 18932 29937 17003 300 5017 21307 5622 37000 23765 39694 22068 20452 18208 3236 17546 27193 6494 18221 25358 17723 20296 28500 24838 19612 4488 28684 31048 39146 1560 2168 17845 16932 10436 9583 16406 23305 4643 38347 6985 38693 18050 24747 19248 22891 228 99 38364 7337 9076 15583 12803 26373 13631 3682 18865 8267 13597 33529 33025 8342 20859 21087 33310 468
26882 29573 37687 4631 31385 4470 12686 30098 28512 9555 33725 4547 36655 29359 3915 590 38805 32347 27953 23802 19065 18890 8418 16075 6938 32373 27820 36062 5114 6304 27784 5511 30528 18323 32082 15837 14025 31101 8541 36160 14387 15471 29980 3608 5205 9961 6993 8959 33175 2830 4381 29890 4237 14612 9838 11175 26989 18897 22220 6622 11808 13171 4859 35278 14156 29566 7965 33505 23541 13744 5479 30367 14595 9733 22038 31691 25605 19216 27535 13347 4098 9559 33188 296 28521 37323 2127 27522 24171 6312 28567 16150 17460 19815 37029 10617 3678 9663 29527 39818 37362 21176 25853 8947 37259 21421 28669 39258 8249 14537 38418 17950 34781 39366 33123 31698 11002 5039 20189 31952 34736 30618 22301 28872 4163 2147 17778 33756 18371 3050 16963 13913 24761 3424 4415 12093 17194 11114 30189 21595 6867 251 14968 943 11379 10363 23152 35516 18175 22717 9122 36839 17372 3550 9149 6775 27579 5406 36461 4818 6637 25509 15221 33518 12933 33835 27035 1130 33502 33546 19120 23760 36022 2362 31959 11001 15801 156 13026 22681 8697 25246 2283 1949 16070 15055 13146 14326 39527 26030 33037 20758 24306 12644 20105 10281 19396 9729 783 18769
35486 28914 14002 12199 35566 32593 27610 25201 13012 32849 30949 12018 20458 26834 11431 21717 4279 15012 12302 7427 36829 27561 15853 26208 6158 31060 25676 22742 21161 9581 698 8889 2693 25974 3683 20364 2210 1944 12141 16735 25970 14860 9745 17272 8478 17625 12985 38618 21119 31649 12287 21916 27156 35416 8759 996 10381 373 32930 35700 36543 24853 1398 37491 39449 3898 19581 24684 6978 15273 16568 34621 6965 25517 39447 20661 37976 14573 8830 25342 21966 8679 3966 32508 27695 28498 39809 3304 26977 2483 19169 20694 19531 12588 38922 437 38704 19766 26933 17863 20378 5347 3167 33635 25673 3551 31469 17553 29614 369 17641 28099 1835 9465 27398 12363 3125 7616 16681 11289 32228 8630 9377 5082 23769 11903 22314 13130 38518 5174 3015 10225 22052 14963 39988 17573 27350 28562 5928 15638 9319 16611 33447 14388 1048 2850 25021 23408 19069 28149 289 38624 659 26984 34963 12818 1320 28283 21921 29155 21127 27816 33898 7084 8873 14662 7364 6196 20664 31582 383 39993 33265 2415 8643 20379 24617 29662 1250 39031 35149 4786 39198 31283 19938 26967 31162 261 18379 2769 14774 25274 20058 27154 26651 10544 4898 10786 9811 25913
16091 3314 13201 982 9823 31845 16589 33551 32840 23734 39510 20561 29594 9649 35615 2634 37768 13966 37804 26315 32401 3500 991 19509 12366 21340 28514 9833 16015 15798 28047 30849 30862 1707 1368 4490 13405 39518 2790 39595 30453 34696 14026 30902 9152 14656 4340 12724 35066 38436 7057 3484 13635 27246 14917 28092 34414 26195 36878 13590 33705 13399 26278 14047 31771 19872 461 30084 16117 11252 7845 6515 31328 7527 29679 2262 28182 15135 29054 4599 16526 22521 29751 848 39359 29719 17217 2647 12780 27517 757 13450 22899 34992 5613 7918 37729 15346 12435 19699 11403 18894 32922 26693 25708 32714 19317 6184 34139 2459 18185 21617 29002 13531 12862 7164 25695 3344 10264 17420 37686 15220 32621 13689 5838 8680 2098 30971 35906 28516 21502 5699 4426 35268 29183 16018 23309 28234 29693 5781 10266 4 10097 1234 39257 9505 23143 33555 27216 22406 18428 37030 2747 14300 26425 25810 37289 37416 38621 35954 17993 14045 34558 7069 3767 4514 30984 11105 24526 29876 32050 33787 19474 18837 14140 33240 16286 3604 30506 17351 28034 21503 37145 20745 29669 23938 8087 24412 2018 32157 3288 715 3936 30859 26565 15807 35629 17015 29050 16994
33134 19569 22219 15300 266 33206 9643 5712 8523 7565 1376 7175 24672 6649 32643 15640 29885 139 17469 28425 36673 18067 4529 14695 12893 22234 23813 21925 13488 2197 3885 26807 2288 32917 13928 10532 24216 38073 20050 22404 17648 11366 12314 19321 20482 35646 32890 26570 17165 1041 17416 13402 25192 16399 25486 22854 5140 23901 34653 23231 33272 37670 38043 24172 36214 22976 19258 7173 1262 30967 4211 1759 10357 12580 4597 32473 22588 30897 30226 24142 37394 39372 36368 2538 9788 6200 25206 6565 3415 14776 7805 32315 5887 21734 15774 9934 29478 27087 5553 32206 15788 12002 6672 25318 34734 8658 31855 15585 23466 2273 15021 20823 33624 9849 35711 31172 33784 3710 27304 29148 9208 27810 7624 26962 39037 18329 10652 8371 27795 16782 22782 35383 1642 25085 30333 17103 3889 32874 11288 38811 13885 20711 26497 2167 34131 38298 33195 23142 26911 25050 21954 34050 21444 4023 28865 12393 7607 35548 16497 5341 243 19692 34916 32960 30930 6053 37925 7510 13023 16313 27119 30029 7231 25233 36467 34768 30607 20477 7561 32850 20877 30569 8898 23323 23554 13496 22575 3452 5866 34446 9684 17341 32725 38667 29809 18274 12725 513 11906 34607
30979 6337 30019 8844 37149 4485 13175 16638 26990 15030 24714 35274 38342 4960 38262 26808 20948 7939 5451 32455 19462 35844 25985 19614 4627 36412 9921 20907 550 9481 28934 3128 11465 35904 29961 34802 20890 22509 29132 3667 9967 4029 26588 31531 25692 24725 27058 24997 29729 16686 168 34259 36478 2126 12201 20503 18099 15025 7200 6177 6458 18423 7153 3705 26902 8264 33617 12515 21566 30299 22329 21569 6027 30581 26846 20826 2805 15704 28859 16915 7280 30505 20 30660 9081 19745 27783 37010 35849 3646 11262 20529 10535 18002 30672 31963 10705 28539 10883 17462 22870 15577 1869 16183 32550 30667 38219 18919 1059 5407 22876 38095 2240 4461 1710 8748 38504 29115 34352 12439 28460 12019 34760 4628 2455 23825 34549 27346 27811 37684 28704 34801 24378 17306 36726 31737 13361 32258 28825 14969 31240 8951 35196 10867 37704 24345 9087 12585 17000 32208 36330 25227 39590 16290 15549 31028 24150 5421 23183 8989 14307 12112 27439 32045 28432 19277 37737 1840 1874 10259 38013 38786 6537 22069 13192 6090 35882 36684 18430 19242 28529 37853 10586 4052 34828 1756 23521 17605 14479 20467 29538 21976 12821 18337 30564 5122 22860 35481 9048 31342
9706 4687 29262 32938 12446 6140 27531 11743 3092 19055 5631 26550 24505 14606 4462 7161 28339 17962 12276 31548 36596 33613 29774 32692 37105 3786 25740 9545 24849 4943 23184 34349 20034 6283 11780 17756 38133 2229 389 11758 35017 36127 14526 13841 33004 3721 34117 23713 25674 28835 38860 1285 27270 32803 19375 4834 19957 29697 31797 1793 24612 37655 3462 28241 20020 4581 7809 17088 24461 12782 21246 34725 28384 17140 12294 1126 21045 33895 15293 29292 1218 35593 22249 32471 38998 13474 10047 7582 10797 21632 23078 28550 34552 6316 31782 28617 33560 26691 22144 33083 471 25675 14850 32194 25465 26655 36885 16109 19902 1864 39621 22975 24463 22135 24342 330 7148 5778 29486 7192 29969 35749 32828 2228 16927 19062 23962 39786 32095 23106 17938 28166 29574 576 2635 3758 2668 30105 63 27235 26919 39492 36462 20229 37618 3242 30945 20410 1097 17251 35310 13417 30646 6825 27259 10086 20142 5197 26972 29541 16175 13466 22772 18593 20810 3393 19527 17752 28232 31146 12001 48 31716 34164 17385 32493 21571 2885 3527 26000 22512 10504 34517 6249 24097 34602 17763 2896 6 43 21822 26601 26008 16685 24184 37094 16047 9968 399 31001
9741 9247 34795 37579 28701 27097 5723 25281 17108 722 11046 24651 32060 37307 7534 12856 22827 26292 27008 12673 25920 12247 5365 34254 38996 4363 33929 25841 26697 17224 35162 11004 23797 15907 25508 13664 16198 32996 33068 8570 31102 29747 17795 20768 4549 39668 5128 808 27828 38101 36147 22895 34222 8527 34998 28252 11073 27808 4561 18866 13150 12749 39859 19688 24535 37179 13325 13712 8399 38554 9751 36488 31481 12841 16933 30352 5353 13945 26780 27566 15946 80 28950 25396 38401 22886 20424 16217 6932 18426 883 33996 7915 20345 13299 24784 37899 8301 10342 8236 28558 11275 36945 14698 8224 7605 24917 33158 32023 31354 38824 15683 15132 23386 2907 24922 17899 26040 7319 27943 1031 9470 11493 1729 22213 24635 39769 21684 24400 29415 35631 12343 20723 17973 38464 13180 21232 17032 11079 38695 24755 27307 3842 6005 22400 2227 34281 16893 9732 27576 8198 24049 34180 20619 20763 9970 1524 16657 9689 24603 36453 2586 10962 5309 10728 8326 16834 39963 21031 27172 37983 38543 36779 13069 11345 25154 28686 35026 32052 1293 21788 22671 4792 8176 7119 39097 15454 39594 6920 16 35175 28420 31286 26954 9599 27238 35877 26941 31373 21036
30968 6420 39232 2628 16365 26349 22181 20001 15630 28101 21862 13177 36224 10330 8031 16971 39902 36426 18699 32995 12263 32231 32650 20225 23173 30201 21332 7572 24843 14827 782 34390 39670 832 36393 7380 36884 34404 34377 9717 22504 2408 14585 33388 10905 12778 5964 7730 4659 13089 14189 8186 34536 26309 22063 30998 28705 24208 18587 7768 11704 24980 9034 37100 30474 9148 37503 4401 32551 9446 21485 37955 14598 1848 3088 12284 2685 21475 6912 38945 27390 25693 38374 13297 33132 1020 14755 38590 23397 1109 12392 38601 533 5765 28085 27163 38160 36830 12655 17168 29087 37317 17457 2544 30615 24301 5744 1454 11292 25905 2990 30840 21749 3834 7049 39026 13703 34304 19966 25541 6443 25520 18052 24907 2516 20673 31150 12217 22756 9567 25495 16947 35778 7494 26147 6877 28582 14971 15371 21488 1000 27603 4866 22366 15715 12351 14486 27138 16464 39464 13683 25869 26129 9475 547 33714 26500 28043 22889 2527 902 32862 15308 38762 9125 2906 7136 720 17275 32879 36753 15768 9360 16725 13370 1439 9184 17485 26023 24555 12570 21181 21733 34562 7593 11965 31656 39150 17901 34408 39436 28761 30554 25766 19950 6447 20963 19955 38677 11269
8787 35647 24645 34435 35751 23969 23581 37900 24429 39304 11010 15007 24033 17257 32114 11287 18356 14376 25519 24367 28548 23627 19488 25983 10918 28663 16738 8004 28185 28517 31216 38317 25425 6396 28412 17530 9514 1714 21630 33014 2326 34005 20082 6156 3802 23400 22660 28925 37358 28417 13991 14672 38280 19143 16559 35321 12040 5086 33350 6701 10200 10368 19936 18738 14789 24567 14151 16548 39722 12654 14893 32124 7673 30678 10491 5253 13243 1141 11640 6041 26319 10798 10885 15129 34525 8766 4997 22762 39515 21702 36403 27162 10889 16604 7133 27127 25029 29264 34853 28337 3079 39810 33933 31186 20555 37930 22934 35639 9000 21660 34175 16787 19163 36189 9261 27824 31184 38271 5652 12815 12767 25157 34532 21266 27819 6022 27331 32576 1407 38578 28359 21169 25849 9238 12662 30339 23053 6919 34454 22820 36892 24495 29495 9999 16219 37745 11512 35236 11089 17793 3175 10514 35528 18589 37226 24860 13136 29866 1179 39110 10734 32775 16261 24441 36648 11944 3099 39738 32496 33450 26657 26512 29507 28117 29511 10291 15046 39251 36907 30492 9075 35312 36316 23390 24369 29528 20347 38853 821 10294 28116 27740 12417 27144 11372 11459 3906 30702 30918 36064
26789 32887 30725 27218 21983 337 22098 34237 22145 9986 21593 1740 1372 3457 39767 9078 18117 35564 19758 837 38534 25127 22449 39002 37004 28675 10210 16992 14444 35371 60 21667 28124 38161 39412 20816 18118 10091 29552 14175 19457 2953 7509 19519 24348 20833 17649 21934 18219 31953 14022 677 12361 6407 10394 3714 8106 8598 16249 31083 26074 35598 29690 31437 6984 9768 21256 33841 539 5722 24042 8114 31868 3749 37558 13391 37364 8160 7431 2997 12535 2955 1039 22349 31906 33921 6530 22279 18138 39746 5857 38912 39997 24850 2866 3542 28601 28442 36739 20481 2985 18213 15821 4588 37842 3522 3332 707 36974 15973 28405 2166 33970 16940 25464 14127 1467 27864 4305 8594 25248 29769 30359 14399 3090 4184 7690 31886 20774 1918 3438 2874 1946 25243 14783 20433 21079 3844 15241 5175 25734 5659 22682 37453 1265 38409 17402 16034 22454 10395 11090 30927 33483 14178 5472 31244 35199 39073 39980 37043 27509 1518 8838 6854 31258 7546 14088 8172 33087 7856 1631 35555 6527 33879 1489 16119 17851 24469 5763 38702 17149 2940 38770 15670 2456 22407 34030 28901 4801 34639 7760 27437 31634 16885 35573 19982 10030 30277 1414 15099
29425 21090 8661 33943 16214 6547 29660 2665 10296 29322 23262 2989 37184 20910 29933 37214 19988 16723 11335 5721 9628 14401 15122 847 35522 36706 6209 4384 7862 16065 16422 5121 9619 29120 19385 25143 39611 32323 39575 8261 28410 17018 25053 17159 17697 8202 35775 24434 25915 14792 33535 16659 39749 173 29587 13009 19020 20749 31291 10661 2289 16028 19791 12510 6287 30887 27165 18119 4675 21844 20499 16223 17446 39484 16844 3022 37762 33346 28007 17622 15632 24970 17869 14330 13757 2454 38089 35969 22533 13283 23831 6432 3878 17670 3588 12300 30423 27388 7977 2839 4681 37751 18986 20715 611 36991 24175 24246 38883 3924 3507 9021 14536 556 4886 16651 29601 2306 39874 17294 35315 9477 38887 18828 17568 21029 31589 15557 39348 17191 10720 15665 39760 33263 29544 34750 3830 3719 7679 15209 23681 1890 35632 32464 16934 33563 10340 19613 7125 31966 33167 13525 31666 1092 13132 1703 23409 11877 4209 22998 755 24829 9939 28585 22556 34792 15977 28541 6681 30729 28837 11368 4900 31381 37740 9806 27085 23835 20692 39337 15036 32857 13191 19291 5905 13936 39185 16351 3313 32488 8107 3965 29035 3932 8324 2599 33 30876 11082 22257
36047 18838 29021 39287 28522 9472 29749 624 15279 16003 21072 335 23003 7753 36486 8427 2297 1561 29218 32577 14853 7101 34920 781 28297 9781 19341 586 11974 9450 9826 27758 1692 4238 13217 24185 11361 22380 27750 36190 37446 18982 577 20514 32055 32152 32559 26066 39279 32103 22203 28499 2271 24602 22868 1249 17120 18654 39785 33155 37475 20208 5430 27186 23007 7363 10464 16325 22178 32537 17596 16583 12622 1887 27713 9468 30200 19976 37486 7285 18675 20593 8387 26268 19358 36365 32220 15541 32869 29930 6620 12955 20650 7036 34757 39202 25169 38533 23288 8392 12833 25546 27132 11981 37356 30791 29818 25364 5258 22397 19334 29828 11562 25609 7876 32420 37054 27771 32290 37130 17450 19104 34720 8764 7711 32944 33285 22452 15755 21836 38943 2607 27351 34104 29124 23433 17602 2675 13415 5696 18556 4132 4378 3433 3291 26458 4813 19060 17459 14463 5182 4914 4620 34076 536 37787 36154 36010 30878 18503 9426 28055 5997 33200 16356 31012 3598 26828 9827 30378 7519 36760 21241 15841 33088 12959 1643 2663 22571 32480 16518 8376 16133 15063 7713 31288 18971 29682 2736 9703 6100 8111 37483 3945 1417 7221 5504 25308 38174 36980
3121 38712 7842 7178 8010 38079 6333 28772 27513 33715 333 31045 35848 36231 4589 8150 39609 4047 30832 3515 22290 39314 4058 26652 8647 11623 19878 18046 13992 38809 21974 27642 18056 34346 20839 15348 6493 19657 31723 33748 32780 6518 5279 25263 3351 32936 19472 17256 5671 28908 28114 15314 10614 7000 22277 38108 1633 294 17701 37137 16021 10449 7843 22037 25547 2439 17486 32240 30738 22573 12847 38520 5103 15865 32351 17575 131 7810 32663 32712 39394 6292 17467 12618 32450 568 2184 11741 1 2354 27179 16556 29399 1243 28365 15141 23427 16758 14485 9724 7022 3948 27804 7896 34202 10230 14962 13812 38539 2465 7438 4222 25407 4556 19164 36545 4332 36696 22985 8446 36699 33445 16284 2878 12187 32566 11200 39029 8178 25335 31076 18545 38722 39210 20897 22499 10255 1369 31396 29917 31951 38749 36132 35382 10153 28080 36818 39288 4679 14442 34134 11080 30799 31601 9900 36949 30047 4390 23945 9765 36294 25521 4176 8272 18193 12746 14576 19028 15180 27998 11705 39343 12271 23014 29279 32430 32772 4689 3520 15752 38793 36182 504 11373 29129 11679 14562 5942 28135 11402 5950 36720 19532 24613 5436 618 18389 26016 7890 10169
30016 9302 35797 598 1917 13553 5213 21541 12375 14655 26080 36531 12726 28366 36042 22991 32428 26489 35689 34896 22315 38526 24384 1627 12064 18628 30617 26435 7693 6223 34295 6253 16545 31293 5989 5056 10922 26679 34700 39661 31321 27429 1879 37659 32548 38817 23736 20985 19285 39305 39101 4850 1535 14633 12200 9892 18904 3161 5035 36759 5999 5236 27064 8778 38567 36344 39739 15439 37944 3280 508 18381 5396 35541 1798 6589 14210 11824 5517 39564 26681 9154 14610 20330 900 392 29868 27399 18968 31412 14617 33048 14351 37389 3049 6332 13292 13411 20513 37591 16441 6336 31049 14632 32245 37656 32864 26331 38094 20255 780 10505 23858 36745 3879 39712 23549 27115 20443 30166 13764 11645 3479 38627 33125 37182 10022 4248 1577 15216 21519 7343 29848 25862 22703 10113 9818 7906 6463 33017 36209 2819 38398 24113 16993 15053 17014 28645 23358 17160 21399 23070 582 38077 24733 17589 23056 22546 32180 37320 37473 23206 24657 8425 38815 16525 23210 17190 37402 29061 10489 9010 30415 11825 35604 15440 5713 4931 6368 7857 31518 1609 8597 26995 33358 11317 2104 26893 5280 27155 31916 32899 25460 26162 18267 20245 3310 15531 31652 36888
29699 23299 16661 2320 15537 24575 22779 26433 33977 21123 10952 20693 37782 21038 21651 37747 31823 10158 9640 15372 2762 2284 5034 2821 9165 13011 24289 38309 17805 9031 27093 1697 39745 20605 37424 8564 35999 613 16090 22952 28181 32447 36082 35207 8625 31726 26632 32254 34314 35692 413 38556 18415 19439 33903 34368 18817 11732 34844 38645 11457 23242 34710 38247 26676 14499 1055 16818 38350 39812 35226 21869 33882 35664 30582 25839 14870 32259 21304 9192 36473 33266 1030 30214 5080 13006 29364 18672 26367 16489 5608 2822 21249 4712 28581 33770 26627 34023 38512 16016 29909 11280 93 7388 9609 27941 39324 34654 28598 9299 14229 32710 34774 4273 28026 39604 6643 39018 38437 34105 10788 7755 36311 33316 8837 36955 19717 1035 13007 26281 15418 12278 19453 11959 28154 3392 33276 5227 31947 22516 28190 32179 36751 18600 9219 35818 24416 9624 16209 6137 3736 9158 37106 27262 4122 6827 13792 19505 1391 18065 17046 305 37079 27175 35320 33468 33380 27680 2260 9509 33778 18649 22119 32644 19811 32585 23501 27890 24749 35814 36772 28377 11756 30552 30942 16264 38423 9854 24509 27883 15830 18988 16615 37232 26804 18844 20741 7635 15335 3064
8767 33209 20765 18959 36917 6874 33112 15438 7387 9918 4311 2241 23768 5031 30963 22030 1564 35060 39381 20087 1166 1495 4233 986 26620 19222 11878 39954 9821 2248 18944 15451 9855 7657 33842 32141 35122 31934 18700 26799 21466 4331 18933 23905 23650 31766 19796 15415 4953 39408 6578 9594 1314 27287 1673 7829 9205 24579 21815 39521 29897 24024 39702 19508 14807 33357 13624 11559 18215 14230 10843 38711 2903 37104 14787 16623 12378 37097 22718 18490 16886 18914 1465 16860 39894 5850 27125 7207 12046 20031 412 32090 27659 671 15617 21674 17054 17344 32910 28069 13607 674 39444 24438 11578 2209 3896 7623 16296 19491 22136 35261 16617 26224 19173 17321 10778 793 29570 9279 11985 23553 22631 31618 15326 29159 16908 9156 33419 34872 15035 27001 32640 25164 28665 14331 29765 23906 37529 20418 37495 10642 13517 12946 27741 31884 34162 2088 34133 21690 27737 19655 18881 11250 13507 18069 3548 20842 33181 5207 20855 11534 24507 1251 33885 17751 39561 480 27744 18436 11943 39032 19233 19631 14904 1789 38641 21839 16895 32137 16397 7458 7742 10584 34913 5738 13281 2498 15536 12910 28513 16575 19046 23852 15786 17340 38591 89 6915 17189
11057 27297 17413 20645 13783 30639 4782 2173 16124 18544 27143 3670 17432 3943 28523 18301 30879 27011 35986 39205 29345 34010 12169 31772 36520 38026 34487 13214 24447 18321 4905 6662 5925 616 20722 23848 9259 28624 13995 17440 4035 1486 8088 1804 6380 25706 9503 16268 14074 25208 31765 33986 37227 12455 12183 18871 23320 7777 35490 5460 30123 35678 13293 36571 39039 2553 7661 35193 19376 27141 21275 22978 29221 11360 1764 16753 16848 17566 16720 12070 24025 2478 1379 23560 8146 29712 34429 29128 27559 18822 23798 17948 17698 37025 32530 23065 11136 28408 33671 36191 23739 23771 5898 36369 29870 10497 23749 33596 3871 12683 19985 22649 6913 28225 24798 21314 26067 20251 11330 37823 25217 12633 4303 10857 8380 3070 3634 7841 8117 7567 9825 709 33045 36886 28909 3493 11712 35444 13658 1339 38623 39501 14297 101 15049 26932 26785 7968 19326 25554 22202 35245 9262 3593 2979 13043 39646 39768 3468 2510 36408 12349 3534 33531 4436 21703 13960 27745 32415 14090 21661 15848 22476 12409 21980 36361 7030 19579 37708 25890 27919 16648 38803 20724 38010 9026 9419 14449 39705 18424 19804 18791 18967 33509 12060 25907 32594 30180 32754 3587
30077 23475 20352 6804 12650 6550 17493 10745 12496 31866 8751 35923 36851 2428 31458 24923 21817 24453 26448 32783 30398 25067 38837 30957 25776 36178 6210 3612 3447 695 38617 13280 9923 37078 28068 9036 25447 30399 12913 6631 4970 23571 17712 14793 16291 248 2065 32457 22948 16317 23932 8833 14649 15813 592 7687 27952 30988 36179 8361 9373 17130 38015 23883 8218 19677 1875 20521 16300 39323 30439 22788 16798 28779 4551 23226 11483 34319 17254 8518 27171 39081 24680 32540 31266 21201 436 35447 16283 29277 39290 3925 26475 14950 20679 7787 4910 241 22082 12094 17594 33426 31501 7688 11816 13770 21168 1584 21177 31161 29042 9785 23984 4370 24093 29883 2080 3908 18714 28552 35283 13867 26429 37470 1993 7305 24016 5529 10460 3260 8772 34800 29323 2568 21797 14581 29833 6092 7240 401 32316 37664 4171 32225 35257 6974 37746 33867 17464 21609 11116 27485 7143 5986 12840 10975 5945 37852 23533 37527 35433 6599 30344 14265 18774 148 36208 17821 35458 38990 31998 37520 2515 39593 28787 35766 5546 24299 15648 25569 31912 8059 27769 4193 29707 38508 39237 12629 21612 12696 20683 3440 4998 7024 14086 7844 16840 12667 28868 34108
14312 19663 34671 10831 9572 2310 13433 35050 20898 39629 11210 4584 8008 6167 12643 36567 827 30526 23735 26545 3627 39370 14945 32823 2021 38337 9295 39922 34376 13710 8277 18156 28883 25950 28434 34982 12765 10711 38210 25404 18293 25394 19781 19415 9680 7329 5980 38195 25267 37138 22338 34335 33537 2629 24538 17871 16168 35694 18422 8431 38682 28931 7331 30943 34154 13438 17200 29672 7217 27192 4442 12012 4723 24664 20369 15000 28380 26302 37211 34617 29318 762 15748 33159 25126 25816 23830 24500 20587 2721 3137 33582 16238 13536 35702 38735 5053 24247 20512 13727 25604 11603 6794 8449 12533 10695 20936 1257 22792 35560 9091 19500 6123 15332 20531 35989 6110 23118 7232 8118 28963 5108 25290 2159 18275 24615 6394 39438 15186 39880 32826 22664 9418 30301 14766 32131 30808 11419 7960 7037 3240 9162 1452 6658 3185 30001 16357 6539 38050 34084 6903 21133 1102 17819 4223 23451 37298 38898 15047 34995 22894 10062 13198 17555 5888 6866 36416 39778 31383 864 39526 20317 38794 8159 23559 29300 38259 36255 23216 31595 106 33651 28369 15283 22942 9204 12831 5417 32207 3375 19211 39034 1801 2881 23285 4392 13663 32321 7814 27482
31235 15593 34706 26320 35998 29811 37665 39719 19084 35945 731 38757 27946 14881 29892 8841 19026 33372 1706 37836 10165 12904 6080 39863 12814 38559 12469 9930 8742 33813 36660 36611 15138 38359 12508 35705 22320 25419 18253 24916 7535 11794 34695 16412 31960 6325 1689 14867 9994 25935 32598 12501 4255 7765 15100 38521 23659 38045 39982 26549 23895 14081 2706 25097 34676 34915 3757 708 21602 23637 24137 17365 25327 37222 27822 25136 28975 26351 34889 10171 14723 37833 27397 5852 38017 3001 28928 13942 26041 33708 22530 25073 26815 4071 27738 15311 23801 24985 13216 10977 17027 17502 37695 15023 15452 17968 10183 22326 6103 8736 17556 6509 1375 21012 21427 24084 3420 36035 4027 24932 26959 36923 3543 36601 17386 33069 1073 14995 32706 3381 31426 4666 14000 12811 15642 3760 18630 9142 5902 6390 2057 1669 11278 3530 1364 30860 11327 20117 1851 6722 25173 16430 20389 9908 17780 22692 1743 12996 25194 27126 6751 27656 35929 21076 1352 24274 17837 16501 14800 11290 3475 14155 26153 15884 23832 1042 8734 28472 37583 6626 13078 6331 28466 37819 8557 19455 9699 8109 2622 2480 34401 3214 15606 5854 33337 2238 26736 12630 4962 9174
37611 36784 2926 39457 20375 25879 31072 15360 31730 5651 10428 7097 15453 21619 5611 9678 8154 17527 5453 34136 4333 28833 12225 22281 19067 35316 14823 4515 38979 35455 3456 30249 3504 5311 39676 20759 7312 39511 39570 273 7333 29600 27415 23500 15101 3824 23022 18931 28799 19502 13253 33691 26980 3978 25325 36573 2181 39562 39942 7063 5040 7545 28563 35650 19855 36493 2943 2365 20784 28230 14417 22088 21854 8659 21613 39600 9606 38825 29291 23220 22335 8763 13628 24176 16596 32658 24192 21447 37225 35853 411 39256 5580 11427 15773 38105 2968 15861 26705 19859 36973 23579 7495 20112 21585 21009 37408 28490 22021 25700 8052 26355 29893 20617 37221 28786 23301 30705 21775 27654 19953 16965 12794 984 22031 11417 17963 21290 7412 39905 33690 21665 9340 29907 11506 33344 31252 16727 3056 24468 17683 27937 26226 27578 39276 3091 34714 8843 4127 17461 11189 2504 7653 16820 1615 35311 21403 38502 17055 26905 4397 23628 39347 39779 15587 32814 17513 29664 21908 30048 38485 5062 18041 10864 8980 38287 3734 37116 8530 21897 34486 40 29991 29406 7501 1186 34571 8589 16716 32870 22167 35355 33355 25362 5423 16724 13776 4377 38377 36418
24904 27021 31819 25501 37926 10261 16523 29899 23095 260 24194 21228 35113 4246 23131 19977 29620 8157 38869 32920 1281 21025 11978 2780 10344 14813 25287 38551 39310 27700 38767 27739 10909 34814 38405 20545 36584 38177 22125 32486 17704 22719 33767 15625 27547 37772 39636 767 35975 30905 39006 12090 11616 10742 631 39721 24488 28843 7128 17401 31301 738 33640 34506 14303 11152 9333 14441 11415 10518 28619 2345 20612 30966 37383 26564 20827 10249 17456 5818 457 35654 19627 28141 5248 32993 4112 28471 18201 1132 18463 14503 35223 25577 15125 29855 18638 11352 1958 36822 11555 31000 36729 9268 38066 22379 35806 30330 28060 22796 7667 21697 1270 24748 39471 20794 15733 27643 31 8468 19551 10871 22599 34358 20979 33437 29704 14191 39660 4297 4700 31975 23610 36807 9239 36325 25090 15882 6205 12728 36274 35617 12938 37173 16435 719 14718 19076 33196 31405 37027 2646 2565 21410 31476 854 26586 4302 20183 13677 4069 614 21080 23806 39222 8196 13418 10443 15925 19530 26490 7709 34388 4203 890 9554 32799 27951 11394 32982 1775 13129 38432 20401 2431 8230 18331 30697 15368 10740 25275 37792 21319 31123 37716 28245 36103 23194 3641 38622
21716 22855 9993 22157 37986 4816 33415 1895 25845 22110 2429 37877 37932 29072 23731 22396 33369 17975 29609 15210 9569 9632 887 21941 10045 19042 11412 12556 21814 5601 35217 20415 38381 17866 1780 5295 2923 32562 12987 21184 27728 8756 34249 24695 20218 3541 11930 17943 16770 36446 31276 36695 17219 38644 3951 21333 17640 21714 16046 16359 15757 18285 5184 32859 35911 32811 27510 38335 1940 36719 28722 37734 10298 8561 38549 34540 22093 14615 18360 31099 39524 3111 15097 26487 18510 23384 3974 18506 32581 17036 37795 13394 15396 18421 33761 2003 31394 8852 889 32475 26021 9901 30351 29850 10938 26858 7244 23855 1937 21880 1193 33322 33392 14120 34715 27975 17280 31436 14306 36424 18297 5584 31693 31250 1044 4380 334 39851 33578 28762 37378 33818 10743 7536 18953 30487 38547 952 9795 19915 23429 11176 34878 17603 26259 13736 7368 12855 35430 1338 9151 26951 10276 33040 38772 32528 29184 8068 30803 13234 33533 26728 7662 38118 39644 14459 123 4864 33697 37743 30072 22046 39792 24201 19895 29471 17500 9802 31538 32553 1888 13806 2207 3366 650 19994 36782 31129 26467 19127 2824 11031 21627 8316 35591 39638 19 34861 12991 7255
20107 18568 1070 21489 13740 11170 19133 32139 36172 31269 24697 312 37715 1061 35698 9814 19762 23464 34102 32729 35675 35961 18445 4498 13883 11102 37164 29881 4587 11717 23025 32571 5212 39425 35861 18362 11838 4936 5694 25017 29918 18247 37586 15076 4369 16572 4504 32747 22644 2082 26260 4395 27503 2673 13193 32332 7042 32463 25683 32355 21620 11461 33670 10779 6608 5290 38872 5160 31844 4756 27874 18551 25416 16225 19275 32453 4181 29274 17342 2427 14725 22747 20912 8549 16882 906 38256 32162 3112 39697 24686 10175 22953 10981 7353 26202 21590 9911 23722 14521 38846 5663 22165 11115 11538 4667 34297 29086 11733 10818 14325 5932 29859 39184 13700 20470 2398 7154 6768 7881 38936 20753 10181 13611 25850 6536 15582 33738 19294 20435 14453 5725 28751 14055 28791 36377 21687 7866 14822 20885 16424 31016 4802 28976 1852 37996 29150 30405 20070 35583 28475 17090 7584 31117 9386 27191 20553 21167 30435 22308 8645 16913 17393 18632 25532 12550 11264 36205 2165 24941 31015 9777 37063 38637 8919 32655 18406 4727 33971 6967 22731 27649 27340 15754 35368 23894 35154 36068 1103 23493 13473 2845 24532 29490 5799 13647 11509 37913 39772 5489
14927 21153 17418 34883 9613 25413 11633 9771 37397 25205 7184 12210 13134 30933 25754 18561 18399 17331 1827 38605 7228 509 8948 13626 5884 31376 7516 22760 15380 9109 39128 34343 7434 6655 28977 34457 18027 12177 10966 32272 35663 14507 38176 4927 25458 18032 15595 36680 11138 12802 31774 10024 4789 4685 37400 14990 15979 7167 28399 33712 25909 11503 16113 28623 29408 31943 32533 25019 38829 1158 16471 39889 11996 29554 6062 18763 23352 18927 29565 37465 35058 13246 25374 18701 27708 495 8586 16748 7176 34004 6613 12345 34355 11941 21542 21343 8805 18266 34176 10191 31335 21929 35213 14826 19438 39241 16461 10490 31406 10519 14636 17788 28867 33890 1219 19476 23925 4043 11392 16103 10732 1083 28816 29886 6762 6994 27777 31939 5282 4741 27983 21724 37151 35164 10339 6485 30950 38823 30039 25242 10781 33820 25016 1149 30197 12895 18498 30561 16192 25334 23147 23121 5125 10997 23654 39737 27077 15897 6774 23994 14302 4003 23647 25046 37026 24622 7929 21991 25489 17655 24493 301 25574 11463 5229 25761 38114 30095 3815 15416 21047 25822 7949 7181 368 39553 13137 1741 2214 12015 35648 16768 14888 1716 31825 30317 10329 7530 22174 4472
18113 36670 15381 2055 9310 32635 10302 39801 38897 23773 11074 4388 29830 13874 28028 10052 14689 4241 32165 7066 30741 456 28209 5841 9480 34968 28983 31687 11437 30816 37143 4990 11185 20428 538 25498 13271 23612 13226 13098 34521 33318 11428 37340 37153 17048 1175 31867 21387 18431 11711 5845 38211 16033 17794 1277 37720 15246 28476 25978 6391 26456 31390 36773 38978 32121 16459 35341 9466 14035 2720 30865 33572 8515 28361 17563 16872 61 2564 33412 32698 15051 22659 16211 24296 3228 20862 18366 35182 27133 25591 4061 403 21800 9508 3595 31314 26602 7757 37314 36382 9688 18804 514 27831 3931 19387 24842 25438 23073 36414 27512 29553 27488 4382 32067 15441 11602 31427 23353 21792 39017 33707 6276 6484 8307 3155 14268 39533 14404 22489 31900 27716 20568 19409 8779 12026 17743 33287 12718 19218 7930 567 27764 4963 21507 27635 24596 39319 8917 25487 25230 29375 32329 28073 15406 4640 35267 20097 26845 16542 9533 25100 34333 26950 33463 9673 5533 38604 3942 38150 14618 24501 9789 3675 39512 34876 4890 3330 18234 21002 12399 12551 21909 39341 39795 3305 32246 18243 31505 31643 4823 33024 9128 19436 27122 37861 31890 34758 8617
5046 14424 18516 28633 38159 7831 19412 8796 30638 26221 2785 39690 2298 34233 18029 22596 10612 25380 32238 15869 25745 26354 37730 38033 22467 17175 33197 727 11536 20343 13312 1919 31717 13985 5560 18856 32513 9815 39469 37279 20118 19904 17211 20250 9995 33202 19483 22839 4100 28818 16850 25687 31151 32529 37806 19586 13982 26654 9907 35016 29038 39055 5032 15325 11591 35645 12224 5288 13005 9978 8909 234 11147 39206 1185 36269 35421 20222 29376 6787 38561 23279 15442 12043 4672 2618 38721 14201 23918 8939 3820 32877 20809 7050 12056 23366 9085 18136 209 20267 712 13205 26314 9382 13097 26457 32966 10377 32349 29815 12335 33975 25715 21356 21165 14592 24544 35512 21122 23021 38930 13676 27940 22376 31573 5747 14738 1402 16448 5739 21518 16954 12525 11513 1797 38743 17687 36960 17198 18721 33313 8310 11537 39452 32809 19449 15818 31697 2895 19059 34560 8389 25872 13850 32177 24739 6113 7971 37020 10372 7347 857 14564 30970 24130 4711 4278 18830 36069 25042 11055 6438 39376 19391 33168 1709 10945 18448 10194 22709 35168 32886 28320 37941 23171 33439 16564 15613 39179 22771 31530 29780 15490 25389 29488 10816 20408 28924 2179 31925
13735 31233 10037 7372 15002 32958 22505 12599 1767 30125 2279 14587 11625 24091 35048 6652 22390 39635 9727 19678 35202 26771 10234 3689 7052 22741 14829 10058 15443 6025 17728 22687 26422 34421 33306 21580 15654 35322 18644 23672 287 16266 30538 2313 11770 12161 18793 31629 29160 33641 21015 13886 36242 31846 3148 30511 7439 15792 32368 9756 22775 19227 17919 8883 4383 18003 25960 19359 15857 18582 801 7797 13303 34127 22669 14658 15078 39754 25943 5975 3882 23239 39939 28300 14385 8918 9857 4774 19799 29497 13431 28565 38302 871 17185 31654 11982 15111 5243 157 34568 33177 18583 36897 14147 6923 11206 22981 9186 13448 5272 5333 1389 1898 32112 8913 13176 21961 22621 37958 15963 30 12692 3327 14498 6238 27789 29107 39617 22331 6618 1382 35284 17273 1790 19310 29307 10423 11695 7189 6726 35475 17745 8574 5962 5575 32169 22266 37167 31491 3818 7870 18468 10401 21704 25006 19126 28948 31433 20096 26243 35628 4158 33067 14878 10961 36084 19672 18517 33170 1623 35747 10508 39383 588 2744 14833 38357 23977 7246 20504 29242 39309 10331 36661 24620 7686 36927 7456 37509 35716 38438 5776 7294 1215 31607 29253 17505 17689 24895
10684 33753 23963 26283 10257 10613 24570 25348 5692 28736 24198 9405 53 34713 1108 13401 21972 34775 17258 29563 31050 13274 37235 13840 690 14966 39063 12817 1187 3715 2815 18105 22947 954 818 36340 28095 5415 25226 12773 17290 11607 17673 12918 16145 21745 13491 33442 68 16926 17984 17878 22617 26707 21594 9884 6757 29760 15945 26756 36238 29526 12211 30205 22140 30005 24164 19016 20079 32085 18375 26438 24069 5391 26625 16592 24852 22689 24703 13943 32005 24769 23645 38819 22339 21186 6055 29341 24809 34274 24564 16757 32649 16050 31107 21741 861 8496 18678 22248 5211 20002 36285 7443 21535 7682 21912 5977 36358 4487 31372 15836 14202 25811 36043 27136 21100 28659 17078 33118 29658 27627 24066 9652 2958 27341 7419 27373 3046 108 5179 29402 34354 32007 9006 24480 27207 34539 1928 18008 12499 27200 23607 39950 27660 32833 19015 20104 15446 5851 8330 15070 38070 6272 31523 25400 26694 4136 30324 14941 18913 15522 12565 22172 14517 33595 23836 17542 1359 9944 3559 17205 28390 13381 28923 7957 5801 35891 16262 6765 17174 12205 21231 26465 5250 35008 14956 26468 25382 3596 2305 358 27555 28132 9049 20109 26182 39971 18726 4324
427 8498 22750 20578 36268 21977 1983 34167 29278 36037 16194 15316 39701 32265 7517 7035 27237 27220 21996 32855 24874 21652 30034 8608 17436 6864 25343 3637 29058 22672 37812 11162 34935 12365 21676 12180 16842 4431 2860 4770 8124 22572 16095 37650 28933 5548 25821 2755 10942 19244 39240 37799 24418 35147 17741 752 18590 29674 37771 1600 29469 27159 4075 26992 21054 35365 15706 30203 35620 19752 27906 19842 17913 25371 569 36569 29616 34272 24215 1422 30049 16082 19053 25351 29761 32243 8650 30734 32364 4557 10698 1616 14020 5974 20846 17404 24026 35619 6601 7707 13941 7885 8774 12957 37625 28308 11044 34411 26084 17292 29012 4676 23869 23580 13080 33926 17184 8021 3187 11422 824 15682 13900 25213 24328 14790 38274 34644 34402 19308 30199 12522 39953 25646 4177 22340 37498 5102 7453 18078 13935 36936 34787 22095 19255 6924 246 21928 8707 11583 10184 12639 3370 39057 25669 32827 37644 39454 30133 29344 4523 12826 19909 13709 20967 11642 27066 327 15820 20847 24974 34649 33516 18912 10303 16241 31586 16729 39344 20054 11992 8369 21299 21010 24791 20957 19905 24028 26174 9141 7168 4097 12777 39285 10620 4476 38964 13632 165 8005
14762 26841 22252 3103 9501 18147 29598 32026 39350 36375 7610 6125 33329 17907 37384 30448 1297 11277 39940 6009 3476 38565 32150 32311 5719 1649 18212 25782 26825 37065 4301 6645 35167 905 1004 30836 37776 23525 38910 14938 22383 25402 34118 24750 9931 22319 8190 37431 8720 23201 7491 25336 1683 21599 21732 34033 19764 37906 31696 18916 2083 18334 6108 37357 18015 22079 10023 36827 14474 15646 6851 26451 15714 37513 33605 31839 7264 30522 18020 11440 9799 3901 8953 25337 12671 25354 18054 9844 29514 10082 38235 15081 20837 28203 11477 33153 23927 6703 36761 32147 7392 27068 34661 9408 8025 27655 22912 7506 29022 1510 10625 34684 21030 126 5602 38054 18144 19710 6569 26622 20353 18124 32587 14731 16303 35228 32059 20395 9616 38138 4420 13774 38603 30934 15972 10724 21085 29561 746 39062 17349 36229 33589 29921 20778 31205 34003 36332 19582 13584 6892 26623 8015 1080 12124 27190 31956 32410 4653 38213 12915 21906 25895 10686 14687 24920 38117 36948 29440 2061 18206 39123 22774 12323 21115 33211 18434 38366 31550 36617 6519 24401 10957 25360 5178 2130 34582 12760 1013 14096 13413 22151 24472 28630 30807 24957 20328 22294 13685 24758
15778 17010 4341 18802 7484 33381 804 4298 38873 13656 22138 32825 21277 989 21812 10596 33843 9120 30432 39041 15391 18770 12436 38826 10269 16071 31467 9696 19329 34561 16093 33314 723 17057 12965 26678 39777 31865 25610 29136 11836 25449 14752 6267 38628 28960 32222 30497 9044 15157 2695 24908 34313 19918 2145 27076 27650 24316 11860 38076 12999 16220 5161 27413 19074 12775 34759 17631 10985 36233 39200 4582 19068 28477 6882 632 39242 31793 5431 31113 4655 16468 12181 21530 27047 4861 11032 28990 26421 23261 6180 34213 27302 36893 9369 12941 634 12974 19828 16573 24572 869 19623 38716 6734 37048 4359 26310 14500 172 14872 17496 20930 2269 1613 28331 17582 22413 16347 25256 18155 25557 16868 28753 8336 1547 32742 2570 3516 28326 18634 33564 29779 6829 37790 36588 35487 12979 12485 19635 2187 24782 25738 21316 37405 31606 7397 19896 39112 12429 8560 8188 3455 7081 26485 23696 34735 17043 8485 9718 23941 17703 13495 18261 29301 21323 9088 1101 29068 31879 27037 29640 35787 34087 26235 23531 7963 17279 29632 26282 24962 19865 27898 6845 1411 7864 32733 29965 32087 30273 28988 23757 18411 15931 37614 16997 2682 9170 24433 7467
7026 31796 161 27371 3488 8103 5891 32478 8545 21351 5289 29854 12408 21060 38840 7160 13096 9534 20376 18229 17076 36329 9584 6377 3245 14480 15697 7440 22437 18924 18985 25995 5498 34053 26539 18565 22391 4287 995 33870 11192 20147 28501 32494 23120 13268 39246 1242 12744 15492 3434 37057 34860 36286 1124 35473 28687 33362 12482 34064 27991 12039 27990 24494 25159 4822 7190 33163 22483 10766 23874 20358 22334 20015 8112 10143 39488 34463 15871 8992 14313 14231 36703 21092 38254 10582 21269 32469 8396 22821 3905 24879 33873 24139 4032 7007 6017 34142 6721 5412 9850 31557 19495 24497 33724 10458 20767 38750 26644 24051 38788 11730 5275 28299 28648 30353 10583 9097 14236 2828 11523 26335 10079 17083 2037 3779 25461 39862 21959 11589 4916 25640 34620 29381 994 21621 19930 31334 32762 21460 13323 14940 27411 19665 5672 18319 5650 26140 22874 20581 4249 28994 32579 684 20019 28614 18345 16969 29891 33342 33720 26983 33301 17722 27621 19304 34694 1947 36707 32262 4979 33807 29613 17806 37203 23062 28186 17942 17347 20444 36838 19345 27632 6987 18116 16322 7564 34709 12627 2936 33792 8262 8704 16076 39269 6162 9206 29762 10492 4080
9870 21148 7225 30523 35784 2728 17702 34407 23359 12342 13914 1412 35526 6409 28576 24323 17390 14729 33375 30893 574 13897 33647 25244 822 32411 16323 3298 36220 31262 29265 24040 21990 23755 24222 20766 5544 2396 6343 8550 20935 21570 8758 4528 24987 19484 14195 19861 6583 22420 11411 21368 7646 9541 27214 22457 27166 21084 28450 16557 1045 28591 7381 18705 25074 39718 34051 9351 14553 6960 22373 439 35750 35922 22200 39362 13058 32705 26024 21698 26934 35152 32251 4103 18515 39021 2138 10454 37056 29912 38614 34732 6573 15199 34769 11884 28325 1477 22462 462 21419 32168 32053 29438 28694 12547 25608 29825 20537 12804 39675 34595 2856 27588 39615 25770 38389 9187 9014 36354 14372 39410 17652 32994 37767 28578 13833 23029 24359 3681 12858 8572 35731 37068 7658 39839 18489 13578 3680 7928 19296 21429 2829 25456 8126 4773 1509 2433 20156 4558 27720 16640 19197 5007 13937 16339 17646 7416 25941 27272 10487 32481 29231 39434 30989 36725 19543 35594 14290 16547 18666 15669 10152 14446 30510 20264 32495 16484 14730 6145 1466 4264 22593 27982 16310 8334 2557 14572 16675 14095 1484 14862 16231 38966 35715 12380 39735 11772 4479 1404
31815 39144 32188 19189 20641 7615 29756 4899 22670 31243 14452 11145 30421 16760 24350 12229 15264 17065 33922 34299 9894 11355 38889 1863 356 16936 7511 23819 20554 33619 27118 35530 37156 33618 12851 12865 1844 8512 25170 25116 1403 30488 5646 8054 38988 19778 6739 37570 28163 4038 25894 36407 8914 19913 35973 38113 4634 32385 14563 30621 30531 10075 4908 38831 38175 18154 29097 34691 25032 21910 8543 20122 24801 20233 8127 949 11035 797 9840 27446 31195 15069 30681 24014 12892 15765 24994 19463 16316 4969 3208 15461 37691 4989 36148 17129 34667 34959 23678 18939 13388 23934 7054 1034 1665 32968 32326 34946 22354 10804 2158 21682 26580 5003 18217 29403 21405 19767 30686 28813 33378 18872 20958 14753 8490 11665 39481 33860 29496 7477 38282 10148 1367 13521 17206 26299 10823 7107 534 18413 4185 18230 28086 11458 33838 4224 12198 22378 10894 992 17004 2611 14609 14077 33550 17883 39005 28599 3533 17101 10417 9881 25149 30341 36733 1392 12706 29781 9029 1497 26193 36388 16077 31203 38086 10969 37898 9848 15989 4219 26418 24729 7997 25043 28875 24736 6187 27640 26830 17145 4258 36128 17765 3784 9940 23638 12011 29234 9225 9286
24062 10098 14494 6818 10080 39111 27971 21799 17959 6679 22075 16327 26922 32350 25896 20556 15961 3233 38967 38472 390 33833 19374 25542 32752 2081 11768 37310 463 5232 34035 28742 2467 30903 38321 25859 24670 2004 25215 34990 11831 9760 37266 21778 34785 30780 16905 26408 1255 6129 16340 23851 20643 25961 36529 32520 14059 512 38322 33730 14434 38896 34062 28313 282 16404 27323 30015 1718 28287 13316 26726 33029 26254 1778 30604 9667 9090 2864 9033 4187 2026 19705 12649 29753 13441 15573 3505 3265 33044 16645 19594 2796 16234 35762 37347 31340 38914 17297 11454 27078 21853 19430 10761 15943 12182 8026 22710 11015 10676 22218 27004 3722 39908 31516 27645 28853 1071 11619 14599 27248 32307 26053 19816 15309 32704 17932 38179 34531 36133 7708 36834 19587 13237 16829 18081 9692 11052 4791 10829 19784 38572 37236 9420 27969 14997 31100 12872 9458 38193 7705 19793 12587 20727 27871 34772 12434 8823 6486 7267 30960 27542 39046 27891 38670 36436 32666 22096 38882 21457 21265 34612 28986 26284 10543 17134 37551 20223 12786 17519 20143 30446 30264 18720 37621 25562 11183 35032 36539 33632 5267 11759 11407 11119 7602 24823 22005 32221 3537 11833
27178 30210 23437 14408 1979 20828 37271 7342 7421 18453 25971 22535 3599 33822 11103 23511 10190 33786 27976 35681 22729 24883 33656 37206 14728 12376 32256 30992 20009 30519 7206 13545 24946 10068 34389 37305 14098 38904 17139 27206 6862 1664 37537 24928 1289 37548 3597 38994 21303 31062 3639 21455 18732 39254 16243 7316 6507 32363 8437 5853 35754 39451 4253 37546 25401 31472 10560 30565 22513 22623 2453 37937 13378 8681 16420 16002 585 16163 35802 35767 9326 28274 11370 27499 24267 37147 18641 27923 7424 17628 8386 17152 13800 17759 32926 24413 198 11892 32913 32990 36613 39976 11626 33430 11306 4658 22557 17369 9720 36536 32366 5981 11837 37571 10179 2232 31961 19756 29576 38345 27752 21200 28783 32680 38907 2244 26519 21779 3266 5060 20980 28613 6921 19539 597 37589 25682 16970 14336 6963 2123 5371 10893 3319 27602 3347 23063 3180 11208 8531 19934 34662 24382 24276 2656 8130 6042 31919 7417 11217 24131 1188 25151 36852 10587 39437 5301 3778 10794 9603 3989 37392 6893 25620 23476 6786 28877 1333 23278 12576 28012 39943 19318 35159 21143 8520 26179 7775 11059 6102 24594 35163 6956 27672 2030 36590 21668 22618 36654 34952
37912 39815 32549 3635 24847 10026 18646 17835 35704 9293 37843 17113 6233 17999 31456 3963 13761 15146 2608 23921 2133 33652 34170 35417 4691 7612 29246 16803 17679 16049 35835 32106 34348 6871 5577 39462 6711 35934 23082 15528 1309 30820 19906 22289 21756 36775 7837 22925 37603 23753 8379 11653 23959 31707 26711 36483 3621 8981 5478 39283 37884 26062 34171 16855 15162 1353 9436 38427 39007 37668 31574 32769 27044 302 3346 15597 10484 1655 12265 3391 2776 8221 22109 18269 27570 10271 22686 26250 18440 12968 2036 24311 19600 36511 6308 8584 15912 22105 16186 9659 35323 21422 13086 29260 17867 4375 26482 31584 16595 36391 6383 14238 28406 32465 17067 22793 12881 30719 28890 34413 33289 21707 9735 34940 22547 30251 38775 6381 2575 36497 7092 3831 12920 35714 6955 3616 30755 21453 18978 15581 24606 9575 11782 32689 35514 19653 25662 37219 33823 22313 39740 1644 30886 2890 20175 30306 27756 30974 17481 32437 3706 36887 25446 14502 14143 177 6202 2410 20965 13301 33094 35089 32727 4335 30759 20455 8735 36640 10628 29479 25128 26308 14 5860 20249 3140 15512 12075 10571 26213 6585 9409 33335 2788 36986 1557 29502 21610 37082 14349
18262 6975 24998 15377 31329 29941 32921 29447 23387 4635 28005 8331 39035 27759 27069 8259 24669 35308 37346 6058 29838 29726 25153 34646 26796 33385 36400 22352 4535 3738 670 20248 1487 17253 1595 24305 16959 34499 19887 7384 26047 12967 2954 23462 20472 25152 31275 23289 28462 34566 3281 23300 17623 28084 12444 34699 920 13169 20526 37460 31492 36996 10229 3780 36823 15738 28652 27564 20463 25796 36659 30319 12919 26553 28944 23574 16939 11030 26103 33219 2418 13045 15700 18433 3764 32036 18596 32915 7719 30722 4721 1581 18281 4447 11729 27840 21098 8291 34593 28551 432 19978 28860 12415 13591 37717 21302 1670 31246 37705 12842 37572 11835 16553 17905 1416 25751 32382 9328 27334 20055 19591 13880 13720 10127 30472 17478 26819 7027 2726 8284 35502 16483 19493 27973 23877 28973 36079 14416 35404 25873 15182 667 15679 15804 37161 37122 32449 5165 37831 299 9308 2230 2253 37464 9685 19981 30749 4093 14101 22211 21511 36194 27315 33941 13294 14955 18627 20402 5268 38827 10821 2880 5061 33166 31420 28899 35930 5356 39170 35212 9668 16873 16361 21864 10521 36063 34484 3654 22594 17499 22395 33947 35146 1093 25829 25592 15976 18480 8799
25319 39321 30762 5075 21381 3508 34034 19300 6777 3888 28115 18811 5376 8638 37769 17315 11514 21696 25988 30109 38573 39844 30102 21709 3423 37864 23730 6043 25076 17925 6931 4646 31936 30340 15329 16533 35227 38034 34643 13551 3191 15223 10275 25372 10640 11497 8977 34283 16804 29795 6181 4901 39397 38022 9868 30160 19496 2008 38221 31282 1225 12605 33627 7326 24581 24268 33636 39113 37136 5558 15580 31442 34392 36730 20777 7344 8885 39244 28616 6966 8585 33728 9550 8888 39043 25084 13659 6496 7348 18518 16027 2132 37891 39149 36196 15586 31213 4111 12672 33454 37854 27490 9077 6437 26125 31185 13649 32009 21024 5214 18841 1658 28362 11682 22992 14560 16128 3254 35518 21103 10619 26526 9758 35039 36314 19471 1282 16712 16565 22902 15751 26390 21889 27202 26499 18123 35445 24931 1585 608 5502 37423 36803 35045 38799 8877 30566 15425 24991 21833 3142 11471 36445 39399 21768 35946 28750 7065 201 9210 34827 18064 21336 36370 14173 9705 29666 5967 11467 3133 27676 14076 12126 28078 30882 2751 25901 15190 16273 16369 2867 36971 37420 17484 7140 23902 5486 1785 28661 12086 31187 35859 2771 35807 13457 30964 38455 10939 3442 4777
9582 167 21918 27187 11492 36484 29099 37213 8164 4065 20934 18747 25434 22285 13464 2697 39361 830 36163 38475 38564 33610 28289 21937 30625 10130 29976 17991 16883 2359 11940 20569 7683 32204 6241 7993 12857 18670 8776 16731 24426 10117 30579 14994 37753 10433 22615 20315 19522 3195 8954 8491 35428 38408 8197 29080 39969 7806 35682 39054 23454 32610 13429 23077 28987 6593 15136 17918 125 8 29209 16956 29520 15301 26963 21596 36343 23690 265 20572 5123 16603 23708 16833 3584 23820 39485 13714 29270 24896 27412 11311 16053 5519 36366 37209 39334 913 5557 8444 17507 11976 20805 24431 1930 22795 7749 28985 9937 24873 11752 2150 21088 6356 26379 4913 7900 18994 14758 16892 13477 35028 27500 8840 39711 5499 36624 9445 18298 208 22129 16979 36805 1857 7838 26116 18676 7476 7349 21958 7248 30300 33556 31005 36023 35823 35235 34491 35637 2225 24143 17730 25938 15229 24396 13760 7528 29212 26739 36778 21145 35376 1964 32882 29518 753 15719 34943 16550 11246 21999 13131 3993 30633 39724 8875 13691 7710 27484 8434 8183 32800 8642 29007 2043 12537 8571 13121 19990 11354 29995 33417 39493 11889 10092 29637 29539 10888 29170 25293
29335 4891 24017 13742 4595 37576 32276 33077 3503 31446 10572 17106 6790 10595 28342 27899 35357 7234 32061 1980 6344 23683 1386 38503 35247 3487 31457 38112 34608 38222 17665 21550 18626 5767 16129 30573 10644 26391 30178 25793 3804 9828 9243 6105 29143 38407 18395 1626 30155 31079 5463 30997 32539 23613 26589 36837 32667 13251 22288 30191 28956 38328 16392 8204 19810 31190 7277 39114 92 25039 33629 28869 26896 2332 930 35173 10177 4128 15797 31860 26595 10217 26812 29446 33757 4988 20697 8715 34989 24187 34022 16352 30972 30800 32035 37342 33338 31004 33063 21137 12571 29542 24966 16800 10671 34372 25743 32861 37410 16989 19144 34328 30279 38900 9045 21138 11144 16711 23515 21253 26247 15944 34 23274 32409 36262 1873 30358 31653 32046 30131 1661 19553 11219 24061 5561 33102 31018 1845 23844 3836 19063 17930 7376 7847 17721 2073 32125 17364 19118 36049 36701 10919 33587 24435 13332 24524 5166 5468 3934 7459 21965 27277 27675 6819 23700 28174 5525 12951 29597 7351 6440 7410 3694 18380 4094 32924 6044 1118 31526 6886 35941 16898 17609 15920 29164 38285 38426 21656 17786 20652 38370 19200 12567 8509 36890 213 16379 15713 13826
17468 36225 22242 267 34580 35449 3166 18459 33904 19829 26362 23782 9342 24207 27120 11098 34318 5323 18127 17376 20642 7629 1378 16477 30338 8447 7734 9526 6246 33598 10240 7448 12431 23726 28258 2020 26831 30911 15166 2203 7359 21818 8430 9046 16247 36926 4150 20490 34153 29104 29003 37 39213 31395 935 6769 29288 22013 31597 21759 10870 28193 39759 7094 5948 19544 26304 18204 35244 10607 4042 24298 768 555 1647 15253 37321 1862 34870 22225 15395 811 38517 35893 34790 19510 34919 8252 6663 20447 23054 3782 38587 1825 11313 30885 26424 26436 14309 22247 8177 35531 9474 23866 20446 33547 33179 30241 5966 34797 35737 5348 22602 30845 37849 36848 23644 27796 26998 16074 21493 36438 19195 38974 32608 9402 22825 10201 22432 18629 18182 39395 28493 34838 14117 31111 36248 26662 8123 20051 5190 10528 25723 14561 10233 6791 3150 13972 26667 366 8372 5678 25565 2743 6185 31029 8548 31701 16896 4980 38130 13302 38239 2144 11129 31623 16817 20637 28938 10599 35139 25221 4660 35014 14221 9256 23651 35205 4841 1717 26233 7122 32051 32343 13041 17270 36177 28404 19223 24797 20148 29017 4926 20336 36744 31225 15935 14128 13049 11329
21257 33979 20772 18059 36472 3058 23362 360 20275 11221 31413 35928 5446 47 22875 35558 39122 13153 29192 16520 6872 13167 30280 25637 30549 6135 85 35291 4403 21056 39554 28138 22628 11680 14400 33951 16826 3382 6445 4837 31201 2461 6289 28953 19262 22903 22348 31358 24354 37557 12330 23684 30038 28170 30588 16205 33896 15302 20546 16447 24937 11088 25982 14094 615 11818 25904 31370 45 25254 16847 22974 34209 19972 28820 8077 25349 9755 26851 38293 36439 15231 29305 29656 14551 4423 22562 34934 28343 27377 37911 4009 25453 22388 2512 8391 137 11720 38386 37531 19013 5524 3636 34242 154 18843 7893 24912 39099 2601 10815 5959 3897 22569 11171 7135 16390 34665 20831 23640 39061 5664 30051 5877 30501 25958 31401 20602 14713 28607 30871 33621 17688 15131 22883 39744 39914 21829 1999 25925 7762 21289 21920 1067 2699 16721 12745 30468 16146 15041 23967 675 28355 8175 22050 19152 27930 3134 22662 20904 33696 7005 39079 21784 27230 27980 30938 32591 12121 18152 22510 36743 28586 9882 2582 21761 31704 14116 26258 37479 30635 1734 37588 8309 6654 5924 29314 16039 31134 24558 6330 38425 16776 31967 27285 33258 22966 38657 38774 26276
27860 23912 29694 13876 38329 25963 3343 15008 29036 17301 23048 10468 25931 24278 29319 25737 33382 27718 30413 38854 16246 17941 13094 39478 12693 17882 34235 13179 2120 30159 37839 6176 13814 21539 5746 20733 21615 8644 13070 28918 25045 22844 32277 33304 6014 28176 14505 19620 35612 32512 24058 17246 37922 27954 38215 27958 20997 5233 35036 39974 452 30233 16976 34877 7156 24536 1977 16942 17381 9251 14912 18810 11998 25081 15605 39669 21258 17775 3034 5357 23479 29078 29386 20335 36632 20615 32405 1966 35030 36953 26463 11132 11272 1195 1525 281 30024 10994 21154 18800 37601 16122 33731 27829 918 24489 31042 30586 3996 10980 2851 21548 11605 16414 17497 12116 34191 7718 25945 19889 28792 18910 6317 464 16342 8788 20005 1610 26682 11125 14869 33257 37555 7941 12442 22768 8143 10278 38751 6116 33391 28808 10861 2671 12586 4860 8555 31647 5569 31776 5447 27768 29024 13173 11604 18074 28831 30229 4752 35056 38003 13999 38691 23030 10524 31484 19179 35952 34001 14092 15357 21484 2450 17363 11069 37857 10442 32677 26817 22000 25361 34533 2412 19891 346 22344 12929 25258 8232 31007 39211 33744 34261 25514 11646 1812 8943 24814 7180 3850
27394 33151 3478 20007 14484 22715 33646 2035 23972 32829 25844 14748 11573 34936 10748 14183 21230 16788 24621 20804 15938 21964 26626 23114 10391 22930 3039 6104 33244 2384 18254 5620 1099 36019 17447 9489 28018 20681 14541 14858 7111 35578 23186 19652 12932 36144 26265 37626 18806 9879 12882 38847 34012 28527 6073 18864 23889 10863 26006 29612 4131 16697 25356 24249 17834 1545 31988 23365 11184 31990 4212 9274 13946 7552 24568 3354 35953 27876 24573 22302 10077 37786 14322 28011 34025 11769 26585 31809 25060 37602 23350 12538 18226 6906 6540 1312 15174 15561 8868 20228 37758 18970 30809 21939 29432 31303 38313 8693 2170 2983 11453 34138 12646 10718 13862 14107 2701 33733 20380 11690 38566 22746 13123 25431 38123 37109 22124 16693 1786 26443 21576 11283 34599 7366 14228 15645 6653 3809 29365 2859 32764 13002 33117 11802 36905 7737 29352 29459 23550 4732 15114 26596 24181 33205 8415 25376 4437 19772 1583 4775 24678 27813 20960 3110 34161 34387 33269 31024 14887 19650 36666 34573 33050 4197 28314 21938 3054 15983 33161 25916 15245 19640 16791 23332 769 33718 18863 13157 23923 36600 35832 11692 8836 24258 31349 21450 30464 19044 10020 9207
2219 31807 19521 18194 24696 960 2301 27468 23304 859 3949 29571 23426 18370 8688 15544 9362 8152 33663 24352 33366 35293 2836 32807 10637 32701 24947 24225 26176 35024 17141 9529 17178 10568 5199 7016 34636 26042 15476 31835 20785 28793 7165 22508 28745 34111 23205 30608 21472 32189 10703 33995 25642 3302 6011 31677 37058 36735 24759 20404 27560 32448 36374 29584 7902 3950 27855 17708 18945 13372 7465 9113 19836 31933 25056 37840 19683 10008 35251 30459 10768 23258 35375 23846 28447 8134 37015 5106 10510 18900 32687 15736 28378 21752 16375 17682 3037 8362 12132 11096 9428 14865 19963 30028 14847 33137 2441 19324 5105 29741 39640 19923 29052 6624 27261 18090 22674 8942 34565 36687 14607 19295 17317 22843 39082 33345 1889 31780 28635 28668 23016 20680 13853 1432 32400 17358 32438 30919 27465 9504 36998 28680 5998 5769 35018 38477 18061 2290 1608 27582 7521 20507 39253 18734 16239 21898 35010 1015 29808 13008 18614 38726 24259 5369 7974 37013 1229 29041 9084 22965 26152 11761 8600 19201 15619 22520 8699 25572 24841 5733 14264 25092 15988 27671 37965 20575 29945 12277 652 33041 7137 25876 20357 27423 1521 4295 8454 15603 29567 27698
23189 26070 28546 602 8765 36419 36477 19157 26385 10503 1565 31034 26600 10658 19083 13918 35120 13828 38650 28246 1488 2309 31997 14124 11020 29350 15878 7114 38417 36925 9726 37696 22004 23510 36589 37052 19006 37525 13971 1736 39194 29799 19629 27584 36301 9506 25753 18750 2659 1082 22744 24085 8209 20863 12948 3577 23548 15826 21093 4511 30044 36303 24440 36443 2242 11496 32468 10313 24261 16704 24103 24665 20929 26412 25072 20291 1018 6359 1808 21721 34268 3044 35372 38683 30066 2172 13762 15901 23361 37069 23944 3497 22766 17162 38198 39456 31277 39797 28940 14436 27966 20866 38315 18615 6732 26793 7132 3341 23480 15310 30099 38863 29839 20530 2598 24032 15842 2457 2996 11408 21086 13354 38594 37732 36341 20301 23931 37033 38861 1598 26948 30022 2549 29193 6050 13435 34855 5816 30046 15834 36618 23101 31822 14467 12452 38168 13824 20320 14861 19590 22055 24954 3853 11869 6688 27198 26716 26119 32676 14768 29696 24275 19263 26528 12475 3101 19920 32077 35206 18946 31756 22759 24705 5810 34624 16121 37326 7763 22534 8265 36954 11847 10237 6685 25468 3193 34315 12401 11736 13859 32645 36849 16897 18438 3252 27363 26089 4079 29414 15176
18276 39354 24199 20921 16662 2813 16744 4618 37526 33519 11143 25783 36139 29224 11305 14589 26917 18674 24186 16961 22822 20409 13964 9172 30591 27296 21046 30152 21984 19712 5299 20747 27895 1019 3055 2908 27647 10231 19000 30282 19174 29001 12983 10214 10180 35439 12512 31189 37035 24934 772 2982 39924 25036 23182 31665 12079 1690 13705 6542 17532 414 32767 37692 37714 27717 20636 39442 1871 32945 18512 32314 14567 37977 5372 14050 10869 28003 25515 37152 5791 33940 7912 16694 35504 3539 36278 5957 25702 21174 29864 19604 2730 23809 23598 17680 9276 19654 18697 8494 24531 18207 26987 18777 19785 84 14193 28768 35901 12558 3592 26953 23586 30987 6360 26220 14450 33275 12066 13801 37462 32815 15769 26060 6700 32387 26018 20498 22170 8700 19378 38864 548 1551 18409 3232 30237 17645 20789 37168 5702 37311 11528 17537 21950 31566 31853 34338 3114 36015 24001 33510 876 34282 8469 12899 36623 31228 39271 23701 22022 5257 35748 17034 17028 17202 16068 20003 14948 35353 17676 10361 13368 2417 33703 30412 37917 28256 23160 5173 24848 10310 10139 5241 39148 24892 18883 14420 4525 35607 23383 4089 29956 11664 3651 4062 4867 9384 26743 33423
17442 18355 20990 3035 23256 17504 33497 28327 3833 14163 21601 33695 27229 25344 13105 5363 11470 2843 6464 23922 4799 8075 11832 2385 11460 38835 18188 9042 23051 28587 4501 25475 12474 3225 32552 19868 20144 3907 20922 1437 12274 19408 16600 12953 12687 37742 31368 23878 14801 11169 13621 5783 14373 7106 24471 28700 21669 1394 29975 18896 12505 34835 13497 18184 3910 44 638 22431 29400 3658 33573 22765 32948 8479 21695 30089 30747 20649 23488 20624 6087 30643 6951 10488 18783 39682 35201 3428 16813 33773 17161 9790 12016 11011 37372 41 21625 2778 9989 12925 26048 38059 6902 25338 531 35746 19030 29268 31592 26270 9865 32058 3644 34157 29665 20421 35898 33330 5792 33916 6633 35543 3226 33145 27352 34954 1846 38738 35636 6746 16830 10580 15905 39317 25139 39461 37256 7158 3431 3361 34015 11821 2022 38877 20465 36256 36883 14460 34074 13077 17955 33057 27041 32758 39519 32895 13795 24037 3647 26827 24285 27893 22398 38661 26887 10611 5592 30890 46 21245 16626 30032 19113 24969 14686 6084 2050 21308 11021 16010 2595 9846 13751 14263 28710 29555 35926 30288 16199 17789 15607 29508 13506 24582 7539 2873 25585 27357 19876 25028
24866 5542 22100 33874 35436 32664 15732 29919 26649 2725 5551 5089 9873 32626 13763 27731 31038 7357 11972 33702 23059 38234 10083 12269 20297 27948 22753 19858 31798 30606 21855 30121 34301 19196 34816 6329 30494 5326 5097 27330 34619 5728 30164 11914 14182 12764 7940 11302 12048 6453 4812 18259 3785 5955 4495 9127 16741 18070 1926 9050 8508 17833 28806 36946 4285 16230 3513 10040 6075 9974 31683 9987 6473 36993 24189 21866 1556 3869 26865 16796 22506 31157 13307 21386 20618 2315 30851 6982 37334 35786 34363 8323 6560 26557 18707 20576 13529 13392 7641 1062 9522 31747 6335 33066 11880 28062 39824 34688 32185 26036 13052 30190 15663 23561 14535 8422 6733 34115 26843 37257 15622 10399 13526 9234 14342 4757 10159 33455 11862 5493 16156 12403 38030 28088 22283 32750 564 1539 33292 36606 36447 36678 20891 38216 13737 33861 34680 34526 5186 6006 20166 6144 2718 27683 37565 30778 3132 13225 8874 17581 474 36647 28443 7201 31109 37202 29536 28008 36380 13669 7204 8710 34796 32342 18606 36978 13190 32242 17058 35870 30636 976 2875 10714 26237 31805 32603 17750 6541 28821 20076 19282 19646 20667 21881 32792 18835 15720 32858 22441
35052 30819 21943 26298 8439 606 23079 24771 15734 5920 6517 7223 4455 3171 30263 18722 16446 4074 5946 26754 18195 39639 10931 29023 35587 12340 12130 28317 31694 20687 15102 4677 347 12100 23071 27964 21629 17066 31082 20666 3725 27233 33353 6575 5821 32361 36796 15866 3704 33160 5683 11791 35765 16405 36218 27469 26582 7761 7386 27268 18347 22941 8804 12226 12196 15341 13425 18091 20179 8505 14816 34879 1747 32824 36149 13891 9507 29863 30914 7233 12397 37091 12924 25197 33709 7706 22 20580 23246 34208 11173 22090 38385 13577 8448 30436 16157 25527 5567 31718 16625 23850 8687 37893 37748 27620 29407 39463 31439 39547 17287 14005 6481 23600 39580 2007 6188 18639 1978 931 9171 26869 10847 27290 24224 28672 13224 10855 668 21420 39322 4753 37055 703 18496 10119 38768 21295 27255 19967 35095 28810 5549 12370 37422 38137 17192 16755 12591 34961 9608 28162 7979 23762 34974 31120 20775 21653 34256 9177 12930 17196 14628 15413 2651 24110 38921 32962 4286 27070 30157 24815 22399 36143 27123 38506 34320 18163 35980 8105 9083 33090 20726 16394 17391 35425 19155 19025 38474 24840 4434 8930 16930 8270 13231 34031 36108 37261 32568 38172
7851 30177 20200 3000 23853 5984 6900 6939 37160 3777 14170 34514 27525 34825 20909 23180 27240 18652 38796 34642 38782 38212 30576 35358 2992 24597 24716 34854 22526 28422 29525 18361 22045 15693 4993 9510 19601 30126 32662 26010 2766 25548 6607 34541 39289 6212 12945 13486 26461 36098 37406 19460 18868 13596 37783 25368 21913 31320 38940 21397 20824 5894 15244 39180 2800 11841 2469 23313 31907 16326 29227 19949 26871 22235 21117 8633 28292 32909 2239 4665 8517 11921 5835 17812 29371 34380 18546 7910 21969 30274 433 25778 2729 21238 19130 7346 5442 7989 28081 13627 37961 31941 4942 33347 24868 21020 5645 12845 35305 39156 39867 6808 6780 22837 34859 27052 36514 32519 20290 32328 3546 4544 11917 1530 36263 16174 9315 13939 38961 3283 30416 24876 10078 20840 34907 2069 4994 9449 17260 38963 8714 28842 5337 31138 38916 26521 22488 4617 5368 29709 30058 15959 31081 29044 37931 12870 19843 13305 10053 37177 11767 13269 12063 12528 37217 17598 22905 25430 28467 13034 31930 27129 36266 26859 5520 12352 2775 33065 31945 12710 25543 37949 38528 19241 17281 31295 18295 30293 8438 37837 6444 4478 3441 19379 34849 31435 10236 12166 36417 2351
3940 14251 1777 1967 24921 15249 4796 12212 29836 22786 21016 28348 15247 19833 4883 9897 24666 25867 4630 4923 23018 28351 39897 24060 10101 32661 13539 20613 10949 28954 7727 36158 6842 34851 9886 36508 30553 20253 6588 36634 20123 20686 10418 12106 19364 38720 21440 1572 24271 10874 26666 1401 1105 1383 26802 23209 5220 6888 682 32458 30409 23592 3521 24465 27182 10114 27294 566 5354 35429 27613 2407 36718 22646 2121 3051 24309 14806 22160 39665 31554 30775 39379 25823 31564 15957 33984 4967 7150 30228 2491 30052 25833 20902 13469 26709 14778 13047 18209 14637 2799 3385 591 22146 24029 38792 8728 17853 20164 23245 11714 15086 31112 372 17544 17912 13396 30003 12071 19261 39424 28269 16188 13422 8842 9988 32232 36130 32503 27939 36252 31958 27475 6823 21517 26936 1447 17064 36504 11187 13970 30743 5829 23834 4421 19877 36858 21861 28620 14469 28972 25113 19160 4508 16864 5383 2959 33723 4284 2517 25052 38384 14159 18273 3571 8848 37193 24140 33466 32586 3014 9415 28074 9416 24990 23573 5380 247 10006 15343 36740 37231 15816 10808 28029 28370 33103 3378 2128 1908 15417 25507 16417 18513 32281 19225 24619 3756 22191 3350
17371 35938 31304 5505 36528 25942 27634 22310 4623 15691 13341 18893 18397 27945 33377 27787 21192 9179 39592 38014 27345 12286 4670 30912 10854 6204 14660 5868 278 35769 14259 28641 35609 29550 24601 1248 16795 1423 4309 35907 32485 26063 37023 7800 7944 8287 5963 8145 10825 2551 22496 35302 30931 7401 16014 34798 24399 38087 2182 28568 29873 37350 13458 26277 19986 24820 180 15515 23817 8924 16691 25114 17785 12679 14052 28286 26264 5238 24204 17100 8017 6421 34932 18658 16152 9707 16512 24 4463 29470 10107 36376 10689 1760 21328 26207 15227 3005 16092 1016 20333 12854 26761 8350 36275 31917 29313 17229 37107 1081 32873 14194 28321 35931 39022 19680 7196 32230 31645 5095 12935 27878 18661 23319 5550 34616 9925 4539 35441 35606 11061 23236 17717 4355 18578 29778 26434 39375 28506 14423 5789 20853 69 8263 16975 33498 18749 35500 2086 27870 10322 29005 30958 1029 524 32592 13135 1212 16132 24805 7247 12328 15480 10012 14556 6715 34510 16958 8179 7415 33667 9602 15402 18647 23538 30054 25919 10886 35951 34327 12552 36135 31702 37139 5535 7338 39876 34815 28121 38705 18205 36002 22287 17237 2292 21556 19314 18481 7269 4879
24981 26293 34476 21357 30393 26318 30094 13230 32467 18855 25265 13838 24385 11775 15817 1904 4154 30010 35729 11478 30481 36581 5656 6313 16123 14286 26093 10860 33677 10812 8402 29473 2941 35614 17971 10034 33875 32844 12739 11107 7091 11564 33320 14248 31177 26783 33340 1343 3788 27003 20917 7389 23283 4554 10759 36083 4559 37494 15936 4306 13881 6038 29568 25392 28227 1137 20491 13273 35708 18241 3273 25834 2154 32914 27491 23862 34993 10195 27196 12791 31229 20484 2533 22647 24837 23019 5843 1084 23167 11648 6549 26327 22153 34245 34724 32249 10755 25652 22369 6682 33990 22995 20461 1388 6855 4999 27965 23342 12398 12473 31341 35726 4734 11110 15744 1856 21931 34310 4705 12125 24650 12083 20888 31130 36657 33071 14212 32564 7018 5700 11597 26496 36847 18256 13854 21638 3238 16710 2256 15879 39263 15258 9530 13580 35118 23740 28974 37832 29691 13879 15791 14311 13340 32695 1813 4356 35020 4265 6462 3643 38989 37553 5647 19898 2543 214 729 19570 12357 19721 14518 31885 1160 31192 8825 6609 27726 34868 18995 18139 25020 940 6766 5024 9245 1972 2535 34453 27458 18980 23914 30354 11318 13285 18803 6568 22754 19641 13707 4552
2577 1523 13245 28907 27043 3556 4992 24197 17319 16827 19525 32813 2425 162 2774 5444 33280 32336 6376 18640 25332 11456 29243 8416 6032 17981 34569 11448 1346 13219 27806 6752 16125 147 15191 18889 25455 31463 34832 3264 14414 38884 17310 10189 1815 4686 1968 33224 33609 34967 14048 18715 33189 6320 20302 30269 10709 31036 1113 2275 20120 23903 14952 19564 29906 38656 26900 7836 27797 14932 26361 22559 35075 18180 3397 29067 311 35138 8011 30916 33091 25022 26479 3524 12317 13326 34041 26493 18353 28935 37480 7308 12386 8235 30391 37880 17131 19112 17013 33849 2548 37103 30875 1344 36008 18033 17146 8668 17533 8476 9637 11139 21851 5649 2295 21879 11006 22011 21089 9985 27210 39717 20883 9615 31451 39040 20466 30753 20924 36625 6563 2040 32601 33759 4785 38830 39356 15520 16887 5351 36456 29856 19139 2966 25 13247 9314 28714 31777 6523 17038 38574 19607 4946 27088 11270 2108 37430 31234 3031 10041 10717 37095 8022 37539 25485 660 31642 24862 26012 29462 22923 38676 13948 28202 2667 15856 35691 23748 15280 4083 28611 9012 395 12705 11126 3696 238 20653 3231 12822 19922 36676 39883 36080 35250 12268 979 6363 28571
31149 2016 4092 8132 26511 33515 15389 11857 8219 4489 25330 2341 2011 19131 3991 16160 27809 36690 13151 9791 34824 12860 34059 29772 9356 8923 36114 14049 20701 27665 22835 3742 2872 39843 18555 1152 28335 32718 6219 29688 26380 11337 4703 30900 24660 33521 7580 6428 10124 14180 12990 10334 33215 589 3059 10065 6480 9864 17466 9005 21900 31222 27600 17784 29219 18744 5382 11026 36211 26183 32616 12460 38128 35660 15116 31136 30118 13483 36390 581 14504 6706 11081 2715 39854 27244 28610 38707 24668 12940 23843 33722 39384 32435 31739 15883 7879 968 1843 33659 14383 1602 3776 4119 21461 33648 28569 1645 28009 2472 10457 33162 14132 13148 5817 36615 19022 30740 19257 29304 6991 36835 28137 30223 15726 33146 17414 10624 22900 24360 3927 21359 25062 12035 30935 5059 19368 25302 31375 14949 13164 16280 36151 2113 38984 14488 1305 13218 39047 38080 9098 12309 1095 33780 2812 19417 5761 3170 27902 22700 25210 20937 31991 38078 7579 6690 17025 29188 11060 35677 28382 19726 36253 21182 6591 16977 23012 34252 7784 19394 19007 2243 26210 30772 5641 30142 26692 16643 13228 37707 24607 2905 22888 17283 19844 26452 23326 21891 2452 4733
11647 23815 25317 29089 37414 29373 10561 15795 10004 24135 35038 39186 17441 5302 1794 12601 32260 21951 34141 32688 19299 38876 29271 19845 19576 10475 38730 8420 23100 35057 12137 24264 39154 39453 13646 26746 8136 6079 31705 36480 27083 37047 4555 18505 37567 18936 32063 37230 27391 9051 25075 21575 25800 10907 26885 763 8618 18785 20884 21956 17548 35176 22624 30366 9835 36013 5327 16437 5827 26542 8967 23388 3791 16153 19885 39346 30331 912 25278 14597 2378 20736 39689 15236 5310 28913 1768 4045 18049 1354 15918 31659 20843 18753 17433 9763 13001 1955 36859 30480 4360 35888 10687 36914 2413 9698 6130 39568 7441 17710 13085 39623 26690 18558 39903 29789 22470 5752 25166 7931 33164 22465 8355 21261 6555 5239 24956 20025 10654 21832 6860 929 28600 9196 37374 33717 38939 27289 6598 31169 37294 34350 30520 21032 17230 23321 18076 9919 1027 31507 3080 33085 31239 22029 21282 22601 25955 21923 29019 35939 27055 38544 19761 31465 5798 28727 22749 8410 12320 12632 4790 13696 9456 39909 27691 24217 879 25564 22661 2844 21552 21524 4956 21978 18997 37963 24638 27164 31847 19206 39945 14699 5087 18651 29642 2444 1850 36140 38652 10791
29458 27684 3727 36800 11923 32004 2928 32916 37360 17084 32273 21935 12471 29491 33772 14960 20955 6327 10904 39327 3979 13165 22852 32319 23430 787 20138 35426 20700 9022 28709 21035 5266 12698 9532 2763 26543 18016 39962 15867 19086 7473 699 19524 32105 776 31738 15331 35318 38880 23344 16467 8760 4441 18840 23334 6946 31560 35574 21789 25668 22419 34813 17998 2998 19161 31011 19158 37981 12197 27353 24321 2526 4300 13380 2932 14907 23312 25131 13708 4195 6112 4674 9917 15042 13967 19919 14916 5921 32697 31316 29006 32672 29901 19410 36297 13386 37712 11218 37673 522 1110 21171 31199 19993 30318 39822 26781 1719 35188 37801 20951 19806 26285 21771 22150 12131 9290 1002 14875 39175 8732 12595 5758 4878 26674 37287 33480 6151 4845 1012 25011 8501 1351 34598 12065 32556 7492 6165 5538 11310 3196 5916 39215 16024 7821 666 17558 24456 38856 20685 6778 38090 1796 7310 922 31068 10263 39817 7414 19643 22643 38700 20832 37436 32427 20077 12306 441 9301 34306 38023 26417 27753 34997 24625 30524 9004 27473 12917 10813 35896 4941 8610 25161 28031 37564 12122 14489 10239 22034 16386 8905 13442 20946 12779 22548 24741 35988 22017
1617 2185 384 30637 4439 31760 10921 39650 9345 8193 38600 38874 15723 34585 13186 19736 32745 9502 8686 37915 38541 26660 19082 27444 961 18095 2602 2411 8169 12670 18304 2111 33871 28732 31542 12207 3224 31506 15171 26483 9435 1985 23617 6315 22024 36009 37866 16880 22254 30261 32715 3011 28169 22531 15113 28756 13747 6168 5983 35465 31473 25824 31198 22863 8226 39994 10416 3271 3100 18857 27089 29082 36339 535 9769 20996 24127 22402 22027 14495 12081 6976 14915 15687 35208 23368 29368 16450 17547 15117 35833 16428 6717 21997 30451 31938 29173 6311 884 31722 22878 39855 37285 20754 27528 5226 32282 13938 13687 23468 5286 3601 17262 26897 23756 32003 36552 22688 23345 20099 1935 14710 21044 16366 36004 4123 31118 30025 30485 23421 32668 2757 30243 29714 12614 19221 23196 3528 31312 9778 6132 37534 10941 3169 22676 23716 5434 38769 2349 32499 32081 2525 5291 26970 24818 35155 39926 22926 19142 27995 1498 15661 10995 14648 11781 17872 39791 17923 36591 8624 28322 3997 16772 27712 1098 2917 26502 22683 18452 4008 14490 8213 22143 28766 39637 38229 29964 30232 10406 7041 20387 19240 26938 11397 24565 6619 33987 28006 23799 25397
15429 29638 26252 32320 35883 20544 4337 34929 6452 31922 30663 35243 17271 19021 38266 25165 1279 6310 8090 5189 13264 26272 26925 35829 14804 38920 7640 14522 31064 3610 26131 18886 33891 32505 20708 32931 36440 843 4135 35499 5169 21432 34733 22018 17245 718 24960 6798 26993 22377 14513 37330 14262 1859 22999 17653 26926 2445 15378 20480 26809 22414 6387 26768 34564 22062 36055 30589 5313 25207 5670 33207 20925 25277 4243 9600 155 12636 26056 30611 4892 18224 30826 31635 37041 4626 16189 13345 4954 12638 33047 950 26668 16030 15144 11416 30017 39207 9104 32365 23562 28664 37111 2891 39483 21058 19199 20149 8820 18949 28411 23389 16078 31167 16916 9467 15612 27866 35114 9945 5074 33568 5599 8148 4701 33495 1750 35 25883 29256 14269 35259 31352 39345 11146 3645 37425 27006 12602 25534 18349 14377 23563 6016 25923 12234 1419 1646 15703 29464 37295 12911 22197 22893 7478 9131 28729 28995 26009 27686 6571 12119 27275 8089 22917 14529 3886 29476 37865 21820 19353 28781 16085 1516 26794 14341 28188 7098 24107 8231 18128 39910 20195 31576 29625 13993 12708 7408 477 932 33949 26640 17766 35838 15534 35992 25771 14987 5245 15327
24218 933 36911 15524 33614 18483 16684 33622 14624 31356 29748 30838 21233 29783 22306 8847 25326 39295 3336 34263 18643 18500 6436 10480 24996 31827 8012 18400 26935 2390 22503 14582 30656 37814 39208 34589 28643 13451 31503 31080 16637 21804 18650 20263 32893 39259 21396 32203 8083 5072 13860 17951 9307 32907 30742 29094 19935 2190 29363 6646 3913 27298 31324 25560 28794 18787 23204 19840 9352 25545 7675 25580 36863 39506 12578 22209 30307 18296 3852 8461 12927 15266 4451 8254 1752 19954 33214 19554 19728 27273 15404 7040 15272 17921 33666 24911 35978 16332 34833 14064 30651 13790 39596 10664 37538 29902 24081 22668 18535 35672 2087 37459 13076 37328 32295 12061 8532 24520 33243 15975 23176 13754 37559 37610 26377 5296 28579 37335 20496 32027 31874 35348 2438 29308 27862 23327 33095 10988 26004 39913 14219 34987 33351 29529 36250 22829 21449 13446 28328 32518 14136 29678 13296 13203 24007 28533 13111 2749 34188 13793 3470 39691 3774 9380 7220 18813 24587 9896 20562 8623 1745 12292 18037 2458 8288 1384 19696 15722 1254 6718 7423 5325 13642 2137 38999 39435 20038 4407 4671 12484 7905 29920 24482 38465 15043 1746 18941 25684 28039 16237
21331 38391 18923 29624 11299 3096 2261 14663 39056 32516 4358 16663 37297 14359 14200 11505 26431 32582 38845 10043 9067 19235 8663 12734 28208 26329 19684 18352 29194 32976 11569 30478 38993 11517 8002 32068 11045 37363 20870 26790 39490 21845 6207 19338 16823 30690 18290 1436 39486 29739 24410 39389 9674 12191 11284 39516 4930 19380 3854 29634 30543 8333 24002 10252 21053 7048 32713 31431 2689 39861 16854 20453 28845 27927 14126 11786 22386 5455 23004 10727 2105 19165 28748 26341 17 19722 31639 1721 33005 34200 39655 17595 27551 24244 25409 9492 2054 5373 2217 11474 7999 22809 31382 26206 3900 22385 21605 8299 5285 13290 20407 34120 37354 6743 8703 19808 6605 29009 13054 35096 16690 9965 5734 7600 26077 29286 2722 36469 12509 2381 31360 36614 21860 17449 14555 26222 31532 38532 8692 21448 18454 25417 22445 11111 24054 32392 28222 1635 13298 16541 10386 15432 24118 36860 36117 35004 34194 26211 26864 23973 1025 36964 32142 5787 11904 4739 35575 2849 39016 16259 2146 7568 8607 30388 27636 32133 28140 23854 33899 24561 36574 13200 10683 30321 8929 17405 4326 30414 14138 23870 2503 35734 19776 33577 1544 39932 6299 1974 15777 22142
23318 6980 31056 37224 17830 37631 34527 8858 10364 9027 21149 21114 20160 25551 36207 31937 16442 4591 27544 5917 39539 30141 27793 7322 27711 29532 32029 29940 21699 10408 6281 3396 20438 25600 7505 36527 22393 2816 9677 4738 13549 30994 8811 25191 30147 19826 38369 8709 10324 1568 39494 31057 36029 4656 2107 37006 27569 34755 22161 28834 18756 36298 6676 14751 1989 1997 29952 7314 34830 5933 26445 12715 11254 28657 15903 37507 6353 26494 14305 37845 15916 5737 4189 30149 38018 4578 4928 34633 22430 35753 38764 25367 22904 3373 1991 27845 39752 16496 17293 4152 4853 21433 9376 30183 23039 13594 37254 3870 19209 8737 24141 38428 1883 16614 7849 10513 37809 31245 115 28123 37785 6992 14161 35033 657 15864 30252 15514 17360 1213 7973 2291 10447 23956 4321 12017 15379 13484 3294 26939 25082 561 10940 28962 10429 35281 12735 25912 3982 27501 13620 1463 11418 31676 21062 33616 30696 1050 1490 21281 35239 36075 31453 2509 13499 32025 8872 19595 52 6737 26898 21512 7113 14386 3183 26167 5635 6454 4510 9488 13858 971 14511 21838 12678 27826 31604 12685 17706 22014 1217 18302 19266 37573 19541 19024 22362 4668 22882 35699
24283 1290 35009 28175 22108 5904 38500 26695 17636 28457 16478 27149 35297 31377 39952 28416 21378 4169 36197 38411 11000 3921 26334 8516 27338 6088 34837 21219 38057 17783 16822 11629 33035 442 25288 2211 25836 26033 4690 20984 8346 23203 2853 31842 31495 34843 19085 33524 17501 26083 39633 16805 29515 37253 38842 6109 28150 8601 16311 25840 9069 8040 2638 10493 6018 16307 35537 25678 22164 13356 36908 284 5689 3510 32330 24560 1504 23667 10149 14926 13781 22217 4934 13974 3935 10441 19328 4938 6217 37896 25035 2986 19741 33254 25316 35789 11303 36663 4020 22714 39489 14174 23770 34871 18316 21126 16665 6942 12438 21048 13194 33446 36987 14033 5927 3730 23876 27583 283 25578 405 7722 12891 37608 29894 19870 35534 33603 15766 24692 39439 15424 25171 37089 9193 37781 32565 16601 18227 25481 36097 5970 38218 17091 31870 13780 18327 31386 29903 17096 6265 2518 32721 29228 22962 33178 13511 13926 4016 16299 1114 320 8155 23119 11936 4033 1147 20426 39066 14947 37826 6029 34666 24078 23404 25579 32648 6001 35942 32303 3234 35389 1336 22469 12331 10419 10459 20900 2827 4188 39774 14922 13813 31071 8248 6813 21802 12085 19137 14131
1594 37022 31091 20000 4940 32810 30556 35985 36643 37989 16594 10901 21654 15017 20793 12080 1238 8352 23398 25689 28151 25421 20344 30986 23192 1230 16543 37540 37174 36755 12846 22869 2626 3763 38209 37421 23489 23199 18235 1263 15204 17597 16632 14356 6797 22853 32198 12337 10946 9657 29592 24953 27832 12609 7839 24827 35809 33277 13571 39143 38588 224 3422 33989 24214 15731 9772 4649 8442 11367 8041 2781 30425 24251 4059 16500 33261 22607 25973 32991 1440 32454 30383 35864 3628 34556 9761 16134 30535 38646 15384 2161 36186 23999 30357 11501 27854 13212 23646 17691 11398 16774 1154 27861 23915 12986 37775 18562 38629 127 13811 7222 714 15711 23135 13258 21287 23980 20879 35336 9820 31039 26730 8163 35076 22850 13695 26537 31821 29480 19425 25728 16166 8072 18958 33281 8317 3977 38926 25661 39559 37009 36831 20584 21178 36490 8631 15510 35101 21342 4771 17093 2134 34524 16591 31755 27725 34447 20734 3729 185 39987 20201 5875 3832 11900 35846 30000 9254 24083 49 21536 18861 28689 39948 33349 17068 7978 33630 38924 5050 8340 37403 29492 36577 18479 2674 31619 36070 22907 29677 33106 17313 39937 35062 1224 38092 9819 5788 31763
14978 14214 24200 16118 5126 3296 18325 28881 1481 32145 33590 37595 17059 14604 1307 39355 24804 20089 39352 5019 7698 29857 34985 27370 5844 27989 38710 10413 2534 11984 26459 3165 13158 31298 2961 17811 20052 1988 30429 25768 12303 24373 16763 7897 34546 3394 10656 37412 15321 20119 36145 35932 2432 17933 8880 31909 20460 26126 37148 10736 10970 5639 11971 23577 13114 28840 5264 31209 13775 12819 35501 26884 15863 7712 4001 31053 151 747 27385 5403 3102 2606 4995 34298 39 22263 22988 11618 16362 24474 8489 4473 15080 22797 5208 38183 10679 11016 34672 12091 3525 14936 36099 28515 22299 31732 14411 15759 11708 26510 18140 36051 24366 35144 37084 7019 9444 14476 4546 28656 21693 25048 39572 10036 5110 12173 25494 23695 31537 18780 16185 23306 7464 9105 14528 17312 20429 33716 17135 18324 6821 27219 15623 31894 38042 21998 8033 27520 33371 35940 23125 11916 16451 36919 30884 9842 6403 5247 38397 23614 36515 5600 13139 24774 20971 6896 1891 33570 35136 364 13195 31429 17621 16011 9551 11053 33031 22655 14761 18129 39340 9001 25311 1232 9032 25699 2131 32129 3176 28777 7313 9912 21140 25755 25759 24423 27892 32161 4543 21926
26384 28334 29581 6483 39281 10953 29110 27685 8450 19119 34393 17154 7455 39647 18486 23609 20074 34093 32545 1896 9176 36533 28035 32896 22518 19514 27639 19770 26515 32187 37828 17138 25619 35740 19017 5913 11582 18333 34670 2375 36970 2713 35254 31787 39890 3349 25214 26073 26085 15128 2092 38971 16019 27099 10668 7067 3387 23568 17731 8170 27765 9281 11783 6010 9847 10982 5771 11804 20548 21003 30666 17634 8053 24925 5755 22463 30138 34168 38171 25888 18622 28173 1836 26204 2636 14314 16107 34863 23302 37208 13423 426 17552 28441 39802 9182 20712 19369 4680 23492 19529 10336 36308 10567 12898 39132 10824 16853 25663 38885 23884 35272 36086 2852 39053 12381 15894 345 12741 4325 11725 19303 6297 25586 4536 17410 21216 328 25852 33688 9596 25484 35411 7445 11087 2213 27901 3060 7103 17692 10845 6479 5092 13864 18580 37706 33883 11383 29102 23378 7060 3089 21586 13924 18688 16149 7513 1923 14364 619 30733 30647 9537 166 8810 8484 212 32975 29226 24000 33393 17009 11719 26536 14635 20856 26823 28671 25596 10104 21335 7261 27534 32517 39695 1723 25976 7759 2910 11590 20479 34550 22919 33864 20068 1508 14669 14426 35884 36058
13753 11468 36280 36041 16746 28646 23130 7796 35344 29443 26531 19725 2364 4522 5151 36406 30707 24408 36441 12347 22713 39270 32193 22642 6093 7794 34906 7099 35006 25544 22121 6159 26656 17291 21544 17180 21728 32779 27211 34002 11834 21014 29841 30130 32173 35865 36534 15551 14458 29545 6600 15562 9568 11931 3024 27994 22632 19513 17987 19032 36156 7613 10393 25848 28025 36815 34048 28528 25252 35597 4269 21762 36916 22780 17849 35307 25403 23072 37794 28730 29732 6497 12157 7874 12299 4133 1329 25123 39157 8018 33122 2245 17906 15810 5822 6603 17085 20091 18805 28358 5808 6258 19459 1765 21583 4054 23670 1151 25054 17261 9337 4754 19473 8131 2254 16630 35215 29069 38791 9903 14249 50 2508 31624 16793 9043 18158 38689 18527 2115 32374 4218 4697 15040 13606 1712 38007 26592 24322 36988 30011 7454 13444 28888 25064 16767 7804 22633 501 25249 16106 1586 20361 23295 4066 38514 12657 33076 16263 37018 2938 9871 33000 13956 11285 20721 5355 25167 26279 33658 35590 30600 21726 7497 19897 30404 22410 33604 9394 37467 19624 37133 23333 32318 12540 26555 6731 19759 39503 6838 2002 27999 33169 7976 12472 16566 30863 39662 16771 23523
25346 18228 5342 3172 29348 5283 26514 4452 22208 4779 24992 5459 23814 34675 21783 13295 4459 38388 34357 5315 37904 16801 26698 19342 14939 36781 8676 1589 34303 17661 7774 15653 1832 6800 3819 5404 26403 18539 35491 35881 24263 10301 36162 38294 34189 31646 20539 8583 6402 7252 4118 31992 34086 32305 2272 31708 1779 12645 5830 20487 36636 7840 30767 39274 8099 32436 31260 21473 38563 27288 14051 21872 33827 17635 7095 39656 39522 32216 37905 16869 24943 21731 25040 36541 17366 12371 37249 21260 21395 33273 19091 13028 39420 26330 31924 21400 4744 15226 10541 3388 7350 17236 20174 6008 35649 19064 6429 23355 18376 15881 6936 4293 12333 16294 15292 15362 20115 25163 95 22777 11970 38067 16195 13802 37247 34767 37455 31380 12055 1885 9586 26758 17735 25155 5782 21416 35605 18079 33478 14041 13716 11123 29650 14271 9935 18382 16705 30172 10515 3746 36621 4621 29195 14277 31065 8960 24022 31500 34799 5375 16059 26130 32984 20893 11608 30460 38893 7954 35079 30806 27464 23260 31902 25685 28257 20992 14642 13810 5881 24885 17021 39957 956 32965 28087 38577 31973 10216 11243 6638 27045 28058 22002 7061 23181 5937 30789 12848 21227 135
9953 3827 11485 21452 7744 25531 32122 26113 9711 16256 35488 34557 17988 6000 15248 24614 7867 32903 30465 34285 15088 9214 8192 15739 2596 26378 35703 11519 3611 37869 4266 20716 18464 22814 2251 1811 19995 20998 7588 38857 10161 27949 14965 38037 16737 13899 38461 18019 31681 36166 21134 29861 10306 25886 29931 8755 2328 28456 18005 1431 35452 37592 7444 20933 25448 8459 23154 7990 37933 37098 22092 34416 14403 31119 6348 29834 20216 14034 9548 36420 37756 16072 16158 17448 23900 3958 34885 27201 13987 21646 25964 2226 11947 22450 24006 17303 11324 23733 13842 12156 20078 21364 38959 23417 11066 8417 33154 19707 30248 23346 28889 12115 23993 16029 24585 14447 30546 3652 2694 37634 20239 30174 22260 28752 29169 33376 9710 36475 2804 39196 14691 19219 32536 39729 27002 37127 38387 22099 22370 30271 12195 10725 11529 29582 27108 2732 4806 13455 6250 33638 1726 8360 14218 18772 20542 7199 34969 28453 18320 30652 1758 32737 28900 15408 7878 22963 38671 29287 30792 1056 27961 34317 34334 7943 6487 33915 11588 38041 6303 14880 5314 39070 33751 34375 32638 116 11009 193 31834 37399 11584 27492 23094 12312 12896 20016 14198 21850 3117 19470
5863 14577 20062 3384 20310 29372 21982 11304 18990 18902 18922 36604 19203 35273 23024 19729 34203 2064 23604 20478 16295 17540 16288 9478 14223 21810 20953 22967 17732 15659 11638 17266 38688 5715 31422 35046 1017 14111 36812 110 1838 3955 37875 36345 10876 29077 38911 12600 31605 13407 25535 12875 4232 22408 39095 19154 3019 11349 20600 22007 28400 28743 3337 15666 1086 29453 12101 12092 7748 21372 21883 2748 3557 28381 34275 9853 30114 37757 12493 29235 30137 2194 13256 20137 32881 10435 5193 22424 26115 24506 20173 10204 5344 16079 9464 24462 7254 34657 32174 14046 3221 39176 17343 2041 1882 2463 8257 29730 27543 17700 939 9100 12534 34265 35270 21487 13645 14568 22353 11606 11651 34803 21904 38497 14719 4982 14348 6141 37765 38696 30965 17936 18729 28143 18887 11498 24394 22626 7634 27228 29474 29306 12272 23002 26165 17606 9064 5127 505 18557 11795 17181 8381 8976 3401 25694 4784 25377 11560 10486 29953 12443 11381 6166 2760 4778 9298 19520 4126 5331 6510 35165 15163 27908 25286 5740 37468 2734 19185 28473 21622 36351 32694 33451 21293 26686 39915 33633 31640 23899 24167 30781 19056 23741 10170 35736 25981 662 24417 34811
6891 4849 28725 2655 25924 29028 26979 12581 20860 29797 33421 13555 2500 33130 20632 15589 38790 39820 33319 3669 8822 37024 13035 39311 10027 3914 38351 13831 27095 4144 27921 38103 12783 28626 22794 38626 20092 17110 4427 9832 28076 17854 18014 9047 39921 23140 12949 27624 6689 10853 35641 12808 8678 2318 526 2677 2420 573 10388 365 32856 32691 15411 37698 17847 422 4678 7309 25716 8861 28255 15776 23243 32755 34144 4430 18047 12153 31800 15701 34458 6214 21876 5756 8990 11663 38725 33908 12517 25130 17681 27844 21490 24173 5523 15130 10520 5545 24952 3460 3944 20748 18827 12029 24518 5152 11439 34884 6423 9053 20536 18126 12659 29962 39888 31814 6328 14900 9404 20547 35000 29187 9714 222 8343 9625 24134 6521 9421 16610 38129 7504 39911 25347 19383 22163 29029 6091 4765 12097 21022 23794 31828 14769 34846 24826 14072 18359 33872 27451 29727 38005 13741 13667 11365 2218 21152 2085 9353 1679 3188 7691 16020 12219 740 9757 10465 30069 21373 2530 24182 38153 34658 17709 13439 25001 9792 12339 28504 1189 38191 6937 30401 25576 12966 6395 4408 19135 7055 17658 24419 31487 12755 21426 10074 21063 22784 28392 32126 11966
14335 11336 6850 20113 10494 15150 10987 29636 2443 28621 33945 39720 15917 231 21981 24756 29615 9634 14216 22113 21317 4751 7452 31261 9284 20986 24789 22243 12005 4234 30433 31362 19718 23145 11029 39411 33171 15493 20638 34648 5836 24272 19250 16618 3261 31715 2233 26188 1855 16598 18833 30153 26835 12477 23856 8319 38606 32854 14164 23028 27480 6366 16902 29683 21339 32751 35119 6422 22382 17007 26111 7720 28769 13527 27648 29108 28534 32866 37146 14964 34831 28690 3964 29452 33581 25763 15263 23699 26369 14493 18685 9155 36036 24327 14871 19803 1542 10273 39498 8892 28851 1772 29146 1474 26713 26323 6807 15502 1686 18199 32631 3047 16232 19051 19903 34462 34095 15984 9115 6508 20270 2223 33334 20973 35959 8234 15198 35264 38608 10448 13482 35879 25183 35115 19801 21264 1685 9611 15924 23268 22126 23382 16245 28016 31322 18677 26488 17045 19132 32199 6322 28823 6773 20508 28858 16242 3063 27617 36120 34205 29608 21348 10844 19556 7385 13688 24533 31852 32069 28315 4798 18891 9173 30373 23840 269 7714 21423 38879 26286 38341 17474 648 16535 4034 30962 25566 12572 4964 9614 29449 36650 11677 36793 24403 24170 8139 7339 22405 17216
22309 24005 11070 9236 2988 36864 23935 5985 5150 28032 14814 16580 5305 24243 15419 29823 27194 3895 21650 16664 38986 31447 33054 23247 6747 35659 20242 17946 16715 881 30106 23772 38134 34771 8781 17147 30710 39416 5750 37401 15145 32091 33339 24554 37629 25391 34615 23090 7258 3082 14134 5081 34766 25080 4482 19234 22884 1366 28952 35289 18404 5419 24513 8521 34367 24376 10650 14375 23425 18964 27049 22622 34011 1260 28511 22932 30939 37992 6995 27140 4236 2368 27835 25741 10747 849 18962 17370 23122 20030 34039 34999 28071 21917 24237 26441 7324 7557 27877 928 5943 27869 38228 14270 15065 32182 2942 2476 24740 24766 21049 35435 31098 12178 20878 37016 35497 3858 19921 32748 21349 7826 18192 39991 5473 17945 39153 33152 15681 27015 29106 28075 30856 19034 7480 16400 7289 35061 26745 19093 32717 22997 14717 907 13204 6839 4084 24634 1675 29135 25024 2382 30441 26432 22325 28744 37587 28815 14744 8050 27504 29427 12267 3097 22732 37848 34124 13140 5780 1200 3197 31137 24973 16486 7970 425 4944 6833 12324 6339 6697 25679 20560 12044 3737 30596 26026 24257 13068 8595 6326 25186 5885 4342 36243 32547 29025 6474 33194 36622
36742 18392 15094 2169 28926 3769 18398 3529 10763 29374 12648 28631 16894 8721 28830 14384 6197 39025 35064 21496 21436 39853 38181 13066 20214 33133 29010 20583 14282 29627 11558 26249 2921 15779 22951 2862 17684 17724 14382 13320 26960 14410 9730 15233 16363 29037 6364 39869 38969 6661 2573 18921 925 7409 13084 9082 4829 36001 22849 12682 3579 27020 11424 7147 12879 25773 39220 26605 34107 30148 23496 17346 6122 3446 32416 5764 29142 14805 4015 1127 32847 5222 12843 29233 796 27247 18407 18849 15505 33503 25644 12795 3753 34590 11357 36689 16495 26867 17526 30708 33290 9798 23441 6579 3648 29411 34748 15127 38708 28998 20987 7398 19435 6621 24765 35596 32802 2361 18698 34473 28386 19393 1318 21104 35523 15982 1362 3204 22461 3845 30735 16551 34336 32293 37822 3491 2140 1628 16740 32735 26689 29460 6146 30491 14097 28841 39725 223 31400 9588 16707 400 35385 28111 26031 37283 39531 28340 37296 19737 7341 10327 10350 34409 17664 29685 4294 15218 34542 35408 15123 6941 4576 9542 28385 35521 21073 3454 7791 11256 2397 23774 13383 30841 38841 21902 31675 34912 20876 8511 14130 22922 16449 7638 2939 13343 10187 25701 34467 15155
11655 19856 543 23385 30396 35104 7488 24115 37972 37474 4622 35346 35484 19893 12500 5306 28982 17489 18447 16730 16952 25633 35068 2770 19709 27723 14763 5640 24821 15823 23606 35080 15334 4466 4809 3127 35540 20390 26038 7138 22059 12703 38773 5378 24817 35913 8048 12545 13277 8835 12362 16734 15222 27803 30438 23263 33124 22033 20048 23989 23558 23076 12334 26892 7515 644 32016 24121 39602 87 20735 686 19546 28098 1046 36146 12045 9391 8373 19774 2308 26642 6895 10337 21211 24964 39333 12796 30858 813 19832 16874 6401 15437 15061 19597 3130 5745 15479 23543 38275 14910 34873 4419 38393 38728 34518 4254 29629 13782 13968 27516 36324 4139 20217 6023 14614 24503 28253 17887 16537 28891 19336 25222 9630 315 5785 22550 21077 29680 8971 33279 13371 30976 6691 1713 20349 25502 15635 13861 27912 2524 21411 15540 3340 28307 31727 30431 19327 13903 9275 16620 2900 38444 4624 14859 5973 22819 5028 6709 17495 35667 36277 39415 3017 16571 22374 15749 38820 11697 28735 23750 15737 19948 18554 3922 22443 18439 28184 13718 17810 353 14006 17666 29959 16251 617 32977 9998 29985 7420 13819 12652 29172 35419 17774 9285 28044 14824 32274
29734 26303 33428 8239 21645 16057 29299 39614 1196 35047 22255 29910 3956 14343 14756 36226 19442 17762 24627 941 32135 28482 39338 33120 1146 34927 30390 26529 14921 17779 28894 14328 31670 12722 25178 31818 1982 31689 5146 17426 9432 5774 18882 3222 6557 4017 7570 22086 24381 15968 18522 5129 35072 16901 29117 21751 24537 37272 27365 30624 16338 19146 3450 25957 39065 9851 34962 17957 7937 3799 15601 33291 32119 3179 11245 4750 19961 3655 29043 14720 39096 20495 31268 39262 2592 24578 13629 24411 669 11927 3755 12560 18364 5669 33283 22887 15235 14569 25306 16911 22560 33790 36631 37858 8952 8063 36932 16709 30042 19901 19547 21532 33810 36928 29939 12305 8719 5261 34042 23687 33935 24898 26474 17668 6355 16345 18541 11094 32544 26788 23653 34789 26324 5057 16579 24010 14374 17686 13197 25582 15369 678 21642 4307 36134 6863 26947 26339 34271 8604 25537 5112 6115 7059 31903 37300 33982 6917 17647 36555 23784 14600 38456 12559 11093 2962 3439 38807 35792 1886 27834 12890 391 176 16127 1448 16084 20633 31444 7422 6824 13462 32836 17318 30825 36171 29773 39103 6551 25765 21408 36983 10343 35756 39076 6369 38941 20432 3021 25398
22337 30169 14583 29997 23916 34143 30641 24231 33593 34592 13051 10051 7868 1390 7631 32269 25144 19841 28566 13869 9248 15996 12594 28884 13728 32443 7947 873 24070 15134 13351 18621 25234 16524 3008 33607 18494 28707 8864 6127 1272 15259 27355 13725 38281 29925 4048 32439 20589 3535 16333 24971 18373 23491 37428 21234 11850 2299 39294 5727 9564 22707 12220 21033 4231 22708 3213 6844 14237 23998 11995 36952 31210 35828 26906 23235 1916 25063 9557 2764 4350 39713 14554 9916 5358 22311 37969 888 6683 35909 23109 1342 39169 19501 5242 11255 7462 31593 28054 18482 13808 1476 39808 36616 30257 24452 15615 24677 4577 4937 11442 2782 16867 23494 3272 18189 35763 16702 22684 39703 11249 12912 16308 28284 16765 744 3143 33457 2935 3315 16409 2502 34786 3745 19156 29548 9910 37653 18492 31388 12058 7211 30104 14616 35195 17473 23635 22258 37264 1783 31543 894 1724 14432 14018 22781 25385 32961 37560 2947 18937 32883 17345 17223 3797 23965 25936 30173 25954 20939 7917 428 37371 20017 88 30380 26677 15282 31725 29954 2117 29943 29435 2437 29923 34852 32074 37690 9754 18534 16974 33661 23565 15217 9737 318 9099 31499 2484 22223
12712 27013 24967 15082 2066 6065 24836 488 6262 12270 21495 15347 35696 13207 17807 37441 12462 28375 33797 35304 39218 259 33476 11101 5374 13893 36832 12914 11842 25285 22726 22606 23392 29122 13679 34186 24407 26316 39565 10405 9813 9451 29434 4308 36283 6878 37637 1327 9114 10069 11710 455 23942 34583 32940 310 13046 20116 24473 1065 22298 10744 11828 38953 12350 26547 30679 9267 27514 23584 13512 23818 1087 39567 7643 24405 15933 24116 7377 16086 22968 9107 6070 34535 4313 26996 11879 27276 36566 26566 1107 17744 38241 16576 6290 1480 28136 12674 30325 23107 32154 23330 18906 22226 27609 31711 13468 5605 22152 37632 18812 28589 22094 21366 35314 2346 24559 13921 6928 1911 28356 23006 23792 4200 25324 15477 3735 26381 1198 5084 31462 24929 20854 10121 9740 31993 28809 262 31861 25260 8558 23943 36959 25478 24945 10485 11887 21468 14659 14288 11164 16265 31931 10897 35777 6051 36 26011 20066 26492 10476 972 1938 36582 17355 37419 33400 3868 13711 2337 3154 29595 13534 9363 7009 15336 38289 32424 36356 9875 35771 5435 33963 39613 12597 29070 13809 13222 18028 13701 11793 33135 13319 13282 19742 23777 26271 20182 34185 22184
34858 26579 12566 26916 8200 9731 31767 36501 10865 35915 10126 16393 1069 11157 39666 36899 34971 38360 3751 3994 22675 27402 3839 21781 19563 15887 32030 18519 759 37924 29858 39351 38576 14993 20049 30909 25439 27455 30830 23929 3703 32451 8547 27300 23195 10267 38886 15115 34403 31905 11376 15139 21564 350 37675 14795 8849 10328 490 64 5862 32375 15075 16402 11393 28556 2753 26227 7432 25940 9536 23487 22928 5537 8962 27303 12532 13104 34361 33317 28903 36909 33141 15696 23949 27476 4840 10284 13215 30170 20170 39252 33100 8900 34419 2449 11177 21531 29895 35282 26832 36756 7174 27419 33698 15710 3243 34922 21197 14402 38451 38268 17799 11723 11581 38965 9150 28827 1298 39118 16267 33978 32744 14732 13787 35330 29822 39250 14279 24918 3295 15780 5101 14139 23737 12160 18305 7642 21940 7391 4526 13657 19880 29320 36540 37166 27688 31877 35220 13108 20647 13604 3075 5757 11530 13640 9528 36626 39723 13113 20194 25268 14670 10116 11713 9211 17616 1350 30580 19615 25725 25553 31612 28575 35292 35542 30644 1164 15908 25866 30336 1950 15096 7872 219 24092 37813 31128 23103 6346 8182 65 19850 38035 16851 1032 12702 12943 595 38460
8743 23639 36940 10186 339 30680 21643 38808 10206 35759 27857 31066 129 7697 34497 26091 1385 10833 6880 31743 25148 33953 38575 8487 5693 20796 640 39693 24236 36495 34875 13479 12634 30476 6295 13509 38031 35779 16973 30238 19273 27170 20801 13852 6192 32008 21300 1331 37530 21970 8708 37733 4973 11815 35107 26562 25420 1522 33268 32313 16184 31547 28002 32992 22638 16530 37315 30499 9230 6789 33387 28984 5387 17565 5051 22139 36530 6427 38972 24806 8394 33907 5995 26057 35148 9213 5846 22332 30266 33458 30954 16616 16910 12322 5988 20659 15684 7033 13988 6770 29428 30650 38019 28082 17177 9617 18901 13445 26395 14895 1951 8934 37569 37045 27761 12449 31775 32711 24644 11257 16909 32679 36379 11901 8726 34292 23780 35269 18537 28446 30616 23177 1939 37452 4645 29516 5954 38495 17591 35697 15018 22566 12684 37942 17250 38402 8171 33812 12430 21239 4205 22856 1335 9070 20023 36898 36448 22724 39330 32891 16929 18609 33869 8910 9943 600 22787 25819 34130 23277 24437 16857 4800 29340 32791 19864 35169 30070 39579 13673 17239 23705 32831 20319 4107 10251 6049 26360 11858 11716 204 19140 38055 16503 39108 21483 37087 3863 10469 5209
20835 29034 10155 5027 13480 25651 134 31485 10522 10674 6459 11983 30088 19238 30163 33826 14798 3723 33973 8995 39138 25472 30500 17155 1237 8151 9389 4919 34088 37188 5276 3279 13410 13563 21828 27841 37308 37945 20577 10566 35725 12021 7208 24430 36359 23424 26163 5109 35448 39603 10425 5049 36032 28158 6278 4929 38429 36904 70 3312 20492 1241 23060 31540 18075 10706 18909 3109 31274 19027 31219 1286 8807 34044 13489 25664 15868 36367 23759 13836 26978 6614 136 6392 18157 37847 39840 11654 35170 6698 24681 9349 2493 35303 24768 924 4810 33074 8227 21631 4839 32292 33719 20811 18187 19407 22409 23528 7924 34183 386 38890 3081 26122 26844 19180 22630 22089 17118 15237 8519 9679 17087 23594 23888 11480 12981 15858 39852 4425 23529 29333 16852 16302 10542 19914 11609 1912 20841 17170 16187 14009 31423 32584 39848 20731 2475 2344 10188 27631 24177 5015 6832 25395 8119 21763 16519 25229 12142 12069 21672 5500 12574 35971 39628 2797 37652 11960 33297 25110 26218 28713 21271 18108 39920 36093 17052 5991 22345 34397 21525 27992 26134 32595 25272 3276 8546 16925 31948 32795 36874 29366 22048 1410 5654 23042 7551 33594 28 9242
20312 26090 38949 37680 553 14925 26065 32474 34965 31630 12241 32041 39587 11438 16005 5690 13241 6230 22933 6096 31957 8241 18456 571 27131 29605 25102 3445 26964 22192 29483 2343 35520 38433 5547 32071 3813 31477 1802 29175 1650 39266 10774 33992 33965 27615 25847 15013 5237 5736 39505 5071 9471 16012 27335 15324 18114 10622 17332 36371 20111 15599 28336 1428 9433 18784 23997 39482 20416 35339 36866 25312 18390 7116 10606 15832 31714 36947 10851 17322 1267 39378 16481 23509 26321 19748 19226 13223 32609 1699 13490 26350 34650 21360 2060 30605 26346 35821 24534 16031 20043 37903 39083 27770 3638 36259 30329 18563 6133 16159 19819 9072 29851 21811 11446 38365 29053 25135 14044 7982 9808 31671 14558 36792 13385 12410 9086 9241 4256 39605 32919 12223 3467 26548 1512 18504 14714 25051 28461 4897 38849 26398 15634 26704 2669 1276 20981 22227 29499 27243 8243 28260 11898 4213 24308 25070 8407 3038 9358 21296 12750 25424 22563 3953 717 5482 31176 18603 29562 29367 15611 12603 13145 35600 8696 20782 11986 31752 10013 3492 17895 14470 1332 13434 11099 936 38895 20818 14894 33763 26874 4735 29580 8366 3275 1123 26604 8506 26880 31978
14323 2370 36930 22009 29046 8260 38923 34983 17143 37820 8013 10279 38525 17445 14407 32151 23974 21559 25412 7785 28757 27606 6111 13916 14836 12052 36939 26317 34273 815 23127 8210 36348 27798 730 13786 20938 32369 16775 5779 16056 33954 37774 23271 16434 26037 20185 4411 32065 16182 10134 11681 4874 397 27942 4275 8904 2740 26778 4157 29013 15547 27188 32682 5695 15184 13617 19167 38756 4057 18100 9136 30804 24718 3874 20427 10128 22224 27336 33149 31027 22357 18979 32724 3690 8268 38283 6520 18233 20033 23403 19572 19116 6641 12168 29387 24708 32255 15016 7276 34976 6904 29208 26439 10636 24470 3223 33579 32557 27407 14712 35795 28219 37669 30805 32778 33173 19693 5667 36289 30161 14734 19528 15614 35743 1975 15457 13837 10653 12202 15159 14856 6194 13181 5849 527 3062 30360 15436 34396 10232 14057 17144 20211 36034 12203 31075 31178 34492 4134 28937 29477 36713 18623 27887 10064 6664 33398 37241 37651 39086 39038 39535 34146 17329 26856 14475 22053 11414 7792 2250 8637 2768 14105 23381 15265 23747 12077 14531 3803 12356 19252 8217 29575 10341 15349 14029 13116 26413 3427 2448 5156 4805 28409 33157 21579 27227 29686 15278 5420
26347 29676 10226 27358 12908 12113 19117 13183 8691 1929 34456 26289 1295 10506 4540 15716 37779 38085 21725 19124 26180 17742 27852 1555 1842 16154 30302 12275 39413 20057 33471 30080 39696 37369 39067 7681 19377 28915 27591 36470 32224 28128 29821 3618 35984 37112 4651 1563 17463 34836 19846 21922 38717 10597 23742 23675 30292 13063 37113 37897 25951 27344 16081 33765 17825 35524 5422 24003 22800 31292 2561 7499 24958 37258 8791 34132 34822 25415 11662 14244 1550 15298 9491 33847 153 4695 38778 26230 20550 6225 29494 15067 24935 35803 15240 16670 16889 14975 35073 37332 17862 17771 6273 10288 4183 14168 35156 33007 8897 39191 5452 12128 9023 20834 3673 19337 9159 30320 28349 39591 28066 20372 38442 25712 21101 32669 24807 39414 9562 4454 6302 31425 21671 12206 29206 21158 10412 24880 38029 14542 34538 14015 11476 31468 16466 29794 26767 14316 27042 12140 29657 4178 23776 33402 38448 18176 11643 12038 3199 8987 28395 19239 18773 3408 38607 27496 7603 10163 10029 11895 19606 27450 34163 2400 31558 8603 30788 14724 27309 38396 4281 37918 32048 17924 17889 11429 35263 35403 8725 19148 27180 31567 12575 22834 18478 39182 34293 34839 39261 19769
21268 37234 15103 36045 38740 24979 27169 30669 11323 528 26311 27922 13365 14566 26725 26518 5133 23971 21244 11779 20268 21962 4338 34481 28978 30951 31751 19959 4817 12478 26876 12992 39015 9525 240 9235 29578 9804 16888 30006 22845 35987 39087 32613 22415 34880 29785 39599 33052 37607 14357 26205 37674 18867 38569 20510 24484 7002 37255 2664 16165 8281 36459 2858 12675 12321 30627 1172 35993 19497 7162 22920 9370 13311 11540 30192 29263 36273 35331 4115 9671 16635 34738 28628 27533 36247 1677 13275 10930 30030 30020 35742 2902 18905 15422 15394 343 4402 554 8576 15467 30402 37642 8955 37118 20781 15005 3893 17696 1317 35091 12494 27121 36112 6271 3116 17608 31713 17234 1818 16321 34206 24230 35820 10751 16928 24467 1117 31603 35701 26246 6948 26886 36537 14902 30822 37281 28281 13715 30537 10716 12313 5589 11689 12298 11550 24341 8925 8878 24658 11724 13166 1301 26909 32985 38871 38982 23363 25493 25649 6696 2322 34193 3316 30073 22857 21647 29048 13894 39946 13416 38458 8611 7959 10245 15393 28979 14079 434 29817 5515 31627 19111 30712 14232 19384 31561 19319 19008 7832 8400 10467 11872 19078 14473 32268 21987 35053 17255 163
32978 27111 665 25900 26577 3954 9728 28679 37829 21347 27646 36896 39816 14630 35653 11621 36967 26423 22085 3258 29026 36150 12936 28341 15305 11739 21017 39624 15685 30548 22778 22278 8482 23230 2281 26509 23764 15351 22205 20489 22823 24699 3129 24963 8278 31153 18789 16328 17488 15991 5093 33620 35996 36942 431 20397 9904 11912 20368 12513 1455 38729 27567 27885 5142 15707 30489 37703 32632 8851 5839 2430 32395 35100 21023 580 37798 21538 10830 6190 3210 32264 10089 19188 7400 37660 31471 25443 17525 23329 24477 5206 1420 4820 9887 7991 33536 3119 27148 18183 25510 29431 8436 18706 26223 10569 22578 9017 25842 4760 37325 18957 8684 18396 24808 32900 15303 39577 36221 18592 20439 21412 27376 39107 14409 27847 15513 33222 35706 25068 8390 4220 4260 35299 33456 24609 27471 24035 5218 39842 28104 15032 25445 11405 39610 33850 17662 26838 263 34289 16966 21430 22127 24427 4221 5167 25383 36193 29970 23822 36153 8332 11312 19486 3002 16391 5882 39659 5318 32673 7559 7764 27234 27863 34308 1068 36870 18870 35290 10354 713 15953 15859 17056 14150 21166 10010 30247 11924 6169 985 39977 32805 27697 9111 27384 34020 1701 15500 36265
7299 14211 179 35324 28708 13887 12784 29960 12041 2876 23340 27039 23137 36491 39541 13128 28161 25703 28814 24414 5170 6178 28800 6755 14030 30289 36012 255 17877 31749 35768 2377 34097 25069 19773 3985 38674 21592 36704 10073 37522 4647 25057 11003 27264 15498 31257 16306 13408 33844 21837 2870 21248 27950 10403 26291 34869 4291 2758 36564 33490 226 14534 11122 17632 14080 4202 37657 24409 33204 38734 9398 1348 2522 11400 18450 6236 39282 4025 5461 24884 18408 18680 14782 1291 32570 16653 6280 29984 36136 23465 7475 11873 33517 32403 28897 12425 16099 13476 1513 1897 19747 19302 14603 24792 32927 35077 30560 19689 3321 3151 16172 21796 23010 27232 33525 34834 23244 1502 8895 1340 25563 5448 1457 32393 13777 34777 13603 23658 21549 10397 29990 21780 29196 25808 31552 24485 10452 1066 210 36826 13799 2339 30913 9841 27319 1575 21648 12445 13363 25602 35141 15567 16460 20271 990 29974 33030 14347 13684 33993 24882 19260 23376 1543 31247 3409 24206 4862 29321 13039 37784 24120 33411 22634 22728 38515 37059 16260 25235 29210 14144 22727 9683 36518 10849 10374 12864 17116 18315 8695 10389 5294 22931 22384 17884 13847 14654 34509 36121
1925 610 817 32306 2342 28159 38632 29996 12876 27928 33804 12259 9869 15274 22270 3971 34692 16924 24642 28503 33006 25037 3320 18842 12569 3952 33373 2591 2540 444 5685 30090 12297 30947 1622 39129 36749 6971 29639 8238 27453 8465 12834 33165 14979 23020 38747 25441 5873 2678 36610 8007 9991 1409 17726 6131 6324 1829 6962 17001 16824 17186 5709 30527 29936 32863 7210 1496 29971 29692 31721 20254 28993 15923 14828 3104 30215 11130 32949 11777 32868 11933 31674 35410 5494 770 6887 21871 25962 34439 30168 25804 10258 8045 38145 7911 14839 25856 10178 28958 36716 25492 484 28262 21297 1549 33806 38326 20128 25182 6999 21701 33034 35003 31214 20756 10898 31746 17431 27532 5343 22757 22336 21283 9775 20509 34697 33775 34379 35242 28305 33657 31264 26139 21516 25071 13184 28861 22147 2164 32819 38250 10202 13541 5729 11706 17650 25245 2690 5400 6413 7117 29105 16293 33783 14438 633 36783 4724 38165 7537 4991 8657 9059 17511 14638 17850 10848 33121 2529 5078 28243 27441 21380 29700 11374 13743 17475 13485 12631 21722 31724 7287 5330 645 23946 25615 27116 12144 2811 13454 2335 21310 33441 34418 25329 12231 13091 10771 29015
