200
39606 4116 29256 5782 6570 20636 3442 5407 37712 35576 24571 8543 21990 2742 29590 26395 12807 19927 15608 37866 36539 988 39814 31504 32153 3086 16336 161 3195 26061 14875 17369 14535 28802 12665 7344 26502 29361 30082 2503 18962 37721 1497 34559 31692 38682 19598 423 6716 18801 18473 33410 18171 36431 31524 21162 35770 24613 5939 33435 20128 37063 8514 1740 36985 10875 33293 13940 7875 39058 28013 34441 2480 18762 16212 34438 4810 37296 16500 6534 7857 25557 6730 28902 1348 8371 23407 18514 8120 16248 27351 24263 6666 29721 7642 20260 5006 26534 4852 31138 25003 32076 6411 36585 27756 3743 36327 34297 10417 25859 33007 29573 20076 27469 922 37942 8875 1635 25631 10952 2713 28966 3563 38643 21882 3598 12826 421 12633 24662 22297 28156 20462 26492 19737 19508 38457 9801 10554 15995 11468 7421 8865 7442 10366 26035 36028 10812 23517 10764 24371 35426 16943 18737 28164 9031 18384 4450 6251 12978 19148 35706 35275 7203 27514 29631 26134 38510 37175 12366 34781 30922 18160 38075 28773 32841 34359 3459 32340 37002 26249 14337 11041 8819 11407 14674 9202 27463 6475 7167 22486 402 28921 7641 25100 14351 11392 21671 25015 22824
352 30233 12944 29411 5221 27033 37505 3339 9498 7230 25897 9353 215 22967 6132 27511 33854 11737 38786 26782 23118 5657 23632 23863 19238 28436 21523 890 28969 39888 17528 32811 16282 27637 16227 15045 14060 24944 19975 5410 33942 6623 8511 25899 14015 19951 20208 31819 33523 20343 25814 11837 33999 29621 30126 6983 23654 29572 5697 16941 17372 9242 33572 11511 36683 23359 26654 10216 36146 17634 27827 33045 39344 8883 19721 30895 3262 30271 13712 12648 32646 3303 15663 8635 23036 26400 9635 20143 38138 34994 59 32268 21591 37431 16432 7871 23841 24830 34050 6595 13981 25852 28114 34431 16528 35359 13633 12939 17296 20261 17589 22902 14017 21464 9572 8829 17677 39048 37945 35170 5275 36991 7051 3810 11036 32775 11533 17101 23045 4867 21380 33181 38947 33666 24381 36072 3741 21771 39600 34778 6026 31423 33778 34838 39515 15410 18236 32155 21169 2955 29667 18651 34339 8554 7572 28515 30755 36425 17428 13932 2453 24822 5986 14863 27531 7942 23286 19833 16233 22206 33964 264 8333 33379 13842 5019 19652 32717 8023 32722 34237 1509 16150 22956 26133 3048 36097 28580 268 38213 29392 7847 15577 17135 39178 16110 3805 35987 28412 19710
16621 36395 16913 29433 2474 5766 18632 14669 32778 15459 14595 10408 39747 15448 38603 34789 8260 238 19195 38361 3819 38843 1128 21998 24213 24521 31212 15372 12317 21586 1339 36637 7858 6630 54 27839 1594 32375 23395 24183 39147 33507 17469 34870 2191 23472 4201 37794 19882 37799 12596 28080 18100 17323 21238 2456 18490 14319 15048 31631 16202 5666 17131 19553 23085 14474 2198 33711 31131 4347 10624 7376 9634 4607 1697 11422 31323 27092 568 38608 6694 5774 2509 22776 5097 26221 19653 36135 25074 24441 36214 20240 37824 11635 34612 5320 23638 38346 23882 34231 17510 13443 12505 27753 30974 1698 30508 29499 22742 10402 35776 23893 11952 25405 10224 23291 30647 17964 30499 28874 2609 21939 17901 21186 7174 18880 20881 17480 37609 32807 38789 36607 12852 21223 36303 14689 13250 23198 4508 38984 28388 8101 2485 9545 20022 8793 10210 1995 281 5673 28431 28810 19267 30754 20754 13509 28468 26798 38930 36794 1258 32460 5120 3440 13498 34594 31628 31443 26778 19051 25667 24006 6301 10183 1834 18371 27211 4400 16775 22920 35266 22915 29684 33812 25411 30997 1219 18544 25746 9089 26333 20395 36653 13898 4765 35940 13598 32822 18186 12681
28850 33985 33553 6406 11356 20857 10080 31991 3510 37339 20949 36300 28849 33785 35628 33225 25490 30838 38014 24964 1595 8312 17155 37286 5156 32763 4478 25948 38626 13227 24299 17387 26430 35351 16772 9542 18552 2295 27291 34892 16627 23229 17112 32281 25924 32612 5206 3117 21084 20336 23976 5484 19714 13948 3118 16504 8326 10903 8789 25994 4957 14035 1279 6867 19521 18268 16612 21529 5665 5334 23743 37106 10917 15333 15005 18264 20271 37108 17114 29605 37502 31714 2709 25445 17397 10405 24165 23199 37200 34731 25854 16470 30718 4568 26058 12843 23465 6976 30938 32214 35246 33871 3236 12711 34391 39301 39509 39909 19210 25330 35720 13843 16839 36658 8888 7450 13330 36177 30885 33204 21028 9317 2977 1320 4609 33390 33327 25901 3985 21403 7123 9077 26078 37254 15312 766 34525 23057 15424 8563 2545 29744 6988 5081 27505 32488 9537 2690 29422 12113 11581 29747 13540 18020 29536 15120 2969 29407 27508 13225 34519 22012 2222 621 22221 33053 4501 34411 35515 22702 31347 11528 25499 5841 6691 14283 32813 27935 36953 26113 29937 5867 23479 11980 37581 14509 24871 3960 37909 9342 14404 7270 24815 31888 12623 35423 20390 24415 30017 14092
35725 360 271 27314 28695 9980 35421 10019 36702 17947 10506 38928 23326 32503 21688 38375 1050 36808 36819 18309 2343 39228 36809 1593 1900 16710 610 26229 16574 24029 29742 31382 20729 10733 12364 4856 38147 34393 7562 28780 19809 22822 8861 29632 21819 20101 12286 8236 23525 22834 6366 4658 34961 37226 5593 20640 37729 24643 30908 5612 1363 21706 7750 19709 24336 594 22450 22881 24309 39130 10552 3667 6710 7071 26739 11225 1078 32759 12798 28139 10296 34877 24464 18640 26276 24492 39186 35094 8478 9863 31424 15772 26720 17597 18717 10287 26885 32036 23144 3814 19689 27021 33059 20410 35106 2832 24245 10157 18604 17389 26522 28980 29603 37671 27963 9648 20154 5815 37829 1479 9997 2393 26977 6759 2886 17794 19376 8956 7961 16447 12547 12753 11337 10965 11599 33465 35074 7792 19446 19302 23289 34523 37000 38924 10451 35375 10625 34956 3518 21203 39806 7507 18699 17671 17941 9139 36091 25262 7576 18528 20709 38760 36727 21390 797 12266 38625 38116 23145 21384 8736 11896 185 36170 31478 37383 7425 4970 32172 5767 6480 4984 24412 13397 5869 27178 477 36270 37220 5959 18133 6793 23650 37819 21752 34481 14444 24618 5569 11887
30297 15025 35416 9165 20878 31075 25132 1446 31117 29875 21017 8577 10662 4554 22290 36485 6379 14167 16159 22321 32629 25425 38368 6931 12434 4919 32145 1120 18091 9047 14750 36545 27916 21472 17382 11361 27525 2553 39516 32342 33638 20590 32060 77 23858 10276 22130 19633 17797 14259 22788 37664 2547 6337 8555 20217 22627 16519 31712 27088 7984 37584 4600 21686 31979 23357 9414 9871 23096 6220 287 15645 7073 28718 13742 27711 39654 12415 17033 25979 17186 35951 19717 21405 32531 11567 15683 29141 15695 13497 6299 36854 2541 10653 10167 37348 13785 31197 38377 11486 15137 21836 3385 21419 20267 10923 39395 29660 24348 8562 37902 22846 12237 39537 8816 17243 16975 17799 38172 10163 35870 11120 1938 3234 11175 13246 11710 9998 8518 8897 30491 12481 31214 21460 20939 35012 23044 31344 13649 18418 17404 24163 26404 3362 29379 1518 28133 27324 34763 3070 33786 7364 34995 8497 36077 23430 7771 4587 23715 30348 33207 33820 10442 2624 10675 11624 9993 7257 4773 8862 31985 15089 11107 38429 29466 39644 206 24661 4436 14729 14298 25023 28617 22011 25059 14752 19666 6673 31751 15677 37230 30434 34787 24418 875 19161 1181 17090 31276 9943
34940 31041 6876 37906 29219 19623 37541 11625 30610 17546 39339 18526 35761 7127 19222 10295 36685 15499 30055 30165 17197 25149 1035 29213 13345 29880 2911 21830 770 35597 33441 10558 35503 15934 18467 14114 30857 4887 8231 33936 20081 36013 32729 23791 3544 18375 11558 26201 13702 20770 11168 16270 33211 3582 2528 3870 1162 28094 14860 31313 27657 37633 12204 38301 16399 32344 13997 6925 3491 14505 23377 6090 34205 24761 36139 22466 22872 37697 28907 35802 15947 37147 6448 27195 32372 14864 3629 20827 15996 9270 18754 39454 26653 13476 35149 21415 1640 4801 9175 15788 16952 7013 3186 112 27654 25712 6690 19350 9161 18843 11261 2263 3111 14549 38095 22442 13311 9427 17031 36757 39041 10327 25656 24106 3639 6472 30478 18521 789 3377 15293 39304 31013 22439 30269 6505 13627 25083 27555 13613 30774 32178 38613 33268 7430 39889 4953 10460 34979 4646 6368 9224 13911 26051 23520 18179 20820 8891 27342 34726 26488 3409 5341 1765 31923 5368 33862 13070 7796 37707 26642 25861 6863 33218 37498 33357 1928 9595 16704 10247 13042 31968 5521 25880 26666 17436 23767 12954 39133 11805 11858 34964 10546 29246 31754 3483 4741 2058 31059 9600
32052 23090 15570 17049 30907 26149 7075 23133 33868 6948 28207 7343 14338 23333 30063 35493 8414 16141 1704 38039 33560 3034 14607 34529 29733 6265 4794 3659 16595 9915 12076 458 10991 36159 12779 9788 7914 2478 7776 27999 39529 18206 37173 1723 29280 38258 18833 11362 31045 34768 14049 13931 21387 11351 11414 26259 34274 5604 4701 3731 19537 6683 19253 22173 18504 14315 24831 7954 2867 21582 35168 4124 14766 6453 30054 38438 16649 12184 35316 7256 33843 12864 20895 11045 17488 38853 37087 9717 532 31430 8054 9977 1452 3575 37677 36313 8048 29301 19539 6282 39350 34497 14987 4740 28479 36566 39971 10922 26181 39709 32955 39551 13406 20270 39195 36354 969 9674 36974 36328 11686 38693 16642 25366 30683 4930 15388 27135 22342 38353 27869 38863 38922 36582 17074 33119 22572 13256 29119 39868 7534 6832 37090 12044 24352 8104 27601 15998 2183 4570 22151 8583 26861 38722 26046 19044 1221 12624 37191 31808 4941 6517 15352 38705 22843 7666 8024 10293 2917 23397 20197 29510 30249 8886 21250 17945 34520 15152 15310 17638 13390 19760 1014 37414 33176 19027 22671 25014 18824 14819 27322 3645 5988 18797 2870 7775 33994 6797 9623 1663
9936 23159 20777 14304 15465 3092 33277 16050 19055 15955 24373 33206 27416 39289 32854 23794 19801 15080 18770 25076 10136 30842 18212 15485 21757 4296 4585 15732 13682 20898 35100 19356 14349 31387 19544 546 24209 25113 3562 25532 8170 14149 9466 33295 32212 32609 13321 9369 33967 39214 5667 18637 26043 26166 39254 4805 14471 35700 26313 34536 19015 38005 33317 34459 19499 14469 24683 24770 38887 21074 28415 33150 34616 12738 30933 5309 27439 4311 39263 17149 33802 8653 1840 17780 13720 31123 27540 17440 31874 32230 22675 20409 33771 10943 24963 32164 21256 26087 32634 14071 7361 38481 2302 7860 21517 16090 12402 23905 18659 9452 19374 30393 5967 29545 7694 4375 12821 9533 19862 21762 20552 2419 15653 9111 6158 38899 33849 23376 30322 12755 12568 3759 30915 17805 6036 24273 8566 2589 16252 6027 12084 29710 33941 35117 6234 36196 11473 31121 17801 32284 23744 6412 16477 1154 15017 30948 17526 12588 6137 3849 20003 25402 14246 36073 4844 10118 36882 14934 13691 1916 37842 21880 2531 25740 14652 39900 3128 23086 18939 36129 39719 22162 25674 10783 33414 27619 4493 31513 197 26478 25078 6144 39605 12940 38476 3591 1156 1249 1245 4842
28316 8939 30483 15708 15575 28694 39845 9263 6844 15586 22890 19877 33353 19193 36649 39911 25841 7873 6602 34632 13647 10977 17273 34450 13915 1864 9631 12337 13392 19651 9142 38463 26568 22609 35610 31386 33188 28775 31401 1287 8071 17259 38991 21051 12764 38939 34145 39290 451 27829 24758 5985 23881 26902 7215 37701 2802 2067 10335 22463 15473 21140 19574 26960 9895 38149 25335 3925 39414 28830 14859 14563 10571 37164 34790 15373 31133 3068 27824 17200 38946 39525 865 25942 16757 37971 38351 28292 33358 25486 14916 746 24370 36497 14371 1508 5713 3945 6886 30650 34849 10562 1999 21703 18386 20892 12794 16780 7797 20551 7420 24084 36883 23961 24730 15256 37519 6769 22310 8503 29084 12956 20016 38036 24098 38793 34357 14275 5447 7371 37661 27403 38231 9017 25642 14807 15438 13194 30635 36543 14225 39739 38191 2337 13877 7835 9804 14240 7957 34000 476 24718 35704 13416 17837 1713 1486 18311 729 32188 7577 33046 25686 13121 10560 1495 12031 39473 7601 7219 25680 27961 9179 26747 39891 16696 4520 35818 8836 2912 13612 10164 11831 19477 24002 20512 22875 29077 5076 34072 11220 4680 38305 34667 1872 23432 31385 29658 18064 20323
29564 29045 36176 24233 39085 2745 1751 24698 8979 2177 33530 18931 13409 15888 14277 745 12757 18137 33719 55 1021 38386 6046 24849 39371 9929 23653 31955 24034 22839 2694 20259 38327 12137 7239 37018 1101 5043 36801 13064 8072 30039 30881 27462 6615 30976 21662 9130 27282 8850 24779 33788 25161 33735 35269 26302 19004 25347 31894 14340 17910 36011 24559 12924 17342 5756 10021 2156 11092 28130 25300 10133 35943 1807 2387 13721 30214 4523 26443 4643 1304 3283 337 4725 26224 6592 20789 8902 12520 25619 22849 22112 27096 35671 32539 811 38558 32363 4294 35147 15834 2320 6519 2762 13542 16933 24599 19197 3450 1922 8978 11061 31743 20005 36057 10074 14642 27453 7006 607 23471 9540 31527 23396 8606 10440 26523 27350 38239 5920 27640 26742 6106 37292 13556 642 25190 22745 11283 38627 37303 45 29626 38755 21272 26613 33442 12537 26658 7912 13646 30339 15950 32312 9783 36785 25879 4091 39480 2123 33930 22182 8915 20744 25625 38414 48 13640 24296 13689 9424 5989 19775 25731 23537 23155 21195 21945 39047 33949 11265 10446 15761 768 19281 25893 29771 39125 21722 32237 37486 5007 25168 17728 12842 13273 6015 29600 7854 28334
22502 37284 29781 23940 14325 12173 36990 6189 13623 14426 13206 6643 6703 19109 31061 2643 27512 1919 16164 8320 22942 7896 32789 5217 6325 6923 34911 17839 15676 32337 35685 35036 1235 28063 14154 30106 11303 11989 9870 16221 37529 37648 349 23266 20655 4433 31073 7662 13363 21870 16108 22832 19005 9709 11676 27631 4813 4104 34469 23129 16720 10425 36902 15709 31165 27201 30548 22444 9646 23470 13879 21891 2033 344 37091 30217 25386 36127 17208 28435 21873 1796 15335 5785 14321 28127 11166 27401 12741 7119 1667 10523 5396 29551 757 19935 31240 30957 16256 29272 17718 2036 2083 3952 24679 30074 38855 37969 34518 5066 24382 22955 18038 27982 21625 34406 6559 25679 10962 3077 27465 22156 8453 11426 3489 33342 29513 9178 36160 4258 37384 27739 15547 11471 11810 32694 26464 30332 14881 6795 3891 16273 27466 34879 29985 656 17834 21904 24201 2735 36969 17657 14522 26102 14024 34646 4532 32425 16350 4343 22727 19730 23979 26722 31539 10846 2554 39939 5394 29493 25918 34128 566 30366 38333 29779 28085 31 1113 10175 3029 5840 26437 16932 14967 8628 5855 39472 21422 34621 3614 30989 26724 3872 37993 17193 12405 37533 16607 38663
28367 13228 15698 2045 15125 20071 4502 30091 17516 25389 13917 7672 15274 14100 23806 16585 16479 13470 29767 27742 20192 22789 22562 13792 7616 9528 3675 17622 18933 28078 37304 32851 33544 19498 1540 17268 9508 13426 38799 3363 22703 29180 23789 29732 32869 30905 23594 19923 35754 13358 38453 6952 2016 18210 39320 37022 16942 19998 13836 39932 37452 15085 15649 32741 24895 37930 37327 33177 23176 4958 34329 26884 14473 12893 22325 1419 26305 12500 27565 4689 17607 21397 33467 17269 13050 36565 902 37690 15804 34293 17566 11433 10874 26026 5576 3824 36089 599 18581 3937 30756 8056 5282 27090 36186 27578 31463 35600 37159 31154 29138 1860 29730 1429 14946 38247 6321 29405 3664 29908 33613 36890 2878 31510 6740 35460 27461 7633 12902 11735 7705 17669 18850 25999 4943 11569 26219 21124 38096 2610 1191 37883 18368 1388 21843 20087 10280 12301 29889 22471 32016 7626 32195 33604 12595 12571 21580 30594 26257 6044 6170 7201 13006 7794 3010 16343 30132 22825 37352 16800 7465 22457 30560 35796 5143 9909 11189 22192 9321 16542 24284 15094 13468 15147 9396 12628 29090 138 13574 28668 543 1264 11747 10387 34649 19959 28814 2635 1532 15840
18656 37943 14741 33557 32558 22637 36850 22040 35487 30715 18878 22913 22563 24794 12269 17457 841 11116 30577 14124 29265 33637 32915 23856 29819 32929 10958 7187 24980 6311 22303 20703 36397 30461 8800 37992 23524 15606 21429 36827 22478 13801 12654 3578 27803 27815 9582 21793 10895 20035 1735 26841 16240 11010 35965 30360 11841 18177 22326 3229 12339 25250 14088 34634 24689 27419 8688 4271 1743 6671 31954 20675 28719 11532 14700 4743 21413 35579 37853 22069 21650 32876 39346 21530 25004 12416 15588 3508 10385 16909 460 30886 13622 38987 16187 24766 19733 34308 2261 39023 14433 21969 7273 37213 28289 21728 3524 21598 28631 1242 5202 20469 37237 32398 35768 22219 21034 16054 35408 21972 10887 1196 32320 37858 30391 18085 24046 23117 19205 14618 20752 38228 9848 6522 35642 33259 18919 18881 9191 16756 10274 3826 10999 30301 13213 37340 17599 5169 4737 12942 14181 31298 34118 33885 29570 26762 19840 39429 37616 11512 39409 33546 5642 1237 26991 8271 27126 28126 35258 6094 21406 20509 13089 16183 10348 2220 19046 801 23202 29412 27908 2105 16893 14305 33064 32575 32893 13327 26558 32478 20018 27663 1957 34709 3015 23373 30622 17936 24078 23722
1343 30007 27057 33489 16205 26826 8252 39234 18593 19943 31275 6441 22966 21690 4072 11884 23741 31679 19010 36235 11644 4103 3813 28107 2985 7778 26299 3579 25551 25374 35874 26970 18176 883 20487 32292 25065 25969 15319 34971 24605 27277 10389 36574 2602 19610 26768 2135 22488 17056 36533 1158 395 26994 27562 24199 17038 6107 10233 24992 20279 33400 30720 10421 6972 39164 33608 9280 10772 24745 31258 17069 13431 32715 17884 1023 17236 22556 16576 28895 33289 2730 37550 5684 37509 7229 11425 5924 3571 22246 6187 6052 19071 8318 14270 30859 25646 8294 14963 17767 36480 3777 25270 11243 14872 22430 37453 21730 33851 13724 24384 4009 6850 2825 26066 20233 4236 34718 1098 5308 4749 2412 36906 13266 11809 30407 24354 33116 17558 8209 14754 6303 12452 38100 28582 16971 29746 16292 23106 25718 34317 23596 8487 5916 13524 39997 9913 13289 12770 17435 22323 15929 2631 31284 4771 20627 11691 33044 29384 16165 12016 15875 20211 22782 37732 16340 37047 1816 6563 29649 32651 21478 39524 38675 38929 35903 36711 33639 28703 39018 2757 34434 4164 9893 23760 17238 26036 34139 1871 6975 29751 5747 2069 27265 5401 29931 8431 7552 26616 15529
1 16813 38063 12754 20106 3324 26204 39885 21211 19310 3492 28509 34281 4711 13799 29230 35501 25872 26123 19039 39607 7586 3916 3399 14056 6343 9747 5286 10507 8594 34567 4965 685 16448 13995 26594 33235 32501 27598 18446 19565 1833 16495 23018 26238 22216 2962 14610 14339 8524 390 13204 3806 23578 25129 622 32242 11268 35348 3190 30926 14446 33102 37380 21555 35599 26566 31528 26265 34010 21839 4611 20004 28191 18394 30472 13992 31588 26439 7204 25211 22757 18928 38564 33610 3225 5914 34981 38170 32263 29611 2873 7227 26393 22904 11570 28526 13201 20819 37372 30505 27476 30452 6774 30464 18420 17495 18000 10882 29588 3966 26062 14911 11854 21178 84 31615 24126 17632 29515 34880 30649 10780 38498 35038 8235 4321 39733 23184 23607 7481 14797 27697 3089 10612 1848 21072 37778 5173 95 32311 5292 18304 4758 16493 35820 11034 17334 17529 35975 30243 25676 3 6896 20089 29106 2085 37188 38665 1545 38661 37373 2975 17925 12397 8263 36792 39827 4068 29404 18607 12070 9757 39360 36118 27678 13223 2354 807 13285 26030 9737 2626 29349 345 26417 19375 18249 25122 28281 10262 31296 16586 39421 952 16644 1358 17063 23818 12640
36088 23950 12619 14812 32040 30731 38460 37270 30205 33471 33413 32998 30424 14926 37251 23335 21497 18861 25707 26765 25952 3131 29597 2362 10139 35604 25826 1437 33571 24716 14077 39679 35908 21707 6121 8264 38896 11740 20792 39275 1625 27942 23509 7313 21342 22283 13451 37955 26852 6051 30264 39011 23769 39170 34060 28682 8618 36519 20399 3770 7018 21681 6034 13983 8006 25904 23058 10858 34821 4346 28981 25105 25282 31885 31171 4210 14227 1040 21597 28729 28942 8535 1370 4624 27873 33351 21333 1983 32051 35862 12930 10221 13137 28215 4764 6230 17150 3609 5545 16200 21434 32815 37873 22170 7179 14852 23235 19723 23011 346 1401 30418 4644 13679 925 33660 38776 10290 32162 37674 3484 32335 13444 6178 32983 6221 21470 38737 10448 24256 23321 26310 34993 27932 37926 31268 29996 8257 8008 35963 5141 29991 39536 21813 21532 31803 27390 24362 25537 22680 39340 16517 26334 14839 35287 29831 32505 1445 22806 14223 28387 7437 24026 11266 13310 32637 25155 21639 443 22107 6828 24659 37419 3418 22585 17847 30121 29016 24498 13949 12432 33606 24670 17042 29051 37119 1106 24741 23551 23157 23125 6715 17775 28389 35323 22443 15594 12201 39689 13145
4396 8600 3522 32855 1142 35058 21319 31643 15825 2340 719 26392 18489 1248 37731 19817 30319 38719 6509 3597 2068 7652 32682 31485 15351 25171 25028 28176 18688 1896 3863 1161 29247 38652 27080 3755 24090 33837 15866 671 1051 10549 22561 6865 28397 35070 12008 15070 21854 12052 37996 33272 18318 24196 16005 10517 10605 38658 7967 19600 13430 9040 10455 32343 761 39144 8427 7804 30189 15593 2670 34486 24978 16625 35919 2740 32262 37617 13488 10961 35337 10530 13160 34861 21635 28804 1711 7405 825 12735 37098 9464 36228 13005 10953 38999 21212 89 2891 17024 35400 18583 34703 36532 27738 7829 32136 6449 7409 31936 19990 21269 20849 20965 5614 22579 15490 24329 32366 17283 29046 4105 19435 15461 1634 31735 22821 23928 21024 34342 29692 4845 12267 30855 26459 33470 24070 12502 37353 31030 39282 18551 33097 36019 17949 10179 10401 1047 36599 35474 36856 12581 26737 39544 8587 61 27625 26214 20633 14464 34177 20853 20564 6347 3428 23097 27495 24042 8031 24476 39791 27067 24079 12013 15173 29365 25946 9081 832 35976 13921 35838 25494 18512 7759 28531 25016 14125 15100 30105 13347 23874 36474 8301 11752 23680 164 34033 21651 8004
12120 28642 13947 18472 26576 551 17189 26056 33856 12294 8309 22065 2282 1137 26031 21778 19897 12478 11568 1278 4466 13417 3471 36334 19850 15357 32102 9154 16805 23693 17136 34601 16629 38168 28776 10524 35873 20598 29458 6016 18992 24579 860 13067 9022 29964 4308 9823 12913 20331 16455 19208 22273 1788 30748 3729 7801 6893 38880 39604 14080 6906 15433 12920 39696 18735 437 7280 24714 27655 14466 35087 1281 385 12535 15980 39179 6604 20538 26661 1136 11436 26352 7704 25726 9336 4770 32045 29527 30825 19919 9773 34989 37911 32760 10823 17605 39848 33439 39046 5378 12399 6926 35705 21857 30328 30660 2174 39097 14432 8269 14241 26905 19879 31465 28462 18002 12784 23827 2207 18396 8867 19703 16020 10299 25580 1677 29821 27301 7553 7329 15959 33759 18902 614 22181 6466 37904 12436 4542 24065 29943 4715 12746 24251 34853 28873 35212 17366 34092 2155 8565 24793 30247 34988 20700 26114 3375 35674 33646 28784 10660 20814 19825 32315 377 20845 14579 1813 23993 21987 31576 5261 29962 22134 25930 20931 37416 22621 661 39927 7788 25973 8172 35300 76 22382 23750 23457 25835 39127 32341 37239 2228 30047 12230 15194 5324 19438 38027
4467 5468 9851 31451 39986 5717 26541 4588 29315 2411 25289 7505 37813 27274 28231 22949 2982 29346 23766 7881 1433 10028 35555 33542 34247 7321 11127 20150 4395 23855 28398 6704 25040 28113 4485 35345 28269 26953 25158 10538 6888 9521 9633 8139 11662 23652 18569 4594 29741 19824 27620 14439 38140 30655 14448 1850 5625 33086 25380 10142 32520 2885 5044 31446 28396 11771 24628 35826 25470 7592 24130 16970 4335 2791 37705 15315 28256 36764 11829 28301 18886 10804 16619 1226 32821 4172 2250 21294 26845 12344 15082 37170 4890 28824 24434 29386 5858 20311 6806 32687 28345 20109 6807 20826 28160 9034 28443 13049 34133 19759 36131 34123 19995 19884 35083 12345 22531 39025 7803 6004 6766 22381 12454 27192 34772 24428 22222 32459 29879 9383 2344 23451 29385 30822 15043 32369 35932 27241 28727 30876 39458 17592 39636 29644 31567 24301 15885 27437 30653 31380 15368 16071 12439 16748 35233 25044 16342 16592 5398 10277 19139 19020 25998 3836 18426 13605 36185 35430 13407 10255 11941 11983 23054 36970 20277 36676 8743 21759 1097 6732 34140 18678 20630 18724 27720 2384 9844 37976 1466 38154 13758 17586 38512 31857 1384 17213 39645 13154 38461 13485
33129 25599 21826 25439 36488 5036 38957 8230 25117 9213 33010 31563 9322 9700 30919 7784 25073 5236 6142 17350 25298 30854 22238 11571 14919 33640 26862 29210 8277 34798 28044 12116 26809 39917 20915 17756 4300 15919 38832 18139 33761 37967 32860 314 22158 15928 38494 27499 8087 25050 32291 12060 29496 20801 12456 12287 29381 35866 36518 26243 22135 10957 16035 25431 27928 29240 22615 32883 36743 27944 31649 38960 21888 27097 11924 32579 7606 7259 15852 33734 38687 17329 15431 39668 18671 33846 33018 19902 38525 15058 12879 36869 34515 18626 11395 38048 35784 18666 3962 5469 645 18065 4656 26272 15404 15790 6207 20515 12923 30425 498 9029 3426 9799 4586 8382 12539 35302 14029 24357 32733 27224 25772 15646 10017 26924 26195 36233 11797 24832 9019 1598 2199 1147 33276 26638 26499 7272 3305 16881 8108 4825 6268 32649 29076 630 35387 38530 37291 24145 11755 18750 1541 31068 36515 25659 6603 28162 22554 18211 28512 27335 18008 4639 37756 35459 26780 22520 10527 35138 19245 34512 34575 11154 30375 38458 36297 35602 22061 1145 24884 12527 8496 1910 17360 21611 38415 20811 9520 35496 27456 9371 15464 25995 32738 17095 32415 29983 29758 20938
3906 23232 13432 32868 17015 2875 19641 24572 19841 5382 8408 10053 16421 36204 7904 25881 10038 499 32496 21977 624 19353 25590 22349 25358 8732 31501 28213 30780 35015 1166 14226 7045 24321 32517 783 26342 8652 13396 26928 4598 26803 3940 4216 7035 34555 9766 27039 16361 22933 22483 39171 16635 23027 1071 12450 21914 1449 17002 19202 31211 19152 14323 18407 12411 21332 29537 34221 13211 4730 39836 26497 34843 18643 33220 21079 5306 1271 5195 7382 33386 25398 26656 17176 11807 29826 38198 2720 34681 28992 32721 8812 28048 9704 8590 15800 9938 38605 6074 17698 30661 21236 3971 25681 11330 11172 33472 38127 723 39973 20726 628 1506 30817 20874 39021 39890 34955 17737 33383 16461 36821 11522 23152 36064 14290 30181 32549 3649 34126 31741 19832 30398 6841 36783 20412 23025 26640 34826 9966 21114 32437 7824 27667 32933 9758 33488 4759 24589 33216 36012 30000 15235 30680 38632 6564 9010 14739 13048 3160 31797 24437 30290 32479 35184 34011 22438 15747 4885 37050 23561 30776 20330 13662 14890 13354 15175 8924 12795 7549 37572 38997 2522 8150 4473 36796 22052 31535 16149 32857 39567 14538 21845 11937 21041 18169 9963 36988 33392 35668
7029 39795 22407 16379 36770 14506 35468 20406 31785 5346 3944 3248 23279 2010 38052 12874 37568 5556 31232 5513 32168 11267 22076 10176 34642 18374 32484 25809 5166 608 26125 30953 4601 4859 33831 30209 33205 32310 13576 4535 30081 29707 11100 3282 28520 30162 12466 20924 24148 37145 33515 30167 11631 18196 3848 24458 28564 605 24363 9491 13706 4623 8405 23051 36707 25609 10511 28055 8423 22005 38278 20288 1382 1921 25130 31765 28498 2844 34697 38179 18884 5565 31856 14503 16185 26515 38267 982 12473 9354 16182 92 6978 5536 8362 37570 4819 6071 32436 10801 7046 10696 26983 33662 20711 4686 2882 31383 16140 34636 38230 11188 38389 7543 22077 28363 14490 106 14774 24876 23379 33401 15036 36797 21553 39231 39798 35040 7017 10494 29290 11342 19235 35756 31272 19324 18315 2651 38402 8714 17721 4589 10942 30080 25241 33976 22016 5318 31731 39672 22589 2134 34460 37789 26518 10944 37877 4215 7087 29995 2164 30744 27307 35856 37513 22317 30467 2241 36020 7267 3587 19167 30057 39446 22578 2704 6561 2055 30980 5042 18170 18408 26142 8687 21138 10762 37116 8258 5507 30329 27748 16840 18330 38409 34599 2557 27947 26270 8141 37657
38923 370 19627 2953 10591 25754 8519 24634 22877 18768 35457 16648 28277 15743 11972 16750 22491 35292 25977 24960 12725 6535 21073 27769 13512 21003 25588 7851 13199 29497 34611 18991 3586 32233 36081 784 38769 6724 19918 7147 21323 7438 9069 13777 25693 4571 35298 32944 819 18697 22268 22296 12552 7445 3834 35858 32765 25987 7298 18641 29457 4203 20587 12906 4705 1560 17664 32467 37135 16306 26877 27141 17831 25489 18813 10986 2369 13869 13123 4443 26230 11258 916 29713 35837 24445 3361 36022 31994 25983 22319 33966 36352 39717 28518 1165 6307 6117 13507 12851 39044 26844 34598 11713 22852 15015 37793 27652 5107 32271 12376 20268 25604 23725 30487 34296 6819 29595 7266 15705 6427 10493 36316 21251 5880 38398 12311 35379 26904 2216 39110 20885 23473 7254 15012 38540 10978 33310 13549 5547 9791 3193 22768 8149 33866 10888 1908 7458 17709 4252 15341 11152 37496 2678 22755 18954 39998 25361 16368 25777 996 19371 13302 17743 26516 22930 30664 4668 29037 31906 33707 27363 29976 17327 24454 26792 17896 68 15973 34824 17448 5599 16965 7899 7078 19311 7677 8699 8989 25920 24289 3511 13969 27392 11055 22278 16982 18060 4552 32420
35165 38775 29686 3992 37532 25119 39533 26637 19390 5023 2989 23442 6860 36191 26693 16160 5977 36836 19722 20474 33596 23141 29538 30593 37941 4044 19632 24772 4269 26547 2817 21094 34786 19899 2288 17807 2697 22404 22365 16560 4645 30186 26375 20086 26009 31366 4687 12495 23696 14063 13297 37893 30829 1814 32396 13950 14153 19818 13704 9271 12185 967 32050 38571 33491 36725 28983 24291 17984 8529 32240 10868 18314 13886 15239 14567 19993 27428 31261 10800 32619 9667 10679 16953 28091 4836 34749 35771 15411 35415 23053 29136 2451 33483 1048 17521 35120 34583 27174 35741 29494 32097 31571 32403 34852 17410 37469 10152 20537 30616 31684 24252 37255 22007 29087 5994 18430 4075 12615 34388 33534 1579 9713 21646 3709 4638 33997 23318 9928 13875 38222 27209 37324 15350 36216 10026 5603 3978 18168 8623 11382 39834 17533 22320 31469 27575 30119 175 117 22773 15750 14057 1880 3036 27087 31734 24513 8832 38292 4697 4608 13460 23983 13244 20697 35253 13525 4390 36266 6682 6447 35955 34946 22976 12241 33238 9374 6103 34887 34721 15101 1270 20682 28635 38720 21129 22459 30558 23765 17229 26890 10181 30114 2079 3415 3064 36342 20394 23 8941
17604 8292 20256 4931 35666 33197 21145 148 15572 35051 2437 18522 17800 8113 904 33909 15801 31207 5784 36483 19451 32087 728 2692 24315 23701 27365 38439 10614 26512 9266 28840 29978 6273 1686 35645 30612 15716 10788 1017 25183 28603 38556 7268 28351 10630 12280 16072 5932 37410 24243 13122 24176 6792 26330 37670 28179 15413 8815 15967 4497 5209 24297 35385 18767 30143 18538 27104 19604 199 12134 37851 6340 18511 6614 26793 38273 5479 11390 5265 5155 12873 7973 717 6624 14232 32559 14053 33324 6536 14695 22970 26070 16003 7253 15006 4243 38964 9075 13658 12952 24623 18188 37890 22740 18451 10485 39895 9482 20650 1473 17008 24210 4605 5273 7605 33196 38718 27487 9857 31509 18595 17948 24984 15463 37477 33779 32891 23671 33712 7809 31082 25569 8464 22125 10248 28688 14417 35123 35764 27459 33956 855 12409 31556 30416 37479 17011 13617 28602 15965 23737 16790 24116 35723 12733 33461 26949 22350 16789 10881 37472 31602 29765 28148 6306 15521 27806 18978 2741 8061 28492 606 23017 18921 2621 8485 38196 4199 18056 17761 15416 23387 6955 19774 2235 33063 30670 4233 16680 651 7724 17481 23655 15298 37899 937 35778 5828 29461
26607 13520 27698 37056 5072 18715 19981 30866 34972 21466 33772 38318 7898 28935 22050 34412 25749 33686 11936 3666 31762 19278 9337 10970 17514 12382 31531 24483 14066 14995 38851 6088 17444 15871 15136 21828 1283 34200 14601 2627 19718 32229 39945 1808 28060 14884 27326 11925 34643 25178 34783 37925 38655 37636 13784 573 4153 1707 12774 15119 14922 38995 3368 21336 16229 38473 22145 12194 5572 14086 8064 11758 37263 22505 2454 7479 23168 11228 10452 17833 18481 8929 9601 10669 2618 16910 72 5810 11250 13510 246 29643 20220 17975 24993 3915 20182 19396 22940 7150 22555 26002 26695 34850 18959 30282 36553 35270 12663 39460 200 12697 38873 34370 1392 20225 23230 21483 37202 20545 26236 25595 15916 22176 38009 38811 19444 27789 35582 2889 22071 7729 7800 18795 34113 24627 3486 37195 3866 25792 33945 14842 21188 38393 28304 38736 22149 31108 724 8705 15342 31673 12234 1111 33014 9779 1083 21412 13865 23192 20781 8131 22921 11334 19011 5628 33013 3123 32792 23545 38538 1553 37211 1117 11143 28532 5587 30734 26912 11218 32553 36125 15153 10252 19953 5302 8462 17569 20688 21241 18756 20593 38726 15507 11789 37152 31716 26771 8396 29177
9373 33112 23897 22496 37024 14815 19047 33963 32146 38465 9298 23781 13819 37852 36704 26964 35737 36555 21729 35575 28869 6356 6396 13610 7107 261 18412 944 2208 11306 18807 12233 6029 26872 3599 30951 39298 2796 16062 24207 9436 17621 20124 13299 22588 23460 11815 16774 39934 868 38609 18116 20852 30512 6048 32353 12921 10550 376 13117 23937 20520 24469 35721 28968 39947 5674 5289 20788 3657 8152 22762 31544 17453 34142 37026 22571 12984 8412 4618 14783 14602 29690 30595 16740 19389 247 9390 6290 16300 17109 19076 20243 17610 32567 23585 10871 36551 32824 39517 12220 3093 10950 15057 27203 2493 7156 2415 10213 16640 15380 5873 35814 39692 39899 23269 9382 15406 29739 28390 6384 12274 8625 20479 6847 2971 14726 7895 17855 4573 22665 11076 21657 37359 30159 32949 34233 17795 28110 34665 8036 39034 34628 1462 15134 16655 10638 34350 11046 8492 17765 22272 5205 977 32487 32185 4211 22628 29936 36462 21950 20838 18120 37695 21647 14130 5992 5755 30533 9655 5952 37823 18851 16465 31425 23521 12904 7287 22963 34516 38839 23921 29885 37456 38049 2001 2476 37960 34335 5694 4516 17082 25798 4323 36223 16714 11124 22229 3775 22004
28575 1312 11269 8515 35190 25204 25375 19609 29864 33458 8572 9297 21155 18365 13280 9467 20861 28652 20490 13994 10782 26269 28218 3103 34299 5523 15302 31690 26580 26816 29117 26741 22255 21802 34696 12499 33361 24349 20167 38364 3825 27887 18161 34928 16425 7814 10257 28189 19467 22978 17579 34320 2020 23782 22038 26453 9340 36800 17783 17963 18872 10710 15248 28605 36109 23300 31334 9982 11655 31697 12765 4029 11031 31967 4838 24047 3161 22401 13962 27863 39128 27821 1688 32978 36120 15779 567 22078 14879 2151 29239 10768 34608 7228 38575 38752 2752 1624 39964 1590 28036 6637 15415 6192 3389 14081 18003 32502 10200 27051 27962 37448 21514 21005 13884 4227 36995 11466 38106 14894 20481 24073 25990 1937 14467 4657 9260 30203 13585 13103 13016 33948 10849 39406 1818 17980 15943 37972 11953 24015 20812 23539 5819 31126 20620 10256 16699 9837 3784 13157 21375 38686 33242 2095 5813 35354 156 20273 15523 21408 12752 3202 18470 18990 25944 33103 10473 6838 25160 21976 19341 2062 38740 18915 36490 11374 18305 37151 17544 32414 4221 37139 9419 28421 358 18245 35667 10998 2124 35895 21744 30587 25007 30194 2303 24248 2144 27264 1127 37603
31887 27557 10769 39570 3141 1031 20927 773 9782 14581 3623 27871 22538 1757 33257 33270 22721 38644 21086 15366 10279 26433 31607 24218 39943 38716 22215 32234 29075 20689 22263 27249 34499 31167 21282 28906 32204 15860 33574 6727 856 23370 12970 14790 15337 37953 4248 21557 20528 38894 38768 37464 39031 10715 364 21075 25472 12773 6598 20372 32568 28285 11998 12394 25294 31060 1208 16486 12431 29646 12946 31179 1376 19225 10883 35124 1484 1674 12017 302 3878 16570 20219 29887 12183 17990 6454 38103 28961 7602 2274 23924 25423 18694 32781 13781 33020 694 8655 34580 20780 38840 32428 1775 37035 26251 7696 28223 22928 35135 10351 18324 18146 5028 39763 28766 8317 3296 24908 31031 17094 32514 39069 6387 36158 3670 15339 33062 1441 19534 28290 39620 7917 17326 12119 14427 391 9591 28482 26507 23879 12813 36489 22707 26215 17875 36419 27119 28239 17492 28595 7568 17301 17959 4774 28294 26411 2719 699 16787 32606 16923 2843 39484 30724 2726 6377 29823 2080 8118 7080 28499 12831 20585 11795 14655 13029 29089 10294 27718 34447 3267 16514 20437 11335 10278 31357 22266 22437 15783 26335 13120 22360 21240 12385 23006 23763 8539 33689 35410
13333 10194 18685 2933 5781 29503 1365 26745 2273 6298 32091 29815 70 4795 36224 22111 17547 27809 32152 2779 25180 2855 6100 1644 12653 24528 37298 22504 4082 1873 9525 26708 39441 18143 16823 11355 5176 33326 33255 18745 18617 9689 39278 12075 10212 16814 6908 25883 16615 37020 28458 6705 36983 12526 11774 32727 33485 3444 13045 2373 8386 38245 6172 8592 7718 16468 10988 3674 29824 6897 9524 22642 7480 7276 4726 36650 941 893 28750 29882 37190 516 25682 13262 21835 9421 15139 24715 27475 15882 8766 29963 38651 2279 33972 27188 35794 23267 5364 30344 667 14870 9064 7186 17324 35735 21219 18772 181 13440 22618 31254 22567 11930 14376 29122 11753 7153 27107 37307 10102 871 38645 36915 8537 39959 2826 2903 17148 6452 7971 36472 13876 16888 34765 10867 30618 11064 8775 19814 29811 14383 24786 18746 25307 35714 35993 38452 33819 4777 12782 24056 5690 3859 38074 20186 21691 28901 14850 20051 6108 29941 37649 23247 24700 8368 30338 27560 23292 29118 3386 33661 17757 6731 597 14924 1739 18887 32093 24211 13007 21201 32665 9379 9794 29068 25254 22322 3270 32909 2810 34083 24951 4102 23895 33927 19860 24563 1703 1406
2685 26990 22291 14583 19297 19114 35697 15777 25393 15567 21634 30809 26868 12373 515 15392 15721 21626 9738 21615 37039 32602 5942 27332 17277 31130 31651 27153 16119 4925 3419 2858 4045 18259 33559 24346 28340 8636 23590 10261 2578 1144 36476 38497 26140 3126 1846 34052 27978 7613 2318 24520 11123 5797 19408 17446 39859 4621 33690 36115 11400 33598 8721 20750 5758 14359 5982 22951 9707 33605 16966 26894 16301 35141 38366 7921 33041 36211 32572 25068 35726 21965 6965 1930 31297 33038 28690 18541 25108 26423 38634 276 7563 37440 12886 15541 13718 36314 5734 33894 34939 16049 2566 9393 37394 15229 27966 21477 1975 29179 8437 32626 33209 27629 35338 31549 19326 11103 5857 28862 17555 29787 34471 24665 18240 13422 18764 388 8467 24465 7728 24537 13655 14882 35956 32750 21599 3973 34367 27952 8676 5533 16652 23712 31929 17703 36735 371 13725 18536 29975 9519 13348 24444 34605 24619 1177 4583 22525 17921 37418 34619 19284 21276 36243 11236 569 21109 35942 5234 6291 14500 35630 1045 12130 11617 507 19726 34437 13841 37334 32947 27784 18590 15146 14942 14635 37192 39504 27450 22113 24646 15794 18254 39180 22805 3166 15803 22656 6813
10616 8544 9652 24617 29487 17603 3967 23083 25447 22508 927 16841 38507 27113 25048 9798 25304 35707 17776 27524 22767 20645 35228 31005 16381 22368 10982 1793 39542 4899 9843 11977 39106 15299 31641 763 12352 21726 1109 20349 36100 38160 18359 23581 7008 24292 22868 23817 530 5806 20149 13066 33556 37508 24782 29648 5248 11081 30369 234 19293 20565 29072 31200 11641 12247 8190 10499 14969 11381 27787 5276 27369 24534 195 8115 16683 20715 25255 4341 6918 748 8074 14488 25408 5909 22521 12303 23174 6483 3662 11838 21513 8772 4388 39154 16671 4421 20679 38281 28184 17091 39427 39597 10981 28813 22929 3812 29215 33037 37260 21832 35548 30250 6053 8035 35218 16335 35536 29289 34590 20065 39522 16341 14495 18204 9115 35663 2475 1559 29670 19415 24133 90 11779 36812 24028 38593 38780 24392 16598 663 3669 4534 35000 36568 35684 25126 19787 35101 17581 35626 9874 2008 36717 4220 275 8211 37739 26385 28392 32528 13036 21078 36035 20032 27624 393 11534 11903 24970 37564 5613 17210 1718 10050 36954 18048 15349 25874 35194 13543 5102 5678 25756 14438 11014 5356 37867 495 7189 39100 34976 28984 7997 25310 12555 21768 33617 23980
30781 13268 335 5377 17057 22626 1500 25530 4148 18799 15212 14621 22690 39585 22840 26466 39639 30202 17195 38672 30111 21435 7883 38926 17138 14666 37445 103 19516 37131 37397 34682 7811 15491 35264 5426 5925 28471 36895 34729 18128 17723 18700 23104 32650 36670 31637 18727 22140 16533 12953 30858 20082 7754 13477 13599 18963 8438 8125 35840 17809 29252 33406 26631 25292 31394 31587 23494 8946 21931 34794 11067 30728 139 27225 38727 32160 20238 26260 5245 33006 26577 28726 13656 37205 11659 2049 5983 27812 26649 29482 6911 20677 39811 11536 27626 4653 8964 5390 39153 10204 5802 39611 28444 11397 30449 16127 7148 17907 18701 29709 15944 25634 36834 3905 8940 14119 27848 31972 26306 15731 37650 21584 1620 36434 24475 16135 26870 7192 10487 36530 30477 32986 34007 24414 32154 36581 26867 30185 25771 27027 737 37442 27981 39193 19896 20448 34733 14625 36398 15282 13237 10129 31494 12191 34764 22200 27950 12218 3972 11227 33829 2305 36779 9530 31891 36513 20027 15958 3500 17017 17724 14907 19100 5905 20432 23597 30539 4875 22426 31879 17096 6398 19961 20721 8668 27891 23068 30308 8767 27352 29607 26381 23425 19305 12126 14436 25912 16057 13467
36044 36958 32896 18906 16887 6032 24333 38967 28401 2035 4869 37764 12510 18010 17140 29955 2689 4276 22999 31256 9797 14585 29558 5056 30814 37722 28559 17430 20017 5374 20492 2600 39812 27559 11918 20502 17117 27009 21257 34062 1272 28377 37358 32861 24386 33237 30914 10590 32506 3566 25915 23848 20049 16742 27102 39922 16998 26527 37754 15864 21146 4368 19756 23803 12908 29613 7097 32383 14445 16874 4727 7674 22131 38826 17758 10113 7783 3446 6386 15133 32932 10449 32521 10803 13088 35463 23309 1305 37447 22196 3308 21898 32814 4663 11539 25818 17464 19091 2169 11955 35301 403 20327 3237 32098 15622 28678 18634 29309 31825 3644 35584 36851 6381 9795 8797 36277 18174 28005 9333 23374 23484 27470 24887 34380 3573 22329 9805 37363 25850 27321 3057 37423 12981 10770 31987 34064 20685 19360 13456 3551 33371 5244 9946 14184 9500 4409 9470 17601 12928 38083 12963 7365 2479 19870 21897 39652 17711 11093 31781 12512 18340 27167 27216 19790 7790 24429 34413 26482 1823 10124 23166 12686 21966 35361 2950 14725 32601 19839 23111 5412 35954 27125 12133 31662 7908 30787 31858 22103 10097 3097 4402 4361 8650 36745 20591 14202 25767 22271 28002
824 27170 7561 7464 7859 10582 38152 11864 10304 12190 22309 5963 31986 12250 3682 34163 29416 4176 24290 31646 10693 19426 28450 7341 4597 31526 13780 7591 39913 478 26449 32427 8041 3728 11462 30733 30987 4350 31956 21065 20173 4222 21694 34502 24728 12949 34074 12207 25744 31227 34796 11372 37061 23514 32448 19773 33217 29271 24596 34987 27538 19994 14780 28076 1389 23612 6150 17447 24837 4005 34625 26933 2209 33027 34314 18452 36886 29243 36671 23660 6253 10592 14960 13839 33148 16297 3718 28567 35490 13135 27232 35508 18718 18019 6862 13695 30104 9722 5752 34562 39496 5114 14314 18935 7511 34018 22410 1511 25510 14250 26701 32997 30435 5078 19156 32734 19233 20347 29491 16783 16487 8439 13136 25543 11297 18882 12531 33624 25378 34815 5492 15185 19033 21012 20321 692 30719 21494 27550 13814 39817 37788 5803 14880 31356 31619 39961 4964 4700 15399 8403 12812 9418 665 38911 17204 926 100 176 23894 15275 6278 17266 39495 36621 22117 29332 10535 30197 1328 9568 25303 34678 16613 32732 20132 5416 9348 11379 16004 21673 26813 16763 9918 13193 16694 9425 25648 9711 21994 33433 12706 20888 9481 36163 3063 24474 37316 15423 30638
8306 27627 29567 18023 25922 33531 20434 17857 15517 19762 31303 26088 18966 33861 39857 15402 21035 5119 16059 23078 24880 37919 24673 35405 10855 22616 38787 12226 4800 28778 8677 8068 167 1709 7510 19682 1875 1913 3843 36524 13555 7612 18178 29253 5911 22280 29525 4946 13926 39949 39439 13155 16186 14751 27979 33055 25061 5314 15246 22409 36885 35634 30302 7309 13252 28057 19084 11551 7395 39424 6312 19398 32206 13519 8376 35914 7068 14874 26451 850 29165 21743 7126 32480 838 17264 29168 8769 14553 6184 19433 18298 33597 32217 35907 24368 32472 4378 4565 12637 19794 16467 4170 9778 1551 12694 3379 34690 36413 38309 31184 33079 30446 31869 1596 28161 23074 17432 25663 19116 18763 16672 23249 25822 30408 16168 11716 3310 544 39596 20907 26291 482 3347 18192 34466 29674 39738 20926 12305 36389 36069 13961 2880 35732 24093 16880 39916 37768 20906 6917 35192 4731 3547 15527 35876 33701 24753 18625 39768 34582 28551 8329 10352 3567 25268 17184 1558 16587 21507 16651 32039 29423 33388 31722 5726 13495 13654 27807 11245 315 39626 31455 38374 11491 5065 7910 33879 38129 12855 31103 19059 36789 14671 10548 5900 27850 26309 37587 16485
808 32331 2792 28158 16580 39731 23185 37985 35257 8364 14476 25632 1892 6587 14229 27377 25070 18234 31221 36056 12356 32014 3538 39189 29155 24916 37219 36060 10745 23647 2923 18755 33694 5721 14838 19743 16555 14740 36491 5226 31523 38783 13494 8171 24863 2312 27341 192 14309 33359 38335 2507 18339 19405 21817 38767 15546 6461 24705 5506 25010 34600 4881 29438 34 22513 5094 8521 11235 39681 25552 19926 33395 27217 25954 2590 22433 8058 13833 21485 11586 10677 38909 21372 23688 2375 18944 33389 25426 16377 8729 127 16177 2848 3304 30640 33114 38032 21775 16170 24864 33847 31295 10878 29368 33970 15390 24611 1188 17659 31846 15426 26529 27679 38186 2534 37013 27260 21147 1422 32084 39778 5177 13391 22995 19785 7823 16428 2462 37627 4175 14367 3454 4735 8715 34752 1575 13140 12006 4049 17874 33794 36407 9731 28408 27157 22691 29082 10033 4563 9108 9407 14320 2898 10105 27834 3753 19255 11482 38229 24835 32453 18333 35791 10856 2978 16876 32526 1344 34207 27862 18855 2986 24868 6202 29418 19083 30372 27247 12576 26734 2619 10240 5976 24258 36698 38717 11210 27434 12580 26817 36529 6494 14050 3693 13454 11325 21899 31319 8381
29972 14073 14064 37092 37717 1340 5649 12767 10259 35834 19974 23476 9996 36912 39770 3933 18046 17582 11610 19217 19285 30805 34695 35844 38940 28419 9772 22008 7240 21957 36528 6891 8266 19500 11996 34096 31983 38046 17452 20772 39089 24905 4733 21436 20858 29883 13022 29671 9947 26910 35546 19869 5188 20281 5458 28427 12197 31062 11899 12785 20043 25641 22472 2239 29673 18370 25867 18888 8447 16311 17358 17119 38295 25086 24052 14713 27043 17276 11418 14769 33565 28550 39926 39136 21230 38835 4076 27066 20007 28446 11315 6714 27823 16847 24413 32523 12186 33977 8866 39905 15865 31176 7311 17862 15579 23099 35713 9058 9854 37233 16959 2232 33586 23107 24060 33563 38148 29472 29149 36294 23648 6092 33437 2221 7884 28897 24928 12425 9048 38819 31860 26974 25348 28416 31771 39553 38123 24948 36876 9448 28911 39579 9800 20518 1036 35464 1778 20991 15879 36299 38891 6491 27781 5062 7166 26189 20516 36540 13738 27861 25202 11006 38823 4101 21805 3893 8250 7786 11352 35562 12802 22225 39603 8936 30681 33698 4486 24851 10996 33030 25191 27479 2540 21993 12911 11384 27665 17016 38084 32141 34390 17749 15323 15346 26225 15506 25546 11455 1748 804
34656 17395 9086 20542 18423 33595 30030 13925 4318 23526 17142 18485 33834 29704 3346 13372 18554 19198 9781 4169 37583 813 39545 16572 18401 15168 14999 8290 12743 39229 18496 15585 13687 1618 3554 10763 12786 32386 22377 29777 26727 11651 35773 6543 30229 1676 7891 12166 38852 24523 278 28093 37777 20187 26617 22453 20989 33486 20816 23606 9883 22622 7047 27122 17871 19330 31400 22917 34385 8436 6373 1273 16354 2895 31830 14164 4156 2770 19509 33926 32433 6702 13361 11712 12504 16540 7583 21684 3367 35193 19286 31946 36866 20988 36504 9119 27117 5889 10341 3312 12669 19417 24318 10807 10443 36903 27712 29107 36047 3634 2111 14159 6148 15127 3763 38185 18358 36106 27079 26346 35982 27246 10994 37093 36475 23997 163 24439 220 34873 20194 18198 21878 27682 31623 10925 20062 31660 23500 20326 32314 13590 4527 7923 35216 12704 31768 23448 28004 12999 35762 5319 14312 17494 30334 15644 17407 5519 26004 33801 7457 22059 25440 22288 7833 29399 12010 16296 37872 9994 27016 14692 2398 17591 11907 12513 38492 21247 16832 13264 31101 4630 2781 408 32046 33221 5063 38561 23951 11593 9124 5021 24331 31536 17578 29241 35743 14548 13217 12343
23328 6451 33594 21935 13779 32762 13893 17062 17170 20963 24113 22652 36712 6934 1752 8337 23682 12189 5219 8214 9501 32610 10572 28097 35825 36843 31441 12652 36460 21369 29178 33818 24799 25471 37199 10775 33142 12 39466 7434 9694 15956 10643 9155 17920 34209 28742 467 33828 23079 19529 1072 27146 7918 19664 21988 28541 26059 38082 15984 27614 8884 2893 22950 6428 19496 28321 7964 2517 36119 23565 9411 24625 20995 34349 6332 37360 27608 3918 27120 25653 3997 33769 2769 22461 7299 1744 17715 11234 8251 19752 31374 3745 39625 27447 27954 15829 37338 3989 24949 23298 1981 24653 39416 10533 30568 7020 15183 17168 27222 22819 11259 35189 35360 19257 34568 1412 540 8991 32015 36525 13972 30275 12446 16175 18913 8868 18200 21907 16614 38422 29814 22355 28241 2150 19674 32325 34255 28038 31558 26337 16864 20177 18927 37446 13897 39684 28376 8322 3134 29802 8181 31019 5435 9668 29682 9018 37691 22476 21043 39437 21248 3852 24667 20713 37565 14135 4260 35925 31541 13058 23683 31343 10627 33750 37142 11791 18890 18454 553 9622 25082 20503 2181 13465 1090 28965 33137 24603 14844 13375 3781 22041 11366 34159 38214 24300 30819 25620 18662
8489 22595 468 1881 37137 37811 6933 21695 2980 11794 2956 33732 8404 25390 1025 17321 3100 26463 7039 28017 2639 36559 36200 38176 30694 20031 16283 9751 21267 14014 12515 28561 12412 23196 398 37526 3243 38328 37215 6101 10631 10205 33230 5402 23014 23764 6672 129 23095 1533 29917 19388 5654 26829 20947 36846 14706 11329 577 12900 15964 22066 323 2716 2605 34445 10209 31282 34477 21347 33910 22094 11552 37931 24738 34485 28576 30304 38424 17420 6552 6816 31965 33971 19719 481 20036 39757 37843 25791 15607 8679 30816 18415 23668 33404 10219 21818 9234 34146 35728 6617 26431 3074 25460 3398 20075 3317 8749 36590 21697 34186 36092 15260 38165 37997 21032 4070 32477 29220 37051 10189 24841 4914 35694 32512 11802 39337 6618 33773 1385 5436 36058 17563 9269 29920 39506 2613 4119 26941 4853 25435 39988 33367 30481 13635 35828 11853 863 33167 10275 14068 37556 7545 38201 15038 15432 8119 23611 17111 31661 34894 7023 2684 30671 3365 22536 25201 24814 23467 38698 16232 15877 7831 2869 18800 34275 3364 12605 32599 32462 22613 34586 12825 11097 39142 33498 3948 11943 20302 5555 15942 20614 27028 9394 30860 28834 14463 14841 1731
8283 36308 29447 8744 5329 18086 21473 6760 3808 36237 10889 21540 38015 14930 19528 31861 9159 19275 20960 19103 34086 27645 30413 6113 14653 19242 30238 3920 33009 17332 28878 24453 2194 20181 17647 36133 25057 11695 26984 325 19403 28898 12889 10734 21321 33226 29005 16879 7144 29191 6391 6467 19727 27190 30844 32407 20669 27544 25449 876 30538 25225 37157 34356 39114 3072 25111 25538 30979 3012 10598 22422 39675 8173 38560 23173 23394 39305 39521 1356 32497 35191 17241 5962 39569 4555 37256 38345 5249 37285 23042 2047 39436 12853 5321 20944 33644 4444 30048 2850 39781 17916 2356 28661 12882 11530 24827 7773 4617 25556 32810 13864 18067 12321 30713 37918 32782 11891 11743 5471 2098 18267 5601 37809 29918 27138 24545 27161 29020 15756 13218 2391 3169 12290 20334 6050 35054 37737 16365 2234 27721 13400 8319 21291 2413 38706 21438 18089 25150 32306 12524 38417 33848 16423 33663 5757 4407 6756 21126 878 34044 30954 13274 8667 25834 35434 24359 12518 1592 21938 25877 30023 14779 20282 11290 31916 8549 24254 32354 17218 20396 13808 38970 29724 11808 13275 28350 27556 20456 7725 28584 17368 16231 24601 34013 39854 28168 6675 5515 25215
34399 7761 7531 35526 849 5207 36541 12884 24466 19480 27184 21351 8795 33000 7248 34997 39321 29455 18292 802 37812 2388 24552 10239 38360 10892 3333 11974 38520 35056 4505 4369 12387 2175 12675 25151 19497 2910 7999 13197 31462 16855 489 20508 35334 14394 18350 37392 7598 2974 4791 23060 19525 14777 32946 23181 4099 34253 33258 26124 22867 35052 10414 14268 37571 32906 39912 19591 13491 6684 17777 7663 30068 9220 38441 6946 27870 12866 38484 6232 13080 21855 14507 11736 23601 3651 9573 5964 3532 15384 34844 12030 36493 17012 13907 6438 20517 30142 15188 36659 34302 27262 31234 13999 33016 9852 35946 34288 7782 10760 21190 38290 27985 16987 2107 4290 23919 23726 9332 1602 5728 18765 26120 320 17449 34119 5179 17987 15953 38641 30631 8784 6611 5864 25630 33403 3060 5753 28169 37086 3042 39207 28047 24378 28254 11763 8162 22640 8656 14923 20246 23033 37210 24391 33838 3902 29052 30623 18547 4217 145 20313 38529 9839 31470 30266 356 33363 15789 39578 5922 2225 26756 27297 22260 22010 8508 36788 590 18918 4337 2591 17744 365 3504 37692 7620 39270 4062 16611 35788 15130 9136 9400 35069 2916 9053 34889 7360 16670
9163 35632 26914 20553 36195 13731 8601 5791 10289 20817 8124 34046 36263 2501 14908 6360 8608 38192 16369 38321 5353 16978 38743 37798 23819 10303 29216 6989 36750 16968 22054 22535 17025 17292 20773 15166 3175 28473 3417 8379 25075 30742 38583 8560 9244 3224 39813 5566 7242 33715 28247 38950 11529 39312 24424 35235 35205 15467 3750 20058 1764 22427 15692 28111 22045 6527 37266 35683 26371 35661 19676 38578 18369 13958 24651 134 5095 33428 24527 35585 21102 11664 34420 33729 10719 25216 39908 29341 6869 39328 17267 37856 17918 10531 19421 37839 8733 38975 30084 13688 1636 29634 35564 16581 24295 16934 22681 3977 3203 16912 30928 24279 1727 3663 37236 22362 30717 13176 39363 26372 31307 18534 14282 29373 36642 34884 28665 17570 4004 23077 13754 18272 8551 23303 24504 24900 25594 37043 29524 36322 35383 39610 25291 36527 25198 1797 38978 11044 16906 2790 34926 11298 35049 13885 32674 17378 37807 15651 31314 20547 38330 14255 35979 30071 27108 7433 39622 37716 29190 37746 14254 39940 26567 10251 11164 27010 37507 18221 23287 37910 12098 37244 10525 30462 22518 11844 1018 15724 38359 15862 37294 16380 25533 32239 24512 520 13901 39288 39941 7650
38532 16367 22938 5196 12298 9610 4447 31310 18810 16860 23630 8851 22673 19471 22375 9830 5586 35603 16230 27509 34698 12850 12043 27175 1212 33450 21682 9514 5549 1001 16376 37058 5383 3000 21563 8959 1105 4013 1116 5247 14820 4846 36252 20684 21622 9215 37608 3433 13317 33914 22990 28065 30405 28324 22056 26802 21821 9890 1359 27909 7363 28530 33146 24877 1073 2084 31067 32048 7983 16976 30777 32767 10777 19557 31215 19164 15861 18351 19439 24332 5284 31427 32904 22711 19464 8241 5516 1643 674 37101 27593 14825 5121 25566 19748 29019 25786 21699 36411 5090 6030 3886 5834 24190 25498 36887 26504 15773 7879 5158 14239 35559 37552 20404 32706 35521 484 7936 24933 9671 9073 18822 19073 1404 7593 31982 23265 36348 36492 17443 17079 24223 329 20407 17252 9809 33347 8222 27136 14909 36832 17525 17085 36156 25197 8756 7197 1443 13595 2484 5360 27160 21989 35353 11669 33562 285 20584 16325 2130 38711 9101 38205 6661 17102 9939 33935 17364 30156 9565 18343 33261 26152 33896 14419 35046 33322 15849 13047 17479 27397 21644 32793 38690 16305 22775 9308 25246 36337 14627 3922 13421 8649 12805 7738 27492 28867 20794 23711 25181
5029 24763 8910 9789 9812 33609 24161 36867 36860 23553 1087 18088 25911 7115 38097 2680 13360 8259 39599 35121 9309 11719 6900 660 19566 26047 34082 29470 5266 714 32640 2601 27960 30553 25167 4264 20500 21226 27488 38037 13938 34432 24936 19145 9546 38748 39310 26350 21708 7703 34023 24553 843 9290 39938 7106 3648 33567 13863 23361 8178 19135 394 21289 604 34188 3919 32540 15444 36394 33713 19115 6242 14663 9899 26336 6395 13183 1714 16082 39929 2306 26690 23122 8402 27630 36275 19227 10228 35137 13231 24091 18743 32452 1954 4622 20121 18022 6882 3109 27716 23804 13823 10979 36964 3976 14716 32698 27967 35913 25410 25735 14516 39111 33633 4061 2051 5465 16032 17789 39262 8500 26554 20244 25976 32225 36734 31457 13336 10424 35616 14557 25728 14979 27085 9164 11613 34899 3921 3356 1909 8297 34111 8482 21400 14622 36345 9603 9117 11906 34710 29382 18835 36372 34545 37411 21779 27959 712 30033 18118 25077 15569 31600 26090 35530 25189 24222 26068 6335 33365 36758 1650 29388 26882 30412 3841 33066 39728 1855 26006 7582 24417 37567 3463 33341 34161 18515 31796 28019 17198 26893 16405 30663 20942 27802 21170 10027 7802 36262
5877 31263 20588 31087 8494 33231 2994 10785 6127 32495 22898 14460 13996 17972 30368 14757 33170 3301 14430 11285 20573 36502 2436 39068 7685 29576 20442 10758 19406 31896 20607 38471 18165 24202 9024 24230 21315 30639 10208 1206 24859 14033 23151 34304 15674 38677 37368 35378 5174 36972 38085 35333 10089 18592 21278 14307 15503 11132 28068 5446 5874 28331 25613 19792 14574 60 12077 24833 35225 38657 16429 34151 26081 15061 15897 25940 7631 35805 32461 6020 9200 39217 33127 33717 10064 35455 37675 24484 21210 32703 31798 16693 22399 38396 21322 5294 13840 20670 12332 12644 28358 21641 4266 27703 37543 30261 38022 20933 9345 17400 15042 24489 38117 4238 11205 19807 12967 2960 27755 19702 31274 18328 33647 38307 35638 38058 21151 2251 8788 17682 22155 29465 23569 11871 13108 11324 34268 16481 35491 5280 12856 33024 18213 19448 27045 35021 12888 24189 9669 28045 14613 38432 2416 12775 12032 30745 15112 20956 632 27752 10744 28200 37501 27743 10959 32752 6061 15571 4273 24754 5807 36254 27831 21874 1645 33426 7142 36759 11456 28891 13214 37886 21358 7462 16011 9834 6880 18787 23024 16393 3957 3321 18587 28070 20163 17951 34210 21837 5550 20745
5137 27615 38649 37367 5002 36695 28320 20 8704 29530 28140 15307 17541 2993 4122 23661 4154 23792 17333 18922 38464 10316 18868 10002 13166 22959 3970 16036 17766 8734 25991 36946 1202 8116 1053 2952 38989 13767 29200 32282 8753 18876 14458 24909 31438 18729 22937 39398 10475 25228 5773 25853 13234 1789 7439 37055 24063 32144 38470 33140 35696 25885 2943 13340 11984 19381 20793 18475 32890 1218 4370 21445 4151 21465 32418 4526 22511 22989 210 6620 102 24288 22914 13448 26414 28503 36304 11347 21417 18553 35678 32238 3411 2718 6255 2333 36305 24834 511 2349 21548 4832 11845 29933 6579 6403 20495 34004 27621 17059 37078 8838 39015 9307 29337 34377 9318 31813 39903 36349 1199 24645 1669 3080 21844 29058 21213 14763 31981 11968 12907 21713 17080 38925 16703 23039 11872 17700 16394 27814 33895 2997 7538 11505 39662 28029 31500 5596 32470 1963 30862 26111 1378 11073 34115 31670 39009 11728 35643 32003 32902 14893 37662 38515 2876 3832 22062 7338 19523 16512 18104 16476 31450 7933 16211 4012 8070 17041 18716 36774 10003 18679 30207 39120 12395 37933 24608 27053 25395 1485 10431 62 33340 5611 5886 14735 28909 31671 39946 806
33774 583 1763 24681 6033 18383 11272 2355 8224 25966 5313 31737 38680 38447 15470 31426 39099 37733 12153 17078 10848 19625 7690 11492 1367 19770 12846 1315 38279 10851 1377 12369 39697 26434 14042 13711 1849 8505 33800 18676 21202 3628 13286 33620 11687 8237 11375 5881 1213 30059 37382 34298 26971 8719 36087 25356 8934 38050 31867 33025 11271 35256 17077 433 2585 15327 17034 26671 2461 11757 39324 35763 18391 21487 25938 7198 27370 16890 23557 38797 695 6936 22547 36192 20011 22258 7022 30803 14980 3535 829 16013 34922 11383 39742 3949 37128 7390 27833 12239 38537 14992 29013 20447 21829 9324 28868 31306 15787 30645 23627 24236 14150 6907 23948 5040 36441 27570 37535 16793 12195 3286 32000 22605 39880 14031 39176 31206 30325 37143 27941 7681 20504 16733 36865 28976 25491 29041 35960 13401 13783 35172 30201 36054 28779 11263 34122 21531 848 15884 25828 29701 6980 20338 6677 13294 3830 8363 20532 39492 24491 1806 10039 22395 5860 1474 13830 37553 27395 17021 39435 7818 31483 33126 5731 31395 35662 14237 20646 4892 8075 30827 21411 35588 12381 13568 19511 34573 13339 24524 26937 15115 33109 21664 18277 15063 14871 39867 1205 14898
1822 38667 10230 13173 22265 8507 7625 11167 945 24736 26855 6329 16697 1824 27648 33355 7318 22184 38882 15739 23378 8373 10862 27001 5295 8348 25787 20761 37162 5915 29105 23411 18875 9286 25433 34633 12336 19306 13930 19489 21655 26187 31072 7373 9221 26220 37887 35615 31777 26911 20665 18126 32370 23459 23209 7244 17513 23313 6512 33299 11966 24485 10048 19631 30596 11248 29211 17879 3981 34213 39479 18742 19472 18293 8215 15835 33003 3325 21426 36602 6316 35363 29080 30563 10673 14358 27790 465 8893 19976 8614 12585 12598 1395 2328 15758 9710 29067 502 1186 1374 1346 9687 6754 7288 11744 8246 27690 10751 35207 10153 13727 13021 5573 711 3387 32346 9256 25769 14479 39528 24727 20619 19001 30394 31849 31486 5945 8782 14950 20800 35317 3369 16539 11047 28673 2009 15158 39343 3037 6794 339 1006 20862 9343 3413 19134 7452 16171 16439 16835 3913 18432 2888 5279 23375 26947 30323 15202 11238 23200 30187 33369 14849 31805 1084 11354 12708 13464 39799 5130 35592 31711 4614 21179 25559 29971 20045 4979 32605 34688 1357 29042 11288 9675 8873 28951 15205 7491 24478 8647 2640 25265 1770 23401 14151 20135 9856 9228 8799
27422 23341 951 23120 21774 27773 26096 38265 29938 18501 37032 35155 3152 33047 25816 24200 11911 27516 39187 31717 16430 8810 17482 27230 27546 15699 26427 15941 31850 38662 36661 23613 9858 20870 28689 15446 34759 13572 36381 11429 24038 3400 20341 16191 508 31330 8019 13929 15026 39163 2520 38262 9855 32165 16106 26959 29820 13560 4682 26663 11179 21967 23259 16758 28180 20778 22295 32224 28434 5636 491 15142 4235 29843 34217 20104 17408 36116 13099 30773 25603 13715 11484 14761 26749 28655 19713 12038 23364 10222 18821 12273 39359 751 30909 37978 3652 8952 22434 25135 35401 22230 11037 3407 24066 32586 29810 3747 25902 28445 12903 22593 16889 16866 23963 2117 11328 1007 13975 33421 22187 15014 33575 34148 10543 19287 29895 10596 23852 26135 20529 15603 34421 27893 25856 9926 14541 30736 16404 30887 8346 9435 36227 17893 21313 22748 36632 9060 25363 3322 17445 111 16743 9251 38938 10238 14641 14001 2233 23759 36412 23245 18372 22089 28414 37575 37250 17813 19312 8933 37125 8575 26988 5620 25536 13559 13573 39824 12556 20162 20680 26785 20055 31921 35203 14455 32802 28306 16128 37991 13270 7639 2693 8212 85 14684 29737 9504 19619 37103
38979 33632 30184 14767 19643 2937 16066 9278 18649 18269 10111 12455 8079 25778 27713 25759 6442 36048 22218 25306 32803 17123 39235 14834 22093 38519 30735 7660 34510 39169 25866 10735 10103 2884 18303 2920 31309 34484 2298 19050 6516 37393 4661 16384 13697 21992 29816 11040 3875 9515 28832 125 18036 6118 20567 2005 15755 3752 11525 28221 31474 29505 21787 31590 267 39957 35782 18791 27730 31836 9474 9230 30400 21649 31102 10192 18760 25839 2489 23325 2012 21676 10654 8738 4580 28586 30689 2050 25414 37301 37207 21326 16014 13657 15701 17917 26146 23751 24717 3222 17471 11824 11251 33480 5140 27641 15114 27854 23310 6058 27763 33587 9253 28291 28344 2128 7054 3288 20002 4826 12462 5385 18175 30874 13062 35967 7839 37492 37325 9050 173 35097 34292 16193 14007 2071 33265 35537 16172 1292 21111 16228 33543 4106 12141 32806 31180 28933 20064 36687 38001 31028 15129 4120 23293 9020 25272 15163 16921 24558 28279 34574 18561 39573 35004 5071 7353 9663 25742 16373 15421 25315 22116 18261 34885 8207 39925 19045 35465 23598 39612 14558 26474 2331 28999 3831 34908 17202 35777 33315 32704 36045 5024 11256 4507 18164 37934 37153 30440 259
32872 32336 35854 39955 16817 28517 34306 26755 8286 39465 3897 29286 4394 1831 23777 21018 29038 12341 32041 1914 9090 657 26521 22014 13954 1132 30690 24562 23164 33841 2803 11798 9763 32417 16358 38621 6365 30555 17073 32584 32430 27158 30831 7305 26628 26232 3771 37354 5700 8645 6129 16518 7337 7044 13880 39648 19533 37597 29878 9971 2423 24228 21461 33645 27936 11457 37015 31519 36537 26468 30991 39968 8107 36279 37936 25444 3275 36401 39094 36399 24910 7951 25528 13530 5424 20809 21886 11742 38068 1884 12927 26331 3914 27611 2652 36989 30296 14659 14984 6197 35156 30675 14013 28648 3720 26340 3033 6871 11489 32908 8298 34891 11671 22324 7968 38628 32644 5057 18495 14892 32544 21794 4324 29612 21093 18653 12065 3537 33599 4991 39776 5768 9218 24664 17483 2814 1652 35267 28687 18406 27825 2358 10837 9088 24003 38184 21453 20100 8469 27086 5675 31575 39869 4822 10075 5053 133 29133 306 5895 9157 23278 19767 4909 26948 10001 27227 13126 18029 13186 1926 10576 27194 17406 19358 20038 1887 24945 7058 21738 39703 3792 28945 28014 6875 26550 19587 37136 22386 31756 17946 35647 33993 1710 16767 12506 23399 11015 2672 20644
35748 19898 28783 39590 2572 19586 7101 2317 11822 27653 10720 17164 36377 6429 10594 39785 36040 7740 29796 22001 30507 2243 33108 15201 26709 4696 36409 19476 16291 4315 39661 22361 4094 24480 23768 17742 9044 36467 4039 28683 3823 32202 2815 36315 7285 20617 28562 12090 10852 30351 2348 13461 13097 35086 30307 34973 29554 803 14551 25281 15938 25673 6879 17712 12242 34457 18705 15272 5830 30191 2506 5825 1170 14126 32033 1153 30232 24319 7774 14345 19081 34699 19816 15811 32351 28857 3265 34609 31085 25328 457 10085 29101 24503 35324 13063 2002 5079 23288 30420 18068 20115 12351 27101 29489 8435 10569 7207 29979 35904 35453 4414 1317 241 11229 19367 34508 22542 39402 25351 26856 36036 5470 1544 39302 12308 27109 24615 15505 6348 25617 31550 2314 24684 10306 39488 28288 39333 19412 10025 20945 9492 29714 2361 28026 2379 23262 27895 7386 10214 14857 17843 29604 27205 15969 37181 27402 12393 35868 3635 4921 32019 758 39456 13834 24735 24987 35130 10297 13686 2748 23748 4641 14811 12482 13104 22423 28638 29745 1851 9025 21913 5788 28680 3349 25251 13455 30667 14965 3856 5088 7137 33280 5742 10819 5538 13847 10932 8468 4548
37980 16688 20957 1095 6808 6352 1583 336 15847 7657 16634 13782 26391 39894 31480 25381 19599 23482 32148 248 22741 19530 24757 20522 37335 3560 9011 21166 36700 21220 25571 17221 27647 8081 13260 19559 8498 6002 22617 26535 34077 29024 28534 15769 16804 19758 31411 1883 14826 5433 25038 20596 33391 16112 2226 30066 7844 16284 2218 1956 3712 10134 30605 3254 10830 20694 37687 33810 19843 20830 33133 4936 35759 20405 23220 30423 7739 4113 3858 23234 39241 21394 24383 32122 28677 19087 9495 4728 34897 3606 11741 20774 3158 39205 27251 4742 17824 24501 14370 18955 39760 29785 18831 37686 12061 8428 8197 32756 26738 24402 36880 32359 31078 5809 1477 25487 17872 31941 4398 30226 28538 29997 33161 13271 29198 4840 31372 25615 34676 25937 39706 16900 28653 15011 17105 31695 15482 30994 21840 15615 4818 28516 18892 14846 896 37889 35204 4372 20463 2081 12883 34355 21623 13971 38131 35390 38576 17842 6726 34952 14 12378 36145 22279 14840 4285 36526 18337 23280 3380 1148 21910 8186 39279 12238 4709 19101 32856 366 39095 25664 12703 27735 639 14664 25090 21362 38343 6964 16357 9965 4947 35389 15427 19754 2936 9613 16904 31338 2148
33409 8629 20822 16194 34425 29255 28490 19215 33672 2758 14626 16858 35711 35552 6083 21421 24432 23657 31333 27374 32186 5561 3376 7648 2957 22863 5779 39003 12485 34114 39291 4007 20176 38016 425 34193 27836 34341 31247 23277 27134 3394 18912 14333 31058 25761 35952 7791 38757 10829 404 26162 20829 38341 18623 14146 8034 1622 14366 27250 27542 20359 24729 6145 29719 36760 17313 15957 11803 34799 6488 38167 20322 22709 33309 33106 22630 12074 38502 27980 5591 19554 24807 36423 24137 3654 23836 27600 33154 24587 29147 14046 29750 37548 17055 8067 26920 34229 15536 24505 17804 25305 24051 23835 5181 18477 35450 20917 36806 2294 3228 16825 33223 14220 4804 27707 15633 18266 6473 14206 8040 14424 20033 38220 15696 39105 36343 39907 34354 33334 39367 31866 35625 36771 8347 32956 39335 31806 5639 1998 37844 38858 33600 39823 31442 18156 38943 11504 12606 28790 16276 32147 24379 5936 795 35807 6695 1626 11063 34179 5750 18556 19783 12367 25052 21560 11681 20426 31788 15425 20692 12365 22220 30710 2345 18411 11949 24641 4923 2168 28737 37874 34597 27995 17937 14415 14770 32037 25582 18817 34488 21863 27705 9670 22731 33191 9807 37097 1570 8695
23709 29029 12313 13789 30479 37184 32731 29509 14089 14895 7733 14034 687 16594 6532 779 29193 4561 25208 39401 12758 38371 35799 18344 16510 14026 10938 25876 24845 38358 954 27372 25166 11823 32556 20571 12102 36654 38828 30696 15737 15280 26347 31020 21116 15249 26421 25101 23903 11948 15097 6659 14675 21425 9007 11912 1786 23642 3615 19094 36962 39206 28267 12678 24996 15778 1522 1285 6293 19847 15255 28152 3601 28042 20637 11882 744 28571 11819 35929 37186 10909 6339 29495 20161 11193 16280 363 30582 827 14788 36570 23713 15228 25185 13829 34834 17153 34602 33229 9541 39618 5086 15985 13014 18096 22644 19061 5016 4313 37165 33648 30545 36874 27761 32870 554 15232 24986 32561 28748 17261 15234 24502 2834 15561 14848 37758 23870 38437 6577 12950 23031 12096 30877 22120 36221 4428 30554 14533 14481 2167 25671 26729 3284 4884 26857 29653 31328 11976 30161 34374 21133 11592 9835 34779 18434 29855 26071 25738 5461 25527 4087 18905 24399 34607 1246 3260 38936 38264 37473 892 10661 11452 28756 6746 4824 32951 1223 39450 14940 29876 658 9330 28799 33908 4683 38164 36864 14662 911 24115 21090 14058 14731 10581 11995 18667 13095 38223
38969 31324 12546 13287 28539 2711 19102 4299 5489 17628 10866 21841 39204 25051 11718 31371 15574 25220 8413 14747 10956 17104 36175 33978 10386 2186 29517 9923 27709 31862 16575 9891 34846 20513 17527 28364 5257 34190 333 33330 34272 4249 12172 28372 2794 12574 37021 15231 12959 10872 39829 6369 4166 29001 33180 8538 23236 7868 13611 7993 13055 5524 21869 39264 20324 9192 28504 38830 1637 38806 6498 21612 35813 26419 38500 10714 19411 24128 20556 13403 11894 29187 7629 30798 28821 15833 28337 1341 15792 4627 19861 25332 21760 21614 8280 3384 3171 2018 33147 14039 31270 27925 10504 8541 38066 33911 19335 5363 8598 4208 33603 37426 12390 18946 3527 26533 9462 18287 37761 7815 30828 9901 15954 8501 26896 14994 13174 3436 22866 25121 36241 34313 14756 35369 5365 30849 7928 4747 28369 3692 4971 24672 1639 15937 30403 27725 13827 22119 25795 8896 28033 6843 13100 37281 1250 37201 30526 7030 26119 39348 33266 4043 25465 29862 1843 8425 4746 27776 34332 36578 6538 15150 14098 26297 21153 39918 37424 39470 11685 22123 33399 20566 30939 1176 39029 4604 13684 4494 1702 38875 3397 5826 13678 32989 7355 12820 5124 2967 17491 3473
6631 24952 13621 29587 27759 3391 32964 27041 38194 5493 9461 22582 19126 5568 9612 35476 26791 36276 30642 2249 25219 39796 23073 1019 12563 2527 17759 1679 23001 4319 4636 34189 24508 23535 29980 27533 34792 30263 1629 36137 17463 7537 18793 4469 37703 950 19271 17265 34382 16129 17113 30031 28072 5820 8037 32981 24323 12384 18114 36278 15214 31790 9695 18488 1693 15807 3461 15858 35198 119 4631 15241 21239 2189 27726 15636 17357 722 28889 170 29716 39056 34483 10116 38212 10369 3245 36111 23885 38910 19757 3798 39588 37854 1524 10358 34780 21486 26206 18629 23239 37780 34841 30952 39683 25657 15283 16356 6102 28842 7979 5787 32846 16865 12730 36534 12980 6005 29018 8261 30846 35471 20936 23628 27068 31433 25592 864 27431 38932 4145 3818 38283 25476 20531 18914 1114 10399 11729 37355 29164 13544 31760 1691 24666 1567 4134 35766 1428 15657 11077 20904 26967 11119 18898 23729 31063 25644 22193 7410 14501 33415 21125 25343 37752 31158 33271 12609 19838 30721 32865 14791 14454 33479 3462 943 22405 4360 10570 18988 23698 24174 5474 37476 36919 23216 37197 19888 22764 8995 21811 5571 17768 32247 24092 11746 10666 5380 32059 37320
13338 3153 7711 27393 15227 17019 32426 22100 16416 19322 34514 36293 27931 20333 9127 37121 180 16623 980 6057 16091 3482 11708 37878 37223 32663 39451 19556 24921 39026 26703 8817 32129 8928 22393 37792 39794 33745 11389 15445 24677 14369 37007 12219 14785 9030 2807 37653 22911 13905 26450 16209 18828 38611 10404 18443 9908 16452 7608 25340 36086 36025 37808 291 10415 18910 37751 29078 4298 35589 20654 23989 19028 20928 21284 5838 32971 11542 8493 37702 32670 28491 17390 39453 16961 7122 14573 38021 17467 25981 17130 8948 12108 17103 38888 17191 18725 929 23981 8228 29691 21271 33869 27455 35775 37011 34504 37420 1943 26860 11240 2023 3402 39773 15810 29047 16766 36435 12145 33890 25672 18045 10187 32987 33832 17274 33509 20269 36477 3188 23342 17518 34065 26975 25436 25621 37521 17499 299 14327 33199 13825 3640 5025 19510 29992 34454 12122 776 2003 16478 12188 33907 2570 27037 5780 18336 67 21964 23507 10512 25974 7398 16662 25781 39641 23825 38070 28015 20172 30208 17036 38765 26326 12700 21916 17612 37430 23541 5716 260 18152 37235 30685 12483 13933 2839 17490 27293 33664 10298 26104 31900 25468 17196 36855 29314 39556 894 14213
24522 31917 1447 19517 485 22207 9338 19581 7436 11377 36317 23351 27548 31488 39904 24609 15544 35565 4533 33888 34919 14054 39950 22899 859 1949 11768 28090 18042 37762 30107 30786 24776 18909 21516 13592 29835 23603 27477 27442 32530 31727 28448 36699 7680 15988 1631 26945 2842 1058 5645 35011 4576 16678 6686 11520 28000 34659 8970 27330 2538 9106 17315 39764 34174 35260 38976 9776 31146 33213 1316 18355 14201 21185 30053 11216 16815 37944 37293 10835 24788 18117 10454 33434 4950 29902 18271 30703 32958 28604 39996 35538 25403 30252 21926 31141 16456 51 2210 38555 12848 8175 6909 33805 37896 664 29647 18428 29116 13353 32150 17568 20976 4509 6809 26939 36870 115 17663 1373 11986 29372 14988 14018 1423 13129 17209 6399 20923 16566 17290 7671 5831 11863 21980 26784 13442 5326 15760 14665 33417 10476 20667 15207 39005 19369 24778 15841 30850 37314 8739 20622 12360 1135 33313 30168 15596 3251 18865 38173 32446 2470 6585 26906 11358 31089 5084 21340 34663 5496 35869 8284 8226 18055 11467 15328 27589 16383 39251 19427 1514 16809 29743 23338 13457 5392 33929 18265 9630 28912 15376 37488 11693 33111 27577 25936 19141 36548 28274 9370
27179 14413 27819 25302 6870 4695 38785 36816 7496 30934 28722 12917 32100 39816 29166 16852 24621 32931 1371 25678 35035 35596 19991 35945 24423 9359 22286 15403 27356 12544 35654 5208 31784 34195 33933 3469 26869 18600 16026 30626 25593 36840 6402 6873 10915 23784 2339 37212 26687 29104 34451 5228 33758 13394 32685 34054 13778 24311 9756 25147 8960 15665 24239 18523 24101 28831 5035 2525 20624 7996 33614 16397 17751 12734 2309 29717 39877 3253 38300 14611 10746 30373 27334 34067 5133 13385 39942 565 38329 9661 35237 30913 31920 9910 1502 30102 23089 3658 8966 20139 3883 891 31300 202 33591 9219 19771 3501 5638 23572 10470 2044 22046 27271 21834 32451 31616 8558 29279 16079 15733 25550 31192 36693 20910 15334 19659 19655 21842 26456 20026 9796 11705 36189 1368 4108 1861 5991 18393 24855 12760 21496 32590 22632 4998 3553 13017 16647 12110 39268 27404 20206 12067 21447 32489 2129 1414 8262 37300 3480 1666 1261 29585 28540 34530 5106 12661 9588 17706 1130 34817 23973 12695 18977 27768 30810 36424 2346 37107 1838 16964 20712 29071 19098 3044 5872 2725 1434 21674 36638 29194 18257 17902 35883 26962 26908 15797 26833 30013 36980
29502 16151 37738 9484 33074 9350 15519 16605 17310 1266 30598 20221 14722 39849 22403 26252 9033 39828 28881 18894 16216 21142 22481 36450 24224 35905 13366 19507 38373 15560 9225 33548 21076 833 24143 15290 16293 3155 10106 10992 917 30892 21103 31770 16043 19203 4807 30125 21592 22055 34753 7093 29927 6151 37956 11104 8109 2682 31140 10500 29753 5720 15767 9987 21968 11417 31551 34104 1917 19490 29036 27797 13043 207 4434 25793 2799 5610 27189 11025 20911 26598 9071 7327 31840 11732 9643 8724 21879 2846 36353 12912 22243 26903 2838 37080 17249 2075 16351 11868 20015 9096 26955 11118 9410 29356 29083 37248 28786 29778 16638 37272 36311 23591 29303 6008 19691 21956 14273 28796 10088 9750 25544 11386 10193 16659 15612 35574 30355 30795 7323 11692 37562 18618 31686 31071 20846 33569 39325 1052 37961 31340 5322 32653 33214 7052 6300 38462 5794 27150 39994 39510 18740 38834 4669 18018 2813 36142 4855 37029 32581 16363 31376 33227 31667 21543 15271 12037 33825 10573 28958 29519 24268 2653 10787 24810 16891 27214 33422 19764 12987 19925 33649 5170 36917 34785 26674 792 18275 4778 27056 31759 32313 27196 9575 35629 3679 949 17966 17729
26099 6000 15003 10939 23878 33811 28171 36473 2705 19589 14944 25039 29561 19519 31022 12724 14634 13355 10098 29022 37881 38850 9898 6072 15966 11967 36904 14392 15817 8123 4417 34409 2927 14656 35319 3706 14008 10381 17476 24416 21814 39084 32798 17584 11731 16483 10314 24695 16424 10062 24678 21317 17460 10898 27585 13506 14504 13259 13000 22072 33961 7467 9590 27006 31228 21505 20102 34322 28147 16641 27793 24535 18635 8605 22546 36251 32894 33288 8727 7428 22129 22932 19844 29192 8084 1070 4717 36149 24389 24067 31574 18907 24244 29928 11745 26063 500 30779 22048 27327 7053 8481 13698 33525 26460 6947 34271 10553 16158 11917 23918 32852 15839 9944 17725 25295 22848 17912 8314 33835 38585 18492 36755 20423 7838 31707 15637 26145 14122 24699 36364 14837 38592 30893 33898 22664 36652 37111 6968 15487 34001 3370 3795 38820 36841 18852 25524 18969 37306 22514 13405 11862 14668 8092 3174 17120 33545 5600 26635 30848 39519 22252 2460 23211 5557 36486 21719 21476 8090 31598 26129 31949 5509 29258 39249 36766 19538 17734 37364 18620 19671 25896 30133 556 31681 6738 11935 28371 21446 20389 36591 22800 8516 33842 21577 37482 13536 11130 12955 21297
15056 15638 30216 31157 27765 6226 25432 13074 17590 24694 28204 39752 38206 17373 3994 35406 5389 26505 19420 29948 13195 34252 37141 37264 29395 38128 39390 24650 16446 26005 28441 9975 10447 939 16400 7982 29666 24588 30942 31678 27382 36583 30042 8313 39036 31436 22639 19806 2577 34579 16258 24068 2444 29849 10433 2700 30306 18854 29063 15250 591 34532 32278 18691 30536 35681 16419 37870 12284 19494 6055 15405 15238 33953 1175 2022 39499 35543 2240 17935 23314 9429 14744 9490 33950 37580 5128 32043 32546 30158 2830 36710 1623 7177 4293 38764 4549 28104 39715 18542 35910 23544 19853 23308 16843 17572 14572 15582 39865 33423 25573 37914 32357 33034 5863 31419 21134 36891 27152 10617 38316 6981 37538 13404 11226 27164 39008 13669 35412 35437 38742 31622 13484 39784 24397 2472 23665 21277 25612 38547 27694 18858 25906 35265 23518 10896 23469 36640 21934 25387 12575 17475 19836 14809 12943 3696 34890 37527 24872 25488 36716 29848 15626 38344 8661 20914 12870 26619 7826 29326 16223 32062 27191 6462 27248 8336 21912 31543 30377 35971 9512 9116 25765 22623 29281 32216 2136 7571 38745 19575 39066 22109 19611 4736 6502 28069 37837 39601 35823 18599
5759 27841 18308 4675 11260 5148 34822 13951 36213 33840 25226 35399 34900 11565 30138 39242 11155 17882 2924 7630 4057 6212 17851 18930 8033 25895 18155 19894 6188 24540 16331 37003 29162 21069 14171 30929 12529 30586 4306 23183 11159 221 15067 22584 24995 32103 2428 15361 10489 10490 6739 14279 29114 27283 32536 12683 25507 6790 34211 26301 30146 34347 35981 1238 7043 28974 13923 30723 39821 201 30305 914 3147 30090 34396 25508 8871 10564 13963 7133 33061 15892 18505 33282 30620 20196 2995 23947 30525 18683 28493 21610 15534 18967 9422 34724 13740 12561 37422 6921 9185 31957 24981 18609 27520 11018 5919 18480 23447 9985 14303 4793 16732 17760 12086 34713 4766 17107 20408 36140 38159 18550 21181 6959 32936 21204 1879 38622 38485 8479 5491 21792 23515 28931 19300 10755 1678 32569 33902 30771 8307 11394 26713 5695 29608 10798 2038 2448 27448 20094 39010 98 5948 37574 13826 29451 32194 14701 15846 8268 20239 37115 21960 25962 4183 32011 25213 2990 13092 32917 5430 12847 30785 7714 27695 16488 7822 2196 21613 38486 30852 32881 2338 11619 6076 32726 3686 11349 13909 3106 25321 36897 38668 28510 29526 9098 29010 29784 29350 7367
31257 25873 6028 23986 11230 29923 18669 5856 11904 9681 9826 18948 37279 26685 12179 30730 6986 10964 33741 21754 12996 30120 39257 16794 22850 21221 34360 14957 16862 8350 15435 25024 12211 28711 26101 24103 9475 24703 22765 12862 27535 3730 6548 36993 24419 2775 36208 25134 4355 6635 15806 12872 28174 21861 1633 32624 34827 5560 29544 31739 13019 25762 7849 37719 33867 18775 29659 9629 38557 15925 9887 30804 13906 31779 13434 18670 16371 22988 11575 35033 31945 13632 22332 17066 6899 15313 21365 16327 23821 11196 30624 19546 17520 10701 12833 32323 5270 462 23771 6750 26369 25704 13776 9964 35413 17762 1152 28954 15093 25855 13011 28502 27938 23193 25013 9455 21106 23064 35780 4828 13134 16117 32791 11024 10310 31653 1286 28303 4086 12763 11075 24600 23080 22408 11442 38895 17029 2569 17753 36014 33996 32241 8166 23365 12787 25125 9742 5663 10914 38524 11707 37604 10349 16541 12089 10754 29645 31235 17234 17325 31648 20354 34564 12175 13072 30173 39562 5370 6095 6227 8685 28037 16930 8912 19234 9085 15028 16516 16413 26413 27070 7624 25542 37766 5060 8713 14210 7756 8841 6782 8741 11115 12443 12958 20813 31360 10747 35234 22070 8077
9231 38276 13165 8415 3091 25094 19473 39670 6969 5069 33267 290 22339 17214 12009 32030 28939 25231 9471 28767 19130 3115 26390 39468 15193 514 23814 30880 3076 2808 16523 29586 9727 37635 3217 36042 24693 11321 32736 26198 869 38499 34093 19724 21108 6777 26836 1010 38961 9443 9250 36848 16289 17502 21544 36961 18776 35527 4144 34820 9268 1231 37865 4146 1685 701 2580 13883 34290 36360 37497 34756 2968 18138 23070 25371 24011 22820 18479 31521 16936 12375 32252 14000 2715 34904 31758 521 26122 35572 37216 29183 7418 14187 10481 2671 14245 29846 3176 38376 5345 10284 36289 13060 3630 12140 30350 32371 362 31593 4940 10610 26271 947 4265 15618 25803 17050 33722 7518 6571 7687 35569 1982 11239 28064 18619 16288 26790 28501 18031 6283 37001 10657 14524 37536 25992 16460 31029 4386 14443 36182 8899 34090 4955 2552 1668 14322 12707 39078 25417 19484 8887 19648 10692 10070 37679 463 36920 29081 34181 30705 20959 28259 4908 24499 24021 27011 21335 31170 19606 25109 193 25336 26489 15436 25741 36083 25836 13919 31507 7566 2946 12610 22515 26420 10665 32525 19383 13639 28297 882 15332 30064 25314 33727 1435 3968 24706 12819
26929 14019 15497 17110 32362 11249 6258 13934 21876 35373 7113 14078 22180 27808 7688 19070 38994 23554 18256 21546 7163 6098 32769 17386 38118 38715 27965 32332 31591 14808 39627 2004 23970 12634 34677 24335 11857 33983 37432 12210 33264 36209 30959 1805 14163 24285 17860 1436 25473 38859 13583 23776 9868 3058 37885 12121 4416 26115 32515 25766 24751 11434 11888 4976 25349 28020 24973 23788 3711 13226 19450 38617 35084 33566 34091 1088 8796 36552 17270 598 17841 35329 35326 33696 39383 13762 5921 27934 11459 38565 37265 10041 28138 34458 37218 33157 21756 26838 12015 37083 2872 31001 15736 37725 4167 30287 18252 17037 22804 36173 13667 23203 36905 28059 32192 25256 25392 37437 4802 35160 30896 4018 34914 13079 19105 470 5225 31074 14120 14810 17817 29359 6970 23622 5615 28131 34078 8065 22136 27683 9352 11087 12875 3289 30665 18222 5235 35542 8335 20634 39956 25368 27633 28513 21958 20558 34401 18191 1959 16538 24012 22780 14492 22373 2103 16323 10794 519 39502 7317 22610 4652 24366 30196 7302 25525 37640 17507 25322 31725 8550 16656 17562 14429 39633 35999 19138 17559 5824 39782 1146 31767 12319 8698 13854 32576 20441 32758 31472 32005
39342 8730 1215 9261 35879 4333 6817 1628 25831 8198 29464 5473 2822 28554 19364 11405 30921 10419 25758 29664 28116 29897 35571 7026 36512 17352 5683 21538 19086 10671 26357 33989 35332 33635 15309 14693 33749 35210 17244 30164 5031 14496 17763 18263 11231 2311 8840 34307 27353 910 6941 4861 29967 25412 32408 20929 12129 22641 21255 18403 9 31432 1043 7900 34147 9510 13798 35251 24570 25275 10161 29592 29624 22943 4760 37836 14169 3515 33110 22479 34679 11069 33702 22357 4069 21982 15387 13304 37379 17246 25042 14215 14110 37590 7544 37753 28229 37534 4277 6358 4209 8088 28058 27116 4787 26289 17944 4392 9056 16097 35886 13824 16911 37044 36151 17616 35722 13790 3294 36065 38421 30699 12702 3803 35577 33677 6167 28273 31694 14764 3626 24035 15974 1863 33174 13570 29293 7307 38935 4189 39936 28829 10060 29311 31568 16265 27549 37641 22346 37516 3991 6086 32117 27443 20103 5722 8984 34500 31993 3206 7789 2708 36701 21526 15557 11190 17385 28232 18081 16639 24581 29953 9921 37699 12971 9888 13335 35241 557 6898 5918 23478 30035 11437 8725 32786 20687 2019 27545 2571 23691 30015 15266 36433 32445 29584 19622 37198 38763 33503
26170 36007 9065 6853 31219 28647 21371 30257 25437 16996 30451 32035 7749 11282 8523 39146 23150 509 21175 25886 25863 9285 29800 21709 37225 20134 9787 26240 31230 32657 3476 32982 10393 29618 10927 14996 19118 8114 2699 10749 504 5164 28724 12263 10147 19382 21227 1079 38710 31476 35933 26083 11663 38646 2929 10901 2926 1987 26325 27064 15237 36737 2573 6544 35995 34144 19837 12687 35350 3533 15845 18904 13368 20337 15126 20581 24769 375 32991 36267 28119 16666 36977 10628 17898 21045 17996 3988 18654 7048 22672 7431 5258 36368 30433 13665 6749 6627 24358 4200 28823 8375 13144 34311 5567 20164 3497 32696 17595 16626 8759 14266 36944 6919 5012 1936 20984 37589 23684 32942 25611 20430 7658 31012 29702 19112 22421 6874 37023 35263 2606 28349 17486 22633 36268 34132 34640 3280 3172 29699 17263 3593 4633 26380 214 30021 31273 37744 790 12859 18377 31668 30550 22351 21180 35330 13148 22189 9265 26985 32088 15601 6179 11788 18774 29295 36201 10198 15369 30520 24487 29402 17125 24556 14382 28792 35539 6954 32367 21215 29023 13230 9245 16313 39788 23702 2649 13588 37171 26250 31829 28084 35303 32858 2452 15795 6892 5594 11419 3154
32957 19 25516 38849 22550 6783 31144 9953 26981 22794 7010 32638 2327 30337 26819 25622 12625 5546 809 14023 17429 11149 2439 36651 1064 20968 10458 24516 6463 4655 26548 30395 7283 19885 21535 5224 11048 2425 35973 12082 3021 36664 39548 13077 29568 31449 9678 38139 17708 28852 31468 23316 24446 22454 20501 924 18190 31008 12206 8180 39088 6755 35607 30569 28803 1260 30312 26294 36556 32326 18568 22857 7922 32027 27035 3357 17922 14962 33269 11378 37614 23978 17179 676 1695 29599 10908 23752 35842 18307 4020 2620 37331 9420 7460 13290 20698 9869 13565 30353 6541 15516 10607 28082 19342 1562 26592 26383 30981 34570 15598 33687 29354 38587 1061 14485 18463 7100 13922 368 21710 20252 1390 33730 20000 28811 25058 37947 34220 34261 18806 15537 21357 36443 24756 4610 1457 19054 11157 5046 37231 32140 30629 34811 10919 2316 5827 1799 23427 35388 22816 3396 10013 35520 10947 9636 17524 34048 3083 28721 710 29008 18129 2845 15666 8254 39236 19254 37280 31026 27518 39853 34294 35245 5223 16386 23605 28248 34408 20766 1274 25326 5442 15726 31069 5732 20561 2763 5616 36830 24271 32829 11177 348 12636 29910 14817 34158 4253 31718
19558 28880 32191 7656 8945 23580 15437 1277 11873 4080 25650 29394 27780 37105 35186 32305 8983 15915 81 13001 15540 27576 39403 30397 5083 28547 31428 1420 23153 14899 6274 30414 17470 10150 24821 12570 14977 33864 13844 30079 15386 33806 9672 5505 5902 26403 36668 1729 18499 4042 33345 20148 8860 1418 14103 6646 10227 16234 39984 9299 34655 39574 36641 14400 25958 27213 26475 8807 18672 14948 16344 36803 37222 3431 32338 3744 31782 11550 27081 16513 2076 7768 4377 12254 2290 34528 32603 30509 25430 3995 20592 5786 23101 15236 17134 10430 33228 23038 39062 8557 33532 20280 23904 13528 23673 39840 36037 30906 5518 23624 25845 38917 204 796 39637 23419 3703 36324 6990 15526 8122 10285 14296 32976 32182 28593 17991 8182 35139 30923 23860 16645 13373 14494 32293 21113 26438 10068 14855 30551 38200 25953 5607 34172 16737 32509 13888 39232 2579 17679 13802 29262 31922 20029 4140 18232 20439 24812 16217 5956 27945 28192 38619 31111 9831 3334 3026 7111 2147 13078 36601 28544 20664 24791 23637 6432 28986 21071 9765 23619 14134 38796 12995 4096 39754 5304 13026 38255 17643 37681 25453 6296 16726 21014 22598 9697 30474 22080 27012 15222
14306 19590 38872 27316 5414 9969 15620 22178 27984 36190 23506 14294 24760 11919 4745 12769 24989 36102 10563 39380 30527 3987 19313 1487 4312 17787 28626 2262 23180 12420 38915 36768 28365 36901 35010 32133 5300 10334 33839 35449 39724 10664 30784 26716 16937 8996 36763 38807 2074 33726 32316 35850 36762 39426 19657 22620 32597 15775 18260 29850 39054 39780 10642 3071 17311 28452 5054 3144 13219 16583 6839 12749 24351 13571 31534 13768 15568 6168 13486 36635 19871 19146 29146 36618 39430 30944 1020 26557 33986 23659 30051 13630 25511 27737 6788 35590 32468 6878 31225 6218 35131 10384 12361 4815 6380 479 28785 22474 16042 39474 24985 36080 28959 5287 6357 12048 13146 29125 10821 39655 17713 28066 34120 15203 5951 31627 30470 34472 19970 4173 9761 3274 2497 14958 19482 3904 24797 12028 15802 13284 13388 995 14901 27103 13920 3790 3323 26495 14920 4316 7684 32834 6569 25587 2662 9986 31265 9814 34492 13567 23920 33091 6720 29770 35288 4835 2099 10395 6139 7282 32055 32166 25520 8096 14787 7205 18313 29870 19230 288 13380 11908 39269 12198 5559 6995 3241 18150 13683 11559 5428 26691 26425 108 37350 11639 23908 5500 17201 38633
24723 24515 35454 39393 8095 17441 26157 25066 16198 39200 14409 3899 19296 39884 22653 16084 31112 34957 26017 19303 37957 31336 3238 30259 7643 23418 19947 1336 1347 22541 34055 9478 18044 36790 25179 1330 15179 13759 38349 22400 39923 5527 29825 21144 33301 20304 9123 28061 29144 33021 26452 26995 22614 13848 24931 4934 4995 5338 35307 4003 26317 5632 11527 32139 24387 18323 35485 29347 30888 17414 16601 7502 15715 19547 6392 28406 37308 1681 10806 25724 2157 38709 19854 35174 158 33008 20580 1761 25960 4647 24725 21923 1893 23527 37528 6235 34751 9229 7264 15278 39438 6745 30383 5144 7291 27133 35620 26698 8710 38338 1108 26999 21589 25194 32095 14749 15530 487 24463 34540 14262 31052 8977 3565 3779 38600 3090 10313 10267 19984 15723 3124 15324 29223 11597 19180 2907 14718 33198 39920 28675 16474 5501 29435 7653 24969 34323 18107 20608 23131 20263 34156 30428 30602 7765 19470 20615 26193 19207 6390 37984 5391 14526 15548 35606 19191 31241 8360 16332 25606 23800 37269 38090 38381 24142 28670 25827 35402 11424 25337 14243 27616 25512 7599 36644 36625 11526 28523 8603 27373 33688 1415 18866 38553 2856 32535 7870 6075 18285 24025
2738 18237 32079 17423 16246 17861 2000 10159 10428 18390 17840 34920 11866 7807 12270 31145 37391 35941 7779 8169 4684 15244 480 26987 25301 13752 13705 14300 22678 17217 1284 24097 22091 4435 38688 32441 5272 23587 6479 37846 5299 13012 5499 13316 9401 8201 29336 13987 17642 4246 35223 7453 39131 31951 20080 22232 26650 20376 32409 21399 1606 34930 20166 25849 12406 29323 16243 9916 30611 6597 34847 36468 34134 29285 24257 9959 23034 15118 25022 2405 28010 35368 1458 36573 16074 32848 24345 29469 2496 39803 32210 30571 2283 15855 24784 8378 36426 29892 36674 14897 33050 9659 27747 15713 17294 39019 32878 27661 20784 32261 24733 18981 20628 14628 26854 32413 22512 39575 25506 16189 29988 27851 12600 30354 11416 2854 24479 33305 14178 36835 7734 37802 26689 5375 24710 1323 20276 10565 25830 27445 383 37435 20967 15441 3862 33248 16462 24610 6555 33540 22490 21951 12559 39931 382 15068 21379 37908 36225 1515 15693 37916 33981 13059 7102 1809 10827 32156 8792 25203 21334 28558 21137 37377 16811 7825 39280 19672 273 12579 24972 24701 31011 30599 1333 2638 13483 36928 938 26255 5575 24629 1499 32053 19458 35209 21192 27510 10390 21753
2596 31700 35637 21632 36023 8833 33058 18381 21393 21825 12991 11602 17719 7885 10575 35327 810 35712 34216 20316 19445 17308 12320 17223 27219 38256 11587 29459 36051 5197 18059 13352 14362 10326 13764 16602 2403 37378 7514 33085 20325 35259 6345 8637 31122 31392 20146 4863 3764 1255 27202 10655 37784 15348 25484 524 31365 35881 2784 17891 27948 25370 6334 12533 29098 35669 29790 2733 959 15225 26982 9673 16931 14912 21995 27357 39389 30902 8903 8484 30183 32740 37894 19434 35372 13976 327 33087 15374 1157 23864 1781 35028 19555 16770 37555 23367 16126 4329 9292 18460 3157 32395 10796 23369 2734 32697 30188 35486 18367 22958 34403 20471 37052 14231 22516 4283 33436 4340 10112 9236 5923 13143 1301 7406 39307 10574 39405 23820 36478 14093 6362 8458 23102 7021 34187 120 26500 28828 17637 31390 31097 4362 24049 15678 27380 5622 16396 23649 39541 20443 34284 23694 20226 12115 32450 27075 34368 2530 12004 18331 5908 13343 39428 8424 1386 7408 6003 22396 24388 15968 9790 6889 25483 31971 37033 25900 23865 24541 8390 17298 14160 1029 30401 30239 30963 22612 10226 38384 17088 18239 22827 31898 625 29735 34376 12088 17162 32373 8365
29723 37366 35057 19462 23050 26406 10990 19646 30311 20097 19424 8183 14136 38650 34234 9304 25112 17051 4901 15878 26611 20971 14425 25145 30284 7974 6771 13504 15763 7708 4083 4723 23480 16006 21455 1076 12523 28403 11546 26751 29242 2341 12948 19479 7772 20284 7760 13267 1352 36645 27229 37512 20464 2851 18524 26384 11878 4896 27673 31193 13459 30679 33429 30492 32486 14546 25182 4019 7005 17626 39004 36153 26177 20799 31548 16677 12282 318 3073 19673 25805 26228 29006 33578 19588 35812 4158 34566 7522 20757 19971 26875 35098 38846 35998 14954 19987 11801 18733 34770 7336 12680 8229 35005 12857 17466 20993 8919 2256 31708 17705 25173 10765 32754 18502 30901 20621 317 6367 20673 31163 1694 17666 39761 16776 1986 2628 26892 3816 26362 30432 12528 35364 28995 30590 17836 23834 8906 6407 19867 6160 35739 22871 28698 39871 12666 35675 669 3665 38161 36469 30157 22141 27176 21268 10748 2247 23807 22818 35284 33462 29362 2542 16582 13138 9522 24846 33859 6641 11775 9712 28230 2940 6327 5890 522 38423 32270 35900 37638 10312 38874 21537 27166 34549 19228 9743 23816 9110 618 19370 29822 38109 2656 14615 32618 39682 23724 39653 39714
5462 32963 3890 18650 22487 38586 15192 29574 22195 29150 38469 31832 6215 16065 22751 13371 7454 3525 2586 15917 9973 4000 10015 25401 22042 5264 30244 13644 31705 19068 31635 2394 14059 33602 9666 31349 29695 15970 11476 33723 26660 564 23890 35673 37884 29245 30830 36606 21712 18144 31134 6440 28270 18302 16719 29559 31841 37598 4001 9375 8249 13332 25558 9453 13132 2442 4681 23733 17662 5183 28763 39546 31505 8757 29056 33337 1612 29871 20386 15780 16080 23618 9295 35947 486 24818 36124 31644 38261 31691 14378 10580 26524 21098 24231 34365 3336 32018 7594 26012 20693 26448 30621 6069 3148 22666 12379 28686 21853 5816 20768 13939 26147 18289 5204 34501 24131 33791 12564 13750 21311 34829 23534 29960 34014 4632 21258 10906 13419 1664 16021 3700 1988 5627 17822 24360 11420 22962 35991 31795 19642 19165 4445 21922 33039 7472 22057 23218 20457 4915 1302 5659 38751 18151 9006 5776 1062 960 22734 6967 19318 30411 34379 38477 20851 24018 9879 14556 28798 3930 18759 5490 24918 39833 155 16949 15220 24278 34404 38078 15092 6991 16851 16798 31508 21010 20204 14584 17821 38071 27513 35357 22574 34848 12989 12215 38274 37623 24114 24668
29186 1431 11201 35570 28524 29095 14796 3121 12058 17442 13527 11554 4876 20063 35578 36877 10052 12614 31873 25751 39449 24062 17886 22704 30200 17979 8192 17932 19597 25029 17532 11477 18057 5965 19425 15191 36666 2078 39944 27595 39887 9355 10891 5698 3263 3951 17319 39987 30930 16658 31000 29273 283 38599 22885 2722 17818 23270 26085 31909 38669 32555 28633 36335 42 13775 4282 29140 8848 28556 38395 36323 13849 21806 21797 17379 15836 35335 37775 21088 32959 16894 6593 18051 8007 10946 7284 32149 3725 5011 31809 38489 10178 25056 21161 1741 33115 5837 8690 31807 11451 36564 32044 25505 6650 37989 21500 19058 5340 27685 39272 18943 9762 11994 10031 24032 32078 13106 11922 34244 2046 32017 3607 26 13044 23621 6881 21261 6984 8248 955 3758 31445 10811 33446 16138 16409 9560 24819 11689 6364 24135 39271 18009 32203 16103 29391 21867 9769 29086 3835 37776 17881 4123 11751 3460 10435 18646 18652 6626 14523 10880 36006 22336 36487 3726 35798 7407 17426 39730 17047 27427 28418 22643 3005 39820 36728 8466 33287 20797 3688 13749 1835 35664 39059 16444 12243 38115 34309 35749 29774 20483 3451 29806 15216 38639 34443 7985 8047 7841
15590 8400 18814 26806 32454 30336 8760 36718 24656 16304 36451 12748 12731 27050 6437 28032 21764 34999 525 10955 31853 19618 6181 4415 35019 18815 9819 37760 15400 8100 30294 33160 34326 3481 9556 20759 14678 34278 6743 233 6430 6041 15819 30283 29748 35853 4028 25102 5866 38562 35280 4442 15296 14402 39384 32378 34152 25951 22886 34664 12442 22934 13474 26472 23251 9444 9956 14603 37759 37333 39143 34669 3191 28088 25734 22722 14513 6009 26873 23093 24622 24468 1267 15627 33920 35545 9080 11759 25649 37466 19549 13349 1383 38428 16529 18816 9239 38474 30009 10488 35847 26363 7423 25929 6761 10646 16702 189 20570 12182 18925 16564 357 36084 3947 25727 26321 32711 8585 28252 9138 17933 38442 5355 37 14643 19520 17877 14219 19608 11122 19266 29668 13674 7250 26405 3050 19097 24076 10040 8411 4073 29070 17018 22884 9423 3315 16490 6414 25702 10728 22353 18273 5050 35880 3183 12664 32903 7169 19583 488 26465 27758 30762 35272 22244 38367 32264 26429 3119 21506 18749 23081 25312 9517 15054 13553 26418 10644 3465 25419 34270 36318 21522 4292 22991 30917 510 38691 28797 32636 33808 36082 35961 16573 37720 28386 2378 5578 8680
27991 9137 5777 14730 13341 6078 23248 38219 24215 33858 39017 20224 10854 8432 24235 35162 39632 15991 30597 33095 2304 19579 34031 7635 28890 817 6330 22146 19182 10143 18361 12169 32227 26735 3101 36898 32592 22964 22000 29925 23723 34647 6992 24885 28271 17240 34806 2999 17159 16179 14180 31703 23424 5724 30955 36631 17272 24317 39104 26633 20847 19190 21769 21534 31003 15122 39818 20235 26706 17832 34683 19683 20153 28875 8716 29766 23170 21765 11537 15367 3851 22590 20028 14381 1244 24276 1464 613 39508 2636 8185 6551 9793 152 12377 19795 33659 3760 31233 26266 10365 20658 24976 34066 34125 26657 2608 3864 17978 38808 21570 7335 10375 15990 7597 11694 27185 24850 5449 28864 37787 3699 34461 4338 17237 9182 36943 8534 13648 13943 12932 35374 4133 14891 25721 36143 36959 26796 6309 3529 12611 6413 37474 24775 6718 37483 9305 15589 38854 12163 38216 20514 2407 37736 26022 28203 10231 24157 38280 6114 1960 17312 10589 11345 680 3189 21602 28469 28789 3942 16101 4126 10472 20247 18596 23238 17353 12986 22770 24774 31999 3568 27253 26575 26227 6636 39621 14776 4883 22908 5739 20298 21158 27451 17973 33088 8874 32628 1924 27111
15356 5135 23943 18823 5049 33844 39815 31014 3590 5656 5542 39159 7348 25616 35779 17402 37167 1903 16532 3545 12793 4694 6804 13071 21804 35969 21961 30556 29387 16453 38006 8576 12761 966 13128 2771 20943 20962 8331 13982 39038 8768 31164 37917 4782 1525 19958 28736 13631 5804 7218 34265 28744 15768 23355 28282 37658 7138 15259 37326 3923 17956 14816 29305 7105 27441 25285 39293 12427 11221 4642 17248 36055 21154 28662 11309 33580 6066 11253 1351 31584 23400 1523 33118 2939 18964 21008 2025 33364 24977 33304 26202 3439 30868 3125 38187 15924 27853 6791 8010 1991 10436 28822 8811 10736 39347 5440 3888 20776 29414 18860 7143 755 22185 7498 7347 29720 37734 17909 9581 17417 21198 29863 22025 27048 18897 25989 33354 13320 13096 6884 1380 39667 3422 177 2352 24127 2017 20339 13575 15354 19268 35983 31502 8790 25144 21533 34208 30285 16147 15881 35281 19063 10363 300 13846 38146 37238 16928 8665 21594 12180 10185 7584 17739 20925 38973 34138 6134 22394 6308 31506 21724 25184 14868 9641 38704 6830 24312 18974 12494 39629 27268 20935 9223 15815 4729 38815 39831 35541 12389 28731 5835 14687 35293 8388 32002 13178 39361 21536
13603 13181 30524 15691 28583 32585 34645 28525 13381 2159 3297 4905 1139 13604 28749 31032 3746 39138 35199 7720 8611 14099 16370 10697 21750 16991 24719 1725 22758 3867 33951 21903 46 26426 4710 34419 21501 36611 8548 24554 31147 35753 18356 24529 29167 6415 37586 24019 11934 24017 10104 31517 7088 11963 26173 27740 1494 32645 29397 17160 7448 20543 35688 17648 39434 33370 17493 28734 30443 14010 461 5123 31182 23602 28596 6062 36975 28154 37387 7181 26261 15091 21942 2666 35617 881 8344 1932 30552 29161 3797 9358 37344 8472 36577 16920 30530 27543 28926 22447 33215 26525 8221 36554 27000 4799 22625 15420 20309 6800 20417 13739 36464 27912 25427 33469 7086 36741 8531 35740 22631 24270 8717 8293 8533 39892 10241 1890 31493 16070 37621 25137 34030 11531 6747 8244 7905 2463 28585 11207 25214 18627 19409 27046 36729 11734 9168 26733 11396 9838 19042 20629 37740 4809 23433 17771 36930 12271 39980 21831 11029 16768 33830 6383 36465 9208 34430 29282 39576 33653 20465 15002 32681 28108 39615 28710 14680 18075 7603 19279 3519 690 21856 8527 31562 34319 17322 25815 17247 10191 5619 6692 25719 25384 14818 29284 231 34651 21469 7596
23942 22477 10918 26054 18506 22941 35236 26946 18722 18070 22482 22451 26253 17226 11131 23992 39974 29383 27953 37008 38836 27603 18804 12392 29233 20351 20450 22143 8016 27237 29188 19570 35129 26859 7516 22694 3311 14437 29059 4078 34541 579 35341 26609 21064 31083 36427 10059 6269 16676 25266 11180 15022 30349 14562 39139 217 16107 27816 26936 16827 4411 14711 34572 8988 32119 16267 24560 17694 4180 10656 36428 29901 5033 20360 13037 650 15498 26626 28476 21735 11929 29488 3027 38508 35863 34051 2449 16503 28258 31618 3548 32365 23231 37458 5859 6149 26163 32318 12542 8546 29236 34675 31377 29300 6246 29065 7956 6629 33096 25296 20771 24171 8105 27296 18399 22318 6789 32347 10809 1439 9148 18844 24234 10273 19564 2890 19187 29143 18431 32143 29320 9771 31410 36021 21377 33026 21354 35043 37613 18840 1459 1581 5425 5993 26207 25618 36245 14660 18820 30020 37663 3815 14800 16535 8921 16137 29345 19246 19645 13707 5770 12265 27989 11402 31173 14028 18794 36838 39598 23845 23290 19441 11812 30380 24796 6904 4482 22736 18392 34638 8194 5907 15838 19410 34856 23010 11219 27798 38546 18124 1821 29421 8726 23797 38616 18507 11490 9273 5129
5961 1866 6261 22544 11066 22412 15640 27868 23297 25666 18510 14157 14036 13282 6354 16956 15418 2143 18486 22747 1941 20024 36366 31466 19392 36356 33193 7310 870 33551 38610 6796 13337 34045 8358 13164 33430 32662 25087 10724 20856 28717 30236 15823 7558 24045 30766 3495 30608 32469 27734 23244 32648 10119 21402 18074 15338 9725 11286 20021 12538 27285 20365 24452 35073 14450 6572 782 4231 25360 25421 26483 27579 16251 15397 9968 9104 3164 24781 35075 7164 32355 20631 2976 11443 27788 37041 18889 31091 4634 6474 38664 29788 25709 26898 78 32939 29930 25354 31629 11255 20467 30511 4820 28382 32510 11985 31242 7031 4935 8418 7393 26789 33770 15631 23276 33906 33650 21480 12922 17512 32974 17300 25409 27396 31471 32543 25404 572 4109 14395 9135 8385 28195 38968 32960 15481 27414 27507 19603 35885 28528 36306 26412 2054 20300 36624 16559 2645 17914 9070 386 21687 8057 8641 13935 25862 35611 10322 22354 21848 19778 7590 14935 12149 8621 29773 17286 19379 34902 17 20576 33035 23158 27354 11301 17035 24470 11174 21033 25127 34124 28007 22398 6085 35659 14821 38240 19074 14737 37276 4041 7155 31055 14204 10537 16427 31492 26284 8189
12762 37576 24162 22856 14142 11022 13150 25579 13243 14441 19920 21596 38227 39774 34791 8597 24624 24406 34906 1832 32837 27065 8783 26814 10131 35320 29031 21954 913 38829 38025 1361 21838 10561 1955 14682 1211 21050 8304 34423 16679 14823 28928 36147 1950 11439 30067 3215 18228 12809 2658 2818 18527 26258 11514 10480 4056 13709 26338 29476 9970 16053 39809 39619 36298 14422 23695 20088 29263 11627 3464 9380 331 5167 9785 12469 31408 4071 15741 37951 11680 26011 29627 37412 39083 30648 1853 25247 992 37848 36219 22785 38869 9529 9243 571 4510 24094 30476 18798 10359 10069 14667 4046 216 1683 24896 12710 9068 21978 24001 21039 17472 9951 10023 14363 16690 17534 17999 35518 38382 2086 19419 6091 8274 35513 21305 11957 35702 27361 10711 10913 20030 26677 32695 1094 14074 39442 30753 27106 708 6741 37249 27523 794 11165 29596 11499 6849 27706 34942 36817 7346 15908 28272 14286 31942 6780 33969 19922 35220 18157 28851 13308 35833 10331 3332 36453 9046 5045 4870 22960 20400 30231 10948 19259 38813 8027 9439 11717 23497 12476 22328 20262 26378 29127 26715 11257 28413 38490 9877 5894 2546 36420 25240 23994 4706 33692 37907 26630
9554 21849 38541 32633 7062 10586 14832 30516 20678 35025 3577 22655 14113 33372 4219 30815 33725 9511 37073 2754 27082 16557 35342 20285 34932 4207 9620 3018 23047 14011 13378 7853 22209 1944 6021 32246 17052 24014 15106 16997 29073 24169 28039 30439 27052 23187 13719 31980 35504 6313 11704 16861 12471 15394 5253 37694 11431 16115 23304 16027 9094 31907 31772 29012 1417 1230 31960 3765 13685 38676 20519 22115 12410 25607 6622 3285 26169 27497 39878 36220 31042 12437 8879 5796 29949 24385 9494 22954 26511 1841 21290 31626 1002 25652 33904 10521 37057 13753 13532 24265 21279 8052 22586 29725 13577 19878 13514 37401 17811 35986 20248 31479 1564 4224 20361 3708 24941 836 33876 33755 1133 21816 31919 26958 17224 18087 8822 14106 27691 5702 32699 1430 31802 39663 32934 19568 24957 34740 15245 18773 994 25636 11317 13411 37696 25002 27144 10632 27622 1201 30517 4990 10618 5511 9184 25037 232 13065 12688 8014 19846 26531 28487 23253 5349 37821 34757 32356 6214 36660 38569 33592 37770 37312 31710 14435 14108 13526 13671 17299 35755 13700 37362 18387 33138 38045 1167 14971 11787 35785 6013 36240 10170 18335 39649 20733 19822 15116 474 22895
28378 21044 15468 28632 2224 26797 38864 29736 15621 23570 9587 31358 25725 38952 23967 877 24886 29355 1568 14525 36996 21420 23136 27496 8579 27127 22705 3452 21454 24164 15305 2092 38993 38598 9134 6280 23069 8681 7067 38866 16873 32656 14486 16169 12881 11725 2390 2184 668 27304 25309 14937 10094 37771 14311 2185 30843 22082 22573 24364 10148 16717 27526 34027 34960 3594 24857 587 9680 38487 38136 20718 26725 37688 39592 30585 30932 24117 10400 18281 23853 23242 23142 4438 15164 32476 1379 30192 16095 35516 27259 38017 3142 9535 37138 35920 7909 16391 5366 4698 6374 13690 1517 39924 25790 17297 2931 37774 32542 10633 5005 36810 7258 2749 9615 34369 3408 13364 14360 15049 39032 23127 19224 21231 21396 25515 35030 35381 29410 34686 17305 30154 19875 38949 29508 9378 39476 30534 8880 11828 26770 33669 25589 151 32970 5004 31721 16636 26155 7178 12719 32916 33407 12417 17000 1228 34439 2324 8648 10850 29275 15975 33590 6638 6719 13591 24932 3230 22 17554 26484 1642 30945 28896 1134 25596 32175 4939 39158 8029 28816 23148 4895 12187 1885 6490 38844 4707 34837 434 34194 23846 20091 12632 29830 9430 16102 30769 21002 36517
33476 5317 6042 28627 29926 23815 20079 27042 32761 16722 33089 24811 10188 28883 8986 11987 10044 28244 7695 8708 31054 32534 26593 10418 28991 39375 39315 26242 10243 11033 2831 32458 8300 14590 26222 21404 16489 20291 32794 25097 35451 9583 15989 33860 38237 39332 5092 31871 4162 33056 10225 17808 9718 28507 7427 38002 9235 13563 10668 1119 16294 18474 21300 27532 34199 2821 8620 24425 3611 16322 5367 28336 31027 16113 32550 17954 38440 6826 3596 2299 986 17537 4002 25694 4397 32892 19211 9468 16848 34505 25273 4280 12577 32573 23912 21020 38226 3794 38732 5762 22972 13850 18837 27606 23128 14961 8839 12289 703 38804 14830 17126 35179 18601 7950 26312 10350 20044 9539 11054 27911 426 3278 7736 27973 9206 28497 34954 35041 5968 33192 34953 9940 34464 27964 17900 11404 13313 27467 2568 25688 29726 24856 39883 9128 24377 34896 8046 34644 19036 36121 8303 5411 2984 25212 13703 8202 23408 2918 10190 8340 23246 36053 1978 2254 4602 26759 22608 15757 351 311 28629 4511 14795 33877 32431 25482 12717 21382 23356 39063 33084 21619 38004 13030 13795 38990 31881 19949 22075 12824 15556 38352 8174 33671 16308 20791 11524 7482 15776
6 9981 3201 24427 26602 18173 4495 1396 35821 23704 39737 35296 25093 25041 14233 8051 35984 2877 8028 37071 24053 16664 18090 30811 34543 28352 24322 9699 14168 24917 26351 31895 6929 9240 33622 14324 39930 6421 25610 38390 1015 29064 26203 13870 11464 28985 14869 28640 15007 36521 8659 20151 18664 8138 36336 18182 14116 10877 16148 22977 6157 21920 34219 28193 17828 6017 24186 22982 22699 38020 5194 36157 21027 26644 36169 34769 39457 23382 31406 39273 31352 39074 24435 39969 10540 10182 34203 619 31636 26458 31015 36295 25808 3170 16849 34760 15587 13858 19452 24803 35930 9599 11603 19735 17377 32935 2188 26103 26564 2227 37652 11292 24013 10622 3638 21318 4268 38900 8076 1942 35200 12968 496 17506 20073 37337 14038 20889 12918 8158 26787 25320 28081 3650 8080 15784 34028 20676 17639 19307 26925 31129 3546 8078 31152 24893 29961 15030 39564 39722 9272 28253 38163 20980 30789 9983 7812 27172 32402 36439 12947 30998 4424 37655 27905 22371 6812 2622 8399 7370 31076 26830 8671 7352 27005 24024 7675 35185 16826 15805 1478 9276 37425 23499 19808 21452 22506 5783 5912 19062 31757 16905 18734 6287 21348 25838 6985 28990 24212 39103
32012 2420 20548 27573 28601 26231 9978 20674 35912 4457 17802 9404 38289 22085 14755 26027 30 24105 39197 32631 27811 29251 17132 27236 29330 7392 22879 19380 19119 9476 7793 8383 28295 28402 14291 13562 18444 38076 28930 32808 5972 5116 10265 30316 27413 6680 9602 19401 39593 7095 17796 26377 28236 21562 15143 21917 28730 2335 12573 10737 30227 16553 18366 15345 16114 39954 36284 37514 17478 34618 720 1427 24998 5184 19705 8712 12797 29442 11013 19895 35285 3939 8843 8163 1513 33944 38679 36155 34886 4262 25696 12593 24597 16915 28485 9339 39512 2934 37404 1288 10207 38696 31682 24395 26389 13329 11065 6596 24294 14773 15320 4489 29615 37639 13261 25458 18274 33482 26018 7670 36059 22249 12489 26683 7281 34767 25085 29776 34550 3681 312 10761 31080 21677 25500 14975 7315 6734 31186 26553 14030 5795 30628 37246 2292 11053 27142 38113 12046 10301 25878 17161 83 4230 3647 4256 32898 8475 14478 23285 31329 12817 13953 2756 20484 1491 3024 32007 30583 7769 6647 32280 16588 28465 19414 17620 39669 26581 37549 36136 13652 6346 18026 16440 21370 26077 6304 3233 2162 15940 1492 18007 6651 35091 8847 20727 15821 28025 27159 36998
39716 5715 30637 33457 2524 12699 10047 2093 16411 24690 16245 6389 21085 28286 3467 24946 34053 24420 5984 21115 15455 34576 30737 88 32073 19149 34456 16914 38897 25223 31666 35896 27993 37665 36669 1777 34475 34316 15831 27345 2486 38589 39613 15578 11498 4966 25493 10063 4829 36193 15828 10110 11088 7260 34282 12338 4196 26969 22376 7649 28188 38098 26758 19828 13184 35362 19906 18422 24154 31950 3621 6497 24255 26943 4524 122 17650 22790 36049 22475 38420 22374 23824 18947 25169 38758 28904 15744 9302 26248 19106 29074 17451 14733 36941 5250 121 30702 31136 25154 19800 23793 8923 26551 22777 12668 34828 33368 4942 1891 4918 30700 2450 7042 2006 39893 7767 10497 24229 38124 6681 3677 39810 18899 5328 30625 29123 33262 4676 25545 37204 18983 20493 18752 38684 27355 26555 2823 585 3724 29498 10020 20037 20893 22389 33068 28666 35396 31706 28008 30148 27473 20348 4866 14389 17171 30170 14452 2126 25474 32994 38224 27317 3799 35906 29307 31393 19171 16558 34173 18789 17501 523 7076 22037 16203 2266 13722 279 10353 17747 3783 15401 10127 8981 39408 13399 4401 18562 33577 20278 9933 2504 10083 36026 38581 33803 1661 9015 34260
33120 12816 34455 9037 18397 19819 31237 30604 32449 7312 3085 14087 29060 29477 15360 34277 28676 25810 5861 10585 2981 19851 3261 28685 26827 10356 38012 4065 39172 7292 8761 35750 18891 37693 35483 8856 27551 5388 12650 13502 1803 5692 12192 14379 31998 12139 38306 31611 15407 16527 39713 33922 33705 11543 30502 30677 2801 15257 15268 30019 4519 31944 24481 36535 4385 34658 13803 22965 32404 19963 35970 15592 3204 6733 5790 28747 4678 36416 5305 15141 31402 21196 10789 13818 26137 5606 2604 10382 20185 14022 11999 5420 29706 32720 18352 8561 10921 24999 24343 38217 8389 1862 9129 23634 24266 22583 27650 28854 9957 30861 33512 11519 6609 24372 19351 35395 19647 32773 16552 23146 2112 8227 12662 5260 21121 29181 26473 21661 4578 32879 15751 9719 33360 20683 7781 25975 16174 38369 28159 3641 11214 11992 10936 30580 33171 11848 18353 32466 11138 5351 3622 39194 6123 36404 26876 12470 7033 20127 37895 17577 26680 1068 34937 997 37076 39292 26223 15725 35977 17473 35936 18732 19532 29171 14633 34081 3350 35442 20254 32823 21096 25743 36070 897 23019 21019 16762 23935 29377 27642 8745 24548 9574 26668 6657 27722 10055 741 35277 18726
6080 5000 6272 11606 32112 3146 17023 39881 16502 2782 8852 20019 10568 16085 36567 17600 21052 34685 28781 27686 30468 4304 17598 32516 20582 31004 28083 34295 16314 21266 18061 21767 38870 37547 20385 18598 9730 31409 39822 28925 6588 20855 18642 19820 20120 27986 11847 33899 38670 6529 18099 7845 20824 30378 16143 10831 32630 12246 10426 36093 37560 6770 21423 21253 20105 31116 6868 15099 30656 27177 37407 23595 22944 30254 33405 2238 1413 27123 38081 20765 17681 34291 18072 2296 29812 41 21156 35424 518 36665 18631 11921 34069 11280 31477 29128 23676 4161 34005 2392 37017 2178 38800 29035 7160 28545 10036 1587 19729 26926 25012 2447 25799 14281 21128 14778 6450 23349 11224 15564 7159 27937 31572 25441 16388 4635 36494 33427 14062 24188 11125 39443 20743 13159 919 36982 36636 11327 29987 19865 1839 34131 22861 21205 16316 35972 36094 27528 20954 2246 1257 4328 25717 15243 13663 39976 26339 25526 39808 30417 19669 4619 33285 19034 28924 25697 18427 4557 36823 22714 4513 27168 20978 8367 18819 9488 29480 3250 29935 25840 20756 12516 23489 26467 15 25477 20444 26840 34264 36449 39720 1970 21718 2901 14645 13747 37268 12342 23182 20579
13796 22725 23345 37421 27054 34149 36339 22896 38299 17461 14728 33651 4982 18766 26539 29287 15409 11901 5310 7894 35786 17318 11062 8709 5849 25907 13161 25106 11134 28771 27424 37772 19905 8044 38370 20706 901 8463 8835 35433 9176 17561 8779 28760 14264 39962 28866 420 15923 25578 1554 16654 6087 8401 34604 11129 14677 2723 31569 8476 20787 16010 20424 19373 19855 36287 27287 12435 38944 14650 25124 18871 26076 16037 18013 10726 12830 30140 26595 14196 2065 19552 18410 28212 28433 25316 23453 32254 19829 30853 33107 18041 19475 7758 5251 35978 4977 13413 8820 23746 30371 39452 35605 14097 12612 20476 17371 13013 28598 10407 39247 10338 8968 33001 18548 3187 25789 28385 13357 9140 2122 14631 27571 13051 36027 25639 16298 39168 12985 25708 27689 37840 31565 21670 37371 29989 12107 25331 10583 14511 36198 26562 6359 14069 15774 23213 1969 34248 37900 2332 13812 6256 37689 36152 10973 28346 2556 29656 38211 32432 8904 24139 36205 38953 26980 166 35386 29091 10686 31687 23785 16830 19859 16992 39219 32688 28409 34706 29099 17004 2195 36041 37698 19982 34283 11898 17755 29516 15172 3122 25143 37149 9626 18838 33076 19545 4384 27062 32830 33338
5438 15911 28132 10005 7224 15478 34180 34509 37642 576 4114 28622 31589 20668 27077 39966 677 27958 22139 16163 6831 32866 31190 37347 11915 24869 25534 29478 11879 28574 29278 28246 36361 20603 10155 9632 14285 16281 39303 2363 17411 36325 4812 533 12835 31815 23320 25276 10838 13600 22306 22826 18985 26864 15472 12800 3025 9312 11387 1782 39238 23450 7384 13551 3723 8917 37169 21295 2938 34089 10061 17354 15656 23679 31195 429 10377 10767 25770 3955 19577 22023 38824 32288 22602 93 31842 23423 15233 5466 24890 28103 15494 28092 28332 13269 17157 6248 23110 30482 13462 32529 37356 3572 24582 332 10894 36837 23559 37847 19399 36479 31010 31245 4406 37478 14335 1091 32391 21200 30687 22455 34344 8785 32493 12203 28745 22560 11727 9692 33080 37592 4440 18425 28175 7966 17545 35751 3494 14921 4933 10700 10912 4263 14606 37317 942 1684 38986 7366 8890 22235 36881 24409 7919 32490 4475 26825 32226 27083 4889 13169 29869 899 5421 22152 7422 13263 25819 32177 17731 8657 2921 22026 10884 4191 11760 13309 11485 1189 26055 20755 30151 24923 10236 26989 28837 11547 26767 38794 124 37624 31518 38478 19725 7 13673 31763 22549 7025
1444 37123 1820 28654 32389 20507 9315 3313 32611 2659 17873 38112 28474 23428 2862 26485 20275 19189 19893 15605 1217 14738 12464 24081 17394 16565 7079 26244 13692 30178 19121 1768 28122 36126 7294 18487 7135 16854 23007 11500 11988 1961 21058 26648 8486 37117 1977 38919 8669 29206 15021 29199 36390 14612 39862 26968 23761 26130 24724 18616 35398 21407 23658 7090 6649 25957 23708 12635 24709 4399 678 27025 24182 29450 17764 36580 12714 3455 7131 25823 814 34660 13167 11628 11158 37950 30791 29528 17957 322 36842 35024 37005 1902 22015 32683 2219 10611 33152 25784 8982 9078 30704 39710 9896 6213 7943 31231 10096 32273 25278 18135 29540 13090 26652 24347 10676 38630 16951 34489 10101 19095 28027 1280 19327 28996 22980 20533 880 18549 30686 23902 31859 13384 6281 33870 20613 39274 64 8296 9013 19173 32777 1455 33060 3456 28489 7837 35651 13546 8582 5580 13119 31608 14853 35195 20072 35242 26996 13425 18508 912 38311 8126 22159 12477 14468 21135 22277 17667 16856 14760 1750 28641 21541 26935 31715 17403 9216 13190 6668 35889 25329 2204 32718 8643 3829 26543 15986 9406 31264 37082 33484 15273 23178 18208 26353 37374 19239 30177
3774 19029 31516 27777 2965 7965 5851 28051 7906 12744 17199 21171 9561 94 9952 23268 12325 35992 9367 37622 8349 16263 27636 20428 9912 13817 1971 9733 31872 30352 4713 4753 8045 22795 37436 18555 34593 37522 3067 2179 13993 19524 15428 36113 18455 4827 11409 19209 13281 6951 37323 2422 10976 8781 34071 747 39237 16387 24340 12045 16980 16415 8176 19901 22888 6628 28167 8684 17399 7374 18989 38666 20997 9862 8678 9334 29893 37863 11026 10269 28426 25585 28651 3733 38399 31529 12480 32620 7712 27204 17070 8144 7987 19755 444 1354 12255 27017 10242 33568 11667 24525 30343 35658 964 39531 27770 29839 18792 36005 1504 9344 37122 14694 4034 3678 24934 2812 35175 27288 2131 30807 11181 22718 20374 14978 34353 1353 10042 10162 31251 24007 12150 14344 1984 9698 14336 2253 36271 1463 15066 25626 33004 29845 38876 37480 30772 25600 28383 30898 23516 11401 7716 17714 8442 20420 25729 23299 31755 13728 13912 15370 35916 28671 33356 14183 13744 8082 26410 21287 2443 21556 32985 10713 36470 32066 12756 24269 27199 18591 33335 18071 31876 38803 7748 35511 14985 7399 30746 15479 38188 37938 18053 28506 33316 28746 37901 8255 30457 9469
36987 24375 28962 4011 13452 33658 23327 26316 2751 20199 6361 36162 8870 11699 17044 3986 7117 25601 32485 21789 13180 29965 38354 16333 16459 17868 2102 30429 24902 11835 39699 412 21578 17359 13500 9657 31554 24274 31689 11910 11222 28988 16204 14047 11978 21037 37499 22254 39616 25338 33744 6477 36031 5744 15720 14295 29131 19712 17717 3479 22784 31970 34872 12804 3016 36459 33075 15553 26549 20257 3487 18575 31379 36078 16916 13763 28018 24740 14117 33492 30775 19387 37922 38323 15221 12388 15297 29306 26034 38505 27029 18677 39227 25264 35715 28393 17328 22002 11316 749 2970 1122 34734 14434 11449 30108 12112 21948 12806 12960 22270 13723 12295 39461 24442 31023 14175 3307 4025 11553 39192 11074 16124 309 22458 34006 19749 11369 26029 21984 34578 34830 14536 3244 10776 12135 13398 36615 24968 1174 28368 4413 34965 11940 4569 16569 33845 8646 37302 5589 3932 26344 2739 38543 22161 37240 3756 23258 6238 186 17858 33693 33555 12236 26355 6829 17660 7484 6245 4081 23840 15480 9457 27884 39501 30808 35461 28233 33065 16985 19663 37882 24874 16705 17844 9398 8777 32023 11849 32105 17010 23035 24 21558 9167 37822 16180 37558 32666 637
24604 7795 9878 6660 12729 837 33350 7495 30632 2300 34851 37500 27956 20902 3163 23837 19968 35547 26361 24344 19122 31823 26045 20623 29176 14043 16434 37290 343 3935 22739 17097 25475 37741 14540 8456 5013 18388 31002 12066 25638 11153 30028 9368 38629 15907 29533 69 34950 11186 38867 32712 5548 10492 14012 14101 12299 22274 18842 9222 17535 18437 27180 37399 30160 7158 4808 37745 23899 29711 32749 9156 10180 30609 18459 28157 873 37413 28449 28905 4055 23929 38908 28793 36911 36739 25382 22738 14161 23795 15495 7447 29986 29238 14724 37016 16686 19041 11095 12509 29929 19742 27094 39334 4477 27266 18958 5165 5623 34400 23094 8355 6063 3512 9861 16747 7446 26154 10820 5822 19734 6176 39937 27558 26705 39581 2594 10450 17997 10781 27762 29448 29338 35872 23699 23393 13941 2899 35803 4994 13298 31880 20710 20137 19640 7037 16099 22302 31973 6525 11889 649 37520 16901 20191 35009 20478 13991 23098 652 27165 12550 12622 16563 3327 18731 22791 6284 25466 32218 97 21700 25539 32198 35939 19551 18785 38753 3509 1475 28791 14261 13073 37491 36379 8083 1173 32032 35583 14129 13730 5896 35376 33900 36923 10411 8443 2909 10484 34150
12372 12799 34680 31198 38044 26015 4194 29562 4426 33101 14530 8617 1912 22829 39392 12021 33739 18847 15946 7202 28329 21011 14805 6540 30141 25871 11561 6751 34924 18832 13578 16981 14786 39746 34312 4612 21717 953 31287 15977 5584 21590 17187 13694 6465 26100 1151 18080 14608 25188 17220 28243 4872 29951 35071 34467 27008 7924 28628 23775 25462 19184 39418 29257 33998 16403 36678 39732 23215 2024 1168 33765 25416 36811 20740 24925 34387 38285 15524 33246 15037 14179 26795 39075 12005 5232 34538 23446 29339 35034 39317 19728 27987 19269 35367 15489 24967 4239 3539 6619 20401 21182 32598 22662 26530 6973 7866 12643 35214 5406 23762 20681 1030 11270 5259 18665 12641 8547 6763 28917 20574 18655 26528 16950 39527 14221 647 11339 34256 7722 2679 27013 6153 31709 26954 37618 29970 10843 24824 7003 13084 32684 6481 16877 31831 37669 39807 35902 24820 2897 19930 20098 9039 8664 38856 12554 28691 3145 29922 2182 15920 9079 27412 19580 3656 3561 5379 2687 12223 28031 21906 8540 16986 9328 11346 32266 22446 39505 9683 18141 15217 26526 2014 38069 7375 17065 3984 24121 662 13009 33260 31370 13978 28314 39769 6994 23910 14952 31864 33676
23984 34482 35230 34614 10439 10325 23463 38721 23331 28460 29589 38534 3950 30840 22305 17316 15169 32747 2837 23021 4751 6370 1099 16859 203 21442 4584 33182 29135 24147 38130 15872 16309 30758 22137 26455 7621 4054 19644 35787 1563 27409 32406 15331 23714 35336 8512 23576 16738 31224 23645 39756 36753 1874 38941 16803 760 8612 23444 22083 14545 6141 24275 9204 15979 6023 30833 20290 27433 805 20641 7976 411 12034 24198 13041 18123 11796 10876 12251 6341 6601 7539 29940 17182 2473 14858 27646 16675 31634 33040 31388 18078 9316 5027 15659 31249 18971 15664 18916 29891 21798 4404 17770 5145 1651 11714 12171 33939 23945 5933 24991 6846 33017 31185 19343 32922 21350 7120 38988 19009 14399 34639 26307 14401 17048 34098 38782 1539 19781 16023 10379 582 29343 25503 20880 21782 13636 14318 9614 28220 17608 1092 7206 37455 1603 36215 31822 22096 8351 34845 5408 7955 18500 29636 32508 22604 13351 5122 7947 1207 24704 11893 39587 3845 38445 17815 34991 22522 39109 31557 14267 3558 19442 2301 39419 32197 33919 34105 9456 20786 15121 12444 9362 15609 4198 34635 21962 15759 6575 8827 17853 4032 13374 23481 1252 9063 28764 30465 30691
30802 22845 28952 12572 35554 11412 37040 10532 702 30644 2599 32751 36319 6204 25733 4559 38878 7411 19700 24883 13732 31903 22701 32710 21911 31851 20486 26651 33538 27587 31311 38998 8256 27038 1465 30174 11493 11200 37905 26477 6425 33254 8369 26197 1394 39374 20070 2574 8994 3382 34754 30215 31489 11515 28089 29851 27882 7112 24854 15863 39087 31877 38770 22916 25175 38233 7840 32443 31515 24457 14801 7064 935 31369 20200 2491 1557 27830 11701 30326 13533 30698 32208 26835 8525 1400 19690 157 9499 10534 10292 26172 10339 23043 14550 26832 12780 14421 28903 34276 1687 39113 38747 4382 14185 5269 34818 15971 6064 17656 23705 39873 8302 21163 14072 305 17556 12256 143 11478 6612 15799 34084 961 26839 5080 33552 36050 16422 13589 10029 20159 32995 14521 6049 33554 16145 36218 1549 14955 18573 19636 35633 5712 2429 35093 31194 30347 8210 17255 29500 24149 3811 14377 10963 33564 5373 38750 4284 23944 37154 12587 39007 13490 21431 18535 7506 11649 28299 2142 39485 14824 38310 11678 36715 26714 31843 36609 10071 37468 22227 6655 15265 19937 38296 15044 5631 37144 16257 33416 30743 19584 36164 26678 17383 7474 3381 7129 16632 21280
21308 27309 3517 1403 38671 4349 12212 29852 30561 5267 19309 7296 12131 13247 2013 16777 26086 30299 16012 34116 15675 7221 6953 25959 15754 6781 8089 36430 36713 2217 27764 31354 10705 4228 26812 24304 20145 15576 24838 35067 35065 5481 26493 4506 39783 38242 5397 16156 9645 20320 38697 26020 38042 169 8853 19142 38825 29886 31098 28073 27223 23440 22570 1121 27308 14947 24860 33455 3395 18853 25577 11480 19067 17380 33884 20066 11611 13295 13492 26702 11540 32888 35456 2852 12934 30221 6266 16125 118 29261 27368 6060 35934 38801 10688 34592 16878 23555 21361 6861 36833 9845 2537 3632 28100 28439 38268 30291 18744 12404 34047 14148 8461 22138 16442 4790 3326 21275 16786 30834 12386 18322 24620 11203 31271 8935 38177 24033 21263 12823 15326 2551 13114 16303 8765 20760 6037 8985 19592 16402 15269 1426 14085 15065 7069 32127 15079 13629 21519 2487 32907 32094 29575 13942 3603 36098 11820 3721 23301 2031 24240 29401 15717 30584 5844 19346 21808 26559 1647 14477 6070 35656 36320 21890 30342 37228 10681 6562 22126 29100 15211 6877 1198 29327 3266 32028 8240 22878 39191 15719 6840 27746 23556 29152 36910 6073 9552 8168 33219 25118
22719 12105 13334 3104 15111 22523 1576 31732 1527 10478 25001 33113 10588 11733 9201 31016 32884 19057 400 24216 31115 7780 20212 32339 36994 10513 36648 3478 35283 31617 3965 12463 686 25623 39150 8161 9288 11913 39835 18092 2158 38073 15983 10130 11973 20563 26726 38270 33897 36924 10613 25796 8609 31538 5030 38030 9827 29000 18462 35727 18949 16673 33921 24083 17278 3293 2521 32089 2441 15997 24861 8802 13580 24220 28923 38623 16633 31748 33995 35519 20307 36226 26402 2973 17696 33418 21229 23546 844 35692 25903 31685 18054 11722 8243 11 33642 7466 23780 9023 30498 6652 16706 19782 9941 16979 23390 12161 7600 91 12492 28521 36747 21441 10081 13902 4197 12330 31322 24903 830 1493 25209 28086 16353 245 37310 20188 37461 13142 28227 36063 9962 30277 9816 25318 26801 37178 34127 35657 19738 28725 21097 12262 27672 9349 8140 28366 25497 34079 16665 5729 17362 20746 9619 3917 38893 18112 35088 10370 34807 5953 30376 14681 1476 10757 681 21029 25521 26886 19012 24783 26696 29313 6093 4937 6229 18498 33887 12465 7963 1306 19886 15187 17151 550 31007 19848 28209 30034 39948 25027 12288 33328 13438 21265 38202 2526 3707 25627
27245 5048 17405 35509 26606 36388 35860 21568 6949 21539 28118 8093 37831 6059 38269 3557 21663 33796 12983 29085 6979 24899 39623 17993 14753 33069 7493 33718 8377 18830 15069 13093 2276 21009 20982 14251 14353 37963 13809 37124 20488 26670 39190 21629 29291 19096 35789 14856 10879 34246 34352 35315 18557 38178 34336 26775 19777 36457 12778 15818 24408 35472 33420 3624 28374 38831 15796 29844 38739 5255 338 24455 34029 5502 26823 36370 21773 2714 36406 15921 16791 36132 7183 23412 14484 34215 698 33412 9100 8763 2841 14561 34417 32348 14152 17961 8950 5495 25080 20438 39198 20901 31404 34002 4531 13278 2466 31252 30038 37406 29946 6930 11620 30643 24937 30763 16417 7989 36373 29973 33822 12750 1794 10123 35082 17894 25776 33153 5020 3247 16507 32708 27295 20382 13895 14889 23772 1649 12487 20209 7109 12684 37678 37857 15329 10723 2928 36978 30058 1946 35017 9405 23135 19065 20227 39356 36242 1421 32274 19031 11322 11388 12801 13569 16045 9577 4862 33581 30279 14736 236 11633 36210 7378 30421 389 9538 7667 13387 20379 31702 8898 12400 12217 1049 24914 1149 13791 8951 36514 17169 38728 26509 5689 28143 1467 1657 13616 26160 39155
30546 36918 909 12421 11059 18494 38503 5252 29791 32910 9734 15359 29329 33593 958 2464 25193 16707 29907 35340 8803 15628 15132 36481 10491 6065 39972 27913 15226 12841 743 22191 28587 27670 38356 10076 35470 22774 5303 22735 33880 3049 12868 19751 8450 3043 2244 25875 26743 15190 18251 20130 39225 35884 28989 8528 230 9886 8111 26624 2992 16993 21309 4418 10698 8651 3295 9146 1326 15488 6162 16496 39326 1604 31018 36206 12698 26095 23061 780 35980 19874 20425 30674 32170 22753 27515 5681 32250 39362 3785 33533 12945 23677 9948 1868 1756 6120 2015 7527 29390 27333 39141 31624 18231 27430 36948 28339 26322 5178 26328 21095 18711 26290 29108 10544 28454 22786 36684 2193 29088 12822 14407 419 16390 39624 17629 27024 39455 16484 28927 26766 28208 38018 22994 18818 21100 23108 15890 4956 15177 22211 11483 2951 22201 9196 14447 14313 384 12063 39311 19540 12159 5875 23672 18306 24461 20782 13766 512 24326 1241 12002 130 20375 31039 29969 32577 25400 4240 31969 19486 21666 29633 26213 26292 38038 39851 21392 6621 22099 24939 23656 17053 32537 8164 28859 7231 18999 32131 17336 18877 12781 27325 10636 24712 101 7929 6045 29681
20749 39240 28609 33144 19194 21812 23012 6600 1460 8974 22024 10318 34962 449 20946 6905 17955 19175 26957 172 20468 21679 34692 35893 10907 2629 24328 31262 342 37803 30799 39090 25492 39634 38548 11080 8491 11991 14230 39755 18586 21099 1966 18241 11842 26476 28028 13547 26573 13035 7316 39970 11723 11169 4796 35420 11060 27566 16765 21054 5291 24805 23901 666 18032 15781 29865 16007 4904 18577 28569 18630 63 26889 27885 9904 30147 11156 33452 25737 15032 27588 17253 5041 5865 30300 14499 22559 5821 35689 28817 9784 12608 23567 27838 20113 20084 34581 16213 10283 22436 13293 25205 15165 3343 16472 17680 29227 29906 466 4010 19440 6758 36966 20527 23114 38741 24551 34707 35624 16674 25035 27290 25570 12493 11411 11679 20274 9732 37518 31153 19447 15528 9059 30935 37064 4476 24118 15895 2991 33298 3259 31095 36150 17585 21953 37748 831 28947 37079 33787 15449 25806 15525 14917 9639 4962 6408 3619 39218 32691 22018 9054 3531 1886 10120 15075 33499 19522 19016 21628 28075 34833 13937 36417 8814 10380 1125 10847 5342 4437 39425 8569 6409 34761 31213 11656 4649 39861 33611 9721 30975 32671 20202 35926 6240 14200 39297 15856 2964
7262 23868 37723 29522 31897 20305 31884 14198 23755 2637 14966 946 6035 36544 29581 25780 6814 2319 18224 25980 23869 6709 17363 23329 35783 1037 22729 24635 35808 19160 27968 422 4431 7529 35391 17820 36030 11503 23802 39431 15869 6372 27023 33187 20455 38378 29132 25064 11160 2827 27877 19876 25605 15279 23830 36202 26546 39387 16274 27235 22870 3943 35151 28978 2072 9892 17803 20875 7700 19325 1990 16324 14910 22797 15064 22315 21339 27366 25033 39471 24734 19916 20534 33247 17517 12101 8151 35670 27847 1607 38985 17856 16796 16616 23663 10897 2633 15095 38079 20506 3116 20286 21344 19463 18050 11674 33716 7745 14287 13587 11875 5696 20648 31821 6371 12871 33348 33674 6171 35358 11950 11660 31278 31848 6455 37588 27315 12626 8407 1609 11589 4755 31564 8440 23272 3232 22575 38614 15972 10177 35716 6175 29453 15270 22203 26847 9211 33539 30820 21030 3850 12291 21689 14143 3371 22150 5660 27273 1425 14041 10477 35892 12023 2914 30331 16236 22088 10018 25943 654 12811 562 24460 17287 36550 9820 24410 23512 19684 22537 33934 22924 14953 372 33797 6757 14547 18961 4547 1706 24532 14649 38762 7886 1653 24110 7609 12854 30613 30606
38814 26105 31114 445 14025 34945 39975 33166 32652 39743 12154 9372 20909 31421 24848 1216 10282 19784 11110 3924 21262 31925 28096 5450 25238 37966 25049 2616 32941 10694 26237 20973 25000 24686 16591 19298 7314 33121 32205 33333 38408 33865 33780 12586 24138 28612 33850 27047 12727 24577 30760 10966 10766 18227 36207 25230 17515 23636 12910 39122 37619 132 36166 38259 13318 35221 1826 14502 7416 1456 37860 66 3585 18920 15451 25448 24823 6914 24320 36682 25561 2922 33290 4286 33816 32345 27813 4650 2664 25949 33445 18996 7301 20977 17557 16473 13085 27946 29700 17431 5669 3105 8993 18660 15555 19292 9477 24526 2061 36913 33454 4762 18450 31545 9585 7727 25811 28142 4226 28769 14990 28249 36614 9351 15820 3298 17654 30523 35736 28456 3576 12679 503 13797 29560 24096 27305 35310 31669 10115 3838 4261 4297 8907 36857 1086 9125 39882 38708 5709 21675 30562 29763 30113 15502 11909 11310 38865 35790 2508 11244 24649 22247 23389 8857 34121 30900 25397 39858 29218 32764 37805 6257 27714 9792 39481 3120 29760 13769 646 24151 26256 16751 36839 3854 39162 30977 36505 6433 1311 26263 34755 22441 27162 28128 5765 25685 3620 14829 18704
33329 6496 7517 1842 9967 11804 9451 31447 1471 29160 39609 21091 33104 39050 11140 20544 39482 14052 413 34389 26044 37345 17644 37396 23305 33657 8273 8808 29398 18658 24674 37921 11246 15458 37503 19454 21132 28134 30310 33990 27951 16718 5381 15549 24800 7162 6713 26700 17505 37288 24519 3493 5670 22922 24337 12845 6546 39530 35849 10566 20859 23599 396 29312 38348 25602 33886 12240 2539 9187 38266 20986 4517 17129 11673 5285 4843 5110 37838 21510 5668 31596 635 37428 2597 144 29523 31594 38778 29115 28353 12231 34429 11030 39379 13765 2097 5227 6400 29269 26185 38102 37417 39107 251 3613 38391 21398 2213 25967 22051 10305 33092 49 31959 28183 3113 11650 32719 8510 32134 10684 26360 11997 24144 5240 10128 34226 18447 34176 27468 36773 35146 21955 2109 39534 19736 1534 21685 21391 21749 14172 35690 29267 7595 8589 9409 33815 23720 28214 15538 16713 5704 16123 27590 410 11778 31467 38884 26216 31793 38334 26584 39448 38072 22492 14331 453 17346 2396 32492 764 23678 37750 538 3319 35384 3938 14560 17425 7092 7878 34227 28216 25261 6225 22110 29654 15453 24882 31142 16926 34842 21414 38596 23675 17793 21439 10354 34427
36889 36907 11544 20228 38916 28920 30251 36016 27568 26428 38467 548 4307 39897 12751 21409 22383 29518 14933 16749 13642 506 2798 13429 39673 11643 36085 2500 20013 37632 229 34154 6530 25005 24467 25643 30444 28375 29169 29294 1906 18329 15648 12363 32966 14997 29705 2060 10722 153 33210 9859 35079 24660 8460 26151 33700 21860 21194 6824 11413 672 1195 641 17422 7808 6237 26930 22696 39741 9087 35591 19251 26131 6586 19432 20981 26379 14188 35250 7512 19675 25110 32975 10741 4987 34524 2176 21638 31764 19466 18079 31597 308 34810 6545 27298 26776 7615 25165 24250 17462 20180 7094 20141 30796 7419 20730 12562 34743 33132 37262 15167 9974 25413 28919 39112 26721 35677 38792 16134 22307 3277 36804 32862 38886 5017 19708 38542 28768 35382 17985 14470 5146 27527 26800 20952 8495 14793 15764 12578 18469 39951 27387 31452 29794 38031 31125 36916 18900 454 22148 10092 25018 31453 17890 34777 27328 15793 584 35839 24339 1350 9357 33959 4247 27485 28266 24777 28892 23999 31547 2418 14406 27596 17396 10833 20999 24517 25829 24546 3065 10971 7168 12424 2385 25442 15682 37182 38459 23227 21474 13414 24747 35171 20834 23977 19040 22781 9454
24072 11811 10602 30673 19503 19021 18645 25287 39901 1042 19216 845 18424 3192 27583 24122 33521 27749 27881 35524 12354 1100 26074 9361 11905 39382 19214 38506 15454 18052 22067 37156 18325 32677 15868 5737 39353 7471 28467 26283 11612 34184 11622 34907 35641 20283 34610 14929 25133 5003 29853 24160 18594 16628 24075 3212 14431 37949 14565 10683 29097 16802 33173 1096 12992 17883 21302 79 29630 36538 4023 1845 19863 17006 12447 31817 22835 32723 4275 26774 6553 874 29759 5512 6275 19679 578 3039 237 13516 16739 16779 6515 4480 39396 2229 33992 34744 27280 21389 23319 36598 34444 24180 14712 29445 17889 4581 26001 24450 3019 11191 13696 25927 13240 7278 15880 5727 2408 21665 14253 39983 14691 24595 15385 19638 21617 34935 39801 27501 19685 9840 20411 38101 26314 15647 33394 14804 18748 37470 32739 17792 21463 7455 19132 30627 5404 22092 37946 25353 38567 24795 31223 738 23206 19616 37835 32668 2161 8332 4952 30764 32176 36520 30579 10518 28621 4425 14559 19223 4786 11057 18445 6510 21285 25699 20894 9254 2550 37634 9356 19304 16395 34527 28841 29468 38272 34009 2785 14418 23352 9038 21545 3443 15103 2648 29249 26815 26615 19022
19395 36105 254 2800 27930 7108 27610 24696 15145 11969 10474 20095 34825 39507 34039 31079 11867 19954 34042 10900 14006 6518 29302 6040 29924 18859 17995 37443 20840 19763 38602 13172 12965 26786 28438 7978 27145 28327 36933 26247 33584 6264 2471 9992 22034 4127 22551 12530 225 8159 27664 37088 32106 34022 1580 5075 9188 15208 4917 653 3541 31259 32118 9534 5958 35627 23809 31473 23339 21123 11843 3366 37321 36960 27957 37897 37783 3031 16729 5182 15178 4387 22987 33952 6077 13807 39568 19585 19196 34738 29408 21312 20832 559 6590 26951 4168 3975 19262 27003 36074 16924 25662 5581 17439 10980 22114 29583 10732 5754 14599 29109 19079 28035 21620 816 14883 10049 16464 23956 3318 33938 432 9682 4874 30258 27337 25560 2245 1102 13015 21246 31315 11981 8780 3372 27381 10834 1110 21324 31301 25280 36258 26972 22517 9417 13408 34371 21949 28023 4439 11860 21862 34702 32390 15584 17823 39866 7520 20303 39012 13988 30883 20653 974 14698 774 27618 27276 13675 10151 11814 37849 25775 8393 9547 37990 823 15562 9403 33882 1293 3006 39486 36957 1547 32937 27149 10937 24955 36929 19402 19560 6916 3239 14931 39053 28522 10138 30318
35510 17115 26175 15213 35436 21197 30588 34736 37888 30600 17624 15322 35027 11496 11604 8206 11313 26165 27386 3687 31719 8341 7627 33668 18405 9739 13300 32121 6163 26632 18414 9281 17014 31124 19264 15826 33190 28970 24707 30894 15344 23577 13101 32835 27832 10709 21167 6459 34708 35795 22003 280 23891 15798 34087 25383 17338 15314 15558 15286 35346 18253 9226 19934 30415 28877 32943 9183 31246 580 30542 6887 30330 25812 31520 627 10759 33561 32352 26519 25997 27140 20883 1535 35742 6217 1989 14158 9824 2958 12829 23191 28536 29609 2816 3589 17349 12838 30357 37365 24636 10272 19815 17083 27458 29250 25553 15204 22769 6499 27360 30578 30821 28251 39245 10864 4496 3773 3789 8794 10828 36569 9880 29375 4528 21314 24205 25243 37038 8020 39526 18244 5203 30406 12036 5563 30065 28432 21933 20647 834 29947 20612 6547 12132 9067 20550 11371 9103 35701 22687 3149 31255 33042 18668 34596 8433 12905 4816 34017 36396 20523 38133 37965 32743 25586 19430 39255 34929 17089 18558 13561 35962 6186 16947 7330 35811 9544 30658 5999 25236 28311 23938 35738 11202 21908 15654 11508 8824 32961 5749 25985 5371 21997 30273 37271 21416 33184 5644 19849
11099 13566 17071 116 22245 36634 5487 12627 1000 6507 14828 4353 19569 17550 16237 3168 13887 38047 6161 28843 37287 20877 8179 31924 2434 14449 12335 27292 24644 36265 15105 20210 26764 2549 38174 16650 36793 4270 22716 34657 33481 8502 15347 39999 23426 2039 11773 30716 32979 17675 9180 23492 21571 9326 30448 16885 32416 23573 25986 22677 13004 30280 22712 9397 25244 13008 1865 36965 15029 6068 4371 22503 25352 20941 20440 28553 34019 39628 34097 13075 11591 34285 11185 36249 36733 14814 30101 7226 11121 528 6504 34535 30144 24746 25288 33343 33615 19514 36623 22391 31733 32969 12737 18849 22661 31346 25062 14913 20525 1243 18320 32020 19678 15513 32842 5486 30960 39397 28046 23392 18687 13447 34088 27602 28362 3378 11642 22090 11993 22213 20505 4267 12565 13191 13628 1262 31699 31522 31852 20873 11289 32557 3001 33411 34966 33762 15650 2483 9557 34584 31253 29847 16898 20306 2116 9450 28146 39267 4048 21216 13056 18027 38595 34626 28782 34603 549 18159 34732 39765 4053 4149 7521 31632 17576 13189 6244 15219 13412 5218 19316 30912 30135 19986 8032 31318 13770 12613 4380 22445 37066 30087 10933 23847 18185 37578 7212 4059 32700 11886
30947 16431 19531 4468 39842 34015 35752 23808 2563 31676 25824 39982 7706 26158 33709 13990 14423 3853 32709 11666 27666 10844 34117 37075 18509 33987 35294 17433 9496 2864 18357 6786 39690 18529 23511 7903 39800 39850 12430 19830 34273 35935 10822 22068 4187 18047 23160 28646 36458 20854 16753 23000 14480 15391 35488 24262 29184 22228 39349 8452 4058 19903 17284 35444 39463 19124 30484 11645 25009 998 39572 4125 12567 36355 35733 19078 29950 5510 30943 23139 25706 21217 6753 23560 23190 12253 29542 29185 25535 37964 39617 30966 28738 22809 35002 31331 37948 28461 19956 31181 14758 26603 10983 37434 32954 9082 32809 28659 20067 561 18782 10249 12558 3330 6633 14905 9145 18751 29322 2043 21551 15206 38827 2661 34262 24107 2686 13804 33447 14614 35244 31417 29749 31100 27693 27521 5175 21055 14679 10378 33522 13928 35746 21479 28464 20242 29728 17257 30549 19831 22697 26168 7902 38971 13584 40 12127 29364 27359 36926 1876 20155 26348 14518 31094 37531 32615 3133 23066 30988 23486 2681 29221 633 13523 38472 34835 22194 28700 28643 9232 769 10137 19157 24583 26042 7661 20397 37610 33451 16142 34058 38674 20806 14803 23177 35594 16056 14390 24658
7897 31418 12104 3392 32716 7497 3617 23913 19812 2945 32329 15395 28477 21427 10398 1056 5099 25978 718 31281 1798 1779 32533 11003 4157 12181 36079 20572 20363 33795 11150 25677 12828 15694 31750 33946 17906 23165 31368 39052 34474 31730 3272 4367 11043 33754 23169 38790 212 23631 31961 35290 6482 3722 7233 11108 8410 11144 23103 6018 22435 30572 15543 16385 10268 1915 14238 30570 1671 6722 17001 25894 13924 34102 26517 15128 17139 21233 34286 34641 3643 6938 14079 38443 12072 35102 33881 7340 10260 32589 38430 2094 3796 38053 21491 12449 5679 13751 31560 24852 11071 29474 25253 39277 27775 4190 6642 18113 21941 29490 21349 10206 2646 32350 33072 36375 39459 38761 5882 33377 21927 7473 30565 39226 18834 8310 29999 37929 38406 10623 35119 35183 14768 11560 14591 6208 7542 17636 21492 15933 27635 25114 16663 33239 15752 20539 31396 21745 27888 17215 10409 10099 39711 8702 24226 18385 9596 11583 35419 12022 32580 31595 26210 28041 17722 9618 17640 1334 3618 19221 18874 15854 9660 13596 29610 30190 33501 20810 34916 23116 5482 1766 1712 31855 23931 15460 14835 15906 8060 15483 39860 18136 38436 1055 30701 2559 8658 4779 10928 23413
24350 4022 7358 32297 8920 32664 13382 21801 33634 19151 5297 13424 34565 12490 25233 9606 16277 11039 2386 29406 32889 38394 2840 34433 10678 3513 3946 11573 10271 29137 35989 8001 10658 257 24456 34222 13793 28500 26273 23798 114 188 4912 9753 25 4484 4171 475 22356 12849 33083 29025 37668 18197 3302 24971 2505 37742 35804 37607 36731 11672 39413 4910 21723 15398 23175 36101 7180 401 14224 22577 22236 28205 2512 25123 29328 34059 24947 759 4754 4251 25234 9662 19088 14173 33183 34812 25945 29638 1194 23754 8473 38383 11749 3406 12087 4205 2772 31677 6825 2657 37297 29872 19294 27310 7414 15522 33768 19468 16637 6205 27348 5417 21579 38673 28280 8971 26540 21636 11338 10441 34008 9162 28348 5839 9922 13254 35928 13480 2768 33054 36261 23998 15076 24990 31481 2688 33475 16863 34378 30768 4423 14487 31460 28240 22384 34661 35452 9607 34167 7424 38357 19802 20356 27256 32672 22224 24314 8049 38738 32183 3633 10960 1680 38298 25232 12418 1859 4274 18647 12522 36781 35517 7618 28425 3173 162 9331 24129 12027 34063 9627 6388 5108 30370 18246 32874 20606 24843 33444 14745 24305 35623 20662 37148 29795 9955 12326 16197
2173 32783 933 17030 25684 10413 12334 28141 25807 7500 10223 38199 1737 18802 36593 39246 26600 24626 35090 7019 9479 23888 17092 32411 21303 3344 28579 33232 24655 8345 6476 535 13737 30088 1407 13248 36181 20869 35855 22417 19658 2732 13620 15734 9144 17635 20353 27522 29467 27302 25782 21495 12869 24490 9584 19796 26084 10263 23838 11348 15295 39102 26106 7251 2287 31658 35268 8578 26645 21974 10995 39071 3268 38363 6997 20061 8791 7607 25564 38749 3045 27975 19056 8570 36935 3668 11682 39745 27910 7303 1953 472 35534 15378 4330 5736 7372 5624 13900 1204 22231 31820 22975 252 30823 28537 16414 20656 31166 9238 12146 39919 4848 32583 38195 34381 14055 4541 17075 33968 12938 35047 28611 22692 32447 23436 38244 19932 16526 17748 37898 37242 30078 6924 1461 19789 9416 10361 31799 2663 1169 4483 17032 34110 13513 6971 30503 39687 11897 5159 29639 8925 22281 39538 18545 109 14356 27858 34888 38692 7059 31196 25163 38483 9463 5876 35718 5517 24016 2835 7469 31914 35745 32394 2555 37081 12777 26950 15711 11928 4460 14040 17782 28934 24082 16828 5775 11916 13772 21449 20717 33652 22179 33685 9207 1536 26315 4305 24549 14537
11590 31613 23217 26025 7417 13032 1512 16009 20272 9153 26447 12740 38166 35243 28012 23875 30437 7723 8809 34591 13710 29449 25478 12964 12808 8504 8834 16868 24044 13031 7391 6772 7176 29620 27454 8943 3424 6043 17919 21652 23886 4718 9624 34171 928 13774 38 36813 31663 33302 16307 1254 39671 39826 11876 21746 13482 13550 179 35819 26445 39680 7934 11964 17271 3496 28955 19368 34869 14715 244 26003 7567 25128 21378 1470 8199 19154 16551 6277 25459 19797 28317 24473 31043 11376 3401 2125 25139 11839 22101 17895 20616 4546 6089 29226 37465 31044 373 39580 22402 19170 20983 19649 15619 36344 21776 21963 21456 35066 17982 28720 7546 32135 33082 26779 13619 16957 19864 39906 28196 11821 20369 19066 19481 18180 28410 27581 37045 9767 32952 34418 32938 17067 28315 22808 28893 4112 33573 31335 32571 33826 21631 30537 1732 26574 8038 34903 24787 5350 34034 23747 23360 36329 24616 9949 4916 8030 28606 33807 21865 19950 35475 37174 22118 9532 32972 24031 36039 2433 8191 39753 21943 21981 29622 12323 18896 8930 10774 14192 11305 13156 13538 7730 10520 16330 3209 10022 4660 28511 27674 30218 15084 6319 25030 34650 23710 34622 26186 9777
16443 29856 32641 28077 10288 17228 2482 28496 22743 33090 35447 2887 29768 38536 3075 10332 22489 38067 32667 37349 9381 30060 9346 16689 31875 32742 12723 34684 13541 9049 37027 733 25451 26235 3342 2064 10171 19768 10291 12277 11846 4405 22600 35239 25359 20222 11770 21991 3287 21715 4389 14900 25972 5528 17137 18696 7065 29884 35211 35325 5980 22667 20265 3876 23833 23859 37827 27771 11851 27926 13094 39286 7757 27486 14688 30384 9714 32977 5592 36183 15086 1992 37389 11145 38057 17331 26923 9885 20569 2707 35495 979 5112 33736 31137 17685 17398 24193 26098 30978 14032 26804 34637 13618 30990 37814 2584 35022 31293 34901 16799 6560 13192 26622 16253 26623 11021 2674 7737 8279 10556 4544 1933 24184 17784 32 22814 30682 34040 8145 8352 12391 26016 35959 30790 38331 22429 23458 29110 33629 2979 39199 23770 15113 29547 23633 18516 4118 3927 17007 1077 24671 25797 15253 39698 26200 7110 20418 3969 6707 28787 32130 31216 28357 27669 13346 25583 4529 26887 3689 39475 14189 33627 9057 19765 30559 23831 22098 24922 12100 23322 13301 14588 21732 29344 13650 24965 19459 224 39751 8133 23208 37600 35443 32303 13733 36942 38150 3857 26563
9314 1569 30513 1490 26673 22936 23205 142 4500 17177 775 26144 17740 37767 30522 39201 25555 27234 19858 35479 8530 23727 2737 3320 36722 29531 10690 28495 33284 34269 3257 27906 9679 36992 286 17260 15287 21001 8110 35535 17567 14861 32660 17819 16845 35918 22419 29376 25689 8564 20231 13377 22121 26064 16524 38451 28302 29026 36786 13552 33145 2334 36367 4241 26808 24759 18154 12658 3095 3299 10718 37433 29057 33737 2268 22552 5643 3885 37471 12716 30651 25495 25825 11990 35178 34506 11883 9062 22783 38904 27457 7015 12840 26922 1296 23721 35595 10501 28618 38120 24436 8148 14408 12602 37506 32724 32836 10645 35765 15450 27215 36761 31327 25218 4721 4503 4006 27754 14162 38446 23889 15462 27349 9412 1572 10555 10215 17086 22468 22340 16326 19391 23443 10640 9120 37940 13729 32686 2397 10505 2747 17242 13496 3736 7170 27757 2915 4972 28762 21234 39915 32137 4204 15034 12728 777 30131 8728 28278 22424 29677 14174 11826 27493 3499 23936 15321 30149 27481 31187 3762 2096 38948 37460 23930 12423 33308 9267 7715 8429 20056 12878 21885 18376 13410 30037 27338 21864 18708 4376 5476 10010 6146 21067 32705 29151 9906 2786 1617 12810
29428 36508 2773 9850 36561 37523 1438 22698 4512 29043 34771 15281 17674 27828 20461 26966 20373 3441 12925 10330 30112 1451 9723 22841 5399 31789 11661 36522 28592 38713 33263 21971 29015 33923 8372 39497 3543 2330 24119 16433 34025 23614 26647 11113 2357 14112 11252 154 24482 8200 3252 39444 32679 25633 3404 3061 4789 2644 21503 14310 39659 3877 184 21736 14672 1951 3661 36523 4664 34654 2761 6495 28845 1171 4358 4903 8846 21608 34016 26579 28913 5677 39584 8573 30083 12111 37685 24749 31698 13815 37551 9150 32730 20837 26454 15242 10376 39020 33655 16235 3691 22706 15160 30118 23130 1836 36780 13548 24994 10125 16312 13086 31837 11780 10410 21603 18863 12426 35427 14132 11368 21606 38683 11340 37140 12496 29890 965 20807 37315 527 32875 32999 9483 10502 34548 30044 22530 20216 33683 15623 6457 14968 21973 33043 11920 9095 26736 21502 9021 2212 21488 2706 16537 9867 14690 12216 629 26942 31978 36374 31532 1654 9594 2321 29370 8009 23773 21621 21443 32616 6350 26998 33195 30506 33159 721 39735 7638 12508 38254 1338 39666 32614 29055 23538 9237 33982 36947 24829 11488 32201 13837 10945 5437 6110 34185 22844 28608 13986
12732 1985 17942 5699 35482 16795 16287 1746 27584 4462 23608 8055 7222 31444 36862 12975 6198 150 19745 39630 18284 11513 36471 14403 33508 24267 39132 12047 4558 24433 5661 17903 27221 22686 12931 11035 17289 38582 8177 17468 1720 18345 7726 21139 17684 26118 8615 34363 25045 5761 23810 23548 34874 32973 29471 27411 17652 1505 32925 6940 3574 28494 1852 304 6616 39345 7689 28777 28308 12371 23358 35522 27591 38580 10165 23670 23437 1785 18001 36442 22724 20218 5708 378 38703 35061 22313 23084 33550 31090 6859 2108 25518 6096 30752 20171 30220 26264 22796 34662 33589 9151 15355 9676 19260 8167 37779 4761 14554 10951 33380 14364 29665 18674 34839 21493 32181 3528 2028 7114 36386 16407 32296 21068 12638 14781 26052 1828 6154 29625 9227 25925 11690 15071 22534 22495 33517 3506 13279 33955 3004 20482 39734 37569 13314 29366 3196 34563 9744 17391 7188 16155 18657 14442 16515 6111 24281 3800 8855 1440 35305 17911 36405 30863 30199 39744 4334 3150 3114 2132 32776 13638 32675 25908 30223 16622 38980 5884 14620 32965 34701 7232 27114 12143 1759 31746 851 18084 35851 623 39583 6810 36575 28384 39156 6084 10842 34858 9688 23466
35181 6401 9567 7614 20023 15429 15419 14328 30320 29616 31150 16508 39016 10232 6252 4179 13116 17188 20643 2406 11184 14235 5551 22636 16999 20452 23091 10721 7412 6355 23707 1927 17098 33067 31183 12232 27904 35621 14105 292 7580 26596 10168 1089 38522 28109 7702 5456 18058 211 13068 24494 1658 16917 33398 37206 21788 30242 707 24737 12705 22006 27732 778 1276 29734 24167 13020 16195 277 12056 30313 38087 32853 31892 14355 22974 8947 15182 12350 19941 33748 35393 30335 25376 21937 33300 4626 27148 6351 32328 21000 14091 37654 13968 9432 8102 8324 23503 350 20950 30163 1791 34876 37920 17923 18233 15417 14346 5832 31688 31064 16534 14876 15808 7443 19099 38624 24511 10456 23687 12069 58 28916 17686 11148 28067 15580 3865 33893 22033 38380 30812 24801 25947 21550 39160 31786 3903 4050 30460 35567 35710 34448 6696 14746 25120 19543 2264 956 10406 9961 23002 18187 21131 18965 23410 12892 12041 34948 17498 1034 16875 7640 23441 26610 37644 35473 18942 26675 37876 26740 1597 574 31289 10629 25079 13666 17207 21565 8786 29432 14428 5444 328 14843 15922 31816 2519 32774 3138 18435 12296 37415 24302 33163 34224 34881 24688 8285
34212 6872 24341 35085 31104 19416 14636 22935 920 3751 9705 9275 38337 3880 15591 15000 28594 800 15200 30708 31674 28819 25690 3199 36825 20009 31910 25207 32877 29393 16144 36309 18448 13867 21909 29619 3592 27095 5415 20524 24878 6492 19064 12973 19891 1332 31399 13124 9347 34100 18033 19013 1555 36951 39404 28478 27660 6393 11474 38433 8069 26676 31573 12007 21936 30441 39985 33535 34107 6410 37859 4677 12790 6856 15891 11141 27026 23048 38144 18839 22799 25357 32385 26963 16087 5263 36873 7550 4882 21242 32442 1844 29351 16808 34170 10004 32562 27059 33502 1140 24195 36748 2383 978 27061 39775 23344 26601 34631 16544 27801 21668 37036 18011 17508 37605 19026 25464 767 27892 9212 20884 34627 27207 36171 6665 31939 32968 32924 10993 36046 5760 19120 22020 34766 28577 37342 12521 19069 35968 53 7379 32120 31456 33704 30993 4142 26394 26777 30473 8066 20635 39283 28405 12059 14083 29456 31218 26382 17538 27844 12514 2190 26021 34038 35601 27547 14532 34691 12164 29424 36393 32832 21772 14702 1516 31239 12176 8722 35709 33156 15786 39287 4471 4702 18132 28115 39318 29436 10046 38059 10510 4748 15914 1214 39989 854 25584 655 7707
25574 24353 11151 35006 20998 11023 32819 13936 5283 30041 16967 23263 20738 33122 35132 32077 23592 4851 1638 32277 9768 33932 2278 32157 30475 20511 39149 33703 18093 13489 28915 37782 895 25844 6958 15317 28347 25683 36620 22314 14061 19979 4989 1931 12479 8357 28343 29369 7852 636 24500 36587 16239 29229 3226 13511 31439 12982 21604 28276 34921 23584 18130 5997 38427 14203 28305 21164 7535 22267 29039 27955 16940 31583 34343 7139 35032 16545 18153 27257 19090 39691 38779 9099 24246 2630 35255 20886 4419 26245 5009 37408 19866 689 27898 20897 39993 37517 28704 38566 3738 9543 9131 21457 24219 35055 33202 36604 2052 26821 1275 21595 24816 4332 19386 3078 39631 1619 13713 24531 9549 22939 28394 20352 602 30450 12095 21575 25931 21521 3881 29153 5793 12162 18296 17309 15004 32839 14544 4481 15655 23523 9152 29799 12877 36154 7665 23610 19123 4027 38892 3235 33853 21467 13328 39708 34967 8773 2366 35852 7350 31933 31776 7810 15634 39657 21374 39846 38521 19856 36110 25446 7475 22160 24590 14090 22528 9749 6568 30204 24040 3246 9248 1895 5598 11399 28310 22859 2795 20184 16441 38158 15439 9364 4137 1574 16620 36499 16525 34386
8522 3258 19938 17523 9775 5010 638 36709 20535 16562 16286 31878 16222 8137 16955 7676 10778 31178 39388 8050 4463 2041 14974 38653 6200 6054 19614 5147 20908 20918 43 19665 24742 32746 6608 8532 26643 3028 16408 13205 12229 20059 6164 1538 38774 26757 12275 5503 36043 934 31361 21264 20384 6289 9113 27729 18956 34819 17693 34129 17370 25753 26156 17702 6764 23461 33656 8387 39863 3627 25964 12891 750 12020 30097 2066 5662 3271 18540 19323 2612 36688 7277 23391 26608 11279 9696 13185 23757 3780 6471 26570 11833 25072 23934 4098 33766 36096 21763 25115 8718 2430 22387 13745 32392 2892 17687 6444 38320 39070 34716 558 6855 17539 1632 15340 31269 11715 34868 28328 19978 31766 8416 29834 33169 847 8750 27804 16960 11357 9051 25917 289 21820 29556 12039 26188 10095 1222 23366 15614 14258 35533 18901 20626 37544 34020 9735 30778 11962 10910 39656 20099 19092 17232 23799 39447 30567 32215 8094 3184 11082 6778 17583 36148 7915 23968 18115 17672 5362 2883 5457 39261 31581 441 440 6776 31277 31926 26748 3684 27239 11117 12050 6431 18483 38871 27498 24592 21193 26037 19739 36818 30873 469 19931 20119 15753 1726 36362
31868 4026 24022 17401 6689 15611 16225 24232 11479 30494 18923 24943 23354 5216 15690 21693 13756 34898 7320 35042 11834 12815 10100 19283 17887 17108 16618 30166 22828 37110 20040 15289 5180 31208 32784 8017 15936 8287 16188 35848 9442 35499 9818 7960 21859 39210 33916 17250 24697 23640 38954 24217 31988 13597 13436 15520 34975 10795 8465 26024 13989 16321 15842 5579 30634 19900 2518 16948 8013 1160 6928 22754 32265 754 39560 21120 5051 19465 27155 20344 26094 27561 4089 8758 26659 33323 23405 14414 7697 28846 17172 28751 15673 23739 14411 18034 31321 7889 4178 36681 26565 14374 36003 1232 7691 9391 14915 14515 2153 10434 24330 28805 5738 22284 36001 24112 5618 26921 12080 29769 22073 35078 56 25200 30175 21245 27883 18290 25467 37573 29217 34996 1209 28801 25675 37328 27612 35477 1224 31495 1409 3223 31546 16029 32519 21871 6211 36509 23962 37850 3430 13386 26049 29801 9193 4837 38141 21006 3523 10621 34507 9653 34424 25159 24767 3908 25670 23161 8965 10529 16052 36099 31992 22961 6674 3081 39256 7524 14644 19136 32962 26883 6487 32748 38435 36589 39566 31461 8694 5055 39777 19612 10317 36782 10429 22497 36719 16184 38942 5979
2040 18214 26973 20289 31963 29591 1410 14792 14217 17588 39638 22431 26288 31113 16317 2087 7334 1183 27826 8265 28001 22669 28759 24173 18482 15635 9558 33456 1481 32799 22685 7937 18235 12718 22289 28235 6305 9523 30001 2237 39129 369 36371 10522 18757 28135 25020 22248 35226 20865 30510 16741 37826 33775 1800 9388 20554 37524 17222 24575 26895 1543 10641 6520 15539 24961 20736 31210 9026 32300 34934 2660 9434 27972 36463 20964 9126 8219 33384 37975 8366 6152 17785 19314 9092 34470 23416 34493 22133 22163 13257 22470 38544 37177 7306 6531 17926 33432 7619 8937 32269 30813 22798 26014 34862 10704 20069 2702 26285 36798 35392 310 30706 31753 31639 11813 33440 31675 644 39736 9335 37441 35321 39124 31475 1268 32423 10184 17623 37595 37833 32024 33319 33793 36657 15131 12768 6241 18346 26542 20496 2691 37077 11859 34693 33185 10985 27504 33695 5798 22019 31964 29340 20937 27855 39565 1573 25463 3032 11790 37388 28634 6323 15267 16938 28150 25428 8770 24111 9259 20133 30036 11562 38841 32075 19487 21259 25785 7644 38612 5347 29578 18248 27137 26366 26184 1815 14888 34487 19400 20601 7175 6394 4662 18690 27872 36410 4969 39977 12590
18194 3900 34968 20691 21141 1355 8395 35105 36290 21448 3165 9924 17741 25857 20332 9190 39212 11085 26599 12491 7948 6024 27731 27258 38182 24682 8567 6436 12792 16837 26254 37611 25658 28953 16818 13914 38062 1611 3804 36123 6079 8771 26038 28607 3030 3646 28820 23666 28318 4894 36938 25299 38156 19868 35166 26545 22079 24327 26754 10639 27242 24853 32151 6982 27020 1172 29462 25820 14927 10707 36002 23257 39013 38955 27367 16105 31143 19563 1192 5706 22710 659 35127 15077 15680 4136 27418 12631 12264 2197 35276 6199 1066 36879 12592 23455 7589 2242 24152 9649 18429 4993 15382 10753 39642 24181 1940 9035 29828 18465 30882 17474 22682 35397 32061 15624 30049 9902 30278 29555 34700 25396 7157 36595 5238 12205 33813 1662 24982 29002 13554 5554 36369 18622 11393 4202 9149 7304 25788 22689 1131 37983 39748 38326 31652 35772 10940 19241 16579 5531 30504 31818 15945 32384 19629 149 21401 3040 37054 20460 18439 34533 13475 10647 39134 16721 8999 38707 39635 38631 12803 34056 12548 11364 8459 9828 23689 14297 9446 36357 3631 12818 10731 4130 11501 2603 1939 13232 22803 18582 22337 30652 23644 23336 12766 17219 17812 7401 12468 5943
24518 28486 18012 25522 1571 38868 19144 39067 11637 7255 32498 735 7698 30501 35173 27128 19082 24593 12511 3882 9293 12106 670 25802 19240 30581 38456 21218 5104 7063 13760 9197 19917 33991 14271 3345 27503 22212 7328 13832 39555 34883 12543 3466 28034 27186 29484 415 38570 22104 38288 30172 23439 21932 20899 3445 14982 19945 5384 25269 2160 28936 1027 33135 34750 37660 34773 24214 22242 12618 8011 36194 20126 32220 16199 17981 6708 10174 1075 22256 36052 11629 6742 34747 10006 20156 7354 36400 20498 38210 37490 3549 30155 12517 19834 3316 21057 5658 3269 25217 3314 8823 12814 17781 35810 32193 16083 22926 7785 24726 4352 34075 36272 13163 25563 29124 20994 21451 13608 36128 36346 1705 3787 18014 38126 9604 14903 30657 33742 26732 11706 38788 11961 21696 19915 18980 18684 18602 35557 35730 35404 27197 39914 1503 36358 27506 21600 15563 16299 27099 25730 26850 14123 24030 6297 23126 33375 13664 38026 33777 24493 33424 32110 23052 4095 34094 39953 9513 38513 20661 4667 14902 11106 18895 32439 25344 23861 16436 32057 25140 4550 18636 26171 25846 2961 36655 38577 30363 21901 30576 22420 23589 5243 14582 5034 9004 35003 3475 27394 17487
24721 26358 15456 20207 32126 38077 35994 22064 28696 12285 30445 15096 3570 16359 23651 17548 32522 23686 3778 23491 35016 4879 36516 9708 19377 33048 28322 32090 18689 23850 30152 38681 33756 17707 37089 34334 19881 19985 28937 31437 16836 20741 8962 1784 37376 250 13945 30793 15514 30488 28098 19129 5483 6484 34782 10347 11938 1480 9934 6699 17630 30004 25501 24136 34043 39740 38403 3702 30459 22893 5633 30206 39750 5157 38275 38051 34214 11192 32563 15285 7050 4097 18360 715 18777 29443 28242 446 1327 22467 36269 15001 3959 14983 5910 7000 29400 14822 33275 33965 25092 26728 36511 32158 22634 37718 33724 31355 16450 28411 16820 11762 30145 23137 7882 8670 6775 25239 37060 20232 18929 2729 27840 28706 7149 35679 19720 35917 21206 8825 8545 23056 19621 27795 37208 22761 19662 38236 24227 13828 22587 19890 19680 39248 26457 37130 18202 36845 20987 34135 28735 24873 7235 36292 20299 38837 15681 16764 19572 1542 32647 37409 6943 10328 29900 24566 34531 10437 30099 31434 10545 33325 28807 19243 6119 22693 406 23385 18803 26897 31291 17254 35308 5966 21823 30272 32659 27275 24530 25763 28693 20057 5562 15782 8391 12789 15918 19695 21587 923
20308 14199 3207 8022 12545 2141 34366 33814 33665 29014 28437 1742 12589 23386 10845 27058 30878 18841 12969 21705 39960 16735 33958 28699 31603 26208 18184 4613 38479 34073 1935 12347 8343 14084 5705 25480 32967 23256 7664 379 10729 34629 34267 34571 9009 1187 616 866 17416 33917 25069 21770 12053 39875 2115 10109 15247 15639 13714 15512 35988 31110 8826 31403 4954 12440 35176 32582 11615 3735 5332 30946 20451 11885 32289 8642 30824 25801 24000 6500 26075 10264 21031 39582 21244 5452 34375 4873 11670 22847 10482 11970 26116 22905 32171 13 34348 36326 19038 7513 8830 37462 25956 7570 25984 4488 7319 7084 8225 25461 8208 21827 28455 20602 34243 7368 30402 2 11767 34648 10926 33495 18015 36900 33186 26874 16109 38104 6485 5617 21199 31997 31325 18278 38340 22234 39921 35911 17099 15931 36144 5246 9882 39081 27032 37168 10135 706 2665 3098 7508 25832 884 4960 11927 21260 17536 2438 14703 24631 24187 34784 21482 31077 26976 27563 35128 38913 35422 19332 26108 16061 21149 5125 16136 16259 7161 10817 29380 31317 11147 2091 12617 26597 36714 15532 33464 39196 25932 19288 16104 26723 29460 26374 23221 12503 10037 3505 1882 14696
36017 35007 38636 8630 38918 23588 31286 38387 35865 26293 23186 6698 37557 18779 19746 12712 26572 31288 33449 18543 25764 3873 17489 39614 1081 25485 5441 26514 9638 14564 9617 19277 5118 36008 6012 22873 3636 23023 35502 9526 8295 39276 14575 15771 14637 31040 1240 37786 23662 30999 18605 13910 36455 12208 34491 31844 35832 10383 9205 1996 30711 14140 18283 11578 12583 33200 33466 39422 32290 33537 5850 24510 23575 36888 18648 27582 6580 110 37724 35314 15186 23620 34384 159 37880 39027 4393 984 39331 34287 4606 35469 2347 34949 20594 23582 30662 1655 3240 25084 16310 13439 34230 23347 26919 19025 25869 35254 35045 7369 17867 15476 16761 27171 12721 20764 5117 20253 32435 17580 27997 16100 28548 13277 17415 17827 10337 38568 30725 23969 20195 10870 15159 7322 37132 34560 14721 30801 3094 3910 19111 10496 7027 15300 3840 10132 14925 21970 35262 5701 31244 13881 4351 22226 23823 30274 14372 4768 26298 26719 19687 23717 2145 21524 5237 17641 22787 30198 36875 23343 15910 17455 33903 12144 19698 32422 7261 37683 28757 37710 31017 12557 26132 12012 20383 20872 9822 20879 20175 39591 1682 14878 4272 22676 32068 8136 25701 30847 31351 6243
27129 37791 36629 11176 6464 12003 24059 27949 31625 25567 20392 22480 7134 24956 20555 13967 11576 10836 6136 37785 13957 29877 38013 1163 21092 219 13175 21720 13458 15199 24708 36558 14596 4185 33155 28938 18917 19274 34865 25406 19023 17977 26179 29990 493 30695 13660 32161 634 25258 1673 39586 32235 626 28224 22648 33804 27425 226 20266 8053 24238 25720 32272 10826 1178 28275 32010 29454 20458 9377 255 20377 20125 38385 11408 5064 6353 24472 27609 297 35145 16410 7777 19842 4750 30770 7463 35418 35271 9842 25540 26239 21659 37481 32399 13446 28105 12156 9701 5746 12890 10016 17412 14334 33253 5068 8723 17846 25229 11223 12383 11626 29565 36605 29092 22733 3300 886 14461 24691 32400 27597 16247 32702 22855 12114 9189 11089 7036 21669 38137 26080 22654 8976 6837 19176 28106 11739 1453 13499 29688 29957 3231 32180 26279 30792 3041 29066 36461 6950 28484 24840 18788 1335 5769 23828 24875 4673 17320 16075 762 28219 33746 17039 23109 1854 5312 12691 12318 22763 29903 7877 19776 19654 23156 6279 37715 28733 32086 26679 11517 18476 17434 13306 4593 24085 4403 3159 21243 18945 24411 34155 26218 7692 35059 7245 37402 12168 16497
10742 2203 35201 18589 24569 13307 14182 140 36438 2777 13586 13852 7196 34864 10514 29437 10012 17673 2894 32317 18579 21921 26537 14949 7548 7074 32838 12227 9833 33975 6336 8610 27284 14685 19942 1827 21036 33519 39554 8338 15661 16279 20836 22891 9811 25950 26940 26544 29507 20890 8103 26399 5743 34495 2641 15492 39209 39445 8278 10007 23323 8374 1699 29712 26471 19181 10984 10336 17307 9703 36597 17615 29207 5946 18869 34556 8963 858 38260 5403 30256 5772 38312 16631 872 23429 35581 7246 33312 20589 29829 35948 14272 19692 32330 17965 3249 25843 35887 39300 321 18162 21672 33243 7744 9291 2029 37012 38881 30574 11563 32124 9881 13693 18937 9506 6942 21883 29196 7125 34587 12966 37845 29129 35841 36138 16788 17899 33855 24894 5142 8926 1197 2535 39513 15748 16178 31621 24901 2746 7223 5853 5588 30879 32047 7504 17967 1482 31084 26686 32301 4234 16903 11086 19924 25760 12551 28268 12324 7610 3507 11475 24865 36612 37645 39101 22831 23953 37708 30697 36310 21944 31984 37912 7519 18449 23067 4038 6489 34197 1613 9294 4665 16318 38088 17683 4150 905 5439 24020 23568 9580 24168 38927 9656 3127 20111 39935 11171 39215
37994 9748 30985 1888 32221 5293 8117 7806 4244 30884 2587 25629 33601 19460 10987 13151 7210 4344 7890 16166 30797 26028 10930 33099 1450 33425 8787 11370 16345 38365 39594 35274 7403 38956 19080 21847 29614 10635 23857 31953 10197 27710 27429 6233 563 30897 17212 31209 3292 3842 21564 14646 24496 7172 18848 4708 6607 18786 2567 17625 2053 5047 2152 5883 5418 12094 33297 19955 16660 11232 18571 36939 27303 6902 18758 21833 37217 37074 18063 14440 2930 19857 274 2459 29154 16457 10141 38313 575 5718 6443 2575 33224 4452 2440 12177 36197 1325 25011 8837 31578 9942 7488 15072 9147 7400 10009 27072 296 39137 13859 3110 36986 27634 33583 30008 16908 34925 9640 28940 7763 26664 12283 24054 38347 12474 16700 39014 34615 3954 35409 1324 52 5103 25088 32669 6962 5210 30193 5981 12136 190 37084 32444 17339 2342 27659 4348 11697 34775 34428 2828 22708 21925 25961 7645 37369 1772 2490 20459 16691 18721 23690 7920 8270 2515 32125 29222 6174 35830 31229 31865 6378 35081 13717 1948 15138 17068 18615 11204 2113 35957 24041 5526 19352 16685 27874 28379 22172 2874 26730 24206 23004 1857 33474 38286 20521 9001 3907 11293
33244 3934 14350 16449 24514 26707 15223 8203 15440 26040 9172 28194 5725 16711 14276 39856 853 37274 19706 18903 16547 2458 23738 18294 37879 30865 5369 30654 20249 7817 35304 17367 31656 19852 19892 4857 7683 17732 18025 9032 8353 24027 21352 9084 35062 34112 1059 35800 968 10412 2972 31151 30455 22190 9935 18299 37601 35153 27767 15961 10989 25504 798 31577 21918 1958 10368 38324 20083 16812 4051 34340 28225 2765 37804 14789 36776 31033 29202 20932 39979 34855 23964 9076 27727 18297 17194 27278 16019 15362 18796 25053 35053 35500 20804 907 14361 32587 930 19030 10997 3014 22348 22717 397 36038 38297 7634 14451 2949 22122 7564 8938 38584 18310 39065 2753 30228 8801 11766 14247 1362 39540 19263 3514 33720 21887 11004 10814 35180 3167 13453 23477 1126 26711 15963 4325 29857 35792 6591 21702 30399 22084 30931 14094 8421 20251 14396 13370 29566 3564 19265 1795 24594 30115 17750 27004 23959 19561 24197 19483 35531 39313 4775 713 24447 13473 2424 24338 13113 7573 31542 33518 20136 26469 11523 34725 35466 17144 10465 7265 11350 25933 19273 25541 23957 27554 7864 29598 26461 13207 21747 25224 37336 948 39336 34162 4572 35107 2944
19413 16730 5602 8987 17927 27586 17497 16048 28021 20419 6802 31738 33279 12091 24555 9258 33194 10885 23415 3793 22239 33165 24086 483 22166 37970 13653 14131 29792 3660 30996 7459 16755 34800 8640 10397 8005 1259 9413 12776 20025 9979 33250 18932 18576 11668 22199 24390 17736 22198 7388 18565 38833 13805 4949 31693 35169 6112 33036 8015 11979 17076 13537 27920 21104 32564 6821 33710 19686 38730 25186 23674 14249 19143 15258 27643 19199 14009 21373 30100 33974 17376 31066 16945 16596 15375 5422 27902 8184 9055 15240 9329 23493 22363 18873 4907 7931 12616 7587 23558 32843 18215 38007 1582 2252 36549 12484 5891 340 20391 31655 640 25081 23003 12941 38920 21583 16599 9122 7279 19072 10604 27604 32833 17288 36592 39378 39802 38656 9958 24630 29268 36981 36382 34793 8323 21359 32885 8805 32831 33105 34745 22392 3767 3490 16867 35566 27903 31159 38203 10974 35352 387 21428 12049 11299 26807 17960 31599 28552 1028 7128 6605 36689 31930 25237 35845 24607 33130 15144 541 7098 18972 30124 13564 38660 17574 14365 6001 7731 12696 32707 2529 3717 9752 7394 24039 16094 34225 23626 28836 33752 30056 2090 30832 34552 18533 28261 11428 27339
3754 21727 17022 21136 11677 2736 38482 26303 6963 30759 37864 30362 14854 22657 10519 13625 21733 16929 17752 21281 9518 4817 20753 22106 32713 18938 17596 35680 26287 22027 9043 39688 11435 24166 33547 28865 37974 11564 38145 33514 19957 3980 30117 7118 5878 18458 34232 3468 16939 7440 15155 35273 1952 1331 30518 38527 13052 37155 28741 19089 2180 11638 15735 33336 23646 4906 20785 600 1004 32099 9502 7011 24369 21940 19344 1947 23501 7081 23252 6416 15230 26416 19711 240 27484 37185 2904 29195 24342 20319 36288 2731 25096 34192 11827 3884 15599 7377 21852 23016 34547 27233 30018 2780 4074 5710 6767 22927 14156 2564 24702 14802 13046 5740 198 4574 25054 36627 13821 29299 3516 31341 39729 29894 13002 32676 4490 7032 19835 29539 28151 2502 24842 11764 2259 18934 17421 1754 11880 13535 4567 5497 32654 23020 32049 37273 30732 6469 5650 29044 34588 29676 21062 28833 16994 39417 21345 10253 19668 975 7636 17409 22074 33874 35306 3421 26387 18578 35614 36076 37451 25206 35484 10695 9415 24550 20485 3405 30941 19155 35861 178 33824 10601 26692 26773 5723 37928 18103 23296 3427 6177 6228 35553 7193 6567 6456 18436 23898 38122
23906 25888 32901 20052 8901 3827 14139 28619 19650 5978 2163 5934 5288 15952 17152 7444 21711 11448 30430 36032 15728 1416 1141 38250 22969 20575 23046 39376 14598 12601 1867 8631 27702 26561 3714 6785 160 15016 13810 8752 3559 33706 30970 10528 13838 1220 14714 17317 13493 21645 10172 36730 8689 35691 23487 17676 611 6542 15832 39978 24912 39819 752 28946 23543 10929 18610 38388 16008 30262 37014 18389 34362 182 37714 31035 24287 17866 2030 26828 32069 24836 2548 11703 31503 5431 20557 37439 38105 15046 14107 13903 27651 23987 39355 39704 34542 27541 14109 9497 35163 23071 2230 19258 19394 24988 1898 16782 8021 25624 21325 25245 32643 26196 1614 1375 39030 5635 34041 25317 8633 25456 18908 19740 8325 4092 1454 19478 37861 9141 29212 33740 50 7946 15660 21066 23274 3616 5585 22658 11126 28774 29259 30958 27471 13276 39844 37318 23124 10394 4487 3610 7077 33957 4797 21433 16480 7678 33032 13479 14111 26589 13716 22164 36034 20107 29419 14941 7941 27312 27856 10904 36415 5892 32123 36579 1837 828 15381 24789 10065 38480 24676 28794 2350 32322 36708 37180 27132 5201 10784 981 25450 37166 12222 6944 36617 23927 21573 19407
31049 14393 15742 1143 2401 28715 14651 16548 36956 80 30540 25192 1313 36724 3791 19595 736 14211 18122 5928 3410 3869 37311 18223 5150 10608 23600 23617 12040 38921 128 24247 20092 36749 38322 5467 10396 1123 9621 32054 4229 33362 36871 21187 3540 14609 19213 12937 34895 27794 36232 38171 26646 18984 29483 4139 25817 1811 30871 14472 23088 19536 38890 6115 26033 1011 6342 37566 30984 6779 9755 37747 21288 20850 19697 2913 16935 31304 8127 16153 6644 30230 4232 26364 17231 9931 16727 3434 5847 33094 10659 34395 32840 34392 38685 5931 2695 34165 26781 13323 20230 29504 7413 786 25687 13291 2797 4564 39786 6645 31431 35196 12221 22385 2417 27613 5198 30466 10464 21866 28863 28664 10154 13594 31835 13082 1391 15252 4017 29904 4165 2804 14482 24459 34327 27684 36723 20510 20985 27015 2402 16661 30826 39872 29858 34776 11318 35331 12167 15830 33393 1586 22979 13210 18484 18846 21959 11594 36852 39135 21734 16130 8774 20737 5352 32473 34730 31723 20014 39643 8422 17530 35349 7752 19512 16709 11776 33579 39061 30040 15088 12097 2788 7843 9841 32475 7211 35734 16041 10362 5693 32222 1905 5778 32142 15013 3002 438 1074 2983
18597 14759 28971 4456 4988 34175 17060 6105 27998 1659 30904 16152 37706 24080 6523 30726 16278 23735 36955 28355 12083 35008 22566 9008 25905 32728 9384 24826 11341 17040 23522 6748 13539 25640 15073 1976 22668 34021 2963 2906 5842 5136 7247 36429 16833 12549 30757 15457 29580 34383 26881 33682 11038 37313 21173 38901 27212 37700 29793 26681 14037 7701 38559 34101 16902 12196 23703 25547 30709 1762 26053 14095 20860 31250 33928 407 35608 31267 8154 29367 5637 2205 11197 34909 37620 16362 37283 17291 29663 36691 28669 23201 2805 37561 38454 16561 29225 24225 1829 17496 3868 8267 37795 7034 9726 5274 25669 37134 25060 2048 12916 22021 26878 29617 18242 36248 31620 10508 20293 10030 37375 11777 10173 14510 14720 6434 26373 29543 22499 29441 12000 21160 20042 37069 23255 2089 8683 25334 3358 31812 243 39412 27415 15851 16044 25890 36925 4302 9579 12357 7990 14619 20725 18262 1700 28858 5494 24904 24929 30367 14580 11198 35974 30794 37494 35781 31093 16201 11373 4590 27818 21552 16418 18149 7949 20739 12594 25909 39365 19615 10082 32591 21799 19578 22851 30992 27553 16520 455 32211 11421 20803 18417 11608 16872 18520 24191 39184 7483 22836
25249 4491 33162 5648 15668 26388 32864 26073 23925 7832 35836 1342 16657 19688 3242 31915 7632 27398 33136 38319 20953 18035 29708 7499 35506 16995 31337 27267 12024 34321 25443 8153 12055 38080 33962 11726 6247 19526 295 6405 37062 3087 39174 13645 36067 28674 24421 20108 37680 18300 31359 8448 33349 18741 25783 15156 10584 15658 33743 4356 12736 35013 17206 7252 1972 37591 20767 37176 33320 29998 30072 38781 27876 27638 13786 29548 5814 31540 21740 18229 35899 962 141 36557 35724 32805 6249 2598 35187 34426 15176 28812 24286 38809 32253 4111 1722 15510 709 456 34254 3331 32595 38731 19455 19169 27723 4498 6667 6209 23449 20006 12174 10469 16810 26217 26783 15652 38551 17356 38189 34239 12488 14831 33792 20577 16834 23237 20821 18493 27842 27018 31911 33747 27336 21566 24844 37329 26486 9274 8703 18028 11584 9257 29004 7865 12974 13545 28255 15765 5239 27864 19661 12656 27983 3536 33527 21040 38253 4938 7523 27994 13027 14234 20934 8596 16458 29956 1322 11923 8488 16219 10597 4591 18867 23579 23731 29797 18216 11423 4525 16530 284 10567 24927 19823 23532 27687 5149 13855 34361 13053 16624 6583 15452 39223 11170 16060 10067 30672
23452 29982 24443 15565 6122 9437 7555 16643 39420 29808 9611 25457 18994 21683 34160 18326 32578 16157 38699 37643 28074 29426 1591 22901 8434 39411 12057 22081 12896 33827 5478 6670 30374 9160 7194 36696 14708 17838 37357 4455 31680 37343 6180 22519 6493 3477 11096 4465 16698 36656 617 18102 17084 13861 2488 12957 30422 11730 38963 36767 23398 29021 3855 22154 26636 22017 9930 37085 28755 39108 20122 21089 4776 8043 18613 531 10805 22983 32438 12368 22645 17465 20402 14865 39079 22233 23563 28944 497 17602 28910 15710 29348 34410 1310 32547 13344 20131 11818 24586 23147 37196 24750 19093 32632 10360 35238 33346 16364 25479 32627 815 21105 5067 37232 35875 26932 25043 17180 23923 8885 3807 25698 19337 8099 28600 30836 18560 33984 17988 33124 23975 12224 15949 20129 17156 39749 29324 37267 30390 9724 18736 3009 2149 39072 32574 39295 9616 30765 16896 29804 37585 28929 30729 13034 25063 39296 24638 22366 19035 1265 39077 20201 32096 14555 35827 6288 4218 31580 34476 14256 7526 38640 39700 2275 26863 3772 18783 11549 10344 35922 35953 15976 34498 18856 12252 9562 19593 19237 3694 33 25715 26621 34242 26578 4902 12272 12742 6556 38317
19385 16039 15867 6706 14862 27073 34405 23562 294 14676 6270 31497 33960 32921 15377 23240 23629 37034 29009 35092 16554 34068 20315 20318 38590 31899 27181 31783 16068 21360 29898 14048 1758 36282 15484 3017 8975 9897 33332 37450 18218 31285 15876 39281 87 13362 22635 3420 22304 12541 11139 3435 6511 36212 12403 28011 1263 11855 36141 22494 11954 39266 35215 24557 21790 19983 37834 5652 19348 570 32379 13522 35544 3276 20751 13187 898 33782 38678 5001 17908 23974 28124 29593 5453 36010 8746 17633 74 18140 27364 16977 20912 29011 5898 28716 22428 29782 39766 25455 2787 33516 12560 38411 13891 37935 39864 1402 4138 10203 1236 2634 137 24920 20215 12951 10309 27530 13202 16785 35514 39165 26234 12092 27331 18979 12157 38466 11007 6385 13959 34503 20328 12534 15264 8291 26241 20179 26851 6625 34958 7325 27717 4716 39369 18312 7579 24398 33031 10873 5115 18585 861 1918 39543 2861 4470 10593 18105 31050 26717 5539 26938 5163 17511 1024 8242 10072 38029 16509 26712 21605 38637 12322 5929 23483 30890 25910 17670 39790 18442 8342 13505 14462 29916 10579 32276 1349 2581 15124 27990 11247 7478 38756 23076 20796 32085 7241 1289 28573
7402 33459 26278 16349 2698 16096 27198 6263 14004 21450 32364 32812 8740 39898 27432 5316 29371 12457 31204 22327 23519 10453 24692 39220 22830 32071 12926 33699 23616 39352 7805 4163 31612 9052 11720 28932 13748 26917 32625 12099 7742 534 23641 26296 9447 6558 8932 20823 1962 36608 16831 2468 4847 18713 11931 3786 27346 20905 17355 16829 10839 19043 21060 15889 19880 36826 16549 4063 23456 7887 17302 7975 18730 37405 21087 32299 7622 2427 2498 25923 256 4783 35593 589 23294 31362 7072 37855 2465 31977 22973 22276 26481 34245 14798 6382 37825 6721 15559 862 6915 23529 39767 620 9389 37709 29968 15154 30130 35150 37995 34712 28956 16196 19231 10738 37525 33524 10114 9905 21515 4628 31350 171 35843 17727 196 23952 36114 3151 32257 2683 35438 3734 13835 16669 39022 7540 7435 9392 33980 1424 8992 30515 38155 38552 38531 19418 15749 27163 704 21022 15469 9097 21528 3887 14576 38055 15738 23228 33721 22378 4671 13200 15837 12863 32058 38011 28527 22469 30092 4999 16208 12117 38291 31107 7686 16850 716 13974 8696 13039 14329 38450 24057 3520 35558 30077 7040 32980 1442 9262 11254 26072 29209 23593 31429 36253 23495 21894
12281 15999 5014 30073 26386 6634 12109 29783 5862 785 15822 14197 25993 11133 3766 29867 1847 5941 9327 8406 2905 4336 4784 18953 5423 38241 32551 35279 27849 6945 16681 19006 26057 262 31931 33222 33628 27539 4259 23883 24109 23271 10056 19909 39230 5792 25529 26436 39772 33836 36705 39224 39701 14896 11783 28400 8238 13350 36071 29298 10706 25227 21737 36690 23510 13130 16120 38883 38907 28887 27254 11926 18572 37429 10859 31025 19952 10121 31654 7055 16437 22044 11445 36853 23282 20053 826 39055 33585 4174 33052 17418 20381 3129 19250 6857 23204 28342 27907 2859 15827 11510 37133 10169 31279 12147 10311 14190 1003 18809 22638 1299 24888 22568 5074 10587 23740 16069 6737 27385 4596 28505 16969 25691 30050 13515 6426 1755 26688 26349 16154 33940 12348 18288 29237 32481 9945 3373 27791 36414 2257 38504 20663 4530 39415 27859 14260 14704 28153 12597 27210 20896 23508 1894 15583 8233 16031 22971 9408 38204 18342 22500 6285 33497 29623 12689 38966 5957 2511 21376 33098 26368 19108 38509 20808 39116 14456 15471 6203 11636 27822 35143 14586 10146 36234 26367 35037 32993 7182 3530 9363 36122 28006 3388 9746 6191 4143 23643 1934 4831
18409 5655 36510 17905 33234 12398 17072 4922 14748 24087 33643 30739 5271 9770 9036 3608 11596 38795 32757 22715 4699 11083 15496 7713 8854 4364 22919 27362 15641 26212 32554 21520 22275 20828 11319 4704 31305 20922 9911 37253 32725 1063 26694 24606 25723 30968 5152 10156 581 1945 33510 31847 26332 36603 2654 3701 21118 23876 37398 1103 24755 1398 27918 19605 24134 8520 2467 10342 3936 21572 25434 32412 14299 12228 28765 20205 8858 20848 37259 21107 30281 39314 23926 7286 17814 35857 9296 8204 35140 12827 14391 28879 6805 23113 8613 39825 2925 36281 35923 15316 9551 18395 34717 34977 27320 39091 38064 33738 18546 21 28639 16682 8499 27878 3213 4499 30641 7456 19505 4553 9563 35556 27658 7998 22619 15210 8157 26345 4732 39608 18167 31389 19921 38931 21286 37048 31283 2426 34511 19355 15600 3748 27044 28071 33015 26879 21356 20642 22367 25779 6038 33878 39243 28312 11892 2536 15672 12885 27519 983 228 5311 10217 28964 6097 3683 8954 11208 32101 35864 29549 37346 20610 11595 28442 38019 24654 29158 36824 1889 35023 30630 2215 11465 28422 26479 11264 20421 4155 19125 9764 18686 33588 32928 28709 37647 8914 39073 28613 14348
35758 38332 16918 25418 6183 30389 20887 22659 17413 37542 13531 26769 30358 16773 38933 18316 7152 908 27779 12362 16958 4551 38539 13699 31332 26494 1033 11410 4579 6130 38294 25098 38416 39045 7819 4850 35489 24380 36697 3429 35760 4383 3359 37046 22865 19914 18332 39233 14514 26065 35249 22030 21952 11017 32849 8419 24178 10158 34250 28808 2056 12276 13726 20716 29911 22766 7525 1360 536 24407 13319 21822 20117 20060 39532 15671 11830 37820 12739 39702 14208 36384 20078 30045 2902 21224 28155 29292 37626 16451 5132 2617 14806 16089 31491 13112 13773 20839 10717 16746 15604 25210 36447 33019 5995 25496 35915 39467 33274 13087 32621 23362 17931 20540 11277 39252 26993 12677 21316 39213 8536 1660 38554 5960 30493 23583 14639 1877 3425 11960 15041 23032 38248 38315 31752 21150 36466 38934 36095 9691 2712 3062 5564 2371 29601 15948 26831 35261 12235 6423 22723 12649 30971 3354 30497 23087 11295 25575 17181 28024 1627 21310 28228 742 27007 4193 15195 5608 38023 31511 33158 21509 33673 39377 33378 9950 21499 25365 7263 2026 36884 26304 39057 31169 28354 17166 19889 7225 7828 30026 10663 30076 29582 30870 14193 2650 32021 13626 22810 26669
31243 10949 31582 3423 37765 15304 22312 16382 37189 30246 34742 34595 31940 21021 596 1858 11865 37977 6833 12858 32755 7977 24924 10905 5111 18970 24533 6784 16266 22918 26818 29689 7297 20690 15951 19908 405 13601 29145 20255 24124 7238 34228 11481 14003 22558 30995 10967 34705 7787 20340 8844 31088 21581 21049 5764 24568 21437 10810 73 8869 19200 3137 19183 21748 6533 13609 26849 23210 29650 22823 9114 28960 18098 15697 36560 36187 18663 9578 12268 3874 11786 15689 35619 20245 16445 30327 18738 16771 6470 15873 35020 6550 14104 34630 34310 4295 16974 552 5241 25032 13503 9644 31804 11556 27483 24043 35835 2824 19656 3082 17939 7876 28707 21780 27502 36403 34983 6508 20213 26697 324 791 38209 4084 13149 27899 12128 26194 19359 19289 4225 19813 15102 23250 19567 1372 14972 30693 21892 33431 38734 25350 8282 35717 4712 18276 33636 4177 13283 15422 10730 5101 38238 20863 34544 23914 9503 17810 31645 13761 7654 29934 9264 32279 10195 19515 6478 33776 28615 12306 32189 24578 4100 10793 8420 272 15023 31320 30940 27272 7850 26409 28800 22837 17710 37104 37875 18421 30712 21642 31342 5854 4213 15939 35429 24426 28570 12445 29304
15196 11806 8588 17746 3740 37221 5990 29113 33443 25172 12472 38877 5348 28542 23464 17962 24048 1032 36914 9849 12667 2187 10609 3998 7468 6295 9214 30486 21654 30519 31579 36033 32455 3084 10808 14657 25342 24731 8593 15284 8776 10320 20368 8626 4412 29696 30116 5171 39718 39368 7953 23909 35921 24023 27299 24367 5343 2310 31713 30972 33208 39727 29675 35286 14904 20449 11684 32787 16990 36677 38845 7184 7604 39211 15475 37806 1387 11182 28170 10689 1039 1787 3860 2270 31787 31056 11461 9473 13312 10087 10799 24713 12314 9323 8639 31203 29669 1589 25025 12933 2399 1672 33093 5008 31398 30011 18673 29234 17295 8417 11861 263 11750 33473 27182 36643 36831 3198 37467 27782 37968 7945 35113 3556 26093 30575 6818 8571 23368 29817 6852 10403 19206 22440 25837 4254 24919 28177 3069 18049 24095 26510 29159 31047 13139 35109 34569 33100 19904 28918 6599 39188 28206 23490 12720 37099 35110 11654 18398 32899 24009 25651 18614 23615 9311 6801 30727 38533 8289 32255 208 28752 30240 5395 19017 32923 35136 28740 18478 28588 39202 14191 21383 30014 26082 34963 1498 17175 11609 4756 13423 18936 5685 14932 21511 34463 13641 12599 29807 37816
8864 3351 19677 9000 38588 23566 14517 28614 5870 4040 2165 2675 3909 2595 26918 615 27605 9283 23332 14067 34521 33478 29866 17258 38638 26513 4640 3625 24313 4545 9074 26164 22316 10672 32184 3503 27617 38784 26401 29260 18125 20747 24640 11307 28967 32913 39558 23283 13182 17924 31826 30601 1345 9592 6328 18217 25222 5400 547 3088 6594 30288 11206 21850 31938 2516 26915 38426 20719 14044 20480 21152 15930 15551 12895 32187 36893 19628 31601 6126 25661 726 6803 33387 12029 34666 28234 8675 6966 9760 10388 21716 32006 28692 28684 7617 17826 18106 8334 18518 23851 18147 21222 15887 14885 15926 29640 20110 2935 4090 35497 1605 13913 32465 29034 8276 35639 24879 5138 28623 18456 10526 8599 4288 16081 2611 2297 13415 5846 15844 36333 29231 24647 1565 27751 27820 16352 24241 22910 14347 24123 29860 38773 21640 14165 39779 8697 29481 20429 6610 29914 25385 3132 6169 10975 39366 20748 20844 34257 26672 20157 34095 3136 31742 5454 29492 8953 32673 7217 18468 28667 15518 21755 18183 253 29805 18584 29833 25628 25095 28543 25804 23330 2811 39518 30219 29541 37009 23774 6116 5464 20074 13845 33979 34893 3534 29342 37252 27031 12279
27228 9597 15766 15509 33306 10459 19803 32382 35931 34057 20114 22043 23337 21432 38119 13985 24404 3982 16701 27474 32244 2042 39712 6417 8755 12876 20578 9821 6326 21418 28754 21751 5277 1529 18471 32287 37258 28697 5186 6736 37400 32424 23911 14186 15909 1112 35076 6140 27783 20294 30070 36238 29512 16736 30969 28163 16692 20366 26233 34303 22369 20657 26013 4408 17361 28472 5741 36908 26280 1736 32655 5455 26682 4518 33526 8330 13356 22269 8073 29661 23275 16886 37059 16038 1022 5061 36174 28481 24804 32307 4052 7554 21741 27036 35774 11702 2272 11724 846 7834 8245 2532 13681 21337 26901 8012 21588 20568 1717 22985 30317 15687 35888 32735 32173 26167 30134 32483 19948 30961 38838 31156 29679 6056 35649 37042 35104 29283 5823 28296 23119 10462 10117 39092 36496 9132 38729 34166 22452 10057 30592 34620 13908 14274 4968 7016 26079 9637 39042 4540 29993 11438 23260 9301 19630 8672 26699 38151 13162 25645 24648 38086 27281 37277 38860 37932 37385 6820 28535 30818 6310 23233 24652 1610 7214 24356 16838 27105 20470 17943 2368 26794 12160 28056 32324 9802 10371 30800 22674 5935 28185 26556 18030 11618 33511 31657 27970 27121 35890 20357
1577 1769 28283 5897 5955 27914 1689 1150 32243 39838 5085 18611 18255 24574 33071 1715 21059 20431 36250 34723 11850 30480 13977 37559 1745 22197 27866 10468 16597 14877 33821 20312 10364 29672 34468 21112 16315 19506 38712 24580 27480 44 7717 6883 8129 38744 31659 28284 10861 8691 1469 940 8682 5231 13899 14498 3928 17772 6254 6993 27704 3996 2881 28181 27500 19997 26432 25152 28987 28788 13253 11800 17374 18379 11217 25614 6239 39559 36387 16869 21742 21810 27900 25297 13916 29440 17968 35573 16064 22532 30528 20742 22380 39837 30179 28423 2836 18638 7449 38604 19128 270 12407 3542 39725 1690 2110 35144 2202 22684 30925 27919 17314 8380 31736 10509 16973 20335 38034 24170 23434 3130 27890 20010 13860 31109 5089 27378 5711 23454 11128 25429 26267 32029 4833 17146 5974 38798 505 27607 2513 19457 11084 6987 32623 11163 27700 1730 33616 5590 39500 30872 28806 36630 21148 23871 38754 4886 9325 11237 36547 17697 15993 35414 38449 10648 35652 10682 30364 28899 30211 11932 3216 16016 2941 9685 23880 13998 29403 35882 15109 26865 22292 39498 31561 21077 28882 4514 889 22341 34206 24153 14531 20795 4441 37037 1696 2435 17341 9527
22298 13980 8559 14284 14782 35729 36503 29506 25252 31952 4974 21168 26320 26281 19291 19826 33714 28975 35095 7041 3974 33178 1251 36572 14600 679 2998 6557 16667 4543 34238 12459 18110 13471 7490 15393 6503 7289 25263 11294 23445 4479 32457 13241 6138 15051 13365 27270 24293 23462 2336 28949 35441 29569 20047 1810 12604 36571 5187 11241 32285 31800 28713 28847 18784 27406 34494 22817 38977 26837 29048 2431 9509 29358 8213 30485 971 2381 26440 21928 3457 23324 16610 6193 37351 3837 772 39695 9745 28137 3256 17225 28566 5405 35208 37390 35370 29413 13944 38597 2248 32772 38615 22802 8449 32771 2871 24536 37815 4015 22509 24061 31378 37682 10816 37025 3143 36686 7199 16897 23005 11958 23954 34694 33708 34687 8972 12629 35523 20358 9433 38207 8398 13245 29881 34623 8026 33352 28972 11502 21046 12316 31363 27688 34153 20001 23353 18998 10445 15343 19320 32104 24935 5354 879 20317 14115 21296 23571 973 30615 11360 21395 14222 4672 34867 24280 15700 12832 33339 36584 32548 4429 18537 10286 38000 18926 17627 10599 6194 28508 8632 22853 26824 7551 17190 33618 32984 9402 25006 86 25195 4474 4734 29310 459 28872 27379 15617 27677
740 30573 8384 2703 23028 7972 21791 11365 4803 24538 3374 32056 17245 38304 19037 20867 22811 27391 27810 33625 19339 23475 2588 38410 39523 14732 38981 12309 7994 15053 18127 4016 27580 21270 19493 15215 31037 27567 29945 812 31222 2853 39491 30093 39157 6656 4250 20046 28120 11173 10357 7880 17503 33684 25695 18461 12979 23991 25377 24074 2137 26205 22596 25242 6539 39222 26424 12976 17233 25794 37224 11326 25747 23867 12673 5278 14332 1129 17058 36769 20695 27817 36161 28948 2421 39992 17419 6195 10427 30029 5153 5926 35648 2642 16584 10931 35122 3054 33496 10160 35380 15198 13433 1753 18879 13153 17885 18349 28226 16438 2284 27639 38885 36321 34346 9658 9199 10832 26060 1297 13428 30490 1526 11209 30835 9310 31592 1856 13873 2211 30340 4135 28309 15886 8470 36184 39514 37112 38647 19750 11213 17950 28681 31586 24950 7432 29534 33570 24585 22343 5485 2120 38766 15900 19769 10559 33784 33760 26848 35528 35997 29840 32785 31886 7171 991 11212 341 21618 33033 36178 18719 34947 6468 35014 8998 34289 10615 32072 10140 39051 19607 20189 34774 6864 28381 34653 25260 34446 27971 6007 10422 35757 9664 25755 22142 19354 15291 28599 11178
105 8205 17653 37065 38689 11440 16022 5641 227 26408 12064 39552 29550 21701 34980 5595 13010 36264 13212 11951 38107 6010 9860 5904 16962 4920 20138 36979 135 21177 18247 33448 22649 3550 26536 24100 19988 22186 7487 34070 18790 3211 29697 24669 14016 4981 15301 32613 23340 28323 3898 3055 12142 9366 12690 26634 37457 35747 2027 6640 26343 7907 1776 28144 13579 10495 19299 38302 2919 14743 15702 21508 16040 3051 13771 7574 33139 16731 1294 16556 18503 26586 9907 2291 8455 10324 146 12659 35672 33912 8086 435 818 37100 33493 28123 30899 18199 6317 12861 11391 27173 22876 23315 25283 11598 34840 22352 15486 26583 7559 39686 7099 28307 16608 14497 28335 25860 39152 20835 11114 24010 22557 31937 18563 2863 8506 6798 17543 11098 1184 22986 23350 9170 6744 35631 6939 27915 13383 6848 22772 12972 9027 4327 4911 4354 8931 21364 38056 10166 20948 11242 34196 17262 15098 12834 7867 3588 16668 21559 27193 23574 38526 4339 6155 8193 22031 35719 38284 32116 27078 18341 22047 23728 25131 26710 6606 131 30069 2118 34305 21609 31833 5888 34758 5451 5879 38132 11756 12248 35206 26820 35540 10235 9786 39121 7699 27306 23132 35817
25019 29277 37395 20639 26041 16907 25369 18870 18097 957 7342 37031 24120 1675 10813 2806 5052 10890 31128 1897 6521 31191 19670 24561 23826 21985 13634 2966 33973 26907 7185 32474 32690 20530 24008 29571 33022 28102 18827 21796 15566 19613 2673 30783 8872 30469 13076 23540 18703 915 3581 37937 28645 33631 3200 34728 2077 14405 8288 16339 18364 27130 9605 30751 14794 14959 36586 24637 34795 4670 3926 24897 537 33134 11333 16842 20583 8513 20559 21110 22564 8002 14827 25514 9313 2900 15135 381 39981 8327 32927 17043 39483 28300 8098 16521 14945 27494 24422 25934 7213 4566 13534 22540 34804 1489 242 28815 11275 32911 5987 28117 8132 21484 15336 31397 23958 29317 19085 11020 15504 36807 4453 5256 36863 26508 4014 9740 8911 19696 1528 19378 12300 27460 28187 25399 799 5058 8707 38099 18226 1734 28440 355 33925 35769 32108 11470 16590 20050 1510 10308 15010 7962 13868 13582 17393 33767 28644 20762 29756 30176 8397 7489 37330 35563 13970 2879 22124 18780 8445 20314 25481 32560 38903 32507 33453 7846 29579 33396 19626 8135 7569 23388 17143 17375 5344 13018 37454 29859 29727 1008 37113 35355 5906 8958 30749 23730 20659 19060
36673 1870 17958 25346 14543 5714 32753 38591 7532 15047 32594 21304 19150 31553 31440 30075 28650 10841 22907 21191 20142 14723 12085 25257 38392 14155 16268 5386 24958 39793 22253 12396 19699 31724 19127 12155 4599 20436 34416 9133 39933 20398 20093 22601 17778 14357 18441 39433 9247 28173 32114 37988 6025 8997 3328 16063 23346 18319 9555 26842 11187 22801 18280 33382 2592 38545 19131 218 22683 23403 12225 11840 36899 2744 19019 37095 4997 37289 18 24156 13450 34338 28429 23966 5229 2271 9217 29040 9925 18440 28052 19232 21353 31226 126 15383 2576 29954 31512 35039 39140 23778 307 38065 20728 36736 32538 26190 39118 7762 36330 756 14205 37659 16412 4021 29977 20526 29888 21893 32825 1600 7237 20160 37229 30633 30442 38528 7721 23917 37158 38287 30122 38902 15932 13236 22308 6501 36359 14082 10818 39665 23009 30910 6854 2106 36802 24306 4188 38816 5552 17869 9042 15545 33212 22688 1920 21946 26665 9990 5215 4603 2104 27311 3046 1771 12451 17141 526 37612 38215 17124 25170 21338 13265 1179 21327 32622 4616 12461 7461 21680 21143 20652 2647 5954 25892 20144 14075 8409 33023 31828 32608 22906 19639 34373 21225 39493 36675 21489
27482 4654 34866 16058 38190 12660 29514 6445 26323 12413 35001 31890 32768 34813 2360 32213 16531 18373 11939 23900 21056 30646 27110 36436 28338 793 10266 21902 235 2477 19732 39319 4093 37615 20367 34136 32294 39341 6823 11585 15791 16241 35182 36822 21159 8147 16778 30386 18380 36062 35693 28186 33582 32770 12244 31559 20497 2760 32817 32500 29905 2615 14918 24808 2170 1054 28555 3214 29030 6573 2119 19602 18270 1448 16536 21815 731 12540 38448 17859 1965 35587 23530 3353 31672 1556 20660 5672 34024 1780 14177 11942 8892 29694 29921 18250 17540 16927 5971 2154 38659 21504 31605 20720 18082 15712 8922 3642 24576 7154 25982 11058 16018 35029 16121 15262 7861 27421 32397 24440 29818 725 5799 29050 31947 39322 29899 21667 12054 39000 7356 31610 38397 20871 24966 30614 31773 4066 1046 26667 34157 18940 27996 8059 6678 10924 22771 39539 28049 7056 19308 35598 34076 7132 22883 35824 30427 27388 32004 24891 20696 6858 37511 27681 35219 545 39967 33943 7470 30245 37295 38818 7926 35159 31927 3655 17178 20975 6961 16494 20714 8457 3472 30788 22171 6565 4128 4536 26396 37444 4037 7216 18006 23224 5093 35344 3788 32897 5098 3990
29374 30964 34358 25454 21038 25714 30109 2101 20499 38601 30973 19617 21983 12151 19162 11323 2996 6404 15117 39002 17986 24567 2446 4522 16078 12019 39520 7083 8845 13040 7236 20258 25046 9441 20666 36932 15684 8905 13272 10307 1234 25067 31053 27692 15083 14707 20422 17192 18039 16046 32223 38821 23916 24172 3742 16988 7332 34589 14989 12414 38695 25572 30514 27383 20068 11688 21567 29552 28417 3338 37227 25424 9677 15554 3498 7295 6920 17154 7575 36383 32527 24543 16568 6922 4237 6526 11211 2696 35114 7611 22168 24374 11079 14207 6912 38905 35044 24194 15883 28165 31407 17211 15746 34452 26627 38232 29318 19301 10107 22651 35822 17183 10865 37959 22860 39839 2847 36892 29912 20473 30046 26182 34235 5944 5733 17850 9864 8654 18960 11308 5543 16589 28979 30293 29577 29134 28826 30607 12214 3306 12682 36172 14833 30333 29163 5230 33506 12936 38523 36778 8155 36444 19620 3035 33081 15442 27719 35148 26744 5808 10078 27774 38169 12709 33619 5676 7049 6514 1314 30924 25286 22599 32847 2455 26538 6700 7856 27238 6701 34266 30566 6259 9016 7014 39385 21214 12093 13127 24959 19967 20445 23685 35339 32926 16271 19272 34061 36967 16857 1878
32283 10916 20342 30248 10093 28360 33366 21458 27147 30782 38114 29944 35458 16348 10634 8247 14629 13615 8217 25199 18761 32844 35609 20882 11541 13238 27792 17500 11781 14244 20020 7290 11577 21440 17456 24642 20972 34218 6834 11836 37381 4472 6787 24867 10536 3768 25703 75 10779 39804 26846 12359 21207 18845 10091 24448 22153 1009 7333 4625 7938 14552 24785 17716 38407 6294 21048 30918 27040 31498 18094 7848 11683 31570 38425 25279 19172 5070 37102 26262 22945 26480 11902 28818 14248 26191 22807 33168 21343 8849 705 17692 4035 15308 17774 19541 35311 39792 22700 3437 15927 10084 24768 13741 32990 4821 34182 12603 36999 18982 27444 14998 1253 17695 11359 10302 11052 16972 29126 20966 20818 11933 3273 11344 25941 6735 787 36165 29296 5748 22647 23985 13303 5646 16687 7429 9875 33988 26178 15595 36391 3022 18857 24277 24858 6125 16819 32248 11302 31021 2140 18682 26909 2192 16392 31780 40000 2223 37629 23505 39647 15009 24790 27112 30903 5829 39855 9472 10752 16295 8272 27340 32714 34974 34240 3993 8552 13437 32745 29602 26571 24591 39991 14236 12771 24598 8711 19798 4703 1621 20708 31168 10934 17458 2932 27358 36751 20992 34480 34739
27715 10920 25364 39902 34280 4539 6419 25099 15027 28129 25916 14577 7345 11696 2382 17930 25036 33251 7004 4823 25692 26746 6011 12302 34526 36784 27696 19174 10034 5214 8967 20346 21081 17791 3999 1967 24208 39259 30061 682 1812 529 35295 7911 9684 29652 6723 22028 17127 23779 539 19249 39037 21648 17974 1432 2231 8831 23706 3279 13325 601 3605 33245 31943 9774 31487 27091 4446 19449 29841 28245 17239 21157 25372 26618 2100 30043 8591 4242 30085 10270 11900 17649 835 37161 16630 19329 18811 1817 19793 11101 3180 36600 22049 29357 9282 15642 13708 28977 10791 22981 39852 26552 38701 29429 23960 6460 4769 27933 34672 4359 8556 5262 36721 16261 16077 29637 3221 27389 35217 7655 5745 30453 29139 28591 6664 36217 37982 8666 11146 39478 34003 22882 18119 24159 19513 7533 18095 23311 8003 19594 29662 12747 23281 8686 11856 6752 9241 2755 16870 38475 37305 26978 20919 3680 10444 2138 33809 36484 14936 22165 38418 27745 20041 3894 36765 14065 23037 34049 4182 19186 18121 24089 27969 27269 30557 39308 7191 19731 29641 32064 14624 18525 20672 6422 38218 23384 18566 17304 16807 18131 18282 27143 27917 31149 23946 8305 9559 9102
14228 14605 9171 12001 37127 5242 38972 35494 2269 23468 39789 4629 24146 25868 23783 12642 16471 9041 35099 6190 23414 3023 4289 10649 19504 29431 25833 19002 28264 11311 7874 20112 28112 13177 16723 37049 5570 29389 6669 26032 16218 28519 4031 35417 15981 27676 19244 3447 13856 29297 35133 21896 19715 513 24438 14265 31006 14145 5213 7451 13853 27894 13110 27799 35377 399 30276 38181 26019 34108 37631 36814 4785 14292 3555 39595 11005 28030 34085 31464 7441 36104 9954 28870 21547 9360 34727 6206 27055 13606 303 32138 33937 32419 2750 1067 23409 6894 1656 39049 12260 9706 12433 22334 4582 6932 14512 26050 16577 8315 16475 5553 191 36692 36679 36633 7932 16360 22565 20362 15679 5938 33296 25325 17251 35938 10126 29205 8196 34951 32882 2007 25926 11945 27435 3290 5686 19075 11094 2948 65 11109 11458 5940 22456 27375 13091 30110 8356 31155 38093 35112 20955 23284 19811 2959 17087 20039 34183 29352 11444 32236 16919 11769 3931 9642 25882 27452 17878 28480 24547 24179 31413 3698 21692 35312 25379 35580 17969 39963 4814 35031 3695 37028 7940 9586 374 21237 29685 16454 33763 32900 21381 19003 22282 21016 7741 24471 25800 11274
2789 2495 2988 30289 21386 33954 27084 11657 16002 5621 9061 7668 39358 26843 12726 3963 23972 8187 28172 209 31148 37386 14302 32228 15630 31811 22997 18692 22576 24657 22854 10972 27410 38431 3107 15107 10603 11353 25136 9690 36231 39726 17870 15189 21306 17158 33151 2011 20704 36307 24307 4738 36380 9889 1107 1588 22744 6687 5751 23955 12591 17345 13466 35586 6901 37427 21824 31260 14836 18710 13023 15104 19247 5871 19779 5077 20699 18172 18145 13057 32063 27022 15363 22414 38308 8602 27076 6446 32107 17852 21165 20494 28463 32410 6420 22413 6910 34522 1308 34330 4674 18083 31051 29698 38293 12349 11273 9387 26308 28201 35703 501 32845 23026 30891 22750 32260 33307 35660 35646 5763 19220 972 6866 5100 25848 6435 9306 7415 17976 37247 18457 17779 15055 28050 25373 7146 12993 7151 37010 13083 347 20414 6271 17769 11415 18997 15365 18606 6439 26891 4961 4897 21627 29062 1601 33529 12692 28894 24495 28457 12025 20147 11450 13024 29173 24954 6506 17668 22548 7349 12788 11432 27294 38043 31448 36061 23112 28022 21919 34137 17738 4077 12438 36775 31720 23030 37275 12647 39771 35060 19226 18661 2121 2037 25509 11276 23625 20170 29521
23700 14938 24633 3979 16389 37120 18225 27014 4147 21766 32434 21721 38606 13131 39762 13857 2743 18720 32132 26612 16426 24401 8 6842 28099 28827 18400 28359 14986 28728 30010 13115 33667 29434 5015 35188 14352 7578 21929 23550 22294 19573 39093 35492 17285 13806 29715 17733 696 34918 11944 28708 30180 17340 17816 37096 7362 30253 16550 27805 25889 6815 20734 35365 39651 10483 19741 5200 1566 12312 33344 30738 36440 38822 32780 27889 6276 5800 71 8553 27574 17691 30535 38733 5301 22746 15325 20296 11112 29651 20625 29121 23971 33164 15704 23892 26159 15078 30531 11012 1974 33915 17227 15466 22060 37257 7061 2764 29335 17845 28908 32022 31105 12486 9566 3007 18702 887 38772 223 27569 8878 22241 266 25267 28447 25146 7530 4085 37927 26491 24847 24005 19334 39407 23996 30419 13862 14209 37602 2325 31863 12497 2285 15050 21301 684 11538 35891 36594 22338 31665 32349 1968 7130 6584 37673 11278 32393 16769 10345 19357 25071 27420 31996 29974 10254 3727 23075 35560 5162 29486 39351 21388 3761 8586 9166 30123 17549 20605 25513 39216 21593 3895 19428 8234 36667 38493 8742 10246 11580 34704 35322 39064 24298 31664 30153 168 301 37593
19178 26462 13736 25308 32034 16242 28712 1767 19845 4913 10202 24720 10108 39386 30589 6845 34236 38135 18539 3059 39123 34998 19791 37487 27728 14489 27860 11506 39086 36247 29142 32209 23805 35898 22364 16463 19185 21554 36452 36456 4115 24221 5161 26435 33654 39843 19133 34364 35512 34315 21475 16744 2677 8311 38642 28982 12328 25847 18062 5190 21498 11616 29 448 29628 39928 1773 22624 249 29420 691 30837 19336 28888 17940 19422 22897 30564 18975 12062 19384 23664 34982 5671 16073 10651 38355 23123 36130 21367 18517 39 34037 993 2372 25420 9914 37656 25768 26097 26148 21637 25965 37053 2561 32245 19694 19966 30692 17888 9320 14384 22167 23933 18378 23381 37577 7002 29007 24798 33817 27733 39394 38516 8239 39694 19159 25716 39181 19107 8299 18158 33278 21777 19548 23623 697 37763 16255 3291 10902 27929 13811 19276 36280 34860 32524 4067 11890 10667 31092 21653 4992 37019 39330 15643 29264 39410 36647 32642 9654 5771 30714 24680 32008 19977 31236 24361 7383 11090 11784 16853 22013 3178 26496 23334 11051 31496 4449 19667 36976 29854 23041 30839 13220 3749 5520 18497 36815 11460 34337 13593 36752 10220 7096 18004 14412 31696 17100 22606
5413 5 12475 31976 33011 6128 38444 6999 32083 29959 9715 11363 10935 25654 31606 12674 5735 37596 32169 428 30213 21525 2409 39185 35831 36222 13746 11441 8881 17786 16617 14176 18016 38024 20805 7959 7986 29764 34143 32996 24764 37892 22493 19939 2280 11711 13107 30345 5801 16498 7200 13229 35394 22202 21574 13677 17854 18201 28121 30956 32491 5337 31484 7001 3099 28563 20416 14592 22175 6937 39549 7863 23261 26209 34797 25935 32940 31740 13179 26091 38157 3892 34878 31373 36849 19256 1295 2481 13109 19637 1923 18778 18347 31266 25469 39723 20916 8134 13379 25104 31883 36921 9829 29325 25647 1904 32231 32920 16844 36244 37150 15901 5901 4464 28430 36 10650 17424 24405 16505 6344 8607 8720 17552 18040 2583 5357 29740 25324 16406 3003 32013 36188 1321 17689 15602 29266 35640 21254 25665 38889 31904 29254 36756 25034 36301 6219 28886 35944 13889 16269 37818 15276 32319 2070 16871 3802 36828 32074 2908 21783 35291 36274 1670 36896 21273 22629 23435 34251 7038 37979 9736 38342 37438 4944 22144 15090 5192 26805 9999 27744 36680 36351 39494 8526 29680 33494 38962 24962 36004 15371 12199 13222 21624 35708 1290 30086 20651 10740 32895
1980 12639 18987 20724 5298 14278 25517 10438 13508 29439 4620 31932 28914 5325 1124 22035 21979 23194 17992 13794 33252 38700 18608 31118 24975 12448 17216 34449 17658 29156 15785 16249 11304 26327 12935 18163 3604 11614 39423 38958 24264 4410 1979 5327 27921 17173 36949 14465 16355 25608 3038 20301 6811 5254 6375 4458 18419 38491 22425 27263 1318 19137 7647 17306 30024 25055 18024 16883 2139 24881 39260 34624 17235 18808 19014 839 4184 18142 29170 10211 3485 23167 21656 14973 35154 25091 8806 24071 20731 34513 32804 38771 33381 1203 34372 17454 9780 1964 313 14670 18327 32376 28483 20970 15140 6159 34923 11852 34689 28993 18559 2533 12607 11748 18885 27772 37179 37981 18633 36495 22132 7830 10250 8798 16846 10014 37068 6903 2351 29752 7515 11008 3056 5887 22607 39685 38937 35018 35161 20364 1616 27384 3448 27100 32689 6418 10911 13292 4577 13054 7980 18941 27400 34324 26761 34585 18438 20234 16047 34809 21758 22293 8863 31614 19912 17880 12722 2404 29842 36791 2759 20198 22053 18230 20843 19495 28844 18893 32600 4214 22223 25710 21512 13878 30983 18076 38724 19117 10145 8112 4841 19218 28660 29130 7798 9460 26300 16374 23317 21881
29703 11427 9836 19910 31205 26138 6935 36108 38277 21328 34473 28211 16482 11111 12914 13755 222 38134 24828 19535 20241 14813 14527 24099 7816 8121 32360 22174 414 35428 15730 36945 37667 36066 24324 12124 20722 7892 37341 7060 1819 23504 20707 20008 10066 30409 12772 37735 22543 20842 494 23312 23049 26591 23756 10699 39557 32871 28957 37545 4033 25142 11454 5336 4893 5682 28016 24497 39309 30387 30382 29334 1210 38802 33419 18781 25523 12645 36378 2809 13800 26858 8165 4752 21366 15511 11709 31201 25008 22527 23214 27436 32067 39678 1200 16578 34720 31412 3197 32387 27564 13637 36805 12245 1411 36167 12333 11738 10969 22287 21444 15670 19805 37684 19562 14867 22250 6957 21900 30260 26927 24203 10503 5296 5626 34465 4666 753 3341 36255 25565 17704 3432 1364 36720 13061 29033 26944 20604 19502 4537 2380 27517 15853 5427 16067 17788 24889 29786 27464 36090 20996 4839 19052 19913 8751 24906 12919 13960 28997 10840 19461 7679 31132 19201 9174 10954 23718 4391 2322 27750 28166 11548 37704 37832 29425 17848 21630 16571 31316 29224 19321 36894 38495 36199 35240 18363 392 30707 9972 28395 16499 25748 15162 39400 4030 13757 39035 9485 28636
265 21274 36950 15261 32678 32163 13518 15181 17835 5852 31838 34201 22510 2857 30103 32827 6576 29827 6581 23013 28101 25271 35164 16567 28963 37952 31555 39577 21047 9289 23502 7585 28795 21585 10790 35063 11453 1548 33149 36507 31405 28260 17256 38111 24125 11799 34328 6486 5339 14683 21561 14529 34561 23417 3569 5472 15581 29197 37332 26585 35248 36422 3821 35050 17122 32948 2727 18530 37962 11698 12651 1229 2313 37903 36820 7486 24303 8275 11665 38405 21080 27536 9550 35224 5640 11566 12990 727 9255 31454 24743 30341 1190 26397 38759 2365 17093 22177 31199 31490 30128 22127 39299 1298 4679 8446 35222 28287 31416 2510 31901 7012 8969 1749 32545 5514 30210 31530 21996 27680 19635 187 21355 6554 25274 8604 33189 7249 1239 25971 6688 29813 27922 30541 35549 17619 27426 31729 3889 4963 5817 38271 17989 32992 22311 16745 36626 26311 19474 19345 30150 1233 15074 9186 29061 20190 33273 27943 8990 936 33873 29915 37278 4854 14330 1801 35636 22998 26750 31747 3820 33073 28973 31414 31995 14638 2942 22903 27623 24802 30410 37114 29754 23188 8097 31745 36445 17655 28856 9158 29427 31683 37913 1641 4278 3685 28701 857 22646 29093
19907 28453 30094 22460 2214 14697 35213 21368 15493 4781 14398 12880 34080 7709 10234 31292 39126 24141 18588 28149 13342 18712 21658 1180 16492 25116 21846 20686 852 30314 8778 34805 19772 17952 37309 20775 12525 11965 5189 19980 1507 38235 4192 17437 17133 7208 6376 21889 27169 13418 34537 22730 13680 27974 26913 34938 3414 13315 17915 30098 20169 25259 10058 10637 33505 18148 38143 27491 23866 11472 33681 29629 8980 13118 16420 31975 36799 15184 15874 25531 23854 35550 4788 19053 23842 22539 7991 1408 32511 1399 431 23015 12507 30195 8955 30591 30875 136 4900 12429 16215 7669 39381 11832 30529 22301 21341 3737 23787 28062 19550 7869 17064 25591 34551 37146 11658 32945 23172 6322 6632 3801 27736 21915 38914 37862 3739 38092 14342 25164 12745 9438 36536 17046 34106 4648 15358 3912 11300 35682 7173 14144 11233 13602 5393 35806 12259 29798 16781 39432 17571 12977 8889 37730 10321 5361 8392 36312 11403 19166 24272 28885 8957 31775 34168 36847 17690 19049 20393 107 14719 7057 19153 11447 32797 33318 4849 586 33408 3953 11607 29409 39674 6397 28420 21462 6314 326 20236 14617 35125 1026 29174 26128 33799 28330 1060 28624 2778 18739
39650 13028 517 33385 26684 28202 28370 2494 16139 21283 37109 2562 39660 8359 970 38594 37781 29789 18382 17392 39173 19996 5073 26121 17865 29909 9195 37830 17606 10869 16290 4986 36421 25713 27063 15904 25339 631 37891 5038 37726 5833 39024 30356 17351 20466 36628 31514 24817 31220 26192 29501 13296 9900 33249 5540 22086 33057 13255 5109 6851 34558 4036 12532 16603 3309 17897 33621 1488 34875 29657 14673 33947 11042 17045 33286 14128 7085 12796 35551 4310 17913 39561 10786 380 8018 32919 31814 30950 27594 23072 13672 14508 20702 18295 27489 33513 30463 15218 19261 14121 38180 21385 17027 22553 18681 20310 23371 11262 39399 20825 30495 17609 8973 37637 26442 4767 18911 23438 28884 14280 12118 20090 34035 32607 7220 12715 35622 9759 14252 7275 18491 5134 35448 23995 19077 14914 25502 29248 31585 13668 36672 26127 10773 9319 23162 22887 7927 8542 21800 16653 32693 38579 14597 14771 25562 33670 33117 26067 7710 16329 24544 34032 5096 2724 15288 8394 9505 37094 9866 15306 3901 27490 14976 9459 23811 5522 39797 4595 14002 4985 32302 16226 4255 22208 30292 13501 11785 8927 7380 4420 1182 32259 31326 15857 28136 1630 39175 27183 4129
19928 16285 29731 353 30182 33438 20769 17118 29809 29837 31552 24004 35431 22953 28325 4651 26470 12078 39258 39098 6662 29360 27778 19443 4562 24308 16708 37954 38702 6697 29276 6913 23474 31172 5127 8354 36180 732 24050 34012 28250 9431 2329 13872 27843 7070 11772 7766 4212 9091 15550 6589 7195 22900 28560 29333 15552 22411 16024 38175 28616 17726 32795 33612 11215 30458 26752 25323 22388 32596 26161 35309 20355 27118 29913 5703 9832 29563 29319 27846 1804 7007 19361 12536 8253 21235 20048 26126 37755 32788 37459 26341 33892 26329 26023 21569 28770 28597 9995 4864 36454 7339 30012 22299 20969 20974 24477 2172 23138 11518 30851 13813 2728 27472 2544 6827 2166 28590 19761 424 8156 33477 14993 9988 23745 1615 32658 26295 17699 13743 38413 1708 26952 20611 29836 20085 39082 22524 23862 22663 12152 32295 39329 15353 7820 32796 10201 24632 9865 2607 27865 20116 36619 21183 20618 4432 37599 20833 16501 23372 22912 32499 6210 38572 3348 36273 5930 4223 20454 37646 29520 19212 165 33241 30006 14301 10024 13324 35958 20123 19911 24564 13670 35529 27529 38246 39323 1282 37828 26268 36385 13478 39354 16001 7888 37070 29079 33576 37187 34223
3896 34258 38725 30864 22259 8692 26992 23813 8961 32113 492 26226 18181 38028 37915 2582 23143 34577 9932 3929 16122 35231 29270 5199 27671 32930 34737 6895 7659 22370 17054 29868 37172 13734 24249 33549 2206 35797 25914 32001 38350 11091 7165 29182 5597 1648 17651 3255 38862 28095 10860 9754 27206 25311 15311 10374 39477 17281 14566 32565 20193 15292 9853 33789 4331 26810 19328 30856 20203 10011 32070 38879 32588 38906 15994 4314 13952 32082 5996 5359 23380 27649 32914 2655 28723 8142 23225 31046 2766 26560 9395 4763 25865 16695 24102 8232 9458 35142 38550 22948 11648 37869 14851 28871 30359 9884 14483 16882 16162 31420 37163 22205 3776 4365 23681 5281 19423 21184 34026 34422 82 33376 2710 12839 5605 6109 13395 24037 25284 1005 30438 19804 15714 11574 8106 22415 11535 32207 316 6424 24393 17587 13557 10392 32826 35613 32275 11495 37504 34259 19431 15978 31889 3162 24282 19527 38847 5434 4379 32867 15850 34984 31070 23273 35525 21875 24839 37676 24242 36134 25996 17477 27240 693 6717 416 2370 39805 35407 11162 30767 20174 765 4691 5688 6960 28217 21298 19944 3329 37801 21698 4739 22695 16375 14654 13125 37537 32818 18209
30532 38251 8634 16543 9873 30298 31962 11982 35403 8130 15533 4556 25757 15151 23749 23982 5927 3672 14493 3580 31177 33172 6578 16646 14775 23022 12125 18402 33790 19437 18220 34871 11632 35157 123 1830 18950 30676 9984 22214 5937 15722 27417 4459 21725 367 5836 976 3139 34407 603 22925 26446 35924 361 10333 17003 30845 38303 10373 282 17384 33233 3008 23829 4206 6315 30603 21025 34944 30889 3066 37510 14051 27701 28839 22957 14964 30346 30489 38511 28298 6927 6196 10727 21905 2200 6067 24486 4688 22498 21884 6133 2364 28466 13820 19962 30521 15474 22485 29772 18714 11817 5544 8622 8517 13581 29103 19236 32482 12014 12193 4792 36259 15081 36613 29148 24711 22858 15913 38805 27786 2625 34202 888 19349 13871 5460 5131 10315 14528 29003 30365 36331 30982 7836 25248 29028 13445 31609 13111 2281 19940 7351 28825 35846 23149 19992 4877 21026 35927 8859 29430 15898 29157 36068 17983 4945 7862 32566 24077 36437 34715 16716 27399 26487 19158 23716 26979 38249 5222 21004 12018 6458 5448 38234 4692 17892 18693 10008 27261 31202 26444 34351 24058 13984 11284 22838 5969 15905 33311 15662 33078 38061 8062 8471 3671 1225 38488 38607
21947 10244 23822 30471 16319 13624 9300 26871 26282 23932 3108 22660 8568 3705 3360 2701 23872 25162 9449 1802 7501 2353 25700 30267 27244 35949 18513 7682 14640 771 12258 409 1728 39705 16372 5534 31353 30949 30911 8339 18205 26625 12620 37193 36340 35901 16491 7970 17020 11469 34652 2829 32368 39294 15515 36546 20168 36663 14623 9279 11946 19024 32159 37539 22344 10043 906 6302 19192 12353 34435 32174 32381 3383 15501 13133 39759 16176 30500 25774 11032 37999 11975 11194 16210 11700 25141 31769 30062 36746 3833 18621 29396 21013 6762 33764 16435 16801 29693 14133 23697 38252 14981 13367 2774 37986 31778 20158 35809 9399 12292 16469 28488 14765 33294 13787 5707 14727 9651 38060 25355 36997 19104 17280 15625 8580 31367 21633 25732 19707 33753 4980 4357 20446 8616 7719 23163 20223 14269 38777 39177 28125 5719 27867 30315 16895 33528 8944 35937 10702 4744 37160 10245 11135 12315 9589 4008 5975 9198 38400 12331 16088 21872 31824 31415 15816 29642 38183 24938 1901 35202 18362 17613 35990 213 13038 3715 21293 885 19347 36563 6728 27074 5504 34402 34204 8916 15535 16302 21363 27187 15330 7751 8731 33283 1550 25705 22036 12453 34933
2133 27 36107 17388 5445 4858 13168 19501 34913 38501 3941 4024 8143 2021 24780 11507 36968 38401 16017 5537 23907 9570 16822 21209 16 9937 12621 10196 17934 10237 15052 35686 13472 14569 13788 25548 5022 6231 35568 4317 10229 12791 13904 9486 19317 27060 2307 23941 26422 10144 22946 17145 15813 2614 7988 13105 35467 4834 10893 36257 29473 38857 20735 822 30381 13158 17303 39060 22968 39547 11652 14380 38193 33487 39758 25858 12865 30937 18037 38746 9489 31106 9045 23915 39550 12079 31870 24974 26359 3210 21292 25842 16076 11555 20798 31537 24675 17484 7536 32374 4245 3846 21424 28265 3697 2088 14257 20541 31024 2667 19219 4757 4772 27662 27923 5541 16000 36858 36302 14475 9005 11049 26277 37515 6712 3053 3704 26089 5330 18219 436 25103 39602 36291 1521 21660 7293 16606 9894 39832 35650 14385 7827 25391 25174 16337 23843 8821 20388 3584 30169 1552 31792 29683 26407 19518 22029 5307 18574 3839 22335 20790 20802 10797 27323 15408 33500 2868 36861 17542 17970 30129 17522 24809 3526 38848 25913 19810 24259 34546 36726 18413 12553 33833 9729 23140 15960 11406 39664 31458 16334 26641 9014 20599 27319 20165 7735 15251 5583 7842
27675 10461 1291 35126 4427 7560 7066 22372 39676 33070 26110 4448 34673 26274 39006 33751 36662 12655 20600 31048 32950 32692 32593 1044 27992 1747 37072 37214 31913 29594 35698 16609 15364 36230 36829 39203 38089 19492 29832 15859 4374 4287 13235 2171 34109 32494 4257 26590 28705 31704 16925 29189 39511 38208 8474 28210 3470 4342 26286 24612 5139 15447 9093 13215 8000 11765 2323 15962 18334 9903 9112 28772 5087 14214 1155 2400 25519 33128 5211 3521 8426 11314 28848 17128 24261 14710 35080 13216 21053 20609 8509 11582 27760 22992 7693 19404 37625 38563 14141 15059 21785 5372 22842 10716 19887 19488 25026 23758 39841 17730 12887 2315 10340 38735 27286 174 15902 22752 8281 11761 39952 14686 38959 14866 24892 37118 6349 31188 8701 33303 15396 13469 9548 29204 36408 21490 25939 15610 18680 2073 7747 1227 4720 6047 3403 39239 918 2410 39965 29452 33541 5651 12374 16715 39958 18073 22087 28610 5949 32421 21986 25177 20295 25813 1997 6166 22210 9741 13558 9553 30127 39830 32219 5629 33641 13964 35985 30022 6022 20723 20920 21714 5970 23988 11070 3181 28326 1369 5419 13141 6693 14316 12988 3612 23100 6685 3449 9002 38110 867
21761 26498 27699 37489 5664 13208 17688 17330 22251 24862 10516 32541 5687 6582 27741 16260 27837 15263 36256 17551 32361 6099 27313 26899 2865 10035 15542 11105 33697 38379 38121 1057 31839 15500 37245 9976 31893 35347 1269 37449 12170 19799 16506 17553 23307 33321 6658 24915 39440 3352 36971 2721 3637 27800 34746 10670 13435 10079 18862 18924 8308 15443 4724 2367 6250 6236 36922 20913 28475 1319 18968 20054 36940 12355 29069 35158 32251 7009 17013 25898 16600 38257 26415 27449 26582 37319 13233 29201 28054 23207 30139 21895 35411 33141 29032 15294 9702 30324 15019 21471 28860 334 14020 26174 26731 33678 13188 27151 32513 23197 14956 23065 30916 13955 1080 35134 19469 26370 37728 9808 9203 31081 30678 10853 20758 8188 23844 5805 27069 7623 10619 30684 12929 932 36772 14539 5653 38108 26986 25581 39646 19032 29203 24806 17998 26718 28361 34831 25153 3177 9825 298 31162 820 18404 21130 22009 1537 27438 8361 38468 20779 26501 8638 22358 1774 13449 19393 16051 37773 560 6639 21803 24451 9233 473 27208 14705 30002 3879 7404 39535 30003 29208 29244 38898 18973 17560 1733 31774 3156 31086 13427 2201 3844 23171 23736 16131 21430 33077
8039 32128 20183 5212 1309 33240 36963 16366 11019 22484 4373 36927 37958 15062 27218 36332 6363 36168 19965 36341 21601 2514 34986 7969 6998 24509 5160 15149 30722 2457 6528 39503 27002 34557 20250 17116 27423 11914 23431 13614 16724 7124 6223 34823 1013 5059 9516 29535 4830 25711 37817 8754 35432 4868 26139 19788 12200 14373 1307 23552 30431 15174 4195 11000 10685 19693 34398 28333 26934 37485 17876 18317 10815 13966 31036 6885 17665 31633 16954 37493 39787 16806 35561 6890 21868 24507 34554 7901 37769 28182 14762 4880 15685 2114 1701 23990 35699 38153 3112 6574 31845 37749 12441 22416 11027 673 33798 30396 903 12293 30927 6124 11016 18747 14717 31801 13894 26639 11011 9920 14520 13369 16206 32388 18825 38996 23154 9181 26183 7628 4719 30241 14308 9813 11398 11630 38142 2776 15180 29606 11183 35 16892 33558 16989 36937 16167 22345 39096 13102 12566 19485 5358 22594 9847 10886 39148 27766 13322 12783 30270 12419 19936 8218 13171 6006 9028 11521 32038 33913 25549 29288 13822 34539 32334 4888 319 8574 39182 10941 15224 25576 19704 354 18531 22105 15123 19315 23635 33201 5558 28040 15935 17427 32380 12071 28743 5443 32009 31902
17745 8949 18695 31217 22650 31935 33463 11605 20433 24355 35439 32031 12860 34333 31280 31127 37796 14970 3355 20951 21307 1531 418 1082 20649 14096 24064 24316 14568 26822 12257 359 20868 20990 4798 4898 24088 11557 33028 12408 7541 23402 14587 16244 24055 13170 4924 8025 28009 8918 3011 8747 13965 38573 11874 5220 11640 36075 15008 37800 25290 96 19827 38162 27344 2414 13517 5429 21795 5091 28199 21117 7755 28941 15060 25745 23786 35829 14578 18134 1393 14699 7116 1646 19624 33291 33373 14027 25736 31934 2717 21320 33679 21252 38197 8042 28714 24866 21083 3185 24979 13946 26112 12428 34674 14021 37234 19018 6725 29874 22406 26569 11600 6320 24376 30379 15020 22128 7141 14397 3732 10372 9177 32377 39589 36446 11312 37209 37651 11623 3205 20387 16262 10620 38618 17928 29120 18077 10626 9083 32828 8942 21330 32401 5463 821 12401 11947 36347 26961 26880 23604 14616 15430 10471 36350 1085 788 21015 21023 39327 27656 39370 28943 36588 32358 36859 23485 11195 34130 30688 28293 24898 30222 17564 36448 9647 3390 23219 7357 22169 20427 32405 17720 37261 31435 1530 23692 3676 20378 10595 31248 26354 14289 4301 9109 36732 2668 5818 26000
18519 32887 23839 34670 35252 35167 15629 9569 14293 9385 32304 20077 29981 23496 21809 27857 13326 17230 15809 34927 21101 21858 32680 17631 36878 15893 27115 23406 17381 39244 22465 18564 34241 14102 36744 35618 35152 30636 36742 12380 36622 29932 14127 16192 10323 17347 18348 26180 21331 29635 21704 34103 28424 11320 28620 17279 25597 18580 27534 26008 24260 22603 14928 12646 7503 10739 38091 39265 36844 5105 17203 14341 22592 35247 19270 3710 25655 16754 34191 11199 29463 12460 11959 14147 16712 26376 4186 16816 11754 16466 19188 35318 4860 25341 15573 10420 14709 9872 21786 23887 7028 5973 7396 24732 21468 7387 17938 24155 12569 19252 36283 35878 29803 23302 3673 12297 32258 23753 7209 36229 8451 20292 1520 15033 11675 19048 32570 20586 7359 22728 19999 36296 38404 13152 17459 10355 1041 2127 23348 19786 2258 12519 13956 24602 20371 1093 14288 38094 21329 39166 18111 35635 32801 16946 37370 19946 7753 12630 33680 18826 32552 24765 1381 29112 18812 1929 11380 27835 4951 10802 22449 33905 1405 7324 18207 13239 10000 18193 18570 1366 7300 34490 6333 14326 14387 36506 31525 9876 21070 452 34722 35676 20560 30454 2267 19873 25047 39490 29952 38983
5529 3713 38648 25635 14453 6031 11825 29363 2987 21208 27139 35532 30496 7331 31009 37628 28313 24792 39874 23115 10542 3600 38412 27592 12915 20096 38372 987 430 18286 33397 29415 16522 30321 5535 25988 22569 26136 16752 19716 3458 14784 22448 7104 1138 17661 1994 24396 18952 19177 24744 32190 14138 37067 27030 37282 8627 14317 5498 12909 6216 26604 34671 25157 39373 9072 19331 16884 10319 26398 3911 20380 12158 20214 30806 35425 22894 6524 27880 37713 6222 7140 19140 17646 22862 22931 25327 1973 34985 38654 26176 3488 36018 11782 12249 5811 31302 7930 16254 781 9720 16224 26753 29861 24036 10467 14571 4279 6135 6549 28549 25362 23513 22264 13481 29942 30666 29896 15669 6537 29054 20597 24158 8091 15667 26365 2277 10515 20329 17645 6654 35089 22591 34517 31728 35440 38714 19883 28087 11332 29316 31034 28043 11646 27034 25637 33891 30544 22947 14661 25891 18166 6143 21410 20475 28178 8894 8700 7581 18957 12584 14242 9650 490 11161 9919 29353 26503 194 26587 25919 22864 27371 2389 21527 31375 32440 8908 8480 36246 7269 29655 2032 38455 19340 12165 17594 13831 30447 643 13735 1329 25752 25319 6260 34099 32766 19972 3340 37871
23306 28649 7274 26605 8223 3871 588 25196 24325 34814 24365 34863 13249 32820 25415 12073 2767 19964 9609 36103 32025 14137 7732 37987 26965 31174 36498 7821 27927 38842 18464 13402 10899 22813 35653 39464 12672 989 3983 33281 18567 10680 32080 18258 33872 34442 3595 8483 25739 9989 28263 19747 15018 33490 4461 11072 23264 34453 8328 16181 34836 20140 34816 9440 37203 38314 19179 38496 23965 31065 19362 30027 24140 16899 3079 4422 33536 31299 16098 12209 3822 23212 19929 32635 33626 7190 13069 5947 9536 23420 23082 2819 13529 5409 34857 3013 16797 4521 15762 30669 12901 13147 16922 38336 18993 27408 28053 7770 2376 32816 1721 24942 27599 4926 22330 38008 25598 32179 9284 28428 35445 27093 11002 35232 30235 10416 17026 17205 16784 34802 13651 19453 35229 5323 22545 36203 7234 10 2558 2820 8441 19660 9365 36738 18238 9598 1911 16092 6224 7925 34941 8764 28994 28399 4959 28557 3552 36285 18043 19333 15686 28451 22188 25568 20350 26704 34915 27897 34936 27124 9341 1164 4454 29094 7637 10539 28568 931 37475 9169 13242 22526 9803 33931 8882 32327 6082 19397 25367 24400 12123 22285 35480 31810 14570 18321 4948 23189 4538 1118
32886 24283 35366 34325 1038 28663 26760 29172 5647 2860 5917 28702 33901 35505 23055 23029 5868 16238 20763 14459 35313 29994 8160 36402 30841 19007 34931 5789 33823 30171 10218 4132 999 16320 4159 27156 10771 31238 12138 20671 6156 17293 30032 39145 38912 17337 13643 39357 1608 18698 23542 26211 31499 24185 2947 31990 5172 32905 28657 32308 18453 22759 27572 3281 32333 21189 4141 9493 33256 19110 16093 7557 15727 16684 4871 23639 32988 38810 38694 2543 39707 19000 19571 21607 21924 20034 29232 16338 18723 22095 19366 22880 4064 34859 13463 29678 17735 39571 27220 17106 29532 3502 33292 5018 11816 11793 19582 30268 29958 15912 6147 39640 10687 15108 8490 20472 3956 20903 27440 12899 22737 26888 28197 11102 25821 22812 19576 3828 13003 17806 11572 36363 28855 31384 22240 6799 5574 6765 3020 31482 13973 2565 16133 6729 15161 4430 683 12994 5903 29235 7243 4281 33918 10691 17165 39043 34553 38040 16546 38339 2374 417 38992 16220 30295 29274 11142 28679 34394 10054 28257 35996 26141 26931 33005 36418 9593 13389 24913 34854 36777 12844 38574 21643 2034 8877 6104 19969 10743 17005 37743 25313 10367 24403 35343 1792 26109 25293 26853 39677
10199 4492 3047 26620 13874 16593 19456 14845 35481 16250 31339 34803 16824 10725 23939 8063 30936 35655 35328 5913 17365 33002 7958 9716 39208 15899 31364 34496 37594 5268 8595 35744 47 30016 30089 23832 22257 11136 22432 38817 26441 7103 34617 4983 31854 12370 29687 33924 18951 18624 16725 28391 38535 183 4079 22778 4878 37790 2954 27098 34440 3809 10652 6286 14386 1692 11956 15987 7494 8737 28356 26010 12894 18189 32111 9817 15740 7556 11446 11078 7872 17994 32471 27901 36029 22909 1069 16055 4181 28761 11430 10557 23059 35815 6039 37194 25955 7082 730 10346 17904 14118 24310 24565 6977 10577 14658 11792 14491 8128 1104 26834 27977 2866 39253 14070 28514 30436 7326 36795 2146 23008 26772 34534 12837 13979 2286 20345 7855 27552 20403 15379 26143 35289 34714 10281 27852 24430 21228 23609 16132 20264 25887 32232 5376 30761 5126 34970 23223 12103 15903 9066 27988 36694 99 14045 35064 31422 11068 18976 12304 24771 12997 12081 11001 13198 6836 7746 16511 3218 28753 555 4928 269 35897 34249 36740 37322 4117 19780 36931 24175 14799 20453 5480 4685 688 16214 20012 17185 1472 16378 33757 39039 10857 11287 2395 33731 23873 28222
9386 24488 5634 21346 9376 26199 10547 22379 2499 20549 32639 18995 15843 11296 38282 37579 15992 34762 24132 12961 31948 2063 8663 23884 25668 542 38434 28 612 31096 16272 28950 8706 27924 22058 17167 4160 9991 36706 7588 20940 32115 5525 22756 12202 12582 20536 22183 10792 26799 39080 11281 27446 31175 3757 22147 15812 8660 18203 18005 35801 24870 39910 25554 27845 34478 11881 3179 9608 5432 1016 23734 39306 9428 28198 7509 30234 9287 38635 12657 1012 15597 9143 17863 14166 8444 27243 17825 30867 39115 2359 921 33889 30137 27347 19295 37923 7485 33402 10032 29027 23134 38514 20632 12051 4996 12458 17611 4560 12011 25187 20287 26490 33468 17061 3961 9249 29755 39250 17081 15110 39995 32249 22022 37361 24983 22063 23896 1519 9012 28190 5950 10423 25089 31119 37797 32918 10708 34748 29444 34719 22032 19147 39117 11331 22390 22713 7547 21542 18291 7024 17344 32081 6173 25017 39033 13816 26069 4693 28565 16161 36376 16398 7476 14991 6331 21518 29529 3653 9728 37299 32463 1256 9571 5082 26039 36531 24108 16401 30225 11291 39221 17790 28656 21731 447 38041 18354 1501 4309 18279 27231 25438 12676 6081 38951 15303 17798 33857 27668
33175 15616 22670 11579 6835 28404 6019 471 33863 1738 963 12033 17678 19282 205 25660 17573 4592 13288 13607 11516 14873 12340 24813 34198 36872 32267 37540 31120 33179 25156 6676 22815 6566 19163 12685 8748 35909 35299 27628 18864 35695 14939 648 9628 8146 1115 36286 31989 13441 10600 9209 9194 32042 23790 10045 10479 17773 20930 38812 16025 5691 12897 23949 6165 30456 31533 38549 8735 22347 13081 15434 5039 38010 6653 14534 12346 32026 6822 34741 22984 14457 57 1496 27318 25928 37868 2783 26614 9576 19363 27537 20413 23742 14388 29417 2849 13221 21299 14594 16030 38945 3583 258 11870 1337 23241 36787 33012 23195 34832 34164 23669 4865 31139 11463 10090 9121 2293 10674 7952 25773 24748 23531 35048 22869 11385 5899 26048 15040 20705 22679 36260 3227 10051 22833 4345 5290 7992 36610 5630 2236 14076 20900 36639 38035 4637 19989 30224 35687 3102 22359 17438 37630 4929 38419 35867 20638 35665 31566 17028 12035 37924 27131 19168 30237 32912 28998 29214 13251 13098 25138 4047 25963 4780 5154 4932 10073 22720 29378 25750 30136 16346 3220 24773 10756 7913 8876 21877 8619 34036 37711 24911 3719 23179 24940 37672 9693 24449 30741
14218 28578 25031 1869 27154 19973 39076 35767 26763 1724 28809 22793 38982 10343 15087 26956 25394 12261 19319 19753 15718 19372 21176 4326 38518 28853 9564 36562 17282 4303 21999 15688 23922 5848 17519 25388 19542 22261 2560 33875 18101 13659 19960 10703 20370 15729 9107 31308 593 29939 6318 25968 12042 35507 39391 9118 9665 25422 14212 8584 29775 9960 13203 1783 29321 16086 4659 12671 22501 31701 5475 10300 34668 6338 26246 15277 14593 28238 4322 23536 20237 33051 3847 16264 35197 29096 20477 7528 17614 4451 18433 22102 27644 4927 26629 16275 31604 37973 31974 2833 38517 6185 17618 6773 20891 25107 2593 9003 10486 4107 33236 27200 14943 14263 33131 11634 26324 30920 9507 7426 12998 28838 36117 37006 28658 2793 3219 24722 30659 26318 4121 1899 27376 18069 34479 5532 19766 8895 14906 5508 10750 12701 4973 8828 15707 12759 36000 33852 18707 104 27343 29762 38791 7916 6292 27940 23121 28672 30426 34414 11895 3602 5477 32661 21930 13676 29053 39693 14886 32309 18466 15703 6513 15848 31189 24926 592 27019 33314 20152 38125 16328 6996 9445 31459 32256 29738 7651 36936 12501 7477 35227 33123 2492 9252 25870 700 12898 29546 13851
5193 35077 3412 14542 18829 19365 25970 8644 1193 2432 3052 28341 21249 35894 32737 13420 6182 113 35111 30392 24825 38974 1599 31761 5582 11877 37546 22892 21061 842 8909 39896 20815 9210 30404 9846 20491 30740 22300 9531 20178 19596 32429 30361 15770 35282 13196 23092 2469 35103 38221 4291 18836 37030 1578 19280 17593 16760 32200 20783 33374 4575 28533 11137 13305 26506 1561 31381 27724 14170 26811 7565 16734 37403 12713 27785 29761 1185 34397 17849 11056 34263 30619 35612 1665 28546 32850 17485 39285 4811 2082 23422 28758 7939 24614 25148 39721 37606 9927 16792 37841 22874 15982 24237 330 30388 21576 24997 33029 13487 18771 32744 20595 16728 23226 28572 34943 22473 32779 5032 26092 3208 30965 7799 28835 13866 11497 675 24192 37530 19229 4152 15035 18301 12670 35731 22749 22507 26866 33630 18706 14887 32863 16028 39563 31882 7091 6201 9917 23498 30025 25407 15171 11653 32504 24394 22597 12498 7136 32604 11367 12148 37757 22237 38243 5488 22397 11009 29485 10463 10086 739 14519 38965 19744 13521 35644 7743 32701 18017 1907 18416 22611 14216 36646 18021 35115 39847 35096 27796 18883 8913 23062 34808 23528 38225 12422 13258 13033 34735
39161 26356 595 22779 21007 18066 27708 29175 21082 9806 6663 22923 18108 27407 14632 239 7308 37939 21232 11588 30986 30095 15039 29984 29722 15170 22889 15024 13701 5680 7673 9815 35297 15414 10712 147 27300 4363 30747 23243 8624 28237 30869 38325 32617 10541 30212 36501 21807 34801 36024 30547 16034 7389 31640 24739 36616 25921 5885 30385 34990 31057 1159 27632 29475 1065 24685 25221 20841 17953 12358 28630 34959 36984 33883 35478 10432 18338 25277 29780 22333 33623 19008 18603 13376 36973 16173 36365 18753 35072 27329 4975 3861 37004 20979 7646 8674 16190 10968 15531 26275 12178 20297 39119 16759 24663 4088 39001 34613 22732 5333 35435 26153 10606 22464 17450 19491 26007 31312 11869 24907 28380 14951 609 39364 32286 36952 35877 27405 8662 37554 34969 31294 38033 22993 24930 33733 7145 10258 1719 18628 36179 39167 4806 28922 21739 16984 35446 7893 16111 34141 4714 33460 3337 4615 33675 16207 12213 27875 9105 35964 27252 14195 4690 39658 29873 12329 27886 21127 35118 38362 37183 17701 27896 3716 10329 21122 23667 5026 23812 27226 6613 15613 4515 37129 16963 13918 31726 13224 15814 8581 24584 12693 18612 6324 28319 27879 6014 28262 35793
18728 31135 34436 31638 21678 15412 34917 28739 450 28470 34912 32065 8321 24762 33125 31642 5812 27478 15031 32196 14742 29049 38723 36754 12467 15197 21784 29446 31966 7089 34415 20961 35356 13331 14194 20229 31905 6131 23404 13892 36338 25333 29553 30286 19601 16944 11621 17121 11494 6679 33520 1825 32464 8430 17348 26900 34992 24462 5191 35950 6648 4967 3416 22952 34178 14647 22581 6974 7944 26117 6768 2255 20701 28529 16118 1790 19701 39372 15254 22157 36934 2445 25864 23222 19436 4060 24204 7271 31958 8818 15148 34788 23254 34711 26655 20866 5113 14630 4978 27279 36015 24687 39469 17864 3782 15706 33607 14375 12327 22204 21975 7935 22533 8220 2896 24542 26150 25021 20546 33143 17343 4504 11050 5459 23796 17830 8673 3817 8216 37998 15318 32790 35026 35966 39870 37243 293 28407 34331 21174 2289 31647 17275 27089 23421 38003 21042 17163 36239 30967 39487 2308 4131 3182 3335 2377 23586 22418 36542 28003 17009 13927 38263 990 464 23533 10578 21549 13896 26532 11545 2057 7981 39338 32859 12026 27939 28373 35108 27289 33691 16033 34279 17147 24177 5577 20435 34462 19634 1993 9246 21172 23719 36576 17617 13393 3453 28900 24069 7492
5730 31290 22108 35816 18709 25851 3958 37563 28145 21459 32953 14368 29718 34905 900 10186 16604 11343 11509 5168 16146 20562 31099 23040 29729 14416 5335 5843 14410 17174 12068 29919 5845 24253 15824 24104 19681 33504 29228 734 23801 37810 9480 4891 24752 5315 13025 4722 31345 30255 26588 17509 2623 6262 20876 12310 36703 28732 8813 30750 31348 24150 22331 22529 22792 18675 17335 7381 7764 28589 32167 21063 15896 31834 17531 23564 14648 36432 985 29966 35116 17929 442 8085 32199 35859 20864 11721 32873 6267 8195 30668 20921 31912 3135 22039 34606 24539 1483 39990 37241 35871 9810 32518 29331 19338 26107 32298 3690 32109 29479 25176 8370 8804 5331 36392 35498 5185 34882 16015 16983 1584 427 26662 25884 2260 39489 15508 18195 19113 26788 32532 2059 9277 14420 29757 39040 9625 8477 3964 15632 27255 8900 14005 2676 25235 1300 29838 9173 19248 31161 14734 10824 22462 32321 4366 37727 22996 31391 30005 36112 20118 15477 21781 31744 2523 24953 22580 13209 30543 10498 34300 15894 11647 29102 33781 5151 10466 10149 28079 21481 19429 30617 30265 4320 18109 35177 17504 9465 39284 3474 7385 8454 24506 11487 10391 6956 37126 20831 3096
13661 24639 30096 9303 18644 26319 39462 36596 18769 37582 30309 15157 37495 34318 10551 15209 32456 18805 39886 5998 20732 19933 31918 20958 18986 30303 23849 34345 3194 15389 7121 21119 33728 34301 20489 14772 11028 38861 5893 16116 439 31908 9487 33783 24573 25722 2265 17829 840 5037 39028 13359 22726 31038 23295 17971 22760 12836 28861 3769 10825 1397 28625 38620 3264 10863 26997 17565 10077 39879 14589 8762 33203 4381 13882 11336 15870 14343 11601 36909 27049 3140 1585 25345 22097 36009 37463 7995 14604 21851 23383 1247 23732 18639 21616 23547 8693 39183 8842 1925 34910 17575 18243 27071 10122 9686 3393 29111 12867 5387 14354 25452 12307 27976 20415 9426 23877 30052 14847 12278 1716 1468 13890 18532 39151 19821 33049 26520 24431 37484 5530 36500 29511 38054 23063 32800 35068 3438 36236 4 16347 15745 31630 34169 1546 6711 29017 22217 29308 16821 5233 30962 33331 24334 32880 23363 5609 11971 35371 23105 31749 35462 8316 17754 10457 29557 2326 34978 35278 28637 19872 31928 31827 19290 4110 12962 1303 31160 31794 28581 1760 36482 32092 2669 36868 26916 7397 7813 28876 37666 39876 28459 22262 23549 2632 19204 31791 23488 31650 39316
