200
11254 1354 29701 16175 6775 35129 30994 9015 16990 9630 16130 17627 24915 18266 26303 22872 24411 26945 23586 55 6879 23468 10859 28929 20443 21791 28637 29952 18812 30479 8377 15879 16417 100 4257 1169 12980 5806 30698 25938 15894 24693 255 18594 31249 3907 37239 2552 33183 25763 32524 26613 31803 36671 2145 33179 37757 15716 18267 14758 12696 27219 22964 17138 21618 11091 37177 33017 22854 7002 23758 10374 2763 14801 39660 26634 13871 25503 691 10797 14534 23987 37619 8453 11219 29751 32463 38146 33503 5098 1313 29733 19515 31463 36286 5032 27428 27372 3874 34141 16297 7429 38880 7526 32179 17969 37065 25187 13885 14664 9650 36874 37436 33111 8102 19900 2991 25443 11067 32552 16601 11280 32685 16716 37606 4590 39182 7743 36148 34817 38553 36725 37599 8169 36901 15435 24810 32413 26424 24148 31214 30102 2800 29909 22443 34742 12807 18521 28061 31336 14635 13409 37245 37711 35115 38092 8104 198 38472 13605 5107 25275 9465 16301 35393 15742 8544 38848 6389 22887 38081 24376 36674 30097 28379 29731 29173 19071 19293 13544 32885 21810 1179 14302 36390 20242 13923 36418 9632 38321 14573 26275 27676 32734 10856 37584 21428 17451 32199 14547
8032 2017 21355 16757 12899 10633 2102 26192 7645 7120 15739 10810 15708 5652 27179 14870 39494 4856 4252 32748 18560 26193 7820 38201 31261 26831 21615 37453 5000 24031 23843 23716 34183 32507 18996 6938 10181 24682 31188 7415 36579 12061 1584 675 2108 38993 21697 7580 28142 23666 29681 27282 27055 39738 31504 22714 6316 13807 3161 29044 5877 13348 4611 6952 38344 6443 310 17954 20287 9488 8987 30657 2067 19267 18867 33787 29101 15707 16333 4216 32456 17619 19821 16251 27132 62 39313 25676 36952 22694 29383 19447 6111 9177 5195 22960 26171 38160 39521 8982 16518 6670 28344 8911 3452 11173 18424 30365 21466 38654 1058 8905 23360 26185 16989 9984 24104 2527 22776 31765 35933 32459 24613 20428 1199 37266 21199 8791 11415 17798 35961 28288 24370 39379 19063 16572 13296 22908 16640 959 23840 21834 3404 12163 25727 25373 15966 11675 36602 21280 11062 8840 11245 37608 10143 29150 26255 8683 3692 32739 163 5445 37015 16464 17357 11343 145 4797 31483 4781 31671 20348 14750 12944 31363 3287 11339 32389 37241 19269 36330 24503 2746 8925 6713 4573 766 1044 30019 38065 12813 12897 34740 1228 36086 30665 574 24365 7955 39548
31156 24759 35474 17928 22821 17276 9861 3426 11206 17400 4520 31650 8863 28574 24688 8598 8581 1201 19194 33322 35057 7678 188 32027 35009 17165 9342 14735 16416 39254 1802 38816 36975 18138 22637 2425 35723 1966 39123 7789 11660 12269 31851 28818 38476 27195 7775 3409 24447 7739 23042 8580 5952 10415 2629 12636 4342 22160 4720 34100 13918 7302 242 22794 26307 31010 9732 14900 2441 37419 5447 15446 26276 11096 38531 30745 4853 28372 12669 31209 23584 3916 13078 31698 18892 39596 28286 2794 28983 31399 4400 19686 28783 38208 24096 12038 36923 21833 18955 23927 4690 39264 21266 38839 35499 27888 8865 18729 3970 390 35419 6189 3979 26800 21895 22042 26735 12834 7295 3567 3367 27232 11218 8824 828 35380 25692 32859 36821 23381 39566 26432 37673 34690 6550 16422 31016 7247 14112 31525 2894 26818 37467 13873 23295 17088 616 3159 5466 16042 2907 17518 12902 32975 1344 21344 26762 19259 9531 2987 2187 12503 17043 31071 5936 35449 28886 23583 17505 13217 10304 15547 10998 14709 7806 12468 12577 39873 20900 24766 8490 10977 10499 26600 39501 1579 22789 18423 23182 9131 7898 4099 27248 31987 6352 37864 2296 450 21664 15928
4518 27983 32149 8820 32608 18163 3459 1517 25206 209 30104 4230 36204 28846 38797 13736 21983 35193 23626 32370 36552 22585 36593 32157 26612 10287 16017 21773 14629 20688 11109 14736 4031 31237 5841 1240 7486 20273 32501 37003 477 1100 27944 5659 32690 37615 22602 9164 13118 12031 1923 17849 371 31429 6762 193 19667 4304 39731 4942 22399 7999 10864 25362 17561 15421 37667 39184 25106 36792 30799 26011 37857 27375 23246 17387 38264 12421 37323 9994 6536 1838 26704 18087 34881 17778 19413 16109 27377 26297 2252 14074 36396 38119 16293 34261 19782 29160 34746 13816 784 9183 30525 28722 25849 23479 22878 1307 24577 19116 11131 12974 11249 15047 2447 39705 26564 37579 31479 4589 4192 14383 22471 27985 34621 18957 14387 17253 24951 18027 5339 36991 18761 37920 18089 37394 22744 20698 7811 10358 36039 30459 32835 39976 28645 17750 13645 4156 39278 38573 29555 33523 23719 31691 11711 29746 21763 10225 14361 28497 31617 38978 14767 24098 1274 24259 36793 33865 6735 21780 20 7123 22125 23970 1818 30301 21115 8661 10675 32278 874 24198 25058 3165 14184 6631 2079 12267 33093 20223 13842 12664 24917 37813 9247 36463 14140 25981 9328 20554
26345 4587 7467 4872 25334 25550 30642 8611 15265 17571 24946 23061 7666 33098 37320 5396 8554 38517 36426 13771 25037 1778 27781 32074 31279 11167 7929 29302 2846 14253 36273 11010 11751 25546 25982 32141 887 9757 33324 21127 39534 29643 11309 2113 9955 35621 32266 18103 3879 15116 24078 29338 26725 28591 34963 23095 12474 22016 20539 1435 28768 21293 5895 18237 24273 5210 11868 9396 19643 11277 3479 2052 779 4458 22348 20821 4422 4980 15019 29682 39055 20906 38914 37047 35721 9846 23600 1094 5400 30714 38141 36174 12302 24904 7803 38971 14017 10320 17466 27902 16682 28695 29468 21785 11858 30839 9288 21549 26844 35778 39529 26301 32711 39546 8887 7252 18304 39386 37104 4357 37319 23254 34717 19771 31665 3965 20864 309 13378 21209 13388 16294 19204 38753 25602 35468 26152 6927 34439 15911 1185 32697 29794 10874 12553 29968 5081 15144 11944 22153 33816 29121 17514 17791 2936 16981 33270 31510 17413 14315 2229 11876 27072 34329 26983 1745 36824 33621 17780 23905 4925 30194 32473 35695 24525 32567 7825 17134 22168 17421 9542 9315 19314 14066 14707 19320 15930 35928 13483 12643 18068 11817 18392 36294 20024 25417 19910 8258 6310 23341
13395 3849 26969 6839 27036 5656 31984 35101 14267 16675 11927 17363 23421 13393 33450 30912 19606 9279 22955 9118 3145 31706 36939 1638 11035 39235 18889 31517 35158 37974 25718 8187 10594 19134 9343 33819 21448 22622 8289 37082 4369 24933 28700 31175 38122 13767 37853 8731 34706 21254 38590 17926 22331 39691 28023 13203 34252 17628 33904 35657 13772 33254 14792 2835 34681 10851 9513 34718 37780 30846 15252 12792 798 19615 15539 11065 5921 35756 22326 4074 17510 36521 28877 1963 29693 10075 39153 24743 24987 36128 24593 37093 33412 33138 12434 20627 3170 7543 30497 30656 8368 3926 28501 29822 14026 6738 29199 30021 32105 24910 11068 25397 165 9237 11653 8644 33220 19963 10660 30917 31262 9796 35667 37600 20691 34231 12239 9687 15621 25412 25426 10603 31386 13879 26259 24641 17577 3058 22196 34075 21055 22880 2150 34104 35359 35865 4170 29210 28220 8898 12520 1656 12485 22579 11085 28901 17833 26371 38548 34529 27450 23807 37582 35530 17899 12526 38541 15526 29852 15781 18048 3949 36914 921 4408 23000 14376 28234 26622 8461 38126 39323 27472 3423 24311 28407 29063 4351 22368 26245 16893 39948 28402 36037 38529 17607 5820 4968 12961 11784
2442 27782 33013 15741 11171 30496 2900 18064 24283 38144 22028 36511 33637 22905 10994 7054 11566 37794 2679 28139 1537 14917 20793 37984 58 39128 18333 1303 15967 35781 4739 6038 88 7266 28729 22304 17553 23862 22879 10208 34442 7669 4043 3437 4674 39259 37825 11323 957 38454 12439 31926 10296 18606 15528 5681 22210 18617 21478 967 20729 687 17977 34494 3441 30038 38104 6214 33265 4301 23997 8365 6687 37534 16000 6850 17481 32904 10762 30859 13224 24146 9032 30362 6349 19486 36414 30498 18076 13738 5837 26848 252 20134 9056 16236 4682 7482 6548 39105 8067 18658 25807 5686 29342 34092 17305 36669 38070 32635 29258 38003 5612 38871 15140 21904 25947 900 7921 28388 8149 24318 24 33511 6520 7589 31601 18720 35416 14752 2580 3266 38515 16672 32335 24697 23404 37956 35145 30710 38383 30187 37958 7614 26837 28900 31948 14240 38368 4056 15800 32763 1862 26172 12096 8657 17987 15474 30503 24829 13507 5186 3900 9506 26976 19565 39598 3494 31944 1025 15453 27636 9680 31192 36931 5347 13274 20133 34603 33097 11836 37848 9474 36224 28981 31274 13648 39033 9382 5922 7778 38446 20042 10768 4134 25931 28482 35747 13107 9987
16419 35094 33666 37677 4957 3938 12386 36919 4543 28987 26008 13505 2635 7752 4777 25227 8550 10213 6858 27604 12018 39602 34960 485 19888 13973 16309 14776 12042 12381 34753 21573 26631 4096 19280 33991 29915 4036 13153 25258 17892 33862 25109 8796 29614 8945 23730 10506 28825 11160 31826 7906 11606 23762 20783 27196 31903 13777 36933 38071 2476 33790 35679 16660 25461 27490 37328 12919 3787 29125 7306 33954 31996 7483 22219 39296 2652 33079 39361 23909 25327 10072 2233 249 16976 22130 5290 26472 15559 26852 11438 11624 36755 1478 17555 31344 20710 33921 7733 4219 8848 39897 34828 3139 39786 34774 34432 31456 30120 37736 26142 694 34920 15459 1266 36577 39083 461 34678 34072 10108 11856 18375 12454 16279 14502 12935 39370 35625 6266 12246 23732 33264 29038 4809 12014 7705 17868 14504 33662 19236 15000 11193 16310 18052 16027 2158 14448 34761 14955 39212 24208 36131 1641 1158 28744 4123 7897 11990 26590 18512 33566 4538 8292 2283 2912 5985 5889 30404 20256 11431 34256 9136 12570 9792 27094 26944 31028 17896 36322 11325 26503 5798 13678 16673 5915 6976 28194 5866 26722 37168 21644 17324 13010 29356 9192 24319 21140 29472 25492
5078 15920 38358 7326 17813 22965 4042 39383 8685 21813 39832 32447 33989 34311 21069 10419 5984 8900 18020 31999 34451 23811 34055 22654 33470 36689 31770 8116 3110 15248 2645 33767 37796 7443 26546 20383 1861 21651 24353 35305 13694 38773 5200 13076 13984 36551 31783 17366 15579 23007 10248 23983 1621 23315 32207 480 27894 7860 32352 16804 39232 14835 35285 18810 9578 2640 1195 4668 36635 20103 36580 30146 14437 9586 31814 23200 7907 20603 12361 8241 3464 36655 7560 8976 32297 20468 18303 26089 9515 27727 38694 8311 23456 19034 39800 2128 21377 12452 8026 10860 10161 29012 16803 23380 16024 6061 32495 24269 8376 19855 30672 27761 14089 39741 26208 21829 38030 31532 2546 34991 25009 8290 8223 9684 4854 16781 28480 15769 25877 36153 36946 27668 26191 18284 12418 37145 26234 19017 6996 7922 18902 14244 26512 14865 38483 6208 2688 34966 14810 31395 15685 12247 12493 24433 27174 23105 15042 289 22851 14665 15045 19053 30768 9657 18034 18301 7209 27427 21237 7914 31450 22057 20782 14313 33383 22993 6545 27758 3812 18397 29861 30383 750 12221 12512 37389 33585 7329 30128 26889 9049 27061 31313 15078 37975 9424 31703 25077 15385 9587
32443 826 2624 3196 20244 18047 16281 12698 1234 1322 38113 11988 23429 13591 28580 18766 25316 17795 35596 17308 6946 21818 30756 10149 31452 38441 32015 20552 11311 28047 25139 7320 8341 33859 17167 3091 32316 11848 16404 28174 28871 18434 25482 15294 5890 4018 19020 38970 1069 34935 9613 7410 20087 15211 36245 37477 343 5147 9940 37771 16574 27928 4932 16833 25344 12375 24740 22781 7628 16420 25527 39692 24457 12475 29064 14632 12775 15374 11474 12084 36856 13263 28000 29396 28730 19608 33425 9271 4254 7668 10012 10868 23032 36113 10610 34204 33856 38210 7050 27489 27140 16430 28259 27667 33649 6900 37701 31886 33542 23370 31611 13058 28097 34509 11216 39856 26069 39077 886 10229 721 10896 2474 18457 23079 39756 8569 2747 26978 16504 15698 11421 5304 28302 3289 13380 35775 37020 32912 29257 1884 37820 30154 4109 34723 8193 34006 34781 1464 14395 16912 36712 30550 4982 23700 9615 9979 27522 15836 15357 8541 24040 31925 36299 18619 17493 7702 10376 16242 23965 30625 15683 34592 3988 29440 39772 3575 37691 32127 28840 34238 27561 15853 8964 17456 35899 19291 13478 20478 7919 38708 13490 35658 26980 22614 16637 37644 28483 34315 12718
37829 1176 3476 33569 19763 33675 39982 20237 29443 34533 4509 2903 29273 36890 15292 19233 12951 9174 10074 19205 5928 3918 1301 30332 25542 14703 3012 18251 18964 14553 22509 32634 3450 20337 12770 38214 32167 10234 24518 31382 18602 28442 8039 25299 19519 20088 544 36723 26406 24729 26665 30986 26672 19556 32023 37661 16610 36272 20605 33351 38910 17448 31394 23802 728 8472 19350 60 34877 1560 21255 16590 13972 13190 3831 5638 1426 19582 16032 20409 9033 20097 22364 25335 9752 9358 21482 7201 30676 20589 37766 4085 4594 30060 19631 25810 15012 18639 12555 19716 2207 13456 26027 26510 27764 25283 5766 26253 28406 33751 15255 35705 2389 31811 21479 26444 34988 31412 32722 35076 817 10684 37284 14236 10527 1020 6082 21064 11676 22420 26102 26782 25480 15724 5790 27498 33840 30532 29575 23533 2859 22288 10365 13510 2940 1585 5792 16028 32068 18861 16696 37925 38466 16373 26018 20251 24890 773 17247 34047 3358 10249 27223 31440 19852 23773 22201 18605 17187 7561 31695 24684 26462 10725 39218 14487 2646 34891 32427 16317 28839 22754 39980 37944 21580 29896 21162 22218 35395 35271 3348 9426 18342 7640 23090 7237 27989 23015 7011 23503
31246 13341 36069 17559 25964 26040 10159 30312 39286 3176 30098 29065 16194 20542 28632 27543 29867 29765 19218 17040 15720 499 1930 37939 23803 31571 10118 30051 18169 1759 32315 28611 20846 28013 18971 2496 36495 23215 36146 15449 14852 27053 15175 3906 23379 23207 30562 18265 11805 34787 38701 13770 30964 30716 12000 14191 4008 11501 7812 39831 21576 11620 27272 36213 18012 27641 15311 33317 2774 31521 484 4384 1790 8881 1889 20332 12250 14651 14717 34749 6091 23849 38882 4782 933 36427 24292 26731 24667 4535 1064 37714 22021 15596 24634 8946 31879 32631 6829 30198 37904 22376 32025 6369 4555 20726 2660 3636 20692 10778 37965 38645 4596 11405 39099 7264 36316 8630 33462 35002 20652 9908 17498 32211 3084 2210 26454 2662 23255 27157 1628 12898 2333 20667 20849 30865 6212 3323 38752 15005 15061 12939 6695 23933 36035 23502 21238 29029 34437 29332 19392 37442 9914 6683 14426 20656 23172 35722 5815 2850 25549 11310 2189 19491 2155 5031 39917 14543 34353 37913 11315 3121 39496 10039 38624 30420 37539 197 1415 12985 25928 30196 21310 30719 35410 13385 34759 5947 26368 22554 8373 28310 30933 1728 27845 27614 30891 31713 22990 7876
20323 4764 28462 25405 5888 37889 36791 35828 19094 6956 33596 6092 27151 22558 16920 34356 28794 28875 1967 9747 26284 15542 28453 2077 4814 32469 22886 31087 10083 34476 37160 13788 2926 21227 15381 19331 7725 5201 4438 35524 25589 9499 32426 24129 6568 19029 14626 1296 2843 28634 17504 24461 24579 33826 15608 9080 11680 27769 24210 37405 5380 33435 2696 26975 11237 3383 39698 15806 14132 38770 25057 1390 4641 14050 19138 35140 31340 6205 5355 6766 29594 1186 22135 15543 25415 36787 154 32681 19931 23081 31236 5205 20963 24779 701 12540 13710 27939 32140 31930 38431 3952 6835 8445 20547 38481 20844 12930 20322 29036 21838 4258 11634 12864 10844 13649 15011 29715 36603 20055 37157 37465 1434 21147 21836 30733 19609 33958 7711 24526 36595 11020 19554 30587 33966 18430 2486 5258 12065 1835 6479 16978 10168 25126 3859 6912 38404 38059 24251 37027 35776 9323 2358 7369 8276 25704 24568 15827 29983 19463 7962 33415 10519 17006 20936 17842 2110 16280 26675 30579 24854 10371 39593 5675 23782 11491 39292 1829 1840 34606 13936 39294 32669 28639 36053 21502 14661 13579 4095 32771 19968 19362 28741 15514 13626 7706 25653 2107 36520 5786
32318 30480 20898 4867 457 34524 7833 13471 16379 26223 21011 339 2236 37482 22476 10067 33084 11726 29992 26209 13009 5432 23027 17821 11713 8623 37291 14280 36062 10793 26598 9216 20655 24852 32709 28303 32236 35250 253 24293 27990 38817 4941 10698 39404 38418 10948 3050 20818 21060 11674 33612 34796 34180 10337 37256 37002 30437 34464 33783 36395 17762 28567 21109 5351 8224 29565 3337 35567 28668 5532 19417 2221 29056 9294 26393 33806 5797 27900 28759 30197 14886 2720 31052 31849 29505 5220 336 15703 6720 36722 30335 21816 5318 21375 21217 26295 16101 36596 6198 23589 700 4106 34009 22788 21097 36618 13920 21437 28300 27953 32888 35125 19809 34288 12284 34564 33029 1476 9463 22923 5593 23391 8676 7870 6272 27739 29348 1565 9260 11696 16800 20052 20248 32804 33708 10420 22564 8770 8038 30911 21038 30119 2265 11300 7407 15464 26674 23655 1343 23128 7140 11576 15589 20219 11864 38606 30895 4144 36404 20014 14143 27148 12507 29600 10590 8099 18193 26776 17304 23667 7829 39117 13675 21969 30214 14243 12940 22553 10455 35160 39942 15854 25345 20786 6274 30703 9352 28725 17164 6127 11513 15364 30630 38795 19105 34624 20706 35923 30183
20746 3035 10005 29476 17495 24145 3123 5280 25221 32760 29334 14206 38261 38136 24617 30439 24631 17675 36371 7377 27158 24942 14292 4795 214 1357 36466 1497 16389 2123 16742 33831 31529 6238 6815 37228 8037 31772 38510 29353 10952 22720 35411 39688 22378 21324 20279 24058 36697 10617 16761 18399 11130 37299 20396 22582 15939 9481 38981 19120 410 5819 23378 18724 12251 31888 33452 22262 18358 36150 34040 16186 10176 17222 32820 5508 17458 17882 24514 34674 9027 3497 5322 9791 37942 8068 9155 23060 28006 15473 27890 10737 12797 15960 32919 27897 36685 25667 21368 10658 2117 4093 16648 38591 33313 22472 2914 28763 23222 18039 206 29066 20894 2159 24179 4617 17937 18707 20811 13398 37279 24006 22951 5989 12029 4003 24288 2092 22967 4751 27606 10367 10651 3238 30211 3040 9137 16412 17039 3316 27969 19672 8949 10051 4226 20291 23822 9059 1902 4326 26816 38714 23438 11174 37355 14866 37413 7064 18981 34406 24432 8777 38356 10795 15202 25831 17758 13127 35477 10850 15977 30413 29083 16097 16304 20727 9197 9783 988 19316 23647 22846 35904 28156 27958 36622 6154 20239 39940 33222 4420 23106 13589 5149 27214 12170 33731 11282 27566 12278
3921 21107 27945 18483 7217 26155 12224 681 33658 4963 13491 9829 2299 30419 9521 25089 21338 25263 32600 32399 595 37351 32151 16268 7232 18750 34314 5782 16871 26765 36668 22683 8634 33771 6065 5128 36913 30348 29268 445 22054 26402 31169 38920 18151 37664 12557 15014 32231 51 7540 34416 39989 30306 39142 36867 30511 39047 12025 2678 19360 1419 16212 12035 2480 11667 12567 4468 5894 31799 24515 10757 11425 18125 11147 27484 33221 14433 19683 28772 13690 25841 35730 30544 26966 22537 18431 1720 11004 6650 24186 32806 14628 27605 5090 38064 27577 34644 34499 26202 37362 10266 21128 35619 22578 365 18595 15515 9360 27559 29283 25278 27262 23999 13168 36181 6293 15137 39241 8170 28845 5749 8432 8494 8497 27034 15627 32233 13446 20685 10607 18300 6322 38919 7801 24357 16060 20089 21495 9559 24529 4931 24614 11053 36847 35451 38117 14250 14942 15423 22666 491 37623 12443 7571 12537 10769 32159 34156 19052 29291 3290 3611 2957 8008 552 674 2423 35659 20889 13269 16073 29418 6101 11732 32181 26603 1355 8825 12371 11330 2352 20756 8257 36221 355 168 3522 27737 7176 2247 8153 1177 2669 33749 14431 23712 3039 6181 4246
35046 13451 11743 27355 35554 27954 13902 31353 16936 27357 37224 7488 26475 3078 5598 4513 17869 7242 29025 25438 36601 13997 18345 24103 20449 39613 26873 27378 10885 36615 4194 4371 28935 36504 30806 7152 17024 23891 1062 28607 7555 13957 23653 3880 19907 15052 18845 33039 11469 2176 38767 30593 1532 11704 1387 16841 28394 32506 33269 36774 19688 37134 36516 38887 4419 16171 17014 27000 35376 20386 11076 22322 27811 33707 8677 16468 17282 29035 8767 36934 6161 24137 22144 10917 30731 36620 20921 13155 6045 30299 28559 23847 1810 17018 24995 12887 9785 22619 19641 5429 32095 37475 29607 10112 14523 26691 13008 6180 10448 34798 31229 10006 35340 28970 8492 35633 39452 33180 33699 19262 33716 15862 21117 27745 3532 5232 5219 32785 15730 36031 38025 7416 20924 34325 19653 39567 32334 6653 33757 20399 34443 38825 7115 13822 32717 13396 18615 25013 21906 36417 31866 26609 6929 281 26270 38638 11789 39630 6069 38268 25424 1693 32173 258 7958 21150 22584 15298 15744 2364 3495 5094 1500 35280 24436 37566 28932 32472 3764 37674 18380 6012 1619 280 37622 37333 28999 26787 31684 25929 4623 10713 6199 13872 1646 30577 23517 18495 27110 31379
2911 15629 3398 1554 3929 12715 32812 6301 4402 34330 8816 8589 39506 13327 5177 35540 12646 14439 4097 17420 36633 36050 18968 9593 15398 7828 17423 22603 34502 10469 23362 38738 28289 37985 22310 28540 20351 19867 20572 11298 15503 7360 36445 24337 23212 99 19794 14962 26750 5245 4066 15677 17139 8321 22750 29359 16717 35326 23505 9701 13564 22496 11866 10656 8379 39502 3375 39476 29377 13721 10888 9035 30664 2488 247 26411 1420 39934 13081 4850 36343 12561 13454 3518 35258 3982 29434 20437 2964 13484 31260 8747 6169 34561 4938 32614 18628 9643 4929 32887 36544 8361 28128 21002 39504 33788 4724 8323 20419 25580 1364 34933 28859 19315 26775 21690 32158 8346 2719 8186 32765 38959 34841 16276 15485 17650 23026 7971 25385 16075 17539 26655 13503 3415 28154 38500 12615 26746 9338 37288 15249 21985 20784 8622 34844 1672 37898 11811 29234 36502 13607 1632 3128 15978 8348 20588 33331 19708 31708 30797 7866 30680 15893 19383 22458 23125 31612 25465 21546 38791 34111 9663 34367 27675 10870 1792 1819 31789 30376 29813 38174 26987 18183 2322 29341 25427 15180 33161 26278 7395 6891 37507 29739 38480 6234 27694 34302 19639 17707 14618
17288 4051 6480 21692 13877 7894 31364 14483 22032 20275 19577 3961 9439 13423 14441 20221 35314 36700 38266 17068 160 1870 16211 35637 6532 30083 19902 19584 23277 2502 25685 7134 166 12169 32011 1832 11585 24241 11057 2406 17243 22223 21453 23887 35058 36178 9012 21715 28077 16137 30456 16810 3181 29965 22943 25228 14930 2816 7771 30339 31934 27564 35733 5733 25490 14179 38080 11009 13525 19892 29591 30215 33113 10431 26649 4792 30167 3288 24498 23806 29646 23689 12380 20893 3765 39429 2086 9138 15712 18250 22056 23820 27708 24252 11143 15587 17237 14421 29479 32128 15472 13337 39255 18176 37340 3815 12428 17099 28977 12480 21745 23402 16751 15860 14996 37611 5739 1651 32965 31741 22959 6969 35440 38282 20231 24405 9772 15761 30701 27497 35017 38954 12914 38423 20567 9325 14336 999 23211 24972 38218 36257 26206 27778 20792 24955 710 9817 21645 24790 10061 13538 3137 31069 28046 113 172 4812 11561 3821 2847 39391 36145 4626 5874 4228 17484 13520 27948 7606 7817 9283 14946 9990 34946 14220 32455 29195 16147 19410 26082 20130 19831 29152 38700 26317 31614 18723 3261 6150 28238 30706 18770 14525 32109 26256 121 19564 11778 17318
31623 31223 18663 31757 757 25234 17031 31559 14549 22536 10040 36852 19442 18784 17297 29723 23972 8121 30822 3862 20313 9222 31376 9146 141 21637 862 28 29019 8307 6674 14251 31773 4875 28878 35019 35586 2981 24878 22003 22950 21638 523 22983 29911 38461 21040 16139 27168 30728 38107 21051 2000 14550 17457 10894 5365 1484 236 1123 24929 14209 32242 14756 9551 38860 39137 10522 37478 15885 4387 1919 17506 28227 3063 16826 8184 7611 3029 28606 16873 5500 1912 33124 23184 5362 217 8792 9456 11307 14590 5315 38520 16785 29132 16644 24795 30850 13140 3653 24417 30300 38430 39302 26513 21012 955 36809 11538 10430 9839 9273 38184 33809 19220 4143 32259 37450 31993 13792 3528 18916 30534 18002 37036 28594 25259 451 13267 28016 20390 17753 29404 17212 33572 8856 6794 48 34593 6299 37851 32510 4368 30123 15400 16165 20548 7867 34748 11061 28549 25190 8518 17284 17918 22825 30380 7774 35266 38690 383 30974 29247 935 3274 14586 24326 4542 5377 35480 26972 34837 34689 8110 11797 13236 11439 9875 32256 15764 3042 36403 5802 19796 2269 34700 38759 32462 18887 24524 28681 31471 6600 15094 15414 19123 983 18126 16318 12542
39562 37074 4100 25647 1213 28342 20125 27957 29031 22547 26057 19024 31405 33311 26228 31467 34528 39764 39490 1635 8029 7760 24393 20646 35808 36393 7009 19384 28800 35831 4236 27884 33444 11812 19808 9205 30486 38986 13167 8641 18442 26267 23065 22379 26554 39329 13053 2821 33239 22892 1444 11512 37787 15565 20996 14264 9689 9849 734 8402 29788 23052 10724 21574 30636 29970 31323 31876 9963 16549 13849 5752 31563 23663 15786 8736 23537 35740 2025 16748 19219 13802 37046 19510 34212 37554 10244 3698 38829 15261 31282 37907 24866 27441 23899 19805 36753 19038 4087 20796 30548 20885 25356 19251 38372 22808 10319 35568 9073 17343 32968 37550 27162 10404 35942 3285 9527 11146 25626 32243 21440 33318 31045 6702 26445 14402 18909 13586 5185 20442 33980 20558 26977 12839 5273 6647 25682 4923 27213 31869 15828 28212 125 27995 34273 26457 4863 2219 19832 341 36090 32630 10306 14222 35938 2799 24413 15072 25975 25100 8260 39612 35691 25859 34605 24065 9269 15727 5731 22569 6857 25945 31552 8565 18841 13776 32917 762 19322 27284 15438 32412 35099 13342 39655 16056 12608 19032 18572 2136 7125 14359 510 5004 22411 11908 38756 23008 8558 34295
8344 11266 31235 15387 5158 19526 1933 1082 11776 2437 35052 932 2564 13598 29424 28205 27734 28370 11353 15133 20993 29545 38091 8654 21189 20160 8014 20063 17461 9794 24511 13787 35829 35759 16367 20303 752 26759 13418 34696 30862 25384 9763 30091 22659 35669 39310 30758 38450 27719 12314 34221 25616 34924 9011 2294 15883 16356 37774 15990 3242 14753 14966 26747 36887 29540 144 30648 33479 7104 26161 13462 6282 39036 28096 35768 8340 7192 5088 19363 10900 22740 38555 22551 37933 14232 26877 3356 8469 35083 24574 30483 8100 13509 19292 35315 18228 15788 5252 753 32988 19620 19601 2069 11625 21979 35489 579 4855 35434 28095 22931 20454 12177 5604 34323 34109 17540 3260 20032 35336 22128 17983 632 14465 6204 23397 1485 34199 17364 31603 29347 1300 37474 1907 36277 7075 34661 562 33932 25601 36055 19160 38147 37195 15953 37000 26294 30682 3462 4715 29880 6986 7478 17708 6616 7516 31081 12273 21941 24195 39239 7222 27224 8019 16984 1121 27787 15946 39977 28758 23307 24170 26252 32926 1271 35717 36096 16754 27710 32920 18851 771 39301 12720 2190 28386 6050 5738 7361 2769 18514 39236 13117 19405 2516 31990 16383 21144 30113
14284 29982 9364 31058 8024 18932 28830 31152 19012 5317 22746 26135 9261 26540 7688 16563 33586 27393 11687 17489 24988 29546 37918 35805 11642 37117 21700 2865 9497 35232 945 17034 8052 6948 32101 33789 9061 27345 32206 34400 25761 34424 3673 3902 30884 26481 19365 16181 12148 17971 8265 228 30771 20788 18449 1456 30762 39632 31792 20720 2606 11671 25927 3025 6433 20028 12498 9018 14307 18110 36320 16025 36115 34816 22436 11668 39448 10599 35726 5402 14344 8614 13914 9210 22193 12948 9200 3414 38401 7695 12845 26933 2701 1206 17228 36461 39633 2538 91 28879 14086 12873 39095 27650 8418 21116 35580 27294 14795 22008 28192 25340 14820 5337 37247 38833 12634 15254 26729 17972 11336 8678 27528 28126 3454 16312 37950 11899 17249 1063 16555 27312 7235 3824 21526 1890 19351 27200 17946 25476 29662 38367 9275 24744 18063 5206 8220 13828 36059 39776 27642 5629 10303 21061 7057 24491 31413 11523 20973 1589 36276 38564 23841 9173 8548 36012 16817 5615 25594 35355 5853 16015 5015 4014 23355 17573 6510 27495 15189 15397 15729 26994 33911 2282 7069 33200 22970 36454 26611 34965 6303 16729 21964 16409 31966 13069 38623 30594 15633 21496
24778 10330 8287 21444 37795 15493 38283 38098 3811 5253 8595 1691 29373 17590 1209 12162 22122 28622 10192 5560 32118 8998 29756 32537 2323 36988 38685 26012 24066 26447 33332 29408 15115 31880 27938 10905 28629 19208 17339 18278 30530 10939 10076 22167 35839 20334 31837 10983 36402 5949 28307 11508 26550 9244 39373 31980 13440 15779 31293 16094 32308 35377 14449 4222 39251 21102 31705 25611 23112 7025 7392 24601 7146 33199 14447 30076 31922 15517 10349 32837 23411 20708 32662 18922 324 18630 7381 7316 35662 25655 4059 18657 10781 9232 6162 27203 35951 6786 30030 24561 13742 16326 31793 7154 33190 24281 17298 14850 30331 33184 20877 32980 15701 21454 1814 32749 7457 9085 27322 33575 32387 14979 29945 19045 30892 18240 8553 30694 26056 3310 24848 24497 2289 22805 31906 4897 13704 30272 22299 39992 20096 32719 14235 427 14845 32737 6736 29470 23209 28296 24886 19172 24386 1559 19007 37594 38076 9941 39125 32348 27301 30784 10837 21575 24556 7178 15319 12907 23565 39871 26868 36141 32086 16669 27879 25318 19294 31003 36351 9975 34915 30010 11604 23977 22464 30125 24730 26645 31881 27906 38373 38152 7016 11912 6809 430 21691 9722 5606 245
5240 39723 140 35970 25039 34826 3603 35215 7697 190 38547 10585 26356 25711 21634 38468 4604 2457 12895 31072 19078 33984 35901 23777 18908 36643 24113 22958 39162 24527 2616 37037 27901 36909 6732 27261 11691 31116 39505 11142 12305 15307 1679 19306 39428 20654 1665 5527 38489 38966 38177 12082 36 36862 36803 27966 34136 16906 16090 28269 11652 23885 38859 36093 34767 24396 27538 5599 21515 20354 30134 1184 5352 7785 34408 37466 16220 21135 19909 36470 24963 1808 10592 10120 22946 39614 35623 24297 19249 14200 9091 29345 3158 10708 34453 28313 5905 28086 37335 18396 25949 26850 32848 17125 4202 16290 18983 33167 34085 38414 2336 15524 5216 39824 3791 20360 17299 9995 19590 23364 22934 27803 13536 35007 24768 10723 33127 16328 24956 38891 26 35760 26737 3699 35796 4185 4717 17783 4196 29093 30417 30305 35999 9762 21403 2309 15153 3037 23464 22945 2276 39418 27166 33233 16415 18877 24857 5932 24409 37528 27465 25993 36334 2915 10683 104 13425 29634 20263 32072 26159 37424 24127 18530 38657 36718 25375 15395 18224 36057 9935 12706 27843 33262 29663 32724 9264 36778 21034 33433 13561 39535 17740 2414 19414 23163 6396 22843 26150 3738
30277 27344 16725 25630 27743 22646 36443 1979 13676 9369 1709 26934 33485 35106 15561 37978 37136 37935 3338 25670 7932 7632 3736 2975 18985 9476 531 35607 1779 24383 5969 21373 16463 22988 6242 34028 19632 3975 2655 16176 15694 1380 33119 28066 723 27771 3061 5935 27438 19468 3386 194 25137 35931 4950 37484 25203 35905 15864 12896 33016 21552 37941 29436 19769 16289 659 12878 36998 29944 23872 24727 28498 8443 26199 12594 13158 38735 38782 791 33679 26728 20715 25256 23511 20327 35197 27069 39609 16923 14874 11019 9938 31063 9299 22045 38215 28663 27150 10557 8601 33475 2464 3431 10536 11969 34801 23017 30582 884 35353 2206 8005 3465 13215 27458 28670 33055 21168 11429 26351 6486 20426 10312 33540 34685 29848 12052 31182 8267 27371 31864 13115 26565 14602 9988 8419 6018 370 17381 31332 9422 15066 19682 27993 37161 16041 21926 356 20512 38014 9446 6920 36986 26037 10863 33496 10831 2923 30406 21659 3429 3855 32667 8122 12460 7902 6771 26225 29386 21848 1077 2512 8602 1664 5541 22398 30201 37294 26537 35073 34754 19385 33624 38031 7060 13285 21841 9553 20805 27086 21270 32587 6931 12522 2628 36024 31168 20598 29652
5412 18313 1306 35738 12795 9278 6110 12814 23439 29523 34377 33213 35294 14645 36932 28933 34572 8093 19455 27286 2306 24669 16565 28408 21743 354 32668 9257 36530 136 2421 35287 39941 3677 30453 28599 3974 17805 10547 13360 11780 26137 37901 3761 4191 25904 11018 20777 8627 32218 4889 21046 17059 21507 20912 19088 36045 14818 39411 19359 28798 21633 14369 7871 3545 9934 2126 37695 34930 32886 29883 35694 3000 23662 30900 23518 11241 4731 35488 25474 323 29336 1055 37614 14170 6025 13044 16354 17137 20915 5296 37042 35606 17379 8178 33191 14040 27467 1372 38049 33940 36534 31714 27866 20618 18275 16021 33301 16753 29699 20699 6500 24468 4571 37259 23153 7344 17226 13746 30906 9661 24883 25016 24753 976 11890 14941 9622 16691 2553 24488 3629 32112 27137 28384 16124 15428 32742 6365 9485 8762 23197 18461 20193 23628 1729 12149 11961 12128 11400 16484 18773 33110 32162 28437 22224 32679 14831 39971 26133 13943 9344 34063 21123 30205 17220 24332 28499 16854 19770 28834 14701 5257 35167 21642 19149 34962 30391 20236 15383 318 36435 20321 10301 11205 25882 34868 1642 18334 15384 567 33678 3294 38093 32453 16687 37929 7114 6750 16608
31357 14396 21153 10054 16437 274 18426 38554 36001 23260 19815 1614 6003 11526 18994 4787 30438 1188 106 12906 7160 30238 39193 26955 37522 15159 38916 33290 28135 37943 15868 5477 29315 37683 7963 8498 33399 31554 34223 23851 21684 6426 30638 21364 30578 1440 4275 37404 22059 32132 1540 6745 12067 8889 28533 34088 14721 11229 15272 36407 26982 19880 34905 23614 17943 10170 239 22852 36660 2161 11420 32612 16351 14592 15899 9296 34934 39442 1137 38937 4793 12458 24958 23166 34571 10819 4592 30724 39460 34899 4250 37826 38614 7551 6645 11579 36827 2455 38682 32471 20277 8859 37280 36737 31580 38155 9600 25493 30868 32404 21229 13575 7599 18200 6609 21493 13412 19478 26399 4743 9736 37205 18504 21078 28647 7184 23388 32616 524 39458 33951 16611 16686 17117 20747 18549 36127 14977 11661 21986 6341 543 33606 10284 5960 30246 28675 34633 7630 3149 36638 34392 30358 14596 5973 22255 19550 20280 28424 10784 9700 27440 32139 35067 35426 1292 36786 37819 14080 38956 10551 9491 24680 15143 21762 19243 35124 6686 2209 33696 32067 26160 25023 16808 24398 22596 13338 11410 6378 1472 32793 5399 25905 17645 32178 4722 1823 32572 35338 32784
22499 364 15216 3264 38864 21761 16615 39076 14843 27891 636 14260 7899 4486 7850 39887 31596 37659 37244 2699 26698 27152 2321 14293 11015 38008 6649 13977 19743 32718 16204 35128 24047 2039 18744 665 5906 22088 1340 9681 28988 40 25672 28112 29212 18095 19435 1692 34243 33396 37390 18128 14095 32223 13368 6078 9673 11894 31408 5838 31538 27246 20397 20262 33432 24035 11685 4200 9098 15399 28781 21161 19146 34301 6064 10975 21686 11348 26471 29477 23013 16048 11435 39851 37852 28427 21215 7124 27998 29106 3239 39743 6453 7452 27297 29529 32400 33986 3793 3725 38543 32166 2222 28146 39935 1152 35487 38595 11069 1210 20039 17472 18550 16217 26577 27081 31956 17398 26290 13603 28924 6883 21106 17998 36708 20187 36937 1178 10390 39086 8212 15006 11081 19879 18181 15049 11981 18678 16627 19776 22058 9 35907 33579 5618 37382 31591 13560 17066 11516 10690 38212 17835 1518 24934 16760 12865 37900 36922 5345 22188 4591 741 12825 11992 26793 23054 22206 10211 34658 34265 18031 29559 840 14182 23978 9039 37827 16348 26926 37999 6422 28715 3860 10167 6260 12886 3089 18781 1583 36942 18210 37118 4289 16390 8433 2022 11321 39964 28542
34060 24594 30807 33312 12442 20025 34234 34953 38017 37167 10581 2183 3511 4152 25991 39895 34425 28364 6719 35906 30353 31630 27461 12260 2370 23476 8386 38693 9092 8439 18927 21271 6848 14683 37336 1948 708 6936 34799 12026 16928 6001 35270 10669 35347 26343 9508 6000 20879 5251 15811 27043 17342 16513 30746 11483 19807 17596 3271 14668 39771 39378 9297 27748 39904 2066 37765 28159 11334 4004 34623 36938 30641 12241 28619 22342 18281 13542 23526 23627 37625 9060 35546 16496 5077 23022 18189 35225 6085 22066 4633 8915 37476 32946 7169 29084 26887 29567 35166 11770 39195 28446 23817 18783 21869 26019 1221 2073 33316 21225 13434 29413 31605 11930 31193 15785 16155 23168 21967 6888 3346 8046 34634 11760 32543 8784 24469 11075 39245 29510 28754 31402 17958 35634 9504 15588 13430 24403 12781 229 39425 16339 19419 38034 15569 8392 35618 6331 30355 31171 6037 14951 30307 13735 2360 34758 14102 11466 33401 3293 38716 15638 24062 24115 34347 29400 37397 25878 26050 20909 10881 22559 27976 13295 21374 26477 21721 36000 3892 26895 2290 25976 18799 27327 26885 2030 39956 26768 21803 37802 34713 13855 7279 28019 16258 12227 2271 3857 38275 14172
981 37071 38962 30127 32776 26648 2740 12289 10572 11862 13668 12628 23809 7777 8077 33935 29141 19753 20840 12397 17671 28962 8535 535 6060 12378 11733 12332 10441 514 37181 9567 9414 11627 11602 345 10950 27455 33936 21537 12857 4418 21914 17820 15270 25386 3174 38246 26968 21073 9181 27358 17471 23672 33969 33293 8074 30666 17102 31697 25178 3109 21319 23471 24069 6030 200 10972 29706 28706 14217 30669 24677 13757 28899 11070 20101 10929 5986 25574 347 35676 14324 28835 24550 29628 24598 38121 25845 13239 31845 10422 24968 37927 14100 39050 5664 20507 7973 37344 18934 32129 26005 8948 12931 2659 26001 18473 7629 20639 31974 38587 26249 35616 32846 19803 19454 29444 11633 25489 21174 4358 12504 24072 13208 27709 26071 7518 37472 13323 20852 3563 25998 30296 37130 37654 11113 22930 33131 14203 29293 29112 28735 22940 33869 33376 24042 11413 10043 30752 28247 38285 8931 16458 29820 36797 10021 10890 11361 32836 18987 31329 35296 33034 39461 31785 18952 36073 10556 30687 20050 4846 18920 7840 13659 30575 11366 33169 17855 18066 476 38772 23390 26624 6543 12017 34457 33042 12717 35563 31150 4268 10763 29260 9166 5392 28910 3593 7807 5722
10512 10879 12597 17737 15558 24909 16940 954 24327 38232 32021 9389 24573 14894 16098 11482 5241 8801 22727 11571 17197 18485 22454 22392 8663 8906 27571 17736 20407 30916 15470 28376 31647 7004 3146 36360 15363 19544 38235 33663 1845 34133 13349 19095 15658 28423 23326 38413 14491 35366 14867 24950 27979 14960 14961 28685 21404 31089 23620 29618 14798 10174 1367 27678 14317 12714 11201 14766 28362 27305 33455 16649 13901 20284 7816 8734 129 35059 13769 13990 15348 20602 21074 4822 25117 35632 28866 19399 12710 12891 12390 3377 20610 27283 15717 25828 33064 38416 3803 13091 23619 22747 34010 25153 10938 28251 31306 20776 35025 1163 12437 38828 11006 36888 6916 29449 33563 22549 34906 39518 26504 5671 15580 3973 6947 13470 18980 30744 15318 9376 7036 11426 9557 29984 34158 35461 279 22819 29415 25540 39445 12323 25537 35819 22390 4267 2893 1433 20358 37719 23460 4756 12880 17673 10570 28704 2768 13134 21629 15784 28724 36769 23990 21134 12949 13142 39419 38110 19903 27411 35170 36860 6506 25242 27251 23282 7888 34994 35799 20258 13273 23633 39447 33657 31109 30105 28615 31919 21111 5276 7071 3987 25782 23426 10716 6793 23399 28776 12656 26021
9920 29170 31330 6440 16998 24197 25377 17844 27408 314 32638 18152 30144 10396 22839 12097 22916 27833 5187 24692 15759 325 30908 5499 36296 15938 38314 2479 6584 19152 35283 1494 15321 21835 28963 9832 66 30936 38820 7049 10614 30991 12070 36805 16385 27065 11801 8934 30896 6053 5321 783 37529 4924 3936 31163 3151 21577 4401 36936 21301 10808 14388 37730 25315 4175 1458 31666 30781 28804 35209 24543 28396 12799 11593 11721 3617 20522 6240 18668 1068 4507 34857 11895 38412 925 5374 39156 27016 28274 6321 23831 36892 12341 12078 14305 37629 27744 18865 8733 2140 14425 35356 33714 3470 24054 585 37971 7853 27373 36453 25241 24033 3043 26048 1772 20759 3666 19162 9354 11537 8486 33244 25274 32327 26000 30898 11968 11785 14698 33219 38849 28570 12911 21221 7541 20496 20145 22220 6966 22773 14906 17873 13557 16274 13647 33358 17888 37548 15489 6724 2166 26498 32670 39174 16136 5443 20820 27518 4578 37668 7130 21138 23882 2196 25605 24872 21662 2341 8876 143 29417 16618 24875 26803 9878 39051 34074 1133 36056 2723 32081 31942 3553 3301 21105 23001 23413 29013 31528 36097 7139 4280 3018 19168 15693 35663 1386 21564 8928
26705 9532 29136 37331 25600 2751 10664 22575 39161 12473 15032 17839 6769 26492 2741 9326 27407 1715 37861 17204 5757 36157 17232 5360 15529 30755 19462 5401 10515 28996 23294 21565 29792 7535 28767 25919 36331 38717 38037 22318 29071 14229 38241 39896 32078 12293 1504 24599 922 39007 18739 36506 30302 22530 39065 36164 35043 22051 3162 39538 23473 38188 30434 6716 37045 39080 26599 29304 19238 35502 1028 30663 27341 24097 29549 36766 20049 18561 21386 24203 16371 37824 19751 14046 38012 11129 30465 30280 23417 30802 8969 7732 36604 19850 32431 23637 3211 25430 6292 2053 29390 16378 17818 6157 14073 11196 13003 25303 15963 1376 33547 811 35105 5231 7474 5801 203 12161 27609 27922 29727 14318 3743 11207 28336 33242 20305 19675 22639 30304 16991 4190 31551 36136 32270 7384 9129 38647 17048 30208 36756 17782 24144 33906 31366 31044 10887 39295 2284 25265 7262 11666 14277 24606 37305 32283 10913 4039 38842 17829 33687 24802 455 34082 8989 27707 9741 33875 13043 10187 11281 12633 20596 6395 26521 24492 23155 13874 6184 20679 25197 12838 35610 33827 24612 2 8308 14944 18597 34511 33309 32492 25659 39909 26448 11999 25746 15995 36582 11916
33170 30696 8190 24595 35908 15442 29296 27015 9933 24390 14858 35671 15681 20452 26216 38508 19102 4261 23484 21006 4914 38652 1564 23374 29103 10463 38470 7026 9967 24735 9306 7872 8172 22367 27889 22093 10165 37571 16140 37469 9570 33653 7927 8850 18749 4884 8189 39987 6671 24638 38932 6159 29784 23157 28884 18856 3183 980 23886 29857 5595 16163 28067 8718 20021 866 5055 30652 38862 37031 34519 31970 26845 10497 8414 8852 635 25748 33263 36515 1606 14245 30546 30245 8345 32094 19176 32227 2764 1278 20474 21016 12114 36538 25060 22548 1205 17320 19587 36732 1200 34163 28005 11 20495 6372 38661 22366 26426 10316 7709 29804 5439 12207 18533 38942 19141 16154 1490 29239 34458 9448 19159 39397 25053 3104 11177 36066 18032 13570 1895 14282 27468 7166 15610 35871 27718 24530 6119 11380 13549 26293 30489 18216 16082 3674 294 16548 10649 18689 23053 31992 22246 10787 13592 17500 30764 3376 29564 28439 195 38140 8455 7285 5804 30310 17016 31613 39157 29683 19645 32458 10322 26857 27155 30536 17543 14949 19642 33814 31315 26779 21090 39035 28486 35654 13173 17649 24900 19773 583 32573 16914 28795 9312 4761 30826 17347 19915 6281
3774 35976 4971 21596 36156 8060 22977 34245 35304 6833 34825 23635 7781 1332 24032 7619 36714 31731 34391 31627 34324 27775 805 22001 7585 11542 864 22627 14669 5434 6058 27788 29412 20151 5026 6928 27265 11939 33252 16805 13970 19031 15803 26606 15293 23889 10915 30838 21999 16085 3016 26418 33725 34433 6073 7767 7138 23852 20481 37497 29017 7547 1312 6471 16634 32536 21954 30477 11248 33838 14627 2397 20128 17025 28750 37603 3521 29661 34688 36394 11670 37995 10841 29222 34441 3014 17144 9697 30182 23545 8827 13596 38790 9314 1678 717 30487 18846 37310 15434 27640 23274 33026 27503 23867 20168 19490 7685 26785 33481 34468 7334 15415 16030 29463 19170 4645 8665 30549 34264 31423 28510 36823 9234 26106 25457 13086 14875 31720 37565 1937 8606 27237 18640 10317 6444 2809 38229 36041 13280 35077 8766 11098 219 31816 7463 6530 9777 36155 31140 13621 30867 30640 12882 37201 37384 20500 32306 39815 37418 1877 10921 33369 19674 4380 18693 10730 3216 409 36362 21459 31153 32648 11695 35097 34124 5981 29590 8352 39852 3878 36014 12087 15373 17648 31309 25400 2164 3127 38484 35028 39060 18966 25359 8608 9742 38398 4239 19133 27288
15856 31843 36957 39886 23607 35182 27245 25554 7773 20247 27595 14675 26287 156 31006 36365 6827 24531 3609 37979 24130 38507 5513 14006 33815 9081 1806 26075 31558 29105 18360 27460 31080 33126 27662 16952 10445 15026 2329 21100 6688 21243 37471 33777 31798 1328 30923 19409 16919 4089 31751 715 30449 39350 8957 32659 37493 29810 33836 1488 13408 22896 22613 25215 5657 32821 30871 13684 12222 13283 30236 39199 29124 36503 27004 29722 6117 15648 18364 23047 3445 3439 29246 17982 17234 35246 6523 11814 13567 38961 25834 382 7515 10622 23561 2116 34770 18828 16575 18583 29521 16494 19002 1406 19840 39673 7533 8399 2938 521 19806 22152 25434 26148 9581 21711 38421 21747 18213 32863 15924 37583 6277 37460 7018 15003 38227 5813 25662 19398 16115 13857 25547 34961 85 14948 38571 24548 7261 8484 7340 15020 7978 21641 2743 27511 18232 36508 7141 38635 27643 6223 35010 14536 25555 2854 20578 26696 25071 26493 37718 4552 15082 19381 28270 18317 3403 20611 14352 35095 9950 16271 9572 36959 23018 28956 36374 25825 8516 20162 6210 5254 25932 32331 18652 20472 17876 21177 10659 23550 16146 24694 11480 21783 25513 7353 21335 21365 11527 1330
4989 39969 29115 98 28185 8395 29816 6262 32418 7371 9596 23980 12234 25155 32347 10049 29087 16057 24777 18115 11446 8705 8412 1128 11989 13617 2702 35122 5878 9816 35611 39503 20935 38318 29924 3570 36094 1528 23938 18222 5689 9734 36917 648 5427 35595 22127 25899 21325 25871 3735 24850 6624 1655 39821 7175 38906 11155 34135 14096 2877 2801 35720 13059 5481 18603 18105 22513 31616 414 26992 9218 2905 3623 7379 39972 24010 32931 35242 23539 19452 25962 10179 25635 20362 4497 13114 27792 32478 3940 18070 14032 9003 30794 30180 35977 13428 16570 21539 24201 31388 31776 1080 28858 20882 37707 3956 27024 21731 27874 6093 30222 8758 17815 191 5138 13121 30200 25092 39462 33931 3232 33346 22732 25421 37575 38976 14981 22758 19873 35177 14925 23922 10185 12075 21498 16343 24074 14411 13766 16522 26880 9631 31241 22198 14647 37411 15282 12193 13985 16755 19778 34620 16216 33647 8666 18621 7584 13622 38695 35433 38186 39654 16530 35507 33618 12777 35388 28100 36108 31573 9431 22761 39855 10550 14710 25920 6903 8089 4284 10573 8232 12533 18148 3526 9189 690 33839 26883 7779 36216 33822 15912 28425 22590 17069 10532 25873 12099 28072
20213 10779 11637 6777 27439 31570 26829 1226 38170 34081 14258 6140 70 1764 18374 38815 27835 15821 7735 39930 6393 15227 8515 36030 20797 37842 20100 9494 27544 10278 18876 26963 3262 4839 5631 31115 1747 215 11301 11779 32740 36226 14004 33172 8933 3931 17264 21919 12683 21851 17834 39914 32326 3355 6965 19458 11024 4693 23920 18447 30637 8284 39595 29123 24859 7576 8015 6166 14464 39388 2558 6207 31047 20913 35512 16335 35729 7183 23774 11540 1202 26497 35085 12515 34207 25497 13539 26578 14394 6821 10027 16273 5414 26442 5420 20420 11932 8709 19744 27967 27060 6773 17453 12198 29122 21285 31322 34544 4182 16209 32182 1103 1542 27836 18764 6818 5423 3624 26541 12333 30260 16411 17416 7362 34577 9270 2856 30541 22213 21727 5950 10015 23961 34710 39579 18836 31599 5384 24050 3676 29474 19940 27801 22157 27480 23554 29040 27883 14498 6324 19221 26164 23469 8011 4664 22858 29711 17925 27506 22589 38512 23959 1780 4803 10370 13253 38876 379 38792 25225 14697 23624 859 19784 36306 21606 20465 23257 35702 24364 19869 6448 21717 19728 26410 17447 25233 23087 33882 36183 23453 22474 33478 23020 8012 7960 21511 19714 25264 17235
23023 8818 19445 37760 36405 5222 12200 3713 23457 25795 35650 22894 8552 30864 22738 36628 27669 72 13948 8408 20319 2301 16479 4834 10933 9084 22148 17459 17990 13229 30324 33914 36864 5672 14241 39889 23876 30427 32530 38438 39919 39744 33149 2707 17999 39324 18073 11683 26210 7545 35833 4204 32108 25308 33063 28623 33953 35210 5144 39089 4848 1905 23039 31574 26360 5954 36023 11383 21996 21770 30937 10203 27165 15091 35146 36813 11000 11599 5199 11382 12479 21970 10827 19070 34080 34887 3034 4890 536 11555 8088 18831 23150 14039 29515 1653 5994 28732 16999 25196 19321 34650 14208 3011 1405 29786 5234 8793 9813 10753 5706 19596 9764 8783 26587 5496 16636 4917 28816 9170 30727 33994 11539 30045 32296 14485 36408 29777 38165 12677 3192 13382 28383 11476 31267 25267 11412 10474 32673 2197 21893 22867 13889 17439 38572 21536 32006 10577 12661 5964 1360 2482 16308 37496 37298 11063 20673 1238 4684 24752 23250 21792 17755 15401 30660 26239 39734 25038 26956 27340 16620 10300 8366 7282 36308 25007 20081 33353 22617 37417 22848 30840 10744 17207 34013 3141 25036 29524 23323 2670 20033 2003 22354 584 18290 7665 38400 21246 36820 25702
10662 28411 36446 39071 38055 26860 36507 2506 24384 26724 12130 38873 12528 18819 1203 9347 11322 29232 39565 36640 23975 38523 20250 30309 1232 6593 18276 9912 1847 34629 2928 19836 7849 29129 2920 37748 31957 38150 31941 35405 13795 36375 21918 16500 30805 18960 23832 33616 36929 12518 3446 33710 29362 31238 25441 29875 21137 13853 30481 8028 7066 12732 36377 7423 7307 24936 13962 20764 28134 12103 38420 15079 27127 10767 13139 10935 9690 4960 29860 39707 774 7525 5845 19453 19158 37631 3913 11033 7079 2567 21017 558 3031 25298 15336 19798 4283 35149 27290 8355 34585 10511 23040 14521 14511 9518 7198 836 23582 17202 16715 11799 6977 12755 27692 30633 29547 74 11472 34884 26325 24025 686 12993 6168 26930 29079 16903 14622 3343 26403 5685 6421 33784 31355 37070 813 23345 9208 185 37514 1867 14526 13486 13318 5908 5976 4759 34539 34530 19878 6315 1402 24299 7347 32929 16465 34765 31812 11707 19018 30801 25024 3990 19190 18036 6780 29975 18898 13237 32379 17765 7385 2572 30161 39469 34562 31560 9953 23648 17486 27749 36355 38015 22609 34558 22389 16849 27096 39499 28563 20581 15722 8691 39085 36337 39983 15289 9989 2332
16278 18391 17901 15891 29830 733 20809 24540 12043 24085 20374 2619 36591 14225 14738 7621 34210 5228 29414 12011 10184 4426 13730 35575 24166 35082 12563 30650 36228 25754 1337 37527 7824 37258 15299 2018 4409 5945 32911 11044 39360 28209 18201 24225 10789 39103 2784 29429 39319 35415 29406 16307 19758 317 39775 35298 16658 33690 16773 6846 15626 5879 13747 15645 28953 21124 39130 23683 37937 32514 34434 5067 7202 7944 21790 12080 4181 37257 21965 22650 4009 38847 25022 23902 22488 9960 14560 10672 24914 30491 47 13149 5769 20228 34615 13743 21672 3396 7890 39392 31829 33614 32079 3664 7846 31810 29654 19252 27333 10667 23956 39517 36965 12848 23553 6729 11737 3594 8527 6770 3856 21014 1822 34414 32134 9043 23444 36441 20556 5716 28561 25306 21412 23148 1617 35044 32644 38784 19335 20761 36421 26174 39973 19591 28609 35214 16622 419 11457 35728 15705 11122 32354 14187 5503 15111 9206 11119 14178 26788 28592 32802 19201 18060 35168 29181 19079 10822 21438 27728 25003 34240 24260 31113 4446 4672 6787 14068 26439 30605 363 31054 25548 1807 27613 14789 22774 35564 4560 8227 37081 20255 13632 2513 30804 13540 22132 5349 39028 9178
4046 21802 23064 10694 19866 8253 6958 28942 17507 21676 21643 33217 6558 1707 10707 34971 3604 25510 19174 6283 3509 6489 19841 1383 1932 24389 30943 31350 28078 19022 29585 23608 18118 34066 28792 4320 9514 29997 31053 15783 8921 28829 29169 34896 31389 31913 10154 11257 16256 1926 29582 31850 3561 960 29303 1993 18961 16727 12637 17957 17787 7428 6601 14198 31157 38272 5980 6895 3734 11350 17548 27729 25575 31253 4117 22733 28120 2978 26268 31689 29256 37821 36068 34872 22649 27955 2908 27386 5044 31039 12609 30492 6760 27107 15074 7356 29453 10069 4566 30250 6592 39880 6312 22935 12738 36780 29854 34306 33688 21068 26999 24427 17680 26347 15070 32329 25734 38711 669 20795 3143 25778 13689 26720 20920 29077 33719 3099 3716 39716 39761 39656 11712 15056 33617 32461 14434 23291 13636 1527 25934 28782 4800 7366 23044 12551 2818 15582 17712 38865 24698 21525 28861 38077 7048 6415 7158 3641 16298 38655 31032 11654 7523 15184 38886 20532 31781 39770 19307 2310 5394 37987 15285 15225 11622 27241 39347 15060 32943 17229 10102 8456 36180 18646 2286 34863 33238 23158 28809 24060 10195 25526 20755 23072 39767 25076 6307 26407 12495 36124
13981 21566 37994 17155 8035 2087 22919 6227 16665 14783 31090 14412 18614 1321 180 38120 5892 30139 4025 11682 23904 39883 25483 35267 2270 10191 28573 17007 38736 18320 30832 431 33522 16889 20676 187 37430 20129 22165 7313 17741 32000 29957 26662 11479 24544 13012 33963 10246 27994 21421 5663 24575 2822 33641 37094 6319 3475 475 25619 22698 17915 24451 24804 17143 2057 36388 4593 470 10771 30729 29755 22131 36610 39124 5112 4323 18942 28788 20986 8571 35542 19662 17886 21275 7961 27551 7909 29354 30148 31592 29887 32803 39258 1445 6081 8717 27716 1971 664 37685 21608 22360 30075 30598 527 2543 7719 33273 10693 33565 17041 14397 5136 37817 22722 4952 25925 9074 17622 30918 33739 38946 31917 1636 3379 285 11891 19560 4999 6758 6186 6701 37069 22532 25029 35470 36392 18038 24589 33075 18075 35202 17124 21048 12762 14281 20781 2851 33692 30212 5289 37048 25769 31111 34093 35269 22626 25851 10113 16113 34154 38089 31584 2130 34230 35074 37921 7332 13356 30151 23073 11560 9152 1602 33036 9709 2791 17438 26261 26876 23110 23827 2620 13138 32566 13653 4278 15882 5639 30276 3637 530 21202 15362 17568 37856 569 1909 31916
37647 33373 34635 32549 27267 7657 12033 2515 38066 5512 16022 11504 26756 32556 31086 11305 39434 34084 1689 3071 35155 30132 25955 24576 17547 3963 28819 31421 25606 13717 24831 6174 13184 19929 30233 25226 27277 29487 28745 3865 9915 5071 36839 23485 16732 4206 25207 13546 9308 27733 33168 10115 35211 10847 8833 33610 29700 28693 17083 26894 1850 28803 625 33014 17689 7336 17527 34895 24212 15857 38084 35195 35817 33877 10235 29825 54 28324 37828 38748 28661 8885 33087 33990 12647 28456 14535 26114 5053 24279 15818 24237 5133 3671 31813 29516 20696 14662 4939 33848 12858 12299 8343 19485 27398 25950 4187 6190 12700 30632 17748 30754 2882 23412 12131 37537 12539 34925 6908 35652 25820 17054 18225 3536 29758 14489 3766 12388 32258 34372 12179 4896 7205 15368 24140 39121 273 23930 7098 11378 13850 33025 37555 9856 23724 9373 8858 7941 23349 1135 12501 33633 21185 13467 18172 18755 31199 5271 4145 14094 20335 35428 9418 31352 12583 1078 37006 307 439 21724 33835 11686 36385 33593 10205 1122 26119 1786 7715 11942 24002 35916 27018 32154 29624 19261 18567 13233 923 1470 16074 14290 28508 31074 5603 5646 16948 29175 38311 39486
22948 5066 36133 15484 18149 24404 11809 28941 21198 23947 12377 11224 38777 11107 444 19430 39432 4333 1496 11994 34320 37515 6894 2007 15672 1972 28773 30730 18145 27048 35316 21898 36836 23455 28853 11226 11492 11619 16315 20388 17654 39564 38562 7649 13883 28393 35185 15782 32080 22519 6279 8310 39206 2362 39293 37255 29028 7676 22300 11893 3922 10566 9050 17703 25806 15691 14569 37804 4745 36684 27445 15620 7687 13113 32391 38206 25186 16812 5511 22349 32773 20728 18529 4582 22555 938 11182 10772 4019 34467 22535 38615 16478 5137 8091 37338 10216 17417 26898 23603 19681 11477 29859 31385 33272 13642 32992 6660 3745 17087 10087 19288 24799 16341 23957 18187 2627 7517 6881 20093 29849 15021 32895 35079 8511 25677 16974 30290 2989 7081 29128 18101 18114 29570 29253 10172 10471 13197 22860 10473 23625 20027 7030 30631 22936 39872 26904 23914 1801 8701 37866 31178 1109 26711 17891 24209 33439 13226 10727 12596 15813 10746 5531 30485 34923 35127 36205 15273 13988 16769 14428 26353 16799 39968 32121 12461 15874 3626 11840 2348 17735 21067 13697 24464 20970 12094 15649 33469 33443 9802 29623 39737 26827 37263 13270 18817 10665 31729 24314 11475
8204 38698 14674 28616 33797 19456 33501 28349 9943 37062 12255 23253 21233 26131 33492 33677 24993 14133 14297 2870 20597 22294 21705 38778 21626 19370 4974 1258 13687 25162 23515 24168 10204 267 28470 35399 14190 6605 1408 10942 27552 37438 30702 26838 11923 35754 24397 5581 28894 27143 18308 22011 14768 36790 32467 29795 6621 27951 15654 24996 23616 3790 19933 16790 23499 23984 10222 8389 14044 15835 25354 17090 32330 2982 32126 21001 12868 16951 21787 13613 20703 9093 5470 4499 18870 8867 31220 21390 31334 15925 12420 6675 12176 14643 24421 37734 1760 2177 16246 29454 3579 38151 17567 7310 20826 25046 33230 20628 1529 5248 14828 6356 16065 9919 14347 37454 19801 29767 8218 35698 505 14702 13282 33740 37850 865 34506 19802 22096 2238 5489 5665 380 1915 33832 24653 22327 8442 6696 34495 9447 18618 21765 4686 10086 18319 28138 19939 21357 3806 35620 35599 39681 10853 8252 32701 38781 549 24046 34555 17799 12300 11517 5822 20669 8357 32789 2119 18511 22562 10416 4544 14274 27109 10060 2462 2658 13535 39615 20774 29744 25028 34677 5525 38265 31155 32999 23796 36789 32945 916 11230 3823 7003 36413 43 27242 21239 15748 31977
15718 38343 3221 15900 5867 4295 31432 10454 30948 38570 38060 14613 24716 26961 3440 875 5914 38027 4749 27443 27973 29677 32814 2272 32850 19433 23084 39003 35615 2168 18650 13791 1868 5800 28789 36474 24355 28045 31255 3425 34371 39531 33634 11828 39163 14508 4343 18888 20394 10612 27163 34105 4129 6291 20355 20304 38901 36243 2676 15556 13515 6635 7615 35736 14771 38013 5346 25232 37712 32502 29658 29407 7947 25539 6167 23478 6759 27757 11557 6280 10686 34389 33975 18976 32647 24391 10922 19881 340 3017 22568 22490 25300 22810 21513 39500 24973 37080 20235 36197 3976 1960 39318 33066 1230 425 25970 33713 18786 10121 1097 39568 30315 14740 37165 39107 26338 25099 23650 32093 11060 27685 7693 39710 13796 30520 15594 2266 35027 24486 1885 27 20859 38134 10224 14712 28353 13995 31918 20537 39177 1036 34945 9309 31638 13242 8394 17811 7604 23681 23527 37339 10163 12350 37931 18962 17317 18712 34172 3333 2560 29420 39594 4840 25238 9733 32053 19047 32768 17961 31808 3326 9436 28584 17558 7986 8625 36616 39454 16650 745 17721 28628 31437 34490 4164 37287 13552 5711 3371 14790 39890 23337 2672 30736 19296 2179 18835 22270 25980
26464 37884 7207 19369 36074 31914 33964 36253 28430 16965 7039 17516 37591 7814 6599 21362 9083 35699 39331 730 15407 10260 18624 9224 19863 12322 21316 14637 17657 12013 16589 1399 1237 6239 26113 10347 8078 16558 21779 23202 16579 31100 37761 31796 28474 38589 22079 18847 29541 25755 35797 19334 25473 9245 37750 33307 23787 1718 27389 25379 39927 24156 9871 36310 18327 32563 38094 31564 24020 18593 33858 6838 5811 4523 5111 30147 2325 16759 30583 1990 11786 20114 22507 35301 24755 26610 34284 37897 23618 23985 25620 17223 14839 16963 2668 13916 29388 29211 14069 7292 12987 2027 4055 14648 20991 8592 29885 10133 32627 9199 13304 13723 9243 20485 36063 15286 26840 18541 11444 17335 29003 34044 24193 2999 19326 35378 20455 20665 6074 24092 7575 30821 2539 33947 26638 34602 27023 4773 2369 20159 35602 13106 14457 25632 10711 17168 24366 10548 32930 36514 38239 1501 28007 718 19865 14921 23596 5324 32148 11769 23906 4545 16953 23010 12936 8053 714 5367 33296 36505 11745 10702 8401 7995 30915 27062 2571 15452 29898 38267 23658 13908 25965 26529 20616 8821 33583 34411 2692 28314 3224 5662 20113 30969 1284 35387 23540 30649 39874 8517
24851 22117 21571 5285 8794 19598 25294 3339 7681 809 5013 31276 8514 39287 28624 2771 14561 4918 6193 1871 27180 28052 14505 286 30772 38171 6514 8538 9473 8715 11066 15490 7506 4494 6252 11763 20003 27512 39768 16006 33630 19926 28369 7727 27230 16053 18438 19310 6049 15057 24174 32684 14149 39144 31890 7324 3980 23996 30573 23231 1503 38057 36581 15809 1009 12327 30117 31174 14098 3256 19648 4704 17921 31011 33429 9507 18933 19504 18811 5266 21915 35216 3884 37784 19528 3296 16703 36561 24232 2344 15956 14085 3182 26288 32317 33236 10775 33592 8892 18463 31828 26451 3015 31836 18154 19496 5235 7692 36525 29495 26912 32252 27319 29120 8693 31147 22606 25239 10514 10046 28654 31609 30099 24493 33 969 10813 26346 7635 19829 25292 1848 33294 1726 35894 39330 35915 25075 18782 28163 21748 12670 19439 27536 34190 14146 2006 660 35770 5441 32995 10283 27885 13057 5619 32809 20657 11318 34043 32940 30677 30811 37812 27611 17278 4460 22980 34729 14959 3642 2681 16199 19285 26397 33094 31716 30 27610 27696 24335 6224 17477 23866 31458 17696 14020 23201 11919 6257 33764 39853 14967 6014 28033 182 11518 34262 29189 9718 11948
22966 5693 14841 23458 1290 20959 16662 1288 30261 30267 17151 2239 38737 39537 37854 29985 18203 4198 20922 36541 13937 21049 37324 28913 32451 19129 35661 5413 1181 1145 37874 32678 27106 37536 3180 23437 23861 30545 9433 38904 8817 36027 8897 28997 29709 2602 31742 3075 23181 8613 38067 10399 1658 17116 24507 20140 16461 38255 2405 25425 4382 27316 31873 7663 18607 24160 17864 13312 15634 30830 16507 37660 25174 35825 10930 32402 23409 32444 30849 6955 27620 39019 36656 5904 11574 22982 29686 12922 20377 33205 35973 6134 30009 18577 35741 21352 24379 9726 30231 27855 19593 31747 27188 21230 16221 6728 11288 5120 30287 28526 17686 18069 12470 19035 34987 12603 19393 15448 39075 30228 34510 26849 39308 14193 8884 14077 10786 376 9108 34300 6297 15581 36163 29266 36274 32989 22592 21039 32540 25082 23218 20600 26195 26567 4618 28103 12552 32990 36966 18582 5649 14000 26879 22731 25158 8409 34227 30063 9923 11612 32384 36013 27570 12392 35224 37663 822 6575 13309 15625 2427 3073 35394 30109 39779 1601 26970 6228 10088 10409 8238 33286 4882 26771 14540 39338 5925 38697 32263 16254 38303 17522 30372 28587 38931 23703 19734 27594 31411 29698
8205 27638 24003 37452 19637 6225 39038 28050 24339 7481 35425 17389 38148 15341 27032 34263 29146 29149 21083 18509 29489 16039 1824 29360 28538 21547 7271 6892 33871 11385 25710 8803 14506 22329 29352 29043 3 25730 39222 12298 2954 1143 24926 36915 34815 25936 35408 11135 24756 35784 4318 20739 17311 29241 24746 10393 14933 2105 2748 29378 35228 32332 7716 4294 11598 36751 11003 26386 37485 36279 7490 23577 16235 38486 30750 16907 31997 38888 13234 19060 15331 22873 13992 24610 8163 9236 7127 10262 3657 15660 22024 14555 5927 15228 8264 6494 61 12274 14519 14765 11367 14337 334 26169 36391 34995 32069 37252 36304 28415 27287 31277 18726 30430 24867 16402 36193 26601 22501 31893 13506 21121 16766 22957 2268 33355 28488 17033 13050 3354 17093 21728 32636 20744 27001 24551 13105 10967 29238 32486 39925 27599 1897 29082 2349 35545 35935 30284 19378 23563 17309 27598 16045 14644 33010 33916 9346 11402 37902 10044 29002 176 37038 15865 38042 14308 36721 38370 11705 38187 39322 7396 21561 31144 37542 5704 13821 16323 4088 33002 37617 8992 16158 13225 7730 37090 29478 33774 35256 32783 33295 38252 2674 4217 35297 18322 30274 25890 25098 29113
32592 8124 23925 5575 38719 24707 36693 10641 26366 25485 38263 23991 495 34308 12686 15305 24175 14681 16576 35189 21840 6743 29571 22383 25229 16585 37797 28355 17352 15226 18990 36969 26525 24687 7538 23289 20766 20315 15833 18085 12593 448 17074 16607 29953 39001 22823 157 7935 5839 24016 7111 2050 7315 25115 14283 32864 25020 22798 34236 20819 24559 20174 20878 23058 2109 17251 251 37278 6113 22408 20395 29520 8158 13232 33372 29725 12695 7581 13061 34198 22475 28253 16393 16892 30121 18743 32825 39908 3241 8076 2395 26701 29382 10482 3516 39261 30447 25893 1052 26703 30164 11347 18532 16970 23848 11105 7975 26946 11239 17195 29724 12671 30920 1212 34772 8483 13195 26940 24073 14788 16092 17462 32339 38277 24254 26669 8512 24732 22065 15165 7499 22423 31795 36608 11267 6954 1645 6913 36211 29006 12958 10695 25079 22643 38287 14312 26943 5293 34596 12541 33153 17085 5039 73 20571 11822 27631 17668 32153 17272 35159 12827 21578 11489 24884 7881 11150 4243 15409 27964 14013 36785 20716 13000 39840 4266 1541 28127 35752 21723 32385 33115 7653 26431 38350 35016 14594 34228 17729 9780 30888 36941 14407 5059 23898 21408 7988 23329 858
39026 23223 19994 7097 10305 29458 36703 5491 10183 22097 35995 1536 7501 1061 20533 38182 13569 22766 10093 330 34166 23964 24971 8684 16180 856 13933 15093 16381 20086 34904 15242 31615 1452 32437 20444 21173 16206 6007 14676 115 26781 31475 26839 32819 32512 5712 10443 1634 27857 22741 32465 3955 4675 17955 13444 28071 9636 4406 4292 28796 19403 29450 17303 29237 5003 14122 19356 34838 27331 14150 11729 10780 15058 23353 21694 12283 35787 36510 20108 4752 28946 34616 14016 1843 4234 26741 32090 9440 36416 9610 1856 35929 29697 20333 9367 14065 26869 21485 9305 12296 22133 32918 13615 26415 29770 353 26419 30425 35276 30041 17793 26769 18958 31686 26046 18768 34943 2509 5762 33638 33491 25617 12582 36433 15499 6423 34421 34829 17325 23857 20787 26123 18195 18970 37871 12920 14321 287 4035 34584 8973 15210 33741 5933 10066 13180 10719 38399 12483 39559 5948 5295 25731 35481 19568 8081 3456 3628 11750 2745 501 15247 24962 37356 35835 39646 15846 16166 21260 2615 5939 35117 31700 20241 15548 26007 39901 13734 25604 9562 22438 35912 9398 37798 5079 655 29574 28509 36980 38036 9148 11947 23725 24289 486 1030 20329 5009 25198
38334 21562 13084 32470 22365 6898 28667 24742 19659 11029 12496 7424 28664 36052 16178 33983 30713 12763 20874 25563 27054 13864 18498 20590 5613 35795 4660 37231 1640 31492 24378 5742 23632 8281 1430 21977 5732 14270 26832 9175 25352 19944 25793 34549 5710 32640 15576 9740 17240 843 1377 28590 14809 18192 26789 1197 12368 32008 25504 10906 16303 4483 38913 768 18144 19006 17258 6160 2324 10308 26459 4024 9158 2152 38985 35570 19300 33103 1985 33779 39275 23251 3055 8958 7091 32026 38974 15358 11774 18028 33035 14856 38307 21249 235 22511 39647 8444 29904 13204 5310 38222 26773 12343 16265 2346 5566 17362 31619 21550 21175 11210 15751 15010 36569 14673 28323 453 38607 39356 28552 18963 7757 3352 35248 27089 4979 3942 9495 8208 12831 9154 10840 27867 29475 31723 13257 25610 35003 13926 33304 20880 5844 24604 11548 5567 7747 33445 19175 38381 18913 26814 12218 24522 6922 26420 30024 30155 30789 22155 39281 25463 29893 24870 22038 34444 2173 27397 24152 4307 38029 28060 6727 10518 6080 2487 19484 6884 30523 16157 11227 6983 34921 24220 7754 17109 18656 656 37781 7714 26355 16528 570 33595 56 16845 17827 12100 38106 22371
11471 8853 13922 19517 29832 3587 25966 1568 34909 26697 22279 6410 21830 28245 31759 459 27394 28513 36280 9291 4107 31724 22633 4516 15317 21296 1227 15152 34779 3357 1217 25637 9069 12668 4955 36517 16630 23038 18291 33165 25531 15457 17963 34313 24291 27005 3491 7631 5338 8738 9004 31562 15069 38429 30793 12743 10212 17326 27962 37141 8936 667 11746 35739 14377 26453 25317 36645 10150 26177 16795 25031 4472 21346 20751 37597 8744 24602 14666 14881 19872 38496 9670 22583 21556 13843 27977 35550 30416 10056 12566 429 35853 38114 8888 34303 17932 9706 24191 7701 26316 857 19862 32756 28554 20209 2796 24082 3737 20718 36542 37788 15755 38869 35537 26409 6527 27800 9475 39152 6351 39382 23508 4305 39713 5214 35793 15447 23534 39189 16891 21831 13014 3243 25477 24458 20595 32621 35396 14326 11839 30561 31972 15429 15852 29050 28852 22771 11233 10630 36765 18297 32832 24089 13220 16591 6405 23694 1235 24838 4374 36927 20972 26430 26637 27839 13103 1682 34543 6990 3060 26936 21557 4350 37124 4168 5325 23966 28199 17135 7346 28466 35037 18175 32124 7596 9163 8466 9552 28198 13314 2901 33046 5641 10153 4530 14745 26925 4038 2288
4789 29295 28038 11601 19566 4540 39649 18982 35447 6495 34853 5715 14585 29641 1727 34254 4124 28898 11389 37076 2001 35762 19361 35004 9378 9970 22743 30705 6796 25462 26523 31590 23677 27622 38680 10169 31718 32959 37009 17923 16975 38225 16352 24267 14202 3689 7910 1837 11215 17964 26074 36657 17552 7684 29068 30156 27092 35265 36485 25081 7182 33364 5030 37111 38908 25192 9110 25772 38309 26179 32823 11088 26568 35450 37200 27304 17250 22461 12279 646 5336 4871 18826 31735 14723 17734 29456 19059 6387 32751 25609 13157 25393 16003 37358 29648 36256 6755 22418 1286 17145 21157 19934 34296 3203 23576 36639 33818 9804 28277 37463 24126 24785 35496 2609 15450 16002 208 19735 24466 3818 4466 33910 3387 3030 17966 20203 10476 37753 2862 21933 38276 2490 18286 37032 16159 28548 20012 23177 14162 13104 10815 83 5089 25392 17283 31607 4940 22550 23590 2242 28649 17922 38679 16103 14160 29462 37697 34492 5516 9461 37572 15897 7569 26585 26222 16626 14304 3711 2713 29750 21399 35406 6589 18467 14390 11256 8242 4567 30766 17884 18405 16568 17149 12509 15483 32971 19061 28079 18344 5882 15324 36716 4559 35123 34736 31760 205 32343 8555
15837 10483 31702 35236 25311 17725 5356 34950 8706 3077 36982 25324 985 6171 21603 8722 7556 26318 13949 31075 31905 24978 1358 17450 29022 12019 12721 33600 11747 18871 10788 23424 34860 19279 1534 17142 22531 15239 22138 28712 8984 28195 11212 28686 29220 39974 33073 33302 36107 34813 18878 5247 13940 19005 32022 6404 25994 711 5312 17754 6560 21769 27581 18158 25363 863 18168 20467 8531 37938 31291 31023 4529 6565 35757 14945 26531 7367 6482 30803 6752 27189 1945 4966 7314 207 22005 1997 12083 14572 30643 14849 10688 14554 26499 15054 10496 27052 3349 7471 38789 34003 35566 35690 28779 8474 37799 25868 14813 35523 18998 3704 17216 34067 14484 38223 13683 34477 22031 7203 14104 19767 34574 23535 16110 316 38293 15933 30872 24786 34928 20531 21510 9471 15867 31766 10442 20955 12393 13817 401 33581 16945 19843 12953 36109 3537 28863 14837 6923 5213 28015 32747 18574 32396 9749 14972 16947 16592 17956 8183 26763 3599 12113 13729 38435 6233 34222 37919 11093 12316 13989 28883 27307 5864 668 3585 14772 12751 18800 393 5095 8534 38233 9496 19366 4471 14380 18489 34062 29651 16633 35089 20629 11951 39657 39745 5779 19066 14584
30922 22832 18188 5759 7251 30388 12929 23907 24670 25398 20732 22711 240 26188 23117 38345 37133 1996 34147 32861 24578 24415 25055 34037 11151 35109 29099 15522 9982 8522 32037 18072 26524 23343 13122 13244 7321 4423 14173 4930 24639 23442 4683 37109 5490 6326 32725 37490 6487 29605 30588 32879 32428 9007 4806 39553 25056 533 24845 9311 8913 6707 20640 22171 17313 19530 33938 34045 25156 9209 17096 19065 35846 10156 16482 10553 19636 39355 5097 29192 31324 7248 2842 23225 24312 30929 12023 23470 12702 9057 2020 12554 35222 33880 23519 10927 23234 6394 6229 1132 21326 29213 25364 489 10082 24121 30140 24809 2498 12266 32005 1784 10336 11354 13216 39155 3313 38949 36111 12391 4174 8713 4070 5428 33933 19186 19222 15889 22078 32200 15008 6090 28473 38048 2118 37019 6960 39709 18288 33521 24780 22502 16443 3411 6407 23049 36920 26604 38989 15025 28074 19423 34532 16266 37508 18444 6655 31119 2484 10829 29708 7335 37353 16321 21554 28911 14642 28248 8696 21814 4659 15787 9213 30114 31581 34790 38609 31518 4389 14052 32036 33760 14406 16364 13007 9100 32239 29051 9292 33382 13137 38674 38041 11754 26030 37318 21244 11373 26767 25141
29486 35943 21347 33703 19192 29743 5446 32523 18805 15598 22514 33340 17107 28491 6230 19401 33546 35612 30470 24789 10562 7432 35229 2398 10302 38803 9167 14175 39759 11987 39045 11928 5690 7343 35849 8303 29187 20563 35772 16168 27336 25448 38812 25538 11787 3259 31710 28832 21455 26217 24887 32591 19950 34491 35231 36199 3024 14059 12253 8970 3680 37083 576 2881 39549 18208 15089 28492 16944 26327 24630 36080 18886 28801 14910 15308 22435 36895 19411 13090 38352 27370 38639 2878 39230 20952 37641 8462 1079 37940 22866 33226 8275 6747 17779 2056 30791 30792 33198 23979 19467 39805 7434 12363 36040 740 31602 13163 30163 28235 5019 1333 36868 2663 38911 37547 25838 36528 24534 18384 11681 3691 20778 7484 22291 23195 39396 20835 37540 18199 31430 36189 32598 39943 3967 39727 24749 23597 38487 31515 20738 1898 29926 5358 33386 4820 3781 3927 39238 9853 26706 30464 5941 24584 3053 35703 8649 21426 23320 17378 10029 9883 17920 11072 14749 704 38641 18699 15725 1427 6825 764 36667 11437 134 37504 20470 22999 28608 349 5462 11936 6131 6826 36600 7077 1242 11857 21443 25279 13528 31907 8040 33379 4356 10314 7399 37639 39878 32813
16322 3776 23319 28032 799 35454 27869 23046 33837 23697 15982 1302 23786 38525 8304 3074 39440 2497 15360 7462 14254 788 31164 22523 39828 12259 20234 13935 34762 34912 29622 26339 26981 16824 1520 7328 34336 6120 13823 5440 33817 11505 1703 13597 25642 8557 20855 36410 23041 25883 33925 9272 20601 29447 28547 25595 6201 15653 18394 23733 25161 30100 39885 38023 38599 20932 15910 29925 11140 18979 1716 3120 31669 25288 15471 4180 28187 3568 28880 11635 17118 825 20064 13047 7527 2534 19407 18439 2793 37144 984 10852 39899 7884 34608 32557 18923 27141 14378 16252 3772 18488 4511 39164 29940 16239 36875 38296 11337 39806 15763 24043 39459 12201 19037 10018 30564 27770 6149 13812 12015 105 26391 33108 38715 14341 39629 21579 13749 7495 37773 31732 3544 26931 8274 33078 4732 26390 21418 19040 39620 28964 9954 24286 17321 30469 6172 31755 17150 1285 28731 21429 12679 16150 19000 28854 22563 30255 9530 16231 8137 26425 38712 34752 22641 1182 4666 13123 32682 15185 34978 21394 22657 12630 38556 9937 17259 38362 35054 5530 20006 19260 30504 38456 30960 36772 4624 12815 38878 20585 16779 1481 13024 5605 24700 19164 24437 23731 1245 36576
31707 27683 18974 12022 26258 3925 9484 23328 25154 20298 34932 29989 2873 1411 18456 29619 11428 19126 37964 36079 6275 35888 23780 32933 14891 9321 34545 26744 33406 13946 2131 34126 18518 18738 22928 29308 5182 21619 35352 351 6021 22543 38669 31657 39417 1155 26379 21837 31472 33275 29551 32204 20956 39422 21045 802 24925 28140 19920 18796 35379 1000 26086 24754 25147 37561 32333 38228 38111 17611 20758 31005 25562 25884 10807 21201 35192 9112 37923 1547 4300 1765 3480 26743 34498 15831 14803 34992 19290 37687 34278 14482 29530 15081 26224 34865 21380 8795 21172 37254 5677 15394 312 7549 37751 15535 9304 2575 11408 12508 20561 15706 21932 6325 15391 4215 27115 34365 18139 27485 33623 38530 26149 39879 27929 10916 6999 16909 27987 31187 6241 39365 11600 7300 14043 34167 39312 17546 14475 11594 28458 9001 8652 27253 15618 29776 4569 15992 29466 14950 3117 34967 38016 30338 32539 36747 5997 39470 28995 12058 20233 36738 25525 27741 9952 31949 19742 10111 1950 12829 5851 1092 35263 29815 23559 5344 26044 18261 10953 9966 19656 19569 19287 16972 9276 13606 8526 24000 36711 14416 37370 34194 16197 35354 27437 17635 21165 18975 37708 31298
18609 39064 37725 10565 2375 39468 7455 16472 4232 6068 16908 16311 7496 12849 19179 33150 243 30160 28320 2162 21923 22573 21462 19235 12490 3365 30085 3854 31509 8428 5909 31672 30346 17184 32891 39346 6618 23793 30442 20216 18873 5476 24650 5995 1908 29802 34435 32584 23929 39829 3254 37189 5893 2253 12757 23219 27750 20838 3280 20083 2684 28359 15901 18679 21663 17414 26092 38281 35903 278 13660 1318 7037 13071 24344 19983 1239 38353 10770 11329 5327 1088 21607 4769 4159 33019 17233 18906 11528 21627 16775 1294 37618 14207 25963 1683 27666 16730 5332 14501 5453 3644 22194 19229 39006 283 7830 32070 38665 35876 24547 10814 3428 13583 39234 31711 24979 21733 39677 35750 30394 30429 30897 12297 25837 1336 5951 28947 33129 34628 33998 14574 12220 8225 39395 12704 17563 33780 14761 16867 1587 16831 31455 37218 13243 38963 8114 29587 14943 10242 15816 17367 12116 36666 27084 36978 39343 33359 24603 29193 16674 2300 6383 17554 23151 21706 2874 35163 14746 6712 33530 39005 33453 16774 829 24274 24336 25243 4291 21431 26527 16410 34631 4241 33404 18718 31130 29539 9341 8637 14595 29311 12923 21183 37033 11984 29214 23992 20400 34698
32831 2996 35392 2431 5824 1595 17193 7959 16556 36905 9524 14974 18379 33516 20200 28876 19730 39290 27765 3875 10384 16713 22067 25231 6296 15641 11977 14578 10500 10843 21980 12691 17534 18573 30279 24139 29897 23657 21031 2048 33629 39280 10226 37345 37699 27508 17911 27275 1515 5548 2653 7542 2449 17271 35400 8143 8487 25160 37100 10873 11363 10114 26664 20717 8721 30691 7582 31593 14892 37588 34694 39263 36444 9916 33664 21865 35423 34952 32448 13580 3661 19819 11818 35504 7738 8421 31595 36759 2935 39926 7333 6042 12786 2744 38295 30066 12959 12423 5737 15546 9149 31397 38183 5311 4395 30875 10794 23244 5754 28844 16765 32056 19128 35031 15315 22226 33431 23739 36248 12564 8776 8031 24587 34929 4977 24341 25144 8651 30774 28558 25633 4534 2448 29846 1934 17003 5506 5791 21654 24381 9717 35734 28152 39949 1798 30432 26145 2944 31285 36871 10666 18874 21958 30283 33402 1353 34811 24767 2014 11510 19303 21584 34722 2311 4344 22588 29497 36246 32414 6781 30129 28926 11964 21013 12004 21652 8182 36130 31943 2045 37752 29863 17784 12111 781 10971 15217 35804 3829 35521 39011 19465 9417 28703 36842 6709 2934 3915 23189 25984
24070 4993 36743 22680 28617 21719 29208 2132 29073 14507 38251 13262 26112 37152 22621 34071 13002 25403 33525 19886 3794 13805 32807 31001 36387 23051 7312 39522 21204 38433 21905 21649 34514 4017 31196 13504 16925 39315 22002 1021 18474 8004 22239 30448 14509 39175 27517 18736 23243 1976 17621 31556 2732 12416 25065 11059 22350 17095 2424 37240 31838 16406 15959 32898 38284 24423 35462 27244 17752 28576 24629 1539 14445 24944 13021 1531 13572 30317 28627 37321 4964 3801 11302 30890 3654 35330 27051 20631 38397 30967 21668 14108 14444 27895 15314 2058 28249 24723 25570 10918 33845 19355 30334 25650 3004 13878 29631 15126 32098 32226 28312 32466 22089 18117 17694 18787 4920 6914 11719 22244 20375 7662 10101 671 5278 36400 18497 32767 7245 36896 2724 25199 16613 19661 33601 35291 15024 26552 22779 14757 39675 177 32788 36348 12345 16438 15312 39489 28747 34004 19868 31578 5718 12574 28149 6052 38872 11036 17613 39053 27701 9479 16080 34110 3090 33830 25183 13065 16509 13727 38518 14657 25245 16606 8935 9605 15507 11448 17028 10147 5203 18667 32007 11041 26910 39479 8195 7634 8732 17981 21825 21945 28115 23783 26607 27003 17382 39763 14081 16448
14379 1688 37845 2169 21475 33072 32619 25469 970 23229 39575 22444 26712 15326 37839 12648 26856 13223 16126 37626 8380 1833 4813 29448 38190 21863 14216 4467 29457 4040 10670 19625 21176 9285 27406 18321 14196 10774 8148 3351 11291 38764 33992 9541 10107 27068 18190 22385 35244 27639 5002 6746 15560 38079 29695 9902 20867 35792 39041 33834 34059 31699 33909 7823 39995 26658 17766 15650 32538 14844 39793 6705 8106 1159 12433 25235 15508 13518 3885 28949 23599 30565 3311 7065 25296 1553 10706 22271 27409 38850 29326 39242 21304 22857 23740 5433 30177 824 28874 37147 39868 4493 25588 36736 3086 13330 17776 3114 8951 34123 13800 12441 31297 17615 4225 15600 26118 25876 2071 31909 11728 30484 17171 29513 24902 30088 10073 23826 8447 38274 276 13845 24781 9258 19612 39321 29612 33107 14965 10943 3784 33128 32942 19822 31802 693 33656 27384 15636 7225 2698 26279 12337 28786 32174 24083 1922 24907 5045 19970 32672 159 6317 34534 22984 24008 12020 35548 5161 8502 28381 27010 849 3527 37869 4537 12874 14640 5648 18992 15127 14018 13339 5329 6442 4772 31962 10480 10221 6919 9381 12401 6363 15099 10560 30852 5557 9599 22107 32440
23674 14545 14884 23316 28329 19638 3234 38044 39214 10584 39171 30084 35851 37903 30242 4874 13793 39120 39073 23077 31122 12457 12759 534 2690 5238 14720 1327 27882 29948 25001 8808 33625 14142 15564 21514 4699 2342 2808 18852 38069 39342 5651 30407 29842 13272 35715 4231 37881 29659 35299 9823 6668 16198 39784 21461 32963 21978 34327 7479 30013 2871 26807 19835 6360 23631 17 14045 32518 9359 9204 21708 28285 29986 34731 17717 17676 15205 20942 1511 4868 19256 21195 39540 37633 9775 27276 33232 20506 1446 17080 29908 8823 39063 4393 34540 23900 11178 31320 8296 8159 8829 19244 22228 9895 12780 5102 17788 37905 9434 28710 22087 37970 37040 8645 11273 31954 30073 13639 26815 4697 19614 23750 29250 33704 18161 10857 15125 29206 11887 33095 32525 1043 25689 26250 878 28843 21522 6072 25452 35413 17030 7487 38005 18017 36513 22017 22120 2260 11144 31108 36029 18872 34083 885 26271 24570 21655 5069 31533 6774 21009 21143 37479 28122 18969 7349 11626 20011 32116 26488 8785 2949 33430 18848 34483 25418 17994 11049 13284 34205 35110 34739 20387 39997 27090 1733 11246 16758 20847 7936 28413 4640 15224 34940 25582 4083 17449 27853 33259
29171 14335 29588 10645 16051 27946 12048 3397 9255 26555 12135 31537 4956 12318 8924 22010 7819 16319 16182 20745 17897 30027 23910 18124 30954 1590 8118 19115 6973 26872 27513 16617 1951 39728 4883 20075 3893 20971 28472 39104 24011 32593 26962 23080 5024 12226 8966 27114 33734 30328 24169 14490 21120 29310 649 10424 14268 3432 35534 33972 32649 19319 9543 14939 3468 11204 18633 29445 37814 29492 25413 4969 29167 37363 35984 39473 16670 26899 5175 14161 4288 29740 37126 16887 13110 39639 29174 13748 36353 26201 19230 34808 35072 18702 23063 35367 12692 3668 15351 21256 17744 3562 1262 35774 33999 1893 20662 22025 34155 37156 30409 11138 31858 3679 18253 29917 21772 29499 37715 17407 36464 18071 9492 39588 33360 9827 11865 33257 31978 31875 36363 31500 10017 21856 2359 6739 776 11924 17941 4860 33828 17653 31263 15350 25869 11651 14237 33114 6102 39457 19698 12585 6633 19182 32356 8006 31688 1700 37727 28951 19358 17405 38953 30538 31230 3817 14371 39920 8164 4449 24906 16377 32198 24541 17905 13693 6651 22484 2775 14914 33651 6961 10997 37735 14601 13966 36910 11608 6481 5590 20836 15170 26068 18191 1431 27070 36087 4831 33193 37612
29748 12214 2477 12785 36855 25624 6991 11221 37686 14912 3586 25451 31469 6507 27578 25985 1873 16657 10569 34598 27633 15134 38379 28682 6354 28141 22091 17203 16306 25456 13196 3237 9153 17199 20527 30675 3552 18945 19046 25423 34956 35357 24751 3520 7770 23879 14531 30321 28868 20868 39906 28443 37182 23324 22864 18977 565 25387 6667 13599 31004 10546 36165 18050 34364 33979 30889 20044 8754 15687 18813 4021 37030 17580 10740 8971 26465 33251 5430 27705 20023 15141 26073 20252 34809 31797 9548 1031 22268 1844 26874 37185 11250 32938 8835 2867 19103 34522 31820 21925 26951 27505 27338 39604 35350 37342 7796 22932 39947 8201 26630 13677 18546 21 38898 12524 39213 32862 10307 27558 10171 33702 15223 21141 27934 30510 2403 386 28367 20690 15417 8273 3129 30679 26384 32491 12160 20047 33489 4961 5494 14049 33711 37786 21879 34436 11740 14128 9712 28998 7083 6877 32131 37217 2101 7243 19266 18273 21853 4906 24125 3870 26653 9171 28390 568 6075 7005 29245 3056 14189 23752 4015 19845 13448 38926 2426 20984 31651 12108 7964 20269 10386 35201 8563 21337 13252 1940 13052 17825 38534 24395 19793 7677 5770 23156 30513 29826 10475 13405
36327 12261 7197 15102 9134 893 11959 27834 19117 24633 23641 35789 28902 22286 28701 30423 19711 38447 31736 4023 21628 33527 37196 6425 24671 16763 36812 10661 224 25371 31895 28680 19013 11920 2371 24814 20501 29671 16243 33743 29358 38047 17902 7841 4691 16600 14582 33567 16955 20509 3142 4669 34859 17677 32390 39804 21004 3273 9760 26973 22254 7797 4926 20634 18098 4067 30414 19607 28105 33549 30405 21024 18937 24733 10783 35884 28076 29098 16347 34121 2828 9017 12764 17588 29010 24351 21188 15812 7142 37706 20257 1410 29912 14343 20076 13291 18645 39865 39042 11849 2085 26597 30207 32954 33761 8430 36907 39225 25309 14214 14480 24388 16161 29059 15083 26104 20624 39497 22240 18155 3102 12202 37222 21274 29395 15534 32442 1781 38459 7014 2363 14295 15163 7270 4650 4912 36236 21182 17365 22818 15191 24826 32924 2884 36940 36634 34029 21883 34902 13641 993 21019 23669 2298 2088 16295 39848 25652 3994 30599 26557 5823 29435 12547 35682 18479 35647 13700 21647 36352 24158 27635 27519 13646 39435 23775 458 32897 7149 2404 19668 16372 16013 5178 2305 24167 6924 22000 10238 34142 22677 4410 31008 22655 22209 35381 32088 27442 34403 1366
36880 6562 38743 38935 22661 15199 15817 18502 36636 7041 11458 24122 36568 5164 8338 37649 35389 37260 38125 26761 19466 12527 38995 11341 27071 18387 11957 30950 1198 7895 20309 31105 18274 33885 14091 28210 29763 36346 19488 2675 2857 24918 28985 30435 14430 12330 1710 34819 23660 13335 6840 37238 11832 28811 27991 13353 4049 34497 3564 34878 29734 39333 9402 27821 7108 28261 35666 29808 19666 9627 29018 10280 18827 1576 22524 38317 37705 24891 23356 39967 6652 2335 18021 25132 14907 32290 3496 18433 8960 4237 6164 19500 21951 8940 11689 32303 28575 30878 11092 1988 18121 36223 15325 14751 3076 29262 36605 35856 25048 31314 28748 8866 39004 37108 35068 18655 32503 16823 30226 10209 4177 853 23570 8566 26156 941 14299 9106 29954 34173 24422 32229 39877 13373 169 34701 9441 16911 9917 272 11980 16959 32380 15501 25464 12447 9088 36173 10405 10589 13317 18882 29052 18853 12290 27816 12467 12093 18821 26937 32475 35049 16026 5673 22914 35753 34814 34024 23094 5068 28056 26304 24935 21622 1436 15238 27017 6508 35821 34588 12674 628 12006 8302 37801 4138 6559 25151 4272 2033 10946 33135 17533 37169 29177 3715 18156 25073 30393 9096
8254 4218 23494 321 33381 19434 33266 22282 82 26545 33727 3683 18437 27910 8851 11684 14186 8108 22567 34810 12464 12842 18150 26558 5260 20218 39892 35344 22625 21323 212 2049 25171 7862 1722 11665 35926 4335 37651 9850 15110 28959 39932 18046 30597 16771 20401 14497 19980 16095 23336 33487 1072 2812 18995 14261 5060 8325 14211 36710 8448 8330 4895 11524 17883 26387 3519 737 4210 31428 16536 30639 21520 25414 13847 24429 37891 3876 31744 24583 19448 7107 11867 16453 11766 17536 37785 22529 23194 9517 4337 441 30512 38566 20926 31049 38382 36033 11292 31212 35766 23893 18081 19025 39998 12853 37029 32853 22256 8176 33158 16061 28602 10759 25822 34448 5226 39561 22137 332 12514 9617 23449 13417 38699 15832 30190 8160 4091 18323 17291 4487 3382 25943 14649 1104 15512 28893 1304 22323 12772 6753 27568 468 33375 6342 16562 28936 33003 7400 3682 26373 35879 33339 38671 9239 15303 16921 23871 10588 9862 13527 16995 19737 20471 3436 29987 32362 28479 8908 36129 32143 23551 11268 28257 4869 17328 3268 3732 19436 32039 31338 6862 6619 30371 29500 14970 11374 7430 18612 18245 31125 3957 28186 19818 21417 20106 31062 17841 31709
36121 16794 21190 797 5038 24823 29819 21581 6249 7991 11220 24784 19899 39922 2578 21419 14166 4469 11853 237 38663 9998 23488 30329 30493 36137 18429 26436 1921 10361 29638 6860 14257 22634 12133 16432 27612 28684 36482 8930 14355 18774 298 17693 9820 7863 34939 16646 37912 3267 32375 11189 30096 21342 4975 18051 33333 20476 9401 8996 29707 30734 26878 37883 6334 12140 34033 8262 4273 26682 19575 69 8547 33852 15107 36126 18331 557 12523 26661 31400 34337 32574 21442 31733 6554 13415 10502 25861 22191 16135 11727 19736 32120 24374 28912 9779 2778 35164 33059 25472 18515 25986 4725 4943 5920 29870 22800 9077 5670 9956 17699 21088 32299 36295 18090 9724 18417 23363 36857 3986 32063 33939 32680 994 5517 6852 5139 4454 20153 38130 3744 36734 37066 35514 36527 11114 30879 28503 11463 37911 9708 37064 15952 17859 24977 29279 10041 13147 10682 21095 32504 1265 18448 11831 29670 15622 9130 3867 21086 25728 38923 34332 24202 117 31734 35056 14739 13246 36532 9964 16806 26437 14964 1086 34897 26479 7554 11764 2243 211 21946 4627 20338 37650 4767 23602 26659 30241 28827 22103 8585 20425 10426 28434 37557 27217 29964 24087 7109
11418 22674 26947 18659 5484 14762 13049 3230 30509 37556 1697 9691 1684 8245 901 36192 25808 3625 34695 39441 28409 3550 34150 20094 32254 11286 32381 6368 22587 8800 11697 20592 6099 26809 15195 30581 13932 14603 11099 33648 1925 39769 11255 16148 36560 29158 24535 9978 20872 39138 13733 27849 8586 5923 7473 31106 7721 288 33374 15950 4033 36051 33249 6103 19908 23069 38371 3589 12254 6130 29572 8978 30243 11312 2372 9894 30552 9678 10342 3655 9765 39563 32723 15747 3244 4647 6992 19696 16038 24715 24954 31622 2761 10761 28904 33255 13861 28651 7753 20977 39585 5975 10011 10680 26501 38563 15468 18400 39309 12081 22962 37596 13307 13595 24702 30209 22259 19428 7331 1740 25922 23239 22538 27194 13919 10981 20514 13707 36611 9626 19635 4169 7476 29481 13119 5772 28204 14279 18255 739 20520 9901 25389 358 33613 26589 19080 9058 11915 34061 32497 19364 8844 36800 20185 27170 10663 39953 18891 15172 19671 21044 9075 24898 20493 39450 9695 25613 7969 23164 3150 462 34196 4766 39300 35080 7206 17485 21392 13554 26687 23734 38377 6763 37236 11884 20643 10247 32730 17473 15728 38349 8256 28315 16238 30759 25697 13758 15253 22835
28613 10954 1352 6785 29720 29878 15139 13732 22345 8236 21876 19877 10823 4808 22815 18385 920 63 37017 11926 29719 231 3350 3225 33326 3760 18452 926 33965 2151 1900 23768 25085 20740 11184 23888 19354 14327 29876 22640 34922 32457 8298 28380 22624 37560 10999 5990 11762 7493 24196 5805 33292 2685 15566 1397 9454 3007 38634 8702 34858 12110 31975 21712 6967 23747 30589 16190 6772 3217 19289 9756 12736 2885 30580 19599 4163 13682 21028 27199 32687 22756 7565 18647 39536 109 2458 22979 27313 37215 8199 16612 35528 31855 34139 6791 27589 23894 16213 17280 1014 39839 26291 30258 10255 1761 36338 19921 25848 2610 11358 17655 34253 7135 13832 32617 33216 9317 17464 4754 24216 30958 38801 17385 34175 27356 30721 28279 14630 15467 28190 19184 1888 21797 5644 908 17205 30995 28441 16890 32055 36819 7053 32038 28262 24482 10417 14047 7563 24657 16918 36016 13128 32947 32351 33202 27751 1864 14103 37835 29518 15655 33538 36575 32978 27044 15171 3950 21658 10252 9113 9754 9898 31841 593 21376 20380 29923 7546 7409 7783 35870 12212 35896 7928 2601 37559 22765 29287 3213 20980 22616 13854 7851 21224 5132 30770 37887 29927 8206
6232 20671 7230 14440 13351 18220 21741 10818 15281 6400 3443 36678 6863 13929 35516 8231 14356 23011 5294 11833 29504 20061 23513 23489 28903 36238 23358 35465 32658 1174 21698 34630 4922 29041 11843 8406 20022 25535 3197 6816 25277 9744 463 3726 17396 496 2544 20961 28625 33289 8918 27664 38361 21771 37024 29277 38325 29959 25561 25435 29252 3251 38807 5176 8086 12153 36624 39576 30239 26495 7729 1049 15975 30266 5460 35985 39600 10256 4365 18464 5726 1796 36926 22172 5389 32017 6776 17840 30563 37998 8628 38300 23431 23936 38605 27608 13040 19896 27615 19389 25459 7583 15343 27435 7504 5108 16834 13763 32147 3144 34276 9363 26305 24901 6362 4689 36727 32284 3541 31988 12796 19703 10193 19156 29674 22170 27197 26801 30947 26627 20707 2568 10331 30157 1378 26997 16451 22884 18816 4172 39790 27507 39081 2750 16695 10963 39520 19372 3430 9662 9614 17523 16207 24834 13108 39816 37936 21098 26960 27863 24672 11672 34913 39327 14210 35132 19986 6046 20752 37643 7341 20196 29716 38498 25486 21025 13752 31131 13927 10899 27144 32950 24399 15766 34016 9144 5141 34919 28213 973 16930 28435 31221 19332 38198 5940 20053 29318 10055 18524
32677 31084 38180 16877 13500 33370 26652 38443 22074 33082 33032 33825 21971 34281 10137 15955 4819 33482 30069 4919 14121 26614 31148 15597 15973 38681 15031 27864 26139 6216 34420 34581 4798 34418 2823 24869 38709 5129 15469 19400 13459 13550 16688 33471 38909 20357 7593 30044 35779 10755 18026 7577 14954 7250 4644 11616 29182 6503 20681 30941 17432 11275 6847 38811 1225 26404 404 26650 8309 32516 31989 25142 760 11881 15850 20294 4158 21701 18262 20372 10720 38948 39304 6541 4678 31092 34668 32660 3512 23884 22739 20406 2776 10982 33474 9250 11359 11117 716 30158 1927 23099 7460 7537 2589 28073 22933 33132 12622 23299 34883 24004 24487 4662 37878 37235 12581 19185 30517 27302 14062 19992 15700 8594 3101 33502 20582 890 27278 17709 18094 16664 10360 12231 22346 8805 11223 608 34333 1350 21312 13211 10754 21308 24855 8727 38747 19030 14350 39049 32511 6556 3374 13810 34730 30857 39610 14460 5697 24424 26846 23048 38137 30782 2065 22427 11030 22952 14116 32908 23302 15290 28705 33391 28088 8369 17593 2945 25005 20447 27663 10722 25255 19200 26090 33745 30451 20144 19839 38601 29649 275 1424 26941 18283 21473 31231 21099 34015 8886
6644 9407 31979 1041 25765 16712 38581 27691 7028 17979 32261 28785 14247 15987 36229 4937 12809 35798 11335 7412 26033 32770 3304 14328 21298 20246 39532 13750 23812 10604 33306 39803 32605 31056 39455 38684 3549 16302 39141 21875 38032 11152 14861 13740 21457 20121 6306 28306 35553 21859 22500 1423 30247 13070 19624 17524 9904 21136 15263 1469 3989 24261 7373 16429 366 807 4461 28178 32433 37743 38167 12106 9109 36200 36970 26907 25338 24445 14563 36475 35957 22804 5793 35041 14145 3342 21910 31473 31887 9122 18763 17732 36017 27499 6834 31078 38722 4140 14038 35011 30670 25346 23154 32047 8175 7573 23224 5645 16445 3767 6488 26109 20647 39807 28011 24608 24807 18315 20058 21523 22927 6126 36431 33691 13213 7972 9583 22280 14734 8838 36381 19278 24358 9034 38968 29696 8318 34741 22069 22101 37779 5937 38979 12399 17213 12750 29380 20325 7459 2292 6795 5832 33446 15002 29204 20350 20272 23024 6380 13562 31265 26299 25690 21973 25737 13310 3535 8319 19227 22064 31512 7627 3719 19100 1249 37518 30229 30008 25367 6345 32951 2112 25906 18162 38855 29871 28048 30361 13152 689 37110 8668 36292 17063 17785 35038 9639 11873 28267 36653
31185 33554 36144 10162 37022 12066 29242 2587 3505 6379 2353 16202 13741 5319 36999 20439 3206 39586 6059 38939 8782 39991 33090 30433 16543 20975 670 3622 16719 31294 34648 39694 7852 8085 16756 2710 39835 36775 31301 27306 22336 11333 15092 30921 17665 16770 22242 35245 17011 7835 3317 16950 9685 30262 15637 14451 24658 2519 30808 30881 26382 4325 20152 26207 19231 36188 30345 13476 30252 17131 27575 8416 25898 9807 19650 7838 1508 25108 27652 30074 30628 29427 24425 9412 20513 26791 39755 8855 31485 12992 15873 24214 4877 30596 38633 22126 9054 29787 3778 6722 16299 33982 18965 16219 30064 13457 6672 30311 10608 28243 5765 23415 3188 31170 6676 33493 3788 25143 39317 23612 27360 23721 16527 21861 27035 5243 18999 38973 27986 7724 19871 16425 39375 15951 12641 22041 13463 33722 4319 17656 32189 36258 8983 32656 38205 8769 601 11647 33701 15349 4954 1102 24989 8504 18973 24091 21089 18326 11455 3009 9274 26786 10132 13468 19373 20976 38774 23651 10932 35847 39543 3122 21630 19317 22903 7304 12311 28791 36908 24621 2755 14391 10631 31608 25553 36796 16077 23165 15972 36518 23308 26928 24822 151 13942 31748 17800 7043 38775 29920
38127 39711 16483 13496 31951 32325 28973 30357 23361 31041 39243 17562 8090 27545 21205 2549 1413 29714 15679 7654 27328 3616 30819 21387 8588 37075 37385 37882 14097 7354 21160 35590 478 15241 18356 3240 32743 820 36478 17697 31626 32984 22850 12592 15895 29865 19477 22807 11761 39648 8398 36176 14893 20077 27478 26162 19996 29962 4785 5086 15378 39306 30678 13125 118 31481 37276 7625 2888 12843 19154 1083 24805 12217 561 35008 21291 19109 36382 27832 33344 8339 604 11603 10685 13221 34831 10085 39560 36198 7553 33413 8545 2483 12027 32928 9457 9538 33051 7756 23746 11454 304 19687 18939 27840 14110 22195 31877 28673 34671 10528 29480 5870 16988 1384 2089 20137 33288 15432 5745 2622 801 914 28266 13863 9026 3466 26076 18563 4082 8735 29399 26335 23892 26060 14986 14231 3905 33137 27655 17952 21509 20031 27317 2430 18074 38545 26777 17469 27982 11148 5504 8537 17499 36302 3556 30683 17077 16436 14848 22778 13859 10800 14799 37155 23249 35039 28709 16616 38594 5361 12112 3658 9588 18636 38822 39207 5796 22187 14542 21207 2453 36047 23240 3517 39436 35373 33723 20545 22293 12921 28158 28569 2597 7626 12040 31377 35532 4866
28870 6333 37510 31983 18401 32913 15906 23346 25671 30931 15430 24542 39584 14728 28702 29265 33176 10186 5848 38579 5627 34852 28003 21866 792 5424 812 27433 10531 35156 9539 3554 23924 23432 6390 26654 39399 19041 9858 3943 13340 39196 389 18296 9921 4506 18794 2783 22660 39509 27893 2664 24036 23446 28070 32962 1003 5572 11731 12655 18454 39903 28589 7913 15845 9115 37716 9256 34793 10323 27681 38194 18409 15160 27533 13410 34660 10883 32216 26026 29621 14348 2693 17814 10299 11730 30614 30313 34309 39266 4549 13366 3500 31971 37747 37946 22113 23170 436 39758 29097 17393 8582 1324 634 24462 34463 12210 13925 6427 27102 14924 12531 8347 33884 31103 4990 2950 31354 16332 8459 1569 26014 12601 2581 27904 15214 29207 27337 3853 13824 3135 12820 33515 9909 5450 14654 27350 263 1817 9924 19733 2446 37446 11154 38769 4908 17189 16624 25639 16316 31278 22787 8249 33109 29421 12435 11748 10895 32798 25062 4360 37198 17843 23874 14969 19 8986 38613 4703 31692 34462 4614 26580 9464 23059 27399 28553 19853 15046 39823 4742 31240 5076 31848 17951 861 19772 9320 32921 37105 6540 18715 736 31070 19514 18505 27931 2680 3080
7214 19118 32436 39244 10127 2068 39747 20583 11529 24322 26110 25348 7186 3278 27763 2833 6941 8914 7023 29921 19549 33389 22151 10098 25881 26269 15454 38501 39592 7144 33178 12172 8403 33587 26859 37403 17121 35138 9404 5426 21533 11028 18351 37096 6802 31526 26117 38424 31042 22546 37461 5539 9540 13813 30753 18097 36152 20214 2700 2607 14847 11005 10805 9229 11314 15671 31531 13026 31435 12960 34395 6401 26851 29394 1056 25184 3412 20981 9220 1918 14769 1454 32935 7603 30726 27825 31099 11796 36749 23908 39703 24661 20843 32187 27779 16111 9589 13754 11698 11157 5084 25222 15996 26866 36893 22030 3223 26141 36457 24268 37078 10197 18911 6643 1916 17076 30902 29049 17604 1827 37844 8737 11295 22691 28601 12767 10944 26520 33800 14259 6123 24226 19257 18839 8221 18455 35292 39279 32092 28769 31670 7102 22753 33319 8528 9590 22899 31928 2524 37947 24580 3218 8315 7051 21621 181 25323 28610 17930 1011 19049 11445 1099 31859 29069 35103 36347 23934 31161 16557 2585 32878 7896 25491 3408 12666 11055 18896 38115 16392 21156 30363 5957 18215 35687 31931 2817 4385 8191 28529 18558 2241 23953 33957 30567 29138 27222 37232 8383 33993
15382 8322 33497 19740 24120 8295 10096 18760 35312 23753 2012 18427 15760 13789 38254 14857 592 12092 35643 39074 13543 34886 27600 11922 34864 29950 37049 35196 31439 4799 2931 34563 36186 24238 15064 36894 16702 38505 103 31347 37669 12793 11271 27732 4121 4648 25894 1243 17153 20730 18540 15888 17768 9512 7520 18666 21487 37184 8293 33341 12716 5091 23265 19583 24861 23162 26509 13189 32565 13581 38101 26695 21799 13530 18481 23352 3557 23695 10368 9403 31921 1004 4654 29426 12970 21268 19539 7437 14332 6822 9442 27913 8643 36899 18166 29881 13199 18753 5405 7113 15433 21568 4997 9066 20020 28305 12884 10924 35815 4139 7661 14398 18147 30112 37620 27361 2993 10166 23 3608 14926 6358 11453 32961 2259 22688 905 26344 12749 3167 9443 965 4602 19757 2533 27395 9789 36801 36219 15808 30499 28020 3116 17772 5244 8845 14136 39353 4060 6343 9435 1162 11605 27264 35227 34728 9384 32004 17521 6250 7147 38460 11546 10700 25114 18388 9415 1574 15954 36497 25855 39250 20711 23571 20918 30468 15129 13172 30227 23890 3999 1839 17111 9969 29272 2892 27699 32165 30616 25591 33268 14741 4375 34676 37005 32805 1920 20253 7440 37322
26286 16222 5821 18091 21567 37301 27074 11790 10882 30556 3820 12568 9808 10876 31649 24250 16435 1223 15602 13386 12975 27359 34805 20848 33260 23661 17639 26748 25528 31162 18899 18604 23217 2186 34348 38504 28975 37398 11693 26364 23785 847 18928 18421 22014 32313 10124 14499 1739 26985 9231 33328 2149 4673 37545 36509 38043 35430 18742 36556 21369 14883 20408 31927 14623 11562 18263 25688 13669 29219 24793 6889 27154 24948 17572 10408 12546 35420 38294 12174 3969 31597 5863 440 33081 28530 26094 833 17161 15652 25819 39484 24243 37598 36795 25130 1345 12132 4440 26229 1394 26197 10210 33608 23994 39669 7531 11941 1463 23698 10931 554 32168 29833 17722 35142 38814 7365 7444 39760 12228 36307 20392 38930 39260 35113 909 16768 34984 23829 19731 2418 13465 508 12320 7510 3542 14171 32991 34515 16910 34747 1305 15236 21393 7552 23340 39054 17632 9451 35478 18123 28635 35318 14971 30863 39303 25707 6447 11556 16720 37437 8362 27532 24645 34387 2811 36740 4362 29178 5583 10 30298 36672 13170 7260 1789 23085 38217 19799 13018 6531 24560 32905 26923 22748 4539 17331 23814 19476 31663 33043 20116 2592 17172 268 4876 29812 9682 27529
38918 17397 22882 14605 31392 32708 30219 14923 30337 25066 13952 8079 6311 25907 18576 31342 10487 22455 38085 32421 38947 37001 5444 1962 520 17277 39685 8698 37658 37846 15201 1214 36420 32107 30926 36425 35437 29980 9946 2396 23568 34246 25460 27420 39826 13328 19196 18337 4271 29235 34384 1071 14763 38313 6437 39114 28976 2381 5561 4845 39147 14916 28945 34161 23261 11263 15646 23375 10533 20297 31333 24023 28862 39299 12744 12673 5510 27665 4166 9664 37483 37380 13275 27280 18446 12740 6017 13511 14368 22425 28022 1964 15416 6402 36719 33407 31368 18737 12676 29742 33186 15804 17380 28972 9819 21871 9983 23281 14067 24516 20862 10274 5497 6981 2992 8161 12826 17719 26671 29314 10849 17887 4778 21804 23386 28504 24817 21257 21284 24301 28420 38757 10329 27220 18211 1089 38874 31243 16942 19124 14477 38271 12752 35653 31459 33652 24143 35696 14375 18734 32956 28080 34507 9490 37870 26165 35251 35549 12208 10521 6951 2231 1448 33495 14427 5825 16934 25444 28276 38892 19941 7763 17257 5073 11180 31396 2078 20704 17967 23932 4524 11346 8327 21433 7297 16285 25244 7128 35803 8200 24991 11161 9800 39276 6994 14330 5166 5169 1222 15041
38432 2834 16862 5070 3340 11181 19717 13884 7397 13222 18382 38493 30989 10325 27527 16324 28299 28937 31391 15122 11242 18205 6129 35036 34058 10635 38513 18042 18185 20048 29159 29672 21154 15262 27100 39023 34000 36547 30860 8703 3551 5691 20518 36489 25360 18714 19781 4447 12663 12032 16192 15150 14325 1711 34030 18005 35842 15287 29608 27926 21682 17192 12904 22415 13079 23727 16100 29331 30130 2569 24748 22231 16656 18009 33196 19875 12312 3924 3148 32024 22541 13959 34743 15726 35668 10008 11031 23395 34536 37782 16594 10804 11725 7181 13316 465 33752 22706 37286 5297 23430 30457 7809 33535 34862 27083 35148 19180 5913 34255 34735 4849 2411 22441 27774 19810 17929 12054 33285 14899 27539 10587 21178 39812 37494 8647 14655 1744 27562 15678 22849 28743 12360 3759 9951 31345 23741 24495 7305 23495 26091 5383 29673 24231 8530 28017 8477 28890 6814 29918 1998 3385 11188 23742 24307 28888 23003 4116 7586 10178 16896 13497 16602 22405 31846 38750 4620 433 7745 22023 32247 14700 22830 36972 20798 30061 26914 10872 3282 15998 3756 5550 1757 8162 39650 21145 35806 6602 34756 12589 19538 24505 23086 20954 28232 8756 18209 18157 9460 35724
1752 3427 19427 37498 37646 33712 14548 39757 19919 8332 8854 10097 11115 14458 23396 10747 27178 7737 7514 21793 6937 37679 13361 20018 6664 29837 28757 21292 37768 34901 10956 13888 38516 23451 36099 25858 22685 25912 32382 3420 11459 6646 21219 18053 35334 7893 34485 33571 31743 5729 21929 10796 6603 16446 36597 26143 14806 31227 3685 2234 16519 15257 22981 2839 19011 24187 37295 5788 7598 27924 39754 24648 5535 651 24636 12413 23092 29821 34131 10201 21822 8990 28431 39720 13512 23504 4780 29829 4044 13185 2181 19324 33912 28856 18790 1841 30463 39993 3302 27134 3548 37193 14450 34980 2438 9038 34220 21899 27413 38326 31094 16583 30408 13851 889 38550 10462 15568 326 6564 31523 24960 35763 29183 12624 33234 23474 13744 5586 39606 33755 11424 19693 25124 34683 39334 5072 17830 9301 37290 13608 33693 18792 2861 5376 20424 16232 21216 22175 9922 684 31454 29081 28200 34214 482 13325 25140 17115 19882 7794 12822 14443 18016 24815 13611 19957 26312 12538 11706 2966 7939 8624 35900 26615 32694 13188 35882 24619 3136 15721 14374 1852 20591 1334 23692 25240 21928 5924 10141 18480 35335 27679 36764 35042 23118 22015 26581 9713 11423
30269 9157 12810 32312 25799 15044 26824 18538 9857 14685 9219 3140 17294 5625 28365 29340 25607 22182 26108 39742 36512 377 9714 17287 15815 5495 7992 8993 34665 14192 23901 28107 15218 6237 16059 31892 7195 21282 19654 23227 5065 34427 31358 31284 21778 30294 2654 33009 3998 31403 10025 5666 39822 20990 4838 34570 4843 39010 22184 31566 23496 20359 31312 15765 36359 32020 29216 19215 27365 32713 15734 37302 35644 28219 31505 7323 3632 36488 21889 36807 29774 15611 38917 24930 6067 38269 12211 10580 17183 15843 10574 14224 25587 35936 25534 3407 22456 1489 9710 1395 22725 24628 30949 32902 25733 36054 19043 28990 32957 29053 19623 12824 3460 26330 4671 35785 24922 26532 23707 38796 24588 4900 23134 29903 18453 36250 22370 28774 26333 12056 32936 32057 22871 12530 17968 13443 34800 37234 1603 34892 17851 14880 16888 32795 34291 4784 26230 35096 39732 5040 34823 35844 25753 25218 17993 30387 9385 13671 20801 14417 32513 25502 17953 12645 34941 25842 30037 35286 23129 25341 19136 35429 30812 11543 21674 4297 28889 31369 3321 14612 23737 2157 12243 12761 37791 32693 21169 39223 12571 1758 37616 29576 29190 2201 17532 35443 11536 16228 17406 16885
26398 3951 28339 913 32032 29689 4131 8797 33937 19132 5130 18548 34355 26841 24654 6336 22921 3112 34763 5833 3046 23028 7590 33860 3572 2886 22119 39159 12102 8621 18703 3710 33387 2167 17408 22842 36139 4290 33573 7489 32675 34248 12575 20682 26736 13827 3168 3825 16529 11677 30533 28612 4396 10275 17292 3729 38879 16809 14588 15001 34112 11240 29011 26957 34850 31118 25202 34757 15810 21635 27722 35706 11617 39601 15306 22861 22907 1039 21850 27463 33823 17914 9333 22263 10484 97 1090 23684 36019 26396 2739 8559 8600 22906 22413 29130 26636 31868 27984 22597 30968 32590 22644 15584 3619 8174 35278 28476 15451 79 11925 30072 2043 37710 36190 34657 22434 2726 2413 14056 30844 24490 31228 30395 6472 25827 934 16362 19473 3028 25284 1319 34626 18410 6694 24860 30431 22007 31461 30314 27950 6910 37875 38788 16819 25017 37963 19678 7509 33559 13311 22859 33833 10259 21900 39902 33997 21679 11194 8018 28838 28596 39466 16467 28688 12183 25885 2320 11259 33024 25644 26080 34014 9694 27314 14472 34143 11262 32964 36947 30851 31112 33256 39808 2577 30607 5410 33327 20226 22382 7822 32750 38124 22099 8367 10791 39020 6810 21666 9467
29007 36814 15840 37741 27892 10806 36220 8417 28927 27657 9845 12069 12139 308 26641 15390 26560 26755 5298 25230 9331 21179 23926 32483 21937 11913 29905 19333 20803 1787 38819 22736 32336 11749 34290 25634 4599 21167 28263 18752 39098 35683 15795 25333 32041 29757 15036 29361 28161 5642 4071 20494 10825 38945 29428 36692 507 38818 697 34591 39113 16127 35133 36044 3477 8397 31871 19258 11217 8266 25565 1244 36777 7019 16693 20908 11377 22662 23447 20734 11910 28318 20544 3152 34317 26417 7765 17595 28778 25579 31924 17637 17907 19780 37227 19284 4347 11615 28387 32410 27167 19064 38532 10629 618 29942 11628 37926 17158 2757 22343 3633 6628 34374 4244 7588 13731 32374 4115 30823 19380 2594 26273 13020 20934 13461 27591 6461 22628 30856 84 3783 9576 10897 6962 26326 23238 6636 33674 33626 24455 24192 3297 37271 34153 28630 26505 39335 35656 11274 26686 19469 36311 18013 31583 22328 3236 6940 6613 10534 12511 28450 23974 18620 4723 6630 15643 2367 39100 7784 3433 38678 27124 9821 13803 39180 26823 29680 23881 14940 10636 15486 29685 20165 14087 12937 2714 35748 28049 33609 1670 13912 36650 9607 24136 11038 20883 14998 7821 33853
39933 613 20281 19713 2212 30880 36882 21378 2969 16825 25572 35917 26810 34565 29900 20562 20672 14817 29509 31486 21194 21750 1914 32441 14576 29376 6517 4 7536 35341 39277 34908 17344 37630 4718 31393 18435 12370 18395 13755 37932 23136 7562 4480 18242 27943 4653 36077 25188 8798 31640 13464 12449 12598 39697 17606 27968 24774 14088 8828 35924 36609 18164 7234 7731 7642 5522 19955 21530 1329 2204 29602 32674 30778 7414 11137 35737 29228 9176 34707 14611 10410 22607 17713 13692 24519 2172 27677 846 30551 11026 15215 919 27382 27040 18140 18366 32197 32735 19985 32190 26932 36987 20312 21030 4435 18289 17106 22975 39962 10773 7641 14106 16902 22526 12471 20123 22645 4411 28333 17341 36487 7408 19181 31777 7491 19391 34064 6128 31211 17290 14515 6583 2864 36866 11136 4102 24438 15355 25252 5305 15644 22718 4583 5521 38687 30364 6177 16501 10433 26151 8910 17424 26774 22237 2836 28593 23578 39622 30595 11253 22560 23171 35982 34275 19480 18120 36838 11971 9828 10501 23937 2432 37366 4665 6907 22836 8283 12265 9067 31929 33697 31172 31827 11327 982 6063 21414 29879 5162 29461 7989 37186 22910 6854 6522 37304 9835 2694 24663
4126 36168 7574 15866 9124 10877 38099 4098 10423 5943 31801 18695 32228 19946 11644 27877 438 17474 5474 11825 15097 28422 15715 23271 1280 35493 28662 37642 34959 11399 5859 27077 21759 17978 23939 33397 12817 39617 39240 27324 30662 27225 27292 13034 30654 14587 33683 5545 27921 16962 18033 13705 2737 37481 2216 3277 22487 9874 5020 12768 33795 2921 18824 18436 24618 25107 16801 17209 37530 6355 21250 1255 19081 32531 4864 38924 6685 35764 39062 3185 35608 19209 24882 37379 23846 6267 2223 2735 32386 27880 30913 11861 15513 25290 28907 4746 37968 13166 18408 26380 34423 4696 10291 10461 38730 22618 9545 4314 10925 23221 1224 25431 14373 8509 18552 31444 1017 25376 32268 11821 271 22082 11768 24982 19157 24596 18814 7880 4439 39788 38238 32122 35959 39136 15890 35712 27491 17537 10525 1975 22325 7952 25087 23629 5340 25852 1957 11012 30131 32778 7622 11187 33643 8128 21687 11170 1625 17046 15673 32997 20749 2028 7073 1563 23509 34968 33820 16722 15640 31842 29249 28151 14827 33748 14401 5577 32594 26539 10352 30137 26915 35892 7671 21492 21891 37592 4601 35944 36906 3299 9156 19295 16966 37680 27469 13411 23091 3303 24533 11484
17898 15532 37246 6323 5930 34415 29218 19534 6455 14934 2330 4702 20559 21860 24970 10839 14219 6041 33057 20389 35535 25564 35518 1167 22635 30833 27813 3908 22105 19524 1849 14003 29185 29525 37733 9604 33287 38240 20999 14591 34200 9931 260 7924 10869 29467 35482 1561 37097 12046 14083 8420 7712 9810 34999 21477 35609 25939 16532 38103 22764 8692 20349 12787 9973 24521 16850 6256 10467 3156 39842 1913 27797 9649 27011 27487 35306 31143 29603 28646 13431 16762 18348 10250 16491 38363 12818 24555 18177 28484 12862 18527 5903 30165 39134 23500 28258 32487 39246 25937 34034 34998 24147 26715 24239 37440 23976 40000 34280 39093 2194 14537 29990 17646 25775 17774 6905 37516 30270 5634 24392 17850 147 9230 27588 33004 32833 11158 29910 8452 5674 835 29569 16365 27483 5411 2691 33642 39247 25253 19991 30688 5721 25175 23856 16043 5626 9620 24123 33872 5734 29088 30475 31685 27936 32415 540 31507 3100 11621 33528 20365 6066 21463 1526 15402 2444 22338 27653 3953 28170 36208 8799 13391 10758 25924 38755 30171 7878 12997 33970 9833 33335 2813 6314 15538 17061 6033 31763 18136 6146 33071 11498 21960 31936 9646 19928 12654 3771 2106
27235 23709 34482 20523 29433 21283 34272 29161 10042 13551 22391 20311 7985 26491 33698 8631 34568 15043 5250 21665 31775 8959 13066 32184 10765 33442 5887 18441 16924 8177 21343 32405 31621 14869 4791 14129 25254 256 21184 5611 24133 10764 12329 24172 2598 10253 5174 30039 14823 32245 5418 15333 25394 7062 37790 19749 4692 13609 39482 34286 32416 7908 35812 13680 36376 29573 9242 12194 4862 6148 11371 15410 25853 8656 34782 32791 4824 3334 6287 2708 27122 37341 36953 24517 23656 15651 34521 16493 31085 11360 12462 37261 68 9298 13882 34686 2378 32517 38821 15388 37179 18855 506 9335 13913 1797 36134 12057 3194 13956 12611 3389 28451 29430 11715 38980 19977 21616 28301 153 11414 22780 18539 9907 6136 24027 36701 15997 26283 2308 38626 21026 36705 39945 4334 13260 31758 4484 39351 36845 14036 19023 2917 20791 21880 38857 26559 3318 12005 27388 19073 39715 35531 39106 2727 22314 7834 14743 20067 1338 19553 14197 23276 36828 9529 4463 39167 1257 22978 8521 19051 12478 2097 33750 38102 11002 38302 18476 10657 31036 18219 21223 20343 13240 35794 27563 39765 28707 4852 15304 7680 6957 12969 6598 19338 24879 10960 7171 509 7246
31066 21805 36492 19691 23076 27488 10809 7497 17610 32695 32076 37863 5812 20346 38479 21981 24013 32700 13547 33342 29951 28109 8120 22601 13761 14719 37576 26900 21518 35230 16816 16185 13996 4962 35692 34785 14468 7177 22251 15870 15688 31335 8044 7647 28958 19216 15050 15077 16459 9339 14385 31091 7827 14301 20109 19649 27520 14860 18631 4113 38936 32363 16567 24889 14273 13148 32050 39693 29807 29100 28739 13950 33100 30659 11209 18234 38741 16426 34373 27856 31304 29803 18381 18494 4597 37717 10058 2781 26205 1277 15702 5829 4801 30095 16772 19472 19057 13939 15220 12769 31114 18295 11837 2225 37243 24171 18837 7772 2603 1066 28321 32882 39252 3573 22199 8095 2875 22320 33303 2350 14481 38475 657 35660 77 28546 19578 12497 2205 24545 8171 36960 31300 9406 30953 936 19721 23093 31976 32579 25339 39753 6485 9544 24131 30360 12055 9647 4445 37807 4903 5282 10227 31629 23706 29155 2009 2974 32397 15737 12124 35144 24591 33155 25163 37690 17350 16369 21320 32746 26482 37982 23403 28467 37127 5555 35034 31959 29827 21220 22473 38994 26243 34641 11297 19042 32646 31286 8941 32528 1724 27031 22648 19795 16597 20622 12790 17455 387 39621
4995 27629 28110 420 6273 32205 2503 32066 25641 32368 26466 14936 13390 21329 25094 4911 12045 27352 2023 29899 38673 29928 25429 21541 4727 27738 23808 36626 22749 31201 36169 27045 26054 33062 8485 9238 21798 39183 3295 16331 12098 15896 11251 24952 26324 10792 36598 26167 7610 12722 3886 26132 32281 5134 15296 39590 6467 21151 32130 18890 38793 27542 32364 29387 14413 25015 3762 7664 661 10647 35945 38375 25159 28751 437 1999 4554 2466 17684 35421 39127 37307 33228 30206 2997 2500 34843 3098 11284 21646 17688 4621 17174 10540 4663 14597 19914 17730 23687 28536 2929 12089 34776 34642 24061 32822 28808 359 28179 35714 12310 4609 4879 8962 27349 33279 31985 34580 33850 11851 32883 37762 33667 9637 38497 24528 29008 5033 37190 13403 34786 28636 4105 16983 2514 1771 33276 32383 31854 33857 4488 37416 9482 4363 641 10624 34575 32082 3565 15245 7220 33410 31953 20546 36491 32110 21921 22676 12030 4811 25297 21166 26416 7699 8263 25067 3319 6980 31653 26918 7475 39526 20026 26024 5198 123 3320 17478 20207 12268 21047 33956 21753 37426 1809 17652 6381 34645 18643 24760 1788 24272 4379 34569 12230 15479 32085 26412 29317 24537
12773 5483 20516 5816 546 13109 15458 9656 22493 32522 5827 4016 28887 4058 35104 21027 26986 17520 548 20837 6901 34846 184 1287 23868 35947 8743 28650 841 20724 16088 5773 31254 1189 36833 23357 1983 8134 22572 2366 33215 4946 662 15269 16223 4127 14694 34011 23581 22111 20019 10089 10106 16827 5357 25649 3707 24627 17159 13890 1252 128 25466 31610 31661 19397 13130 31034 7505 16089 17214 25946 14672 25169 24939 17371 4285 4443 18808 21359 37991 10642 30825 30204 30176 33607 32801 5966 19418 32369 22709 36912 10776 14953 34170 22311 10842 38996 24895 14882 3663 14285 35483 21716 11304 26965 31404 36853 31433 10559 7691 16784 37462 37387 27270 25557 10940 25500 30873 3873 16016 36612 34893 3498 26314 9281 11723 7063 24763 39582 28770 20807 10453 20446 12690 34398 25800 39283 13389 11506 19104 41 27784 32171 12331 10355 20166 22719 35272 29797 30740 18496 36067 9468 26476 27914 5160 23642 21413 29172 31628 23477 15279 29392 21415 827 15354 7223 16249 6684 2445 20695 19930 21984 29026 24479 12270 9753 38452 24101 21632 26798 22437 24280 14824 1127 30081 25487 22394 29839 13720 25350 34914 36288 30333 23592 1591 21943 33676 32046
36748 37520 9191 12642 28068 428 35257 34744 542 38696 23475 22020 19234 5968 5580 9355 10611 30776 38365 3231 19086 17255 38885 12291 13865 37204 34712 3265 29325 9313 17470 6087 18362 9064 15915 4646 9751 18478 11488 32009 28028 6367 37894 12973 20779 10459 23579 3904 36494 9307 5204 16395 38448 16820 16878 18748 29156 2721 36770 25083 10009 24138 5578 16868 38649 33225 21409 10324 4612 29637 39939 37429 27725 7029 15876 16485 15530 35020 6805 20124 11903 27482 14070 33504 13643 27531 28961 17935 39910 8268 6808 32272 24345 31998 14022 13886 38207 11032 30909 37543 13422 38856 27181 20823 6874 25977 26443 32058 1373 10375 14239 28104 28399 16205 37164 5110 8381 5145 17038 23394 28671 23492 28119 26656 13545 18767 37014 7791 8387 8489 12559 34108 32135 915 24157 5406 35867 2983 22565 33454 23552 2174 18227 33584 32194 31782 27354 28164 13205 2958 3510 38054 6243 35588 35139 36203 26028 12167 28815 28432 39988 27626 14503 12854 1335 32493 30854 28620 32479 31527 4084 30089 18119 28966 20029 29783 39228 22110 4286 35422 4118 3861 25771 8209 10578 27326 37491 3400 34050 6258 36135 18035 9132 8334 20722 852 33995 4119 16240 18829
4007 1831 12319 28221 36728 39957 2319 22092 23759 32562 25506 4122 37960 30741 1826 18900 23119 18721 19522 34026 26897 13644 28335 31242 1769 39524 3543 26203 24827 6010 12871 35809 38024 18833 16643 37640 15379 16550 16654 31791 30040 1675 15577 3991 22186 24049 10803 25410 3485 37138 13407 31568 33033 37806 27103 26190 19342 39111 12499 3173 19723 26469 10751 5636 30725 39384 32275 5885 7110 5017 27550 13207 27123 10692 12952 20293 36829 33562 24994 26093 22207 23019 38683 29934 11906 7000 18522 24739 30390 1674 19726 14980 1928 16629 24652 39893 15168 500 36283 9470 30901 25148 13686 14265 32774 32099 11850 30984 30213 13975 979 29001 26739 21341 16052 22701 32937 12893 22183 32476 9536 38786 327 29933 28448 8413 33868 28721 17720 7609 21855 17775 38565 16685 27268 10315 3020 4708 33237 37805 32035 3393 10428 24330 819 39002 25872 18854 21940 7273 37315 31068 5303 34119 33212 39405 9072 37265 8932 14418 23443 37830 13667 15178 15148 32496 5528 16941 26052 38488 19760 27878 4336 9840 24646 14522 2084 29143 25749 24347 28123 3799 13778 8710 5723 14604 24067 37242 27149 17435 35555 24812 14093 10886 22050 31701 17545 32065 9949 38725
16969 14029 18627 6717 25516 20951 31991 19352 2762 25797 9974 6044 989 26428 27658 360 22446 20176 14862 35206 31790 3381 19148 37058 4133 24294 6577 17274 12415 16525 15301 22424 34827 22759 10955 38728 20199 11303 18369 32899 26400 1016 3201 7734 35047 12766 17147 37521 34719 25172 11701 4478 18282 30116 34184 1719 28992 6263 1314 8458 4298 26354 12145 16010 12472 32054 7449 6145 4886 25813 17790 10542 33507 35114 14495 9332 35544 19664 7512 33926 21739 33758 11473 32890 6820 3155 4101 19542 11568 29024 12436 28967 39016 2195 31807 2171 33849 33582 19096 7422 13333 34181 6034 21788 7318 2937 4383 19916 7842 2819 22402 20427 27753 30620 7901 39311 2175 22973 24787 11451 6436 12091 20367 39644 16449 22853 30288 13288 2633 4313 26365 11090 23206 27211 32500 38355 11641 21713 33561 26320 25378 19255 1746 33182 18946 37028 35589 2951 37700 7106 10596 35273 3841 25157 5054 16399 32210 20220 27121 34985 902 9419 5740 21381 9187 18045 5170 13133 30737 5880 5787 30122 4233 36254 21299 12694 31179 32192 2644 10824 33423 28531 5988 11900 7758 29844 29705 34647 9409 24308 6434 13809 29375 11025 21422 7080 14636 32889 35861 34651
16133 3276 22285 22321 30000 18178 20307 20090 20693 25347 23344 4041 29196 10123 20183 27454 5403 1115 35100 17860 35417 18771 20960 39884 4817 24806 33539 3946 25578 38477 6435 15413 7150 29969 20405 38299 34996 16847 35259 33700 36357 35886 2930 19264 35 37233 30079 5600 6417 35435 16427 3193 21827 19630 34655 29805 21023 12127 12708 31018 21500 13073 2198 2695 8640 5728 11765 1741 29850 13797 20854 25874 12476 15754 10628 19113 5314 2428 18490 25349 21968 18610 22904 24485 34830 23530 9334 18135 38410 18238 2278 22447 27353 10273 27809 7358 19525 1291 2617 35351 28494 35956 31544 28857 18471 18523 9651 11550 615 17603 3731 20112 1989 4575 29321 2264 1650 11450 20440 33604 37702 605 15437 15476 21092 19973 11629 5191 32851 26651 15462 32754 3705 39472 53 20871 39718 12924 28217 27363 22477 21114 21314 816 37666 34824 15135 32896 15713 39012 8573 18465 402 9546 2214 17355 29 1129 586 27204 29229 34856 2317 14023 13177 30001 23365 35675 18367 24745 1429 11965 34531 4865 14358 26596 6008 1736 31693 31511 13893 19576 38636 5507 37922 36586 27207 38824 15113 19658 6515 7544 20925 16582 21696 38305 9676 22534 31594 24564
25824 36261 14255 14340 19580 14078 11823 10310 14349 36324 15554 4553 2365 34916 19188 20712 2203 16979 27255 3645 18692 11486 18616 24725 3621 961 21152 10194 30529 36282 34557 36549 311 23950 4721 38153 5747 33417 16835 14130 8157 28621 10288 9638 36315 3651 5456 7199 32319 25783 32602 18682 33766 3461 25128 32113 29381 19761 2913 9133 13129 17130 12481 19529 29135 27634 19140 2542 7010 9981 34250 31014 30635 32018 3269 25767 28055 15675 22652 16384 37183 4390 17279 2224 26274 6974 26455 35511 971 20555 37840 19273 18368 5323 24676 8440 24961 24736 31077 23969 16250 10019 7143 39307 617 32732 13025 20757 39151 36949 8513 15696 8358 20328 30708 23270 34185 25990 4737 21806 10689 22829 11767 2825 7696 26583 29078 16067 31933 6904 19644 4916 32641 17315 10220 6493 6022 11592 31576 27422 22313 9241 9976 38527 15695 12812 14007 7278 8156 21669 19705 34179 1687 1171 15330 17160 3702 31165 34357 31494 5208 39426 7072 27046 2339 6902 6799 37151 10678 15405 38893 17874 24266 27097 20887 12941 6872 33194 39030 39325 12438 21730 11357 6665 1114 24380 21756 26515 32818 4556 20074 19707 23973 3659 8748 5189 25992 29306 8864 32183
5570 26144 1815 16698 22232 30067 2275 18239 18687 22986 34402 6757 2098 12009 15553 33985 7594 30795 5584 27700 4256 25768 36232 18279 22707 29548 837 27459 38490 22466 3070 22278 33211 34643 4546 31415 22972 25724 32003 28400 34778 4361 7601 33635 16360 16708 27713 20919 12292 38726 38840 17089 33792 10926 27759 33325 5553 20899 33717 27617 35014 3473 20254 3478 3487 35925 1085 6623 11815 7570 35573 21807 6294 5534 18018 20131 1749 14566 15983 34257 20056 26096 30983 18108 15104 20997 8751 17154 35767 26381 2565 8154 8942 11773 5393 19512 3507 4277 35467 25543 17103 2973 1657 13487 31550 38802 37468 2005 4434 29941 13825 29553 33173 19016 22060 35506 17777 24868 12242 8919 19695 10979 12382 9150 23435 25167 26796 21472 11716 16733 32073 5261 12036 25846 7748 33824 10173 3501 17601 19217 21050 5113 17705 8927 38677 29806 19165 38733 17616 26519 19673 24323 90 22229 23800 1389 9248 26863 3045 31416 27560 23450 13077 27492 34554 30796 18802 27649 30282 35981 9669 6016 34597 11013 11299 8870 32580 18644 7208 34164 19619 22669 12154 35458 3769 17747 19495 10709 31543 30070 33031 1308 13245 35436 800 7768 19842 35814 38861 2805
11643 32715 19948 39958 873 24632 26375 14405 30494 37809 8626 27027 30932 34118 6286 14963 14570 19494 10407 5840 18425 31409 6122 30368 36007 38095 23074 36483 16564 12326 38128 25433 22897 21939 34600 19406 623 36004 3324 10910 10338 6098 34409 14051 28201 21389 32844 34447 4441 17242 30244 6855 16571 36423 20384 28036 12306 35162 27999 21035 23204 39659 6428 28522 10164 34794 34134 24240 32295 2559 17931 6139 13094 19422 600 28477 36456 8686 10494 10257 4062 9609 32408 4303 1592 10867 23115 2081 29640 13522 31283 20694 20586 23711 34022 18803 33737 22755 20036 11863 17996 12629 19651 20062 149 12071 18221 12141 16625 1959 18629 33920 34137 24467 23659 24024 39110 22605 15985 27515 24264 1516 28171 22214 39570 39471 18458 1608 29514 2904 34399 27351 13088 37377 8917 31348 6524 37726 6870 2984 9913 17742 11082 16595 9558 19790 10679 38405 24623 21427 9168 18711 34048 23760 7074 23591 38458 8619 9207 10705 32156 27656 26616 34775 18293 36472 6749 29165 39820 32395 7095 12090 30965 4657 26130 29511 18895 9825 4973 35941 39642 37211 14747 907 13212 11320 19979 33348 32847 3851 11623 16380 23685 6498 30959 35920 16225 5119 996 22670
12653 10545 28385 27205 38202 15792 18254 14958 30170 18143 16145 11649 34383 21439 11211 9728 29482 11116 23247 15386 1681 23262 32952 23367 7303 14436 30174 315 4981 4022 37838 6566 32581 9693 39220 22485 5647 958 34338 30223 22 5451 8173 17332 15801 5255 21445 464 12304 16986 25249 17289 25794 37086 35529 34769 749 39574 38540 11509 14234 4430 20580 33705 38082 3444 24030 35219 9851 3369 33378 3453 30674 2199 37316 28993 19211 29533 34604 28734 22416 35024 14606 17494 6639 14990 14345 33615 28389 27746 26570 25102 17128 19122 26376 23855 31519 1218 1183 32230 6196 39402 23278 38810 30626 39679 16488 6700 15776 2657 1368 29439 18571 11344 39666 6764 28398 3486 9671 2256 38073 11048 25774 36851 37297 22324 26116 348 37264 36341 2354 28777 23507 16680 18432 10377 16031 22969 34189 13841 9688 8753 4986 22266 36726 26009 31872 19976 14722 9411 8058 26764 12456 38762 23497 3455 38894 3810 11149 39057 16033 20035 32994 13701 20054 27347 8145 2759 89 30608 28588 24064 32240 14678 36467 9453 23393 11403 13474 5727 12403 36194 33796 35910 33151 4162 21809 15847 15550 9886 23104 26681 30356 20876 27932 7438 22277 2170 37601 28600
20227 20806 14589 5279 39366 35508 1550 17875 9068 22163 21247 16405 17591 32033 10282 10701 397 34035 19893 5385 638 12123 28717 24689 16937 15059 22608 5563 23083 19545 22971 23292 24506 20617 1310 15155 18024 21843 39109 34132 16267 24053 31160 4531 39430 23790 15692 33971 23111 2255 1110 15004 17248 35154 34599 9254 34662 8317 11168 36227 30798 16707 5857 17808 33361 2182 18373 1567 7325 30501 22745 19697 33020 31225 5048 15793 37192 25211 9770 22396 30571 8636 35562 22510 10508 22080 6144 24659 20577 38799 21854 12933 7503 34720 25365 27898 13276 22577 3126 34456 31167 16200 5872 26017 3569 37443 13355 36983 23440 33267 32907 16671 10109 30940 17430 1882 8092 31183 12277 9127 32360 16837 38776 21657 39336 36788 33253 22865 7742 20225 27871 13332 25879 2960 6013 39340 1317 17817 17584 38542 16870 15181 30966 9349 28812 24844 8861 18477 20817 30169 12604 7592 14432 26593 4462 12662 6215 8371 9855 15616 6496 10232 17826 30658 26683 5987 27767 7798 10281 93 33620 8523 10413 20653 17081 3782 14689 21420 17295 22855 12184 8353 37194 20120 38754 1582 4933 35863 24164 11112 27510 14579 33143 23264 29037 11753 17338 39838 34267 26502
1416 22992 20148 28656 4006 15699 30610 4685 13293 7994 4536 17976 10388 29593 31495 37223 27479 20983 30235 11975 39096 31248 631 14646 13131 23797 11406 11197 16822 1649 5281 19937 19814 16531 951 35323 33245 28419 29485 38621 9550 24452 21569 8364 10272 5246 6270 39160 32064 37089 8451 19655 12798 28054 13364 8320 22312 7532 16542 39237 11692 27434 9143 13947 21755 10364 16388 9028 1356 19263 32195 13278 7980 35881 29604 8790 36328 26158 14188 28352 5632 36458 8350 6431 28291 34460 36118 39474 4547 38211 25809 30939 30928 4450 34484 21560 16710 4532 24182 37187 32696 15510 16864 594 6608 22840 30935 20271 5755 16260 15174 23645 2032 29369 20306 20436 38347 27226 25804 24611 2545 11943 33801 14932 13384 38440 23113 38286 10973 30006 2237 27037 13255 10579 16932 30723 7689 7094 13452 12989 7868 15108 23097 15964 23512 34632 7917 17434 8470 33744 22404 24298 20071 32176 26757 3451 696 22308 26456 35895 7942 32328 21384 15007 34873 32909 39748 11553 31680 17760 35485 34755 18184 35559 29836 38983 14786 20608 26864 39 26913 18272 28328 37754 39544 38713 12156 6302 18001 21974 33162 28092 30474 10449 9037 22915 35587 23676 14466 35578
35397 35264 13534 18735 20992 17659 16874 25358 201 5931 1904 15017 939 32201 20186 32377 2639 38028 26602 35403 424 456 38651 15053 8694 27830 11852 35769 33892 11461 18386 14879 16121 23824 9388 162 28351 20863 28582 24837 31482 19540 4151 12782 33644 23588 23285 7826 19943 20529 31321 4028 38046 34335 33891 36085 17078 36119 673 27079 19085 7993 21685 23466 24532 692 3133 25796 36501 35368 2327 34258 7382 20432 38622 2532 22881 38574 15662 15819 8577 6607 32214 8894 10912 1034 12614 17348 8239 39817 35708 27474 19709 13904 7226 6693 27009 30743 36239 32393 30855 21738 11159 12549 19581 38378 4579 13930 26450 2671 24385 22380 25204 33188 6784 39653 29994 33468 25786 4263 8335 16667 13455 24245 33197 24916 23237 12074 7265 26548 24310 11844 2765 18921 18940 18601 8690 22306 17942 18951 3529 19297 15917 2180 13866 21558 21737 8449 30769 36599 14035 36872 32578 21972 6637 27233 17541 11432 16473 35179 14533 8775 15913 26605 31365 32358 5049 13846 8907 1954 9345 38469 6071 32699 10359 37456 2135 10295 37992 19685 39014 32703 12875 36768 14885 12870 17056 14015 23176 30952 29364 24863 20499 39960 20278 11047 20486 23142 35494 17727
19890 20890 1008 18365 38364 35262 8916 305 2090 5902 18676 22784 18270 4570 29960 37551 31676 25068 1370 17617 38905 15040 10498 11800 20709 10063 37409 20775 26378 2586 12872 34470 27597 3777 26322 10020 5221 978 25622 25012 28780 19824 10704 24371 30522 26640 38519 6313 4235 3852 34070 11544 23696 5542 10206 2471 25658 15592 2556 33261 4306 16728 35538 21931 31768 23425 29796 8140 8849 1241 25273 8943 23869 19657 24329 30584 37025 35777 4012 36826 32901 3008 22687 12107 5582 28939 9735 22104 19574 112 6364 487 32104 18710 19474 20714 26348 16398 1348 11918 35194 35801 2340 10619 27444 329 33619 35613 10261 7966 14479 10277 24453 34052 28308 5761 3614 23400 1753 563 31420 7940 33718 28256 11169 13201 1126 19768 13993 7393 9560 4588 26893 27227 30092 28102 25628 8562 12086 13096 29949 10491 6627 9330 14541 22013 37492 12850 20260 17217 20725 15647 16512 11272 23799 17169 223 34687 199 102 30837 4208 9185 21103 25865 3214 19033 15173 36808 38189 21680 31198 7710 15826 13666 22803 13574 15478 35088 3308 14271 10128 22581 20515 19891 11758 37808 24539 21501 39931 3325 5363 7257 38771 27500 21551 15549 5372 26077 23794
6269 21593 12712 14399 37517 216 24706 13838 13160 14174 18967 34579 37131 15284 28280 39591 32854 1851 19318 13400 5387 4048 31910 34654 32731 10007 21313 24430 6029 20511 39328 1116 3678 39101 11954 851 13900 12877 9574 7837 14614 21272 33807 20553 8306 21789 3881 37376 14346 27978 36313 36021 30780 37688 35233 31387 27085 10414 34018 12182 19856 26051 12353 26901 25011 16262 7857 6040 17180 15780 19376 2178 5901 8463 1211 19987 31901 9648 21396 5012 5692 22797 33770 16144 19533 22729 33139 36670 30978 12409 30093 19789 24111 4719 22450 21901 20648 26265 26644 25545 13829 3157 213 33646 4378 32571 31181 6278 31245 8269 26483 10674 10816 39337 16093 22265 352 27424 27965 35324 5035 2985 9564 24741 27175 36648 22922 38123 9466 36252 37888 35997 4698 19523 937 20178 10311 20150 31958 30827 19669 39782 32235 21306 19396 2927 35078 17354 27206 10466 3212 14532 11657 34459 23123 6332 5373 26242 26805 32170 20683 3977 31349 33874 11165 21349 12835 10095 21333 4603 11532 248 38021 9111 34087 28184 37441 9739 8072 9641 21744 27311 22252 29322 4577 4807 33384 17570 3780 38805 36422 37148 26385 29491 24477 7926 36904 38988 27177 30034
10974 5005 3843 1361 24213 37880 13156 3105 35409 36885 5419 24586 33726 22243 4183 33854 3871 8786 37091 26828 7402 8087 17944 21281 12756 33934 21104 3739 4455 20940 29581 7280 25276 24248 4837 32826 28021 8056 36368 9071 33669 27580 11261 12753 25191 21966 22409 21476 30126 19537 1046 3954 36048 9500 36529 39427 39799 37671 7406 23678 4403 21720 27415 26003 15943 795 39773 35439 36265 27731 4857 8023 11001 8632 12621 16 27810 18809 19327 38451 31009 3362 15124 17824 3752 8648 16370 5736 30316 29080 38567 14463 6534 20016 38396 6648 11907 13200 33898 23306 3279 8464 39857 1613 23401 3088 1883 13559 8912 39963 14185 15877 31030 25571 17638 23311 31745 21828 15444 9340 14565 33157 17949 3868 18406 34340 39511 33520 15260 19911 28892 39990 11659 3036 6790 5431 467 9729 37171 15222 293 21497 35360 34350 20614 9778 15869 37632 27826 24500 17465 17819 11260 26571 17605 23377 34535 25401 2011 33680 24005 11071 28761 20238 25247 35281 24153 25313 26847 10328 25411 16883 25583 17218 17058 9864 38877 31424 13519 9287 5653 5150 17051 7061 1906 34195 22154 32450 31378 1248 24048 37176 34094 10911 24569 16035 30809 36493 33895 10080
11293 23382 26429 37993 3189 24678 4770 29557 25355 33305 11460 4203 21241 24221 37843 11493 19689 29528 32974 14493 35638 16523 4936 34322 19506 27909 7698 4255 25821 29762 33337 672 19199 35207 31460 29259 19461 15085 3499 33498 12143 22742 4841 16084 28292 32372 27628 27918 2469 36707 13833 17600 11655 31020 899 2683 38977 30281 31682 35107 19248 32075 22235 14163 21075 32484 16440 34127 4517 37533 9759 12828 25656 5225 23392 5342 8714 28500 31769 1095 38721 29789 2184 22106 34203 21131 11087 4053 35472 38806 10125 29862 12529 6203 37273 32544 19597 37041 39749 23159 34089 29085 29886 3822 15498 21661 31730 7425 3103 32880 22686 15790 37368 1525 1735 13164 27824 24265 29009 2193 23405 26905 22483 5881 37039 23915 17519 8937 25286 2725 9702 6411 18545 23033 17100 11244 9413 10340 4477 27430 3985 7595 39037 14168 18062 24026 2083 1040 4001 4733 37213 32044 19272 2788 11186 10293 7856 2263 9830 24229 30289 2667 26517 39684 37262 9000 4479 19150 8505 5471 5171 21112 5269 27342 31484 29598 22678 22813 35237 29000 313 25643 910 7672 24071 9151 5075 7298 13630 20435 39031 17194 17360 1973 39510 20584 37408 36806 28938 3723
20169 12372 5974 27865 3235 2124 36625 25918 24463 34679 20379 33367 19738 36110 11375 20661 7351 29047 9353 949 8278 39339 8030 32560 13489 21470 28850 1010 26178 10620 32186 38619 6561 5262 23569 27996 4345 11582 6620 21734 39390 36571 25266 21689 24959 10151 16860 14092 23639 29391 6934 19077 8324 2520 6388 6327 9022 3202 19603 24363 10339 22684 28089 19765 33121 34079 13573 21077 11126 2941 22204 20156 30029 8920 5025 25074 28283 13876 8653 14298 33120 5114 16083 20117 23359 11328 2844 20508 11788 13192 8054 37251 7690 10456 24624 26730 30869 4205 28516 14797 9936 3675 13300 2347 14159 11046 35517 19847 11580 32808 6373 21601 5034 3866 26667 32923 30359 8546 6843 38108 14638 22991 6419 16248 27173 3717 36859 7877 5760 8560 9918 11710 17679 13899 32654 9374 34486 17136 11744 23845 37885 39059 28010 8084 10980 18131 20483 39916 34750 25651 5918 4201 412 6706 12788 20737 6765 2042 33185 3523 23558 34031 14422 30946 39637 31050 9105 7970 36049 7480 13029 6617 1524 3640 11630 24998 35584 8097 26633 1763 33440 13836 21754 5979 32692 25896 13475 2531 1612 7092 25150 38808 14688 36804 38178 16788 8995 29592 33781 14453
11879 10598 23720 36154 17870 30094 37892 22063 14811 18822 18622 1770 15376 2988 21436 36361 37067 29344 24566 8255 29070 597 32407 31874 19670 7925 23145 2230 14814 810 17225 11993 24997 22205 27131 5776 13268 17190 15731 38197 20336 24018 29233 34870 10697 24295 19746 6606 855 34130 29021 1800 14323 17443 2758 39423 2099 4904 522 12195 24731 24149 5977 18134 13324 1048 13477 21555 20132 3438 13618 30718 10676 16174 36589 36209 32241 11829 23521 13614 17336 24012 36389 18948 174 22297 26538 1087 10177 23191 23067 27325 33134 5101 25558 14158 34020 12366 33414 35940 27387 10346 33271 5096 19889 7006 2061 4240 13664 25322 16623 26004 37967 21441 15822 5275 21022 987 9719 10691 20841 17340 21617 31965 36644 5703 35418 8834 5093 16142 911 16697 16828 35983 17895 6906 977 7012 3660 5404 28895 35993 35343 4783 29785 14156 35873 28539 29126 14918 35090 2422 24348 21491 10523 16551 1168 25078 35583 29916 13665 23009 7469 37486 10079 5589 16009 38022 14063 39921 14690 32509 4774 4878 7275 3647 9844 24765 5193 879 5333 20557 36270 15574 39573 39456 13006 20923 14571 7034 6271 36032 35949 36010 16714 16167 13860 7456 37277 27682
33681 3740 33671 13633 31381 34152 33747 2143 34526 8689 16853 5106 35391 23304 17801 6662 3506 14201 8251 15276 14581 4796 24309 23771 6439 35996 22591 34122 20978 34049 37458 13299 35713 9806 27776 27623 28631 9595 13202 15419 39813 23646 3514 24985 11708 27818 12459 35317 35791 37833 34169 19602 21903 38257 23580 38310 26908 4199 34465 12925 34396 20004 25541 599 11878 6811 20175 13917 23205 36976 9452 11086 9788 21265 31031 22504 25320 7417 20182 13082 13762 4514 38854 32532 2729 20886 38337 6569 38740 31488 33888 27058 4229 1450 9432 30265 39018 8822 11782 13004 23883 16229 19087 27263 27029 26254 6887 39039 22305 8584 21677 32160 26067 13532 1134 23096 2625 28445 5018 30181 18520 15551 24290 34076 30452 32744 29577 38196 415 3154 2540 36794 14660 35371 35843 36928 7759 37628 8760 12339 111 2918 39205 37120 26370 11306 23704 9805 9377 24019 10564 39078 15937 36370 19752 26272 35320 8230 21053 14872 9822 38083 4533 11390 17551 7330 12584 27868 6576 18757 3448 12851 35988 15322 8075 24981 5233 28837 27949 5152 31027 3779 16227 19864 16866 16118 34751 22022 13600 22018 37395 10398 3489 30216 2273 8842 11411 18556 25021 25818
17468 17643 32876 18944 45 11074 22161 20543 28165 7015 14937 32087 8141 24953 26036 21159 38220 22400 22838 7903 21037 15182 39729 218 8779 33632 17163 300 9580 23514 32293 28265 39651 12233 23035 13159 31794 1588 15941 3894 23854 6178 32361 4695 22211 37084 29163 31809 7519 29422 18843 9147 34550 18298 10052 31076 34617 16218 6153 19813 11430 32797 15340 15802 19791 15212 13041 6135 32175 30011 11847 16642 25614 3336 39751 20368 16502 26794 30254 36166 17909 30004 24813 10919 20195 5899 21548 33424 32010 7648 29798 37511 27142 18501 37121 32123 19341 20204 19470 36658 3458 29117 36207 12500 23718 24340 34479 11664 1375 4189 12469 8609 8963 33753 17947 24119 9869 13095 23280 22040 11045 30153 16684 30373 19501 5046 8567 18141 24796 14025 20869 22061 35255 33589 35118 10068 20324 21400 28813 2868 8070 1978 1065 2420 25104 9055 39204 35081 39876 13663 22724 12151 32001 14513 28044 21782 16821 17885 34573 18956 8564 3033 13582 21746 27585 35992 32499 17625 37689 23454 17738 650 15235 23252 5328 38230 31341 33526 33330 36383 14148 19792 27547 5010 20941 4179 35342 17260 30681 5126 37219 1106 39092 19964 17807 28063 28923 32274 20461 13494
3814 2356 26480 10875 12502 39794 320 24189 33813 10182 6502 18897 13523 10321 12192 24331 39866 30574 5785 1141 2588 11946 1379 32508 27118 29441 36060 26588 6259 14552 8336 4859 26949 22173 6107 23955 26045 35497 20658 20825 22893 39550 28325 35782 14005 26006 15393 6573 38644 13907 11645 6744 22047 4681 5842 34745 1161 16172 4861 37332 14778 6015 29872 21490 5953 36251 30519 12232 2076 2373 24190 24282 26528 14469 20005 38586 11236 28083 2536 37434 13183 29139 10372 12430 27374 23613 39724 24871 13161 34727 27963 22901 31654 25428 26072 15157 38384 1130 22043 10289 21279 1326 39587 7189 34056 11938 28042 22735 36564 6622 32564 38040 30507 4892 13979 35390 13165 8115 30992 33488 31275 39867 28133 17503 13624 8904 19729 23487 14338 7 19543 127 17508 1027 30056 29935 37873 34208 36878 26292 36293 8572 804 35188 16971 18113 27789 36481 18526 23819 10653 16933 6138 34840 11966 8671 29610 8465 7133 244 5127 2015 29405 37657 35678 35247 34590 1388 34948 19340 1725 12295 18535 36241 35348 13625 20142 32494 22785 6921 35642 34041 30568 15230 23173 38312 33500 31565 19242 8491 23372 13903 29599 10084 25741 28176 2802 20308 25166 19828
6429 30834 35527 23557 5658 24992 9653 12616 9063 2848 27019 10567 24105 16900 11265 17731 1825 1663 32976 13174 9745 31021 33175 32288 18592 15494 17440 29312 2100 32155 27041 9612 7311 23863 26227 647 30366 12249 26673 12657 28421 32485 30712 32955 26717 28004 29425 30053 25181 4079 38298 37289 24459 15309 12206 6473 16516 28517 9393 16091 5006 5364 1811 4444 25368 22595 39192 36151 1974 31513 26421 12569 2326 14876 25847 1493 11228 6200 38604 26232 6142 21917 16807 29741 36075 15904 17023 14176 35688 16275 36078 652 16789 32215 25914 36979 19823 39358 18536 9896 33393 23636 4740 726 9826 31033 16014 20314 20604 2537 39674 33499 5695 32376 33551 26566 18469 3889 13910 8059 31256 15603 35311 16400 35513 36240 15768 39444 37455 6124 39802 3246 6027 14544 16858 24824 5184 7769 14988 17359 226 27887 4193 19247 6632 18271 39108 36002 1276 30460 30644 33380 31786 5547 7874 9667 15278 35456 28272 28930 16049 39326 14621 33163 3191 39762 10738 18815 35773 19532 1620 26522 15697 1911 20860 18355 21811 1623 38020 6982 10104 30508 38955 8599 9123 17383 2790 28653 22190 15798 35994 14829 12765 17401 13969 31642 447 22273 34900 9065
14896 7468 37567 6353 26435 21446 4077 39687 5461 13691 14119 3327 7728 18311 35836 29282 20347 6308 8556 2390 6221 39493 24552 9793 18959 1098 18350 17236 7269 13987 36968 36654 6748 21345 14730 36545 33298 14650 13154 37099 3914 2798 906 33357 29498 25084 28687 1673 32464 36698 35220 13739 7386 15121 25210 37605 35012 5696 33512 12060 23875 20382 20192 5900 18875 39371 5370 20896 20705 26020 12548 17585 20091 39869 39625 12729 18588 30454 16345 39547 12901 6416 7723 32632 22019 38524 2910 20568 23303 6464 11404 26780 19048 9117 3944 575 12789 13479 16353 34388 1876 9021 7126 9619 9991 19058 9486 25519 6942 17867 12001 32355 30613 823 24038 17245 1460 11808 5777 15187 38288 17265 12286 18056 4498 9723 37203 19232 5493 22470 16108 28493 28713 34622 15823 25095 8314 16245 25568 32842 1421 25762 12968 22757 17094 33203 20721 26819 22994 36105 4726 25956 26660 6206 38162 24686 10988 28332 3118 16676 34260 38226 18779 1015 7808 19438 13951 22049 12595 37836 196 32161 32193 35303 4120 30661 23860 33524 394 10048 28640 11717 18731 38798 32575 8062 6552 17723 13322 38751 24218 7534 6546 16700 32373 5448 33405 39058 27695 12308
32629 17854 34438 11549 9672 30569 25900 4057 37178 28410 14423 7720 17594 29488 2038 29215 898 8681 35184 27997 11042 33810 20111 39185 21467 32371 9425 30400 37420 13983 35490 4835 37969 37095 10351 23472 5378 38301 33354 7145 25657 7736 337 21794 8326 29629 5286 2795 33106 6218 7931 10845 30057 2361 34192 36858 31787 20010 15274 18352 22837 24444 33754 21636 15824 34012 39712 14322 24306 20161 5131 29558 12681 22361 25747 9145 30351 266 5188 34612 7923 17015 38335 29403 11195 25621 9086 19330 31883 17672 5309 35710 20566 20770 21826 17711 31149 9566 1901 20464 33323 8635 38204 25446 3708 37146 2459 30502 18677 1281 35473 7864 23942 2279 21122 25236 6392 29856 19121 28132 18838 31894 12487 11238 33011 13806 33164 29089 34151 38051 4500 27236 29938 35051 32341 9215 1418 25759 31535 14830 2235 1685 3005 29349 20638 6268 24034 16424 4154 28206 33045 31210 32435 27618 8761 26811 4149 5459 19460 32505 2642 5050 29811 9190 29275 7283 4606 35290 15892 31832 23748 12245 23461 15200 4029 21082 32666 11202 38744 24894 7572 22221 13248 27039 21703 9370 27661 24758 39785 10985 28438 33574 29096 24449 20927 24333 32060 36182 29817 8771
24180 31746 12364 10071 1297 27572 36535 20773 7289 27419 35153 6414 6187 2916 25567 20808 37077 38442 30684 8890 28696 20229 7084 8405 26702 26572 11198 17661 30319 10140 38359 7464 7076 17483 11545 10878 26608 18705 1705 35402 27431 38323 11490 12727 11511 18912 21599 33786 23715 2202 39298 405 14671 16537 31098 33557 6511 20771 10964 37959 14262 38176 21845 13867 16677 31123 29305 19786 25223 31026 31200 11775 4619 4136 15372 10479 28727 5963 35136 7394 8188 31549 23490 5123 39641 20606 31443 37724 16340 13144 39965 32613 26087 27783 5263 9776 37410 4902 12600 20831 4165 4092 30601 7793 18055 5655 29313 11456 1924 38193 4844 39665 37698 12536 6468 26296 4634 16993 32285 3057 34670 24862 5852 12351 30173 32013 14524 10729 36704 7167 34983 603 32624 19762 15902 32114 39554 12219 6445 2379 34807 12077 31555 22506 14111 33798 25739 7792 33686 29578 14787 17431 3947 36038 24015 1125 24496 30751 17062 31316 12068 629 13584 17110 27786 25330 25661 37175 29254 1404 26025 5876 6337 23649 8772 3081 34595 21890 23258 15949 5807 4847 21430 39352 10334 34096 20008 8313 138 2879 38675 32741 7068 35519 31431 20800 27592 35689 18340 28009
1981 10217 28648 24224 29005 22671 36681 19198 15426 26635 3410 15338 34382 28714 32583 10036 13151 17221 22267 26367 15531 26211 12465 34931 22075 24841 755 17560 5537 20441 21020 27908 34310 15789 36072 35345 6285 5021 29773 30853 32002 22216 5518 28360 27923 21322 3329 4355 36247 6533 18641 14609 39201 9094 20929 12844 18361 31410 6638 11407 8759 25708 29766 9252 30976 13830 33950 4762 21468 37569 14793 24276 14984 10014 37354 29650 6254 38853 37624 8719 35707 19679 20664 21911 22225 38629 22594 264 5299 29438 20830 19119 14580 22261 19212 1828 20339 3836 18516 1643 10378 20265 26707 25597 17441 11345 19395 37317 32780 7132 7930 20875 10139 22330 8468 2716 22941 9501 36661 15940 31780 19348 13856 23735 32841 39507 65 29145 37945 39165 25468 13124 13102 20551 27057 25551 25683 37010 20264 18531 38259 29537 31290 28222 27808 31567 29148 30704 4310 26244 23141 33086 35223 31994 35953 17846 23312 36587 2511 29020 22814 1365 27861 31121 3284 13352 38175 35479 3978 17904 27899 30557 25110 17476 4328 6043 15234 5115 13958 1050 8131 17345 36735 8071 6824 2967 28254 36817 39179 35190 19531 7997 14639 38403 28514 39862 16726 19676 25173 39894
14329 19143 39631 35349 31139 6424 26670 35594 17244 36325 25312 6866 26799 18554 27974 31817 20569 7168 14624 27742 10490 39721 31457 11507 974 6886 32282 7254 21321 11565 9591 26401 34144 8607 27405 2338 15161 20119 36438 16797 15555 7448 32251 8234 21512 23543 2715 39465 23833 22527 32810 35930 38369 31102 13331 26629 35066 22236 11792 15455 13911 25590 526 35697 460 2529 20445 15942 25566 22407 18625 1610 2433 16272 18077 34504 35033 28922 2773 34553 29627 18407 12966 3457 3960 33472 29554 36449 9535 33887 32966 6057 7100 38280 19990 2600 28694 10914 12703 19239 15657 24080 6642 2899 32016 10438 20370 34090 16752 10520 24665 17000 22586 33030 12155 37060 8300 16366 28373 7524 175 26247 421 2127 9881 479 14840 32745 23078 35600 23108 20903 1084 1407 17035 37088 16189 20895 13334 3054 16078 3504 18626 28160 27185 30820 703 23410 942 2004 8539 29845 9968 2986 37206 26153 13601 34065 3827 17108 8222 25217 14362 24159 28520 29324 36120 35466 30572 14686 35565 7256 26677 13898 34861 26996 4011 20473 37792 34455 27448 33893 30110 11278 21130 34407 815 38348 22004 16802 21707 9284 17047 11551 33480 32137 24481 4915 2024 13488
10616 25494 31667 14952 8874 10236 8575 19613 20620 35866 24750 6943 33738 14991 36160 4054 33409 25699 5622 28242 35526 25054 23481 30392 28532 34213 32759 6915 23816 7511 12349 24625 32622 33451 15878 23408 2933 17962 11586 23795 21214 16782 17530 34541 24642 13840 33866 22890 20987 34669 20968 15337 14454 25105 31548 32294 39789 21264 13112 19825 122 1804 6611 16442 23297 28802 10901 17633 36028 25408 17333 33729 9911 36584 2137 23334 30077 5029 13568 511 12059 27837 4491 19107 28585 25552 13751 13424 17687 14890 22885 4825 31728 23331 10880 28644 23743 20230 16214 20536 25395 16018 10752 17858 30426 30285 13473 33945 1391 37357 39150 11827 7378 23369 28026 25930 18256 34292 3809 33456 7937 37221 27091 28252 26855 37988 36526 35636 35452 5998 4381 18122 17374 23208 11515 2410 9834 418 24762 29771 7188 11530 19953 34684 10832 35624 19471 13905 10721 28281 12725 2002 13030 9666 9786 12999 28579 1669 28940 20013 27281 18100 2082 2947 9884 5292 32993 31117 19241 15219 8815 30757 19572 39194 16037 29027 17392 2590 15752 179 26034 8507 8750 23630 38491 3252 4734 32661 21434 26105 32576 24199 32609 32772 28018 6519 9102 582 962 31756
18153 23109 8672 5202 22730 15422 18086 7761 35063 2407 14915 33570 21327 11802 9977 20179 2351 19745 19913 37293 19008 37590 34039 21139 30192 35401 15346 37427 17027 13017 16811 18443 18111 25801 12122 3590 6783 34907 18579 14071 10799 21200 18011 16096 27254 15105 10059 18954 11886 39219 14057 6213 21007 1432 33715 18949 8965 25051 142 18420 26289 22918 18316 14 36162 12928 39000 29372 27975 17005 15359 28375 27493 18236 36784 1652 21203 3816 14559 39858 3169 13661 720 29030 35672 15918 2334 6245 10639 19898 28677 36222 15256 7704 31244 22377 35991 14303 38705 39766 6357 21155 10802 27785 14360 27309 8810 37350 15461 10995 5753 35469 37325 22953 24368 25902 3449 16063 32758 7679 27841 29023 7398 35975 28726 27410 27846 27049 31739 15735 1442 19876 5678 26727 13765 19083 33867 37745 10951 25573 11285 18106 39726 2718 38582 17538 1439 2211 16454 28557 20753 1597 23781 19548 13588 28518 16996 25165 12885 25915 8214 22895 28043 148 23216 17663 39408 26146 32958 37139 398 39231 9961 10446 17664 38011 33665 30924 2387 15456 9885 16875 23541 33900 21881 8328 14478 23810 67 18285 35954 32824 32727 26095 25706 32301 23560 25113 1783 2734
12612 33821 34797 19755 12742 27549 6737 8316 25002 23448 35841 38578 35962 36647 21894 35295 31501 17467 13033 26939 36798 9318 32477 4804 19627 6019 12658 24690 31891 31632 33246 3795 2897 4161 20938 4625 15509 25030 27391 14670 956 36043 33463 33067 14600 27457 30050 22696 36554 6680 22638 30455 36954 9837 12186 37283 36411 12199 35070 34625 25645 384 32867 4709 13101 14204 4512 16749 34469 31002 116 32248 28278 35816 27130 19700 12187 30048 36278 35628 15096 5680 6248 36921 19228 2525 18885 22795 14871 18775 25101 27952 30473 22333 13350 13320 28515 12734 17988 3721 14492 29285 17586 14851 9686 28502 3805 18544 24835 33334 14987 38417 39122 22055 10077 27198 37106 38883 13594 19766 37775 4504 13450 26485 39795 10434 28317 1045 20438 7790 16848 1026 32554 21531 17022 13725 19739 19988 21920 2806 20891 7233 9165 2863 33227 19634 32657 31939 9748 35758 5478 9263 36212 33668 29561 7891 22347 18938 16131 21532 5836 416 13658 28449 31753 16830 22419 26575 6978 11869 33768 13619 34708 24770 36064 32417 19904 20261 1575 550 7652 32691 33905 30237 6896 31319 11118 36630 33484 20434 17893 22222 1229 23609 15197 10363 5667 30603 17797 33961
7137 14139 10648 5154 10421 10756 39449 96 34979 12625 37053 31575 28749 24843 31503 36143 2314 33899 38896 16071 1251 32498 26733 17120 2853 26797 4296 34239 2439 10136 20905 17269 30956 16614 34005 31752 14868 9959 9579 13571 7431 18269 34369 1874 8896 577 31383 30472 27972 5608 676 10538 1509 14832 22176 21331 15147 26921 16277 30539 31025 277 8587 35749 7786 29142 23573 22508 9640 5897 8809 7810 33742 35533 8197 36499 22410 21081 33510 20451 19367 8687 35547 6726 6641 1142 21726 9227 36619 39810 992 12147 22159 4894 16605 28193 6788 30022 3467 38608 32595 24317 4132 19390 10343 6509 35603 39513 32671 16441 4274 18984 10389 32941 36398 9329 30458 29919 22062 35790 4002 32577 4072 32856 27042 3686 12735 9380 28475 9743 16208 39229 37746 12687 32103 29365 17219 17426 34974 9203 5052 4515 20901 35680 16577 21015 4427 4394 12328 4013 38560 4994 20741 13249 19155 21648 27674 17509 17349 27772 13482 1880 37018 20482 34211 29503 5730 2705 27714 26181 22174 17002 2782 3993 2518 27476 17072 20184 1022 25703 26361 4195 19493 34177 724 35811 24683 33772 17743 13994 5501 34268 36815 29060 32922 38903 23029 28944 12883 29289
28626 33438 10053 1267 39158 35173 23143 20845 14252 35601 6856 2582 17418 10022 7597 34773 27116 2955 31048 10379 17001 6005 11905 10668 12373 7227 39381 17701 33968 9644 16593 27362 34975 3613 8372 38863 1096 35331 34567 19345 31448 4600 32403 3113 25952 18475 28665 3941 29597 29556 8500 37847 36676 2814 35868 4078 35574 3819 10826 16257 16363 25257 26383 35631 37464 32633 4893 5991 39608 17402 16253 6582 1894 27221 589 16314 23877 9350 32977 29075 33889 37831 24084 4005 34188 28738 31051 3153 25040 13346 26950 18759 25544 17296 17482 1604 9873 12998 9444 29188 29397 30062 24510 27401 15277 35091 28150 31717 38620 16255 28824 19368 7889 3845 12525 22570 12730 15970 38216 22863 27164 17919 11183 12358 7086 1261 33112 24876 6807 13439 37386 25921 1341 4260 36713 21922 14634 15328 3964 20626 20215 38455 20760 6143 10993 11440 844 9537 23522 33022 14194 1051 26642 31952 4713 22406 27269 36900 34116 39700 38078 21303 15080 10785 34279 6449 4934 20979 21992 20197 37924 28534 21884 29781 6454 12109 14821 35141 10002 29274 25556 35581 23368 9029 9750 3082 39349 16961 16540 28810 9577 25830 18704 1323 28917 3006 12105 11554 18879 15994
32012 36984 20799 21757 35441 17012 4775 7291 15425 3934 33159 28001 4424 33855 39116 15151 8219 17148 38395 17597 17618 15119 19660 31900 10488 21774 37372 39464 5194 32480 9668 2641 10949 37744 11935 31447 30697 15880 36046 17330 31418 39415 20015 24401 6849 11340 19541 38366 38927 22533 25536 27145 302 295 16184 21085 27332 28224 1708 39224 36607 5087 15106 38105 2551 5300 18503 19062 33210 20007 12733 35365 9225 33529 19857 553 24014 27464 2852 4656 37122 34609 10618 2889 18487 5814 24647 34771 5155 5502 17828 31815 18244 2855 36848 27616 22963 32269 18635 30191 31134 1721 4090 29747 9592 10148 8457 26357 37899 6076 18991 11163 38763 30443 39129 27831 15207 26035 24565 17004 9044 7327 22598 37586 4065 13593 16538 23272 14610 17770 24714 39233 5051 682 2267 33208 36690 13801 2388 6836 29316 23287 25803 32526 9365 26772 34691 5283 37634 11970 23564 7981 8033 16881 13399 9698 33851 10735 36196 3160 26533 3066 12915 2115 3669 35874 24881 31019 8872 4728 5774 6615 34876 515 36623 27047 19719 5306 24315 9575 24607 15585 34716 34312 7548 35460 26959 2753 8543 3378 38333 18528 38831 29276 19329 10537 4425 11500 7255 16423
4525 15875 38734 35822 29194 14266 39792 22478 32769 1299 9797 1208 27645 1766 18310 7426 15198 27271 18804 37893 39778 36782 25372 3300 24622 31083 30341 10403 14386 14486 36744 26140 7435 9847 838 4311 25599 21235 16456 25471 17940 26337 16499 28124 35307 10941 27025 22248 10000 36767 38846 19520 27028 35604 33558 14009 10292 37391 24178 29231 29666 16957 14424 4160 14687 2385 25983 9212 787 14169 23248 17838 39686 19927 11755 13298 28614 12190 23765 20208 29544 10561 36950 7352 36955 37162 36846 20490 2785 15605 15186 24128 32420 20832 16740 15098 15923 22356 22974 19245 8467 38897 39961 18901 30866 23144 16107 8305 15686 22636 22150 10996 20345 19960 25138 28237 38068 17629 5546 10739 28057 10947 21956 30251 34512 26213 24230 21544 16386 9625 20763 8146 37535 20593 38585 28689 36333 7968 38434 32238 27736 34095 23967 1154 10297 2596 28293 299 471 9013 9327 21957 24217 36664 14724 19699 14060 39634 25860 37656 21948 31252 18637 3472 35891 34937 37653 6596 23755 18229 31631 12168 12927 14114 15352 9161 20856 10677 9926 5390 12982 14030 33007 25679 30168 8646 31151 8213 3937 9556 28391 26902 6211 32652 30828 21586 35837 14165 22044 30972
3177 37314 35743 27540 26302 37373 32569 27412 7131 37140 20702 19592 23314 16741 30843 30927 37737 19826 38389 13980 28771 11279 8806 27473 35525 10138 28091 16706 10369 11720 25725 11570 30264 23958 5679 17079 4907 2313 29831 12488 34692 26473 19055 4259 18864 14058 14410 3094 16949 32860 20191 29102 20816 18789 2401 34702 32424 5 33125 9547 15412 372 18884 29761 22283 36432 36114 39676 5058 21066 38422 7656 21353 9120 31438 7865 14695 25684 34097 16408 24724 13963 8510 38902 32040 5330 21464 19521 7185 2703 23598 27073 31477 31644 10160 35597 38706 16327 14838 7780 22799 1136 22479 8356 10600 35987 5956 133 37961 24435 33008 23779 27896 4238 18935 5519 28991 34833 24382 30440 37435 26083 34917 35022 4321 34556 744 31374 35742 19610 9790 5014 34287 27862 35727 6465 12709 27703 37558 33545 3079 18686 11095 18690 24928 6959 2281 17395 34737 9890 2554 14706 18925 7673 34270 33913 27026 12971 2717 3413 36555 10231 15887 26989 1956 32119 23547 29882 33204 8000 28188 35029 27014 778 19111 20429 16068 38061 19044 17211 12650 36563 1498 5846 13699 38718 17412 21416 9214 24673 37506 36810 34242 9692 33955 2062 6944 23138 13179 25118
34378 30224 3753 25790 4741 39861 36971 10129 13961 22039 33133 15820 18196 30186 24270 4111 7045 22920 26315 2261 15898 12550 4707 7911 107 5326 28090 5661 8424 10030 27008 37928 11564 19604 34113 37026 20937 6832 23968 38386 14053 37412 19618 25370 30882 9824 10188 39907 28660 27687 22717 11485 29522 33464 591 18398 31839 30500 3877 36731 19906 707 36680 11464 16539 19147 28948 11889 5707 38058 23491 13685 2501 35539 8042 10991 14041 5763 29411 7620 6235 1196 27755 15736 1816 22772 18451 13092 28974 24874 12115 12257 6089 26484 28603 30829 14438 26047 36350 16922 18339 28168 15758 24271 28136 7618 14744 7401 11481 685 35800 38072 854 5817 8723 407 38159 747 28489 34342 13375 19984 2523 7093 32321 6350 12235 22566 28543 12051 33048 4905 19712 20687 30379 14115 25168 18709 2337 23621 24446 27537 20366 36783 16230 9655 18472 32307 12588 35370 35040 36415 5875 18587 12387 25959 7667 26749 27627 362 21288 24911 20827 22034 22734 3198 18403 26639 37383 26065 30914 30446 1514 19408 16865 27184 15120 27192 8675 14759 3083 34898 36484 4655 33959 15335 38143 29111 4392 13171 26710 18390 36574 19622 35111 4249 7831 37523 18881 490
36849 34475 25512 6740 20904 38603 23679 6430 35186 13256 10742 31159 22954 4142 22820 3798 38691 29979 10081 19518 2507 9997 391 11888 9585 23575 12028 30604 20356 7038 39262 32392 14575 6253 39248 32683 22869 38291 5242 19621 23100 14985 14033 556 21742 11058 19616 14527 8482 17042 9397 2576 22200 26395 5549 14107 14777 24442 11807 10936 27218 20276 14476 14983 7707 7912 25760 39556 6830 6484 39403 8385 7700 11596 22831 19710 30178 3808 15519 7418 28755 6581 1512 25698 1502 24937 26262 26716 20829 34780 883 14294 555 9101 5080 4891 13051 2777 16678 3923 8878 11871 32720 14366 7613 16855 12791 15166 2415 28319 14014 26709 10131 22292 9480 22540 38292 5591 15380 2254 29988 18082 25972 30760 14001 990 16734 5898 16560 1943 17009 19507 765 31947 19302 18797 26180 26394 2845 9534 20417 4580 21832 333 35640 10891 25287 33756 10050 9510 4398 30124 13652 28197 3065 9761 26341 25789 36329 20579 30036 23445 20217 11607 8669 29791 27842 26643 32790 732 9628 3701 24359 21191 19265 21029 21623 17067 15310 39483 22995 14467 4700 25432 3646 27671 23116 12697 13894 6979 4242 28581 25996 17105 12367 23318 31445 6386 38514 18660
14530 31896 30975 30488 39022 24205 11940 513 5751 5775 1793 210 27573 24713 11364 5871 7319 35786 24986 2139 30054 36249 24681 24913 24590 12719 23423 28108 13533 32340 16783 8947 9533 5316 31805 36730 296 38425 9594 31239 1523 20489 15300 21076 19954 39539 16851 13321 33534 26543 17252 39249 32034 33494 25268 23387 37713 30135 7024 23761 2593 38132 19820 3917 19416 29665 37393 33811 9375 36424 26237 26854 5847 10144 13435 5313 33548 34523 33091 22241 7485 12216 23524 713 19420 33308 19210 4436 30887 36709 2304 38053 10353 7196 18037 12440 38249 35673 34149 31884 36699 37296 32618 13954 23135 14226 5331 31722 19633 2820 35000 8882 5955 32757 2473 22403 28756 14027 22432 15732 25237 28566 34454 27754 36665 17986 28444 37392 31861 16796 15537 24984 14928 3392 4615 14228 23766 8471 15264 32916 25989 2021 24369 19827 29703 14947 23523 9927 34339 19775 22208 18590 27429 1263 8746 8576 14124 14608 7660 18673 8875 21021 22179 27870 19308 7047 3482 14494 2091 22708 39959 18830 11039 5621 14333 20371 21351 21370 10318 17394 23186 23036 34068 5771 4818 5538 17583 8009 20635 6490 27593 16349 17230 1631 21839 8773 32071 16418 39781 20853
32048 5633 37054 34452 13297 27266 16987 30629 5650 9965 12903 30103 32106 30618 19072 2316 13780 24512 15403 37035 11084 39512 31923 1477 33083 27574 517 9180 14048 28496 25816 6024 19003 34362 3292 20684 49 30377 10606 8123 35279 11952 15749 11897 12908 28143 16709 29367 37068 36104 14134 18260 24200 27308 4910 33591 29615 33847 17564 2220 5743 9598 28954 11584 9618 2704 11043 7887 11632 28271 28986 17515 14147 3650 3391 25880 5946 26917 1038 30870 35948 14034 21356 6704 10602 25722 12675 7755 11631 38915 12682 34209 29730 3844 38035 17224 7355 16635 28260 28921 3424 26964 4370 9390 19270 34614 11349 2419 8235 39068 14152 15988 36091 35424 6077 9223 22027 36344 24471 1057 27576 3068 35509 14462 9188 31712 18332 22521 5683 11583 4032 17310 1762 17399 36993 1846 32291 27590 18894 26010 2037 7101 31818 36717 15595 13074 11590 20636 28679 25044 24255 2494 20916 29224 29834 28196 880 13679 10435 32 7277 31029 9986 35375 6984 3119 39394 12689 12705 25999 1479 36720 26115 38580 29732 6288 12665 16193 30421 4399 10200 33362 24562 12204 24620 498 26867 2555 29230 18632 30516 6516 3107 20051 1803 30327 29094 16904 1616 25086
22352 21598 3684 26916 35282 17403 17861 17319 8814 24597 155 35253 33915 2665 36754 7411 31449 25696 35557 27021 9140 37957 38549 39783 15149 38330 36963 18534 1192 30611 32304 37374 1428 9087 20892 178 5116 24655 19441 38967 6361 2345 607 6595 22770 27348 29866 21786 38474 15944 18336 34640 17598 25968 9249 16690 13620 10444 38858 29179 19722 16744 1899 15593 35968 26226 1556 39305 29656 6853 9621 18598 13198 38203 1309 9720 29713 18611 12 26088 653 30814 15500 10468 35919 34023 34501 22134 36291 37793 26196 32987 39888 19535 24176 8113 24764 7982 30861 1624 8243 8246 23859 37577 39624 32865 9048 36771 24919 10634 22046 36578 9569 11611 1007 31856 21781 15980 28334 30303 3059 14748 20510 29374 12544 24045 37868 10699 13656 21435 30836 27250 25717 21277 5415 24165 25814 21605 36985 17201 1457 15607 29119 8618 38598 12760 15342 23190 5277 20224 22026 36898 3085 12867 9428 25508 2946 18860 10478 31060 39583 23836 37696 2450 39389 28162 12573 38248 10214 21595 18006 38929 38830 34352 16721 24664 12142 24581 3023 35651 14120 20645 38569 34766 4171 39882 25691 30202 35023 17916 12385 29601 3209 20164 722 5369 10644 29799 17728 34091
8020 19375 16569 1507 3312 6549 11834 3834 4141 37990 29227 35761 9186 6975 20789 20009 8551 18007 18335 34106 13028 10760 17889 9324 22146 12003 19981 10505 10937 12779 14812 32551 9031 28012 18132 18247 27310 27947 8939 38746 23751 5183 9267 23723 18674 22115 3826 12558 8670 14183 3649 20865 20839 17662 19432 30378 32866 7308 12411 6412 18306 30600 26535 24434 26647 38632 23055 803 31641 38033 146 6831 5124 10486 5826 31498 31961 493 28765 35946 25353 888 10615 27243 22862 26238 22053 37173 10595 30111 38129 871 33437 10623 12466 23498 13921 5564 8711 16226 7746 24194 20503 27648 6329 27273 29956 39154 36675 5799 27447 20897 23071 25913 8378 21328 38656 27988 785 34218 17804 15302 27712 37292 8780 26619 31885 34380 912 11502 6100 28873 9184 29346 1756 28436 20136 20457 20268 31587 1219 7651 8475 37399 11465 35277 22289 18648 16004 9483 16195 15136 8112 38868 32547 25301 4921 38050 34249 32653 10333 20785 32213 20804 11547 6460 12892 564 39740 16338 37112 20802 13804 952 19777 4561 34117 27651 30981 9865 12667 38478 3052 679 28691 29393 34193 37914 25941 38551 17991 21213 6663 22751 21864 25784 22260 4622 17592 28244
14902 26310 7854 21852 12894 1247 29350 37129 3345 39400 5623 11494 37444 4407 39188 4730 23728 26059 11931 17845 25680 15250 15370 29363 33622 12995 14079 30352 6768 4959 1269 20299 35732 11700 13063 17612 10035 24142 25886 30398 14153 28984 10094 16374 8436 1661 8132 14833 20550 22052 5142 17587 1969 17036 8695 39407 23322 23566 13897 23418 5028 8524 29617 2380 39166 28309 34346 34160 18093 20549 33006 18599 29690 35665 867 39061 27403 36061 32855 1513 27654 29542 2192 12175 38142 754 12276 2104 23538 19677 7559 26372 31937 31540 31506 15297 35212 29271 37306 29320 37909 17384 31024 32425 20565 27630 8725 28799 731 30033 5465 29961 28082 22480 34610 26790 30199 4125 29464 5239 14334 17370 28633 25663 4586 1347 30692 29749 24375 11017 12389 16750 22440 23467 8745 32289 7637 17082 25715 29016 26906 35889 34869 25325 37580 20748 17314 36233 17433 10858 2638 26617 4063 7389 36098 23562 31180 39551 892 34705 17266 6782 26336 35664 37723 1414 10571 25041 38179 38133 25787 32100 35909 16711 27416 20459 24007 32338 20762 24475 39034 7882 15624 16070 19917 2095 15614 26909 35492 9196 6399 5944 8422 13132 14409 11525 38056 25008 10517 37952
13848 26103 33282 25302 28733 12866 4810 4967 22387 21307 2767 25136 26460 19837 27238 8846 3690 3227 17910 21056 3920 18745 27546 18180 35709 12088 30259 29639 34894 17307 32298 37832 22868 14854 38975 34345 9841 12263 35372 17490 34125 14895 12236 30835 30699 32607 31516 3807 27182 34430 27582 37503 19704 39173 17704 35026 22315 620 12747 32337 5105 10820 13708 27496 31272 39936 4481 21276 32097 15465 24372 20099 12338 2070 33345 20535 22098 2651 1298 34429 16259 22290 15035 22202 16832 28452 16659 5536 34795 33459 39492 21406 34206 15796 30138 20126 16382 7258 28327 10871 1977 13048 20045 22512 30025 13365 28322 16241 6335 25122 31422 2074 5865 15203 11121 3939 33803 24808 10959 34566 17698 13637 12134 36924 33791 2830 21949 11663 18537 20285 21614 24081 20939 22495 27466 28535 28366 2789 34783 10714 22705 1731 17086 2456 29633 27672 17206 14286 23174 7299 30645 36490 35598 37365 1677 15841 31762 35979 10544 19652 12580 8047 30818 35260 39316 6725 644 8841 28657 28428 25014 17739 33908 27959 21508 38149 31425 27502 3493 26508 14516 6715 38088 17301 14617 35134 31273 29329 9903 30145 16938 37709 5085 15578 20576 10230 23493 4564 5417 38568
21524 37648 25507 26988 1593 423 37269 13286 9715 1748 3755 12631 38643 14978 23605 24090 9051 10539 22257 27752 23002 16777 9198 14877 1571 20060 39467 3652 10846 6458 31474 4944 27153 16547 27056 13712 4470 26594 19516 24474 1600 6845 17029 20177 32982 7591 32277 8674 4637 27128 31973 4687 3328 22997 27586 31055 13837 882 39577 131 25478 30389 34851 33928 15023 21597 2709 15680 28129 31232 13531 17337 17410 17634 12346 19967 2218 39284 3064 35576 12846 25777 5568 37210 21340 38658 12280 19487 17114 20466 12617 39348 6557 8680 11436 13681 23791 9202 4150 6819 35788 17019 31534 11276 33147 35577 3048 7683 3838 3588 14804 2780 1047 37553 15162 5758 29168 6778 2465 29974 16503 29236 26935 10199 35446 8860 9563 23293 12723 34576 7708 37115 36679 14760 8478 10736 16792 15030 29151 15527 25592 12852 29455 38925 4616 21294 37849 25664 34078 38834 19346 6567 33762 4747 24880 3948 18307 38837 31362 13891 31135 9362 28392 15179 6309 3688 3502 9016 31154 35880 34032 19226 5610 1018 34376 16861 36259 27876 25817 38096 10279 22612 19277 13702 24877 2979 17512 22665 12988 38559 11972 32604 21018 26408 33050 14118 14010 11016 17927 622
9386 17275 5074 31331 37682 35921 23354 28341 19785 15753 19833 4281 17685 29855 35684 13362 16114 9611 26298 4080 11073 13039 4270 29809 17444 20479 6699 19684 24207 16609 6817 29972 15112 13529 11191 35325 4984 2521 36869 23548 18823 9217 17620 26342 37197 39929 4341 30765 29328 2815 35176 33927 11880 15805 20188 39667 25987 38351 1629 31995 26126 881 24253 2787 17773 17525 39079 21582 6876 16814 36171 37163 1005 18566 6158 38457 5011 924 15436 12916 10380 9125 6469 5163 21995 10425 26281 39966 28008 23199 27321 37188 30786 21953 8299 29625 31226 16856 34738 29550 15167 26516 20147 22692 6202 24846 16466 6911 6690 7717 1648 10357 12079 38109 11176 25402 23279 36543 27670 36140 25978 2291 9445 6801 24720 24110 37034 8952 15979 4279 15775 2467 13379 7216 10583 3665 2454 1782 137 33368 34888 8069 17044 6276 12181 36565 21093 20736 31579 32645 8111 7436 12352 38004 16368 30942 38704 6446 37722 2146 35268 20302 29976 1929 16012 31955 34760 31043 14568 15516 37132 29966 931 8642 6935 16786 5302 11351 9809 7836 37337 29255 18204 18370 28511 16689 39437 3125 38166 10180 20363 15164 21385 19283 33038 894 26125 18492 31960 10961
12085 34656 13306 4605 5237 36326 23935 15327 1264 33973 22453 31530 11798 16514 20141 39638 36477 36436 5042 21367 37330 37226 8612 28255 30767 28041 38664 518 33416 26124 11103 39066 30524 9233 25499 4833 20966 8147 20641 17715 30841 17129 26556 5458 11120 13294 11362 21867 28231 35161 28454 18777 699 29644 27525 10406 32815 21604 13967 6875 6612 33552 32665 20118 33519 31197 25396 22462 27423 30410 32597 32555 27760 24818 17060 17227 18780 29330 15188 15797 29493 2618 23486 21273 29184 831 101 28131 32061 15623 17281 44 24662 12506 16793 27915 34157 2103 4823 28919 3560 14737 13764 21545 29702 26953 20318 17960 20998 16815 34714 38156 35885 17261 1551 512 29560 32125 6028 20065 32689 23546 20697 19402 11722 34918 25735 2315 24262 4898 37966 39431 1438 3631 15051 6553 14311 38499 19851 13264 3215 37021 28228 17132 13945 34791 12889 24324 282 124 10335 8664 33329 17716 15445 10687 34321 24117 34025 18706 21318 3751 29309 17608 31257 18109 38304 22704 1170 29937 7136 10861 20084 20541 13714 23572 11914 38631 29351 21033 27844 35725 15844 8742 13281 18929 10593 20300 35950 637 8280 4386 31271 3533 4598 12063 29868 34680 37267 759
36172 33890 5023 34726 2031 21975 34478 37361 9372 35165 23242 14973 22672 25436 927 22491 9992 30047 35569 9768 19923 64 6397 4352 38583 34466 8977 33805 28481 1273 8061 37447 14607 14663 18936 19783 20870 27693 396 28214 20342 17900 32533 18584 29780 6868 12745 23944 12157 11777 12356 2922 12344 35560 1791 32136 11056 39487 14764 26049 7832 17660 22215 25380 36006 15101 39572 30293 10332 36202 15665 9478 25798 28469 27766 27274 36434 30775 32091 36354 25940 12315 16559 25714 32967 9554 14625 34527 18772 18104 31373 7238 11396 37327 26998 15858 23918 26319 2832 17669 7528 26813 9665 25835 34697 2111 31636 14180 32811 4830 32043 27828 20391 16724 29402 37459 23193 22515 23383 4269 36956 33594 30386 12938 24044 32172 25612 33876 9082 23850 19177 9455 38720 17409 39364 36409 19508 35558 19858 9316 36184 39477 13577 25812 10362 39115 9019 26100 26183 21849 38538 27187 34964 4414 17642 31224 21450 39178 27426 20574 227 35561 11885 2932 24905 36008 30689 39696 7001 3026 17513 39863 25953 20833 2990 1794 18014 23770 10495 4526 19756 13432 23595 36384 26721 34247 38921 28683 18186 22713 23594 23338 7405 27859 26778 3222 31694 9755 30268 27523
12983 2443 32934 38653 29127 39798 36439 35084 38219 35087 13629 4502 6209 8167 12482 8022 35704 16376 9511 29955 19557 4828 17246 34359 38618 769 31911 34370 14733 7439 6861 17492 38758 5515 39774 3547 850 1552 26053 27916 31800 15670 25969 39981 14155 6658 6375 30068 33201 21309 31652 19701 27300 28909 28836 37581 21267 22505 5353 25533 38385 15015 3697 13815 26817 37948 15674 18054 30253 7965 13218 10865 29067 20290 34724 6610 20072 6949 21729 11111 35021 32177 17178 32388 7228 18671 13514 2548 34168 20575 35649 6023 19386 19097 28246 9947 37973 10265 38596 2075 2064 15965 35208 27417 34401 17215 25291 284 1627 30203 20212 22142 12771 3840 11917 5781 38327 11859 26700 25686 29248 16164 13219 22086 14288 152 1609 22522 19426 30370 361 27686 11997 7568 27777 35030 30347 39257 3513 19665 38944 30101 36883 36651 7013 19298 6151 10155 20422 26111 24832 33023 92 3750 18445 17745 38990 16997 33077 15969 30622 38453 37739 39898 3038 13887 18844 24356 4901 3863 16587 29691 27723 17908 25070 21913 6385 30997 27980 12271 6328 37191 35887 37059 36364 36088 13414 10957 16450 31582 20540 23371 17852 12144 30602 35591 38131 17179 22169 35958
31860 37085 34903 30651 35319 21506 11133 30617 20249 31690 24320 7848 36195 16852 3789 6792 31013 6432 12407 17075 3773 2722 27067 22362 10344 38835 27012 8749 14898 9888 7998 17578 2970 25193 37150 31659 9932 30342 27848 19961 1863 35681 24228 11395 35092 16117 38843 30962 1462 19459 38702 6972 6970 38558 10264 37107 32843 10198 8244 34589 20982 38627 610 14631 22925 5151 11648 3992 32482 25407 22094 32589 2522 6718 14878 31132 35476 34182 22070 37470 2504 31658 20433 11125 36776 36242 14968 5037 33136 20041 5529 24394 13706 8363 15830 35515 35963 12303 15777 22482 27860 22518 23296 3792 19912 36816 20947 18859 37915 13116 13150 32454 3421 38616 24022 16129 30944 19505 36170 39635 38838 22301 29586 16736 8999 35745 15642 27659 2402 12819 19483 10472 28459 25648 25529 34405 38052 26544 30002 24656 28084 29198 13460 11199 22651 23235 27793 6382 7190 14227 26506 32726 3574 14529 26186 735 3208 38969 24300 37859 21563 33894 7608 39090 7170 37343 3696 23835 14819 22421 7363 11688 29566 680 10990 25967 5795 9730 36301 38890 36567 29134 33069 27451 39827 6578 28716 12324 406 14455 8 13376 38592 28658 35503 15838 4972 2185 27607 12888
10215 2962 2400 19309 27873 33878 26309 18330 4716 4052 15552 25781 19748 32869 26055 28583 10045 26277 35150 7636 11636 24454 6714 29580 28157 27367 4331 306 38503 14117 31648 19028 14705 254 20668 37552 7713 469 11673 34977 10510 13493 24967 24249 20866 7749 32545 15048 15424 32265 10402 38245 1535 31258 32474 5207 10157 38256 25764 23103 1019 3469 11213 26023 16020 6988 16982 18491 9985 8506 11179 30527 38224 13016 21702 13036 2144 3097 551 9528 33785 15664 36083 6070 22433 16344 23139 135 16486 10119 5366 22913 34613 20917 7500 21775 30065 654 30998 8096 36339 33192 22249 4397 26678 33775 21592 28669 12146 36469 3087 6179 20902 38895 4050 39314 36003 23137 18065 2807 18418 25901 27234 38561 6409 36116 21449 26066 17692 22448 39187 24842 30049 29874 1233 29288 28464 19692 26718 8741 9758 22136 10884 38415 33981 38471 12783 25072 32868 33689 2772 31215 36930 1023 1119 9928 8248 6925 4794 1865 5463 13585 24057 15243 14982 3001 38164 26235 26835 30225 17581 18212 32185 38213 8404 9773 36161 21714 37428 38943 24643 21391 32870 2733 27854 8729 31656 19800 11995 19579 12354 23798 21935 15859 11581 24489 8950 13875 422 10782
34277 23838 30017 5609 6563 24563 28354 20073 16645 30695 38290 17517 26423 26896 32202 39541 29110 26468 39021 17065 29717 15366 20139 7172 8192 26248 37789 35151 705 23664 34241 30384 18910 13397 18917 12967 1146 6192 756 4416 34174 2749 38934 36546 9818 25133 35362 20243 5912 15563 4448 18510 1403 24418 37934 31823 23185 14938 25675 18868 35018 12774 20301 31945 2377 30615 7427 27829 5855 4584 3559 2153 12325 7155 17936 28414 28666 13027 12072 25723 15190 34880 5562 34413 19747 34882 36440 24102 33556 36335 7317 32452 14090 15232 12414 26221 3106 19718 11738 4851 8508 20475 27191 37759 26738 21624 31588 5391 19640 18078 38342 19114 11575 31453 4474 25381 39628 14365 32603 19489 15103 19958 13814 9361 11960 23014 10654 11342 13968 18099 29494 37855 11027 21534 30344 14653 20953 27247 2797 9516 37526 4949 15635 23416 30249 10745 13436 234 2961 10001 19935 26958 22085 17442 16746 28085 34471 38794 9815 24726 12746 26984 8438 35693 9876 39946 1149 18107 21760 36688 38009 9052 9696 28568 37272 21371 37872 31305 26884 2156 38173 33724 15259 22469 32439 26369 1698 23233 34343 24362 15231 18654 17454 21456 25596 3207 34666 23062 32378 20402
24696 8605 15604 36773 21208 17404 39722 5579 24858 13011 10263 30436 37627 16580 37519 31427 36540 26938 24132 11678 6121 17718 15599 1392 8755 21424 26574 20858 20418 19527 10549 32970 14774 36989 36005 4565 21262 13075 10436 28395 11735 5592 22029 4888 37250 25961 37742 4710 32267 31288 23567 35969 28081 23542 38494 32234 11434 21542 13638 16173 12926 10749 4948 39097 3796 28098 22341 30462 20613 34802 35438 25738 14272 35061 21311 36594 24945 3847 6542 31600 14897 15511 26760 3746 36996 3695 27299 34682 21383 35614 14846 39605 14474 3447 7945 22363 15145 37501 16545 32729 17933 20373 2059 24644 19450 33466 5449 292 38612 167 18651 516 6476 26064 24828 36559 29333 39372 38852 18470 17322 33365 5099 31834 1607 12806 139 29704 19589 30653 36631 6525 7915 13308 3419 6504 5831 22006 13469 15619 13906 2055 12365 6926 16170 1776 30042 24472 35327 39143 36263 10400 13383 6 33483 6634 26795 34165 3402 26328 1680 2574 26745 17714 34879 39801 20842 28051 21065 22269 29298 4064 24095 39380 27992 38952 4366 12404 16915 38809 17569 28356 10976 3335 262 22274 5267 8155 36695 32777 37449 35217 24480 16434 27257 6163 14393 37997 18858 23776
21410 33388 9357 17862 32728 5601 21704 10062 3601 18025 14807 35735 20043 29226 17239 15525 18825 20612 23288 5896 16054 21401 9727 14780 8583 28101 395 38426 35055 17767 1659 16604 8499 16005 9597 29630 15914 20564 29281 13046 6742 17881 18008 3388 9282 9469 10638 4475 31184 2208 12376 31673 6155 17700 22143 21942 15392 17104 1599 39190 12178 22841 23611 13784 12215 10241 10613 17526 33041 38502 9079 29667 11572 15916 34251 34293 34191 13238 18746 28960 10835 25832 24367 33508 37986 21529 34077 1279 33088 14727 19276 23232 10418 29339 33661 18499 36588 17761 12432 8400 6897 10625 33987 27621 37755 19883 8481 34958 15132 36876 12991 8938 1615 4327 16087 21170 30739 10908 7193 38199 36844 16544 18683 14863 36886 34138 3132 10010 23604 24738 21499 16079 29459 26657 4086 23101 38951 29157 22309 4541 38209 37415 1165 28114 10790 29337 20834 39928 17372 37349 17879 14126 27780 24285 37983 37103 33518 11203 21010 34806 38063 9993 8774 33917 36627 31195 11243 26666 26120 37348 16183 13228 259 32225 35313 33505 32490 30987 31824 1187 19860 5640 6513 30193 5959 21366 12685 12678 39289 2383 10516 15968 28915 33400 11830 11771 21101 9925 16263 8041
1586 10655 24099 5371 13794 14699 2909 8333 31882 23710 32163 1293 8036 18543 22909 37681 27432 35143 15536 32320 786 4987 13635 29687 15541 11791 17582 39170 22593 10268 29048 32409 9053 18079 16138 12639 11870 14291 30848 11976 24536 31346 21212 15492 12238 12516 2440 8953 24674 22516 14002 29632 842 19754 36879 9286 39671 5746 10992 11973 15487 6998 25997 22802 5835 11124 3722 19169 39954 1611 37326 14931 31950 16357 24940 18129 23187 13354 9046 17157 20881 15794 11559 21302 33189 7762 31326 1013 25127 21768 18059 38940 11610 5485 31508 24183 8871 16639 15404 20570 7165 20974 23339 1117 13210 33426 6767 14911 4519 13402 15192 37593 1012 26892 19885 7249 28202 25129 18519 27486 28147 5230 35137 35543 28189 15206 24400 8429 29745 7204 1042 37116 5643 8549 30720 4309 301 13839 11141 32651 4913 16046 19874 37208 10934 16573 33506 8529 16661 19724 2046 28191 9891 34854 34516 22929 12064 33660 23133 8138 28412 21388 22576 13111 35818 27812 18359 5487 10928 27820 28377 8981 21094 10142 13230 9089 25716 7886 7337 37607 7413 15814 18230 31677 6501 23801 21609 23587 15258 25453 4339 3981 17127 37170 11132 25888 31740 26099 5789 7056
31218 5291 7224 20286 8415 39818 9070 1173 5970 5720 19357 14144 24737 14564 3272 11934 23012 399 21519 27111 1067 15871 10904 15740 31136 4495 10750 52 22809 28125 9725 19464 27229 37057 38191 14127 11054 614 17162 15571 1755 35346 39067 4527 22359 36177 17358 7875 23342 11332 4649 830 24227 27119 16621 11658 5983 31 2953 28226 30735 6051 7200 36201 19137 26362 5687 16632 33436 9737 3890 33605 36476 35175 26043 860 4748 23056 10223 39985 14802 37585 16561 12638 25743 2493 1024 39265 31553 32305 32710 32142 17312 24990 38546 16723 13345 3968 10356 22503 27258 23708 33177 19067 10373 290 22620 21823 30711 39202 19702 2570 28030 34042 15480 33377 39438 24864 11533 27942 14296 758 2697 27477 13517 10509 28485 12301 4909 29902 2883 9731 22985 23389 21678 36142 38957 34304 38247 27715 22217 3281 2754 25770 35556 31176 37212 17796 34102 9045 30172 38928 21902 3833 14138 36779 33428 14276 2505 20080 18988 1701 38745 16134 37312 19974 642 32875 17984 13054 24052 19997 8899 23804 19001 39616 39412 16122 4676 33672 12252 25766 36673 21751 14800 17386 6798 1374 10733 5104 2891 15028 11365 28528 31967 37375 14233 24721 31104 34381
26967 21559 22924 2526 5702 8016 22828 13881 4428 14989 7858 25470 21079 2605 25745 20361 23844 25788 9076 13472 20181 18740 27689 6483 19479 14372 16533 35674 7602 1074 3530 17045 35898 13062 24825 9139 6459 27339 19112 37917 27624 3899 39528 34129 27817 34422 39581 26489 38495 20146 28577 15268 13502 21846 13191 25305 22140 2251 30052 22681 2637 20910 7694 33385 35249 29107 34305 34855 32138 4346 35382 14011 5407 34986 32698 11384 20484 20637 24112 17084 37329 31774 35911 33943 8382 2295 29998 13055 30354 2626 2686 17691 14556 28471 34560 36990 17050 9356 19817 4779 10189 11175 36175 16329 4421 38026 19026 7112 20623 33659 25063 13001 30893 10130 2623 29835 32394 35605 30894 34938 15884 24811 6220 12164 20621 10524 11097 37433 5064 17390 4705 11422 35102 25520 30059 31129 25518 26752 22847 17369 12282 19074 38535 2666 35200 23986 14711 4317 7920 38237 30717 20813 36081 25584 14796 11982 27291 10437 35989 11394 10117 22451 5288 6408 35218 18801 28598 30787 2461 19511 10465 964 24448 10855 21572 17589 15266 38463 1939 3130 3524 32273 14593 15799 725 21236 22944 38231 29958 6185 37916 24567 32969 8407 22768 8697 19812 25608 31696 18669
30824 31643 25923 28167 25185 24100 19759 21812 32246 20378 33645 12196 37423 16152 6451 28920 33486 10451 10969 34098 27711 12947 35302 18727 29873 36659 8985 4701 1150 38845 34944 3832 12137 34839 39846 9831 19379 13756 34503 23981 32203 20526 9509 9121 6571 23198 11520 11022 35120 29814 16829 28848 37098 466 12778 12492 2517 23767 23726 26215 32712 22552 13868 5268 31487 21959 38392 22580 13709 35686 6226 17749 18506 31251 22834 31082 10381 7173 21517 3813 19764 31067 22177 11190 19323 1639 12632 28368 5701 21660 35321 20163 13790 27330 26766 1465 10099 3205 4826 5764 20282 23574 21600 19945 38297 28236 37989 6115 34548 1417 19547 3258 1455 9814 24704 26758 20700 21594 28075 22571 8349 18507 5544 4332 16638 29469 28404 12173 12900 16884 26032 36572 16407 39719 14957 30402 19412 24709 3903 11838 4061 16123 21868 15962 18662 24177 31645 7502 31662 8659 33879 22351 3525 26825 4173 25176 15989 2840 38950 27240 11495 36020 10245 5334 28298 35093 344 39833 32232 26414 38279 4000 16511 15034 17501 18372 17816 26474 17122 24980 25785 22481 4373 14275 25321 27366 27912 948 33804 11503 14713 18415 38999 22989 25910 2952 20965 432 36191 1699
27501 23988 31177 10366 17497 15839 11679 35913 15863 30993 26321 32014 36841 32445 7788 19887 6318 32764 34911 31303 15095 12494 26377 39690 10026 3307 16692 30292 33166 37007 9126 2980 1795 5348 36305 34445 30747 16510 31853 23665 222 529 35897 4388 19561 11192 19499 39626 38387 3972 21740 21263 26452 31468 38724 30230 7787 35830 35300 33214 8185 21656 15193 7017 33419 15881 22238 31668 39046 11567 3932 26693 22937 3406 10978 26041 39270 14815 8901 31541 35116 3283 845 9449 18206 7845 39453 36646 25164 9711 21163 28638 27471 39542 5684 10078 11587 27875 39272 33467 24373 10146 5794 17792 23615 5617 16288 36340 39393 39555 34349 17857 6118 29543 13541 25399 20270 15356 35746 39704 9571 29718 20017 33243 13433 30166 24150 4367 719 36799 2489 39682 7267 28039 18905 9859 36702 8593 23830 18030 417 13181 12918 2827 1204 35641 3442 17334 21232 19998 30179 21639 31897 36537 11709 30742 12741 33068 26098 18057 1157 39678 4658 33052 29460 27059 7253 8895 18694 3370 5409 2029 11739 39911 24051 29801 27981 28275 13783 17346 33636 25332 39844 24346 32419 31480 31380 504 998 35369 5153 4550 3344 15825 3592 7180 4157 20206 14731 23952
17786 8374 35358 23501 4490 28382 23213 29451 6374 22623 8450 27161 23792 30815 9253 37769 2736 37951 5395 7741 10105 14901 18243 7600 31426 1073 6526 13782 13578 39480 18383 18462 24494 7979 8001 4412 12505 27917 24350 19588 20295 35677 5092 37834 15100 18950 37738 19811 22084 22422 18000 12688 8196 32611 29108 23940 27807 15834 5849 13289 24888 37692 21080 33907 6456 38462 15848 19846 19237 9107 1578 9799 34226 5919 5778 7276 1555 19213 35293 15948 22682 21339 34073 32255 1799 13870 18785 18404 21693 4073 25447 12024 39924 5565 1160 9420 28865 14429 35855 31847 38169 11427 36687 10821 21602 37500 6590 17010 18146 10092 33338 374 2277 13416 29568 21315 17119 27724 39221 20078 35235 28463 25850 34363 80 29828 25665 39269 9679 16731 12979 545 6182 36863 17809 20110 39578 37230 23878 12881 3635 10650 17353 27625 21180 37562 36585 16187 16086 19106 30221 36380 28144 7507 9095 27007 7239 5858 29465 17511 25216 10392 7564 4391 2280 20410 38253 19014 38648 11387 38243 33352 1566 5180 15 38242 39652 32752 28934 25442 29154 10394 4315 5229 35875 28346 18765 13258 16428 8396 31569 2257 8708 34667 8271 8312 1495 23419 20491 24151
37636 2752 11609 38659 15628 3634 3888 2138 34289 192 14137 33720 13662 12050 17631 30904 11101 26679 3597 25603 36058 25857 702 23638 319 18850 12313 12652 30542 34017 3583 761 10190 28762 1637 15497 8360 17098 27381 38086 5036 6009 5172 8926 27806 31327 38688 23188 35802 18015 150 33040 25201 13955 35990 35902 31217 17682 12335 1660 17544 2766 6885 25262 6939 10350 12910 22517 10313 25328 8216 20772 5043 13698 30518 11656 22090 17681 27646 29437 18665 34885 8105 34627 20232 3727 35275 3195 28544 28035 13724 17070 3471 25047 38467 31325 36451 5748 18029 29884 23880 22459 6535 4802 31606 33896 31804 11618 2165 4988 21897 32253 10031 5475 8479 34 3909 11452 21052 26530 14853 7293 7465 32985 25891 10481 30184 1594 28405 2451 39847 38185 3390 24223 29753 532 36916 5934 12062 22911 10503 17789 4528 20201 16050 2849 20172 29768 38576 19336 38354 3733 12578 20267 12776 28037 7451 23366 12489 18914 30397 5416 31128 39557 28287 21872 3401 20310 3515 33465 30467 36918 24885 7492 29409 19068 16840 12811 24719 12726 30320 26039 13136 22769 36973 10276 23945 33187 26586 27684 26194 36524 17574 9784 30521 14339 29532 39024 4679 8813
21054 19897 26486 1965 25134 35627 12152 32906 38087 39181 18393 27095 25374 35427 6152 38964 2508 28605 6851 39168 39951 31360 6681 12607 17306 17939 30257 39186 897 1558 27815 17965 8868 20701 12119 30336 15075 25522 1855 39854 16655 27013 25792 24649 22712 28118 3488 26891 18941 328 20733 18795 38019 9104 13083 28969 16444 15246 8532 18730 32800 23821 23298 10535 28363 30515 18857 33240 29200 5614 10294 32219 37457 34225 37672 31234 25713 8083 36945 5464 4026 10391 15663 32796 27183 34360 17832 32884 34601 19551 36592 5264 25971 13313 5452 18713 35857 38154 19240 38537 27660 28316 30842 36677 23480 6047 10385 15631 9128 8055 30609 20404 780 11441 22947 5436 738 13798 28737 8839 25422 22679 15666 20985 35883 19870 24499 24246 15183 30749 37013 22227 2550 8291 6109 4104 24296 14718 17377 29267 24717 34733 997 33603 30973 3474 26526 8423 38760 28093 1482 666 29323 34488 3384 34947 18389 38528 12484 22192 11736 14446 5209 9980 21735 28814 25097 25505 36573 2114 21242 32857 12965 33602 39662 16296 30668 33356 19854 33130 31715 31935 17831 24558 729 38439 26058 22942 5596 16396 35384 24387 37253 18160 36342 7529 25481 34404 17073 25854
24443 31963 30450 34171 2860 29536 28284 12037 21752 26668 38628 33709 14742 34446 31618 13068 21882 7802 35308 22388 22465 20414 35859 35998 19424 15495 39996 28821 19377 13250 29054 19286 29531 7359 9268 7470 28698 5830 13022 35927 87 32271 13670 23275 25581 33746 33517 13785 33532 17989 20079 16524 24921 9843 28882 4354 7221 25260 10013 3706 25025 32222 596 34732 6505 13145 5486 22752 1006 8765 38723 790 17878 18741 1467 34046 16055 37128 381 4551 20680 37281 38813 16047 39970 3591 22355 32799 32346 24257 19972 14452 13035 13427 20943 9652 26233 22467 21874 20034 30783 24941 29738 3124 11050 16346 30990 20689 28297 16566 21305 12800 4735 17496 33883 3995 24219 38357 17945 6083 6806 23865 968 26331 21231 26740 32460 30585 35978 5467 12534 588 32610 4521 24124 23601 21171 23705 38406 22395 12309 35952 36235 27030 38336 27063 39994 21732 11393 6289 158 28562 31356 37772 2040 26389 25751 36101 3171 6779 27249 17812 38319 23236 28851 28989 23300 15851 37159 15612 5354 26433 1437 23406 16897 39491 13934 2661 2612 16787 32688 10632 23772 11127 8994 22702 37731 23971 9429 23528 31127 34159 14306 36103 26122 11845 27925 5425 27252 12863
27156 26919 34331 20731 15018 39410 37976 4753 36496 25957 23398 21916 34440 31419 20594 10028 27298 31040 20411 929 37652 18834 12651 26842 22272 13120 1768 8501 23805 14704 11953 17376 33537 15771 26886 28775 1033 29877 19301 4081 7191 24582 12248 16506 4503 7782 5624 22668 10591 28692 1151 6918 5630 11781 34344 31634 18930 32345 27239 9503 35328 19429 230 22760 34618 30476 24242 31137 22468 39695 5620 36649 10207 6594 29201 16739 7052 12138 22197 14913 9897 10741 4935 37729 488 13602 9962 9078 9141 32588 15117 34493 22726 24278 11898 26713 21815 6418 19497 17950 15573 35639 28241 12758 8617 7210 8151 3630 13852 16857 4711 528 17938 19959 17651 38465 27105 37043 3062 31585 21796 22185 14577 30087 32534 17415 18924 20810 39118 33101 22431 5780 6625 37886 777 7350 35015 29947 6116 3483 32892 14473 7116 13370 23330 4608 23960 30162 15130 6547 17810 26388 17769 8261 29092 11724 26121 19952 17906 21146 39717 21909 24173 35934 9277 34410 24923 10909 9616 13372 20625 38646 6539 33782 24222 25618 13695 31908 5165 22767 31806 3714 21504 34704 10126 32973 12623 18947 11741 12859 38376 34649 12932 11324 31088 9259 38250 27852 18591 36356
16882 14693 891 26734 57 6963 10228 18264 27315 25911 24501 3047 31398 36373 32164 35980 26176 33105 22826 26623 29892 17746 19425 7281 30537 5700 11080 7089 7082 14141 17531 14546 10116 3539 34725 16149 13672 10122 11937 7905 17995 2584 19536 24181 22806 10065 21240 17992 20245 24028 15022 1256 34848 19449 35130 31205 17323 11860 17822 34981 27509 33281 28348 34982 27730 24605 6398 13811 12635 12104 9836 26231 7286 8045 9394 11164 1704 18329 12840 15067 25116 6585 32546 22037 25585 12978 35807 15719 2829 4965 17802 27421 12535 9774 18484 119 13089 6538 33733 11449 22287 2063 38244 8726 21620 34128 18268 6236 33280 32559 14389 25437 20038 34517 25361 11104 20330 35964 21451 22298 28172 29244 221 39525 28064 38666 1425 36522 11531 24441 22667 24508 7650 34784 18314 4712 36741 1118 28433 25779 18559 38449 25000 16973 15711 8142 17890 15344 32102 10218 5509 30385 12118 4880 19552 13261 22976 24135 34711 33195 27396 30322 31982 25045 5386 559 895 36289 20415 4207 24328 33765 24088 9228 6265 1522 21885 8812 26993 26753 6450 30032 10970 17113 39072 29676 21129 20767 1980 38766 29818 13357 35731 16497 33218 13650 9008 25179 30715 1037
2636 18918 25479 30323 27794 24185 23183 23873 19250 28867 5635 12355 23680 28145 20663 7174 35006 29936 4947 1630 28980 21425 10091 21538 27172 13492 34069 9042 7843 16879 25917 7472 36570 27796 4186 27632 11023 12446 14364 1995 26920 17351 18341 15055 2824 6298 17182 6682 6165 15071 5992 37638 21912 10239 15656 39975 26219 16546 33278 16977 15441 39414 4927 4985 11699 29653 21087 29243 26792 29269 13336 10652 6932 4209 3417 1453 19224 36870 26518 4760 36319 15146 32430 32817 22998 19437 5249 1253 3353 36884 19628 25112 36974 35050 6698 3032 25742 13640 19562 9336 38557 27147 15291 26446 33588 18708 26862 30428 46 35918 31138 37407 11759 35974 8616 645 34266 19050 2019 10965 34008 32276 3703 34001 30800 33395 35592 5926 32489 36159 33028 15237 28807 26359 23433 20989 1131 3503 33794 11313 2452 9957 11316 14583 12041 21710 26154 30278 28294 27886 32096 25285 14278 18623 6604 14230 39088 23452 1952 23913 3996 37675 37270 22373 16475 28604 23671 6188 35780 39739 38234 19694 36015 19206 8596 30071 6756 32322 3363 38521 20259 13064 38402 11734 25454 17008 34481 4253 14223 26942 24233 2530 21777 39208 8720 709 34054 1113 10817 30899
7686 31870 35337 22844 3797 34474 36314 38097 2760 23269 33580 22233 28790 8094 28586 17623 6492 2016 38360 1695 15209 24116 19706 32570 4842 37114 31375 27075 27680 28965 22723 29153 14567 25383 9023 13302 19895 8065 12229 23916 6344 18719 34513 19750 21821 3359 28062 33408 27827 31065 36448 12340 13377 16007 30271 25248 14354 2133 14784 31295 1108 24504 11772 4130 18547 39530 10671 6104 19475 13786 25409 30945 34637 39825 5397 5482 9399 32873 25219 4264 30999 14082 5438 18346 7804 15283 37568 12117 33952 5016 869 33514 12120 37764 25560 698 35685 9971 7949 1382 11874 34849 7121 24412 37867 12905 28059 27066 23114 4899 32529 22883 37563 22902 12909 39040 3595 10387 19167 39670 26948 2837 25709 19502 33116 12486 3785 8660 13126 1812 9948 28643 28215 36903 15213 25388 28642 590 33099 6406 24947 5125 13654 2948 25280 33447 13080 35862 15123 16651 7368 9024 18564 29280 28597 1866 4010 34910 1605 18842 8384 23754 36536 39227 24668 9633 35541 21612 23510 21211 31646 12047 11842 16718 37803 32983 28268 16505 38749 19938 27126 38437 3887 29752 31825 27933 35254 28918 34673 2051 22663 33448 38907 24377 2728 25629 24513 16738 23266 2472
36255 36401 8757 18459 29114 11902 29647 31675 571 30106 9868 22791 31037 15762 25926 24037 3366 8811 26576 10555 37783 14616 14310 13880 8804 29202 19849 23923 29609 37578 13447 30693 34845 4651 36349 6137 13831 12395 5480 17126 35585 27212 27717 13820 38308 16001 16778 3051 33873 33174 39702 25654 18580 16104 10734 13610 12136 14084 12890 6521 28014 37216 30647 29895 6079 11646 1738 4376 27231 8929 11806 39735 13413 21110 23701 25908 31589 29764 30415 15482 28982 30685 11752 23941 31194 15204 32237 12427 8891 38090 9226 13292 29300 9427 36981 25194 26995 15439 950 9383 19313 32910 22653 37756 2711 17186 23789 19268 28457 29891 21817 12913 39475 35274 14684 30505 38731 6002 6614 27038 14808 38960 28957 36076 2887 32625 30136 21947 20642 38138 25627 7229 22539 17626 1859 12823 39875 34663 4413 16350 37249 36641 36961 35914 28952 2274 18235 14314 17013 35629 14816 7977 30979 28742 1662 13978 26684 35922 15545 37158 30845 6478 4635 13193 22833 5676 19271 22497 1468 39841 335 32314 37505 24204 7740 5628 5713 7219 7550 10309 15477 26016 16967 21379 13100 12463 37879 13187 19349 30232 31489 25758 37359 36642 28831 26266 29133 14353 29754 27099
6893 33732 22658 21118 7059 16663 32881 11909 19056 5999 6156 4765 18863 13944 3286 13176 31203 18778 6865 28678 33670 16270 10348 39363 20317 36750 19440 28106 31635 35986 8873 18997 23482 21857 6376 10412 5135 22048 21543 29760 17542 16943 26991 8048 17690 5140 26306 9430 1941 8301 32519 39226 5454 32365 24154 23203 34274 21193 20750 32893 36262 30466 13214 24440 33248 32059 6537 30248 8638 3639 7861 20651 15632 7163 28826 9303 18613 18102 3802 28655 20525 36533 2148 1412 20790 16177 14667 18411 29851 13206 15849 30082 8021 20171 29527 2125 385 18493 473 18717 15919 14855 18638 9606 6338 13819 9929 22118 22121 12185 38593 34390 28690 21222 23107 37202 928 18084 6371 18680 27082 14488 37214 5218 7494 4736 35701 19421 27138 30528 6475 26257 2393 29370 1543 16863 3021 31737 25726 5236 33284 32981 39672 17231 13481 12281 25623 2434 19989 13019 23214 11588 33654 4983 5109 566 21650 8109 7953 24039 6985 27101 21248 19787 14021 18696 28905 22528 16704 29335 29147 16066 26618 29971 33861 29906 34019 21206 15196 24695 10397 4750 19173 35199 37285 4340 25705 36300 6036 37841 38584 32146 26184 6518 15029 6195 31096 12244 12707 28002
4276 5886 36386 9887 8752 24772 5505 36158 34298 25532 6953 5861 12347 22888 14024 6909 16679 37044 9421 8198 14177 21330 16264 23005 15570 23756 38637 22445 18223 6873 21858 587 12610 37052 10135 33544 18049 34672 13555 8237 25944 17037 14558 21091 26449 13576 15013 32030 23317 10801 26128 3959 30375 27002 26680 1483 27160 25488 37818 3199 38804 13060 22319 4476 26553 30790 9958 39915 12425 5854 7274 11522 21261 14995 12126 27644 5540 10286 1250 32623 29759 32212 17872 5157 2343 29978 39345 12374 12410 36358 39176 9561 6512 7345 29838 36873 22384 1339 4631 25729 35221 33685 17997 18716 13458 15667 33349 15770 25177 8210 25391 20497 1903 3540 9860 19015 31964 22763 13498 23954 16011 15984 10158 27380 28766 34283 30495 27720 11370 24899 4456 14682 8909 29930 5637 30570 6347 32209 13590 2632 28223 32432 20599 261 21360 6452 8520 25052 35332 3309 14408 13858 13753 14729 19187 9006 21158 30700 35239 28233 32914 20037 6964 13716 23682 32655 30143 29519 14773 6703 37949 34341 18820 38991 32406 23531 22801 9337 36026 8441 35181 38158 21989 27555 26621 27425 27335 24304 37172 12876 1955 602 26830 24783 27583 30374 21164 23016 12972 20340
834 17032 4958 38823 8288 12012 9387 26496 33223 3422 36632 34187 23652 12384 25593 36018 3842 9103 35751 27259 4489 28572 35771 12562 29490 22397 17702 19966 39627 9893 36830 19253 1775 22542 35765 13429 7021 21042 38686 22782 6528 35329 18570 16798 35630 24640 25495 20967 34587 28065 35484 35834 38192 38509 34789 27210 9300 6346 3558 17302 16508 26182 29483 7818 12861 15958 26875 25750 34990 32401 31466 32084 13099 23031 11613 36763 27108 22675 12256 17356 20650 17210 28545 19374 30291 3786 26990 18287 4636 23126 32353 34489 33929 39084 4568 17329 11007 31863 15921 12209 12049 31476 4508 38765 33513 34021 33759 25382 20283 12599 25836 13612 5698 15138 16284 18653 15154 26903 39850 37425 23818 33250 36715 10726 7675 6011 5965 34431 14976 7655 21008 13441 8768 12693 9623 11398 15932 30621 2044 30411 35932 12754 24892 6413 25660 30590 33122 24352 24651 7682 36179 18926 13056 35333 4247 37930 29301 11386 37369 5368 21192 16584 39217 27228 14037 6094 4020 25678 541 24235 34518 32438 24302 34271 24856 26569 24303 16215 33427 33156 33141 35404 8233 22071 28718 15533 34366 12191 19337 27802 6933 1573 25511 25484 30005 10457 3835 6231 2013 38324
24456 5744 29552 14471 23917 34594 23668 31359 29357 13279 1545 39416 39291 14754 28971 16106 3163 20765 14517 13960 9795 26853 32779 5784 31981 20167 35065 9582 36486 20573 11331 35617 6056 36269 31328 11841 5883 2460 492 21218 17091 4429 39268 28797 8129 10034 27847 35854 13271 27603 37113 5724 19127 36739 4639 39864 13713 3275 20107 29297 24155 6330 11252 36231 28240 34319 17565 7287 15947 6859 30646 32180 17647 8639 32150 5479 29166 5768 28230 24041 13404 7370 23769 36891 3749 22600 4299 12816 39082 170 32144 20828 21653 17599 14382 16128 12406 22275 36706 435 27971 33347 18907 16334 23823 16234 33473 27726 21675 38640 24247 9179 1409 23982 1774 9520 37822 29675 1875 29991 3257 16062 34217 14956 36225 11978 33076 11614 17970 403 18728 25182 25615 38006 10568 21181 8393 12619 16958 17853 12521 4353 21295 7294 1958 16737 15194 4661 27747 23643 25033 23175 32309 15709 3576 10966 1207 29109 130 19347 20068 26264 15418 31491 16397 28723 26663 5063 19586 32894 9674 39730 11128 13251 7058 14367 4558 16261 27688 29062 8434 33144 630 38145 14929 4576 22610 17726 22145 17479 3131 29264 6320 2895 9400 26084 38889 29039 18328 28519
6678 38380 12602 35457 35310 32927 25909 18280 11214 4548 25272 23995 8351 18043 29995 18557 29636 7119 4738 26561 38522 10070 24428 31726 28495 1180 39288 19482 35448 32264 26340 15377 29678 8536 25673 12627 31639 36084 26890 32042 14123 38001 30686 36367 688 1834 25093 5850 5818 19328 10984 33277 31120 33297 16481 27202 15931 26101 13301 11487 9642 5694 7744 31079 5256 13485 8130 19804 4293 1153 31547 9502 28374 24215 19223 14316 27176 21887 35845 29074 38112 1398 16342 16846 3919 26413 8837 32676 37101 11577 31057 27556 23089 2010 9703 27285 26494 21354 20376 7357 22629 19371 20296 25598 29379 6097 3872 21411 32488 7950 38511 23462 31679 15295 27260 6095 30403 20812 34804 10838 4176 8082 9675 7498 18776 37352 17644 25514 33363 10597 18818 7976 33398 27456 26246 29144 7022 8857 23951 32028 20686 18302 8117 35453 29847 22492 6692 28787 37248 26714 25205 28429 32224 24924 36379 38689 31280 26323 36266 9889 28708 15280 14514 10237 38010 14859 31287 8707 4858 31318 38832 26490 23434 15613 1544 33441 3768 13834 38851 7164 8764 8603 24803 30325 34120 33181 24830 32586 18733 21907 19415 30560 7372 16452 36683 35955 30566 5148 19311 8480
34354 5699 31038 25954 28537 38018 1830 30883 37334 3828 23688 38473 18312 25892 36125 28555 39569 19663 6054 31721 29371 9603 4245 36065 7099 36473 22796 14461 50 643 15583 12606 20385 20450 26097 28358 20928 27647 15251 446 20274 36244 25687 21423 36460 26332 33343 21269 23149 3315 11470 35234 20149 26620 18642 20950 7151 13915 13146 13971 13941 1441 31750 25419 16929 4338 24406 34989 30012 12996 31158 22889 1320 6246 2591 23376 16355 8561 17529 28641 11319 8944 20502 30401 27740 33056 19353 21795 6039 11368 6971 21516 25439 10962 22611 20289 34890 39918 18688 10529 5143 26806 29853 26628 15907 3263 2608 26434 5468 6867 36187 17614 10447 23713 9119 33403 8063 30938 4135 30543 22114 1107 16460 13303 5197 26458 39683 31414 19009 32996 7105 25973 31222 23333 24077 13315 8739 13277 22449 4459 581 21570 9867 23230 27534 23422 31061 10907 28720 19195 5437 10743 9030 13265 1120 36662 4836 29442 27530 9322 33154 36762 26081 13722 23640 24708 2643 13290 39070 9629 23160 24360 39668 27376 3175 3741 23427 22716 7035 11974 23623 12836 5167 16156 3883 11153 13566 30217 37564 29595 33730 11077 25027 34244 11983 17425 15267 6106 13287 16578
3534 23037 34148 21197 31451 17576 25212 695 38157 28337 5320 19191 18500 29901 20344 17724 20794 31110 4348 39009 35536 10777 2925 26882 5457 38672 21961 39603 25833 4178 12010 23245 38 11998 1767 17557 32302 7987 37401 34294 11078 20158 29843 9866 4431 8591 15682 24325 39955 5559 21671 10411 9942 33886 28490 32874 34721 34874 12426 2250 23228 39912 9852 4147 7943 29292 31771 9523 37996 1331 30885 25524 28304 11392 1706 10834 27541 28550 24771 10830 7983 29431 9798 8051 3830 21820 9379 29728 23483 18649 3580 5735 37972 29534 2541 23998 767 6062 21625 1270 5741 29502 29913 9882 25866 15496 3596 18058 26251 3656 21070 1480 11591 32429 16141 5168 10485 4308 11804 378 34638 6457 27050 28211 38732 25135 17757 32527 15807 16901 24338 25006 2770 10866 17133 39618 6125 22129 20448 33146 7420 24075 5862 36818 3578 25032 3648 31292 37499 15935 24710 1519 37488 21892 37512 6656 9972 12321 26822 16300 12808 39401 9573 4670 39661 36832 10326 29664 24502 39200 32620 1991 39209 30874 86 38739 16480 29914 29496 35937 21610 5375 16471 23948 23273 36106 3858 28784 8126 25170 32169 7296 3484 28994 23459 33881 22574 6114 29398 27798
16233 21718 4451 28371 13604 6462 1858 24865 1362 10038 21043 17064 20458 34788 6659 2147 32449 1938 6420 1879 32829 13426 20632 25050 24094 7557 32280 4302 11235 30779 28931 29176 22689 38539 14825 25366 18798 33049 21474 17170 16196 24334 12455 38900 3850 13480 8673 4069 26070 1400 11294 31598 37604 21447 24134 7388 22793 33946 16439 19178 36583 8043 20560 12804 19130 15567 8331 34611 34449 6112 26971 22715 17176 35205 39809 22439 25357 21990 11714 17710 6841 31840 5569 31401 8285 29657 13015 18758 32637 7157 28087 1487 8807 30396 22876 4827 33224 34834 966 1059 2890 4642 23384 1986 38938 32244 35240 25720 7042 34215 848 663 12659 1070 18171 22956 30055 21258 1466 32521 9459 32705 7421 26200 21300 2499 25119 20517 28897 5597 11008 36831 16813 15076 15934 23654 24757 12964 38617 13869 22108 30461 38703 2826 35064 12728 18019 39523 25455 1220 8476 11756 25059 21709 4768 9182 37346 10327 37637 6551 1275 10251 30934 3019 34973 10898 25208 39952 22212 12275 13896 9142 25337 33863 2217 9555 17463 20413 991 29197 29225 17188 35501 14975 13655 357 29131 23745 25049 21465 23714 25776 15668 18363 36850 15733 8967 32925 24691 4146
3930 17764 18376 33829 30788 30240 9746 15562 15945 26632 34542 23702 8454 17286 15544 25004 32900 33096 25043 17460 16447 33901 17285 18259 12994 5469 26582 35147 2613 1215 4153 9371 39341 22775 24932 34646 11416 2054 30813 36102 24927 23030 2959 30263 23127 6731 10626 32367 19774 2998 17924 31681 16320 12237 37199 34351 24361 3627 15676 30115 5455 34508 25631 18568 24068 5272 25897 15009 34282 13453 2134 18246 33027 454 20659 6491 3306 18130 22877 39905 11985 32816 37570 19099 12445 29907 12618 15991 34393 13023 32830 22900 13964 17262 32871 3184 22102 37371 36519 7156 15957 18596 11247 24465 5938 963 29710 13347 6108 36967 6754 38922 28218 12225 32599 37621 21245 32706 6871 7530 17903 4324 15630 24460 9114 6666 35718 26240 13231 26689 25875 22417 37303 21611 821 17759 34835 18807 7187 14889 34955 23673 10432 33047 6945 6141 28094 2121 3027 12429 19951 16641 25638 4688 38761 26929 13711 19446 18226 34051 6170 36500 24949 25180 2649 33460 29057 18600 3233 33422 13042 2742 30547 23763 4220 17609 24263 8337 9450 31545 388 25261 3618 19171 36498 36412 573 30970 2595 25289 23946 3846 11892 14061 3508 250 34866 37143 8830 14888
31417 10240 8425 21590 17446 28719 32834 6626 23555 1315 13924 19844 14716 6882 29823 7244 3571 8610 8604 38200 38270 16116 14794 26461 34472 1311 34235 9041 26015 7539 15169 14725 29973 22077 30957 35126 18112 32089 32852 19093 17913 24969 7087 37531 232 8329 20421 8017 2838 18762 10037 19404 21842 1842 38992 27956 17361 16916 23834 29981 22247 3248 36321 712 9302 8370 9879 17092 29501 1190 25756 14691 26861 34954 5001 36843 34559 10728 12101 27080 12832 12197 18747 367 14658 14834 3041 9416 17794 31046 23057 5146 18165 31902 7122 15288 11462 34114 22949 32642 33140 16705 27383 32606 14031 15861 23943 12532 13419 14598 19108 8877 13627 39145 39274 36206 16457 20538 37587 24109 18022 24974 8354 14557 3839 10798 10429 16305 33206 28031 27791 39485 21228 39797 23006 19091 12943 612 2228 1105 34942 2232 33449 39446 16647 30220 9848 34583 9014 36185 31754 37360 36613 15903 20609 7284 21613 14167 15518 24275 13032 6580 16735 35172 18993 28752 6544 30592 3332 19918 27637 6194 10812 12626 36992 6133 37573 9135 22891 1598 28793 5573 10543 35810 6132 24816 19600 413 17866 26833 22203 33018 11669 5492 20492 11225 30526 26061 4282 1491
21688 30086 1236 7376 23931 16151 9462 21336 19571 20735 20331 29471 28881 39420 9489 33578 33145 31833 32357 26692 32260 37008 36948 19861 7643 10854 26363 31878 33802 29596 8240 4510 8179 18585 11496 30382 11563 13781 21896 930 39048 4574 29712 32663 13991 3693 12402 32133 30108 13359 7916 27093 37858 19203 24920 9062 2738 38331 13826 23828 5552 22939 36281 22036 33576 8411 33258 6574 19444 2656 31968 29864 20240 20666 5435 18915 27470 38492 26595 33104 24553 7441 14309 7623 15936 27960 8704 34734 26820 32191 5714 37087 35238 12188 38987 9289 13719 19498 5350 21784 24244 36977 10016 27279 11064 114 8144 24983 28699 30634 38221 2386 4632 25530 23313 29410 19546 35119 37693 20104 32111 37055 21142 14905 30046 39362 32858 39387 2394 22486 16869 22381 18061 29240 31270 38630 6570 18257 37414 29263 10003 14993 10828 18756 36317 27756 11352 16413 3022 22372 25826 34812 39913 17556 20143 28460 30847 8034 5181 39359 7974 13097 20678 7338 1946 37810 3219 27449 7638 10554 12334 25088 9235 9020 8025 14708 39699 4887 7090 21072 19901 36811 36480 13031 12946 2971 10243 12294 34232 25295 23963 18292 28906 12264 18318 164 5082 30555 30905 37635
7764 18 38341 24616 12950 27136 5587 9634 28822 19069 12986 4572 15088 28740 37311 38116 9437 35960 24410 8789 33611 24897 15087 16992 4630 15743 11904 2599 32422 15738 14215 39377 26685 17636 37439 7646 11958 38390 4068 18248 37609 15773 25862 37777 36447 10450 872 22545 7129 31268 3331 16880 20907 14620 22095 8902 27201 36652 30619 12684 17263 30133 23132 30080 1459 23921 18972 2141 8119 19848 39636 3111 17535 21725 18241 10833 1060 12963 32845 33902 4628 38526 38884 34972 11200 572 11467 11702 2650 34639 21749 6640 36663 28416 27790 16477 26478 5520 4613 1813 26212 36997 13344 31317 3694 17177 27601 42 5967 30152 32787 25577 27303 37676 18806 17300 5047 7148 37135 38161 22489 27169 36406 4103 6677 18581 25559 12803 4377 16394 13634 28357 34386 3945 30707 24473 34818 39843 21471 27133 3581 39488 21005 39640 36471 10892 24546 7020 14615 30330 2810 21350 5056 26732 2614 9705 13587 15475 13495 35635 14864 5971 22870 18883 10439 37837 13437 23897 23348 20957 21988 6579 22429 2240 17670 33058 10152 23644 29299 13508 30118 8503 2492 25026 3577 25979 27554 17488 37977 22357 39052 34777 28556 29889 28914 29512 16313 10460 2475 31577
16008 32311 28461 34822 16188 36733 10968 16699 21503 12405 39849 15756 33962 23722 30441 9892 37589 4322 5576 2491 23813 6086 29072 23220 37119 481 1777 4047 265 10383 16361 38536 22938 30919 22817 39607 18174 35972 32115 25811 3204 7521 22076 17695 2634 12879 3910 16201 9116 7348 26551 14520 2384 8650 7956 34299 27171 27289 19151 31898 246 22845 25329 21484 22141 23441 38660 21259 30367 1530 27125 26241 38506 26626 36210 33923 23034 6812 29790 39552 19995 35032 31915 28117 8165 21888 2535 23520 11949 26547 35339 5533 34426 33864 27208 7290 23989 27903 34997 27940 22181 19925 350 30018 8388 8488 26440 4585 2374 35626 19830 2604 20202 33320 3662 25681 32279 22295 18866 27930 17674 38002 18840 35261 24236 32596 33812 31788 31779 18252 30671 14113 31146 34358 14999 11986 28401 32045 26079 8446 3187 33321 35475 16490 4643 30506 12412 13799 29164 35838 35840 37816 37684 8435 36694 35444 6572 39139 26500 373 23506 2583 5869 35075 2191 34326 32827 22673 15689 16899 22284 2919 19275 31572 33420 38346 15591 33897 22100 22642 19304 27814 12942 8073 35486 15757 25636 25802 23729 14659 13696 483 11963 22996 14392 547 23736 14997 24836 29355
32049 18127 31441 32287 28340 36877 8961 6175 14887 20931 25668 8923 18701 37513 4786 33123 20190 29076 33846 3687 31337 59 33597 10270 8519 6284 16391 12519 6304 1622 494 17166 32998 35522 17254 36095 7263 1562 38339 31219 6377 20431 11156 35001 606 13516 3095 8375 39017 39796 20316 22463 30655 3405 26189 33706 18422 18670 27579 16946 20814 14459 29004 7118 2547 32944 13067 3742 30424 37381 5868 30531 10202 15420 11037 12491 71 27851 7879 11803 25933 29186 10110 7322 5669 7446 21278 35174 21553 3330 27256 27970 36284 35432 24549 2731 16586 24938 18217 13628 1596 6844 14782 23325 25293 30988 751 33434 24685 34547 10504 8226 9781 6741 6813 3538 37166 28564 37451 28173 12121 9996 33778 33808 37489 1982 39285 26173 26871 1475 17181 26285 16520 9654 442 15774 25517 15714 7670 9522 7008 26350 13162 23124 4197 34101 5682 14420 33209 27858 14351 17985 24711 22068 35169 6711 34675 30951 29137 35872 31281 26865 33944 24188 28847 34552 12383 14510 23284 20521 7211 25586 35858 28753 23585 36757 13259 9658 23842 11264 39545 8570 15909 1505 10064 23180 8956 19039 1712 36022 29778 3210 37749 5556 31557 31126 27773 26127 31542 13499
10401 20528 303 5007 27146 3869 11650 30343 18986 36459 23286 12640 39149 34259 14919 17756 29294 39706 11589 8991 29032 36911 36089 17268 37509 1869 8003 38742 17803 12620 25740 38667 27602 21290 4148 26507 7088 13556 11962 9525 186 25988 2478 38000 1351 35813 13182 29432 2561 17273 37207 25152 10452 10024 8972 13045 25080 10267 31899 31407 14419 34957 6629 24819 39253 21736 26220 29669 9410 31490 3247 7031 36802 29508 15332 94 171 23993 9999 35213 10271 6084 20969 30275 38787 17053 31674 31446 32249 25864 2866 26168 21993 13445 22822 16029 20884 35203 28523 15039 22816 12008 23043 19054 16282 13774 15027 28166 39433 7839 19027 26562 16917 35967 27721 35442 17624 8272 39091 6105 24896 6864 8968 33924 2977 29946 1081 4251 904 34237 17975 22250 14300 32755 18569 7153 6997 20057 18197 2706 3253 16401 6183 29943 28525 21057 15609 7309 35510 19207 35131 1443 36366 23332 1987 7007 18943 7933 4758 2096 796 32520 14775 3546 257 27098 5803 7873 11521 13558 15639 28820 9395 11901 16776 7454 28225 21071 24699 33550 39643 23895 24316 3395 37480 31536 22926 11896 4928 1148 32733 30558 21332 2611 4638 25805 30985 16628 38407 20364
16521 23301 28025 14028 12398 8979 338 17666 13072 17630 12336 15905 39354 32310 28347 39533 11929 14922 20587 23912 12073 13266 28711 7067 26699 33543 12917 24975 18416 1111 33392 10175 14656 36902 39368 39750 37225 17021 29841 13005 23675 4404 36149 22728 748 18578 789 32541 32766 15463 10766 16244 19125 33555 11877 3966 20115 11139 15396 35045 11541 27941 36298 5654 32762 15976 35463 13844 35551 13135 10290 24407 30286 19838 16791 6993 18832 17152 4992 22033 33310 30961 37448 23837 12711 36834 25251 29045 22664 19282 23161 20059 34219 7055 39845 1910 6340 1369 818 24722 17980 26002 14873 28524 20423 4680 31307 16926 15427 27190 20649 2621 18513 23268 31687 1521 28571 24483 15408 5159 5190 21000 13186 14242 14055 24908 39923 30903 6305 9771 36455 20135 16414 13421 1860 31835 7387 36122 39216 35823 5558 2786 31259 32704 33942 23717 23263 16291 4492 19193 5717 6917 37011 21113 27368 21494 34659 23305 110 9493 32446 8049 1572 28869 36312 20040 28659 36290 28828 29217 16517 13241 11824 14157 39680 35135 32792 2924 11326 17781 9526 22317 28181 9905 22442 38315 4667 23167 16492 2906 21591 3770 10477 17097 9899 36837 23147 36958 27516 10345
4287 37704 7212 2357 8568 17375 20615 8679 2803 11703 12394 26974 20743 11872 20505 15233 25916 23414 14909 4832 38074 9872 26107 23556 30722 25209 39032 35198 38875 18769 26311 12342 26870 19956 38867 12408 33061 20633 31499 775 8620 1283 24718 38650 38984 37154 2227 22699 38827 2995 23210 12954 4788 25281 35700 22917 5421 23066 8615 2188 18067 24615 27020 5942 19246 37220 4978 2880 3069 5122 1557 11447 39611 35471 953 12285 4442 39558 24416 9172 10681 15615 37876 15062 19978 4757 23309 2399 10558 12034 21334 2682 26187 11638 11810 28034 27850 9438 26646 5173 5873 15993 35500 32208 16375 14164 6147 12576 25269 29611 19816 29319 6035 126 2047 18551 9351 16681 3435 13718 9169 37800 39451 7194 39787 3164 32077 27587 5551 903 33148 21583 8730 31434 37524 11110 25 5594 27697 14125 37910 30007 38007 1091 20945 4581 14826 26770 30014 8286 38445 1821 35498 32650 6657 30876 37953 17602 30256 36450 5993 8826 27129 25149 33117 25061 10057 15345 16747 14619 3891 36523 38181 2008 5810 33152 26688 16119 20994 36825 17863 6096 31007 30817 37050 9221 32849 29840 26511 16469 28116 24287 37364 24029 1138 30709 4405 5217 7984 37865
32738 26138 22307 4953 10023 28842 33978 21927 18309 16838 18023 29563 5223 7567 14726 10836 20768 35048 8057 28978 18343 16581 22790 14195 4482 10748 9842 14496 15313 24284 27320 30016 37347 28885 18468 29660 25406 35893 8493 10986 31073 943 1734 35744 6823 37282 20211 23764 17112 23098 19214 33411 10541 12044 13524 30667 23617 5916 10718 37268 30623 706 38800 23911 35965 33870 25870 5860 39725 22337 4885 24277 21032 16603 14994 1147 3763 26708 14539 29307 32052 8013 26166 26147 27881 25416 21063 411 2485 36462 36840 6470 34525 8629 21527 18553 22525 14652 22258 24775 13728 39589 17475 36323 19513 36944 10731 33560 4128 6669 33054 34375 26591 29389 32558 38625 32548 4945 16064 26979 31938 26542 877 5543 33350 20462 12984 25521 24626 27293 13986 36123 19075 37655 2213 25019 28860 32342 14400 30003 32262 31660 2965 5907 35204 22112 11052 3667 14218 24701 37703 22762 21317 23870 38482 30910 36479 4076 34162 10862 3709 36617 16102 29419 21126 8215 28326 11289 29366 30858 20456 30963 24017 8473 18277 10103 39814 14131 11417 28487 17256 6899 2093 23259 8228 26783 3096 1994 39944 22498 16132 727 22494 39986 4349 17948 1101 18700 34216 11996
10605 7658 3249 27619 39938 1035 27673 24342 1191 11021 4706 39830 4108 25390 34970 21297 21483 18525 22332 39979 27209 32960 27690 10621 7453 2285 15586 27104 12737 26834 30043 19942 34480 24163 35646 30445 9162 23267 4629 9608 27064 39777 28113 21800 27418 14836 6055 7162 21226 19139 32979 21844 38139 12802 14456 8590 29620 33631 27346 32753 30058 34832 33728 2968 17452 39443 28746 11308 28153 31725 5083 39203 9801 39780 36865 13381 10145 23130 28361 11569 15033 28505 24162 21397 5343 27216 15240 12450 31889 12513 15745 5884 10258 32344 34036 15208 6339 12591 16359 14633 9262 31561 34993 36234 33300 18412 1942 5660 772 2293 15371 5574 16842 29221 34949 25010 37532 8847 38611 3361 8819 26204 33283 6733 1471 37770 37895 26422 4432 37274 14075 15572 14920 33092 3368 14012 25844 8139 31442 1730 36861 39527 6723 39357 10712 3072 11376 27819 21452 18862 16431 39811 34269 11391 21808 31986 20857 11855 25200 9877 33229 11921 7578 3748 4522 22632 23864 19451 9602 24431 19163 33721 20157 36260 31586 25935 1644 13235 11443 806 21361 19387 29824 24849 36036 434 1949 11816 16534 19388 1393 34578 30188 11079 12076 38393 21997 27911 3758 20369
78 32639 27436 7447 37056 13773 29684 6761 25951 33457 15375 17658 15440 12129 17763 13085 18305 34201 12039 1968 36553 14680 8211 16886 27920 9677 35826 1953 10640 16462 6255 33974 12644 16191 37421 19605 30015 4453 30907 5978 36539 3314 27323 7948 32286 30732 8740 12957 18903 30273 22599 12453 38899 38332 26300 10354 9391 12855 35877 29446 17427 6995 26843 25314 19629 36566 2376 20288 34537 1548 11795 12007 31213 25214 1194 30535 23310 28455 22426 24554 22875 7391 21432 808 22139 33001 13098 7607 33000 5274 1820 28833 25069 5911 4372 24773 37004 1785 32915 30349 34428 1854 8277 10219 18202 331 6800 8682 12833 3013 17917 17391 22414 23004 13775 17641 2872 16495 19727 16964 24728 33735 24118 10923 15460 1750 24093 7508 36943 7241 25903 4330 31269 1076 33477 37758 19715 29721 18508 3638 33568 3602 30234 5179 3607 32953 11162 20046 22369 2563 23436 3490 37237 13358 12731 33967 35579 39320 31857 15791 33640 28506 36100 33650 22874 29535 25310 18555 21348 28273 36303 7374 15521 6710 21251 29343 23241 19344 2647 15690 677 35098 31852 7703 2756 36297 26579 2036 8574 16072 25523 32615 22386 28908 27159 12821 5215 17267 20769 26802
233 39463 21870 37445 3226 8496 24999 33564 29055 24873 31678 18096 16269 19999 3754 37063 29384 36590 34368 11100 4211 26236 37776 2391 1936 6348 21588 21585 20105 20412 3605 15347 28478 19741 5767 19254 16292 23122 23606 5301 32628 37073 33919 29635 7522 22690 29931 4607 34099 21132 2463 16330 21372 12556 17934 35622 25213 38391 32794 6004 6591 7215 29694 17141 20964 8955 34394 6441 3882 7259 3372 7236 9584 37422 22520 20530 23738 3928 7445 9193 7617 20381 23634 36011 25712 4595 9246 9769 29270 37092 13760 13938 17146 16099 5725 15746 1172 25701 39027 400 34140 8181 20534 39978 17241 24853 25103 21402 28728 29736 5891 14791 12613 32972 39900 34297 34145 33207 5398 37388 16764 4433 23407 8136 26584 3270 33949 3584 3434 29737 20173 38444 26836 8724 38388 6176 31133 22452 21862 13892 946 19594 746 8391 33021 5022 36761 5308 16985 22281 30624 95 8836 8788 28578 21253 7847 12545 782 11290 19312 16843 38692 36951 24450 20326 22393 33682 25250 31520 25693 5750 14181 7934 32083 26742 39571 32117 18722 33960 33773 3600 9660 11234 21847 19382 18791 11945 14562 39714 29180 20930 5100 11287 2328 21873 32366 20266 14221 3179
4485 36758 33089 8667 7364 2481 2566 8542 25304 15829 14076 21059 11222 1002 31107 23121 27935 18137 15506 9265 39836 1001 29538 11270 10710 31946 37061 23082 38464 38676 38941 30980 19947 36682 33628 11514 10470 24660 28447 9293 36935 9803 8880 26218 3492 8655 1216 1647 3718 12477 10458 5688 37662 37670 27804 17437 26534 986 11597 38870 19343 39597 19905 19197 34197 1075 35398 4452 14154 14287 28397 12977 639 18414 9047 10047 16153 29800 13367 22035 5585 18978 12258 10004 25458 11258 15661 9683 4610 25271 1853 29086 11854 15275 12287 23544 30142 640 36267 34027 38411 17912 17856 3971 16619 31844 6403 28099 8203 33418 22811 34546 34653 12348 578 12586 38670 13209 36285 2416 16283 14363 3228 33509 26392 25096 23152 12203 31406 33553 39385 13808 1492 4075 4112 32553 34520 29278 31625 4505 15575 35364 28418 10285 21405 31189 8525 12649 38965 30023 12262 1295 38768 20914 11185 36835 6587 22253 28891 21695 16876 12431 38783 20292 18194 38172 20946 37962 28058 36881 11232 5227 28175 37721 35386 13037 20480 1881 4137 12572 17071 8879 24747 22428 24788 24800 24141 28805 2041 220 5514 31308 13862 6697 34176 8133 18371 28311 7587 23532
2094 2080 16931 25646 25509 18460 1717 26374 37728 7161 17140 20092 27524 34186 22296 27698 35459 15131 4563 8495 5121 35966 8098 33336 25829 37313 37896 35053 19503 14442 37275 36724 36562 13093 20962 24056 27120 34307 15320 34385 238 1805 26263 26751 1259 38836 19431 32839 20719 9645 26405 36214 995 35086 1268 5211 19131 6987 3898 38428 36686 13928 3598 10032 24820 25736 31339 5442 23757 33060 22180 7805 39984 27462 38997 6721 28674 23858 13895 35445 20519 14992 24305 34693 38552 17487 25420 33070 14135 33841 6654 23825 8533 15406 5196 9787 8954 23290 25974 34473 16913 15156 31719 15431 12125 9505 11499 9090 225 17185 18919 18353 12396 22401 27735 10643 4755 26573 1029 12830 4694 31436 30141 29735 24520 38374 37072 35582 13548 683 10601 1694 36822 24839 38866 37367 4951 16125 31190 29223 17049 27392 2035 27186 39025 18080 10489 30738 11793 2408 34224 9319 20085 7450 31496 33842 19161 7904 30471 17566 19166 917 19725 17055 1577 14072 38826 33231 32932 39148 25035 3724 19894 35252 896 24964 31764 18466 17806 26625 25307 31524 7951 5843 23050 13087 24635 1676 34709 5571 31749 18751 2409 3373 8259 16112 1538 34875 32031 12400
32786 18092 19969 32721 9295 9423 37229 3897 2142 1633 30576 29095 22824 30399 32411 35719 27823 9368 1702 18402 19339 23120 30785 839 8010 2579 37541 24600 5359 33843 18849 7800 35939 24354 18440 22073 19949 19305 30107 4815 10586 10196 8699 31247 3848 36215 10513 5472 13673 5270 36606 1751 21407 19145 12560 34803 13254 26358 12180 4996 2470 22968 21521 19563 24206 22230 2648 6588 16023 28378 25823 8802 27022 18562 39132 15710 18542 31064 2060 2972 8893 31310 36264 17057 31017 25791 30295 4045 29203 11433 24021 15540 31264 26754 20320 32062 23196 25189 29858 33102 13616 13982 9568 619 8843 37862 24211 36550 16598 18249 18675 25042 7996 22012 14064 972 30159 27704 4496 22149 25131 8540 19443 6878 18788 21480 4034 12945 30482 1742 31390 25856 17550 6751 33684 29729 17871 39881 21963 27117 21681 21952 16836 14470 5118 9838 16818 36468 22783 27526 17575 39950 39619 7070 39791 26826 21670 6466 33080 5335 7718 29779 35520 14403 20850 24903 25326 36009 8194 35108 14008 25498 34867 7213 39169 36218 525 25351 202 25666 35361 39008 10889 7380 9549 34361 20713 35060 30810 11979 832 30773 25674 38273 16526 16169 39135 16286 6661 25569
19993 16470 37396 16701 2436 5284 39112 15367 39819 29286 1878 14151 27504 2689 17848 34328 31470 1346 31371 7442 29416 30554 1836 15016 35832 25343 38328 28950 18931 1289 19570 29688 4030 2163 26812 20180 23102 2302 2898 12189 6968 18198 35783 30748 28521 23529 11519 16058 9025 31497 39044 33996 876 8103 33918 32359 3172 32601 20122 22189 12565 2631 11283 9906 33005 22344 16631 15361 15229 30195 16895 18354 33541 35035 8763 9782 26175 12860 33577 9251 29251 25018 37815 5808 2200 9900 4771 9498 29401 24478 33171 39999 4248 8862 36092 19019 7419 17175 763 6264 18231 21289 7815 35824 14927 7644 3291 8716 17208 18218 20069 15557 25125 11478 12510 22178 18170 16668 14414 11819 6384 39708 21148 18450 4094 2154 18486 1743 37102 5910 29191 38322 14842 33930 20851 20607 27872 38045 36025 30763 22693 28943 31664 26136 38100 15142 25863 2831 5341 2435 13818 28331 24592 11967 9519 26592 39215 33903 34586 2976 38588 38278 30318 19183 12002 15443 21489 17974 21640 31095 26924 31208 1984 16160 2382 7404 5008 27762 3093 4184 37763 7990 3728 28541 38610 10575 1164 4464 14319 33598 204 8869 27768 10341 11718 30591 37012 25895 25220 15063
29562 24343 37811 34607 29589 14781 29506 19924 2303 33695 21540 30996 8787 1396 8658 12171 11089 39599 37137 16487 29929 14212 30977 6438 17436 12205 31620 6555 14785 2417 13369 7766 21936 21801 35121 270 37174 24476 23226 13974 12307 37432 33118 9767 8903 30175 15772 28595 38427 3895 8597 39210 2226 21631 27295 37016 20487 20189 31969 7616 33315 10958 35491 38419 37402 8150 16403 34652 28208 17388 12579 14342 22961 30381 18003 39146 38409 3720 15606 35716 1668 16905 4465 27364 29692 18575 6295 19142 20469 33394 12805 11269 19884 36752 13953 20674 11535 14755 5224 36071 9405 1272 120 1349 18681 37645 15084 12748 34233 31940 36437 37678 38958 37595 34379 7231 34318 26308 7390 21767 12451 6804 37079 28345 2712 34229 29507 35878 269 10269 3901 3322 18608 35226 9930 39271 22856 15177 25815 26438 31141 9160 12417 31361 30090 7859 32324 18634 19153 33976 28264 9408 25700 11534 12543 22912 22544 23699 14500 29769 5524 27907 29583 38841 21460 7776 31015 33639 28968 30777 33769 32300 20670 18419 20630 37309 23131 4473 9477 7477 37574 12794 31142 27937 26470 25889 19965 5473 6950 16927 11123 25625 24076 34057 31522 10492 29034 32029 3067 8002
36452 15114 31932 1626 30816 22276 20393 1549 5062 4110 8426 13406 39891 38320 37487 39211 5834 18698 16210 5961 26954 12847 9721 27927 11933 36217 26062 39498 5709 20205 35288 18586 8166 35827 39119 21955 39413 7339 4359 19585 24712 6247 15481 31514 12424 28295 19084 20066 1144 1166 31830 34820 22647 19559 29014 22615 6048 11882 27334 39519 918 39140 35363 241 15842 11369 3700 27033 5668 28250 9266 33314 16474 8127 24484 25839 32939 10703 24734 17156 20352 9099 21998 16489 39870 12240 30514 24769 4329 23670 26952 28465 21587 22335 21962 20460 1510 4312 39043 16653 35178 34146 32582 2297 32350 6708 21766 22557 11372 19573 35505 6391 8247 38642 22234 1723 28024 29613 29996 39409 22721 1124 11338 4213 24184 14908 21994 7301 18697 38597 3681 22561 14770 5381 11355 10673 11950 38258 15750 9097 39332 2902 37431 36287 6006 19082 7946 17847 1451 7750 5117 7078 7558 11742 36746 3250 3997 22081 31384 27481 6031 14019 18010 37300 12517 14518 21062 14551 28764 25224 291 36760 9201 7954 24761 26563 27369 17419 34664 16040 24414 15523 7751 22009 9854 814 35157 15886 39015 33590 19076 17678 21186 17429 18173 38329 25064 519 18338 16859
15971 13835 18044 19936 1231 15926 10464 1654 8427 10254 9699 24086 26349 7240 29775 9910 39495 28841 6359 6797 36854 13247 3416 742 297 28916 29890 39273 17480 75 19788 31655 7461 10902 20815 18880 16179 25440 13449 2120 22123 14415 23686 10526 16839 20619 35071 11955 13521 560 26723 22245 25501 30831 25404 12419 7027 29473 8688 20873 35187 26352 6529 16421 15466 3984 26170 13038 10945 39069 12837 34636 1857 4763 27567 6734 38710 27139 11296 4821 28560 11379 5212 22358 24609 16337 38163 13 8027 16535 37602 24258 16935 369 31311 36147 29993 8064 30925 38780 23179 15339 11094 19021 24943 2331 449 29977 37860 24106 25120 36138 33799 21398 23373 37908 30326 9036 17894 15778 35289 7466 22316 2412 19225 22083 1032 19325 2528 20498 2122 23256 13420 12272 4790 21673 31624 13374 21944 3044 38662 1422 28343 7957 32468 22777 5103 19720 4155 12448 20341 35971 17411 18904 39424 8217 32434 25515 1461 2026 20754 20944 25121 5756 2392 38195 30189 24321 39421 6869 39689 183 6219 27548 3134 1401 4415 5828 18325 3115 7272 33922 11166 2248 21535 16387 19646 36964 16683 15505 15365 31000 4991 30028 16069 6803 21382 33015 23192 1499
21950 29616 11578 8207 36309 9945 29015 9880 4870 39374 31191 37149 28507 12934 3305 34927 22156 11468 10696 29058 16780 22700 11014 34871 6730 16498 30886 11145 20403 7799 38306 1667 32775 31124 17836 32257 36132 621 19611 502 31464 29869 24637 35284 2249 1887 30412 36557 38707 36430 23283 18482 32051 26726 21667 35648 32781 20453 23025 3958 18258 17368 3010 2630 7605 503 27799 3566 3582 39701 3962 3399 1892 2939 14384 23465 9716 28849 34969 23536 17191 36237 35013 24108 868 23919 7117 39937 13319 4027 35412 21819 35241 11794 8997 4970 37732 27535 15221 32188 13537 10646 24957 24833 32872 13227 33533 34715 21982 8883 11558 7218 30078 12912 37051 16954 19092 375 19932 22460 7513 4188 18214 21976 22164 7159 24792 20210 21096 1193 8270 33793 34847 36742 13394 21908 32643 2804 28440 21469 21758 20155 14714 31865 33012 36429 15037 16844 7918 25195 23853 18041 7722 28177 18040 14381 28027 18893 20194 5498 22375 39834 10903 21877 20742 3615 24349 7032 19144 32716 33655 13631 6597 627 5379 17316 36372 4881 30586 29922 6197 3220 18691 17238 19098 39478 3002 32323 161 27135 35374 6222 30955 25732 13768 2312 30150 13674 16034 21041
6088 34889 9659 13651 7403 13759 15908 6474 36696 16968 18142 30982 19626 26549 21486 10298 11040 12362 29932 27343 27296 1363 12856 24055 7938 37123 3147 3138 18989 9002 24439 37665 11694 15369 31867 25942 17428 3837 32986 24666 3612 37 5929 26078 1371 15086 23839 5958 10395 6497 23788 11875 21930 36925 39623 37378 26719 22109 1754 8410 29090 7383 18357 25744 14715 22987 25246 3610 4457 22792 21938 35407 33599 4316 14696 6989 26927 21776 31012 3712 3672 15704 5783 12699 14331 16081 1506 25336 14246 39094 23351 26334 35552 6673 21187 23928 7288 29327 12357 22339 35243 3804 8101 31831 6290 4805 10563 36378 39172 33461 743 24776 16325 23146 26694 33274 29526 33673 16120 15504 4729 14320 2994 7566 322 19004 25773 34007 39481 19779 24675 35860 33694 24821 20082 3775 12095 4652 25145 18685 12165 19922 1474 33366 20416 23962 19509 3186 39645 24009 36318 35755 33044 10717 14263 10090 39514 8922 19281 28551 4265 15118 39516 35820 21149 37538 35711 29104 38075 24538 34450 11102 36070 32145 3620 31022 33763 24234 26031 14779 39256 26536 15073 1156 22656 20524 39752 30369 36962 20430 12021 37525 12680 9939 25840 39736 9565 31250 25780 14199
29782 36112 31173 15176 189 6930 17020 22630 3730 37209 132 18413 31767 12317 18347 20398 15981 7040 33490 5287 15961 23593 10609 37544 15090 13688 18349 13703 18207 2573 22340 28180 1260 32838 3108 8390 7795 34316 8294 33299 30422 2730 1316 15038 22147 36428 31035 25034 26441 39198 8781 30149 29368 10893 539 29385 1580 35309 38727 14256 20000 21764 23335 30612 20677 472 9811 36897 16980 12359 30690 13169 39580 23321 33085 6890 37980 10493 11381 12976 19274 9310 26042 31101 8975 15411 39102 16476 13013 4776 17733 15927 2687 35495 12701 39859 21125 37142 18953 27113 24840 19010 20002 24408 1917 30930 36637 4976 34053 76 19189 11552 10440 30185 24509 35869 27329 35183 22827 8662 26134 8080 25123 1449 11011 13737 13438 7633 29452 28111 5422 33476 10732 30350 32948 609 32349 27805 13442 21991 26487 28330 34038 8437 36336 34951 770 17101 32515 35593 15271 34619 24420 3800 27521 7624 5259 27400 31738 31637 13175 1139 13999 947 22303 10987 5917 22334 9005 21363 25867 23903 11826 16287 1713 32152 26922 1896 12841 8180 32840 33536 4223 26808 29290 1093 23525 18004 22697 38408 9863 22786 28053 36995 4557 16044 11106 16143 28207 20822
23744 10530 10627 28290 16552 8152 3229 22166 14042 19962 32782 8342 7612 8579 30026 38844 5616 3531 33977 9472 28148 12739 31912 31372 29888 28872 23691 4212 19089 7179 11911 5602 19036 1618 36117 7096 28203 37180 2244 794 25721 39131 25449 1546 32877 39508 3912 7342 25342 33053 538 4829 35431 32542 16994 21458 5708 15316 18754 11595 4167 15659 28426 22812 38998 18793 29209 5156 21084 2129 1732 20861 8359 15065 21287 26821 33037 29046 7033 11639 35848 11134 3360 23610 1970 36268 25695 25669 21252 15684 38118 39376 24426 15590 31502 29642 35455 24001 18299 15128 16599 9366 7900 29606 29894 1737 1325 13623 32561 13998 19975 30971 24585 29205 19090 13466 22631 15617 28403 9458 26198 23420 28029 11640 36399 20001 14109 17196 3255 3643 16652 5265 18133 28527 15109 27919 29033 14732 12713 12869 34487 24912 1359 8988 20353 12166 6679 31233 32481 15669 16898 10427 34086 36230 81 28676 26013 7883 13726 26467 24059 37308 39663 19617 13326 11846 36781 31761 22302 28823 13194 24063 6691 32702 12158 36548 21589 16541 17823 13371 8578 30308 31822 15329 36332 22898 28896 32686 7726 36167 20127 25445 8135 23896 9624 11051 31206 1 38260 24313
38316 30540 19859 452 33235 15999 1175 14054 26463 4816 28229 38340 6837 3380 18116 9290 14248 3896 29668 14101 26129 27475 26804 16036 17640 39267 33988 33458 31370 11820 408 1581 19110 15158 19982 33941 19971 34821 1671 37610 39282 38338 38135 30673 28282 5705 13401 7046 3394 7869 23350 13513 3200 9280 37023 20138 6370 6191 30761 38729 34496 33736 38933 14404 34500 17706 28760 32828 2262 14357 34792 27565 36621 2258 35464 9392 3341 2072 474 13178 35414 36369 28182 28468 26313 22604 32250 32761 20660 36275 9009 29655 39439 8066 34107 13657 9704 14677 16076 23045 21196 20102 29116 21987 5526 5488 8460 28618 17579 6828 1886 32221 39197 8007 21878 38982 38912 20933 34842 1944 12672 6880 10637 33241 29140 6244 23140 26029 678 12605 16596 35171 30210 32292 4437 12587 3983 3364 37740 11409 6789 31302 5607 2287 31204 14822 11034 17123 19558 24966 36889 29579 24523 35062 17667 25090 4417 13305 16743 5554 24976 39515 38785 4262 34505 27702 17026 20488 2942 38544 5809 18233 38236 37955 6477 34703 25270 20780 20222 38394 36419 24965 35670 31539 21395 17373 2468 20958 37720 14269 16162 2160 28979 30627 34699 392 38533 25331 39837 39126
30020 6586 37549 15922 7813 3463 33844 21505 28183 6261 39746 37778 24079 26085 28955 1570 33948 14512 18672 32626 5041 16554 26911 28736 6689 29645 7044 26280 38779 8778 31465 12213 32220 24703 11835 19595 16588 8728 33371 8974 19457 29284 26881 3864 35191 29679 2896 793 14435 13715 22737 5388 1992 15929 25496 23784 24256 16358 31819 2562 13563 39087 34551 9159 28565 28925 32707 27193 24161 33065 30218 24794 23778 2215 19797 342 10233 1961 24893 4998 25282 22158 1282 6217 39191 22264 7855 14105 26888 14935 38436 18732 25960 16960 28350 21924 13141 33531 37981 21528 15334 36042 26329 11401 3670 3933 29118 11956 13363 27446 27584 11208 27215 18324 16872 24679 22072 20095 4221 28155 21119 1053 1342 23516 3747 24114 35005 5382 108 1246 29967 1773 17198 25843 16939 23347 11388 7458 29772 37694 38062 29423 21058 18294 38972 28040 24419 12660 17880 38602 15974 17973 36629 25757 4114 19299 5996 35572 39398 20198 19481 2557 22695 11108 38485 21210 34412 24402 9211 30035 16694 38039 8431 7579 6300 12590 22703 1054 16767 17751 18159 26063 31367 15986 22412 25319 25091 32949 17877 24797 1872 19101 36397 2779 5027 3606 32714 21699 26690 27078
13745 16455 25887 27961 8831 27822 8282 22353 3190 3166 7085 17549 14528 34836 12444 1254 7892 39860 13553 31546 34538 39297 19567 9635 37502 23075 31821 8125 18182 39344 12053 2841 28069 23463 1533 29963 30418 26784 3935 1690 32217 34002 426 39029 25948 9870 17270 15855 624 11813 24791 10134 2792 10382 1666 35112 19555 16336 34936 12150 15520 6032 36531 18167 18684 11690 36691 25576 6499 2510 8250 31633 19680 31059 29061 23068 443 15872 33776 2495 38577 38668 38168 28817 20477 37495 31478 30031 11757 31778 34461 20675 5972 24847 20504 19834 21481 2677 12223 4714 36465 13976 12981 26157 27112 6251 14538 2245 17683 7639 23070 20888 16105 11419 31145 5982 7885 1385 27838 38289 32535 12990 10100 21683 28216 36271 22556 9194 1935 16203 25450 1447 8107 15244 38600 24107 32585 9040 26427 3911 2869 32398 26858 4364 17017 33142 31216 29484 27088 5719 31920 27905 21358 9195 31166 4037 13501 32550 20995 1473 16433 39056 35322 20824 9601 27390 3418 23088 3347 24470 25640 4677 36729 12159 5307 33627 17865 37125 35383 10989 28338 21886 27553 32903 34419 34976 7433 38881 35152 34285 35852 16247 21934 31493 22430 27318 18377 27087 28855 13931
29793 24572 9944 23385 37473 16894 580 19394 23327 14599 5962 346 21003 2858 21234 13387 37400 15353 31266 8633 39733 37546 24705 31784 17502 1686 27379 9738 25111 35890 29517 1714 7844 22457 12288 27514 25694 975 19492 5061 14641 5192 35180 3178 3555 9766 30340 2318 37406 14903 28417 27453 27795 22162 4227 30478 8297 10507 15491 7103 30444 6463 18179 940 39133 37877 2956 25958 10920 35864 33421 34178 16553 11573 29261 32736 11356 14249 12955 11991 23549 34764 497 9707 34926 25995 11231 3092 20911 8168 30553 16237 21133 30297 14238 25475 29726 17293 39367 18661 37613 1381 10552 2429 8712 12724 34768 13526 9240 18869 368 30877 25752 17837 33247 33160 7967 23749 31904 28864 598 20644 14692 17771 27706 23815 12784 32568 31202 23693 4562 7375 14679 4501 14805 5523 8202 33390 27404 35069 16956 20988 28512 1696 20463 33291 8700 29042 10576 31727 25467 28130 27557 11172 29999 34334 15389 23169 10582 8832 37954 26022 9348 16515 34103 5057 9812 24798 36614 30559 16019 28928 21488 36745 39664 8279 29939 27596 39658 22124 23622 19202 12379 11662 29626 2673 13965 5588 29091 14213 15502 26282 13565 11442 31343 23949 20170 34397 28169 14289
11083 27414 18088 6020 13343 37153 36994 15723 20723 1931 11883 19647 22116 20154 36442 3245 24571 15323 24801 29584 1891 23021 27494 19732 10033 1112 13909 27452 12801 38038 12016 31604 27076 11317 25719 34115 3757 3481 626 32423 11783 24931 31093 37906 32664 31704 38575 944 4224 5408 18517 33074 18083 37890 31186 17200 633 23690 7659 38262 10811 17445 17052 537 21108 20949 15767 39013 17528 18664 15068 28672 2963 12956 23428 14370 26676 35385 13143 870 611 2307 10848 30490 16745 12962 16224 23178 8980 4873 14904 20948 2355 25146 9487 22710 28121 13779 3298 19690 15488 9010 31289 18589 34417 27569 173 36558 27402 2368 12369 25369 7674 35655 39369 6366 17422 26214 17959 2246 7268 20070 17491 21722 2876 21036 36034 10715 3003 20030 31296 22374 1140 26514 31207 11497 8050 6842 658 26038 2943 31683 31351 17327 34582 1947 31462 28697 37823 14099 2034 28652 24557 18565 18428 34202 26163 28137 24782 27385 32196 35571 31097 21286 31862 17173 28806 29162 6026 15601 1486 14205 18378 4744 39406 20098 13392 31299 36345 18725 4214 6173 36082 32019 5856 8229 27006 16666 19135 21824 35645 30606 35850 3049 13329 37767 26260 11397 12422 28239
