200
23800 19648 38859 30673 2635 26500 36755 30954 37444 3558 19645 8933 14737 7084 16793 14493 3327 1216 3367 39007 749 18419 35406 35573 26999 35006 2816 4122 38695 14148 8863 16796 16605 3145 24005 36483 11868 28467 29460 13922 14375 18014 27026 38135 33328 32637 3210 22005 28264 38039 39780 2500 7576 10216 30418 9534 29317 32033 9690 10279 12379 17897 33562 5821 24507 5854 10829 27222 18308 6912 38753 22964 36305 36750 3278 23115 36222 14070 11133 18846 12936 4944 33344 11965 10610 36007 12240 27525 26108 30158 8646 36245 34908 6140 13078 22312 14621 24069 12239 32212 12676 8627 30249 2275 19462 34194 11139 30103 29017 20161 9650 24778 13431 4987 566 11477 239 22216 1523 12235 18341 32529 33618 39963 39190 39230 7136 6506 12024 16441 28448 8598 12196 5788 39631 19985 38241 10494 9106 17953 27568 12228 9415 14217 32702 34352 33015 33822 13332 17580 19030 3031 27814 11752 6289 4925 3011 12050 27527 9654 38646 5966 29872 18576 36124 4922 13215 14385 8192 14561 25671 23320 13102 26073 28697 13691 34706 22625 12811 32109 36345 16218 20364 6750 10779 8894 30785 16684 17749 14692 23717 12495 24804 16801 4080 12508 32298 22048 38123 25337
4588 26413 12862 6739 23323 29335 19198 17351 13696 9000 22080 898 36287 23673 1073 9155 28971 14432 34053 9625 4703 17018 22283 27262 15938 15758 29552 16265 9351 4445 29470 12474 21970 39487 29948 10118 23265 17084 23799 26784 4428 7789 30995 8046 18481 6104 28812 24628 4913 31389 18350 6437 3524 4139 39813 38531 36921 36605 22786 34625 20254 793 34317 4552 34621 26197 39624 10242 27256 11791 5122 18584 14650 16941 19189 5186 4724 5885 19629 34531 12216 8763 21195 13120 37452 13817 12402 12944 5096 19899 38391 2272 31166 7469 25797 18408 7724 35488 23636 25082 7827 597 20817 15424 12393 2718 16951 13237 30235 17449 9097 16110 39088 20023 33606 15182 34984 3545 38177 14311 6835 17996 19877 16034 22887 35718 26848 3674 27813 17380 29865 27239 7091 15570 24537 20841 25752 10710 23272 33575 12998 8846 16570 39036 18781 34725 15022 13075 4886 22514 26201 34262 32020 20944 11718 2546 5652 3692 15868 7569 11531 28408 33932 33392 962 38699 19850 20908 20819 36448 14979 6718 17744 20399 10198 21965 11797 21213 3879 9872 15951 36170 19029 26507 22405 14045 37575 792 5510 33386 15637 22736 11184 25369 13052 34671 32332 20263 28222 34699
27170 25154 21863 21844 32101 35912 28822 30602 27653 16984 29808 10565 32871 6680 13124 8404 3201 13478 32145 33674 19288 24602 2161 35904 2262 29693 460 29698 38072 1823 1960 38841 28126 31343 35209 29992 26433 23412 5989 25492 8358 19878 34693 13298 33514 8920 31360 10025 22373 30154 18376 9354 12972 27299 493 3429 15538 22541 14660 33669 30182 10956 11373 26636 15933 9829 21688 11094 27757 29128 7597 13711 7809 18024 30173 5417 6080 37509 4284 16764 33951 28930 28761 23236 8373 33187 2507 11483 3072 23084 37387 38504 20375 13369 27522 4625 34244 9441 31034 28824 26816 10074 15986 22441 20405 211 10483 6753 30872 18177 23312 241 35924 3645 15760 14405 14327 19146 34288 33656 36800 24520 38706 26908 6755 23862 20704 9326 12383 31712 585 15016 4254 8898 11263 36958 37598 31268 20416 29924 17701 25703 23723 21782 26625 9636 39097 39544 35888 26711 28379 31249 24627 21412 37592 32480 14223 36919 913 23897 32974 31070 27216 39106 9535 35746 23730 39865 28998 16687 31386 7777 39747 642 5876 34896 13901 39850 22179 31966 30519 28346 36076 17854 32242 14149 12511 18724 18483 39554 14539 990 892 24137 24890 39383 31949 33473 36049 35080
34292 8349 11434 32988 24062 6959 14420 33839 24837 32501 30273 22122 39590 13757 12345 1912 11329 25043 8853 13746 5921 14376 24417 37341 28168 1024 38157 17671 37225 13300 16512 22329 2860 18852 16212 15272 35742 37891 27932 11730 24042 3995 1149 2920 4477 519 24302 34392 2648 39533 29008 38535 35480 16598 4517 4908 4227 14682 9888 17800 19289 38051 15263 29764 36775 29536 15496 10872 16542 36095 32567 8727 3804 20481 31572 21456 33534 5318 39295 31652 37601 22454 39832 29511 35555 35727 27068 32729 33817 16928 9080 7286 18484 28409 2972 18178 11927 30576 22075 1894 22835 3323 33956 18649 10897 38979 18444 22397 13821 2568 32711 29984 22768 39733 32319 37680 26980 33319 37636 5330 5873 15471 23411 34402 11986 5267 35191 22765 24039 1984 33837 11659 24642 15086 7661 5733 33232 11587 30314 18703 38553 34642 2026 19363 8296 668 32454 30942 36154 19262 15940 20857 33275 37214 36215 31517 35133 21470 26832 23256 33682 12153 33803 12136 24163 909 35257 6769 23010 25713 2531 22451 4890 28528 31135 10882 9610 34095 35056 8719 2803 5433 23185 38527 21328 17243 14285 30920 27059 15313 4433 12664 4598 6903 236 89 29603 24604 34205 28446
36754 28966 15014 4792 4415 35674 14853 6022 34657 19132 21612 28514 4276 32437 33364 2595 30833 8352 19345 33767 13016 9958 36972 21254 10997 18662 39038 12764 37679 9465 34691 33458 22057 1431 35217 37724 35929 28587 21356 30707 14776 33855 33262 24869 24476 37128 10255 603 24697 33466 36936 2632 30735 8666 32169 16188 19411 6535 10054 22090 25928 15415 25088 21163 34093 28826 32611 21243 25036 35897 2905 35536 2662 14719 608 16564 29768 6694 21988 28604 6255 6351 35688 27820 36530 17160 987 1137 3818 24025 10011 36592 614 9913 19690 18325 37179 29114 25889 13975 16588 2703 1083 23967 7224 19405 7233 3454 39449 17145 37710 38193 497 1323 21085 39224 17122 21910 8477 14590 21381 5789 35855 28418 31846 14382 28624 8916 6265 29093 34388 39819 32997 29349 26457 6154 876 22851 36162 2979 28141 25091 9030 3741 8906 22241 10064 29813 35284 25994 24988 35309 18140 25750 38197 26508 39542 1969 24705 196 27269 23473 13032 3949 31743 37684 30617 7234 6306 17457 36924 16322 10418 8361 3491 39058 28065 38807 21986 9462 21679 6674 9840 24853 32297 27567 26402 15403 16107 4980 30402 24845 17838 23652 11056 11882 12454 38489 17751 34663
36210 9641 35566 23680 2929 35465 32408 9221 24745 38274 561 6616 33868 37890 35292 11869 35062 24186 18301 19688 31708 33750 11941 12813 9684 30490 26119 31767 20383 3564 26036 11501 16921 31044 14648 33940 4631 39606 26038 11914 29711 39290 1777 35889 20981 37263 15352 22973 39298 33045 35103 980 23267 33330 33033 29640 7986 33235 863 7386 38497 16169 33793 7560 21420 30309 36320 33150 2818 7994 21067 22071 30352 28819 26298 6801 3462 14389 31860 38643 12012 29794 24657 25496 31414 7668 27186 26022 6324 26954 6588 1304 33691 13542 38907 2196 27593 14387 28714 38784 9587 26167 36659 37241 10289 9909 3827 28844 20480 26062 3163 16489 12631 38883 20914 30370 10199 37291 4567 3571 14854 39870 11440 1482 26551 32550 31713 16465 34618 1874 39953 13656 5670 27984 39969 37931 33708 11698 6573 12587 37127 14383 2231 29016 3578 37465 24683 26099 31498 16356 28797 37530 29769 24884 36704 12446 26704 25566 17439 5620 30998 8324 12300 39532 15981 27933 16507 14890 26674 24801 38888 4100 20876 25983 31087 36442 34127 16552 5236 32039 38465 27076 10975 13712 6691 38082 5347 5817 24724 22591 3499 13129 26709 6967 23284 4885 165 37939 17156 27289
22685 18929 39467 22977 38733 28284 1847 19193 32960 15839 3768 584 13280 18888 15162 12048 10442 34619 14582 16185 18090 13899 17217 37050 15753 24881 9672 33710 19003 38897 12389 12401 18349 11973 9247 16118 3955 35410 39853 18399 23373 14123 38326 8374 9044 7216 22987 406 19949 34554 6765 3929 11112 3523 19597 18039 24749 31073 27450 23103 33664 19071 20507 1140 14114 11067 34358 29407 6100 8492 2811 18152 26400 14260 36189 24161 31329 24592 5378 12902 1828 10854 30220 14790 12221 1564 33042 34898 18067 38765 35074 1179 17722 9675 31206 31115 7218 33838 33876 22831 28942 6621 11732 16982 14032 26127 28187 15880 5794 34920 21069 8104 32827 7954 6965 6212 23992 15746 12549 23900 11064 36524 29654 8880 20547 27546 22734 24750 24940 545 34255 31896 14454 25872 7147 22545 28773 23114 7562 8974 586 26909 5159 38360 2631 25417 19368 17575 28897 5631 23707 15528 18934 7498 28847 11508 32465 24641 8250 14795 977 3761 11463 7892 23965 35609 633 6667 25891 25431 37018 1607 34216 9505 10738 32664 4934 32634 17698 19630 27052 26859 39359 13794 16455 13 6283 2754 32038 4093 11856 32357 29300 8634 1428 31362 19117 2501 15196 18787
18986 28495 38685 30233 38503 24694 25907 1167 5442 8518 38564 38704 15286 38982 11424 17591 31900 7966 10228 14871 13118 33477 19161 1273 15097 34407 37609 5774 26191 18604 30743 22349 23612 28028 15357 33571 32253 26768 32230 1765 38461 3292 25449 36212 11589 5586 11351 19390 34221 28876 21407 7608 14306 39411 35942 333 6205 9233 14828 10703 2401 23186 20699 30665 26723 32691 14230 27521 39354 8617 16229 20618 10496 9270 15547 28489 32083 23341 6665 18843 20510 20826 16447 18950 20738 35921 15838 6898 24883 30856 45 35971 24452 38577 9660 29630 11495 7993 14031 28568 15245 34109 34483 11981 39840 21722 19754 577 24720 47 3439 31729 469 36809 31208 80 35413 26476 37823 13427 36887 864 6873 26138 29941 8514 21687 32002 31735 19996 37955 32474 533 5423 38377 24104 1177 21734 4891 26483 27451 32635 21648 4816 8360 26668 17152 25716 11678 27257 1561 12499 30404 18243 7213 34766 27722 34926 17915 39432 20341 35146 25361 966 20425 37464 34332 23887 27113 1811 31577 17964 16836 27207 17618 27632 8462 23367 13089 21742 2779 3014 5270 5752 21034 34816 18849 36294 32288 17296 481 5968 17448 15718 31137 30106 10292 26991 34195 17131
8512 12815 32202 15230 12403 18853 19655 39175 29710 26403 27482 17257 17327 12351 35668 7494 37196 16689 30176 3908 33766 2462 22518 9327 2766 18815 27833 31819 38088 22128 25521 11163 16191 36475 1079 16628 37243 33827 7341 30944 2667 12647 18737 34403 26180 16586 27229 39719 37769 27122 24369 978 15670 24691 24279 15481 24437 29260 14688 36241 14037 20079 12072 13178 4001 30564 38955 16087 34937 27539 29660 10667 2483 34490 10420 31842 11962 9010 14575 22833 22598 29418 5570 35216 4540 29676 12391 32726 9177 38601 24449 24672 33996 8999 11888 39041 25824 5395 13421 37656 8856 26061 29650 13673 29266 19374 24803 8960 36653 1394 5605 20921 6001 37727 2063 180 25708 11030 12663 26721 19893 21109 34377 27075 20255 13315 27808 883 8314 20956 12916 2069 4273 18554 9764 12784 20662 15381 34065 20779 33017 17149 1623 37787 26974 19680 1534 31441 38311 34830 13951 10961 25183 4389 37992 28339 28004 15694 26912 18219 2005 33436 1797 1624 24737 26694 778 1489 13404 36105 36200 16162 8150 7238 15450 23880 26771 14050 2910 11474 28590 2376 25338 19133 38956 30253 39325 3208 39254 13051 29726 18407 31274 10121 36944 22795 6147 12582 10214 26505
17468 29196 6961 37025 4814 27392 31569 21624 27916 34792 18302 20595 37977 18857 5549 5801 475 6315 38322 20521 29777 25876 552 25248 26292 9057 28142 34539 4601 23783 32015 2856 2233 37264 11572 31368 39013 32049 5208 26025 16645 17119 26514 27580 33595 26263 19306 16817 39556 12165 33182 17814 19025 7753 26837 28189 458 14163 13508 7933 10294 21079 14418 17190 33752 14486 24580 24924 30989 14858 17344 19652 13785 39559 2948 31397 21259 30762 9150 30632 17240 3928 29112 9435 1481 39950 28209 28674 19266 12544 12061 30097 38432 28952 29358 15319 20797 34668 31734 11798 21110 20534 14055 25515 22393 3807 4374 8347 1092 20036 28852 12308 34149 24566 10955 37495 28049 32218 11567 4817 20608 15533 12548 36609 26082 27518 20420 11918 25843 39843 14573 3363 29240 31606 31940 19483 19800 10209 1582 13574 11108 25279 29957 21431 4226 15999 31310 24445 13125 38318 12368 30271 28505 39103 2097 2032 17473 9546 24713 17627 37217 1269 34180 5680 10543 18574 4582 21568 36172 10857 11805 27467 7665 34389 22740 21566 17117 1845 10395 26573 12596 19639 5104 11249 36691 35335 17093 35071 30285 36069 130 32826 33022 23365 24139 9294 20484 18914 30331 4935
20201 5975 35400 10309 28969 22619 16612 1994 34300 505 24170 31550 22553 22273 21047 19196 33259 20395 15801 11847 36836 20078 36803 2599 27823 5991 24105 12849 2094 30879 18028 2850 32046 20132 29942 23870 30888 16432 4568 33923 25638 18960 31072 1491 28705 34772 23166 11831 31974 3528 39183 5582 24438 10013 15910 15926 31029 22227 32995 28388 19400 14030 24191 25259 8901 37765 7651 38050 14651 36370 21168 31265 28719 31074 21354 7568 9984 20812 36111 28652 23225 11576 15065 35196 30336 34862 5599 26139 37275 31012 26627 36114 1772 963 25430 12585 34941 6376 22390 6020 29155 23767 20960 26371 6146 39263 19113 31847 5229 17908 25294 20381 29661 1319 33354 32252 33453 20502 14670 31738 26229 5974 7166 29876 16357 23500 12707 2572 28579 32211 22520 10063 26699 7259 19231 14778 427 35050 7492 5797 23824 15042 3529 15574 4049 29063 39226 16663 31410 9687 1261 25055 5323 36338 1121 16780 468 15309 37948 5728 7508 35229 3630 31129 1163 30071 12039 26084 10597 32016 18239 28320 8985 29170 27095 21275 9460 27298 6276 13511 16940 27530 26499 21809 9380 27014 24239 5491 18383 27681 39916 23059 16678 29318 9746 19599 2007 16317 11836 33762
34264 25373 28869 30175 28392 8939 15909 32014 33303 12529 18502 17308 12838 4983 10338 113 4966 28436 4692 122 8782 30611 20666 13967 1087 20499 29099 13183 11026 13621 28997 33902 20935 38341 2724 1500 14076 24215 14884 8872 6011 2945 16453 26315 1528 38744 32183 22660 19034 1686 16668 25636 21604 11792 33531 805 14060 23922 17952 21194 19914 14983 29954 9245 14256 7712 26527 1976 26370 33875 4953 295 26879 5754 7694 16076 36208 25787 7021 10024 24625 39579 39194 15260 17984 851 14209 38645 30050 9146 21842 39168 29051 30619 35895 10474 22505 16619 31689 20131 25272 19952 13405 34420 24353 38932 29909 33765 34724 26692 38798 20335 31684 2810 16829 34879 39318 23104 29867 23134 39134 10058 21812 34111 38843 20631 445 23296 15515 13907 14288 17670 8586 209 14987 21136 1114 33240 15967 35892 10032 10154 8307 38160 19522 38880 1409 1709 37245 20761 28471 6434 9619 3829 1325 25894 28214 13387 14262 332 2969 27855 3094 25249 1600 22928 38122 31709 37789 4936 37616 38499 31425 19501 914 3704 33568 25422 16992 10160 16376 21242 997 32576 26523 11050 22595 21591 31468 22439 19854 39657 33747 14094 1804 37014 510 27370 7699 22651
19730 12073 21009 21906 13772 5024 16556 26521 14937 31117 25533 23370 38279 26834 25696 37997 37657 24874 19589 14757 36858 8338 29382 21951 4518 30809 10173 36520 18885 18478 26542 37062 39958 19955 13480 13181 2 23903 3376 31380 1526 39012 8918 37623 23054 33248 601 13765 721 19094 29715 20054 9552 11093 17060 31553 1993 30771 26396 28190 20243 28689 37488 37209 20048 10600 3664 4364 26799 10210 10251 24395 1628 20906 20448 5981 22180 27461 24287 21186 26363 2574 2120 2038 8177 8647 34017 12340 27596 9442 14281 21877 5953 30811 36186 6517 11591 29102 20228 8522 17151 531 4058 2387 15008 22558 25969 11416 20670 31128 1374 39050 23696 23920 17938 21911 30724 5621 5166 17527 26445 35145 37244 23579 27455 19765 16957 30320 32585 39389 31272 9137 35283 27007 32915 13624 37868 32508 15932 11381 17089 720 8126 39886 39594 21617 26901 22352 33088 3821 15408 2229 31138 24120 22905 27791 21952 27244 39903 1665 39028 1530 15282 33706 21611 26441 22214 33431 38802 4525 2187 32366 27785 12932 32468 14366 36525 33149 27620 15539 27877 7129 13714 5178 35408 23797 29430 2993 30308 30666 21054 20091 17132 28452 16250 12472 16519 8496 21231 36540
17508 38594 10471 21726 33967 662 6860 38409 24370 26839 8124 25548 21633 28502 17731 30484 29217 32021 19291 9291 857 21025 10805 28416 35632 33591 4571 7858 19046 27106 13894 16336 35982 26662 24761 4570 22512 36321 12108 10617 5713 37317 22085 10190 33214 16709 14083 33524 29577 25485 22866 21134 14072 9630 27514 23053 24424 708 5289 31795 22246 12722 21052 9163 14202 17956 14881 12675 11169 31309 28868 35189 25050 34430 35445 28160 1897 32876 38055 23435 36600 29848 18664 38059 16964 15930 30334 626 39424 26888 36254 30190 34020 32918 1711 10273 14992 37437 28802 13309 22778 6364 32289 17096 20301 36982 30612 8219 35782 28749 23486 21832 29133 2678 7451 11487 30628 15423 28710 17051 22472 23557 25282 12078 20570 5179 8525 31288 15903 9832 29200 22111 3636 8567 19948 11260 23424 18235 8167 29964 38679 12970 6633 17991 2670 37416 30754 11034 37350 21225 12381 16406 16813 34528 15820 11362 20915 9985 24734 15824 16558 33918 2974 8155 930 27603 34943 34781 21981 23338 7873 38373 8824 36765 26489 2403 29179 20764 10700 11795 39889 29707 10675 39296 2371 34275 14701 9715 11875 19676 2025 25445 35884 24485 6797 33920 4043 9087 29216 31168
24978 24217 20824 15702 7225 13926 17752 19564 18110 36698 3773 33346 28996 2745 19683 1694 1318 25292 4145 28902 36261 26153 10926 38057 16016 1244 16600 19361 24407 39505 29918 19906 3103 14231 17852 29474 8172 32862 34136 32979 9240 39736 8958 35000 18496 2773 37494 7842 6787 24219 19303 36933 35875 27211 17481 16630 2938 35968 11179 10702 1856 31514 3096 29985 23414 30075 10684 39384 2082 18166 10668 9339 715 37255 5554 31494 10521 27124 8582 27064 18200 26915 885 32683 36597 39821 18836 14350 14489 4648 16184 23576 11092 19287 19352 19020 7924 5322 23478 38305 4002 16920 39037 8712 13915 2552 20575 470 28254 32694 32390 2290 28691 4630 32899 30104 32791 18390 19825 25404 22134 17491 20732 2976 16018 14515 30753 2218 9344 3058 19148 29023 35602 26729 37167 39206 14565 31099 17173 6476 36471 25367 11617 27844 31257 1438 24525 38949 34482 20554 22906 10979 29801 29886 21486 39574 2125 26282 36175 24162 23192 464 22388 32434 34851 1915 37246 16252 23728 6953 2075 36203 16903 36541 32134 1952 2347 12957 23787 2800 35331 33442 32569 14793 20460 27008 1597 784 6823 8924 20679 11546 5409 8896 20848 26175 23551 32168 4215 34576
33193 35713 14977 25506 6405 23590 6268 35850 16155 9964 2590 11649 13564 19007 4347 5291 31554 31513 30088 21158 8092 31377 14568 6248 24481 39155 10769 8336 23864 23381 30755 4645 37984 4420 31382 22178 8385 18154 25030 24859 30571 30566 37432 21681 26051 28509 11057 38822 20653 33306 4041 30189 759 39422 16819 9747 27213 37043 19852 27772 35658 37580 19624 38208 25682 29684 5564 4494 7593 25437 11328 5701 14165 39860 2832 13006 18802 11521 15237 9701 31962 20790 14545 39114 2628 12671 1854 37747 21270 35890 28933 1658 15399 29843 10693 13200 19316 5190 24079 11539 688 32712 21324 1124 15469 15837 36139 14905 10301 19150 6394 28660 19162 698 18115 32668 33924 1904 33689 14943 18461 623 20905 19537 38854 17930 21761 38833 22275 21935 26722 23382 22429 19794 38162 13221 16892 35242 39534 39070 24777 26085 20392 15112 15728 31937 19797 30016 24539 6784 26933 38443 23497 11613 39615 32935 11535 31576 37672 23784 26028 23789 3422 29067 30110 8831 11833 4989 986 16646 75 8246 16614 26325 5651 36951 21178 8348 3911 33368 1479 25777 4056 20365 965 34049 25918 13840 23286 28919 543 20327 2132 36342 25481 22974 27847 4694 143 34239
37510 38975 21653 38385 21755 37372 8792 28559 6121 6089 12233 27115 26368 26284 15948 39949 9734 34335 4736 29831 29351 2587 21974 7423 24508 36364 18525 30141 38786 36694 19375 22513 10478 7344 30167 30814 9950 34627 6357 39081 2537 30283 5145 35173 4103 12477 32231 5567 36202 13267 38357 29895 32522 24929 11025 20965 35606 15051 6303 19903 10421 25293 13336 13310 2463 37943 39970 11153 21766 30610 27872 35328 6328 17125 18310 6980 21707 35107 34021 1359 34169 968 3844 6294 881 936 7940 27559 762 20256 26339 5438 5357 28541 36334 24706 27144 32191 6666 28217 38056 26823 26351 18405 27957 2091 498 2495 1436 4505 17725 20196 26596 6098 27274 26727 4224 26230 495 39306 17320 28145 14994 37699 34914 31722 27481 20346 8590 33537 21012 20437 2127 34005 25719 2704 35327 12929 17905 548 9742 4894 28236 39549 4590 15052 3764 37173 11445 32842 21876 23595 20324 264 736 4155 15745 4461 12224 19960 25845 3476 28249 34455 5932 5288 2585 33184 16625 39174 34897 2028 24693 4506 11275 24466 16721 2024 27055 14461 652 13724 37661 23215 29298 17072 20451 33714 15513 25003 13755 6295 9897 3837 38126 9526 375 31445 1336 35781
39562 1818 23640 30148 11164 31792 13287 19452 14537 18065 8589 18568 30161 9051 20939 39854 13376 14839 30450 29324 20039 145 6969 22767 10759 13328 31898 29463 13412 6239 4760 15695 36536 33288 11255 10050 31593 8653 556 32653 20656 37061 16862 10609 12613 35399 31184 28768 11110 16935 17370 24066 49 6675 16729 38988 13450 763 16775 14680 18550 21332 260 35661 17198 26617 7620 7846 8854 34057 4239 9436 11344 38475 33515 36564 2693 33043 9055 35711 2035 9765 27098 342 34589 6234 7074 13158 6467 33516 33152 12180 39758 22369 37640 26278 15248 21817 7361 6402 20600 4533 7369 15935 24676 38187 20625 3547 3319 28270 39935 31424 3092 6939 129 35065 4291 25827 26616 4726 8560 2963 1155 13802 3175 33774 29949 25785 30312 27818 20410 10089 29598 39730 35806 35117 5265 26676 6786 4214 34140 25010 33844 19860 32908 12653 21250 29214 36144 27311 27940 37149 21099 18406 1696 11010 121 3591 7955 37873 38005 39573 32427 12476 38986 21032 36626 29604 35195 37181 19516 22794 10049 30054 30412 30819 3956 19327 16638 19402 28353 19848 16089 27471 34373 37468 26938 32607 7594 5348 38997 1131 73 3346 4730 1174 10036 7209 14487 6785
5249 81 8235 20895 36595 3823 18740 10725 17753 6974 19278 25758 23465 5100 31345 2085 33957 28465 39585 11726 11876 5849 15647 38533 24307 4203 2494 7479 34838 31535 16382 14000 2925 9816 26830 2054 3561 38668 27726 32248 5760 21851 39956 32723 11285 26568 2839 20739 21892 20225 39687 19881 5316 23679 9149 20537 39127 25672 30432 15382 11246 13843 22070 17959 35194 23939 6034 17635 1143 10673 26083 25360 836 36980 7835 11639 7927 22358 36584 7064 3496 23061 30943 24274 9433 1395 3089 13184 26745 18004 33446 4283 5241 21781 39595 1413 15763 15617 7338 34489 5408 33249 683 30076 29530 33154 13720 19601 2666 36828 7698 10994 26819 27089 25642 8340 21977 33576 14962 12359 13699 35779 1063 16962 21061 7289 38552 31694 29361 3337 19410 1158 796 32060 5493 29344 9004 2257 24418 25959 36062 12152 4654 8152 34608 11905 13736 15287 23912 28667 30818 29781 482 14954 15024 33504 4182 23417 11452 25612 1240 25452 13563 5167 31570 25858 35780 20986 20 7232 32524 37307 19419 8097 1591 4267 39734 32879 35430 20393 3941 12987 30397 9123 29795 24936 28569 33966 8929 36369 21904 12835 28679 26696 34640 2808 17027 7806 28106 20649
18270 11130 31527 30928 19937 8397 13857 23727 10761 17329 35631 25336 32154 8026 17703 36799 24319 7114 35482 5965 13895 37112 6024 3651 21251 15653 10239 34405 5740 21233 16824 24765 16139 3930 30037 35862 20717 22615 34946 16694 3976 39800 18998 37363 1917 26334 24551 5552 20433 24809 17174 12111 1647 35750 18347 14077 9243 16161 10562 27812 32490 37528 26124 38171 5003 17724 35375 27225 18941 29290 17118 13378 30234 23777 34190 3286 17874 33799 6877 16320 4472 2496 19052 2558 4580 29078 26544 34635 23896 12666 33879 39586 14033 8537 20898 36129 23948 1082 6178 34557 16183 12169 22899 8778 7236 7904 38068 28769 14318 39117 32828 5238 17330 27009 38315 39519 29782 36377 1132 30837 13338 32783 1118 12156 26700 29136 9167 25618 24900 34788 6950 1146 10803 27883 19632 19889 30789 21123 33971 29989 31906 6279 38821 1407 26455 955 27622 3927 10721 4627 38350 2612 11316 9072 27490 21496 6876 33736 33263 32686 6383 34688 27506 15683 7808 25087 33907 1657 29043 6595 34605 39537 6367 33635 38277 31879 17993 21111 1739 22356 34664 14769 20125 31826 11012 32615 33357 13148 12328 27717 7998 19968 12218 29561 21189 35151 37126 17644 10023 32240
3971 355 35592 28280 31428 22764 10768 2958 1004 35961 9826 5930 34026 25986 9678 915 9381 7734 8784 17799 6934 38210 32810 16602 15987 2206 15844 3381 13535 38556 10069 34832 33651 33307 8529 974 26262 35506 9359 1881 23176 25593 5328 1286 15581 37972 5503 37814 21975 37485 11436 37557 3168 20561 12978 23233 21774 23846 23018 30723 14046 6196 4051 13397 33925 685 10591 14002 15585 5843 14773 16308 11309 18438 15597 1971 38124 18337 15704 19517 22102 18093 11529 7373 7279 31732 9629 38388 7486 16543 19847 8076 39429 32250 17533 19346 38670 21190 13973 1892 17758 33499 10726 5514 16792 10662 21488 3380 20308 30449 15662 21257 23822 25135 7556 19612 13831 4906 1404 8414 1496 18082 31674 31755 35597 35616 30634 13695 33910 37638 317 14258 31915 16326 328 8992 19729 25945 6664 21562 12096 20303 19859 15279 13054 28878 523 37535 21881 35 13814 30903 35965 16006 17640 26076 25832 12579 14296 19864 35009 39124 14398 27038 36923 9073 9661 11038 20916 39011 29855 9485 12151 16147 5872 36044 19761 24013 13999 11607 18207 30240 15775 7031 16237 28132 35493 33654 33681 12933 38740 13991 36543 13946 18991 31565 34782 13192 35701 8572
9007 29558 39178 28552 27825 29187 7630 23672 28843 22483 187 12409 9182 38951 3333 10606 12950 22337 1218 20495 32805 24015 16257 21628 4219 21668 29487 11053 13593 13848 12809 33071 17723 27204 14923 14368 7044 13750 14068 4287 7085 11553 3746 13519 35239 18871 33106 6317 36863 1329 527 13277 16858 23005 28896 34024 11983 35636 14921 8975 15742 17873 33805 22877 26969 14102 37858 17707 1843 11943 6478 25599 30196 29626 7007 24513 10620 2687 19350 33629 15494 6722 31933 99 10808 29398 38992 14144 26226 21552 38561 26245 33047 26979 3616 14062 33441 36766 26528 20283 10505 38016 32024 33880 34518 39077 12566 4088 4378 34157 35710 28981 26648 14135 18536 25007 22392 23760 16633 6913 12641 21241 26231 9807 16587 13318 17104 20111 335 30052 34638 39908 8356 6931 379 12855 27409 12857 8995 35642 9349 35723 39135 22001 39509 35972 20766 25029 27970 2208 39852 15156 27572 26331 14885 27879 10346 28287 12572 30226 2966 8730 1008 38783 10337 37256 1040 1947 5648 38993 15021 23970 1418 2774 5307 23037 14551 7458 9407 16560 38156 14153 3407 21754 33174 21896 13441 17524 33387 17047 33077 15369 28216 28949 3469 39769 6922 14110 1702 18471
6130 31103 36485 38295 19031 12335 35464 12770 39407 13675 11901 22918 36118 3990 9752 9201 39136 36412 36764 14228 570 29916 5903 9959 17200 15046 35653 32964 39727 29875 9593 32575 29347 14085 37967 36141 605 2210 37268 39094 21954 39633 23869 2518 34936 1781 2481 15721 23642 38578 14619 9387 22394 11609 39201 38028 22423 19700 6904 31048 4326 9269 33863 7192 32050 20850 33171 30933 20937 12396 6572 4667 11656 35104 15321 1668 20447 15310 2083 21898 4469 6600 20774 32227 7740 25351 30193 18748 34847 20775 2055 30534 19409 36396 25539 24262 9272 3404 7010 17821 9785 5131 8118 19514 16226 22741 39419 9819 32273 310 7266 37520 2636 30399 26628 10171 36601 34567 16347 950 36579 6471 15359 30421 21605 1368 8515 27738 13182 25062 32172 11618 19865 17108 21684 28058 28780 24982 31605 2459 35407 15217 32572 3035 37938 7075 25216 3106 39373 1353 8220 25624 28030 1838 7222 35467 36505 16606 16497 19618 39531 32377 36514 36997 13685 21084 7478 37182 3575 25083 33348 36760 14283 32388 23594 37057 1583 12772 15556 25270 21811 36410 4422 14780 1255 21776 32013 12629 4719 32896 6305 14775 24118 111 13395 5645 34972 38537 34723 17492
10413 23945 33349 33173 36904 5175 33109 23139 7378 34426 26655 17193 2153 21396 26113 36484 29060 11727 16038 11422 21725 10749 36071 33202 34541 10219 19499 28341 16150 16270 5819 25409 17623 35848 24318 19550 6298 5446 38148 34206 35390 34220 26735 2730 39582 19234 27187 35878 31440 25516 33060 13121 31312 24993 26867 23911 7799 34503 37541 21382 18579 7626 8775 26981 23545 5066 21372 18679 22217 3598 29774 28281 15380 18168 39679 20843 29695 7747 39598 12939 39090 18684 3957 13827 31827 7023 21717 13194 32583 14617 24330 8016 9275 36907 23906 38804 4366 31909 14687 21563 22934 7781 25960 33999 5116 2339 19546 21580 16799 16125 23847 13403 1485 24037 23181 3328 9308 12618 13684 36384 32337 29946 35434 1182 29898 26622 22596 1429 23792 4584 16757 10093 20953 3095 23834 25958 33469 25901 28422 9223 18493 29800 6000 1033 21253 10467 26678 22971 36740 26223 12567 35753 31675 30720 38525 7459 6541 22845 31228 35686 37194 19274 12837 7273 25596 1445 35230 24045 35764 30748 37308 22185 3369 36854 26246 17091 38411 39668 28003 21082 29354 13842 14314 25468 9113 31225 18987 13149 19454 37632 9484 1859 9588 13541 21823 10453 11199 15067 9708 34404
21147 17480 29362 11785 8631 10172 31363 5015 11665 28631 24863 11323 13583 36223 25940 25855 14976 31126 15223 25694 7732 37267 12920 36914 33250 27829 8228 34549 31096 2953 35533 17881 36743 16017 23931 6642 18170 31615 13835 21931 6560 32762 22299 19356 37316 24732 39266 14747 18063 20523 15418 6083 31013 7397 15942 38501 3362 3194 9429 22110 32532 7267 14312 1567 19542 33412 38258 2727 13612 36635 5077 33474 15529 13667 15074 28778 27690 25590 32157 17910 30014 31405 4183 31366 20723 22284 36090 3643 22787 5490 6235 14255 29393 9963 4821 39386 23985 20366 16313 16995 17426 4952 2556 3059 16033 38757 17062 30977 24623 8595 11816 20984 30901 26818 9824 15762 14321 23546 6260 15536 23592 33400 35444 27831 19731 14848 29478 5816 4114 38256 18759 33748 17078 14817 26102 39019 8759 28398 18620 12637 36399 37184 30643 39285 21244 28687 20652 5278 21094 31387 8223 11701 28183 3884 23910 32557 4470 14066 8252 31653 30135 33419 4076 12763 19553 22079 10663 11675 21437 14918 39216 2604 2190 23606 14211 17475 11302 32103 36274 20949 6461 17646 5925 29901 5073 23813 37160 13024 14197 5918 37799 37591 7905 37449 18706 32641 27523 39513 4555 31746
8674 17249 20363 29961 26467 27700 16471 2228 28523 10953 17585 24385 9550 8748 2437 14219 18146 18050 1911 4206 25583 486 23311 16696 20116 6704 302 34784 35641 28848 8105 38777 13760 36455 32898 13409 580 11065 1956 20541 23993 22353 17163 2917 13761 16030 14753 4083 2865 7600 19096 36122 11471 26997 38930 17819 18745 24272 20964 25159 18654 34969 471 29322 23453 21803 7991 24597 27041 17856 29593 6343 12812 24244 13466 34651 30464 32616 2769 38192 13677 7107 30300 15849 25211 11883 14092 18074 8041 14693 23925 25436 18591 24930 35726 15755 25654 30750 32175 39334 20573 430 29193 11783 23803 4619 39971 11881 28096 8927 24541 32384 15270 36213 19054 16972 33770 28366 38608 19481 1357 38929 3324 38153 12301 32171 10298 31942 6208 18736 35876 11011 15129 20431 18362 21826 38865 7961 31855 30056 33882 39551 6874 2761 25582 28075 28156 34828 7624 14424 2199 6495 35329 8359 19732 28634 4566 10120 1891 22567 39677 12256 17451 25438 14832 6632 26851 27850 36502 17044 32380 22199 22901 3806 38344 18266 2486 5317 20501 38339 22440 36309 9131 15434 23588 10831 13151 18559 26126 22117 18013 11462 12 4044 24430 3150 12407 13106 10240 17170
31920 32721 6538 15419 4844 7862 11363 7685 25933 8888 24850 30259 20789 21256 5686 7182 37702 19792 30093 12035 26114 17267 16643 17971 37760 30604 23977 13313 16904 13085 25131 14652 18141 38999 12990 30605 11766 680 22220 1902 27156 20291 18982 26536 15192 3068 16012 14112 24788 14690 35546 15265 4907 8816 34390 26219 16221 16179 3213 20750 18981 24992 21200 37838 4839 21297 15054 23384 19590 4501 25941 6426 17804 20636 20075 38675 24376 16772 19824 1023 31984 20527 34921 11342 32088 37497 17188 956 24671 3184 19245 22135 7988 19571 3112 7639 23172 19650 21752 12609 39412 31806 11515 38743 7227 35003 12146 20498 19675 25097 10851 18820 25917 18428 11307 22988 12921 6322 32350 109 11414 23179 7583 18203 36355 36969 13363 17065 6207 6809 12197 39528 36782 23421 22115 26128 29852 15500 36498 23101 15532 34967 36796 28101 34948 39399 37550 15965 30690 15734 3675 17815 12107 18434 19267 36719 3282 438 1521 35854 15943 26414 37506 32327 18906 32980 39345 1206 13963 4762 38144 5717 26437 11570 24785 18002 18007 34400 13472 3042 22990 19755 1967 1896 24800 3858 1725 13864 1544 15649 8226 2445 558 36928 23042 22124 3447 11992 25329 134
7607 32079 24950 2123 30297 27938 13101 32565 28124 25469 16293 6070 12536 28594 30752 15431 22703 39753 795 2309 9459 1377 15085 36954 32901 4062 1764 17706 24451 641 9802 33853 5336 19997 36866 1714 10304 5848 32292 4851 34676 28033 18 35200 37593 36607 8297 25966 32249 21425 34435 27564 6286 21966 24294 19611 30767 31769 36201 11068 37022 39776 5913 7759 32251 17832 33532 19210 2165 27727 16939 8765 32558 10314 8309 15658 23190 35985 32341 5585 6652 15764 29055 34297 3904 30581 22478 27292 32441 26306 39976 34685 27473 24226 30696 15261 23509 21595 28343 31046 17015 24044 29995 29345 5226 11829 1514 36293 500 36888 24725 25121 27185 6895 24024 34478 21800 28928 9942 1898 8637 8884 28912 7981 4782 15799 38180 8882 37932 37870 31884 33188 202 32161 24100 34131 38170 13435 28562 17354 35516 30629 36086 602 25988 24101 11975 5146 31408 5624 28399 27051 12284 19251 6166 23547 32121 33518 30112 37698 1067 31672 35905 2368 28252 38603 10143 29489 17275 23293 10546 10237 20468 36979 29799 12150 30355 316 13874 16443 7080 36225 25861 11689 31876 37685 15146 37771 12864 36859 19779 3280 35124 32930 21312 27685 28682 20686 20245 13401
28741 7571 1740 3738 2276 14497 12605 39824 37688 27649 16041 18555 12840 39138 11565 34732 9385 17975 32464 13415 21641 13367 36343 28434 2171 1919 6141 29994 9399 25836 16635 36207 30256 27416 34971 37585 20568 30413 24489 19945 8187 4942 12200 2711 22617 24547 37641 10910 9488 4974 20744 36503 38653 31990 2872 4970 15017 15122 37969 2509 28321 14474 26281 10187 13039 4289 4961 32673 22634 20793 6585 27425 30713 13783 14319 28288 20647 5087 7795 5296 29284 26144 21666 28748 36264 4197 37898 30351 9180 37526 39951 32526 37204 37415 13161 27381 2601 24871 3306 39027 12022 26426 20712 717 12171 12281 32622 24095 28815 32395 4140 6339 24404 8057 4147 21466 15318 6153 325 17499 16085 26994 34670 8277 8279 18899 23660 12157 4333 21538 11518 21309 26039 21089 32642 33353 12689 1085 31236 26961 2780 19868 15521 29966 5028 2073 34036 1930 16504 21855 21797 4196 23960 1260 14395 4651 4686 1379 5472 15348 9670 22712 37352 6968 19281 33143 22915 17783 1539 10369 39820 13083 4493 10903 1278 5120 23178 21519 7042 33004 31269 22345 3206 22258 29607 32267 39408 14928 33716 3663 34366 12879 34479 29703 23671 18976 19463 32370 1361 10598
23021 36849 16128 29694 320 5787 21119 30181 13513 5329 14480 13709 16808 3556 8833 24460 32728 25616 29797 38052 37104 21939 35114 8553 7291 2071 12502 14695 10859 9086 36183 22118 21569 22145 9814 37064 850 39979 31244 26498 37752 27795 30945 36696 17780 4735 29069 12756 25414 5507 18010 5454 39712 27640 33687 24134 6023 4012 33452 33801 39732 27803 33236 9305 13045 23528 21969 21414 26849 36663 27050 14503 4642 32947 13025 24910 15274 27493 34577 20985 4578 18519 15435 8396 37936 13453 26411 38439 22488 1075 28907 13866 29624 6766 33078 24001 27599 36303 3016 6063 32291 3567 22622 25047 16706 33145 16767 30573 19961 37968 20968 4653 253 10820 2778 34990 13317 10362 946 2640 17013 7801 34200 9199 5907 13354 38325 36008 8445 22947 30424 24933 9601 5988 27882 2529 17500 35105 25806 9582 37751 4665 29605 38705 5091 39020 29929 8112 3331 35235 34276 30961 6246 35064 24498 33807 35319 38764 7337 4460 7300 7775 938 33600 10080 6152 11123 24510 10489 5382 28744 11497 21500 16572 231 10746 8702 18151 4429 6385 9861 5644 28970 12026 4872 2141 9394 34555 24670 8704 31180 11248 4595 14988 25443 6686 35891 19882 36019 24589
34865 9561 153 14608 35829 25450 18458 7400 13323 15731 33135 38040 24503 10124 23207 2158 29648 37944 35323 25035 7830 34833 10105 281 37042 21551 23617 22705 34319 32245 30732 6745 1973 27651 38996 1627 11216 7141 38566 12614 19254 7431 27441 7393 9094 37002 36330 2482 5308 20142 26037 22407 26563 35935 28080 12362 14767 28488 35376 38736 29655 26349 11047 8616 22683 32760 3137 12132 34526 38166 19112 1615 3266 37994 25726 15827 22338 29522 38217 37129 9376 27871 3984 10181 32258 15954 18381 18692 886 7645 10919 34301 3799 19574 7257 29405 37917 14475 22447 2002 37174 21789 5814 34626 11653 25363 14190 18641 16301 12309 38371 358 37169 37904 21807 26353 1384 4225 21300 16807 13490 9365 24243 31695 30279 27328 9127 24093 33086 35938 28100 36746 20047 31 34677 2243 9578 14425 7995 25665 38964 10249 1392 30378 23670 18668 29454 37114 16329 5830 686 23618 26892 28695 4458 6119 8169 31508 19066 38591 28088 31930 11412 18807 38372 16371 22524 7288 2506 25978 32301 21893 38857 32105 29588 10044 1081 14806 4061 38532 8357 8942 39540 29029 14527 30796 28810 18327 28918 18734 27811 1862 23990 38681 31607 32445 30852 36562 21286 3164
9779 1855 38898 30708 39703 15368 38680 9099 20941 35499 19972 4551 23119 4173 34751 7058 39938 3776 5103 4875 4975 650 36389 16521 15555 3123 3728 15107 3155 20500 11352 5193 20453 11447 2261 34721 9773 19227 35798 11202 369 28607 15489 13406 37163 5204 5232 35519 39471 16488 4662 27053 1320 19539 6404 31770 6302 31788 36350 11577 26509 15650 12418 27989 29528 39188 33648 5584 31901 6818 4593 30853 39661 19022 39506 28578 21833 29488 39801 25487 16499 17935 6605 19339 39718 24684 10076 8764 4009 13834 25510 872 11239 34970 284 21652 6473 22562 33408 23395 11536 17505 21526 17088 11562 5354 19621 20088 18515 21037 7243 20936 31874 37445 39014 33355 18905 7547 17625 28643 3107 23399 4884 21706 8768 22313 1152 32373 9325 7052 29293 16905 22276 31116 15479 34717 17581 207 14585 2221 21073 23892 37666 378 12045 6193 17550 861 24084 21626 11695 12564 629 3389 17574 31419 39281 3743 32652 6026 4178 34889 24557 27104 34320 877 21302 21416 20298 2467 10497 7285 22431 12432 1401 9414 587 20351 15994 396 35476 22427 682 19634 29571 28923 30 1034 11336 10281 27876 24333 4039 3749 13953 28311 3705 14170 31976 15998
36575 4610 27672 23982 28521 37889 34585 17259 9093 11419 30453 3181 12055 6624 12535 13139 39157 33761 18113 39527 33347 7896 36649 24222 39728 28754 11755 3673 4801 17077 30686 7011 11387 6977 28283 6849 16213 5838 20287 19712 13518 28794 20902 27270 21735 18651 31324 38152 2927 13887 5215 5939 24995 10340 29817 5858 6267 14587 1242 39752 24751 23647 5437 9157 24309 35466 38554 30284 27973 19778 7766 20180 12091 22265 28259 19510 39095 14741 33040 31875 12517 22788 15784 31065 30341 38572 20069 26428 22305 20285 39398 2992 1267 21727 29061 7305 5388 1645 34445 17278 21723 37753 38974 667 10367 24070 14155 21326 12651 9901 349 25770 21660 6557 6805 21399 23400 15592 1009 26312 36580 18913 30138 14373 15116 9398 761 24392 5424 496 9900 20215 14413 24249 17965 28400 11989 35872 21156 24428 22870 8869 13942 24427 1605 30598 19253 7752 38142 24123 34133 4304 38612 13847 39060 32943 17947 27945 12755 37906 4296 8533 30526 1339 10825 34039 12187 15175 34340 14632 9141 20991 311 11233 36387 27015 11295 8123 28000 28633 19301 23674 30407 27806 5247 13870 29682 39635 17820 33243 12290 25790 35012 26673 5762 7655 19656 34096 32891 25500
26193 15104 9034 17607 4170 16291 23701 11290 3938 16683 24780 18927 944 37982 17264 35072 12223 34150 27037 33388 20558 30185 5517 26116 21627 27793 27347 10437 19145 26447 34102 39076 26273 31597 17394 21958 20262 23942 2543 4269 10900 31583 6626 22843 22419 29507 34344 31845 38629 22654 28595 25240 27054 17595 30716 35093 37852 38335 10246 34810 37667 13533 13326 3312 23157 34339 2937 11645 26236 34947 7916 2438 12757 15226 30134 7354 12532 15682 24814 23066 12800 23276 32848 30030 17003 36077 32677 2615 18127 9883 36319 13493 21491 26293 21769 15411 23470 16666 35462 28364 20585 16854 28195 23419 5177 32362 33981 27376 3581 9989 26744 38808 39827 23628 18157 15691 24338 21962 17070 34846 5497 3077 27741 14710 10518 30545 19973 5509 15075 11 18344 39348 26855 36624 39142 1922 19956 26862 37224 9438 23525 32931 24173 13484 30486 29842 18452 6767 19977 23189 27182 12672 11454 7553 38514 4411 26914 6663 1272 5628 7863 27296 3245 21039 33119 31749 30993 3923 33082 38222 40 26965 31618 11063 23444 11997 38828 9289 2344 15957 4508 9643 6891 37413 30212 34286 28046 16546 30749 22720 20637 17861 12882 9759 4769 25347 24588 27110 34789 20304
28766 1487 28219 314 17403 32900 27848 22919 9068 3982 35744 26000 32584 36733 30980 12791 39724 30107 5863 30492 2443 32718 12126 32095 17594 21829 4406 25069 7771 16786 1427 16662 28573 38145 28273 27380 4034 30929 38185 5365 37386 7490 26639 21549 13633 3020 19809 19815 3703 26216 2789 32196 26809 37745 23975 10412 36975 20703 25169 16467 21130 21246 9528 29944 1966 10563 2395 38792 5637 9904 36064 2291 30027 29644 1743 2830 32706 29433 8222 8842 14811 17812 36465 5573 11115 27547 23613 29632 11517 27263 33666 5406 12398 30454 714 38285 9290 24442 37359 1622 450 38778 35027 39781 35355 3193 29975 25826 30844 25193 15073 6227 16574 1074 14027 26488 22130 6493 16620 39371 26065 20751 29700 12773 23371 21457 8983 8548 26820 32912 33393 11081 31295 28980 13666 6237 19086 26259 5727 21940 9014 17717 28825 23409 17036 9416 19359 10564 32505 22621 2720 13325 22259 21462 1502 13407 8829 24893 29131 5425 19256 31859 38869 37143 26077 33862 36776 15706 4870 1829 32552 28708 30830 36113 35571 39092 21122 33638 538 28600 28958 12325 20025 21295 29172 19636 29874 26525 24999 24010 39370 11073 38790 31840 34917 23751 10616 31721 30815 3373
19067 16932 19197 18808 10654 4438 37608 11574 1091 17748 13994 1253 16656 29186 11158 12883 35521 24739 39264 9267 13343 69 14192 25503 35879 22172 16864 37933 36872 26916 9911 7223 35531 35505 32932 38446 36625 38966 8186 7631 36910 15847 29406 7241 23624 13105 7880 4386 15032 20533 7303 12591 4482 23648 18770 7159 38766 9756 709 30547 25893 26970 28059 12252 30974 23943 18956 5558 1172 20404 29938 21680 3247 6319 21274 37820 14307 17039 27997 10744 37008 18925 4151 3539 6243 6221 19587 12726 29685 24990 16260 39315 12036 18717 32439 19314 33786 23206 10954 8919 17348 20782 31836 28921 55 1197 37701 3495 15714 6180 31883 7890 17431 16708 31443 26903 10293 20517 38861 10480 39049 36644 29501 24968 25285 5089 1454 6230 25711 8033 33792 11985 15992 3965 26035 38842 7433 4745 32119 7545 6159 9140 34299 10642 598 15526 17545 19817 37469 7687 12315 14331 32874 13119 5376 32764 10004 39765 23096 39392 32853 9898 28293 8690 2112 35987 28112 32270 488 2020 882 9469 31552 15098 11773 38159 26535 37841 15630 5007 36995 10908 6612 29368 19686 35403 34791 14329 4345 28251 38671 35108 28961 22581 31582 22430 18322 13799 5540 14804
17926 21639 34899 29050 20748 6139 4116 30988 31944 2015 23816 34063 24981 26318 6700 18421 26164 32922 33846 26968 30921 8204 31636 31430 10051 3849 18278 36742 11043 12762 10061 31717 24957 34010 8332 17238 9542 21559 21024 16058 16875 1141 37052 674 17742 3624 16133 26502 26394 6957 19984 17082 26557 14074 39158 30221 33828 23463 15049 24861 35090 36159 37020 15956 1938 19355 9566 3744 2356 21808 4960 14495 2984 3542 35704 39239 31399 33312 35677 31350 13998 30358 21631 7156 24126 20756 34659 8344 10665 12385 17333 12778 17904 4787 12467 5144 9794 23467 37863 31306 18896 9049 5415 12405 12133 37678 32081 7462 4780 24323 17929 33497 34277 39105 31560 39933 27739 4431 34762 28206 19388 17704 5944 18424 16758 24667 31187 5973 27705 34956 39099 38550 30117 3981 32745 15288 19204 15209 29404 8845 35614 22183 815 21861 39547 21505 15962 39380 15823 3244 4217 34324 24360 37515 5544 1151 34940 20019 26008 5058 23248 21762 2919 9849 22875 27540 22839 14098 14421 28029 4295 10519 14825 7255 25020 4299 35210 3606 23356 27645 39788 16249 31692 753 35763 37242 25632 9187 15228 39320 35301 21576 25307 17101 33413 28130 28019 13728 17822 2194
11657 2379 4279 32819 20443 26950 35401 24179 5565 10456 27912 23481 28390 25167 35651 8774 2794 27085 35340 12191 15871 20683 17586 19733 25531 24652 26993 25764 13625 21689 18393 29494 18653 39096 9507 1683 8229 39274 18630 8713 36590 29224 33507 22342 8566 26743 15988 39498 8278 2571 39884 22218 1621 183 7900 37254 10176 23093 20198 6142 17110 39029 36252 21132 3862 2545 15087 15062 29085 4186 39721 25751 12633 2536 15210 3839 2245 18258 1893 5877 7942 9189 13430 21542 3135 4882 11102 8605 8865 27406 10499 33266 10713 873 26478 22976 9060 22127 11870 16714 9620 9500 13211 24515 16659 26106 26161 13586 27608 28194 35128 8818 22897 11008 21590 23040 39203 31011 12282 3592 34326 39891 19770 27715 24224 35996 22695 1369 10795 7947 10493 11039 34253 14529 7038 32984 30225 28036 15552 37333 39920 34137 28133 37436 28823 216 38119 35585 18055 29079 34311 30004 28745 25681 11821 13752 17583 1166 456 12443 9527 32994 34887 7406 15819 10262 19595 38638 31666 31529 2712 28506 23983 38507 25117 31988 10589 31311 35134 13734 34891 7579 38448 39946 34675 19338 22396 3257 4823 6378 37355 3962 39627 39928 1863 38071 34422 1071 30343 13590
37138 29980 8158 27939 39883 6669 38969 11318 23507 5102 5165 21602 36409 28345 25099 39210 10951 30910 8393 23527 16948 3779 15405 12341 27240 27339 30740 2551 16334 8735 7714 38506 27682 7281 35547 19053 20430 15859 26177 33195 8922 11936 23836 9128 1220 23169 34001 33302 26852 22857 5737 8825 36700 1466 41 713 16142 39233 14645 9331 22207 28666 7200 25527 6177 8903 16900 20629 19829 14356 15410 23876 30307 35384 18754 14837 12999 15293 35361 15324 9737 6370 1788 5963 24177 12264 32939 20192 18299 11446 15625 27894 11223 21204 35662 24755 19414 9838 6548 4706 2674 5475 14836 6244 37796 37030 7263 30198 7355 14860 18414 15470 30648 30041 29889 33577 18789 19158 15924 18865 23732 10806 21125 29222 19365 28478 36060 12371 25892 7384 34500 21452 32375 34998 32769 11964 5239 15498 35803 34610 9375 8065 2710 22555 21600 15036 36778 35164 19235 32628 22088 10035 4193 28581 28231 12010 30408 32425 32601 12347 16500 38834 9203 27577 34466 12581 1659 6285 28006 22136 34859 13202 36752 38143 26683 26695 32281 2365 15397 15447 2697 24512 6395 8258 28713 27237 3537 19065 16446 25961 8972 7731 4309 34427 23177 29255 4097 12590 348 18798
36167 3816 104 16369 8438 34236 32228 22701 25899 15875 39030 31917 15275 7122 26786 24158 11528 15061 36837 13072 28199 6556 14108 16288 36367 33599 31586 9015 33997 168 5297 28169 1488 25466 8771 31893 27583 31970 24047 29238 29773 1712 11507 7416 411 2059 15373 37527 7609 19838 27012 11479 33299 32491 32801 12997 33490 34633 1306 16749 20302 20827 30857 31581 31639 27714 36073 32599 13520 25165 28963 34704 29861 9118 27887 11221 37886 35487 33376 15358 27010 18221 19403 12795 37450 26326 36806 39983 10383 5492 27003 18257 15366 4479 32215 14613 8805 9562 38805 3153 5992 19260 960 755 4184 25800 8014 18867 25943 38403 9916 19332 23087 14308 36308 21055 31327 37651 615 14505 25611 22230 32234 13700 28790 30366 34826 3236 27223 20590 31169 34957 39215 11107 14239 32435 286 21919 23235 30635 8655 15113 19172 18884 31219 659 5484 17177 13064 9095 14815 26397 17813 34988 28116 28470 22208 32544 12695 36639 3721 31958 1084 7420 7989 21482 22718 1748 22542 34820 4841 28144 27230 2198 1235 32751 17638 21072 34757 324 6442 15958 2956 12469 16269 34811 34211 30288 22515 12694 32206 37229 6084 6845 13217 12244 34243 5690 3950 29958
13639 9928 32489 2411 20064 7575 4991 34829 7513 34156 22904 20874 29962 31449 14478 25138 7095 5479 18245 11837 37135 10119 39324 3550 8629 31741 29823 24650 5359 22884 39704 33633 36059 31628 7700 25647 25077 35016 13958 21957 20217 17503 2771 9698 1380 13988 37785 18881 13284 9456 9218 24199 37055 36178 2630 10648 39129 7060 26260 19895 1452 11503 22144 9334 32640 29702 33667 6924 34857 366 21592 10295 32359 19058 25393 14526 5476 21759 29348 14554 3758 16439 37356 19764 13331 1680 11544 3553 18391 13425 27633 5355 28653 2918 3681 19647 27535 39368 5295 14090 31987 10031 21260 33901 7929 27503 34486 23843 16917 1787 9536 26693 19520 29268 3803 37620 37693 5936 6304 14214 11960 91 2041 16732 11188 9835 9638 12884 4048 23956 37583 3535 3082 23653 22879 33881 21895 4867 31297 32322 16473 1041 8482 18188 7117 22384 5199 16112 4976 32306 5666 24193 28858 19416 14770 34806 24447 38242 18718 38689 12498 35111 39358 24790 28441 30577 20185 17316 9253 14479 8333 27597 25162 10807 32933 36001 31251 39862 23223 34870 31188 32568 25514 37940 33479 1056 20962 7425 2263 9596 9169 12170 4157 5997 17411 36055 32518 32389 24699 3890
26905 27799 13049 15179 31663 8266 16945 38720 3724 24400 39837 30463 10588 27810 17853 29675 29314 6817 39282 2874 25271 23076 38452 19851 22981 31294 26248 27924 3979 20061 20648 7063 5761 18806 32816 34839 20893 21667 7436 2733 2923 5043 12716 35115 29373 9949 32756 106 14044 20825 11543 19264 2731 31950 29410 4663 12724 14326 1727 18680 32495 6187 26430 39301 10431 4308 25984 10139 29537 1946 7377 17398 14322 39082 25459 17998 9919 12339 16911 29999 7180 34734 36065 8144 9212 17304 37039 19185 13784 14407 2490 14558 38940 26440 32547 34615 13936 18900 30434 13961 24268 29072 31787 24465 25356 5902 26740 31217 1681 27324 14218 9220 16674 20222 32030 924 31547 18047 22582 7710 13947 26221 23621 14169 8068 38885 10531 5591 36374 34916 32091 27423 3905 34100 19104 318 31868 34182 7738 32907 8430 13108 7395 15244 24012 38273 30356 12369 34368 16669 16539 1901 28292 36004 10520 5601 5372 29622 21403 6110 11786 6035 32416 12488 6038 20536 30791 39464 3405 11131 15701 16526 17109 15153 401 34090 7093 25340 25706 23017 15273 35839 36861 5047 14610 39064 16505 27668 36382 24796 37788 25779 9574 20010 5009 26255 25441 32983 11910 7821
5909 20312 12086 4614 18275 37711 37332 19092 12462 32512 6878 12930 38855 18777 10717 39439 29670 39 36438 26472 20400 32294 25482 32265 9222 11333 15983 18158 31371 20390 14251 12973 2902 6335 15039 4401 28995 18831 30802 29541 13727 17649 11332 6580 32407 14122 12492 25377 26649 3690 36682 10027 7912 19250 31146 31143 38730 11145 1446 37961 33092 31348 4756 22132 1238 26112 22863 27998 9175 18760 22355 19168 27625 6480 34029 30779 31590 30006 19429 3688 39940 37827 3229 15911 36853 21676 28948 27975 4399 31256 33423 25765 7805 35628 39639 32112 17215 19269 11504 24011 25825 26072 38447 39545 26185 27413 6887 3874 38042 7648 22672 34341 5386 13923 32153 7894 23935 29138 17879 27092 31854 2828 25578 10818 15119 13362 21391 37568 22551 24499 23921 21304 30574 13512 16728 18516 35069 10112 39113 20386 10545 14293 19930 18805 23377 18713 19015 23786 38091 26131 444 26011 22257 18762 2783 39714 33725 30317 2370 33783 35607 21841 26007 14157 32344 10434 27427 9662 36286 23455 3810 2793 8019 32707 29188 28548 28724 6363 28550 25608 23030 10578 8378 14501 7275 3487 12303 18256 25313 5778 30258 18041 7265 13414 31992 12531 26451 31832 38026 38317
3045 7829 21574 9704 34270 21918 32804 16408 9618 14361 27991 39675 13996 31703 18387 26342 13481 16800 18541 27183 6670 21749 17848 28690 37221 2422 10615 12698 10270 23995 6019 23110 28965 3992 10986 22446 24502 36056 21499 23994 4504 18361 28022 315 33352 8241 15330 807 20052 8262 17763 30681 9893 28002 18052 21129 37988 7737 21506 33643 1610 26420 29068 25000 29642 2866 34890 12515 5350 26878 172 16755 14809 20791 22552 20406 21379 31503 403 39362 22726 5956 29921 19290 15121 31480 35306 22783 28298 508 39669 16344 37650 23129 34981 7696 32560 11631 16842 31033 33742 11001 26546 35442 10487 13205 14303 23540 35470 39851 14552 9656 8351 36462 38488 11167 28248 23420 16165 10549 36388 15621 10116 31283 25684 4400 2973 37908 26598 30706 1940 26803 599 38774 27168 9076 27817 5405 24166 12028 4344 810 29508 31955 10454 8667 19896 39491 12129 38649 14167 3617 10498 18997 21697 5020 27248 24943 7959 3548 12833 34189 21770 28250 24907 20083 3470 37210 37056 30200 12719 22952 21092 14533 9856 25495 24483 3919 10770 24296 28838 1494 28358 775 18430 18878 6114 39141 12227 1287 11808 19134 36356 22481 2583 7735 2292 30159 39196 25327
38396 8405 27863 19219 9510 14846 11968 35474 11160 30043 20065 30953 31744 34520 6312 31289 15608 20883 6830 14723 36857 33955 30595 31463 34632 15289 18488 30763 6526 13659 15655 8325 29014 25908 14 33984 39866 30382 25312 32475 17384 1226 28603 13836 14325 4363 5119 25191 23410 24826 3909 26205 8609 13058 5688 29816 27374 29745 5121 35974 18577 39199 34252 24152 14959 36480 30594 39967 2485 38281 21018 24516 7585 22054 2148 37629 33569 24659 20032 13228 18044 18742 13654 9126 33639 6758 26398 34325 35967 24563 23586 14449 32440 20562 14275 4524 1300 12893 23532 28210 16988 17719 37027 31768 5937 7852 6522 32809 7318 15220 12702 9476 11874 13456 14782 33637 1745 12057 5191 36889 7816 14612 8781 3974 1043 16289 15184 35859 31784 14997 20922 658 29829 29759 24903 36961 32008 34758 18858 19718 20773 15607 4887 17214 13581 31462 26071 3415 5498 18096 15698 15416 39966 940 37801 6848 20394 28420 6671 4858 29280 28205 37376 33513 15741 23986 6264 24523 33541 33699 37482 28482 14053 27260 30964 12628 32412 20145 3008 23136 5638 6300 4228 9788 37715 3978 8754 1986 29234 22903 26599 4137 30781 39430 5658 33806 16631 20148 11854 18176
3830 23170 33696 5600 14689 25644 9103 4954 10291 11733 30527 7826 12106 21474 2554 28566 25178 5625 33665 22600 38995 3931 21607 15502 30265 37584 25464 27573 35577 10488 2374 33438 23039 37136 7408 29372 23909 21394 19391 21565 3365 33252 31347 35886 746 39829 12480 13729 39561 16123 32669 32993 14964 24847 1169 1302 25584 13536 4167 35364 38410 22648 11314 4201 30729 14473 31522 33415 16989 26715 17022 8951 35031 18622 10633 33816 2676 25522 12009 1432 8021 7410 38570 6219 2564 24397 6203 25717 28821 30146 30887 36787 10016 16760 19300 26032 26055 2504 29969 639 8576 24836 2058 25931 11744 1224 33014 5384 9753 25766 4510 13497 11408 28333 23219 30548 21695 24213 35578 37976 36582 10303 18441 17208 8822 38331 14442 16534 39993 33134 17247 25310 8416 6802 39458 10880 39287 20385 30880 19205 39834 4785 1955 13483 1142 32885 13905 11146 17519 24144 20854 28381 8384 39934 36705 25541 18816 35424 1303 36802 7264 18068 32401 29620 34129 16859 3406 3559 25215 13706 35634 37191 29221 5984 39451 3898 26147 182 3250 3766 23202 13494 17691 5137 9492 21693 4111 21004 20266 16224 12423 20234 38138 22838 35458 19004 3409 144 38246 30532
30321 16466 25829 10311 14803 10320 12824 32170 38223 2904 5148 15972 5695 17471 34378 34360 4765 4681 39356 17433 35919 31643 30184 36329 51 26300 16909 26425 20000 9541 21261 1106 7392 10425 671 9446 33201 32264 29772 29242 22770 10947 554 39975 32844 37757 15229 11584 31404 11987 25366 11899 6284 22949 16040 22693 20152 11763 18824 33758 6896 1771 5351 3811 27819 23708 37903 38585 36724 34488 19044 7036 8980 26158 4622 2367 23667 29971 28045 35930 16565 33327 13826 8061 4261 36288 2456 25756 13608 36638 1096 35838 25997 6067 18825 4312 22922 9401 29714 25173 6673 9981 18937 37734 5504 9961 23156 11389 23299 28987 29894 1133 5227 11743 26756 8053 28647 31488 9554 5187 25059 23255 15544 24471 8698 12624 26537 36701 17184 6972 4059 17511 29049 30485 34485 39054 32072 13081 20139 3004 18241 35836 13305 22097 7323 3083 29591 37840 1979 2751 29119 15252 27654 1311 13856 3269 28830 34283 15314 5948 11383 6056 2677 28885 26464 35514 28496 16971 39909 13423 39382 33894 18648 30644 22225 9371 5793 5468 15777 19008 10462 16255 18875 6512 123 5097 29931 27962 10569 11524 12708 6705 12451 7529 2696 15783 28646 18196 26917 33771
3026 18889 39052 21495 13245 3307 24377 16117 16245 34571 31342 32371 23368 38632 39328 16126 16240 6901 36994 563 2890 6774 23714 33242 27483 16199 7301 23241 39743 20519 7123 933 35743 28233 12105 5319 6875 18339 1086 18665 17784 15497 27135 15239 6638 15961 22837 19743 3618 38902 4265 11819 36897 39235 39280 8304 39844 21941 35527 12870 10886 6188 20315 22240 37049 38035 7173 9875 1606 740 341 18733 26925 12019 4946 17823 34759 5798 23152 36871 32851 2254 3647 19202 33945 596 38364 25607 19581 30230 28307 6144 751 11680 29892 32531 23570 24366 9676 2217 34654 9039 22474 16908 16264 39502 32776 15710 31051 8879 9899 6763 33730 24573 14118 32398 33023 657 14517 24712 23748 13140 22643 8099 16285 39523 31952 31613 4241 34562 20903 40000 23488 36014 34514 15281 17840 27961 15283 10182 5592 13682 6811 32665 37744 27290 27665 11298 30118 38814 13705 7985 6355 39372 10271 13599 3565 27184 6630 2852 2567 3900 8498 15003 36136 25564 33390 16929 18861 1907 21411 31136 6185 24033 12623 38530 13273 7641 32670 3460 38700 14246 38486 12908 28926 28943 1918 27910 8027 33026 24595 30579 30621 22982 617 37810 24251 14244 34873 23919
9019 2197 14673 32222 32279 3261 34241 17103 22517 2070 23429 9132 14468 30859 2737 12927 11111 22691 37260 37980 5455 10409 8070 29009 28913 23349 3835 20334 31304 22485 27071 6850 31018 20057 37098 37522 11879 38919 12700 26734 23266 38209 14548 12601 25413 28239 24492 16650 35244 7013 24532 25365 30808 34204 11122 27424 17305 5436 20338 30435 23124 25743 15216 25736 19220 6764 20242 5915 34584 26474 9112 33871 35804 25395 23952 28796 7169 1728 24087 30918 26670 17768 32260 34044 13631 12630 33908 13165 2088 36304 5971 23346 31698 23046 23954 934 28557 34643 12777 20832 1205 28063 1247 21447 5835 935 14399 37880 8110 3034 17390 22842 14861 16503 5105 9538 30990 6618 26142 24793 4963 22242 33734 17230 9473 10695 19297 33695 28 32110 15396 12478 11143 292 3590 33991 4146 37216 19354 39524 24189 37218 35593 181 2672 27288 22251 34184 31685 8912 11308 7987 16121 39911 29046 28519 35386 15860 8866 11089 17576 16946 24325 28609 2429 2369 12847 20958 1589 7394 33757 10046 34583 38779 18184 5025 25951 19811 1461 32078 33502 18675 39294 22334 35725 22190 11104 2351 10918 1093 36814 13619 26335 31688 11500 28076 11621 19435 19724 33332
39131 8821 16113 20624 36182 7109 25964 33211 19384 18658 19552 18237 10287 23302 35426 10164 33663 19420 2378 27234 16973 32193 13068 26904 17755 24183 14728 38963 29213 11264 27448 14096 25560 14972 9029 36273 9255 7418 10973 34552 20428 30608 34246 32533 33941 23537 23964 4209 7002 5333 23376 33205 12214 1441 10809 36981 25171 16667 31612 16181 5266 25868 18589 32950 15144 8214 5125 28945 31200 28685 39402 32044 14579 3182 10810 19130 28115 30040 23959 24710 35185 28412 14942 13023 15836 3983 2970 15482 3642 30294 17248 6307 24908 16429 4806 36504 3366 2668 30316 26685 29775 3159 7749 37543 34872 26561 33662 34802 2039 32244 10128 17584 7917 5668 30538 15197 14827 37979 12909 9321 36050 17893 25354 33560 3693 19114 38031 9454 14989 27200 34279 8604 35032 22002 3680 34408 27368 13444 10985 23392 34306 3921 14865 21582 18652 33612 2926 24530 31471 30535 22467 17263 24542 26416 20352 11590 22436 15507 36034 20531 16562 22042 3335 6744 33726 5157 23639 23325 31260 7992 8394 28285 27398 26303 17223 879 14614 31132 5149 21518 2614 35714 7203 28095 19275 37082 38599 39207 12387 3782 5824 30794 20144 35951 10399 13983 32316 1687 37424 10196
1187 39033 9279 2962 23292 499 27637 28560 365 8680 36211 6989 30642 33870 34962 24608 16119 26101 28575 9195 2986 6857 16231 35435 1110 31140 25113 13046 32956 5576 16187 4893 3794 17611 31176 4498 36323 11388 22084 18581 4143 30489 2354 489 34639 27383 18103 11679 725 19505 9165 36615 33931 19152 38086 17750 31814 8791 6890 7726 19413 4996 19009 1440 16698 3860 33906 29664 5200 25334 9694 29805 5618 13271 27783 28129 524 1550 31247 16159 7082 20630 15717 32352 18936 17828 3737 26924 17564 20613 25896 34524 35745 13145 26074 15811 32221 4468 10907 12557 2957 21796 21310 19284 3432 22575 26746 39231 35013 7033 1822 10258 15605 26564 12192 31193 7841 1444 10644 1569 1807 15712 31665 20620 1617 32146 19608 8300 26143 29423 6841 361 8239 22482 12155 1609 15687 5373 16925 12497 9067 26589 22986 29149 26283 12745 11000 21765 28820 29019 8320 21708 20369 19569 10618 9713 16847 32882 34215 32825 11205 38722 3869 31936 28090 34918 23366 36423 11703 30120 27060 19841 10347 13489 12891 7517 20098 17498 19774 3382 23804 14038 32187 25834 20029 15350 6106 33012 36971 27890 26679 16924 12966 4113 37643 16838 29296 24678 4190 18738
31584 875 24355 9176 11035 27488 36476 10235 4634 1736 3944 7351 37059 25318 24762 6582 39378 29310 3043 6190 24522 32410 39742 11148 18817 7850 31956 18105 14777 18192 27790 270 3425 13964 11020 24354 15432 33652 34186 17347 9259 1596 27868 8412 14996 773 28853 9682 6468 15320 27972 28735 37597 28767 37659 37749 17212 7741 24681 22252 610 36198 11625 30670 14059 25688 20473 36816 30275 36551 32800 4948 6216 35190 2435 6458 29548 15946 19504 28759 13764 7333 12522 18569 14974 14631 3972 35272 36010 417 2563 10324 25190 35156 25639 21081 14205 13929 1574 15311 1768 8478 10755 16802 8473 24506 29436 7972 17470 39620 28369 34965 37108 23874 11322 13073 24060 15802 16943 22855 7055 11494 2407 18095 20479 33030 37736 33926 24905 10541 2302 33467 19929 25689 34764 8403 16851 17206 34443 9475 28015 9776 16093 265 19421 3220 7505 8469 10819 21117 23253 3521 12880 25577 35416 38424 38924 31102 24008 31302 13776 26773 10567 30510 12527 38676 33728 10204 16901 29206 14703 13740 5633 22629 10333 38923 13560 22626 4036 13634 34113 31202 35454 35624 32955 1411 36916 5619 604 16994 32713 23278 27444 7746 87 37626 28091 26601 4376 20989
7376 13019 34238 31518 14139 24675 38183 9248 15339 19249 13348 33440 35274 28709 10142 36066 4179 14908 6945 18363 17225 23731 12184 35054 11948 39474 19910 37010 10386 26235 14277 36251 37358 27024 30770 4973 7782 38438 25306 36770 7886 10010 37554 37133 10429 14750 10179 39357 1193 22748 33130 21922 5109 8402 17306 22161 11956 37875 8685 39072 10823 22910 26732 20280 33642 36375 19511 10999 33020 39431 28798 1312 37487 20490 35900 19756 1228 15150 5349 16088 30969 8319 21534 16979 6415 25794 9058 29210 23602 22268 13943 38835 21143 21873 10817 29569 8780 11845 2723 36669 33475 17610 37151 1531 27498 11513 17161 3079 11945 36204 3108 22291 8832 20483 21636 10479 1575 31679 25092 8382 31353 33105 20027 32017 22297 1455 29375 32771 35933 32159 3716 12208 1408 23519 27107 33555 29513 5943 36627 26559 11299 9798 38529 30024 33138 9036 25886 503 2431 4412 19970 21908 521 13111 37681 11687 4066 24945 8930 29683 13565 14948 818 17648 21651 8615 21985 33686 14902 29144 9101 18711 20942 33835 3179 37486 32919 22411 21487 14232 8009 30649 29239 2453 25575 29370 7539 35088 14676 24726 37566 26725 18782 19292 26056 34938 494 6354 13079 28839
9341 7396 6097 21417 33789 6436 10764 18565 21473 16304 704 38013 30478 30338 2505 18666 10590 1841 34439 31959 7495 1643 32872 34192 37610 3607 31270 36886 30344 5014 14550 39084 28728 3600 31191 26376 34501 35489 10091 1763 4770 3775 19735 32738 27841 36578 9768 932 13115 33286 8001 16993 125 37478 21022 31107 24654 39312 21206 21421 26460 16506 11267 34347 12831 10259 15720 26631 14655 27778 20482 30315 17754 21291 26013 32402 26218 19423 3682 36648 1972 14898 30613 5639 27671 8773 33777 37808 19139 36216 24052 39662 17342 38176 17111 22200 14765 12327 32342 23664 5447 31229 8464 33494 25591 28071 7404 26774 2334 2182 26664 30025 23768 197 20927 34170 27072 39307 7018 3156 25748 32870 24394 3249 28480 38389 16254 21336 13698 15034 18751 22606 25478 3047 24341 24828 20840 27210 36163 11667 1120 23242 26242 10422 5526 36567 33564 23479 17982 10626 35543 5520 8640 4678 10055 16705 16686 15501 39838 31620 29164 20847 30132 7343 7934 20737 13422 2909 17696 6323 6329 7061 350 29169 21558 27606 5896 22223 13432 18544 17614 7776 7041 14300 2987 1535 16776 38944 16490 28723 1517 10009 35437 30560 19213 28438 21933 29955 7843 7822
455 24912 29178 31866 37755 9870 259 30871 13207 23544 14035 4604 10672 8681 24195 38731 31830 35869 13766 36070 4831 11610 10748 35227 14365 33641 5500 25501 14095 25555 21146 36466 12674 20839 1183 29389 24252 28473 32639 39558 17228 5818 33872 9482 22721 4434 23593 37277 18758 37223 27132 20755 19920 14896 6995 35405 2756 2065 33062 4679 15619 16739 27352 28402 26225 32041 4753 1236 11872 25778 38840 10970 7319 21961 20862 26755 35648 9151 18611 22498 21048 22459 8401 34269 33237 5170 35491 1568 37689 34249 38760 14168 7629 17464 19121 2961 17194 27709 19524 25926 30546 9464 37422 6941 18626 24526 30682 19921 21650 22433 38348 4078 30736 29462 1225 9580 15475 32443 13703 37433 6125 32602 1202 23452 28175 30714 9002 24960 983 29834 126 7519 13082 29420 29922 10475 5738 15125 6649 37439 20326 25056 20316 20716 20602 7249 27719 3219 22796 16404 27373 6479 30228 19667 13307 38429 27153 30641 22715 37016 15300 3745 22324 33804 35837 28620 18553 16267 9114 1908 4895 28681 10357 34261 5129 20187 21423 11520 10661 28834 22650 37011 33704 35490 31398 13136 24766 10243 20360 14637 20379 34882 2268 4297 23227 16115 13471 34471 28053 35934
3735 31894 4109 18099 27851 16095 37921 28314 22395 6975 32793 3191 5398 38513 33897 30873 31162 3589 13319 17129 28182 30994 14544 6138 12360 15148 26358 5562 13811 34877 2193 27587 8820 36736 9891 30568 26790 22673 8117 39930 15307 20505 30349 13507 23063 22938 17988 25749 15050 5207 21167 38405 14986 28698 1507 29859 8031 20808 37533 3160 27174 17352 25 18276 27126 25561 38596 15187 4755 18894 9439 23837 10039 1981 1175 28760 26304 3394 30562 18543 13909 3233 12302 33338 12370 11228 10939 27439 28611 4355 24410 25014 36328 9868 12942 4172 36057 9719 9418 37336 36096 7096 13439 35738 3518 6189 18561 5747 29378 7915 12718 32355 16091 21712 13428 3939 26159 3759 513 22856 13260 23082 23477 25038 12213 507 32144 32022 27489 2162 707 5377 2641 37053 29497 23072 18332 1338 14736 34145 20209 38472 2388 28479 28737 7457 22157 5611 38476 21026 27199 32174 19475 2502 27069 7504 29574 31205 34079 39989 23548 37649 2843 39766 2337 27500 11435 7960 27334 10525 29270 26336 8240 21338 13549 9792 449 11499 28157 21950 2834 29621 24879 5435 36949 11286 7762 32483 1821 769 14227 17630 3063 6232 8671 35709 39390 16325 31945 9720
28375 25839 6368 23205 33933 16102 28638 4761 26861 19493 24148 19348 37078 39726 19358 22318 14679 22212 32521 22652 37186 6804 26800 19670 23216 39119 32773 11291 11118 39074 20834 34542 5189 11843 13657 18049 2393 25882 16555 24747 35034 31171 9852 6907 20162 37407 11887 9915 19001 4037 13381 10416 8994 8893 37113 38551 35801 15340 19056 457 5134 35167 39118 30886 27275 10528 4069 9547 14975 39768 15267 27359 28571 37219 27576 38703 5150 13301 3940 22328 17069 25070 3001 2550 24329 3912 8565 10325 999 11514 25320 32147 191 12293 5489 11464 27927 19796 35253 6249 35170 34546 3 1109 19806 16399 39818 19694 998 32596 14081 30291 2372 29012 13254 15989 25774 21014 17023 29120 30197 35552 15170 37687 9567 11209 23326 94 22445 16124 3237 24822 13501 33895 12658 39617 27242 5922 11078 26667 38894 39654 35902 32179 27443 32782 10996 37081 3958 30241 13735 36973 3999 6042 25400 32299 6428 37595 24962 15648 3626 31947 29554 31098 20811 29579 21503 23973 10168 21306 23733 4676 4819 5013 4687 16561 23160 22051 205 1213 22462 31644 37066 30987 24051 7778 8614 1705 24576 37746 8827 24441 1870 6277 21432 35705 30622 10135 30652 9808
12079 16397 15919 33051 7327 10110 6916 27165 27119 3854 25747 34101 23743 21825 27721 14078 36932 38627 30931 20349 22725 33213 22779 33456 35089 2717 24885 6780 13955 27896 2825 2683 20777 5655 15398 2626 14199 17057 25252 15035 3652 3800 32784 35263 21375 15337 4238 36024 20004 28443 23290 6542 4958 20113 29499 13416 18608 38464 9639 32207 13642 16593 691 10709 31142 23686 10277 26752 28331 18860 11385 33905 15077 4286 17817 2620 14712 28962 26882 29297 4198 17760 23212 30081 32312 21196 9138 11741 11455 11697 36337 7627 3696 5957 33326 17747 22083 20729 35601 22078 34052 24034 38928 13884 28886 38440 33884 14749 9276 16751 2012 32333 24727 35813 31444 27261 16697 9871 21217 37211 33818 4358 25850 4607 5452 35847 11550 12124 2864 29779 21449 5951 9393 30890 19167 34130 23145 36756 28630 25603 10771 30411 37032 29733 14302 11027 29121 3861 30956 1562 21340 37472 11439 5085 6071 3834 16194 27432 2575 23853 30704 27770 16828 37561 6457 9876 19840 38935 19230 11002 5093 19174 13459 33216 2144 13854 8355 3143 4011 15164 4707 16977 27178 33247 26444 13792 27453 6820 23442 7742 37470 7884 9529 38492 19699 16579 22662 18839 1475 31776
1016 2675 7953 20909 24315 21342 26373 2950 22064 39848 11706 20182 8638 7217 8757 34875 2241 9174 39361 18750 12330 14127 34878 31497 35590 20035 435 12595 29390 36454 5840 3449 33050 1850 13744 19173 10853 21238 35234 36260 23360 37383 17429 17442 38334 37293 16275 12159 2109 22168 6641 8409 17120 3809 25105 17911 37721 22570 12296 29853 8938 25220 37084 11119 19252 802 29836 33769 36429 25776 21007 25947 11911 22103 35026 5458 17043 35363 19855 11677 36131 699 9688 30467 10066 35141 18174 16002 26706 34413 21492 25352 15713 18145 24293 8425 33525 5164 8245 7399 4563 37525 37909 17507 5683 21964 10838 31374 25554 3868 4647 15166 27400 24838 30926 38795 7591 19299 1656 2576 20150 22939 10468 20711 11924 12788 37670 14833 38101 23193 35278 30662 28268 8463 17073 39483 37950 2106 14738 2043 34774 23033 25493 35535 13575 13688 37026 3268 35428 35831 5928 39261 16189 11013 11091 20992 839 21760 4964 16386 8271 13852 19858 19534 8078 13337 14984 1825 18573 9142 10513 23689 5223 9570 33068 35767 1754 21868 3717 30164 9342 23734 11651 33372 3627 24529 9923 20350 17895 23305 21193 36242 17839 28668 20348 28342 36820 1294 29674 17954
34011 1111 8747 24738 15365 36132 2757 25379 37549 20728 35736 32203 26654 27297 15385 1920 32796 32748 37075 33265 16130 2289 23882 27694 27980 32099 33041 19579 18040 19938 2764 7906 30324 9239 34302 5450 16262 3726 39495 9843 3530 10455 32708 24722 38070 15719 33963 28683 15852 11715 36249 7711 4373 33325 24027 1910 38874 32989 10603 17479 19736 24053 34155 30866 11996 6970 19257 26135 6498 17274 26145 21859 16136 10658 1646 2253 3489 38220 18030 2423 20931 21102 11028 36633 30939 28472 23825 34733 1933 26491 28202 5636 9733 19950 3080 31753 8184 17867 3451 16804 7914 31485 7374 11258 19041 34893 390 26289 23342 31474 29838 21348 828 34980 15661 26547 1221 28641 23877 5130 23709 33081 25913 31573 21678 14594 10914 35683 20122 16692 16629 5185 37779 9664 11790 30215 9571 27276 24085 19717 12827 9671 3129 34507 38761 14490 33820 30428 3755 9448 36788 14661 26479 25346 19677 8075 20684 2528 14067 25301 18183 14752 7709 17489 9515 38239 38234 15430 30705 38400 21897 16690 15476 35021 13940 10707 24416 31736 32961 3492 10793 1719 33808 24880 14785 7636 23558 855 17900 29635 4949 1099 28406 10269 17943 13585 32006 31856 27120 24753
4734 19237 31458 7948 13795 15092 29160 3534 18610 19991 24154 30192 31850 29718 12242 6127 29887 39276 11739 26672 1578 17554 37377 2942 14800 15169 1572 33055 27137 30626 14914 16575 29837 12961 30506 35796 9396 23337 15076 12644 8275 21990 6179 37155 9045 2887 5394 25195 30188 38102 37139 35948 29904 31322 33194 3883 15588 29760 20492 15936 26972 34510 15203 24509 4371 7764 25405 14152 14581 31858 25175 12610 30583 9999 16812 11014 31457 30965 36915 11594 18716 13002 16223 35459 13488 27880 35127 10206 12751 22335 188 29441 36327 39686 25319 20466 27699 28937 26171 20539 36774 4135 10724 14927 3467 16963 23724 16410 15715 30187 28678 13141 13800 31238 19833 14200 14605 676 32926 36501 1462 35613 12634 31280 26937 13933 1783 19078 32108 34463 17456 3526 25072 24406 39150 19062 5112 36039 38820 22893 21426 27706 26194 38521 35070 10877 32835 39607 25808 18631 21408 739 34854 7455 32578 29211 27689 16086 28539 4024 30839 18522 19079 23568 23968 25762 33772 2491 13269 6113 11691 3281 18625 8135 16934 2512 12097 6550 7119 34713 10363 39403 34672 3805 31241 26090 32205 15055 13544 957 12866 25079 24896 2270 5659 9171 32315 13304 19805 6778
19437 10670 30603 30178 31885 20159 33647 27929 1180 13222 6016 22639 4843 35321 22073 33582 32261 24265 27456 9389 38283 4085 39257 22443 24349 19928 26775 22896 36730 14140 39446 8701 31320 25718 26173 21316 12071 19317 18180 3672 30443 37054 9508 7024 14011 25757 28421 31432 9917 15236 14411 4682 4181 35787 7229 26279 5522 32004 11178 2449 34927 4177 36392 17818 20260 39921 35735 1474 36992 32473 8025 21537 2180 3037 10941 28373 13653 5541 27600 30567 9659 20376 11652 7090 28584 29672 9 18025 28247 8365 29124 34187 12367 38203 14691 744 1416 28453 285 19371 33491 30645 12574 8519 27372 16075 31038 29729 2891 5290 11109 36197 2129 26239 39972 37035 16626 37419 16496 21675 13017 34973 25068 2653 38073 18869 22516 3585 21520 29482 19535 32459 24605 39238 18167 35623 10048 18686 20576 28729 26690 26471 23510 32374 18185 1252 13737 37192 16418 5750 3311 7276 12319 36394 25309 26348 36469 29691 32461 15505 30250 8656 32471 11193 36539 9061 32689 39363 25993 36509 25538 5511 16481 24593 11683 26190 33179 35365 5731 17438 29788 14287 26548 27897 24637 6807 21741 12181 38837 5068 26927 23203 36869 28558 2597 1335 17415 21820 27946 31587
33358 16848 9281 4310 12065 30883 6451 5499 32262 37326 10875 10530 12425 2964 1289 37696 21901 30385 12420 30480 8111 34703 28370 37338 9024 36220 24544 6184 5072 25597 26010 6086 36140 23493 3299 19126 20104 30149 4008 18985 18015 16158 22101 35212 30835 29546 20508 12785 19212 10319 11573 24223 22508 5551 22336 28213 12452 18315 12269 16790 30758 5162 19813 12941 24000 10005 6748 1848 36263 8238 15454 35734 39656 29883 24535 38079 377 7380 34296 23638 28836 12215 34258 26206 39442 10492 6692 10038 19584 16611 11208 27728 9402 6527 32679 17392 26860 26990 26533 7792 34209 22932 6754 1503 6360 2114 28851 8950 22325 19820 35352 20474 29599 30832 36811 25048 6678 8811 133 22030 12455 11713 20268 13103 31727 23130 5434 1104 13883 37324 19075 478 13647 4881 16099 16007 29812 23213 4725 32929 9332 13218 34856 23408 18472 30689 18334 27889 12656 6511 5607 25846 29122 6373 9736 28976 14483 16867 20622 7353 17906 18254 4440 36996 37398 13910 23571 30362 5363 2327 32029 14542 15640 18455 32104 7167 30616 23120 6397 21936 16071 26492 33424 7705 39293 29275 8257 18234 20954 18267 28733 36699 4121 39849 14103 20875 22370 7083 21360 29778
5606 2304 7622 8703 29545 9668 8844 9362 2581 13157 18229 12539 5641 26182 29483 15798 35873 245 38430 36354 14654 4390 37306 32849 32503 16402 38278 22698 30580 372 6858 38739 39241 4372 30123 9307 1963 4786 39667 31290 13540 24926 35695 3501 27767 36931 7860 3084 39112 3734 28401 38650 7586 7014 29560 7111 39303 4395 37364 13048 10586 24556 13324 7037 32129 23333 2548 7810 10792 6175 31667 34218 6287 23927 4453 21463 9755 13739 29285 17546 5451 13322 37269 24285 13077 21154 2176 9121 38263 29098 39388 23469 10217 14446 27365 23496 31623 10566 2932 10987 34076 30899 25600 8687 10122 1900 9320 14236 20933 34094 16613 32940 2152 22689 36731 9697 19151 22963 15593 542 8421 6947 10540 9924 2658 14891 31645 14706 799 18780 21804 14441 13873 10307 27702 17781 38891 37519 5396 25513 38604 11136 30374 25255 14269 7047 6566 6563 15611 21703 3620 17883 20582 8372 39497 17990 466 11421 1916 21126 24133 22816 24313 4848 11227 23575 17265 10082 31603 19502 742 9572 12274 12825 18644 8934 22533 19672 30096 28468 15554 27867 17950 29657 26713 20823 8601 16881 9478 29443 13769 33162 33994 16135 16677 19965 9437 38688 27802 38819
33598 3943 15955 16805 38010 32543 14036 33222 39817 16415 17183 19376 6852 38002 3241 17919 10967 14911 15478 22310 22465 4900 186 24057 9729 27175 8201 24709 13522 22108 28057 34066 15448 30972 27202 39543 19296 10090 29467 22785 18351 8128 24966 9710 6846 34453 24156 38337 32982 4161 27804 4612 15708 39153 27903 16024 27279 29081 24759 24167 27495 36732 29244 5976 19329 116 5763 19190 24348 1383 573 28588 14147 27466 11046 8998 1277 5647 35139 17169 9420 12747 10727 36033 31659 27656 23885 20130 14822 33589 24842 9286 25480 27917 16062 19143 10630 22941 9992 27231 22869 5698 4032 36862 34491 36128 36946 6629 17506 3920 35245 15406 18281 29645 24337 15123 30325 15466 37137 8003 21031 35398 28347 5463 19954 32525 29264 7178 19444 38615 6790 1018 32055 37168 26155 20097 36813 21249 27312 9777 11538 6068 306 21481 15253 36783 6549 28315 35457 17496 8840 25802 4904 18892 30491 37819 34462 24811 14162 28618 38674 1192 28901 33037 12448 13860 23515 22713 14960 4200 37036 973 2534 34371 25712 24840 20735 8280 38324 20062 22319 7088 33367 28688 15026 5617 19195 3019 501 33567 12910 20401 21768 36513 33821 9544 22911 35950 824 5596
34901 28757 2380 17720 1341 9784 13229 29610 16398 30440 38721 22847 780 32336 27281 20994 33489 31526 38619 1638 35732 15602 2837 1975 18835 28651 24141 35880 7745 1537 22034 8069 17680 29303 37905 36658 16251 22658 37653 36020 16427 27834 27446 2301 16148 38434 37150 30821 26835 15739 8102 732 37857 10607 33983 29302 13971 39791 17859 30938 27128 26086 9311 4931 31510 5250 20117 1321 2014 15509 28383 6290 12737 24808 27626 8524 8870 12703 12324 27303 4641 7440 10472 33950 10334 8959 35698 5494 6320 35992 3783 31476 34228 22333 13163 25123 31943 30062 30078 7642 8935 39706 18530 15510 33741 33959 17141 13543 6536 17079 38469 10821 5890 11213 22187 4377 6955 37824 19083 26080 16180 18996 1090 14999 37175 7551 14273 31507 21080 25127 10512 29988 1629 14838 9585 9190 28125 37435 33597 37523 1391 16423 13551 16207 31246 14982 24401 31486 3110 9274 6710 19625 4680 35932 27430 32042 39682 29540 9604 19240 11660 12465 23372 7854 7174 6721 9070 14381 951 16035 34027 22586 31640 22351 13692 4026 14985 18300 5360 18120 4232 4368 23297 9834 31242 8174 1026 7237 8564 6514 31031 37318 33129 34710 25916 4534 39643 27350 9628 26470
39176 31557 32320 38665 36841 15632 39771 21149 30717 14384 13368 38954 19892 8376 35369 28111 31548 19360 32577 39024 29804 21380 39385 23458 39785 1895 39159 21390 19006 23092 733 4616 18862 1505 3649 2795 39040 25508 926 24464 21191 37327 8551 21638 5643 14772 29819 39275 17669 1393 33207 14252 15900 33076 8116 937 23487 23503 30730 8211 8269 16885 12310 31100 38661 35024 3428 25796 39710 15550 2517 1465 142 39232 31696 6531 25529 19259 20605 25653 14683 14334 33064 14358 29446 1212 23866 32663 38470 1012 37166 13356 34695 1982 1774 4579 38287 36693 5529 21406 9796 31903 14978 2273 2870 1598 39808 29126 347 9025 17150 25842 10356 26316 10526 3117 23301 33675 35947 29450 37741 24987 21894 32166 7054 35075 6792 27152 24740 17178 16442 17421 2637 4305 10150 19979 38729 35451 14151 25228 38904 23447 26539 6455 26608 20194 16818 21909 120 10964 12473 14520 3654 14142 33527 6310 2267 31757 34964 32254 35484 28911 17903 14316 10056 22844 20155 24210 22410 34406 8858 2099 9988 28261 11982 16933 34536 14704 190 5783 36267 23695 21148 14798 31929 13577 559 16074 23609 5449 15213 27759 4396 9749 6574 39299 1449 65 15040 30073
35121 29167 234 35504 23279 24297 19628 18931 22614 14393 31296 27948 12188 33435 15010 32391 32219 25809 23221 36542 4025 569 30035 36805 1105 33797 24088 534 13678 35589 6273 4102 34603 11920 46 11720 8084 4112 33593 18023 817 1708 17667 2741 27001 3270 3774 17086 336 37402 391 12578 34419 624 34349 27219 31071 2224 16634 5083 8353 34954 32493 10692 6547 13396 17286 6226 8106 25196 8817 12573 12845 3147 31006 33911 22641 9812 25679 24967 21460 5163 13112 7598 16106 20752 139 2836 25805 12926 37441 8142 11355 14877 1013 11287 32688 37548 5012 36314 28481 3952 21276 15866 12232 35522 2236 36896 17986 8288 4216 3271 21995 20449 26107 18681 16044 555 10929 25064 8488 23601 31928 12852 23818 1291 24615 27217 4773 5117 23978 12008 36533 8684 26422 9266 9071 10476 1486 18512 1718 14810 23416 24961 12843 9379 29428 23754 28610 8218 7477 9583 18384 36851 38595 15995 30869 13236 9558 28178 2419 4346 15384 25887 18829 3121 14172 32692 3769 22471 21397 12746 17338 20167 25236 10177 11917 11076 31512 29850 12163 19572 11380 36497 11449 21930 5031 38328 12131 36577 173 19725 31511 8830 8585 29490 33947 9762 24368 12307
24496 21179 28891 11409 14507 26338 4833 4318 4984 15308 17562 33117 6658 26738 14559 2728 17976 16569 34708 33180 34464 25668 4737 15950 8682 7446 21205 15232 13044 39918 24902 15744 6356 29429 7028 11530 23065 15927 3668 27046 35808 7001 32785 23643 20403 37545 6126 3683 26174 38759 8755 37518 37912 15729 14371 7883 37660 31766 35120 15512 12168 6796 36913 21115 24456 24409 31715 32909 21972 12964 20060 37874 19367 6281 30507 18524 37553 10898 13232 9082 10134 22642 27885 34322 11084 26125 14812 920 20831 37607 20722 17271 8568 21702 10833 6210 38864 14143 35799 9166 4655 39002 25129 37466 2409 27480 27964 4290 26482 29237 18346 29680 14470 2390 29930 29092 27422 5381 4022 25720 28308 9012 30383 27797 35729 19598 9524 4911 11294 23353 2646 24824 6271 3252 16889 21692 7188 9260 10396 22060 39842 3695 31869 22891 10137 26485 2119 16307 11288 15445 36637 21777 22106 13668 12134 38131 14378 31998 27993 23127 1650 11526 38788 7599 32113 14913 53 25273 21448 10613 32062 27764 905 20259 10799 13281 33958 17544 23915 22149 4487 22400 15044 10791 35169 32978 32971 38149 7043 3611 28777 31975 17849 19070 16850 3279 8390 256 9329 7126
22010 36846 26395 34793 21280 8208 29142 16259 7606 9323 37574 12537 31078 39308 16435 19064 4536 20456 32204 690 29510 5985 22461 20578 2359 39845 21665 33484 23097 5306 33495 14091 26580 1189 1834 34165 35670 24819 36873 38158 21265 7688 3341 35931 21131 6690 4320 12090 17130 8885 9378 34002 26344 34380 33470 24570 7152 31785 12889 15133 18474 15048 29352 39006 16860 29534 4168 35625 30561 10944 34056 17484 22026 5983 16323 10215 36987 27582 5061 24651 11224 2446 1356 17385 11895 36026 19373 39219 31811 12413 39636 8506 28384 11640 13011 39996 801 20638 23407 26584 39861 14504 16974 35084 3566 7488 20412 17875 1138 5495 13485 4809 23113 37682 34494 7274 30698 15149 32924 2145 17295 10550 3442 7130 25411 4871 19788 30051 34460 31330 12660 28277 29906 2329 26712 9200 1700 22074 27798 14047 34331 26758 26873 4294 30849 34328 32651 32284 28799 24339 32426 8707 23009 28414 36233 22687 4768 31111 23944 2593 4710 34041 39265 3200 18124 17870 36150 7588 6204 28426 14930 35510 11912 34499 35802 25210 15370 6997 27058 20022 6507 7644 370 22806 29673 27421 27664 24701 11371 25841 27472 27953 26940 33128 8345 3568 12551 30774 4175 2215
37388 35041 32681 38618 30727 37895 19430 21303 38478 9666 38621 13187 27330 26952 1283 29690 13952 30650 8695 17600 9388 39763 2879 9098 9038 32120 32482 31226 6029 27431 17268 20300 8611 9017 30072 31035 20322 12503 12568 9962 37923 5214 28097 7570 27930 18364 25164 38130 3718 6702 13008 13815 26643 18282 10192 32192 28054 37368 12832 31276 22745 9803 35958 29340 38449 16484 9490 28999 39805 4513 29721 22072 19633 3154 27218 4869 21305 33439 15140 242 35094 13065 38867 7358 22380 3543 148 25194 17314 12798 1964 72 27320 8234 36083 2238 13076 4282 28833 3582 8341 27123 27459 25086 17711 26932 18841 39262 28359 36277 26868 13053 30246 33723 35583 30326 22286 32986 20014 18492 31131 30287 26629 32520 32579 20709 9970 2282 35422 19638 22037 16232 12266 14099 23901 9977 12796 29480 9373 27935 19918 7893 17187 22403 13134 10430 2406 5702 17927 39147 31088 17321 20689 25142 29282 28335 34126 9133 34428 35418 18358 6584 31165 30986 17931 21572 22409 7322 33148 25406 3924 21915 9434 17066 30201 15577 1556 14870 25992 1222 344 1667 17292 26825 2341 27034 11361 8977 34509 18818 24261 27854 10174 8322 7727 11369 15941 17939 39514 12142
15716 214 2775 13238 19853 39108 24770 13818 32208 18791 16931 10561 25108 20081 5082 33732 9613 35752 14026 4697 25630 2647 6391 6943 1144 31810 10073 36616 25019 11995 10699 9822 16005 33898 22530 29080 15349 31520 21329 9714 15779 33002 13568 1495 11268 29920 10622 3580 38327 28119 29274 9268 19993 39530 8877 1351 4165 31487 31207 11686 33336 19461 16898 38950 17020 17972 12306 5575 1376 16168 10935 21920 8490 12842 27691 27560 14268 27476 13209 39798 36434 8622 35856 34308 10690 16309 9183 29376 18709 16314 1580 36474 22669 33749 17138 11971 1603 26717 37843 9194 10034 5710 30502 35608 29547 22377 27158 37315 24886 31439 17155 35794 14867 22306 25875 23239 36817 15722 15506 26754 27109 3224 21044 18288 25428 4729 19558 13500 31566 39701 30242 23928 34915 35389 27247 22882 2421 1844 18958 11161 14675 4652 23344 3195 24944 19182 14249 33059 31627 21944 28290 3027 25982 32693 8362 6345 37993 9241 8739 6388 7748 24097 23484 28522 2093 1673 21753 5284 36628 16642 18939 14498 12638 3421 4545 7465 115 11510 8860 14005 2186 18792 35373 2665 27273 15809 6951 24446 10169 2758 38937 6124 37630 2799 20814 2649 26836 5052 27963 4644
31817 18457 23801 25218 35298 15183 35548 30377 39895 6073 24899 36965 33115 29289 21438 35559 3221 18342 12334 1365 1943 3787 27169 37298 25878 23961 8441 1095 39572 30270 35053 11599 6915 2320 39782 26088 22646 24560 23295 108 21821 19002 13550 36415 13477 22961 32927 19010 19091 36870 6559 26250 31897 56 5960 30213 38589 39149 31720 6081 38275 34043 24807 35218 8957 11780 37743 30569 13566 7537 9809 9315 31359 34868 24142 24568 39988 10226 17617 15563 20478 8633 16926 16830 27619 27387 29083 17656 1477 15631 37878 18670 32496 22116 22315 29615 14941 14182 13906 20983 4754 29628 11152 5230 12699 15118 3378 3546 3765 3167 8696 6209 31558 25702 19159 25009 28739 20792 20419 1094 28677 22385 7578 38971 17674 30797 8679 39459 29315 5886 38691 31619 35523 7154 31803 31056 35342 18729 16495 21561 12088 33096 36173 7022 25562 13286 11325 34356 4403 8178 21424 10572 17629 38545 6169 23941 3452 3453 12983 23161 28238 37095 16451 13272 1334 2685 68 35963 34787 17978 28931 4794 7845 4846 36473 9874 26277 16277 31960 28328 38641 23307 1925 18232 31147 38634 3828 18420 5866 18255 17232 25385 22709 26222 16869 13014 38945 5950 23448 33551
25601 19268 8259 13844 9005 5042 28597 38654 16675 29854 25304 31364 25857 11498 20343 25115 33074 14234 2763 10361 38873 33013 17836 25477 20464 12062 31055 1233 24209 18006 958 37171 11540 38043 25900 16294 31838 28352 6982 38421 28017 3786 26594 6534 12058 28626 31641 32830 30031 10753 21066 16348 13003 31852 3228 29744 1367 37077 25902 6269 35259 2748 5580 28257 27088 8291 25287 4531 5832 20634 15733 26730 7534 8534 11489 4444 35231 28870 1510 27094 553 11415 10432 29678 3554 7297 21370 1290 26014 17662 28927 34996 30513 16177 37344 37706 3560 16198 34084 35702 14820 14506 19027 20277 16145 8449 11086 30223 34412 31460 26314 31313 141 36348 16599 5927 16166 36428 27870 10790 1927 33294 8651 12729 23277 3174 20859 23989 177 26762 18822 17934 32792 9732 25008 12819 37311 15096 13592 8742 30311 6250 30151 31658 26462 22389 14063 5074 12067 27610 4334 37235 17326 2770 13723 20073 25172 25104 21493 37970 34754 3570 27960 34085 28428 8928 14240 36104 17876 4586 18163 21644 31212 17417 6380 6973 27801 26554 3165 27511 9135 38248 9322 34620 8513 29385 11120 35997 27438 21441 27944 32737 9864 21973 22954 15853 36892 11967 30782 15939
8011 28985 4888 7411 23379 22000 35463 36512 30282 26391 33711 24626 17153 21176 12697 27249 5831 3413 31213 4914 34888 36545 8964 30262 20427 36088 37879 5935 22638 32786 11658 2510 19445 677 13026 12485 39515 38600 9139 32323 17582 10801 4416 35313 2266 37001 8064 21285 23513 13771 24935 18463 39546 12602 12540 37517 30587 37384 19635 12900 30323 20643 32860 28228 4671 21502 15205 37134 38146 27302 13350 36418 38509 36998 29521 21784 31230 33164 30891 28077 11815 4556 36860 25745 5792 2661 3463 2968 22311 9556 8626 7671 33394 30947 6651 24254 10501 26930 29201 27618 28755 18851 14175 9457 26295 19077 25300 11551 5385 906 22363 6659 9021 36174 21846 36432 39560 2813 31040 15235 3621 17395 5705 7908 13530 15327 39336 3417 235 29228 13617 36340 19900 18223 2801 1560 28291 6644 25598 31333 17098 11711 37319 32624 36603 18880 18215 30001 26854 19512 35795 34396 14609 34974 6880 22346 10452 26424 11390 800 19971 20564 834 25247 38569 31008 30805 528 1473 33869 3411 8303 4685 9257 4994 5842 26188 11354 5646 24584 38021 34078 28636 6813 37434 33746 21453 2899 2684 28440 138 18100 22112 35582 16685 22984 5133 26964 14305 2105
34091 19678 19457 35943 2155 15114 14282 10205 39856 21165 18613 22694 31436 11722 34680 26850 32247 8890 36654 20619 13153 4990 21433 14166 28061 10180 26123 30806 17541 11201 34219 20569 1116 16953 16592 19556 30558 19619 26275 3041 35423 15778 3838 24810 27226 34702 7008 25052 35828 38308 29986 6421 23746 22640 3304 26801 15295 13721 31742 3149 27307 1148 20887 27598 23637 30034 9107 32213 39892 5113 36353 17761 16596 38058 29701 27526 9129 19701 1866 19319 26285 11200 13329 3070 14967 17933 28105 11124 39304 35913 23958 8173 34022 11952 38 6843 39177 21228 10272 32852 21831 13204 1716 2998 19885 21182 23842 6194 33754 38361 35906 11812 2381 16778 5537 23591 3871 7868 26992 18520 14642 15854 20719 24032 17932 25989 5346 34117 13524 36918 12894 33231 26446 34813 7357 28532 34569 36890 11750 17736 15830 9372 20996 27139 23878 36481 35044 22594 26971 12528 12033 6510 3055 10220 19845 25359 7059 12514 34593 4166 10551 18735 38458 28378 27103 37147 25968 2209 34886 34656 13448 34511 38965 12945 22817 19500 36436 18795 14729 38451 36576 17210 32309 17341 27062 34433 31346 11582 28246 31395 1039 11620 23703 3873 33812 8339 11003 7718 24581 37677
16658 22951 13798 14194 10785 29830 34393 19703 11376 20034 3267 19406 30831 24494 11586 24056 28385 21834 5836 26045 23099 38374 5900 5467 18435 18570 578 14242 693 35273 34919 27952 17679 27996 13505 32645 14968 25595 33301 33323 1798 8508 5221 11823 34323 15663 10149 19177 6236 8446 36558 1100 5719 8570 36243 17940 24882 13299 27442 15667 31834 321 23081 27698 20224 2629 35807 12871 32466 38393 37831 15966 33186 4497 17113 14589 18767 31027 14880 14700 23865 23013 27313 4352 5006 29350 17461 24854 12083 3596 3052 11676 10917 10816 13160 8543 2078 36532 4441 16711 5282 16023 10407 9313 13358 4456 36990 32487 14207 30780 14290 19120 19057 5614 28862 4862 147 37668 27254 22523 12848 14213 13219 35685 37406 18856 27616 23476 6494 13020 26659 11541 27097 6672 17645 21862 18088 23343 794 2476 31516 34457 3708 26207 30680 30683 35835 29163 32850 35657 34452 6009 10086 10170 34648 13532 21050 24783 25147 2033 29514 29509 852 17192 38455 32883 969 2442 28122 20665 23512 29736 2174 28149 27023 27332 6492 5402 24996 12100 10698 11601 12018 1364 17981 36458 39995 17432 29288 38110 23817 10451 459 2742 9258 5947 10020 37074 25622 32502
34055 27911 27172 37589 17807 654 14543 15703 35455 2415 9516 8020 30544 8737 8080 14802 36234 36081 13807 37262 6400 5431 18935 27838 33460 12194 24255 6921 17923 9084 26506 3152 1263 33359 8993 36855 33588 15599 27031 17252 28361 20311 18189 29042 14107 24408 17049 19663 10047 1326 6948 6708 31880 6558 36499 31525 20267 15826 23315 1654 9312 17466 21886 25476 39126 37916 29839 12874 9503 21763 4418 9361 35419 26120 8312 22023 38581 14146 38732 34735 14137 35286 12873 25370 36529 39945 35314 10843 25848 7950 29915 16857 4924 32671 1827 17756 24680 2394 28163 17765 678 26910 9077 17675 29496 32314 7527 24629 27142 15846 11740 39794 8400 24399 9939 27264 27519 31058 19401 2814 7946 8724 6682 26366 30171 3018 16042 22628 24218 2951 4539 23697 19609 14718 6655 9229 15748 14126 5758 15154 16967 16341 37647 19723 15993 30406 22696 23151 22301 16475 6396 38343 18657 2432 17999 9016 1540 17872 14955 24055 17653 20218 26665 27251 15627 6596 12125 1102 3706 6501 29529 38597 37499 29970 5855 22489 10130 32736 6998 35600 12273 37524 19039 34496 13893 23336 12291 39395 34533 2010 22723 26885 39588 6990 34470 23850 30772 6762 10775 17040
37815 18179 10507 248 8760 14299 24639 3015 15601 11417 24358 32400 32177 13925 24831 35409 10394 28263 20206 18739 33613 29974 29732 9663 37720 9472 38215 38848 39905 2164 25695 8369 21494 11350 26574 12667 8181 5782 10312 12038 7530 7761 13482 25146 2533 13515 11360 7902 22197 14289 26984 20339 8925 31848 24816 21532 2399 24202 17559 30898 17622 32201 2335 12080 38851 23894 22029 11490 19799 17963 5679 3574 16020 30691 20378 36617 17291 29486 25448 27950 6606 29415 4727 39055 15332 17273 7330 34771 37695 33587 14502 16549 24998 5776 12392 11938 6528 12447 5807 1593 18812 8328 31063 30559 4636 1558 12404 22076 29047 7973 35307 13099 23035 15139 28184 39637 35417 31203 35666 34934 22453 37654 28775 31112 11506 39927 20917 9706 5519 37887 32864 15814 10585 12043 14674 22022 28990 39023 36311 20253 30095 2307 15897 9846 23857 18121 20158 1068 6821 3520 36351 21700 3633 33539 8154 23682 1251 36978 2611 5751 16991 5669 32643 6074 30878 2135 6715 15276 31758 3785 4538 8769 17334 8274 4488 428 16436 5802 10117 7567 36930 13371 9799 24488 221 12885 10129 13266 5990 24585 356 22302 7844 36769 38132 31192 22016 1309 2797 32012
19191 4827 36534 16657 18870 11793 27956 15323 9677 19789 37340 9936 6422 28185 9295 24 30058 14359 15782 2040 3387 31592 30919 8628 39404 28154 26068 31501 21013 18143 11978 20112 27515 6677 28186 15795 37714 28220 13424 25257 20650 26829 11266 26018 2540 4739 10403 37839 14580 29476 4194 22587 760 28621 12217 5581 8717 9592 19884 32803 13618 11813 38758 5920 31009 38407 38639 30245 389 18594 15246 34193 15686 34591 32649 16725 21516 8109 20881 31114 39630 4999 1723 14756 5418 2116 17901 17561 15165 7919 33114 2183 12202 30556 26838 9374 36296 34600 20518 24322 39621 7581 28018 15130 22784 31839 1044 11557 23045 10351 16747 29734 31421 25870 17345 14935 11608 11858 7403 29397 19108 32277 18159 17918 10789 200 1398 589 11554 4141 37934 28789 22818 32667 19607 2185 5515 20374 4972 14932 34911 17866 9440 33374 31339 12011 43 6747 2216 4055 16874 3386 39792 6561 23526 38856 16469 15099 3028 39143 25661 37296 20244 12979 2565 12373 9975 22150 22391 27179 20900 12680 21786 12193 9758 34410 4664 17922 19804 16723 13203 31301 16737 13402 37991 17279 30751 22663 34050 27212 21187 12741 304 32200 18722 24077 35717 23359 5714 35402
14073 21002 4298 3356 35945 12372 38746 38970 35261 37034 39156 33813 13717 36470 31379 17185 35722 37006 23867 35819 20296 1038 30719 32324 1020 17885 6504 24735 7580 3231 2313 38202 1682 6338 13626 7360 7739 5448 16070 22053 20074 36966 24562 7769 10500 25975 25234 20924 35392 28107 16936 37420 36403 3853 16182 4212 39485 7370 39964 4133 10957 22565 24877 33861 7475 2223 30786 20690 4573 2857 28211 1231 24372 22437 39587 1948 14584 32709 9934 28367 18904 18901 24381 6150 4391 25158 18699 14210 25504 17124 18705 21869 28784 4303 32644 26026 35005 8991 5697 6814 30387 21218 35291 14662 19909 5046 23516 33276 27286 10782 6435 38673 17512 27556 21410 32902 20896 33584 1576 10794 7131 8032 34334 18491 23137 21541 39218 23504 13434 25686 19434 15193 39757 38692 17776 32220 28964 118 11666 32911 156 24490 9848 18909 8022 38288 36808 2706 17941 36439 27116 34123 1697 23772 25880 9781 1803 33238 1021 13869 16573 23459 26581 6623 28215 17841 33733 10920 27842 20907 13258 10522 14145 38240 4516 15083 25550 36901 35832 10102 21001 39790 13251 33649 32243 8343 31172 37491 7026 18727 20106 29566 17587 21172 29662 9692 30002 12280 7299 19144
5369 10191 30936 26266 21235 34429 22143 21674 34783 6668 14428 6258 25213 11244 7110 30889 8415 28763 8254 15138 22374 33819 17068 2362 27134 35330 128 7725 29412 4160 37558 28915 24316 3701 33483 8426 277 4306 34845 11411 26409 30396 13250 3880 34573 35213 16151 33672 31889 25137 19464 11635 13239 28082 26130 26378 12268 38900 12286 16120 18227 8486 13788 29010 23425 8000 33464 18298 17058 39922 27494 12275 36488 731 22009 32856 30207 15816 22539 30973 23310 19428 2167 3259 16754 9244 31438 23580 39297 33321 24548 7482 2740 22739 16923 22256 33952 32339 14075 25721 30734 15684 18564 21318 6905 5090 33169 15542 2514 39875 25382 39435 18224 10773 14320 22204 12378 21801 11185 13819 20741 27394 9355 2103 26473 2096 24072 23485 28499 24959 23829 3777 16167 32975 19839 34590 29583 23499 20239 17951 1809 18253 33834 2251 11758 8087 18107 17789 21078 17824 13130 33131 37718 10368 16378 22098 1134 13596 12779 31951 29036 21613 20973 37154 39778 11954 23907 8753 25903 8803 4205 32821 18104 37805 199 34040 26299 4985 2264 526 23483 30393 2521 24283 3450 9857 31829 2333 22532 24429 21555 27105 33607 14180 29518 39815 5742 38207 28155 38320
31927 17260 38466 18915 8744 21724 9748 15787 9589 4998 20166 13162 28476 19016 21999 33702 11810 10197 26280 26973 24402 29159 29070 22812 22191 6316 4126 24546 3740 37385 2713 14309 4329 4427 32837 31477 21853 13686 10555 4915 31431 10339 5111 6791 20836 23196 1195 37236 37496 36589 34765 39448 30799 29472 34537 9009 21376 37975 5135 7171 16361 3754 38117 4195 19061 21994 38095 38450 39284 10233 13231 22109 509 29862 28956 19990 4789 34013 19124 38029 24555 8267 26168 3301 27112 14280 35288 26265 18916 26858 11052 11317 19395 26681 17633 24704 27241 4392 32382 12709 13954 8182 3576 22577 11230 18968 15171 5781 15530 35567 32820 1689 33949 27171 24621 29037 1868 29422 38129 5320 39673 26944 6770 18890 18868 24731 38061 15362 7533 26381 22776 22978 3091 19171 35066 20641 15474 15609 38683 8030 28572 1849 16300 35007 12333 23534 768 4845 36662 35379 39214 17921 23285 1076 33224 10329 268 29568 34900 34959 3371 26550 16550 31932 26407 12533 30759 19543 4560 24089 25398 36290 22470 8141 13417 9370 29471 32824 27994 13921 897 3507 35603 4717 8645 10152 11189 25166 28736 24742 32296 29082 18059 19181 35290 12003 1722 29338 20535 28665
37111 14500 14324 27768 7127 26510 36557 35059 22665 24937 36804 34790 34178 17548 38738 34683 34548 32840 36482 29254 36 17995 7077 28619 4840 7673 37248 30864 26110 9405 19176 28537 34582 33256 15589 4152 9264 39868 6282 4514 20559 18454 28334 33787 6693 13531 6620 35252 16763 13969 1412 17269 7412 16419 39091 6327 28608 31926 13823 31080 39526 29849 27648 21063 22376 4 21888 24345 25073 35148 814 16615 14237 38134 37023 9173 8948 14788 14656 21747 15387 19533 14547 38636 16318 20042 36784 9712 4759 243 15452 34033 6365 16192 25783 31578 22107 18528 25296 37116 31877 20440 32610 39584 19060 26081 2288 7838 14751 16861 33693 8587 25935 8284 35226 30900 8984 6639 32456 38939 29504 32269 30515 7089 2397 39314 13630 33245 38370 31413 3910 8103 8669 3176 34556 6919 38838 10866 16084 11062 8644 1354 18873 33295 7221 29292 21983 22732 34271 5171 28081 21816 6909 23675 17770 34321 3635 31237 23791 2922 26733 37286 38984 20397 21835 31546 31991 33113 2532 34825 32124 27710 35199 5240 34527 19649 29880 6325 15766 33916 4967 6646 5857 30949 925 29997 30339 3892 34690 6929 13959 27029 25122 17386 7615 13980 22457 17520 32755 39501
38037 30053 58 3597 26354 25023 10524 34521 27534 6433 15456 28547 27131 28474 6886 25128 4997 10414 9525 25343 17441 37614 28031 18392 6349 16608 34012 25658 8571 10026 7768 2157 38174 16896 19458 13146 1211 9299 15342 32361 14024 38816 37590 13747 4818 37613 17571 19554 23026 12958 5588 11241 23184 36506 4252 8677 13400 7969 22730 24703 32447 37446 7728 17523 30825 32317 31240 20082 8224 15208 16601 13104 29686 18272 18755 27145 22743 38921 28781 38803 8368 25570 12627 34522 35697 2319 107 8200 36780 17179 16548 13891 21669 24028 2018 27551 33964 1072 25948 39164 31130 12606 21075 2143 5280 22477 32100 11235 5518 9185 14567 18379 32699 34903 31781 15678 37888 18009 24634 30870 14141 22943 5364 39680 13981 5995 467 6450 2402 32591 409 3714 35427 23044 30834 13334 1265 16407 1332 5548 31061 13364 4722 31084 5967 5426 10983 13687 5664 3283 13841 16554 6252 22680 2226 8129 8227 38978 4701 35922 30586 30731 21003 20805 27492 2759 4050 25258 29623 14271 32958 24300 5502 10852 26329 21581 6656 38546 33185 17960 39997 24986 17063 36999 31223 37902 9608 28113 15973 8839 5535 34692 18320 23355 29466 15829 26203 12426 20810 31519
25439 529 17226 36833 15345 37403 27602 21418 7901 9206 20804 11366 20816 19728 28016 13388 26109 916 38018 37091 28992 23231 3684 25453 3483 38459 30946 9996 10511 17191 14040 26807 9330 15877 36101 7293 1695 8987 28323 16298 39184 24952 8706 6245 38607 9726 11549 27891 29246 30160 8305 36684 38038 15141 18637 27371 7186 32477 1751 36962 33125 7441 2520 1190 10508 6736 34991 32831 6532 5143 18053 25579 14265 26865 21248 19874 20932 16464 10183 16197 17233 17712 9443 24514 11134 34307 38181 1890 39463 15436 16463 25392 35511 37320 10640 38927 30342 18317 23871 9271 21748 1758 25206 36955 8185 11019 23578 29596 8081 15643 6756 33406 14463 9929 32106 15974 14345 2861 13293 23632 30360 26586 5155 5197 22495 9063 18051 14991 19665 39351 27621 38602 26633 26899 32304 13671 11860 20137 13268 16762 13263 9089 16163 9640 21386 1276 5332 4527 39179 39984 36227 28357 8952 10248 3739 21000 37966 21335 37125 8838 13754 2023 30179 5132 18426 29576 22137 22609 11433 12679 23335 5194 2133 17393 18605 12437 13242 37178 7128 24110 6199 39421 1387 37885 29346 15037 13516 39717 16671 16299 34516 12748 5804 26021 15206 17365 9522 18355 405 11626
21721 2725 5079 13031 17041 12684 12438 12980 25332 12482 4018 16566 12410 33535 20205 31862 30653 24336 35860 5952 7185 25606 27845 33938 26767 7897 5912 20103 2001 7755 32710 23819 34161 14409 6314 15383 17563 8664 6095 27611 30924 31844 30462 9209 26372 1258 25429 17968 6822 26605 12051 15890 35452 13345 11681 28458 31401 176 39197 29459 18778 28516 17220 23771 29519 17097 28924 19654 13503 5906 7414 15438 4336 13389 39510 3287 28892 25383 21005 4938 29594 23937 4342 6583 4397 27704 35784 5216 31015 15376 4408 15341 18345 18075 2621 24463 16651 1154 28563 14295 35204 13398 13880 36015 9940 38481 3022 18343 2468 29564 3977 24857 14744 12336 26592 19583 24941 19509 12049 17858 6382 19180 4331 11015 29475 33399 11468 23633 18887 23806 27025 985 26813 13968 3876 35991 36777 6270 35676 11827 3767 3857 13502 38809 1660 23924 12969 35433 10415 37635 37876 30209 6103 27238 39720 19790 10014 18752 11955 24310 11481 39722 9609 4939 25954 39283 4822 30679 13912 24989 21197 27404 17920 27629 2163 20307 24916 31506 35561 35954 26031 32274 19545 34530 21772 28492 24748 10405 3670 7148 32167 11203 6631 32928 8904 28001 15291 13881 24888 11444
37709 31152 20550 1877 39247 21100 17298 8276 29665 13062 38698 17973 25864 26976 11174 14990 15765 27670 7198 37600 39198 29309 29175 22086 23645 13610 2907 1003 27784 10007 25512 25772 3003 26780 26791 1914 33011 2383 36953 13196 21472 31629 36156 9974 26653 192 10969 10163 20055 1928 37619 34250 7550 29110 29549 3399 38782 24467 5685 10072 36521 2225 32173 24867 6885 25667 19103 31287 4751 24711 13614 6810 32672 15429 3461 22752 25995 6155 11140 21419 2363 30773 38387 13035 15301 5055 26288 16312 9780 14391 30800 39632 24098 33980 18983 9225 29945 5978 4010 14346 14386 33269 6648 25058 6060 16676 22760 15548 35707 37973 2382 26822 16853 22585 18673 39161 38093 11919 18946 692 6347 35219 17364 37289 25116 5675 38989 666 12914 16211 31772 30208 31351 15673 35150 7632 33936 25683 31967 22861 14546 26887 7574 11242 17560 23508 25155 12506 36106 15906 38483 996 24185 22282 39548 20698 15907 7165 29195 34932 16531 16426 38831 16907 37637 8028 28040 3272 26321 13904 33234 27760 18230 32383 14929 1469 37784 31887 33899 14813 17452 22681 6332 13859 3204 14643 34504 17303 35976 20007 33331 20362 33942 6131 26884 35126 11403 13710 748 20008
36193 979 19166 35747 6386 35345 12947 21515 7442 17782 21045 17201 28841 7637 28475 39932 30905 18768 6452 5846 34016 8371 38495 22164 35240 27733 39277 398 38810 15215 9116 10402 37208 6211 16773 11778 6362 32399 18080 3395 38879 29127 8940 11357 4609 13632 24267 25372 1448 26516 38213 7235 28464 33449 35446 11453 26886 13559 35174 36925 31953 29477 35411 14023 26004 25507 28023 6681 8734 20211 28589 23466 9718 27309 9624 32128 27181 19484 6341 16001 18035 36317 432 23685 38742 30479 12692 25771 35617 26549 20436 14797 38314 38853 8789 4941 21917 19669 37860 18897 21362 25472 14238 25856 18757 3205 14460 5339 5429 33482 9451 13546 15200 14406 33133 30218 7831 15451 25358 6145 16200 24389 2580 17235 17726 21976 23374 24237 24103 28598 33737 6030 226 17658 19907 18003 38306 15896 19795 29424 39327 17631 32704 31904 12316 18062 13885 17830 36856 20018 7310 23351 3255 13321 29538 4475 36493 26319 10862 33 14330 4807 21404 20809 31455 26217 14771 23086 34046 26258 33120 37271 26247 33377 34480 34018 20599 22867 19560 1824 12769 15879 30306 30214 22735 8270 17540 1054 7202 1419 16003 19208 33679 26361 4585 22266 9226 9502 16050 6687
34031 29002 16893 33350 29926 33038 27348 16246 23332 18089 22434 3104 26341 39929 23280 34110 30768 11596 22052 9382 28041 17349 2913 22147 8848 8450 34365 22636 27634 34719 38510 36414 32967 9345 29359 28662 10885 32 1611 1434 1245 17654 38169 35483 39302 30299 27049 38606 15549 27756 29927 7012 15045 23016 38826 8544 37812 5138 33066 15126 19786 797 31693 13732 2022 38351 18081 31711 37378 9083 7532 21293 22808 31610 29677 26199 10041 15882 12541 38243 35158 6911 39073 10763 1990 3189 4248 37474 32537 21374 10980 37451 19318 6087 39723 4419 20736 33433 6292 32631 19184 9614 15462 4767 18382 34348 28203 39658 31886 28934 3423 23773 35060 21871 17011 1160 8785 33292 13629 36968 20016 15724 11428 1386 33623 26274 33603 30296 22148 11069 2603 27317 32972 7840 30618 39349 4094 8130 28527 28549 37962 2826 36666 9145 23814 11313 25936 10863 21509 30032 3750 22215 31505 22366 34472 32393 27096 39924 28988 9048 22233 21169 12006 32321 4095 31305 13495 16209 14018 32351 34465 9148 15923 39612 18249 19966 39822 21299 32462 29039 30951 12934 11049 26066 13920 8599 17254 4507 8060 3057 22979 32951 1559 25633 26214 13246 26070 11916 25909 7015
21902 37335 16483 34230 21642 20757 17175 24102 1281 37391 24549 39481 26891 3658 34473 20511 19370 29464 29634 23951 25924 33057 16699 443 2894 27163 11809 1675 26308 16045 18132 1577 36940 4383 4404 14623 16022 1732 17361 8969 31303 10745 7864 24342 3190 28439 29162 29075 928 15247 10391 16081 31534 24382 39443 27774 22823 30745 5401 37862 3097 31291 5730 32914 25812 21672 39476 7721 15899 9125 8909 35720 24972 35811 7784 11527 39804 13597 23051 9890 26929 12607 18077 20213 33563 24314 28972 34104 13762 20806 24901 14876 39512 15576 15029 39122 11162 25057 3302 30907 24092 30488 2252 19775 6759 2680 24844 25333 12576 12872 6937 24361 19026 14388 35694 23288 28435 4090 36515 37503 30133 17603 8913 39659 24412 31754 19826 37144 33311 12361 19588 8542 11346 37461 39511 11044 5859 34871 16065 480 20126 13944 5569 2608 12887 6058 34139 18632 39268 1693 3142 14065 20829 4778 21594 24715 9154 22314 21150 13092 30829 28515 12604 5926 33550 3584 17888 19637 14560 8377 11636 16287 4129 35558 9249 14859 12683 37131 39217 39415 29174 24927 37251 26435 34729 30264 29018 8120 34860 12911 3847 4380 31317 36757 36051 14430 38136 14022 31892 35598
36276 20934 7112 1644 28875 7434 38244 14195 16480 26869 16008 23596 9853 31475 28726 9725 8504 27516 16225 38255 26524 35438 13992 26881 39602 18578 34950 16333 7798 8311 4163 4519 2889 22549 36489 23464 16577 24450 17162 30124 31285 16216 14576 1724 17878 12801 36598 21756 29637 10140 16367 9655 27832 16331 39101 19734 35337 34191 20044 6499 29203 27999 17148 19803 14936 36516 18448 29199 1808 39061 14758 5281 20160 9105 32545 21889 8921 7649 17376 35867 878 35029 34168 35496 30600 2497 21444 30021 11368 18863 12810 21185 32654 9217 38316 17358 26518 38199 25187 30087 18672 29965 25589 23003 21690 7363 28374 29137 9906 9579 5791 34743 13360 6444 10998 37900 20753 8878 15645 32765 24949 27157 13061 38905 27987 38048 1135 30011 6151 39858 10686 23133 28751 38656 20207 37790 15493 30542 31919 8545 7388 385 18714 24658 33877 10993 27035 39685 29030 37329 38141 24016 23926 7269 39478 37539 28727 6157 34336 30130 19473 33063 31800 33764 17557 12734 35304 38473 5248 18678 37489 8465 39016 16701 37200 3207 5032 3101 21108 1707 9786 15242 21573 22791 18211 36556 5361 12994 13770 32535 33228 6597 28221 19023 29643 15407 20987 35615 13514 3320
2854 22184 28066 5822 36559 5060 3054 34128 12673 38406 22613 9042 39674 36449 21042 25207 6052 2791 13545 1648 10594 34291 30139 13987 34892 23581 9877 4341 34232 4992 34653 12459 5063 30079 13858 4512 33287 3180 15876 16806 7611 452 12861 22476 27205 12205 39699 5331 8392 10428 5399 28324 19695 31750 16966 21878 1157 2195 18688 39863 32054 20701 26486 12728 6867 9001 30850 9390 5287 10901 19565 24860 35163 24231 27937 26268 18268 3040 27272 27293 39592 12095 14863 18566 34951 19315 21856 25814 16316 39120 694 37 7540 2414 27285 21137 9211 29414 9493 38257 10354 24147 21019 34227 5916 35908 12648 440 15641 14233 4874 1873 6829 1447 21959 4092 20040 38702 33529 13960 39779 14380 23863 3372 3226 5040 19347 12023 29059 39045 15038 34655 19136 39137 26753 26347 636 16010 32043 23501 3901 26078 10098 39342 38094 36270 14668 10740 10723 22774 14616 25883 12897 8720 8668 823 20353 34553 33542 36687 10542 7787 35068 17115 13349 9422 25226 12713 13420 31849 22479 21343 35181 26613 7804 33930 22597 17526 15305 303 10638 19228 13370 32597 16952 5632 30227 30405 36018 12119 7930 2184 22176 18468 4537 32141 10651 38959 8160 6893
32210 15207 1006 5810 5195 32229 18984 13098 12000 32214 4435 18119 26876 37642 18092 36749 10175 21932 17709 4105 1025 19711 12513 35302 2914 20842 28326 4148 32807 20758 14841 12104 3458 25112 36196 10933 17997 15788 12487 24311 2081 4047 31594 10083 20009 32500 19702 3932 23883 28128 39034 4278 10234 35076 6567 35359 2822 9104 25822 12245 28529 7614 11304 19095 10971 17792 29041 10052 5325 24082 23148 32180 11180 33836 33785 31385 18064 29113 37395 20544 7664 22025 32573 27021 12923 19474 16743 33219 12311 17912 18587 13137 14531 28010 34201 4968 27747 7833 26841 21159 35816 27016 22763 12793 22908 5712 31163 15664 3105 34961 37512 13613 28062 35520 18450 9340 19258 27532 34979 13547 19780 26160 23827 36416 1036 853 581 36138 12285 1815 1684 37401 18214 34667 24440 3217 35123 5726 27631 6136 10127 37479 31195 32451 3914 5184 16296 22198 28148 15842 39591 25374 19710 19286 13036 3420 4138 24003 31724 26176 3689 12851 28177 33921 7511 37279 31660 32772 23569 27393 35587 39100 3294 32343 17123 12053 22293 35343 13948 36819 737 4854 23309 18469 5305 11839 6274 11485 24277 35898 22003 12166 39705 20043 33157 21344 15752 20408 26652 17844
9621 22125 33434 36151 2978 23025 287 34289 25685 22912 10874 931 38376 30290 7943 9336 2296 15425 18609 4883 33244 9569 39111 20642 38573 32360 14367 23669 19785 10486 8107 35439 37328 19674 36604 21322 8835 27862 22062 32160 8017 8440 5222 31105 26227 23938 185 33402 32326 5856 3232 11817 39221 32064 7729 11194 31980 37148 20694 39731 5027 31969 30695 21750 6049 23908 31994 26146 34801 25200 27278 27737 17407 12886 37051 39676 11756 23363 1366 22041 34794 19714 12314 23150 5523 1970 7245 25985 17714 24832 33118 27679 23600 6420 32504 36195 3066 7931 5865 33407 8709 33104 2561 14360 30982 14920 32417 11170 27019 39465 34105 20208 22494 32894 7324 1322 7027 14791 2912 4096 1299 30268 3446 22269 26154 19844 1633 14100 1776 19606 28731 37228 31315 5486 21718 20340 17588 246 33557 9497 12693 15622 14731 18416 5811 5869 31948 6576 8733 7368 8692 32233 8944 831 18097 24571 8207 20318 37538 5123 14684 27044 35960 9075 21513 37172 17497 2911 36881 27198 32775 15770 30005 19615 25932 32887 11696 2420 30170 15485 16137 3119 6696 11457 11191 23890 18083 14586 4264 1753 4159 32722 9889 11650 25254 33717 26966 35575 19777 8917
9869 35004 38036 23838 35370 29006 16013 31730 38775 32539 1492 19709 6703 11432 23562 18198 29455 13595 14339 17389 39053 37738 18470 23740 16417 37189 12377 32235 39236 10057 25949 21230 15707 1864 7565 31647 32660 17181 22091 37354 2315 17685 14131 32178 5905 4017 24228 9973 13824 25049 26736 36935 3131 3867 37085 33072 10406 5430 6827 14400 37205 34975 36573 32498 15571 4455 29735 397 1223 9172 2249 36652 25180 7149 34121 13288 1028 17317 6862 34628 11271 18838 17216 13240 9412 32992 17035 38363 2146 26919 19849 6773 7652 38250 24932 21155 14888 21599 24076 36135 31544 24611 36608 14439 13195 25350 5257 3321 37458 5410 34797 25556 37664 3538 6868 39577 34045 23238 26429 37447 26313 13451 38748 38065 7684 28064 18590 26374 27357 5176 33291 1417 38084 24263 28098 39593 39786 22684 2656 15296 21428 26357 8466 705 21661 34103 10855 24165 26104 1078 38338 16444 21575 24682 15002 34260 29890 23036 7253 2991 252 32271 22749 17513 38186 8467 35881 26352 4317 19846 18122 23175 3218 27155 3253 24500 32598 2835 5917 2220 7304 36594 20742 4068 15692 10267 26728 14111 38419 24455 14279 19142 27505 23517 9494 22303 14006 24674 15580 10848
23916 14620 4743 31680 24007 1472 30591 23770 29156 39793 6448 20115 27686 7452 22841 39152 12953 10758 27570 35228 36102 8539 20892 37290 22480 20870 14739 2949 23034 38300 19322 3964 19713 38892 30403 9090 26345 8530 10894 3993 37105 14058 8688 18279 18402 29096 27647 21271 19576 14993 37454 15115 37733 8293 1557 9616 21368 13063 17196 35538 31673 12141 12841 13447 29396 28551 34634 20594 4354 25698 24240 16811 35214 3494 15363 1756 26165 6197 21579 26350 36217 25018 20037 24603 13352 26824 18413 27390 25549 9709 23306 32453 16518 39046 27624 11486 23043 12158 9865 17634 31704 4544 5825 24155 13812 20514 37828 37802 20135 31005 38212 36226 33031 20063 25573 330 1784 25095 33462 7706 31326 26512 28410 32076 8968 38920 12013 7466 28861 12357 25532 38118 4027 13461 7542 9368 6853 26572 25974 4325 27915 38605 27536 21164 33010 33342 34894 7429 37792 35955 790 25364 1941 24976 11848 33549 7421 33196 26270 32647 23002 34493 34222 1800 18992 6133 39453 14593 22250 15873 23029 35887 33227 19087 6502 34077 24964 17663 1460 34160 18017 30423 25973 18114 22633 19232 22930 22069 9050 14499 21479 23567 4611 9740 20325 31068 3390 13865 37983 2990
37913 29057 5255 18042 18910 12182 856 30493 26186 14733 18563 30963 13168 11284 24018 6369 22460 8273 30147 32855 36017 4398 24980 4130 20889 1315 15723 16736 11623 29753 12559 33089 15066 24388 383 18552 2618 39440 10752 31532 22766 6062 18844 8427 167 5923 22404 4714 5850 31630 31588 20740 27787 25197 17992 21239 846 5462 16886 8244 14658 33271 3025 35635 5861 21162 27329 30790 37662 39346 9428 28975 27114 35277 25535 34343 2896 28407 16492 29671 20669 25238 17577 25609 6486 15488 15768 8538 35765 17552 12717 7004 24958 14805 29936 24559 38776 26635 22814 11628 1414 14161 22028 30280 12512 3778 22432 7866 27028 35450 20049 13382 6408 37772 39326 14069 30216 20781 8164 26198 35119 27902 15120 13462 33283 34928 758 4292 26423 622 6470 23599 33220 15231 30163 28880 31053 35500 21027 35501 7251 37960 6066 29369 5986 10284 10103 39245 36318 6401 34755 33052 21277 3926 5234 29796 21030 39148 27011 35899 22822 6240 37622 38624 23765 2149 35810 35296 2317 23404 14392 39986 6228 26769 25156 17690 20705 28425 10904 10921 17826 33753 25425 18031 27773 25102 12903 39642 2425 6906 15304 36042 28898 11969 34213 6707 10612 4901 23031 2285
20138 16238 37366 39689 27639 6263 24758 30847 33856 10879 19169 38114 9761 9559 33067 22326 38092 21273 23445 18557 11682 39576 627 24017 25775 28348 37252 20851 28120 6725 7849 2424 38286 15905 21101 17261 15173 16178 35351 16445 16679 20156 35591 4668 2451 26520 20838 16640 5403 13707 16394 536 37996 36011 28929 1310 1350 13110 39180 22826 29252 37161 39093 29434 20140 18518 10608 34087 28389 3173 27520 16379 15053 16563 28629 3991 1382 36279 25096 39912 10397 14021 13177 11017 38375 13394 38012 18693 25011 18855 2006 249 7385 15660 32442 13386 36526 25551 8619 25390 6777 24182 26623 23118 34978 26920 29543 11757 2013 29638 4592 6839 33382 4783 17764 24848 29052 26210 38435 24846 31941 25463 14416 28684 27538 15259 34800 23852 8892 8558 29028 32701 2544 25084 34082 13718 11559 13144 19211 35073 26399 10621 24909 32839 14014 22554 11272 34809 17004 36688 39472 15628 11326 39427 9426 24352 20246 30660 1145 26442 26575 27858 13027 7535 23608 18647 39313 20980 38625 5949 31691 33340 23875 24387 6059 31282 6540 25976 20584 16833 21445 5744 8527 1239 14761 36181 28599 29233 1011 29395 21272 28672 22486 17925 39286 28545 35018 4721 25652 16541
24043 37323 15747 12017 39888 25804 37726 719 14401 36165 22777 15735 28670 30219 3886 24331 31633 7686 39847 32018 9043 26831 24235 1744 32226 26140 9615 13779 35975 19614 34662 22616 6220 13730 21361 20058 38401 25728 23158 594 35871 34418 10062 4576 19808 24138 35515 4650 3398 8887 2750 8193 28887 26196 38903 27074 11906 14410 31595 6222 8650 17727 36169 33985 37740 21793 18138 20822 386 9647 24774 12782 8289 7891 34394 20596 23246 22519 28173 34853 10230 3256 11712 25034 14019 4659 38752 16742 19555 3544 18280 30451 12924 11522 22510 37927 26716 5457 27595 35271 17346 36911 7496 1262 4349 19651 8988 22066 31254 1150 868 26458 24919 3637 27512 33054 20865 8979 16880 20090 10691 20522 16129 2772 38251 20512 34815 16214 23879 2738 13143 13916 7389 15269 4089 25742 26875 26152 4798 22281 24248 34819 34143 28050 38236 21308 23230 28779 8317 19768 20503 26949 37542 33552 11664 38085 21929 681 11305 4763 34923 22525 35215 1176 39322 10444 31434 39227 10548 8260 1316 2657 28716 14348 28925 21435 10922 8299 33859 11018 8908 10796 12846 34852 4188 22860 31216 39525 25675 23585 12331 1159 26556 12406 34080 11505 38047 16256 9841 11105
16306 22883 24487 29567 24688 34223 660 21548 35208 2487 25869 30937 25442 26634 13949 34987 7613 20963 30063 8216 1831 2695 33854 18137 19721 4666 32052 30210 30606 38973 30529 25768 37159 39589 25927 15618 21443 24384 23375 32991 8981 13346 33075 15537 26951 21879 1199 3969 564 1066 2322 30481 32368 20999 33008 21319 2566 25268 1690 30846 297 19279 13455 36240 23854 10881 22881 16067 18951 5397 24934 39907 14611 13697 33503 30978 33972 20975 26044 5649 9771 20687 254 25568 14563 12326 23763 15862 17419 28959 11525 32123 18788 17237 31762 9987 14762 22031 33632 31825 25491 33935 20830 19379 12655 28067 20005 15751 1953 2664 10236 14129 16037 28487 13849 12521 32604 23683 34709 37578 13393 34952 16846 11330 35162 1512 12593 36074 26560 35684 35649 29793 9711 22909 35629 4879 30694 14933 30588 2824 23060 16421 18828 29765 728 4986 38812 32000 18567 14229 5341 5650 33363 17055 21161 12807 20504 530 25626 37273 15600 2714 27674 28508 16474 7751 27300 13526 6156 4878 21867 23168 31110 3832 19440 34907 1185 9423 30414 7543 10388 5019 16234 901 38896 32788 5389 29198 16756 37750 28161 15354 20181 6474 27484 28037 27018 9468 19814 23083
23979 4873 29267 9543 21593 532 38697 23726 30473 441 29381 38881 35188 25378 37183 15241 33780 24225 30541 14138 22890 23294 22991 15885 21924 36546 29956 31635 17486 5383 28351 21865 36450 36560 36407 647 29386 36440 29319 32470 7640 18018 4258 39529 19164 34747 21028 15772 20432 32559 37563 4153 39187 16351 3074 4384 575 14403 33658 39379 10737 2111 34438 477 13193 28237 32405 27280 9754 26043 20863 39923 11532 8483 19272 10078 35572 36963 6161 28899 14630 26871 8321 17067 4558 31978 4324 19578 20177 38437 9954 5823 28269 5023 32325 6732 16845 8295 4474 29526 12907 18388 2019 2460 9517 15522 29129 37901 37786 14291 38284 39223 16377 9575 3029 35595 25262 36943 24925 20746 21269 31678 26257 25965 11993 8851 1816 21098 9120 16557 38165 7155 16970 7146 28413 10327 31681 24504 14518 27696 21114 25799 4865 30678 15870 39777 23860 15386 11654 36376 21745 13339 13074 33731 37088 37343 38128 22894 2943 31122 4793 30090 38610 17323 27614 27548 10754 13941 11197 4123 5483 13399 9109 39550 26748 6581 7638 19337 6342 34454 26050 11051 29618 35703 30401 37427 33548 12750 85 21946 4288 17733 16327 25107 6129 24624 39212 38006 1692 399
24115 14528 9111 2049 4766 37869 8171 34551 860 19467 28874 39000 27562 1775 17882 8799 21294 31406 30409 12767 27335 4621 15297 16820 38442 29339 37859 22428 17146 18966 9927 13896 8388 2812 32438 11533 9353 12781 38310 25677 37430 9040 20820 12940 39413 679 12823 22590 33583 17948 34617 25295 26016 33738 38500 14963 2202 16310 25335 24374 13525 7964 2427 29708 24221 22094 13291 27900 36583 34401 17453 25139 17485 6856 24201 8051 9941 5735 9246 12020 16160 25323 21729 38398 11121 14541 16524 38983 2072 14008 20458 1493 1584 36737 28656 17300 9885 262 39166 7039 7272 21236 35137 16387 37048 14740 2840 4795 12004 13781 26477 30625 33478 2389 21219 12305 27277 28223 29143 1876 39110 30958 20995 12545 35715 6578 19752 29840 14628 22082 2178 20056 35349 35262 29516 17811 35449 26172 13861 38862 37089 25734 34658 5505 31154 23023 26960 27655 2408 26640 29408 24617 21141 18533 27974 6900 37284 18903 26751 19491 38846 3888 27761 6614 14054 38262 3284 816 24295 9744 32241 31183 16385 36587 9750 20030 2747 17535 28699 7456 843 24111 38154 26087 38667 20923 26874 38200 4699 8862 33127 7391 22983 31344 18771 30465 21296 39259 6037 37728
13538 31794 33448 22677 36461 36714 175 23153 14415 11864 34309 22690 21211 39725 5174 35716 13071 21872 26619 34502 2671 35155 18977 18008 3843 18943 30483 13335 15671 11252 29780 10718 23666 20241 9960 35549 19897 12046 1852 22422 6065 17224 30557 19994 4515 31902 39807 19924 8037 6799 22738 10534 17983 22418 10345 24075 38844 26156 485 16381 22019 12348 21921 4110 30940 34575 18377 35266 3136 10113 22235 9444 23094 4698 19506 13908 26726 5878 16582 20607 1478 30066 426 20552 23755 26923 17459 17790 16876 25662 1733 8058 7407 32415 10207 19179 38381 2873 7658 7932 38107 21524 8501 28720 36848 31059 8875 17302 5672 31863 19063 2898 3076 12207 31706 16228 5487 20193 18033 17793 35110 16655 18606 12199 19541 20616 5393 13927 35436 19822 20414 368 30775 1450 14426 16591 20611 32680 23706 18238 10359 35042 27758 34142 23143 36359 14535 132 1062 25906 33735 2115 25920 7207 32682 19548 3102 18306 37565 17142 3772 10473 19412 6301 6088 582 18879 25873 22840 9046 8779 21601 6520 23963 5546 18485 13047 2679 31145 12237 31358 22174 39069 3060 11942 7875 8442 27005 28047 32626 4019 19221 22469 15562 4285 27857 23194 8472 1882 7984
19876 4375 20645 26179 6824 20651 34646 2578 2539 5741 27528 2736 30669 10426 23438 13791 28813 31420 37633 14294 26406 18600 35540 31259 27744 18723 20668 32293 4082 7618 19323 30744 7690 17282 16364 39664 23619 21860 11204 19447 24171 29073 15018 22254 35374 34637 17375 7616 12047 10344 4323 30115 16324 233 19862 2030 11273 32829 18786 7646 27628 1679 31816 11904 12442 16014 27397 8497 9751 20696 2156 32822 16205 2400 27452 14187 17085 31777 6923 6738 28772 1031 479 38347 14419 3903 7582 13638 13030 26094 1796 26392 9335 31109 17002 20799 22846 34836 30083 21321 2605 34534 1721 26724 1835 8941 5864 3667 8864 12041 2175 26228 7774 20124 17180 9411 39816 32589 30710 7968 20210 9059 576 16916 23125 30848 7003 32209 16717 31542 1210 16027 31614 571 27479 7555 30552 3122 14243 37949 26034 10858 39062 10108 14808 8323 8491 16066 17660 27358 12650 16396 24178 7564 12543 5826 35324 9088 31954 25465 9417 9350 13845 35825 37455 36865 5304 31697 19766 28242 27149 32396 4853 27022 13176 26213 23251 27415 13166 23264 29035 12042 21292 16391 35728 27780 12761 24662 12044 7139 26042 3987 26759 23536 12343 31239 4520 29088 7522 23171
14850 2698 30365 3639 37703 25663 8937 33677 30923 13341 31699 22773 13832 8700 29299 13372 6647 29500 25801 32422 36792 3897 734 26252 30353 11796 18394 36300 13903 6318 23742 25754 16535 28530 10978 30627 791 25315 4348 4587 514 8461 15800 31934 273 26646 10155 27827 21333 19448 38404 24205 25791 37866 35542 6275 31764 17599 21314 25816 29262 25474 16230 26691 13913 5571 18845 31321 14570 29013 4747 26469 23886 24480 39144 38967 28542 8460 24914 10560 12946 8451 10869 36651 14872 21622 2726 27981 7663 36307 37250 4670 31559 21350 28337 22211 16969 16491 20382 22993 32158 34372 25780 28192 15159 11172 5228 7231 8012 3640 18774 12771 24730 6987 11426 33183 30959 31793 35380 6617 22099 23923 11595 18201 12878 37226 39901 5445 38887 5660 36523 32985 3842 11844 14666 7078 11776 9965 4361 22815 24204 3133 37547 3344 9957 33578 2168 22544 25693 150 38413 20815 26256 28774 31654 35834 37766 26781 8561 8658 5465 776 9790 33239 20485 7870 31890 29071 3408 21365 17186 36078 25759 3653 37481 14946 7662 36022 28644 16143 19872 38931 1098 13989 3243 12265 33781 8813 18136 21991 16794 12665 10674 32346 27941 28301 3512 7907 1371 15553
5182 4199 15444 35180 15579 19477 14945 29912 10336 4234 31985 1279 14051 4626 38436 29452 2338 14730 7715 26243 14970 33943 2650 30068 14374 9686 7145 16632 15977 35956 16201 24041 12278 3212 39083 29273 16204 19224 18932 14866 4454 6032 1786 18804 12808 2239 13775 32285 15595 31686 6333 3629 21062 31881 18171 12439 28693 5258 5563 36507 35851 12082 34711 24291 30239 2314 3053 30709 18182 17374 18324 15177 5820 25344 7949 35507 13186 19616 2746 27642 26719 1170 14897 11788 39597 30232 22716 17537 23630 1433 20015 26093 13701 24843 15808 4971 13312 33954 17850 2895 26815 2312 18859 6615 17570 39833 20068 22027 16096 13603 11814 19005 4646 6206 4597 33763 27543 17313 11472 8485 8013 13623 38089 16789 22569 26481 8283 3349 1926 29104 23456 24264 11319 30327 3852 10923 32603 31993 15984 34385 20191 26571 27742 12686 3502 36713 39836 21288 18866 22292 24906 37594 16515 14521 27323 20873 23934 11456 12504 7898 20910 12121 39566 7035 18989 4982 8532 6776 35368 22442 18955 10481 5324 29413 6093 18348 21629 8156 37551 770 5371 37800 12643 24733 25498 24290 29770 7176 32472 24357 908 18309 18847 33144 37881 10571 3375 34513 29355 29824
6952 7675 4492 11979 34355 3648 7689 3484 26526 7214 23439 11155 31626 38353 16511 13342 32515 22017 2787 3216 20885 24818 11215 38899 36052 5759 31097 25922 7654 36130 20660 3078 24865 22181 30217 37107 38023 21157 4367 24911 18212 24601 18697 67 22755 8986 32058 36763 35396 35391 5300 2701 1923 1738 4637 35917 643 10268 5142 11460 33845 2515 14830 9943 23542 357 27934 35844 25152 17745 15334 33427 16713 24459 4615 4060 22966 29517 13355 3895 37567 4639 29533 29276 9213 27061 9085 32761 36292 32365 13510 16401 37202 33430 12416 19209 15947 14696 12657 37775 18415 25971 7506 33722 5244 15028 36229 38712 21971 2139 15699 20796 9395 34436 18732 33680 15828 22309 7320 18494 24524 33694 11648 33520 14726 20186 24074 11775 33719 16437 7280 36585 15110 11751 38412 8982 23098 18639 24029 7976 32977 24661 10225 16290 18663 3162 11448 36371 21467 24425 23107 32770 35045 27377 26276 12186 17664 23881 22156 27607 17176 19737 16841 13977 16700 8563 36569 24049 4617 4548 26291 15697 10593 10321 29440 14734 35334 32511 34176 39830 30260 37475 17382 27485 36759 11404 29307 20828 36929 26497 20800 4779 16955 14116 25457 10934 29146 32190 28944 4947
20583 37109 26614 19155 22792 39065 6091 25470 22004 4777 14278 35621 11907 32790 6057 15389 7162 1422 4764 14639 18244 23889 217 18497 38390 16388 21814 22330 33281 13463 23810 36642 31378 8231 23831 16673 5374 33366 36548 31454 12715 17773 2849 9406 33398 39123 36435 25709 24036 33284 550 34333 22547 4669 35664 38677 23775 12868 9795 20844 26893 36246 11168 29515 21281 339 19523 34697 34487 35036 27138 31316 29666 30098 14574 31361 6539 15325 34444 37393 28032 19271 27574 7951 34280 32625 5572 28159 35125 3351 8740 12496 34181 35116 32787 10812 16832 33365 29633 13290 30140 34167 29719 29442 13803 7666 36452 1343 15464 37234 31530 33451 24346 31924 27992 28803 5285 33631 4559 1533 26513 14056 9052 1570 23518 12955 5543 20720 2936 20768 476 19995 34694 12363 12015 16454 3577 17786 7828 5441 4550 10384 29856 18116 4633 11400 13117 20101 27468 16302 28162 19468 31705 35893 5065 33132 20974 22675 517 14774 4704 34966 11212 14130 6288 35754 14938 11278 14924 39489 18532 14119 37060 37951 16918 36383 22627 38238 24312 7647 8056 35336 21866 32952 25923 5739 429 37850 25444 20786 18687 5094 15914 4065 20856 12589 537 1934 10200 16055
35901 13443 39581 32097 35279 18601 17478 2271 38725 7691 9895 9235 27985 34727 11393 19962 7485 27111 29261 29981 31248 29108 8071 21413 16335 30816 20423 11767 35100 19313 17542 16527 24965 28208 6926 31159 3587 21913 2995 3368 23565 17621 35926 10884 27736 10660 34381 1998 4350 32098 16553 9717 6661 35762 12101 24200 10465 38125 22854 6453 1001 4788 22601 6046 21440 25410 19436 26163 29484 4118 39338 22402 37206 9632 6592 12386 7087 38823 3660 20901 33572 27501 21245 9775 19592 29939 13662 1129 18071 22196 20972 24109 16219 33416 10602 26015 37213 20347 1978 237 34383 26294 30459 2230 95 25890 21880 20026 16157 12588 32075 33090 33650 2669 28329 10365 13067 12904 23038 22708 20110 33098 22824 27338 21461 28296 26412 26826 35172 19626 13303 26986 29668 32817 30302 27557 25828 15634 7208 19386 31656 32674 741 27805 7526 2944 18634 7030 38640 26857 32376 21719 30756 24086 38741 24061 12271 16345 31054 28427 14266 4213 21446 9560 1965 32843 34447 5440 12856 15726 12899 31833 10689 22710 1470 15468 1878 25433 10639 35237 8243 7439 5480 33322 10687 22175 22611 11897 9115 18848 8649 30950 24080 5252 17462 23582 25884 5246 1464 39998
38980 5301 5156 8895 14789 28483 4549 31049 19392 15007 25015 12034 5358 2588 13833 23361 20080 25617 27048 21584 21064 19200 3056 3934 31523 28225 4916 2260 12354 22105 26880 25025 30426 34434 4330 21885 16834 14553 27462 15078 22173 21385 10632 24660 32354 35699 8889 2118 9513 4979 24405 17297 30350 31479 16688 5461 20248 21547 37037 37946 17851 20477 19660 6256 21560 4577 16061 1348 8596 39622 2606 7754 31221 30967 2848 31090 33146 35645 39665 22249 17891 25729 30340 8728 22032 36029 36664 1999 18295 52 31298 19508 3392 36446 15793 37514 15477 1089 33300 32364 5220 11320 10387 13224 565 4599 21523 10928 12727 29329 9887 29943 34197 23319 18150 30142 9842 31243 18372 30826 32744 982 33864 26607 36586 36883 36142 35232 10282 34362 35432 38557 29053 37690 37093 32789 4379 36447 32582 35759 42 3379 18784 3227 38007 23200 32032 20852 36614 10265 14435 23902 31939 28722 2004 3440 29256 29914 26935 35669 12075 23058 38104 25217 33251 18707 9774 36325 33380 1747 17604 36679 18228 33492 29982 36937 19827 11731 28118 35099 30742 39181 9181 22287 12913 37989 18719 10101 4896 28871 16514 12749 5224 14160 38660 36786 13097 102 7559 5560
28746 10408 28055 33305 30128 23240 13479 32492 32857 1139 5183 583 522 26132 1674 3317 18260 31545 7703 26320 9445 6936 782 4713 13460 34922 402 33191 26330 3789 20526 2265 21512 29084 25715 31423 27282 3676 32893 20612 8136 4087 19760 625 10992 32463 15912 9164 26452 22944 6390 27586 9110 2305 36761 15124 1229 34842 11427 16140 28635 10448 30663 39708 29105 8673 24655 9306 23753 12917 24521 31469 3720 4074 28601 3291 33401 16477 23556 206 32562 8716 6902 2503 15757 4912 27697 28816 31433 10506 9836 39575 20204 22511 23815 35276 38395 20286 5933 36720 35995 1203 31323 2688 22758 38230 26828 24752 38077 18195 10115 13616 30085 37400 26644 31509 3264 1375 20556 1065 1055 16420 27788 7621 9945 1846 20579 27646 29863 17863 26982 18624 13680 38512 19772 11031 23111 21947 25456 38611 38787 37092 34037 26778 16529 12176 15843 34741 12875 26896 5919 17381 37941 23694 33493 32156 38789 37579 39160 1703 2928 39570 11058 4700 745 12267 14469 23676 17424 17652 16937 6733 26369 4815 35970 14834 27884 14447 25053 26958 8138 38987 17373 15578 24741 16672 9937 9867 448 33915 29743 16235 27878 12063 33339 18580 6684 11256 16400 15891
19343 37945 8242 31394 35157 2915 3342 1358 16724 21088 34212 4693 11600 5298 17534 9377 9892 8541 11545 23845 421 28692 18286 16783 10570 33290 38866 21020 29091 5390 23631 39025 5218 25299 18206 19080 13220 17702 19685 31106 34786 6223 6247 24321 1746 27027 35269 24955 38662 31780 13131 35896 10537 14672 20880 16146 23583 8213 23269 22177 21836 8170 3503 4142 33851 30536 3067 5677 17087 39333 38658 15858 31807 21454 34644 1637 9297 16878 35584 14577 10949 19069 32717 27102 16959 21857 10649 15453 27220 32010 25946 3202 7803 20846 9207 4424 35993 37019 21589 8613 38484 16456 37287 811 4314 17144 13010 20946 30205 14431 29832 14796 27643 867 33103 30470 6472 8556 30882 18489 36061 16822 17802 5030 28048 28176 20591 1501 17994 28027 4945 4117 6954 22067 22980 14949 23976 422 15815 30776 319 29400 11459 32139 8810 11940 3120 6004 38417 27677 992 19696 9156 23658 98 15949 21330 21065 17414 20059 21504 20714 19487 8408 4562 8077 39904 10381 4457 7573 9162 10647 17794 8487 34152 5008 19380 37282 28340 17008 23197 37490 5114 11041 5610 39305 39200 23626 16261 27779 36157 11922 5899 21263 7750 28752 33809 11511 29033 27864
22231 35293 15929 2405 7824 6712 12617 2622 24653 38307 16825 32630 28622 19958 4449 32045 39770 37842 26750 33080 6201 1989 10911 13226 18443 38402 22958 6771 39470 572 22375 12898 31609 28012 30222 7719 38303 16103 6092 6963 19082 32966 13070 25415 38468 18993 10913 20655 18480 4132 24534 11379 30840 18409 34738 13604 8044 2767 36284 34350 32814 18451 26150 2417 34364 4220 27701 23079 5212 25161 38520 20328 32224 21325 1344 4321 5940 12706 31157 13694 30539 1639 18112 9496 8715 13344 19308 3671 30981 29453 7813 18386 20305 24644 18222 39740 18809 37599 2535 22679 28932 33617 6465 32488 25558 6251 16744 39760 28498 11441 16346 3100 4463 21153 8516 6132 39882 3177 35988 10705 30916 25963 4723 4387 23068 23357 26355 280 38445 12818 33036 23388 35102 6262 28073 11144 26157 19351 10132 32549 36843 17001 15443 35756 36812 31910 35824 15805 849 35556 37142 39663 20762 14354 37853 37337 18422 34054 7435 14370 26620 22507 8967 16996 22929 2625 4660 10887 24363 13128 39902 15011 17779 32067 22425 3877 9410 5147 26009 37065 25076 23204 20031 6889 31393 12344 722 25028 3808 32421 7521 11575 1672 28356 25157 31081 5536 31973 37367 12298
14362 23615 20151 31091 11923 7339 14156 34761 8554 4353 11138 38112 33296 6050 34060 25782 16083 5578 16914 26111 6794 28617 7210 14532 8923 16585 31718 39410 4423 21744 33320 988 31551 25990 25898 6311 39826 22186 9851 32754 33455 10299 5897 19385 21525 10457 19748 24448 24419 16950 18404 32942 7100 9283 30310 26651 32834 29343 3902 22810 35193 29705 17450 38976 14509 653 30516 2353 39978 7502 36491 14556 18056 30812 38219 4658 15867 19769 11137 37390 32987 18076 11704 28951 27291 6192 31621 11391 18635 38330 1991 3822 3276 611 13576 24058 23716 23821 25031 27411 20398 13379 39867 32890 28556 38716 10575 34375 29245 13469 13114 16416 28676 23348 14824 5609 29659 34305 22790 27214 7308 179 38175 26590 2324 777 30550 27351 25205 34929 15001 8575 32334 38099 30838 5018 27065 37705 8557 36549 11370 39541 25761 16704 35503 36230 14117 124 23461 27762 37942 32217 33751 32479 22574 26638 21822 31801 39279 7447 1186 28782 22496 9693 9657 157 33508 29913 6123 18429 35495 26100 7756 29506 30229 19912 12996 23634 13040 15329 7541 23209 32551 34468 10372 21323 13225 22529 1853 7450 8387 25746 25447 24714 10470 18144 2875 32481 17487 33405
38195 7563 37821 1463 551 34519 19028 19741 6607 37086 15776 14862 36302 5860 26808 6096 7138 27588 29153 16965 33110 4918 16315 33379 38536 11166 38723 8788 24977 9586 31210 19000 5205 20587 20763 32812 13043 18070 12600 19926 30361 33558 3007 23550 31388 14016 2396 30257 20426 13640 18173 14715 24362 27908 11994 7345 2624 3308 26238 33937 35008 7040 15540 6881 28093 25520 26522 32563 29458 12738 3817 39457 21053 3300 8593 15441 19127 3242 27881 25755 5598 27695 18813 18972 3727 35394 7017 28567 37783 22202 36768 3870 20606 20676 12419 19042 11932 23692 27753 29899 10390 6984 24677 6459 25144 35202 3514 24432 19869 18701 31796 11480 28196 28702 7701 29132 33111 541 33463 39396 12056 34432 37253 13247 1524 35882 8659 15620 17715 32716 15136 30509 33315 4328 19563 39709 26456 39831 35412 6688 17369 24365 19870 34895 29629 28151 12560 34607 695 36798 34073 18133 6654 28659 15610 17716 6775 970 30330 4774 16727 34437 22560 92 37552 28863 22151 31986 4189 19247 34159 21640 21553 14717 34935 18593 6628 22647 28167 39162 31521 26059 8157 31045 6657 33878 9364 32730 18659 36091 34374 31655 5419 19658 29176 16339 3419 27554 30152 7867
31989 39568 32646 10075 30442 9731 412 37295 34226 3293 25401 20321 25991 32084 10070 6662 2607 28536 5942 30533 7493 28771 2294 195 10350 25044 37847 1352 15280 17730 1173 20344 39897 21740 5428 670 23434 37564 7282 32590 35797 1327 33203 4712 33790 24280 37299 32962 11029 23056 1101 36801 34930 16393 27099 37582 14697 21212 38895 3412 4850 12433 35842 29106 11222 6837 1307 31281 20959 848 15433 35179 2373 29107 1372 23155 34361 1254 62 39596 11851 24164 13622 11177 26650 30277 12975 25375 18793 32125 15227 32695 12422 36372 17140 19037 24849 7046 28386 32767 16610 37195 35928 13041 9022 16998 6751 33190 5263 31478 14604 38204 74 27604 26764 16730 37421 917 8391 32990 1005 13902 4656 12625 31752 2332 37145 35243 37532 7834 5972 26511 35941 39319 37773 24872 28127 14906 37428 3050 2212 22020 36844 22605 35748 22035 34834 14555 34235 25930 37101 31964 16098 21290 19118 2235 6191 18826 1328 22044 22166 33480 19716 10896 19875 21184 3555 30765 628 12682 12598 17681 39828 38756 32621 32865 21945 4271 5124 34431 29740 39871 12246 474 28938 37069 14257 17924 37068 22782 7194 28013 15041 6552 19953 38651 11117 30914 19888 17889
3148 16438 4624 24789 16428 33889 37247 19439 38333 34647 21439 27800 6005 21980 7070 25046 2776 22543 911 25818 13359 6701 976 11606 10017 6010 5203 22386 20233 15480 23522 9300 22707 27177 25101 28200 9037 22664 31601 38011 16621 27081 4067 8480 9117 21960 14807 38444 21207 833 15027 3298 19631 18148 20593 35693 1851 6627 21608 23757 7944 13155 37058 9477 30028 10438 31121 3187 36934 30655 34823 33481 10490 35348 9288 3824 8342 2126 23263 2821 36063 14012 230 17241 215 8210 12659 23598 6726 20659 14845 6443 14966 27180 26921 6419 12322 32037 22781 30131 23352 25678 28704 24096 36850 25552 10263 35486 8786 24517 27150 25534 38773 22876 11729 12836 6608 6976 12919 27308 7577 28756 30999 15422 15185 39360 3073 16930 8380 32090 11156 34456 20610 17536 18186 13383 29814 2876 33561 3893 34294 7201 7228 35989 22946 2924 12021 30630 4824 13972 24577 10741 37414 9347 9530 19744 25690 32875 18037 13474 4728 22931 24991 12912 20734 11509 28669 22408 33310 23832 29066 14347 2455 8005 31600 19879 4965 37572 20947 9573 7226 8007 27978 14671 29027 34822 21550 37534 21912 39880 26332 11236 35576 35010 15388 19527 10382 33396 26105 28317
24600 33414 10650 30885 9986 6337 23050 16079 19140 16607 27445 36099 23844 33065 6280 20671 13419 12802 32035 27316 29802 5884 7375 8439 7811 112 12174 17112 21891 33683 36291 39925 18912 24975 37855 14644 31010 25655 7744 17197 33215 33280 1405 13670 8794 23354 33246 3472 12167 36366 22728 20330 36550 30658 7069 23807 15211 29908 30039 10664 14934 38394 8828 29401 9695 24985 15262 2744 17447 388 10916 28350 19861 7536 5443 18252 26517 24411 36422 23736 32186 35680 27659 32063 33116 35858 4462 34592 25519 24019 7328 27166 34523 17026 32367 24247 651 23077 9730 23262 4040 13123 36839 5766 18352 39042 25467 26959 20853 20913 20589 30061 16153 17593 30194 4629 24575 21656 27268 30094 8783 31971 9597 23693 35251 27524 8591 29767 5871 17239 25646 21215 4962 22239 34448 26783 6816 38224 7877 18357 36405 9921 33362 33866 14445 17735 38140 16384 13122 11998 18886 24020 33782 24612 36232 32938 34115 27318 8045 30711 33218 24763 4796 194 20617 9707 38490 1420 27066 5481 38916 19105 10966 29007 22120 17666 19165 3609 37691 21483 38454 6002 11311 17165 10331 35388 14883 19051 29581 2732 23538 22129 37872 16227 18920 16109 31589 36084 27232 33443
12723 2385 5154 20356 21655 29559 25435 20614 38724 36231 36571 9273 12905 7 35944 4837 1661 31726 37283 13554 30909 20389 24472 17028 30647 39433 32949 38644 30906 27391 29191 26380 31190 12518 38655 29851 8040 39246 12358 30429 30508 25063 11747 21827 37408 38559 37826 21657 20969 36437 31391 28377 3260 3009 13997 39634 31555 37180 169 29485 26287 25939 10318 28846 31299 32675 10419 35079 19507 31196 28485 21670 12463 896 20219 29249 32126 36125 13391 22146 547 34231 8577 18674 20418 3748 23142 26178 31634 24868 20494 30693 15463 9495 25585 8306 26103 23195 12190 38620 26779 12768 21095 33161 32216 23396 30851 18328 30524 17272 29950 31199 28881 19047 31204 5273 13855 34602 33172 2029 1554 14748 13279 364 35532 37013 1793 39641 2102 5367 16132 38345 7474 37099 7161 13418 25224 20345 991 8662 20373 21120 28623 12130 18356 37467 38161 16644 30636 21603 25264 7952 26632 18432 5678 12860 18908 24270 39031 724 5010 38990 28734 1345 38266 10323 37954 34641 2064 6224 22926 34909 30145 12204 27173 6833 39059 11959 20184 12615 8796 36316 12198 23369 9955 23090 12338 12394 38961 10624 34237 23988 14267 6407 7911 31383 38487 1988 11149 26945
39810 19904 2788 15101 13292 5169 959 39499 17362 10891 37177 943 3960 22733 26379 11746 7730 12427 14357 28586 29750 9757 30537 12231 29247 30289 1566 33975 5268 28021 18204 23450 23330 15033 34391 9143 11054 27478 30015 36824 33536 16510 1857 14602 15590 25697 25813 34474 16891 8481 14183 15426 22036 12161 32181 7346 22065 12526 3288 20601 10019 3124 8540 21199 19821 26833 22889 25704 12915 16487 39035 15560 17721 10166 5790 3377 35994 24132 34208 9144 12260 30191 18704 36695 19032 30503 17172 5076 35772 11830 12787 30788 14957 33944 19947 39610 13185 5996 31161 23281 34329 14534 38362 31481 9018 11106 34869 1301 36282 13429 25641 4079 34125 11442 25455 17318 9198 12113 26404 27004 27147 28044 3841 37985 20174 20284 14101 28806 16954 17628 38893 4500 12547 25451 25925 4744 3875 19349 16641 12790 5676 3277 18057 39057 39955 31355 38794 5708 33554 10714 4357 3968 25977 32953 2886 14456 5161 24663 228 11799 5477 14566 3722 26877 26645 12007 29341 19925 15367 22540 17030 28883 28411 22119 16082 13270 39102 29627 3485 32239 20563 11324 3013 9400 3211 31650 1204 17578 3437 16583 38346 32542 28344 30585 23759 2627 17412 36045 35255 21177
13822 26946 10417 19773 37230 22697 28255 5508 1619 33712 29145 8546 3088 21874 36352 35691 27414 17483 32197 25631 31483 33998 31446 33261 36716 13759 23401 8588 11603 27080 37807 12177 2855 786 23122 22354 39213 16872 8932 36002 12210 5107 29727 3474 29590 23856 38817 31052 26760 9925 38441 26671 2448 31484 13892 10847 35761 34753 10800 9471 9685 29223 17301 37851 9600 1396 34248 32263 16567 25563 26895 30855 22210 39695 6299 7783 29766 5938 4811 37694 31946 5914 39436 20743 33102 27673 32238 22900 31459 22916 9056 25789 8795 35678 36647 1884 1298 19418 33233 25544 23691 11846 22546 16060 30531 8899 37665 15412 14206 23946 7708 34174 17366 20051 10765 30877 24505 20012 6783 31341 8249 34726 30817 8290 24830 20261 22886 14332 29024 24875 16186 35019 32335 37911 23790 39741 35551 5770 26682 38044 25185 15079 4038 16156 29900 17695 5070 26747 26310 36735 9863 39291 38426 31390 3134 30593 12742 12318 14304 22948 24776 20445 35132 29383 18251 36906 13862 2159 16263 9511 6105 17598 7736 20020 16981 26641 6927 15421 16949 23004 6743 10352 39943 29651 35035 23243 17788 28939 8807 29960 20609 29582 17356 27529 16239 21415 34495 30893 22769 34939
21116 18660 30615 15218 23650 11880 12599 22864 12554 23165 8949 13283 4128 33512 33278 28193 37122 20961 32970 2173 7499 3410 15953 59 9158 29444 33136 26054 24756 10285 23032 36187 3345 22538 3650 20597 27692 11643 7921 36517 5311 3615 30521 57 39469 12584 35254 30646 16170 21383 31853 33601 25093 10734 27899 27354 1248 9285 25594 11807 37097 19012 15916 10873 21654 12949 36620 28276 31148 7772 4702 22456 12668 35447 28244 22711 6171 19575 10527 6033 9318 24048 6795 30884 21181 17234 13713 19941 8265 8990 3138 11630 38291 33968 36209 16797 25722 32149 16913 29171 5310 27508 2342 14476 6832 37764 32115 5181 15364 31996 39887 13150 6078 27766 7913 5623 15409 14653 29551 14965 4800 1435 6031 31905 14980 14638 5314 4071 15831 975 33329 34682 31831 35655 32592 37448 4340 33676 38588 26224 37846 11935 37798 19981 27569 6565 34803 37978 20276 24435 38548 8691 6882 16459 301 3347 11548 11429 13188 11226 31965 2074 27942 2392 5970 19719 13851 36103 14344 32743 4553 7634 37342 24543 32372 37374 34904 25546 15822 1726 11074 35541 33459 26953 2067 38479 9230 502 30862 37201 9727 26417 17050 30983 34386 39192 6503 6111 33255 12117
7836 37046 23049 20574 4600 35775 32733 24094 38586 32845 22895 5718 7516 20154 7523 25250 11878 36795 13889 16330 21597 28793 32574 38847 28650 14467 28171 6466 2413 29283 22365 33021 36922 4405 11772 23747 29940 2971 7957 13004 19074 38416 854 2906 33167 14417 10443 14448 3196 17404 29158 27194 2729 6297 35131 11777 18036 1513 29168 35957 10141 1704 25125 29320 13850 17539 34661 38366 35300 9705 3130 4447 38014 39599 39340 4521 2300 35923 8947 12580 3646 19498 19049 18086 23007 3510 39690 29847 4876 7352 38877 10449 11611 2299 34776 24561 27549 10892 25263 37540 7480 34805 23584 16826 35166 3075 19943 36098 24327 7847 6393 1498 23331 3203 6571 18046 36641 3443 17368 19856 29357 19203 4802 24187 33824 32379 12436 15299 2892 16771 96 669 34069 20354 6353 18612 21799 30168 17547 39896 14226 36347 33122 36834 24606 33158 483 37761 31837 35238 36561 37305 39915 30380 10466 39744 38418 18677 27343 34949 15963 7978 2016 13725 23078 6553 35622 35177 23820 21738 1954 18329 32394 8814 540 8448 31177 22126 4929 21511 39857 10682 38957 5704 35755 6956 17805 10306 24820 36899 18794 22832 25592 26003 6427 23245 5056 29810 39670 39960
31133 9053 37130 2331 5555 23437 10252 19305 11588 27895 23712 15346 8849 8911 8597 31372 8310 39692 19857 1 2060 39377 17767 1019 25384 13249 16547 32290 15604 16363 1761 17399 29783 972 1730 27342 37330 8583 25051 23719 20929 20928 9642 18445 39890 36148 28460 20877 22898 20087 14397 26770 19934 26117 32556 13782 7256 34425 11382 10850 28212 6018 29089 16726 19236 29103 1573 36676 20871 36180 4740 12249 23052 35168 38463 15455 35911 546 35143 14496 38908 4889 5471 36362 6374 30304 32595 16430 12236 33810 33660 23228 2244 21968 8079 37892 16766 3374 16353 25588 5630 18508 22550 11867 39881 21364 28873 1230 2107 18978 8793 4156 9920 7405 12736 20697 3192 20745 36884 38428 17387 31284 13038 31891 33543 39173 29301 11055 22959 26918 25150 22608 23498 39644 12753 34147 38528 6489 21732 34071 22635 20938 27550 37918 30843 7515 2768 38147 19479 17791 30892 4613 34827 28146 2345 24613 15117 31150 15361 35586 1542 15111 33313 12863 35130 29251 25110 15151 25235 8697 38076 35097 17913 34081 10097 30086 6027 5201 31032 20444 5795 2441 29226 36983 17203 19662 15586 21730 19577 16409 6007 19340 39240 13651 3552 19243 16788 25817 8346 8062
24257 31912 806 4746 37833 4337 36239 11348 343 15674 6272 23577 25399 18922 35981 20252 30624 23432 5106 10040 18091 26689 13132 17092 10059 296 1499 27437 23720 21805 37140 18111 31155 22206 22997 31574 29431 36632 7187 6949 26570 32541 21571 33608 22050 37811 15353 38494 28327 33389 39646 24813 5400 1234 28535 31336 22992 11903 9902 32720 12523 11048 28786 20567 20888 1820 4509 17168 35557 36827 25664 5839 10837 15258 8431 38991 12144 37673 37375 27407 12992 35672 3619 30777 5959 19137 431 30863 10635 1518 36126 16190 93 24855 18918 13914 11841 22917 29204 2492 2318 22238 3064 15461 22536 36087 25060 27405 3354 30474 22610 12901 8457 25012 35786 37692 33437 20821 36773 8663 446 27463 3482 3402 3602 27661 9032 27228 31921 29771 23713 4605 27589 1425 6812 30077 38367 22267 32397 13663 18250 33900 14079 7179 31782 14106 13055 19679 37748 13000 12481 11365 1549 35138 37617 618 36023 15603 36619 10681 19366 22343 7791 30659 8643 34808 15997 23402 21739 837 34614 34855 22753 34476 12984 11237 34318 38384 7549 374 27936 7723 25260 17796 29328 22158 16141 32510 17477 20635 2602 26541 27013 26985 9130 13060 5594 34884 23260 7790
28973 12494 17637 24238 39982 25208 26902 14606 7362 38922 32880 32627 13333 9293 25553 4256 30623 30865 4957 620 38000 11021 29337 31725 10224 18671 18261 27581 24194 22059 7512 26863 39974 8689 26777 32340 26587 24635 29692 25823 251 34570 34905 35420 9797 28218 5017 10184 29208 9739 32921 30126 2410 14716 1806 33698 10592 17556 30392 18397 24108 21490 22452 4099 13436 18427 13702 1007 9298 29330 36117 17894 23766 21096 26962 10523 28153 35385 25784 39618 5379 16321 23835 31669 11537 20279 19693 26810 14434 30505 39488 15163 15582 2820 38358 17699 27886 5945 6072 28809 35637 697 38078 36326 35312 27341 6254 31728 19248 4978 24917 32478 4218 2823 591 5294 39251 22772 33922 12037 8808 1209 34225 29197 6793 34367 33005 25844 15271 29580 15520 23112 34844 26137 18730 22612 24168 10253 27345 12948 23270 34616 25267 29015 1632 34098 1767 4335 21522 14904 10704 37794 27090 20849 24308 15791 16839 21283 1899 32348 36758 19890 19842 21142 12471 29762 21664 9453 29058 19239 6266 9810 844 30685 12642 511 2806 28278 4546 18395 19969 27306 23121 5931 36280 31841 4503 37544 18696 39400 689 14061 24276 716 6483 12765 11592 16373 4270 38245
18210 8146 29192 17472 12428 26872 25524 38229 19986 33003 39185 21363 37417 10815 32818 7839 38878 20710 7554 38097 3315 39452 9062 14745 4838 17335 18162 15020 15693 3557 11671 37571 39600 4489 26763 14201 3455 39959 9504 23008 20765 36143 26720 25970 36459 25623 15774 3662 10652 24666 39409 6530 1717 6021 19241 28007 7125 31232 4081 31429 27189 30525 38830 18401 26240 8623 6429 16748 38560 18643 18129 10366 3352 7349 31596 38933 29742 13768 1729 4316 18619 15212 24486 8424 29025 20441 22487 22018 1599 19911 16624 2104 17081 38019 3127 30651 35383 37285 6085 4007 26029 6808 23794 39225 26296 25177 23462 36268 29868 17037 31026 13154 10950 17775 19 12780 28336 34229 1077 3736 10477 3222 10732 36444 34185 30186 19072 33586 26419 34498 12295 7134 9254 37281 22321 25230 21778 2426 26578 26311 21221 36295 30902 20229 25919 2499 22522 33986 5908 36945 30523 10503 884 21373 19776 11437 32305 3770 1426 13911 14492 38598 6509 866 29432 10202 12621 9447 278 1636 3486 17639 22828 5231 36116 33422 25386 30386 30787 33429 35022 22793 22682 34177 15134 30144 18640 36460 19834 10780 32884 22914 35440 13241 416 2214 1755 27552 35453 24669
16710 36725 3466 2211 35776 39139 24181 20102 1324 16975 24434 28991 6545 38397 36623 8873 18995 37804 10766 37712 5961 24298 28191 4696 25614 38226 10628 3899 24083 33151 21997 11466 10158 15190 27591 22360 37974 6966 13253 5118 8048 32554 38282 14179 23282 19353 19757 1385 29885 3936 664 24216 29473 33028 8639 11764 18389 4300 33485 12640 5022 2930 5888 14626 3723 36683 3069 33007 31918 27748 27364 37040 6229 28694 29751 20076 33684 13774 11301 7589 36878 22061 39128 16340 25853 24817 247 5432 36791 39638 27502 28143 8428 2297 36967 6331 14524 2325 25434 37392 37083 9413 11670 26264 19823 3791 34421 7483 12201 23622 17105 9806 562 38664 28658 2524 25571 23106 10045 21345 36012 38189 17543 11420 36974 37836 16827 6757 3572 32150 33304 967 6935 18597 39985 10447 4834 13353 28445 26133 19465 13986 5755 19422 9280 19863 25888 33142 22015 25545 23254 5703 2021 21346 32237 26040 10296 36734 27209 15975 7814 21507 25810 17213 23147 4162 5299 26718 39468 16844 34007 15861 25860 38767 22294 6883 20409 30472 3214 5780 24564 39957 11873 38549 32026 26340 15676 2538 23704 10441 7444 38155 32385 17157 7977 24511 20548 24664 34118 32905
9691 7518 9210 15952 15893 1313 39603 21282 14814 22285 36681 37825 17255 16448 19585 10701 32806 8868 16051 13517 7415 12263 39521 33192 34841 26181 30000 18538 7874 1349 4674 2281 33176 16609 26241 20588 36665 37396 23489 32878 5139 22670 31632 31537 3702 10360 32369 8797 39484 13172 28267 29212 19886 25071 6431 16069 39749 3795 29587 5004 12965 26215 34207 21848 24198 32138 16661 36085 36258 14844 33729 346 29115 29979 34240 18495 516 14136 27553 31805 3046 33159 6069 31407 12733 35936 37357 11832 18482 9763 13669 37569 13175 38103 31737 8750 13180 38074 26666 1735 4315 13749 35311 21400 35818 17309 5883 11585 2232 11502 6202 18756 36206 25394 9512 18547 8711 28859 29881 18537 24782 7871 23261 37501 24553 21220 16622 30676 3505 12853 24994 33670 3840 5799 3497 12661 24643 28138 3859 11024 23057 11157 1519 36920 14893 9366 28525 11210 1476 33153 26367 37028 19478 18572 27355 35092 35809 6259 39973 12931 1490 38415 34203 8282 8237 7453 22632 14343 32517 15794 7142 27070 36134 6993 10840 37153 14735 19622 3916 14857 22491 13091 38825 25032 6379 22398 35604 32127 28102 25877 12272 22526 30687 11861 30820 2090 37349 37835 17962 11175
3603 39418 35113 19387 10201 24829 23405 29748 24618 30904 14048 39859 19017 30261 23226 36205 26233 23521 21671 9854 14591 18811 16769 14427 10145 2755 15328 38977 2975 10111 22095 39694 26812 10731 30105 29391 38518 26656 17694 2739 28165 19408 16292 6920 39625 32714 8209 26322 18130 17242 32614 3666 21643 7135 9231 3330 15594 34451 19568 32061 23163 35460 1128 39565 34814 16791 8098 6798 18749 35569 36368 22500 28486 27712 20706 17522 7889 28758 28935 24129 30305 5716 24619 22262 39300 18823 20943 2901 36306 8301 27745 17221 2044 21658 24970 39919 10720 25852 30597 9296 18534 26788 21585 14004 37671 1456 35562 22849 29090 33420 9866 27967 23389 9922 27669 28978 39001 21696 28553 7910 827 14678 25676 2034 15535 21255 38302 30494 5213 34440 13506 28989 12721 14855 17337 10583 35946 24258 26821 26024 29617 35109 21021 38617 1256 26387 36443 26237 29869 24922 27319 18477 34061 30803 7295 23711 17609 27874 5482 12570 3116 20038 36867 24151 35472 35964 31467 10712 23468 12505 3340 7106 18287 11315 11343 24266 17530 15268 33048 37930 23067 13985 30500 1649 39601 24767 12867 30741 8610 28272 656 11060 2170 8318 12431 3679 4606 26913 32027 381
37310 8555 17280 18248 3414 13976 21484 11571 747 24347 29231 31531 23752 27101 12140 7788 18216 32976 24474 19122 22556 33486 14174 28070 151 15851 39796 19810 36430 11132 6570 351 12806 14953 29180 17945 1861 26610 3475 19170 2897 8536 8926 18303 16101 11980 32957 6439 19270 27601 1950 35719 22953 434 34746 23848 21188 276 5219 6381 7183 17728 12834 32973 36845 12122 27729 35639 13199 32025 22865 1757 11939 33450 16761 17774 19280 28866 35778 39146 11190 31448 27835 16338 22807 10828 27976 33538 16902 21377 15081 5217 35122 15738 33657 19837 25204 1937 27584 38587 22224 33892 21849 38196 37164 30415 16244 6636 4233 3430 26684 18285 4359 25001 2762 29935 33833 9033 9953 14649 35333 37233 15047 9309 24645 9236 25687 11398 33189 28135 24271 17284 5420 23756 18761 10153 30471 15344 2884 10558 26170 8471 37185 19976 25303 11101 36417 10716 32303 22288 20769 11378 38771 39647 2098 34858 29409 21614 30935 17396 14254 30703 10733 10495 37854 39191 10634 6438 11211 26890 10373 23779 549 4581 5095 8963 14154 16654 28240 13738 15198 25389 32742 23932 36468 19396 28818 35332 14892 3532 12219 17332 39678 33061 23229 18548 31170 6173 16759 35788
28300 21465 1196 24754 9096 38194 20461 38915 24898 4134 13984 10022 20528 5612 1977 28365 6619 35877 39066 38948 10742 15812 17383 23604 4940 15917 20226 18331 5901 27039 3424 22133 10021 38631 34572 36984 9681 28909 16297 10629 8499 11759 8914 13555 4543 31141 6375 36297 20288 14377 4483 8308 3146 37848 35371 21216 11692 29402 22320 4852 6253 10290 35696 16551 11088 5370 30410 10328 3240 31354 31085 17980 12563 20677 12353 27162 21714 17336 21925 25321 22962 9170 14510 37339 17608 10208 7118 27129 19084 36956 10868 3343 37360 25867 9549 34538 35579 17042 35620 4902 8067 31608 39477 18323 15465 34985 10830 11476 4689 18312 37615 21927 17558 4731 26948 30637 5180 25148 31638 31037 25741 11083 31701 29761 26558 16242 7432 2207 18098 33987 32151 38524 24665 5979 8936 2960 36021 21771 35857 28089 27477 26324 35783 21267 35265 22686 18642 17009 28139 2366 15068 10870 13096 13320 21788 19372 18375 1330 25798 9531 37894 16636 10688 13572 7507 23998 22367 13751 26209 10604 7419 11085 28395 17460 15132 6930 7681 25645 10697 36544 11023 15390 14667 22415 8203 38423 2189 20317 19759 39697 14564 33744 2877 8955 15188 15850 16831 38453 22829 11857
17884 39133 26866 33318 24273 10596 25440 13278 15343 33223 37723 4491 24631 8624 21434 33850 24723 29531 11624 6587 27284 7680 7268 13050 30461 13867 5286 12555 35663 8350 24942 21682 36657 25737 19562 785 21979 4351 9419 8881 10889 5604 38669 5 38541 7283 3856 13127 19033 25807 17287 23329 4603 28039 19255 17569 38024 38622 36718 28503 4748 9847 23535 7153 2278 10625 33645 33547 36722 21948 39878 24130 16134 30045 16122 21854 19497 30874 821 13917 19453 22011 33079 30059 34354 7509 36622 34303 7365 37781 36486 20136 6749 35630 20469 7716 6992 19793 19763 17877 774 33025 11036 29272 22925 8509 15685 14599 1913 10641 12103 22579 27609 32195 7765 11951 9800 29077 29601 15773 27384 22201 34960 981 26731 1360 17677 26019 39648 6834 18106 6148 27146 23271 27777 13534 16036 7818 25168 14455 24253 38265 38340 29182 36613 8961 5941 30497 27265 10736 10832 36596 28707 17612 25738 5067 4240 12685 711 23700 35448 1165 15565 7020 19559 12906 35909 37500 13978 31352 11214 34756 23620 2418 17565 34867 15864 812 2087 25098 11367 8528 3891 37007 35999 24973 2868 34446 11892 16173 38637 5474 31649 13223 22347 24457 3209 14669 462 3113
15128 1842 37187 32318 22548 38211 7284 11688 34424 15524 27161 30420 25929 15845 27830 30431 31275 20979 37304 22455 12337 9228 39056 17739 9481 2077 7544 3223 29792 6594 19627 8743 37063 19604 36508 22420 22699 32302 11616 25324 3796 39962 19946 27913 31077 32476 12014 23350 25016 33498 453 31562 2859 15108 1626 32954 25987 8834 4208 1872 29532 3855 8168 17218 30801 27873 39977 37628 27849 19682 11353 20170 19102 2716 1678 10257 19450 4618 646 17880 37683 8573 38657 10433 24620 13296 34712 29827 16116 14956 2222 4486 927 10655 35509 29227 20540 20165 22038 34796 6183 33565 13523 18517 27091 20667 18957 4542 28227 30792 20897 39085 30895 12968 34715 18453 27419 21227 33829 13693 592 31707 30858 35017 25141 7099 12029 12951 33831 1631 16210 17245 21620 15913 23287 1905 6102 4530 825 19664 19591 19521 12070 31779 16472 20467 11007 30455 5081 20230 8059 16509 27826 32143 15240 18139 25621 27418 28645 24214 5128 39047 19715 7239 39208 17538 27644 14247 4927 3504 14634 7092 36728 20546 31938 4005 10679 23795 38081 25426 18691 25528 29411 6464 25895 9766 22956 25912 28279 272 21659 3090 22203 30236 29031 17624 17590 19201 22744 22871
21222 15285 28661 21733 12869 31861 12453 9631 11181 15508 37397 27486 4448 30022 29054 28696 11984 28256 26545 24773 9918 35135 32741 37987 822 9100 5525 10370 1437 2965 35534 14856 17592 21938 6699 4004 23364 7869 23505 13262 4771 16978 6894 8493 23403 34850 31616 38884 25275 17509 1595 36709 17099 27160 29202 4119 22274 3480 23610 35866 2474 23436 6143 13708 17021 19681 8855 6505 14158 3937 33802 17740 36832 27056 29741 3326 12731 37883 29811 21694 20002 35431 11512 19059 19812 23249 26802 18367 17708 29468 33673 24527 23491 32534 35142 7247 18411 34611 28576 31913 22804 25225 30303 34798 13615 9823 36425 36457 17167 10988 28872 26555 31740 2124 27084 7184 35154 30013 10584 119 18763 14342 1214 27605 11561 34976 36082 13018 29639 14013 21882 820 35159 34505 36825 33370 13934 5833 2177 11693 17405 14698 24821 29154 16906 19807 3128 8945 8574 34999 9432 35236 8756 20725 24686 17250 28512 19998 37929 13587 33715 37596 38652 30019 17029 38433 36275 9455 21790 37768 39745 34849 26461 8505 30248 12147 19749 22056 30823 2471 16359 13438 39839 27866 2377 19758 5233 29860 30419 18354 9837 29573 8772 16366 37759 21173 22012 39479 28518 30807
22364 17601 39154 28831 19160 2781 487 28854 16392 2076 687 5141 35791 21736 37197 18923 36912 27907 7326 5635 32282 7983 24124 19866 19561 35863 35289 14188 14618 4421 39341 29263 4797 25289 9590 39764 12175 21521 10977 25996 26328 38754 22885 11114 19093 1642 5039 36398 14998 16765 6518 26552 26401 35258 34074 6423 19157 21395 23997 3456 7693 25163 3166 11151 263 27707 24299 36257 5345 31182 3994 16938 20435 38763 5275 9074 804 12350 1699 757 16530 11694 1586 5904 34983 30955 38232 29825 39583 28865 19277 26360 29870 2798 29190 11765 26484 12364 1284 21847 5775 21214 4091 7204 36236 6411 12816 18269 1880 31745 23431 37353 16715 23520 21890 27426 11418 13509 7181 13928 38642 29752 525 9665 31747 15856 20682 33257 2274 28147 23888 33843 17283 18695 15840 27408 6611 18193 12662 17697 6481 39080 2569 16883 3225 31164 3498 15106 27796 14919 33230 34042 39490 889 19217 6978 12561 31528 37493 18359 10579 8752 34284 17525 9703 19404 2350 13805 23530 9702 16127 17166 10958 28564 11641 9944 7103 23300 13664 8195 29243 38583 38917 8966 6803 13872 24246 7548 32034 12120 38515 10065 28164 1125 6134 32778 13553 38772 30224 35766
31723 36772 33369 11579 36941 28701 16280 26582 5724 15888 5709 39391 7909 30263 39381 20976 515 23741 29387 22935 7669 4407 27086 29277 11723 28355 12854 25502 22104 11662 5337 27859 20273 34958 30272 7158 36477 16866 8383 3725 15657 1191 20644 7770 3691 27693 294 1032 31264 19902 33685 1942 33592 14961 33395 17705 3634 19666 20628 36500 36789 6477 30875 13938 36402 32310 27839 12238 29342 3527 2213 9998 20549 16590 25181 23428 20948 13979 34599 29688 2845 10343 17046 7672 30487 18747 6825 11771 27020 39447 11835 20147 6960 1399 17501 11890 33611 7928 24078 17324 19187 16648 8452 16362 23386 23833 19088 18766 36036 34019 6432 14049 648 16174 15855 25033 21903 24175 34384 36097 2642 11040 37044 37919 9932 12395 7430 12304 28136 38526 20067 30738 28811 15180 7885 36278 9461 11431 11862 21301 33970 27033 39809 12031 6689 32287 11699 17613 25517 14875 16111 35773 38799 29253 9193 31771 39942 9813 30620 18514 2660 16273 11642 19135 22700 2003 23603 22182 38568 10375 39454 12711 10614 34736 17515 38027 36075 6165 258 14540 6836 22502 35360 25744 4452 16768 29917 3935 35633 36511 2560 174 25634 24835 32813 24698 33058 9820 382 35827
14901 31873 27979 7878 6340 31580 5011 30129 17985 6044 9301 12691 6418 10411 33713 14471 15109 2598 36381 35249 24233 8367 38471 20331 12553 1153 34059 1715 3742 7051 20045 29891 28533 10231 33624 28605 23460 36528 6112 29388 34880 37645 21828 27148 7879 6025 36047 27141 39803 29616 2880 840 8594 27755 21268 23657 17673 9623 9667 35171 10976 5534 4021 10144 30795 18614 39649 3907 7445 32107 13839 35098 11250 9815 11079 6851 33614 9409 27590 7371 37767 1308 3197 16100 39500 38332 25330 10355 34298 15460 13330 7619 18940 20581 994 8444 27436 29394 24386 13109 38025 16568 12881 11269 27246 11990 39688 38852 19771 23764 38727 4476 3632 17017 26504 20200 8965 11142 5779 22825 6115 10962 12594 7124 28234 25231 35979 36606 10556 163 4892 34120 5279 34202 18045 1045 24572 2888 27469 27195 25311 21401 20313 18365 661 13486 4485 21170 19283 14313 7071 4708 27792 19964 7763 283 16458 36875 10783 32199 33973 28570 38359 28905 34097 16703 4842 6417 22742 18507 33309 30281 6387 20342 29614 38750 10581 11957 1997 3325 1742 331 595 31160 1355 28642 35833 17454 30044 663 439 22759 29968 18418 24708 10213 20787 27382 33403 33939
34843 20783 19646 36262 32137 2619 36909 25725 25952 24827 37644 21341 13539 15810 21838 11564 20872 10899 31611 5593 31540 37602 35377 32867 10952 9994 32019 37102 25120 13846 34028 4956 14364 2931 327 19021 30712 25760 25980 23415 28362 6543 10554 15749 29933 23616 33511 32448 20727 15316 274 23314 16337 35864 27786 4643 13275 18205 24127 15005 2777 504 28309 26503 23144 24229 14109 1217 36891 10374 22521 7340 31075 1112 5262 17158 20282 13611 26576 39475 612 34902 11127 18442 31773 6496 22924 1805 13173 20294 24099 22270 22055 35305 23303 30601 34728 22607 9767 26468 28457 5152 15559 39086 6116 28181 9971 23668 33740 13558 30055 39243 39869 10148 3733 33969 24284 25021 22280 17315 3610 3248 21128 15915 9947 28544 20861 28459 19582 22466 26931 24050 31963 16894 7172 27395 14184 5235 25509 159 15901 18741 27420 31541 18296 520 14124 36373 20439 29005 8661 3473 18459 24422 11070 6635 23573 39772 5340 414 17516 8517 27143 12185 20195 32854 798 19476 17504 10250 16890 10085 35058 6195 25530 17006 6591 11493 13900 2283 21798 3996 31057 12597 35316 20945 4311 29649 35356 30997 38755 10888 16741 25733 3802 38544 2547 36960 12509 15072
10927 20123 17114 21041 13890 24207 21916 10535 29437 39671 451 20203 4236 5553 36810 24004 18125 20095 255 36905 5485 28419 6182 27176 34742 7193 15527 21662 39461 8746 9811 28950 22234 12696 1030 8055 26686 6225 25189 18123 3711 17388 7935 36675 23047 27990 13491 17443 33825 39329 19226 36463 1713 9735 11605 12681 12829 6925 27030 10300 1525 19342 7427 18917 36100 18769 6569 11341 11849 38953 3400 14569 13164 22089 22655 30778 32684 28204 24344 12959 227 11710 5172 8281 24786 35638 5696 39518 13327 10146 37365 35366 32632 10161 35256 34716 29325 2933 12608 387 15006 27914 198 10909 30810 2306 24340 305 1497 24212 14481 16877 10223 2137 23661 25026 30530 14404 12943 39369 8050 33566 28738 20520 25953 34263 19992 14272 3435 37963 9649 10439 24825 14029 20726 6043 22295 30737 5732 18529 26739 18486 23738 826 10683 4557 33992 5206 2596 35865 39355 13808 25342 31079 39693 5512 18753 3265 39309 26853 29219 3334 33087 14340 1741 37762 3161 27118 32571 32605 25773 25111 20879 30398 8114 1107 11254 16217 38422 4107 12804 21619 22923 11742 39267 37926 36527 18882 27077 20235 17455 28829 1616 3762 1122 21059 37193 29392 2203 21588
28867 17961 25471 8736 29987 8406 17597 24071 11279 21398 25910 24878 21035 26251 10151 13580 4899 34745 21529 14894 20904 27959 25182 32655 6838 31396 21 4790 21987 12704 33934 7364 1520 22873 11725 39729 24578 23132 17135 37882 13681 23953 20173 8230 21174 39068 33919 25911 39941 10335 7105 38886 35225 26988 13190 9791 14164 3170 30012 15790 36110 23383 35310 394 70 26963 4243 32581 25328 2205 29403 26907 33721 2068 14459 27585 14873 29911 6372 25627 3730 13650 36408 32600 19526 34058 24743 9931 29032 39353 22167 35248 23861 14768 6128 13037 27958 13995 24569 23423 2095 34598 24259 29148 5293 9430 31167 14511 18446 5852 3305 1571 8398 39520 27635 3139 26249 19617 3848 9205 20692 31624 2326 28890 36593 15374 9391 2000 13571 32469 21905 27000 39906 2980 32446 33993 35751 14743 729 36068 1944 2982 29959 24646 26439 20249 32485 3593 17290 15214 5530 22573 22623 28765 28085 1048 16073 17835 9202 32727 33124 26393 5413 32925 33418 2279 34864 14843 37998 4602 32074 8437 33519 17199 21359 8458 1050 10280 30804 14821 35564 15499 29316 30119 19706 34770 35508 16479 34251 1178 25497 15569 33982 38558 36237 35537 28224 31687 10389 31957
38745 26928 34172 14702 23735 12776 19530 27951 19036 750 9907 27474 1506 22859 33526 31043 31186 7793 14297 39767 10266 7104 4108 35610 37429 26030 19446 27641 18326 2692 8197 34540 2227 36838 28319 9216 8190 31325 10302 36729 7066 3599 18197 17898 21430 36599 32460 27130 1810 32509 35959 7460 38188 10945 26092 11709 8710 32347 19344 24579 11206 31300 39350 19547 39405 5773 34689 38630 18108 34030 31253 38049 18338 5038 7053 25537 12649 31821 31899 15982 3820 32048 279 7872 15315 38952 9674 33139 28461 35817 7325 20384 26795 16787 24721 16440 29117 39205 16528 11312 32868 33655 36634 1014 2246 9384 10218 2743 609 23259 5969 5674 25629 12172 11407 32636 35845 11714 33528 1400 17494 204 14253 17843 19787 20869 20424 19919 19613 6609 12464 21315 10516 2600 36988 15561 37222 16 12178 36322 20971 19442 20189 22163 5088 16114 34151 20475 14641 25830 465 27711 8815 36959 13674 18226 11401 15633 18656 29934 12276 21458 23102 21112 36177 19024 36393 10587 14597 31119 18779 4569 21477 2079 38053 19045 2782 8625 29871 8843 26889 34995 7974 9006 34636 13365 9612 13704 34748 35646 13965 33270 26134 27869 18336 2360 39937 21388 16286 7379
28043 6983 5769 3144 20258 10126 31504 39748 3614 19244 13606 29086 949 20646 5785 39899 28069 17899 12329 4589 4572 14596 21956 25602 28005 22751 37379 2489 18321 25251 14015 12814 31036 1706 5037 2277 16092 24172 2796 8149 13570 17969 24550 22637 7062 8023 13875 8915 26967 16372 32428 23523 13244 9452 13057 29461 25209 8137 23154 9743 18340 33510 1817 24630 26530 16803 7102 13962 9741 26565 10114 13152 36678 410 22426 12475 34545 37094 5568 21949 20993 4204 32650 24431 25160 19038 28372 26941 24188 36611 13392 25781 28360 14878 66 32566 25580 19364 37884 18000 15176 9976 32069 28271 492 26166 24379 26939 19905 37899 33298 30667 35381 17682 21677 23962 28313 8263 16731 39874 2484 38312 137 29725 18368 6622 16243 4084 8978 13643 28554 39553 16105 4046 28262 16798 6579 15069 36426 7076 13756 8095 30020 36016 25305 32381 10042 17219 33885 37017 10536 22155 34214 22473 13806 18078 33289 39347 3039 322 16733 36038 33929 1551 19011 7625 30033 11859 29864 2715 17816 16215 25999 36149 36324 14241 5803 28150 27344 29647 32678 7524 4249 16476 25134 18645 373 7617 19602 18650 30739 34154 25659 37362 961 1962 34199 30991 6463 36674
39048 18142 28606 39672 36554 17857 14396 8484 15088 14950 919 29905 4657 29699 2883 13390 21610 35415 18001 34508 36107 30456 35270 34876 10905 37003 11283 30934 16457 29229 10666 10 21686 1215 35285 32345 20237 11080 17887 18291 38182 35793 32163 30042 37100 1867 34414 5513 26883 16976 20143 24006 2343 637 35790 12069 2472 9946 27125 37453 32162 37986 1886 136 26906 39292 17896 16882 15587 4180 4856 4171 38576 29479 15105 24023 33170 13138 22162 33254 27969 14899 619 26792 36537 39947 22945 11061 1698 26956 11147 6865 34442 1237 17741 20990 33823 35977 14466 35739 26020 38431 31267 17596 31007 29045 1439 6933 36745 36570 39071 36146 38352 841 11800 29524 1268 9369 11779 21514 34543 23917 16897 3906 35469 38329 35149 34606 33739 3169 5962 19019 38829 15669 26307 19816 23268 32659 24779 17059 38319 28808 28513 23936 31338 22189 880 32184 37965 28477 25840 19640 30319 30373 24565 22308 28391 18633 29993 35785 2682 28387 23490 38080 14916 10643 26609 6888 38235 32331 17568 15142 31412 19668 5444 8145 27652 37624 33264 25243 34752 21564 13918 23208 20272 15743 35528 10676 2062 30295 17357 24288 1888 1685 71 921 22232 11902 13159 18617
34234 33487 38168 6410 38850 14951 3383 29419 8313 37832 20952 1641 3438 31123 35275 9968 2719 39702 9548 31968 4437 2589 616 3290 19398 27865 19486 1992 23808 13716 31328 309 4969 13366 4718 35315 10288 28260 4805 7144 11672 33200 17420 33317 28306 25557 28393 30517 22771 13351 27853 7587 4013 27073 38299 8495 39652 28615 37239 17430 13950 35498 33029 32847 7603 21366 37777 19470 19913 34992 35325 33155 37009 18475 5736 31197 32432 25266 2444 20141 20555 5608 35378 28507 37837 8381 13446 27252 16452 5743 5254 7779 11090 35112 36259 6163 2031 25981 19939 26058 8006 13660 29427 22985 19050 26049 34138 28230 35852 8202 31001 10502 13635 27507 25803 9480 34072 5590 4923 2479 25648 30468 29919 23678 32256 6094 15546 18465 19596 34681 8801 19742 27627 18623 37438 11293 38936 1760 12688 5527 25587 20220 3697 35297 5616 15401 12877 19544 11717 34579 25237 34188 5496 22850 23441 7292 11926 37937 23347 2057 10798 23654 18698 14640 38663 38414 38517 337 2616 9234 16961 22927 21476 24823 13796 19503 39021 39522 7206 35404 12821 9772 38179 2513 3012 20603 90 17339 24014 12261 6257 11478 4158 14677 1548 35949 32036 22449 34287 22996
19747 9238 20100 3948 100 3709 35689 39707 19623 26382 13169 12279 16707 33579 38614 29866 23785 26141 12575 28845 18582 24771 24590 33580 4672 31500 24421 28297 10729 26766 27036 18970 413 36726 28561 33308 37674 203 1123 2721 15725 22008 23131 9458 544 27771 36581 11176 32910 37240 11196 17641 8233 5749 15322 33177 39751 2707 26033 28511 21076 19111 35051 24491 29563 25381 11604 9862 18164 12084 24145 6551 31175 11165 34067 18246 27743 17686 31021 1046 38460 23607 20674 14437 9011 710 16746 10645 9064 32111 8166 17555 33471 35178 1249 30979 20771 20926 35654 2819 34008 10777 32903 21824 18316 37587 8507 30664 39784 10895 11794 30702 3500 25202 36900 36553 27724 9825 31185 32001 12005 14464 39104 38707 22260 15771 35984 3445 8002 16144 34994 6488 2841 8255 13573 24190 36830 14323 16370 2330 19381 1601 34881 30007 19641 10461 31400 6914 15754 9427 30992 15931 24469 15404 27684 5589 23199 30036 10845 29669 4413 20128 34417 33903 781 36152 19471 32759 20718 31209 9360 39374 24269 5809 2862 33198 5044 34107 10193 36880 36672 9948 36821 7302 32266 32734 32948 38718 21402 30675 3357 34739 28753 22676 36986 31134 39619 27403 23075 35740
19043 9147 10485 25006 19438 1590 32536 11281 30692 36179 18799 6218 5283 17053 21632 2903 38127 28083 24439 3887 32404 27378 22222 5259 11096 35221 12571 14926 11265 35395 14720 33961 35241 35550 21996 9804 8686 7335 21907 2858 29421 21135 22359 4115 4910 9844 21427 8389 15070 1691 14571 39270 21266 33095 31144 18190 30422 5893 3199 19432 25835 10469 7899 15874 25081 84 15392 17182 10037 37915 19482 35338 38456 27267 32662 28703 35033 2493 13877 14583 11977 19867 13628 27947 10804 32750 11071 146 25201 17262 15278 20855 13458 20663 30688 29754 15449 2827 11991 3793 7336 9041 39331 4045 36991 32913 7244 13385 12546 31670 6869 15442 34650 11306 30549 1670 6014 24030 36711 27906 19751 36748 4459 31997 7067 18523 15756 2259 35295 12865 31279 36976 14659 18833 18290 2638 29177 33445 5895 35821 6515 13361 15326 14746 12701 21202 25462 15806 21192 31017 5276 33208 11128 2134 27434 35468 26454 29713 35091 10605 9886 11802 16222 31083 5982 15160 31227 14338 19697 37067 23138 3757 31820 25133 7424 34669 2192 39109 31278 8179 9179 4523 36385 14274 24798 38801 19326 4776 34217 30570 7674 4255 30668 38216 3024 2846 23070 24143 19456 38875
9081 23406 12225 24897 37462 14903 13605 23064 11492 24176 38116 13001 39965 26436 32945 13648 39640 7980 8520 19798 12066 29709 10974 26097 3471 21625 1731 19705 4977 14203 8326 13868 28582 29602 32406 35481 26975 35914 25075 38647 16152 14335 418 27271 37981 24744 6293 14429 14694 37756 3238 28718 26782 7306 26364 10915 19767 4677 21556 27901 35986 37725 13641 7009 26577 1288 18022 31867 3006 27353 18220 7307 20070 34517 12292 22531 6637 33784 15666 9930 13607 30070 35425 223 12895 11558 22243 8630 29879 16653 17467 14087 39503 37845 33049 37292 36522 3111 6524 32053 10033 23001 34134 23745 11834 36053 13898 17014 6167 21926 29667 845 18775 20271 23340 36680 27750 19397 912 39931 36031 32082 32300 32028 16043 13569 19123 13468 20772 25769 10924 31089 24769 38008 30125 26600 1585 37697 8199 20092 9408 37502 35820 37207 13198 38726 16195 7722 490 39802 26431 27360 28614 11245 20434 22372 31646 14588 28762 34312 2439 20571 15541 2573 1832 22534 7140 772 22702 34338 37865 20664 5269 14028 34622 25241 35497 23782 6946 3863 37959 9153 743 21943 36256 28893 39051 28680 18827 2052 36496 36898 24196 25067 29438 15797 4784 1779 6491 3493
6048 34163 21779 2804 33858 21501 16052 6577 2584 1147 11853 10398 9828 14001 17825 36380 9346 19276 35478 36419 4388 13116 31604 1614 4362 26529 17572 21442 12839 26047 35086 23564 19836 14882 12525 27402 35973 19472 37325 34257 6986 28654 5837 33472 20066 12859 31004 25244 16405 8329 26129 13294 31716 1378 39387 24795 10728 5335 36643 9251 29034 37158 9168 22493 17777 36315 33573 23823 15740 33883 18373 5891 6768 11451 33009 16303 11761 38382 15428 2871 15894 32031 23237 12160 1903 29696 15375 13216 14519 10757 4191 37562 30029 20807 28639 4235 15700 19068 14869 18731 24021 37123 34561 37780 38001 6358 2009 15644 32895 27043 30661 35861 1480 30293 39623 8189 17010 7780 26271 11141 29056 15785 10006 28060 12064 16870 26703 21455 9555 29094 13230 7287 14794 13496 33175 25819 22300 2570 16248 7470 7356 18963 22416 31461 19704 18371 21480 24806 10349 16533 13167 12822 10261 8489 28706 4211 15818 37925 21351 17757 23721 4741 16895 25793 12985 20024 21118 1640 4222 11231 1453 19186 34224 21226 37498 5870 17787 34861 36013 37115 27734 3864 30389 29553 19090 10751 14622 13886 8163 39209 4016 34750 29578 3961 37288 16682 8989 17549 30639 29882
31319 10938 5812 34986 9124 16540 33841 8777 29505 7660 37348 21837 19394 37816 9008 9581 26211 37536 32833 22113 10568 18728 8091 942 39563 28405 29248 2355 8010 34112 37999 13467 36127 15624 36646 18773 5889 3490 28229 17632 25176 764 24359 6118 9905 37276 5597 17012 33798 11822 35885 1113 37770 33720 1785 31981 7692 37763 24433 9383 28835 8165 6679 419 1029 38121 27846 26804 101 12592 35673 27926 1246 13308 23655 35362 25188 37964 19076 29758 30388 36365 7794 10696 32102 2833 22261 17713 35805 27861 37480 18410 23380 17518 19659 14298 3947 27822 22940 7230 15298 33976 22092 36842 1064 1266 19488 9545 20491 4174 25407 12025 2709 2498 21743 36686 29294 31218 23913 35043 16078 20988 8641 16422 28957 3316 22688 21497 25863 32763 32781 25567 30048 24289 20955 18118 28627 18479 36744 15457 19525 4417 36531 15659 16884 34379 1117 15306 15960 14433 13813 17970 36421 5657 7473 31977 6040 20168 35475 28462 36184 29991 11644 30114 22853 32936 291 23146 787 27440 17683 32617 26618 8268 29305 32588 2645 2122 32869 31935 4688 15863 34613 30701 12135 33796 12312 22999 4583 24538 21210 16652 12828 13257 9769 14412 19330 13316 33209 20133
10925 18583 39437 26052 13528 9801 39841 6174 32917 8802 4554 6416 29184 23378 17299 6082 39898 36361 6233 30102 1906 7016 28526 39228 35057 8767 35207 36285 28024 2433 12110 34700 36707 38060 17829 20488 13919 31179 2348 32457 16603 5894 28134 33461 5080 9026 31599 23387 34492 37713 30876 20951 32866 5459 28968 8251 6994 38633 17423 4131 21015 38045 16279 6137 31931 5662 1653 28967 30941 32047 8083 8693 28743 34885 4810 13499 22438 6238 25851 37803 9933 32117 11059 17668 3215 11292 4028 2981 10678 5321 34196 28770 15395 35175 10458 22874 21528 38032 22800 39067 38106 19959 8809 30894 18967 4695 19225 1340 24947 31076 26421 7258 39885 14198 29608 6326 11700 24423 22803 18464 26943 19138 17413 1545 32225 2681 20274 36027 15813 7697 15759 28655 788 31733 23980 7859 36188 31895 34720 12179 14235 23629 21843 19480 28864 29065 10937 11789 3071 39738 1527 36661 3370 39406 18490 35063 20250 33842 22169 2881 31731 29295 13888 4691 35741 10221 20657 6170 26585 35517 24685 22563 11972 14317 28673 7807 36185 11898 18575 39310 33044 28625 870 4242 18765 27063 34931 1959 30960 3171 3099 25214 38623 15511 117 18947 6842 7019 28884 30438
27688 14842 9818 18628 29151 11716 29818 26343 34574 9617 29822 27725 39876 11721 25660 12461 7438 17402 14940 8971 33468 7029 33697 34477 38713 14603 19707 22704 11889 27995 23100 39140 11097 6213 2466 33962 34233 26302 36003 16104 38579 4385 579 16295 31067 7271 21349 21017 23135 11243 13957 11602 20109 36689 2154 23140 21543 23430 26612 2989 21151 25066 21355 5634 2946 26465 26543 1208 29730 9470 24180 17687 38876 1762 275 13135 11394 38105 30633 36538 23022 16352 38369 22194 24622 34532 18117 33140 5829 12552 27794 21773 23028 21133 8456 2549 13005 18942 14868 26490 859 30244 25391 22114 39737 31367 18460 21839 11615 17928 11818 4250 24918 34399 21517 34175 19357 3273 5000 23698 28368 3850 10912 12230 18194 33097 32941 22383 39825 28295 32286 12094 6149 29841 28800 39003 35161 27565 13442 13689 36868 14328 28792 17808 11399 5338 38511 23164 2310 19519 36574 23597 8038 31022 30169 13437 39645 34804 14259 20415 6918 8049 13828 5210 26121 2454 4000 4057 21813 20672 11614 22021 39075 28593 32937 34359 16784 10018 2298 8379 32131 31872 11999 23474 19781 33988 36378 11737 7248 30003 24728 10060 3062 21852 36145 37431 10378 7347 31556 149
19494 34014 14042 31139 20003 37795 29020 21070 24700 10730 4409 28940 16403 32356 20176 39339 560 19940 18369 8578 24928 6908 10241 9214 29147 33410 18412 7108 24856 25581 10906 38711 32507 37071 30153 2609 26089 20314 37577 20626 4369 10778 7659 15635 18676 12380 1995 16305 19801 34696 12342 14286 16485 32753 5827 3997 5583 3815 32774 28889 34398 10856 2386 24031 37237 30384 34313 19513 7163 1634 6054 15189 8812 15679 5784 16944 18102 30009 25221 37249 30501 20240 9591 5656 14039 21331 18297 37573 21554 30671 7437 367 12962 27789 250 4813 39739 23762 33351 28788 15155 25286 1049 8931 35081 20278 21208 25854 27909 38276 29353 3986 33141 9134 8652 20813 14944 21289 19013 6604 16855 11663 31808 10671 9723 39252 21914 17693 34034 30202 33356 15317 23793 3477 7971 30172 11782 31857 26195 27250 27057 24149 5845 16750 5098 5559 30017 21436 20388 10100 34363 9551 35247 11303 28827 16795 12450 29425 11578 34315 31426 18131 15080 12211 16046 36030 13562 35260 23855 24159 12414 28226 18964 10972 21357 6603 11406 11803 12507 34171 26046 15157 39321 17422 15881 34731 14372 1295 1688 29286 28817 29978 2340 17231 4281 4471 22972 24696 15201 33768
5303 25290 11339 14826 6879 16271 6077 22171 5256 28565 23413 39696 30499 35640 17655 9982 13601 20930 3967 29374 13113 894 13475 2613 38910 3798 7823 10460 36153 25420 30437 7246 5115 9627 31437 3731 1458 1802 10835 31258 15251 38678 36818 37676 20072 23561 22920 23446 1108 13042 14488 19246 16176 32735 35553 15518 244 407 12935 18311 484 39043 38163 38994 21180 34337 4365 19188 21978 15257 13201 9324 36406 20470 39990 12484 22827 21058 20778 20776 32633 17967 12123 17416 9474 3812 36456 2237 36451 29706 19178 31127 1389 29557 19341 1790 2516 6099 30445 21701 22463 14491 23966 33634 11745 3506 29600 11825 26297 38523 19415 36238 13311 10278 162 33570 10814 37797 9993 29584 16343 33457 29724 13133 6090 13440 39655 3631 17678 10185 27775 36566 36250 32330 12001 17428 14216 26675 31215 9831 2882 38268 35187 35749 4053 36253 34775 15519 7428 28170 8678 17427 1651 13504 3478 5862 37345 23480 6716 33521 189 27971 23024 3784 6741 20577 38813 21709 6910 38004 10385 25297 6564 26220 16735 25387 18959 36054 1594 23173 15884 31571 39455 37920 26309 34773 32580 12794 24420 34314 13863 23422 21140 39608 28574 8036 20592 15921 26562 7815
21347 18850 2702 22717 36041 29679 1932 24350 26626 22599 31173 38580 39711 4402 16843 21166 9683 34749 37121 20413 15985 835 17772 1563 9778 9599 26897 5391 19175 38590 18072 27843 13066 34148 8511 35843 9020 33546 15492 25620 17827 36727 31470 24054 38233 2541 1484 36864 12149 4857 266 38269 2140 8043 15057 24528 6789 8607 10867 28121 36942 25397 21606 19784 10099 5362 7115 6683 17958 33345 32698 36771 30203 31335 30976 6392 39666 7926 26405 14084 32946 20422 2940 3698 20396 8970 20293 24915 30266 3894 30897 25859 32246 35983 17979 5075 27749 25604 600 2440 4425 29333 32998 20496 1058 16980 26615 21716 25998 4439 28235 38502 14245 21570 19311 38540 23393 4926 15711 32455 38150 28916 27196 25934 32586 7476 31515 3516 14178 2346 28349 10756 3622 33743 27537 3685 2790 12289 27243 26064 20681 24540 29232 27828 38890 11988 7359 36840 14220 26208 21616 18500 9136 13426 36852 39855 7895 24482 2131 32328 222 24858 29803 7334 20860 32877 2955 17846 35222 10653 20627 34265 38735 17834 6377 12270 14766 20355 20013 19449 11581 28648 30476 19927 2752 13029 6847 2048 26192 9356 27362 3258 15413 11220 27333 10445 21884 4414 4070 9252
38913 22058 10379 18560 32618 23511 22892 23062 29619 6964 36224 3309 4257 12456 7417 22296 25013 1939 13433 12388 35067 16987 30927 30845 24894 12417 6727 29716 28493 12918 1612 665 38425 2323 35303 36310 36401 9196 39039 21698 31602 8891 5720 3481 15168 14760 12971 35612 32724 26002 2842 11005 21469 39735 7963 28087 16837 29448 8751 26785 20623 11296 12258 6039 11707 5993 12952 22868 5352 22589 26761 34512 22965 12524 15089 22484 2749 20146 655 9392 37380 4244 9486 31094 10247 15781 32188 23614 17909 29625 23304 25170 20867 33112 27203 24468 472 19229 10227 29076 18911 20221 20654 9926 20476 22624 10203 36346 17127 15127 22159 23183 22620 38592 36938 28158 9553 1115 20402 23749 39417 15000 8096 24614 5654 36495 23649 13210 35346 3896 8962 24719 28108 8089 31415 11811 6075 25724 39343 19642 3434 2654 6008 37457 2542 34351 20127 5806 32715 18374 37958 20368 25203 30836 14754 13990 26697 28613 13179 25486 3087 26955 29225 32122 20257 28469 33540 27305 33084 29207 3355 11238 6413 6160 463 1935 34122 35015 36685 15656 21038 21530 17244 21791 11116 26814 29572 887 10310 30582 25753 35152 20114 29888 34906 34449 6760 3118 27385 6676
36660 10557 38616 34624 15642 37655 22468 11077 2364 36121 19242 38942 10544 24668 5271 24373 8699 27457 28253 27349 1285 36823 35605 5466 1961 17916 15238 27087 12247 30458 5392 31039 21531 606 4136 24797 32619 33605 13357 21145 19455 8140 32797 22100 30368 23972 9787 23494 13897 25376 30364 1069 3246 36431 22561 31452 20542 21583 5366 33779 16809 34777 12720 36712 21802 26776 447 8331 30813 38020 20509 16716 8327 21384 18242 17589 8675 18437 8569 11738 35477 22047 13256 11929 35568 27470 5158 37729 35903 32768 10883 29739 26794 16810 5101 8413 19207 31637 15427 13871 2941 8804 27295 30518 12888 12925 25106 2807 15199 6389 29884 37492 13970 16745 39462 25691 35962 25349 7595 23187 10400 12986 33556 31153 38017 18398 11340 14113 5110 16823 17949 24334 2050 22289 36299 27636 23015 8422 34467 22413 19726 24135 6321 8672 18307 35652 29821 33602 20108 4120 39535 31568 4301 32444 3125 21223 25265 27923 13645 10178 20890 6613 30390 24493 16695 13093 39605 21899 27824 298 12241 37426 34645 22756 17620 18447 11619 29313 2011 31972 30444 27663 26204 15895 16680 32740 22049 3444 9242 37531 1592 27197 1403 22131 22344 19216 1604 7383 7121 10186
32519 1027 25637 36333 15487 19762 12759 20333 696 27487 31050 6772 38493 8657 7514 28316 12858 1243 2308 32276 8559 38593 36957 5547 11734 7157 2436 11232 36989 9598 15335 3051 12890 11033 32449 14104 29100 22668 30157 22775 2200 9487 10936 19657 24687 34997 3771 12127 20429 38100 17502 400 18264 5062 14685 8453 30477 33085 8547 7557 33267 33585 38003 7261 18440 12116 34023 25094 27735 10491 31435 28086 22490 24371 19233 31979 2061 22014 28117 6746 18712 15093 38584 18527 11491 11356 33272 9860 9232 18810 13567 2522 24090 30427 18005 30868 19466 32889 20538 32608 34578 25473 13780 12988 39567 21334 4253 11187 38806 17490 39944 39255 32838 9634 29597 29141 18772 3694 14601 2659 32414 20367 21313 813 18503 39795 26637 30460 5274 22506 16816 15887 6996 14414 14840 22081 15059 28894 12299 1061 12583 4231 7999 29250 15598 8205 13208 16922 8606 16478 29118 30475 12805 8823 24245 6241 17143 17734 30381 22762 25727 35205 29907 12093 11915 38356 21016 26567 28442 9227 34099 17189 923 16525 37778 35077 5439 11569 25245 31340 13147 10000 18021 39616 3541 25849 14052 10576 17946 33426 31622 25788 13206 38539 34817 24227 15796 31538 24304 18535
13527 5882 10995 31911 14438 353 30721 334 19922 6053 10735 15551 25090 7270 21033 15672 30504 4266 5151 12085 20731 31069 19222 12449 4495 8082 8206 9967 7309 15372 1789 1504 19310 7918 37606 21229 36826 39773 36191 23809 24923 13939 5209 32011 31668 20833 28725 26789 18988 29977 26741 36344 20715 5613 37663 13837 19417 18385 31189 29562 17474 19156 3954 1980 31490 24306 23895 35690 34062 5566 36035 1565 21794 33989 17377 35160 10015 25674 12817 12081 1869 39611 9499 19532 29287 11944 20529 33334 7348 33874 24979 38613 8429 32859 34609 3318 11684 512 3140 3851 3715 27389 6508 11469 19362 15821 10595 4623 23020 17331 17937 6599 3457 201 18263 5767 24695 18016 5464 1833 14177 7713 9991 35326 16449 15920 29828 6334 4575 21819 14725 20149 22272 20530 10646 1652 36490 38968 34285 13470 38981 4594 5196 5815 39182 21010 3945 35815 5911 34268 28675 14722 11749 7958 3586 15084 7733 10514 12519 31760 25371 17845 1662 34968 17048 13034 13609 26757 27410 18602 14707 12797 3913 27356 7315 17606 28305 36271 61 34295 18975 23283 17914 30784 2784 22809 2458 16047 15665 22298 7240 19975 30746 2130 37646 17075 39195 12320 39204 18962
29331 30026 36591 20199 22858 4733 35757 32815 15964 12490 10131 24866 2699 9821 28984 16647 39186 1543 19495 37621 26603 362 23729 14270 24746 30447 23559 9261 31864 37625 1443 14523 16589 16486 35874 31042 33953 20223 1792 12687 10826 34912 36738 16278 6884 3049 10559 19223 13012 30970 37190 25967 27988 21247 29323 14781 12774 9894 954 18231 6487 15575 29306 13556 31661 6064 13602 27509 213 38567 20172 22750 36612 34581 3385 33659 31496 18509 12203 22747 9700 6336 36166 31331 15186 20598 27613 17363 34278 27327 11135 30369 2110 7633 15928 17397 15516 26987 19593 38296 9224 26443 27807 22757 8729 31402 18638 26597 473 27904 712 24364 32687 36331 37021 17493 38237 5748 15922 20997 37818 22450 24632 23318 2844 20864 22588 36835 39414 38522 14572 19265 20377 28857 3418 28791 8503 33293 7290 7552 25317 8725 11337 14057 7837 25022 37156 14134 29416 7990 25540 31714 11646 18403 25002 10081 5881 17080 28592 12710 12206 10836 4465 38205 20450 22332 27931 9204 12491 21046 34146 29183 37516 24208 33381 28038 27776 4860 36155 36265 22933 37463 9563 2705 7584 20489 8602 36494 17936 3509 39614 28497 22902 5051 39244 11896 5851 37829 36993 16681
30930 5243 18360 12248 7531 8648 15525 27283 27040 39423 8063 8552 29520 38259 22348 4450 14879 22033 14887 33678 39253 5470 38827 12690 31878 38690 38137 17400 12550 6403 12500 35040 10788 14549 1553 3172 21663 44 20236 19518 2147 9537 2316 31916 22872 29586 21008 32609 5421 7321 5595 6181 7277 24473 27310 3359 12534 22087 36555 34242 28094 37423 4829 24656 15277 6012 20099 15517 11183 22731 27079 28051 30760 18262 23981 14025 32968 24153 26624 27417 17974 17759 2375 11413 9078 21392 27578 37546 6940 2555 29334 34274 11769 25739 36510 12501 24495 26385 34132 11787 10802 5327 39087 26602 22571 31473 9533 17207 17567 18948 635 20911 36341 25881 14064 35347 30049 14681 17766 16220 39811 21737 12991 947 29165 28103 8094 36815 1985 10283 7314 38737 35206 22644 13830 35182 14799 4381 1936 25972 37675 13374 5532 10087 25256 27082 16175 20632 31995 15503 5874 27954 4855 30551 21252 10189 31277 30018 24971 18800 39980 11824 23159 16616 39775 31030 23048 6485 3588 15031 17738 21232 1296 7366 36874 1770 8143 3339 37700 23605 22121 21262 38191 25731 3519 25080 33814 10942 11781 34586 19183 21557 25625 32798 35539 5729 11838 14422 29815 13974
13773 33210 12374 18473 22307 19898 38815 1508 25355 11552 12139 15848 27208 14910 5745 9521 7670 38139 32003 38701 4526 6714 22271 33409 18834 12016 26996 5261 33609 13719 17033 11171 29609 33621 16154 27676 35925 17133 24531 2172 21358 11240 15222 557 6928 38115 37731 38519 38972 27191 10991 31870 8115 35918 15918 29652 11229 32514 26427 3285 18213 16785 21609 37231 33197 14003 31113 39783 19987 24112 11150 3465 8433 17095 31108 34837 11885 18702 33454 21713 39507 4711 12783 11736 28137 2179 393 7116 18700 24073 2878 18689 922 5684 2893 25640 32423 35644 11103 5064 14186 37922 25179 1581 27304 32185 6854 425 3522 16360 32836 39450 31789 16958 15514 13778 16031 33860 1181 20264 7205 28431 18790 23440 26136 9310 33530 8225 21715 20295 24380 16722 22417 30575 23069 26742 30100 16559 17869 27986 32696 22192 23656 25174 24690 16986 22802 16910 19324 31198 21984 18926 21795 33928 7294 14071 15347 22799 31060 27454 27100 11568 5427 35574 29757 35990 7982 29903 21339 20129 26658 16206 30764 19980 18877 22248 19307 1532 28832 3048 36080 38719 38046 33070 35268 22492 36656 16999 21224 7252 4683 3065 7219 38221 6214 27336 11669 30578 26947 39015
3699 26390 25569 24552 10353 19199 10313 7262 32005 33619 10611 19923 21982 34544 23625 7006 31092 23971 28540 3540 3613 30761 16578 35596 28363 34623 491 10095 36255 21545 28068 18147 33965 8474 31563 19620 33165 10841 27928 19819 25657 34993 15491 25483 7056 17310 28953 13804 19425 32133 26957 6344 28612 36176 21298 12076 26184 38015 6859 3141 34945 9652 9646 14663 31466 35367 178 15351 16202 14615 25792 24921 37483 19312 15356 13672 8042 22077 36221 1130 23560 2384 39098 6120 27346 37822 6041 14458 29157 20169 38845 7605 1042 12118 5099 19335 22504 9403 23868 37511 17408 22657 31799 3296 22140 25136 12844 32056 3361 10842 9184 6697 2242 20891 21198 36610 31664 10743 37005 21533 2287 29542 39272 6447 33865 28243 2086 36618 33282 10392 21623 36413 33873 29565 32313 18029 36123 9879 18551 8723 5539 11359 32965 24122 7413 7387 1826 13932 33594 14600 4705 39936 25874 32136 39486 7676 3628 19393 34089 37334 30828 1161 15626 14482 27093 28700 23506 17171 35339 13007 756 395 13582 2352 7160 34135 39914 27412 12102 39330 6162 39789 7025 21883 20270 33815 18054 38164 14222 6562 12982 26842 26060 15377 9839 7311 33229 5315 11963 26593
18172 2644 34701 16770 39480 14485 24206 5694 8148 1516 27579 3925 33371 13935 33832 10504 2530 39762 6198 36400 35140 8745 9358 37425 6516 23690 38253 2805 6740 37507 34821 22096 3763 24443 35341 21635 32808 23858 22093 22381 29973 36703 5045 36822 6864 9910 18924 27117 19424 30099 3638 25735 24558 13557 24203 35183 22568 1865 5777 18449 18208 13090 8665 16383 5422 5955 14973 16537 26806 14763 34310 38832 6346 19515 38609 23737 30180 29332 36006 2084 1271 18199 11082 8535 8841 8708 35353 24035 3751 22852 8294 37399 23531 35545 28014 36602 10125 15458 32059 25130 24791 30457 18294 9724 16508 36917 8861 8705 3790 10364 30060 18814 33627 21093 14436 27856 4933 34910 17281 19149 19880 15266 29327 23659 37456 7000 19459 34025 37024 6855 8443 5048 35940 26707 23739 28072 32873 19109 18305 22277 23780 5375 39761 19661 21051 24305 5501 36478 23684 16090 27563 16753 9278 33258 17100 5041 39578 726 23289 29281 9450 20183 21751 26995 20707 6650 13156 28732 10552 22339 36420 11647 14819 31625 4880 21691 9626 32685 34566 2295 9651 12705 21258 22564 14912 38298 23502 29205 22706 28074 10861 11186 36218 22995 18225 5715 4499 18629 20094 33476
8420 18128 25488 1529 7767 31370 36876 631 1373 27215 9501 13878 22501 9152 18085 33544 16623 36283 9489 29185 11100 33773 5453 1410 23174 10982 238 38225 19309 32338 28596 12977 8423 31651 18683 15636 10827 18236 24128 7996 35650 37371 16461 18498 16247 25040 9518 33432 1227 1759 436 19567 27592 33360 11247 10948 27 33688 16342 16835 38289 4480 32182 32587 30318 31812 1207 23322 22039 33917 11724 5407 24160 17688 34484 18333 24647 37849 25915 23258 18277 13966 32275 35883 13095 30514 30274 15857 964 9721 35046 6028 5622 4716 29087 14097 13380 2908 16532 22970 34674 10547 29048 14284 11218 18872 15414 32093 18990 18181 37560 8642 31778 25586 33887 17573 5108 26365 37199 33035 39115 23955 9603 25341 32757 22444 12577 39968 11262 8876 2181 17258 31118 1250 13748 26936 19818 34409 2452 32409 20639 21850 36424 3151 38582 24444 32892 35927 15225 24113 14128 28397 31702 9047 39202 13797 6003 12356 5707 23182 34357 766 5867 17517 20421 3946 39999 11289 12586 28712 21767 10989 37924 36093 4859 33640 39242 10669 9337 2051 15102 20028 34266 10813 10232 10784 17810 6168 33553 32564 33123 30359 24841 18819 18933 25955 17966 437 17795 9466
2269 29439 13741 10623 18370 12754 25518 36000 12068 13579 17737 38271 27541 8101 9237 9745 34785 18433 32676 38309 20966 33978 3002 13233 568 36640 9770 38480 23710 10238 14636 5160 17917 19936 11768 6730 4826 3061 34925 14536 8521 23839 33948 8108 35758 14714 9658 5414 27190 25132 22671 17328 19325 12287 30252 27708 16009 22322 29606 35771 34330 37418 1052 15417 21815 11334 14513 11364 36767 3396 24781 10631 32996 27687 15737 34767 32731 33024 14086 15459 35760 31914 30038 31024 35849 6892 23554 8973 8798 9357 39420 1119 36298 10722 22862 2935 4245 22228 13591 16015 34003 32700 17890 21234 20071 3310 803 14969 29038 21618 35082 23109 23108 29000 35544 23071 2101 27464 4260 21175 30150 30183 12365 9333 15817 25479 12030 21536 20357 33671 32527 8592 30080 22880 32152 33241 5786 15545 11930 33373 19999 14310 22401 31843 8886 15082 20633 4030 34665 12510 26432 8621 33718 32436 14341 30092 8654 24286 16241 8826 2651 34597 18499 16649 6 29230 20471 2361 38563 3644 39774 32073 33778 37471 25666 22968 30400 31790 23796 11953 18066 8034 21327 19528 34450 20532 36547 8183 31575 16849 261 19594 37735 39812 29074 15333 21785 16460 22836 39079
25153 10706 7170 25408 31543 2080 14484 9479 32232 24236 19099 10902 8946 19573 518 31676 1795 10849 38201 20212 4127 7720 27047 12612 18690 28312 15583 30371 16164 37212 39365 31220 9091 25950 12323 21858 19163 2934 13022 25103 18595 1002 11826 4928 18467 4635 1198 11098 26569 19791 19431 37280 33378 12789 21023 29449 8897 20977 39482 4951 37910 33701 16276 1618 26327 38485 3488 23930 9990 23872 4356 28201 36519 5998 5550 37152 35011 36358 10348 17007 13829 22154 38323 38151 23014 6653 17579 9635 39864 18979 7342 25041 21578 24390 33756 17488 35030 18314 28977 1924 1552 26983 21955 918 21138 25490 16942 7472 1442 35846 5663 31233 5245 25871 24554 865 7888 14686 574 29021 6781 20163 12743 23457 19983 26534 10330 9607 14171 21284 12441 26346 9186 25253 34604 4808 38734 771 37132 16664 34290 28026 22368 1362 25692 28131 20795 8434 24317 36847 2700 24895 33160 3158 13295 23778 267 19295 14922 26096 9514 18084 5999 7707 4187 15023 5211 6462 6484 28795 17809 39364 4758 8272 8741 35671 30084 29321 11484 30247 20337 30496 871 6430 28266 23543 27227 7510 24775 23587 11297 10943 3756 2089 17616 25847 25979 21144 14538 17307
38749 37220 16068 5057 10067 25669 7032 8395 21086 35730 14181 38474 22046 14315 38354 31999 23574 24484 32092 26811 16660 19399 8883 1769 22834 891 15534 2053 31482 16856 4484 22371 12154 26448 15761 6017 18969 24599 36119 17864 17692 35966 7760 29589 37321 1363 22580 3710 19942 5987 11310 15064 13473 27965 29544 3922 3126 11458 28546 28750 5746 26705 34698 23471 29990 36009 35020 7856 9633 3872 38938 25065 25198 29722 32981 39555 14082 12430 5853 5844 33692 27723 5078 37611 29491 39873 1103 39917 26698 19192 5168 9404 14525 35512 39258 18891 29749 14633 1655 5692 21057 38694 27121 359 28740 31539 9738 19708 24707 7855 2994 34587 21287 36671 31502 38960 6101 7702 14451 8151 14886 19116 10940 35037 12603 1871 8953 31014 23088 19085 7962 22811 16782 29756 18945 15591 31016 33847 20678 31828 22464 26621 11475 23884 20970 39193 26588 29789 26418 15945 21508 11921 17944 34423 13649 12321 15446 26669 11958 18603 18191 5994 4803 593 27396 24470 29784 2045 24475 6261 28404 34293 28936 27067 3017 18840 1522 39366 34162 35679 39716 5910 4988 4277 21942 33904 12421 11583 24292 5313 27363 14189 27331 2623 9577 38392 33559 29896 37361 35153
22584 30298 354 2113 22387 16171 15094 39504 6521 38574 37990 5753 13464 28877 2219 14351 4835 35953 28850 2037 30269 23126 17729 7211 4293 6172 29976 39872 33107 31066 4370 7546 31491 535 11402 25326 24594 3865 26687 25619 8121 34051 22263 12115 17222 8191 8800 21367 30238 4620 23000 18821 5653 12032 20033 3230 11280 37914 12896 30433 18038 5574 25559 12189 20231 12384 27136 18636 4098 33826 993 6278 22960 16380 35095 22 16390 18060 3132 2663 13413 19293 36677 11321 21998 8550 15804 30657 21337 8510 9065 20661 16011 39987 27898 15789 35176 3436 14423 15135 28079 16283 25054 15440 38946 7199 38399 4522 27164 4072 23317 32648 34580 34684 24833 15803 28114 31759 2416 20269 15420 23798 28123 1983 28241 910 20120 23116 10380 29897 16482 16840 7190 24009 1625 12434 28423 31851 8047 18380 32739 6800 25786 20759 27658 24002 17651 17350 32116 11261 36952 35682 31201 3819 24125 15025 15233 30143 14592 19334 14208 27361 36301 6625 3464 16032 16097 10315 12375 11655 415 4868 5054 38925 38575 25283 10167 31751 32142 15639 19917 16493 20894 26798 37038 789 36395 20730 27042 39604 2258 15254 32725 5002 14629 8363 19531 19261 37871 10750
23495 24633 29173 18165 27193 7657 16108 15312 20171 31549 30733 19040 19529 32424 4064 37442 24640 20153 4478 15483 28979 25635 29062 17311 29592 22213 16779 32747 31835 11886 4207 21139 39005 34831 11386 21705 5805 10844 28437 17107 34866 1840 9669 4031 7068 36568 22253 2867 30841 7525 37742 23914 4917 31178 12052 6735 32846 4825 22327 16774 31125 35002 30589 19908 9506 32594 30363 7920 989 8910 12183 3262 1468 20452 34497 23217 10029 19018 9997 15991 23006 8819 17285 9363 19944 33168 7329 32164 37957 29367 33204 34933 31657 32087 29611 14727 10084 10404 4898 10711 8468 31416 35061 23802 22497 9793 17353 24320 31292 33914 26765 28804 2256 35085 16693 1423 31677 32467 28338 32540 15652 13588 35526 29747 14512 31403 17902 14034 3000 34382 10244 23454 35101 7601 24211 30824 5005 12098 21006 35299 11593 34259 36985 12112 21264 18233 12145 15616 2689 37033 7882 33199 24889 7260 672 4981 15780 39273 20615 11705 18209 8954 35382 13838 37708 16282 7191 7590 13100 20297 3403 6598 10878 33101 32255 38477 35494 28657 9192 19566 634 10533 20713 33496 11820 16048 29858 23933 9979 588 10767 30638 18012 33253 30322 20760 12408 31308 35118 12486
25461 9783 35513 30512 28602 1459 39171 22255 22719 2358 13679 25348 24393 29983 29356 27920 37120 38906 11488 22888 13552 37404 29001 12981 26261 32794 10068 114 5086 39401 8334 31158 19125 4176 31064 17204 20077 14708 23705 31349 17378 9584 39438 25078 17 26244 39269 10275 30700 5016 19427 38659 24184 38054 38538 11396 39352 24114 16039 15980 11627 13810 323 12530 7604 1421 33622 3951 14522 10030 10424 900 36269 34481 14578 33500 10012 4063 25914 13745 10984 13013 30243 18109 21475 24403 29636 18545 37000 25145 12229 5538 27002 20882 5661 29336 21510 31156 17718 29910 11066 23250 18513 27513 39145 7528 4086 19931 39939 38420 10680 37227 1608 3605 11253 34369 38297 8085 26149 29928 28354 8907 31231 34032 33760 28783 23339 4937 33849 24426 19536 26254 2191 20545 17987 31813 12262 4608 20323 34035 371 7500 7979 37737 11159 5026 15490 8722 19055 15646 12569 5251 9343 15944 22528 6728 29612 16425 1232 29503 16462 25223 5021 26977 18682 31585 14250 34722 5059 22678 4640 19119 7489 35969 7596 38824 2954 5626 24834 11598 5084 20708 2357 19605 6826 33610 36950 32548 10104 33759 23776 7212 27982 3918 8131 12162 8411 25956 24356 34558
24536 15 31683 33384 33034 13809 21485 21787 8093 35198 33977 18616 25089 5188 9498 2128 32307 23011 34459 31234 30417 6409 37856 31797 22656 22245 15331 22323 3251 21875 13306 28092 1509 19014 13661 17159 37188 36739 4955 21621 21720 9314 23725 36479 37459 3788 25680 11405 1164 30609 1951 4164 39250 29064 24607 12760 19238 38380 33646 15439 1270 35777 27713 37971 5980 7704 39713 12089 1958 18558 16004 38379 23188 20017 6051 7005 36552 19610 18655 18335 13825 29451 21049 17769 25740 24954 29646 31286 20940 21806 32657 10981 2734 39107 34666 27428 23788 4757 23390 24815 5768 19128 35823 18175 12313 29271 20455 18874 27188 3235 4443 36655 13214 18796 39926 21864 19901 26864 23999 38962 27151 5192 16983 31307 2591 20515 6698 31271 18265 34718 26642 10260 3098 13265 9208 37556 5478 28451 10685 1080 10968 28104 38133 3686 20560 14607 1451 3358 2735 11004 20868 33273 1015 36244 9722 25885 5334 27555 18974 29011 10580 24046 23443 28275 14801 8198 4221 30966 7164 2815 35626 25701 25905 9576 24717 11095 34977 35147 11976 6866 6015 36112 3178 13945 26053 4490 2655 22604 34595 35525 33636 7175 2293 38249 11828 31802 12928 10435 31700 23141
21757 19218 13665 11685 12109 28008 32758 28166 36313 948 16665 22666 22006 33830 5868 8180 3198 3263 27221 24026 36751 16956 27032 38863 13377 5841 23826 15484 18721 18318 32666 14355 38791 39211 17957 27781 15872 21389 14851 23211 33018 9648 39893 25100 18585 36631 12077 30520 15568 13589 808 8029 19988 24413 22317 7468 15690 19215 32392 14829 21699 6330 36670 33099 7367 11566 13028 32272 22024 16311 18797 30101 10931 23091 26538 29951 4950 34047 15091 31671 21900 37302 3569 33852 12826 30896 24391 34416 6593 29925 8139 12775 26677 8264 12243 13787 15056 28310 15523 32430 28078 30860 12411 11894 16997 32766 17785 5875 26183 29826 8298 13243 21637 9328 24461 27751 675 2465 24116 27369 11900 7682 25615 9027 20858 36885 12489 22630 15902 33626 984 7667 23646 15904 36072 20604 30908 8287 6720 13084 18669 39289 16434 38184 17989 30565 23969 34158 4775 28785 2525 4313 24533 16072 26408 22421 17469 20179 15145 21450 31293 30379 8676 6296 38934 13658 39846 2027 5516 10322 1587 4006 33221 20784 16411 12412 1257 15557 10538 31334 38173 32516 5053 26410 2694 9250 28025 7464 25820 5198 38941 3021 5136 25489 9003 4230 27558 29731 21240 29481
39759 32656 17463 23308 32418 34304 9594 36094 9159 21074 29763 37080 4332 2234 21459 5049 8500 18720 9845 888 33509 30367 30137 8024 19194 28140 15968 24022 33181 103 25380 34210 28056 3975 29134 31775 4272 23191 28764 25458 31252 24367 24784 4042 88 6482 33545 15284 34812 17619 6586 17689 19586 19469 30469 16077 27718 27255 5665 30292 3729 17892 27623 7677 23275 38547 39650 14120 433 4274 23859 19282 32007 26027 27326 33001 2553 31493 15573 20680 1968 26661 12226 35393 20359 15638 32888 30614 36487 35768 7072 14711 19538 2577 28711 17038 21393 34629 20178 23298 34015 2643 21011 10510 35203 34114 12938 23715 17340 6555 11865 3479 30174 30677 22435 3625 37732 2188 29152 31923 28265 11852 13879 5528 4632 12652 10276 5813 27575 15256 15688 4959 971 39249 23641 23947 3878 26438 20675 31748 25574 23162 30528 37722 35038 7797 34144 8455 22458 5460 14261 25862 28580 19089 6544 6719 22967 28432 13620 24951 37257 11784 16520 7316 17676 17355 11450 6734 27366 11173 11192 12766 24375 16720 37346 12954 16545 38769 16919 35308 32176 26169 22737 34006 7832 9995 22714 21209 24736 2404 28543 6819 3713 3426 890 6366 4473 3831 38264 26708
31865 23247 28686 20788 7398 36636 21683 19097 12830 7802 29697 33628 10002 28906 4561 4849 29595 9782 8122 166 11331 16025 11966 37119 13733 21077 1949 32697 36312 32506 33625 11806 17868 26787 38926 23665 6872 30082 20227 37813 17410 17626 7426 23080 17510 28616 1812 21647 22761 12457 38292 3350 5723 3427 18436 23041 23391 11129 25074 24117 18928 36588 13584 25673 20506 29364 31447 19745 16865 9287 19333 26480 27083 6231 35502 33163 9532 36723 17371 27678 10001 26630 35530 29435 3188 32752 17359 14779 10446 35267 37351 1813 39715 4339 37294 35282 3669 17743 21546 20640 33391 16576 29585 2673 7382 12645 16000 12253 20202 34840 6441 240 14041 20557 4675 48 25707 26317 32881 27888 17665 31082 3780 28849 28840 2809 23427 6215 29304 17076 20497 34086 32906 33690 5721 23949 17270 25419 13408 5035 1546 28299 10659 25650 17102 8133 32658 38462 20693 22264 38063 28207 16738 6107 21775 29947 19549 35350 3885 7602 27617 7073 19035 27720 24131 4866 39754 20197 2121 32308 22165 8086 15584 29809 28430 21409 4804 24415 9263 35822 7558 33147 2947 27860 28807 28534 22219 14835 461 1471 20454 36168 34164 25199 31472 20691 28274 19830 23327 13743
25643 15681 18259 25957 17056 5667 35812 3719 12173 3515 26515 20658 6200 20525 24812 24335 25421 131 7975 17458 2997 184 20673 7250 34415 27460 3314 36404 37864 17045 8054 35792 11840 17732 14792 16431 27133 14444 37312 4750 3833 14093 1424 22754 17529 7196 36948 18155 37203 11928 24904 15402 11300 10529 29575 33896 39571 37087 10762 39317 30439 17871 2983 22226 35665 39434 24220 5615 13465 25523 22063 20119 24596 644 28591 17862 28671 10222 638 6497 14494 1297 28325 5001 32486 4738 28920 29166 23019 22729 34955 26012 22279 21728 6529 3792 20459 15959 29236 17778 8683 8215 33891 37031 9884 34327 1860 13742 4897 30915 20438 18058 14105 35978 16501 13820 24870 22244 28730 1035 12989 17855 14874 23849 16777 21780 22821 37639 24332 18708 33644 12876 26989 30267 37739 32130 39814 37412 25418 37612 5416 20967 37995 289 9760 38714 29384 10332 19407 28983 5699 19382 3384 19689 21369 23358 2617 35441 31648 9827 32746 26870 26463 212 3393 26212 14150 4596 12732 21152 25227 15131 20336 36339 28637 15786 9215 6806 5506 3533 12758 25475 27287 10436 33314 3661 35078 25565 31824 21577 27905 38113 36879 4446 39952 27533 26900 24939 18743 28302
18898 1070 11946 37631 2328 15970 30278 38505 27447 35294 7812 20188 35731 8417 7566 15290 21105 5847 1931 12458 14089 23345 4125 7851 32071 28491 19331 37460 24729 26459 28895 34475 16057 19967 28174 6469 19107 12976 12744 20085 19738 20021 8479 8052 14133 35939 29613 39700 19603 36441 13767 23940 6985 408 4307 20329 6871 33848 13340 17005 28941 1885 5934 16358 33615 27253 38571 31765 25811 5711 9833 23451 30948 24378 16821 30656 30069 15371 29555 442 941 19206 23898 13777 19100 16670 33724 35129 13212 420 11762 34048 36137 32528 39954 15613 33620 30065 26844 13763 15219 16266 38062 10772 12297 19551 14191 902 24174 35211 7097 35814 27716 20724 9716 225 220 33335 23210 35461 11075 26772 1734 9467 35563 23688 539 15971 5640 29738 36247 32779 12397 3889 33341 36464 15013 20121 36565 1406 26531 17445 37410 9696 30495 8694 6897 1053 25229 29189 1305 36710 16368 32066 506 23589 30922 19263 13476 16752 6061 2885 7463 12483 37232 15990 31369 28286 14009 12040 7254 39460 24969 35853 21104 11384 30395 8584 7785 21746 33661 38708 35830 33039 5772 293 9653 39691 23252 23623 1773 11465 7137 38252 21615 12257 10539 12654 7143 24673
27782 35687 22722 38198 34568 33488 953 5693 36793 6731 14709 35611 15063 8286 29878 20292 30346 37162 30357 33019 38780 36645 9817 20096 11708 39806 36535 35980 24234 4481 26 9622 645 31815 14759 15832 20794 14010 25511 105 14742 12445 28330 10946 33909 22357 37117 31418 30728 12803 28490 3364 11022 30555 25039 35659 18026 36025 22043 30654 33178 33788 1794 29656 17615 5946 39456 10401 15705 26001 34594 37634 16584 3508 31023 12786 33375 33506 25357 34 12646 25526 76 16019 37440 23313 33217 25396 12556 14787 18423 6831 5033 13993 23316 29022 1457 24497 20046 27660 7081 28504 8256 11931 2475 36721 6709 17521 13652 29689 30231 32593 20767 2138 39089 10305 4861 16852 35014 36706 31211 21056 23991 16193 9540 18893 8176 15178 23904 18160 38190 20417 14440 9858 39746 22209 26737 12636 7717 11467 15394 15596 28747 13655 31536 34088 24396 30156 9679 838 35529 8761 32959 27594 36386 3573 4106 30984 4319 11702 5681 37070 16581 6645 39332 18396 14390 13924 32841 34760 22667 29426 27258 995 22153 27703 17532 5924 27399 9066 8905 30543 38770 3760 15841 31181 38267 29399 30747 10003 39536 2046 35223 19957 37830 38022 37141 15095 32904 3942
32553 2847 6523 23012 15572 5533 33333 15302 24501 33974 4237 33791 11516 24974 19294 10747 36970 3612 34106 16597 23987 30206 16513 14125 2633 28110 39078 26922 19451 39044 12424 3583 5734 33811 28500 12366 26384 7298 4532 33016 12470 38911 39580 7168 32749 158 35317 37477 7936 4820 29723 30684 21451 5153 24757 34631 34612 3085 30251 39125 10107 21279 6640 38508 34282 25280 8125 27816 9421 37278 24997 39032 16412 20586 32065 2921 33800 19214 31356 10092 12542 25700 34267 12054 26098 19460 1669 10440 16365 6971 8418 9680 21307 4015 2582 29097 30328 9079 31124 33006 35700 29135 21646 31357 17139 23073 15615 27968 10123 5034 8375 14457 20361 34345 27852 31417 7401 38648 2586 33428 14337 28955 2802 21107 21201 23105 8976 27496 34913 673 39344 18864 33279 24946 7656 15767 37146 19298 16990 21673 20551 37118 4302 3980 9882 18400 3881 1929 5958 20516 9523 26006 352 31961 28583 30482 16814 23232 15898 10577 20001 21586 33447 20320 14224 22013 8217 15750 19389 12516 14895 7876 32259 39564 15012 18289 31922 16028 34376 20621 17837 10077 1275 22797 6938 23828 24638 18854 34944 30674 35724 38408 34108 28717 38069 36411 862 31662 36067 33274
424 11438 5412 25705 3536 32705 12255 2792 33337 39009 32703 10159 39397 13793 219 1701 2760 10864 22603 32189 27815 32363 38034 1839 36109 30697 7922 36797 15680 9425 35594 8302 20770 13790 4752 33444 37045 1555 11519 12460 25402 15019 38041 5765 9191 31427 36161 6634 5531 30335 9519 4393 8188 3747 2523 32863 18546 37411 26797 11225 18283 22290 23761 17446 18801 7312 17797 3989 11523 36005 9912 17495 12892 36926 5682 15865 38496 23198 380 19951 24636 6589 36092 723 10165 32546 12355 1630 9966 8670 13548 25388 13289 28152 31151 20093 14121 1184 8502 32096 15564 37266 14221 12558 10094 35028 28715 35627 38797 6352 19383 25325 11277 2151 27949 28376 34565 26162 17293 36572 38818 29535 37215 15651 3801 23651 18439 27375 15727 135 14624 16196 33574 18161 19783 20118 5473 36964 36690 27386 25576 4029 3595 37686 4192 8335 9859 18785 20884 765 37893 37782 27612 18134 25484 34807 29556 14646 2985 7881 25061 36272 32452 8162 17360 32858 29445 3033 7503 11392 11850 34963 23 25763 4426 34824 31809 34779 30127 12143 19982 10599 904 38860 29235 17762 26063 21278 10509 15060 3933 37176 37576 39900 37124 26356 28908 27167 25962 25126
28396 27294 25298 38682 39008 23529 8015 20747 6079 29658 36453 6537 26501 34660 27233 39167 14132 4251 10797 3732 23328 23840 2610 17032 36397 31086 19600 11251 27542 13753 29785 12792 9855 17803 6412 17482 22007 8090 17202 39426 21127 1945 9431 20472 12137 9028 26680 37157 15379 22819 27667 24351 32777 7653 21934 35599 4565 32494 33886 20107 11125 24953 39316 34818 15675 34179 7861 9161 29972 31337 10871 2477 4742 8721 9282 21422 7965 39981 12678 35320 5353 9969 28417 8212 30881 702 23566 8726 35023 35083 35106 19692 33705 17425 29101 7679 39516 32165 38227 24458 28904 38901 39172 26532 13107 11754 16094 27006 1547 34092 21993 16912 19048 26115 31598 38871 6861 39260 16350 8 4229 28415 1347 22805 15925 30111 3513 19894 22340 12670 34686 37603 33857 20086 31101 13930 32484 33417 29498 38909 9728 23475 24275 3985 36048 9914 29923 24136 24140 25821 454 78 338 2686 17566 8766 23524 6399 18549 26805 24197 24938 29003 35998 9972 34799 21645 39116 35250 16272 8632 8787 13931 171 30596 6117 18313 20798 4649 6981 37394 25143 10377 28484 23769 3845 34768 1264 37313 5326 6729 21371 27154 32944 2398 32132 8900 10274 32419 36043
35421 25904 25246 18685 23273 17134 6601 36894 152 38108 29123 16637 30699 24716 752 15004 31095 22998 17154 31450 19273 14516 16395 39428 16172 10286 12288 38260 9805 18521 17266 37716 21083 18043 19916 15437 28524 28289 39163 1317 15264 33324 6602 39220 14159 8175 31263 36492 8330 5757 24892 3433 30540 26388 28914 1766 22341 23984 9873 26415 3093 28801 21887 33979 8732 8581 27571 12220 11937 1337 37015 28776 18588 32561 13314 21923 22746 19740 25879 11374 25316 24920 14264 17418 8370 35581 18149 5036 39256 7497 21429 5277 16712 12538 29493 33522 36079 26323 9122 7903 14699 2136 29371 24956 170 31375 16349 7970 33385 12922 12283 18271 31332 13411 5521 28332 24598 25610 16203 13646 2349 26657 5242 17106 12440 11612 25261 29877 29308 29820 3303 11804 28197 7635 29550 37652 32638 20251 22820 2240 37627 24067 16233 37793 19687 21711 17236 23128 11556 28179 10890 945 20998 9178 37669 37484 4930 25432 24610 24250 29631 7381 29269 18837 8147 19490 33727 2753 832 8580 39797 20899 29265 28294 858 32086 13636 26337 11801 21527 7215 5387 24301 1241 10138 24983 37809 12259 9449 36357 35789 1858 21685 38365 32148 30522 16544 26496 1017 37303
13882 24063 26234 17642 37956 15224 14627 6958 38709 29787 1799 39237 37897 38768 38534 16627 21535 9054 22936 16523 14408 5368 39130 5309 18431 16274 25732 24787 5627 5488 23635 6752 30067 8088 18694 26493 9160 20878 33745 20134 39473 7195 37073 32278 24169 15103 23180 4863 34116 2008 1737 25897 38172 14394 7643 17798 34601 3846 34883 10484 38321 25212 38562 16149 13521 3601 22727 32057 34678 38998 32934 2785 20391 36058 6706 8608 30985 17771 14508 12963 28855 25427 829 2457 24107 20688 38542 27301 36747 34563 31823 24477 4033 12212 7409 22602 28463 35588 895 7086 8523 22503 17746 14369 16927 2166 22950 13086 31041 25222 12967 34780 22907 1720 37274 7945 8660 23234 29687 6460 6055 706 7057 5237 18101 30932 19336 9878 35197 33404 31093 12251 35518 39017 26067 19831 13731 6425 32530 4909 32916 39787 29311 2092 21043 33912 35841 2869 7350 28828 16915 15979 20289 37265 19557 17514 11207 17831 3005 28034 20089 24453 2047 3753 15978 8874 17094 38066 11375 8119 21468 3781 14864 22221 2311 1996 22692 20371 15833 12739 17164 29717 37443 14598 26714 32629 39367 10371 9188 34083 21203 38785 38684 23851 5542 29798 34744 33990 17553 14336
1635 10656 34652 12993 30064 2652 7189 33094 15152 1987 21818 32661 36807 31489 37504 6713 22045 2250 20543 27731 39991 6135 29312 4661 14352 952 34075 11748 11974 15292 5771 27017 25124 35144 2634 35052 10147 22593 37259 26383 29720 18273 39683 36214 13252 22040 39626 567 30416 29845 10229 13801 16080 37559 1059 30854 29258 26187 20306 31025 16580 10532 32429 4023 6610 6398 5700 31524 9119 37110 9952 23472 17436 5272 8127 6932 14402 36160 25815 36790 21071 38293 20310 27840 38555 29125 2461 229 31786 4467 1467 24931 3998 14647 24383 7939 31120 31019 4919 15807 26845 6979 18607 22361 31262 25542 7101 30968 22537 2562 36650 18971 20925 26701 39492 1415 8612 34316 38313 13937 30345 25291 35233 33397 38254 21992 39169 12632 329 26389 14816 33121 3234 33268 7150 313 38272 32349 2464 15996 3329 24802 38947 39681 13445 4322 79 10109 29447 30783 17434 10053 34714 27666 30333 24324 30827 4263 36939 3604 26843 19443 30592 929 27615 17052 38751 20387 8436 14947 28020 27836 33108 13561 12752 31442 7817 20580 11970 28455 3295 32155 9637 31464 3917 1280 27504 27730 34411 17401 31710 30237 4466 2247 1259 12714 12974 30640 31376 22631
23291 27379 15303 30376 34769 4709 32861 7317 16571 11760 14176 34064 2286 25536 7610 27740 621 6782 11891 31739 11735 31925 6176 25656 23117 2916 31907 13600 37953 3254 31255 18304 12730 33073 10553 16868 874 2765 26048 8035 35647 39063 10423 24436 5808 35048 12222 37373 30166 37389 24616 13457 36120 29512 31453 30672 6742 10708 28510 32969 30448 33867 25353 23812 28664 701 14952 15294 12250 35025 1047 24764 25937 30199 2519 33794 1782 21489 2996 36882 28501 28860 35560 33590 26267 24586 26796 1830 36281 8432 14849 18094 939 11274 27893 7941 4799 22913 10619 22362 30441 10930 27566 38889 3044 25730 5977 37272 33421 8526 14225 30008 20835 11629 16328 21845 8475 12277 19098 20442 17074 18019 590 2321 28429 27499 19073 7887 8018 2559 22942 38858 22139 30091 38270 17710 24303 18842 6122 39539 11534 28531 13529 5689 23433 6350 6723 14831 33927 39910 23324 18830 36779 23321 6313 13683 35952 37877 30793 9348 14939 12352 34397 3348 8004 20265 38943 7132 27235 10694 19141 13498 30917 8956 21121 10786 4749 29194 24799 38109 224 20957 20050 5764 36708 27206 24891 26591 7538 7997 27545 25004 18938 34515 25339 29220 39493 17657 17312 17276
33053 6717 18032 39466 22195 27435 29996 9951 17684 22406 18710 22350 22780 4541 18803 29835 2952 25042 17227 35479 6036 15531 11338 29360 25005 20465 22921 13009 37047 16355 33316 24772 4268 12114 11632 22649 22331 10482 11099 30162 19887 21498 15391 17886 38747 36621 18511 17000 7572 13384 1879 8337 37586 31631 30254 17672 2838 18895 11217 22193 23750 30498 37261 10760 26301 24256 17289 27367 27236 12254 36332 2526 27401 28424 27977 8399 4223 2430 17602 8603 14786 97 26005 25114 28245 218 12468 4442 26148 3186 3814 23950 26200 18366 7857 35136 23398 2066 3391 6446 23482 31567 38482 35907 36192 16021 13248 38516 29161 30584 2480 33700 19746 16639 29952 18919 39992 12937 22448 24398 24040 7372 5898 12565 21540 2508 4154 35485 1346 22068 2160 34705 869 11661 36108 14907 26926 6942 17437 24794 11219 3332 28922 2117 9302 2691 33707 13373 39538 15338 257 35708 15473 8292 25613 1342 1620 29259 34673 10254 18069 299 19154 38762 20524 27983 5253 35264 30718 7819 28805 29417 6186 16029 8113 32085 4262 37791 13537 16468 700 22618 20785 21630 18907 7956 24689 33166 28960 21029 1171 17391 36336 13255 24591 9896 613 29279 37079 312
8386 26611 35915 2579 15869 7098 39189 19115 11622 23699 12027 3322 7937 10960 26817 4020 20214 7065 4781 35774 11425 5579 5725 24281 14783 38427 4073 14562 37513 25119 15736 20845 9565 35894 21124 38294 13197 23418 77 32570 4921 18746 8072 16375 6711 7786 31818 31682 33027 38280 2594 12415 15892 32023 3353 1194 32523 29215 1663 17090 25284 26122 19974 22382 30725 24414 2863 30347 25837 4903 13015 23830 1097 11072 9830 22798 28538 30912 23055 7520 10739 32613 38206 37648 11580 17528 11563 10637 9673 10517 6788 4628 32329 3397 1814 10316 2469 28258 26934 16138 18621 20702 9262 38355 37331 27497 2255 11913 25838 31047 4715 3641 37537 18598 13276 39496 34989 5069 27683 25795 33126 11753 2036 30122 17025 23274 164 15976 29044 22592 30446 6899 4150 26023 16253 30354 20950 34141 16049 2478 30769 31384 13786 6840 39948 31761 4564 17016 7094 5880 17476 7048 19147 36445 19489 17605 13454 20011 37508 37090 36089 9023 34038 12087 30010 7422 5642 38098 15769 20513 5292 26840 9689 18783 2988 32114 5202 11198 35554 86 3388 28986 11126 6575 11009 15400 12725 22236 19106 17860 9256 14514 16389 36427 25416 4529 5312 26202 24839 35619
22975 18930 32886 38030 15221 27922 14917 13069 35354 34863 38120 11016 11542 20407 11372 1819 26290 9031 32920 19750 17031 18506 13853 340 35910 11234 33069 20332 23781 16538 4836 23563 29653 20041 8494 31318 30631 19684 25027 35184 22989 14664 14080 13234 26942 27943 2336 18202 35372 22801 36228 10079 18505 37896 20565 27224 2831 38301 5404 14477 1538 25314 8232 392 20372 4496 6045 26253 23677 11037 15606 7402 29139 28394 18832 29902 18417 36717 18980 64 35246 7331 3531 22142 37730 37581 28888 28371 26540 1677 12479 35414 8770 4877 12317 25302 32094 38304 25921 23074 14173 22379 21060 14764 33093 39004 8354 847 10308 35681 11470 15543 21090 3623 5343 21353 16536 2511 31104 14212 29937 39022 26450 18476 809 31245 39629 18020 210 34198 36831 25412 27314 4993 39165 12626 22412 14847 38228 35870 26041 13722 12164 27449 21103 14755 36266 29963 33775 22566 27754 11866 12209 2470 29095 23555 9463 11410 36390 25276 26151 14995 20164 21544 13080 37867 25345 17465 18571 37806 3274 17907 31409 29704 24278 24873 25525 24864 38836 11282 16960 19963 15566 15834 1219 29366 30511 28954 20572 25547 18456 36927 14724 21783 27763 30023 14721 8531 35618 17806
13021 37704 36893 17325 25543 4812 22955 9317 9013 27108 2977 32923 29 31451 1791 730 13189 39494 5629 28232 8364 28180 38247 24948 38383 37198 27925 23758 30715 29527 30195 38565 16374 10028 34153 1136 7448 36171 6643 6158 34535 16691 22937 32135 3563 269 35692 13059 12850 18999 5173 8731 18293 21113 12234 5887 18510 37314 16498 15043 37297 33604 19753 38261 35660 3338 15250 19302 1127 9397 32257 26232 28879 7820 33946 30136 27159 3677 23149 18776 29893 8236 22576 20380 31798 37952 30425 27337 11633 30952 36147 26359 31392 17034 11597 5050 3030 23687 28444 39755 17253 37096 6695 8194 30313 15181 32070 28456 17409 22674 35039 3687 7923 21036 17372 28837 21068 9102 15467 28172 23702 23334 4104 33032 15883 4535 28322 15937 24326 7151 15495 35524 4732 20912 23611 11430 30372 8635 22559 32198 19933 29209 27259 26688 32413 17435 26057 25192 15934 15558 6546 5456 26579 18061 28011 37776 28640 30116 345 38715 33616 20982 18542 11496 20175 18615 2817 21183 7049 31756 15825 22475 38067 38218 6568 8459 5029 35656 7113 29846 7623 11335 9606 7177 12635 13126 25219 8943 8476 7650 37347 15677 18027 14349 28842 16888 35580 9219 21830 140
31533 21352 25699 32497 1483 33653 11934 14958 4014 26647 28009 19328 630 10410 28628 37861 1188 33285 31617 13261 34441 17319 1511 4772 37300 15172 10317 6870 25767 24574 37409 24065 3665 17061 6525 39609 37907 32433 30554 36697 6384 10008 36563 8902 33840 14263 19580 21792 6454 15204 21091 32690 23244 33212 9303 37928 6685 2428 33630 17842 18501 29365 38349 8714 10860 26749 6006 34596 12620 12346 23449 21758 35192 8549 3966 17209 15969 32606 30430 18073 34353 25242 3297 20919 1314 7773 37076 27544 3115 1022 5892 6513 26898 6013 24192 30436 30996 5342 1664 4327 12622 31908 35937 11933 4511 7796 32411 28946 30375 24478 34183 6828 30599 16354 10876 38800 38467 10959 39170 14453 39894 5344 1666 15360 11719 36349 26453 9092 5796 24587 23549 28494 31149 25239 25277 17121 15249 6844 36164 25017 17955 10990 8285 12677 23541 13410 7313 38626 32832 19643 28042 29456 19644 8066 38009 1331 8039 39271 17833 8562 36289 18539 36781 4280 6999 38087 10719 26827 24648 32620 4054 12493 20700 35318 16470 28380 20886 25865 17977 23841 6076 21097 11347 2204 21087 10157 363 29257 16899 10965 34630 12390 11884 779 37238 6449 16332 31273 26269 27321
20157 18764 32420 26333 28303 23167 24963 13302 15878 23553 10133 14931 10212 3157 30177 32358 28663 6047 9284 25833 30108 6291 899 9595 27966 36028 39660 6533 29539 5800 5356 20411 39288 26566 16054 21106 13816 25184 6590 300 25424 28882 12429 19496 32295 29465 31028 13789 25866 10088 25938 34737 17246 23891 23385 13285 632 10834 16424 17531 33703 22578 5687 5828 29040 17229 7848 6242 12520 26189 39517 27809 9491 26495 13715 12995 3081 11195 30286 7561 15058 2708 1752 30301 1909 14852 14595 6456 19321 32458 6348 16268 27458 29681 384 39552 31465 6217 13758 31888 16604 20053 11423 290 5380 14462 24454 23663 23514 11673 25651 9277 11634 16064 38111 7120 23905 20920 34395 27127 15654 28304 1875 27675 31020 12138 2488 32719 16433 20749 24106 21464 32897 1430 7443 8749 1613 18744 6109 20818 18667 9935 37473 18921 36248 12639 30925 29109 1000 34547 5671 13174 30337 20866 21237 4932 19832 27650 2142 14115 37405 26553 27315 3579 18661 16617 36032 16594 6660 18627 20462 31250 22188 2150 25037 9881 30211 29116 404 12349 8073 24068 15161 14007 36629 39628 4673 1274 9568 11674 18531 14900 20190 4077 20275 13088 17643 9483 9850 9367
34273 31174 33776 12332 1282 8159 30276 23718 25118 30842 15174 38090 33668 21937 28856 17294 7390 22499 37012 17440 35096 24282 24887 26017 14635 842 29570 5577 25024 31214 3813 35397 8315 10256 18586 8837 15732 4185 15472 15158 24718 11871 9789 6815 26606 9338 30348 7743 24038 34000 27892 35565 703 30572 38693 35712 28450 18646 25278 13644 22247 21378 12376 24649 18592 13676 29377 24519 30607 4690 11877 607 12148 32223 11395 11950 5964 5556 3562 32811 26978 5260 33995 38096 39994 19320 31381 22957 36753 35800 33000 17137 4202 1333 12740 19978 2592 17054 18596 4169 34649 23214 21634 18466 9938 19843 26494 35429 33137 10156 34281 9978 27531 8857 15071 7484 11113 14705 21963 11327 18562 14248 18153 7220 4101 54 6988 38498 36391 282 20006 12382 24230 37382 6761 25308 33505 7050 30074 11473 5469 7242 3678 15709 21040 38868 26091 24805 11909 8261 15886 24768 13170 35055 35737 14823 10787 30466 23805 11560 38686 5834 30204 6779 39132 11770 18048 9424 36702 30329 4246 14557 3797 1710 11259 8153 4638 8161 15378 18353 2391 36947 22123 14333 9956 22661 32280 2690 38811 23218 24583 34848 31062 3752 36190 3594 24913 21160 25423 30798
27919 36472 63 23644 22424 19891 34004 23220 2639 1010 15567 31422 26434 39248 26305 7461 8435 82 10136 22170 16236 30757 35186 29278 33596 33755 35280 17343 4075 31719 39698 16595 39750 1388 39445 32823 1957 11638 9035 19871 37029 9644 24760 11397 23722 8852 12619 29755 6440 36673 5706 7967 31591 36794 23201 23774 24091 232 25362 29728 29857 18965 39376 5225 19802 18618 7079 37322 37370 24242 30962 39229 3441 19153 15167 39425 11087 33411 14665 28433 7133 20780 830 640 18292 38628 14657 28721 24119 13726 22237 19369 15889 8847 37935 2447 19673 38687 24679 34942 32353 37041 25281 5722 33523 14465 35001 28449 29844 25109 12435 4382 3836 27429 38958 13627 36194 33913 3963 14784 36977 11377 13578 35706 37555 271 13094 8470 27638 26466 30822 21870 7487 14017 29469 39823 32513 34687 2853 17865 10464 20801 31002 38666 34461 36335 19433 38985 21731 21967 34982 36895 39151 5126 11925 60 31564 17367 2042 17801 26660 24157 12611 23089 22152 17083 38635 19426 3183 24260 16815 13956 5603 1088 17211 28577 28099 18135 1060 32999 4830 15908 5691 25045 18902 30391 21810 8758 10893 33361 28947 5557 18599 16413 20978 34458 23899 37106 21539 31194
35916 25269 8419 35770 29998 8407 34730 19110 37774 31261 423 26272 28917 29326 28035 1750 3700 17659 35868 4720 37258 21989 4436 28084 16053 20358 30766 38912 376 19835 23362 30867 16871 38870 28109 30255 33888 38849 27245 5602 13227 34559 36908 38543 20247 24851 38214 2851 6500 13235 9564 31983 14452 3313 22278 6361 11947 36762 18011 34166 13375 6359 26847 35357 3866 35387 16522 19739 8996 15195 19989 4343 23996 28982 11893 27322 21387 21596 907 9265 16781 18126 37754 37301 37719 23224 25831 16702 32040 14301 10781 1749 21598 14909 19377 34068 11461 21928 4528 24984 29790 35721 14443 2056 17128 12735 3109 4124 18034 11006 1293 29502 10195 38918 34173 16208 1780 24567 34529 2900 34740 28517 34564 26118 19570 32732 29130 29004 24692 3826 29140 37521 31561 20446 20733 36115 4832 37004 3549 25714 23929 25942 19883 33156 11842 23893 2527 23662 34245 39416 29495 37309 31982 34763 10627 127 34247 2967 22653 30155 30046 18284 26911 3032 33960 14818 37707 12059 11032 27325 22572 4003 33581 5545 21567 3289 8620 15100 38083 2450 35344 28632 7454 30452 11547 735 24232 31411 11949 17847 3659 7925 6424 7678 9903 7501 15015 24582 3468 4259
34795 1057 20695 4144 30726 5587 31499 4995 14530 26856 10657 39337 36235 20837 11349 22138 19782 8618 20803 18240 10601 13274 11182 4035 20105 24059 9611 26075 31690 3959 6962 12128 22813 28910 6108 36877 4905 22160 16258 32387 39335 28403 26377 11270 23918 21320 31822 27765 8008 308 20299 18087 4547 22789 30047 1883 20918 15612 18425 1168 208 11154 30121 27561 32089 14732 37844 1801 3657 13449 33709 19873 18378 22399 36199 35220 19129 13452 23974 9509 22830 7757 19285 12294 3010 10096 50 19131 1588 30911 6519 13876 2412 4410 32538 2201 27078 10822 25494 3036 1397 21840 29291 7865 24343 17322 7683 19828 13142 39222 14925 307 29953 16026 16968 33056 2100 38178 7612 18876 18954 4920 21587 24876 20216 29746 29363 11668 33501 37605 26519 25505 8738 20754 10636 30165 29737 27475 16734 14971 15504 8132 1037 25288 7296 24150 26375 29791 10393 23811 33297 4943 29932 39010 37758 30913 1156 35667 27517 39653 3459 3448 23744 6309 8806 35473 31804 39756 8366 15668 36741 27465 22724 6308 30113 18462 10515 12466 19101 4502 16873 38781 27921 9980 28052 14215 26487 1671 4052 31365 35675 28282 25140 6737 16985 1541 18274 25368 11728 19935
7481 20309 39557 19441 21471 39018 27201 28787 17661 15614 28454 14276 19720 35165 16319 18247 25274 16450 37658 38290 4791 25670 14196 25628 25233 1579 12400 2017 17136 28318 36785 17256 23873 8100 11257 10715 19915 22535 6863 5140 31266 17647 649 29807 8410 4360 1292 15629 33226 360 20486 38386 38872 9319 3336 10427 20281 26604 25403 3185 37369 18169 30722 6164 3401 39444 30957 39121 29833 18725 26702 39393 25572 39961 22527 29786 3416 36133 10811 9880 27630 32612 12002 29111 38710 12092 34070 4684 35570 16059 2939 31495 24462 30057 34387 34506 24792 5879 37270 35322 37834 22304 8997 14472 6414 4828 18949 36630 30975 10297 10450 16618 26449 18953 15255 15243 13492 24479 8859 13171 2786 23539 35492 3953 18319 8247 23027 7278 3086 13297 10211 9539 18883 39613 37604 24852 14292 29967 26386 19671 23552 19492 33225 10188 20370 14915 4864 28198 1051 27657 27769 23572 39026 20319 14020 4247 18526 15689 23681 34560 29776 9304 32799 33083 9197 8850 9316 13213 5756 32140 8718 20685 34254 32963 3915 34119 18156 11690 27340 37529 36902 29663 2280 24862 16494 28994 21405 25499 23085 17251 10194 32450 32795 35087 17650 38672 25944 22848 18715 32009
10574 3517 38336 9292 35358 31314 36046 13594 27662 8221 11345 25322 15191 17636 5302 39394 33893 3707 727 8316 16284 6554 29379 12712 39234 6724 22316 4451 17942 27045 18487 17019 35224 33091 7938 13690 37588 16740 31783 39913 16879 23123 1836 18961 5092 22141 5524 31235 18994 15202 13056 31791 8836 13259 27746 15234 10162 10326 3239 23222 28903 18504 15623 16502 4275 4432 27837 161 17024 5264 17205 34370 4210 20802 36467 7471 8871 31871 29492 35047 38728 38793 10264 19691 18726 1201 39877 2108 13282 903 24702 26095 9699 6475 1837 28974 7332 27875 25710 22878 35471 8253 29525 15009 10341 27510 37165 20463 326 31003 11908 9520 19727 1974 4338 34469 32080 22414 28742 3656 10774 11358 26998 9386 38696 15835 7758 11276 16281 22969 15696 29806 32118 10463 33206 29026 11774 29181 36692 6490 20721 12562 13033 19698 24545 8867 4847 31456 14713 35281 27388 22378 32311 16056 6991 28520 19540 21311 11443 27752 14363 8776 39684 32378 34272 24328 34707 9908 21317 36668 4149 36158 12616 10677 7628 7800 34835 18540 22509 25605 12799 14625 26793 13191 38342 35201 37381 4430 8196 14193 29380 21704 3882 7034 8636 34124 20493 29457 23397 22557
1889 27732 27266 783 20084 193 10824 10043 9605 819 2959 36903 31882 33890 35287 35769 38717 28585 10106 26894 1515 27491 38368 30109 32077 26079 1602 7467 38033 28555 25149 36715 11863 18217 7853 32499 684 21710 22229 29150 25331 12444 36379 26710 6406 32431 1887 8454 3825 10963 14088 12960 17064 24518 1921 17406 26663 14043 8600 28382 10846 16131 30332 25723 22205 2284 31000 10459 1390 24081 20232 33465 27680 15336 2557 17126 160 18952 29641 31774 16063 15137 11855 38491 32268 21953 5929 31763 16517 25232 10245 29712 10776 19378 3988 34256 3970 12956 30089 32068 12074 2303 18218 34346 37170 30394 16863 29523 2434 14204 39651 24609 32051 1370 24241 1162 34550 33343 23095 38457 10932 27192 3973 35840 18973 4464 13637 20238 11042 28993 37618 3275 33533 6371 39323 39569 25454 37103 36040 30971 8074 15792 16718 31492 37505 36829 39879 32283 34525 18556 34874 27140 39508 25186 9983 19081 1402 3023 1381 25649 32802 19722 16414 4394 33425 2829 31373 24146 17277 39375 39835 17116 38378 8134 24064 5411 33383 36219 34924 32403 31224 28188 33100 27955 754 39278 33795 10573 25446 19653 14981 10358 7449 5561 33277 23426 18079 23492 718 38075
35733 29241 18187 7045 19304 23394 13264 33517 17551 16887 7695 19932 34009 25151 2169 21171 36037 10342 9069 2473 2248 14450 22994 155 10839 27918 3551 3114 15730 34953 38167 9645 7825 9108 29873 16947 10376 12669 154 8579 18330 13982 30563 39799 2999 34588 26475 6944 7491 110 5071 36360 83 33260 28814 12195 21649 17147 28466 37817 26583 3511 15393 8248 38914 14379 1676 35456 16516 288 11637 39311 31579 14353 6445 32386 25085 30590 31222 31642 34342 15486 15355 26846 7197 15143 1200 10071 3525 32623 37476 32194 3655 35049 36363 37947 37072 26286 38231 3712 6917 1126 12399 7592 32236 27433 30861 36518 22583 15194 12099 9352 5127 10582 28649 35443 16719 26362 20553 38839 14889 23257 10865 35920 17379 8762 20457 29218 23627 20487 8447 27821 11045 3038 2722 17700 37570 23533 32555 37717 25460 38064 35826 26595 13347 20290 28900 9557 30553 26069 12820 34679 17288 17195 34778 15147 35643 3360 13487 5954 38796 20566 3431 32780 4591 4574 24121 3608 28447 38882 15030 767 12060 36667 21764 1778 11961 22645 22659 11482 8790 1536 21478 19485 17444 738 13598 9602 5673 11555 893 15090 14185 17071 33046 36433 13087 39441 23957 18944
