200
24882 16595 321 13932 25292 5653 39666 1331 36002 7810 15937 2876 11213 15960 11232 9570 6693 7373 254 16378 10558 4698 4496 12039 28858 13611 1891 9679 24325 2796 29372 13023 9845 19321 14110 23710 38284 13601 26824 19184 24568 2179 29606 18621 23284 30313 22137 11417 35345 27274 26444 20034 35343 5859 11136 9109 1907 27420 28026 2778 38099 366 30179 36297 1708 16815 26451 23229 29377 19430 23842 19695 17897 25631 12709 12201 38482 17944 31970 2359 31610 12691 37724 15804 25051 23817 38822 12453 27782 9692 8707 36509 11578 10665 14163 36932 36181 23608 36250 28389 7707 32593 22589 26271 35293 22601 5762 15567 27600 11481 20733 23305 23691 21206 27234 21772 39991 7485 12443 15441 15200 3357 35369 11298 11870 25445 11955 16237 26426 19056 17483 33725 12848 29750 3327 22569 4691 28571 16422 23562 20024 7699 20352 38305 19087 28025 2400 13671 6032 24467 31045 13787 7293 35287 7972 14245 14402 28638 8127 12942 19750 13511 17258 20455 935 39908 12841 5436 2196 6913 10115 16095 20682 35189 36094 36153 2261 16383 24665 3102 27709 25769 9868 3683 10955 35548 33115 28925 39196 25675 28459 8805 3201 23675 14096 15372 27914 24216 26443 8394
24192 38473 29565 37597 3851 5512 17920 21415 28306 12354 27911 8435 39370 35856 179 35985 22845 38395 16857 4313 553 13645 2264 34249 31629 11182 35306 35520 28935 19652 13196 34076 21555 21917 31513 35160 12205 23632 9525 35574 34356 19082 29556 4577 39307 35368 12104 6123 28464 20290 1260 28755 30335 30519 17732 31922 34210 17692 22871 1037 9796 3836 29097 17431 10292 19423 32258 37321 31353 8036 36050 9972 7703 25143 32912 38308 30565 20932 8008 9480 23492 36446 35455 37516 24286 16898 18440 21461 28594 816 17820 36936 36239 39503 23130 31600 28386 1181 32691 725 24791 33432 30768 13558 28940 1276 39772 7795 5745 5815 9301 18537 30199 7579 1187 16481 20440 2874 20049 32826 27567 14144 16166 32466 27630 33572 28927 32451 9393 23243 13538 33352 22743 29189 29184 12027 33342 30060 11322 16555 14808 38271 19411 20444 12390 32131 23716 23368 29951 29429 7495 28621 8913 14889 9141 374 39322 35423 32982 12179 6851 5452 28374 2744 20430 27982 26391 13503 27214 26770 34145 19288 26960 6694 38895 2895 37381 18581 29042 24883 30499 35540 18727 34224 37693 9329 21696 29802 29552 38736 38292 12084 6124 33673 1860 9016 23465 11970 943 13865
13242 18653 37592 24999 1802 11587 39751 37073 38104 20043 21991 32952 1330 14919 2148 36586 30006 9309 17636 6580 35317 7644 24667 11954 37656 19967 17509 1027 13584 39726 39640 14784 35406 36802 35475 35069 5770 15705 39913 1447 1233 10739 15754 1539 19038 38226 21332 20277 1567 23043 36468 31451 24263 13331 21248 36221 33083 9694 22287 19012 37714 2365 1900 28094 23369 8507 14187 13253 31969 17325 6294 16062 26153 30012 18960 15735 7007 15474 4049 6297 7621 23440 4825 1808 15537 13357 23336 39158 33033 9991 8461 19527 5967 10931 5616 3536 27135 23453 244 17302 6672 8368 1034 11272 31347 13693 18552 32671 38429 17475 10677 31195 20185 19753 32576 15269 29826 21726 23585 10226 34646 18639 18410 37879 8823 11464 18584 31630 29336 24628 2697 1542 10472 14543 22974 6320 26633 23728 31355 1739 29214 29614 24989 27568 6276 4676 32002 8408 28383 20429 14917 34718 4724 26602 15415 2251 7886 25622 35564 24900 15579 19942 12266 28018 33047 28285 18183 30183 4924 686 32788 3123 13457 13013 27748 2926 15668 5987 30162 28175 35716 7866 15618 4784 4255 14567 2335 11847 6786 22326 8147 15961 36895 10543 36019 31221 30618 32572 7584 32248
25700 19390 27267 7100 38050 7870 6022 28589 5040 37851 7042 38649 22375 12892 35377 33223 15206 12822 31452 7486 7404 3559 26729 6095 30789 26387 23748 37652 5162 16897 20287 1337 10253 16588 8660 24009 34133 6751 4165 25229 4566 17550 22071 29244 23450 19192 9876 11196 26741 22467 31512 35635 32391 37237 34364 25706 4838 18539 36703 6227 14825 39446 22221 5541 28853 19444 27724 12013 29666 575 8747 32395 18939 8146 13597 38303 3915 26881 29303 19383 22230 27618 34620 30034 1371 39718 13387 9072 30436 10926 417 6816 30378 14373 2620 29727 26099 29668 12415 21379 38540 19341 7755 18920 29967 37593 33038 4345 28996 17239 35079 8826 12012 16105 36439 3217 4950 371 27967 35594 39633 7137 19328 5032 35776 29726 10932 14057 31491 6008 27670 18051 26150 25290 772 8450 36151 8073 38462 34073 14609 11535 21305 4046 26732 36443 35186 28615 17070 24122 284 1252 20486 37248 30093 4488 10338 26459 4853 13612 35542 34097 26425 18789 1688 8780 38456 14248 33274 23222 18995 32302 35190 13084 39141 20649 16933 36008 30835 2648 10301 583 28354 17627 27483 27922 34462 24710 17443 39574 12148 8606 22801 18703 18275 14967 12101 5506 8398 7762
12890 33815 28267 6848 34713 12834 4107 27869 5507 10123 15512 31833 23642 20055 98 3457 15526 17067 27205 24266 7790 32312 17074 18938 14995 745 4951 17561 25297 6015 18419 4179 18712 20401 4062 30758 3097 30529 39850 11363 38637 2103 14371 16582 21841 8879 12315 35421 29895 7920 37035 31246 21444 18125 11499 29587 10489 16164 5749 23482 1497 26236 33908 22654 7418 33721 14348 30472 14134 2425 14542 20232 13274 34703 25619 36254 15365 15145 22380 2803 4163 24827 9833 35653 17632 25014 19533 29588 6009 12417 14724 7749 20616 13587 26790 31774 13132 28804 18991 2480 32 35083 10922 6793 1327 24206 37017 1413 31870 37715 22330 20236 29958 2801 10762 30213 25389 28846 14181 3170 11495 15272 35748 19480 11071 32078 1021 25578 26966 27004 12724 29008 33272 15022 12530 722 3894 2658 6943 17558 25547 16638 4974 279 592 36106 35036 4936 7643 1789 11835 22683 18917 8396 23115 35034 12372 38910 4337 35618 33044 35688 4879 30276 22909 31529 26370 26912 5947 25778 28327 24181 19741 30040 2686 25497 27514 11461 5914 12259 20966 14879 25401 10924 4367 22262 22747 39054 5673 35861 6173 14639 11261 17873 1522 25617 1033 29903 32083 23438
5211 2213 30185 24679 39215 14643 29767 2989 18412 33819 11754 21923 28343 26652 33634 27470 18067 14179 29074 29327 15724 2267 30977 30067 26999 15642 24069 32048 34971 28230 28461 2650 3677 26045 18643 6822 15471 18497 21340 13127 33564 14789 8234 31233 6150 28662 12091 36003 8353 19013 17216 10098 6415 14338 32719 39909 32571 23493 5734 9752 14445 22436 18401 885 37594 20818 33698 30950 4588 22942 33539 13106 11240 12808 33764 17685 18204 31078 29564 9617 19672 28876 12517 30413 17594 33710 21277 35824 36010 5148 3290 20111 6742 10465 8537 20965 3153 16478 5106 35052 7197 19401 38659 33068 4440 29270 39703 15499 20742 39810 39080 14287 18900 13215 16794 37590 10818 33578 31365 12055 7180 34942 6959 25044 23278 37222 14740 23070 23168 18840 21157 32379 29113 16469 33393 18088 2164 25980 34936 1940 38747 211 30626 5469 33207 30111 30331 29493 7091 20172 26220 29005 12925 33214 22916 25390 26216 7227 9879 16137 10511 5568 10613 36826 22658 18889 39802 4193 32485 1456 17079 10578 23551 32526 37878 26414 25596 14109 31406 12224 2126 32492 36554 21866 17892 17164 38004 896 16326 6812 24205 36735 14844 30407 26095 8886 27958 13050 22933 8383
4595 14570 12001 32255 23874 7236 30943 19771 7882 1126 18049 14941 13179 34684 6968 9020 6463 28766 23790 33051 2517 29109 35156 28103 38396 7044 30781 22555 39603 13691 32646 3771 28495 9284 8341 29677 33328 5834 29403 33770 10099 831 8776 9083 11311 26285 31383 26208 27644 11715 11827 4806 19835 39011 25725 27987 3084 27373 10491 7074 21224 38836 17677 30556 17020 12016 2200 6728 36088 25114 31465 34920 1788 10214 35362 24547 1532 21566 29003 20834 4926 7004 2324 7124 7538 35754 6257 15307 25788 32295 2238 39794 36291 2351 16439 23499 25612 1477 36102 746 24952 22686 11107 18411 12421 4807 36026 5810 1853 11228 6842 3898 32673 13600 11407 14928 562 13354 31994 25343 29259 20672 4839 34215 2687 27007 1245 39163 34989 34333 38943 48 38678 30600 1763 34159 39387 11485 36540 17086 23308 24096 20664 28690 31486 5183 34262 18301 1749 12440 11867 2386 3261 5638 21388 10824 13324 21190 25914 37343 39176 38666 34883 24127 14733 37166 11064 26911 38392 9703 39747 32135 24179 19062 33438 18320 24535 27969 9683 30611 30455 35849 33168 15398 34835 30859 39306 30699 32857 2043 34270 26549 24241 16276 37435 880 14048 29243 32128 22860
12404 15298 6154 9928 1300 5466 1800 32086 11552 1215 35764 37046 1616 39858 35074 12928 27688 21178 23858 25265 39007 4668 23114 19733 25893 27191 37249 14260 36571 34692 1399 6291 7451 25199 26530 38133 18104 39927 39818 9967 305 34794 2635 39221 5984 21646 3607 14451 10813 36567 13149 7415 32560 24744 37553 13063 8287 27876 2017 24375 30545 35315 4485 9227 16460 33210 20883 35752 15172 25458 21363 9772 26810 31040 29765 16850 34430 28090 19905 32589 16611 38005 17233 21210 15164 22836 32276 34561 31393 1417 37413 6900 9729 709 28300 29177 15444 35565 31749 18964 36823 16669 19208 35335 8580 38986 2696 13341 28729 22143 23717 24436 33094 21272 15296 384 10050 11972 31446 21952 33114 14741 31368 19564 8187 18208 30815 25862 23743 34747 4855 14304 26885 32893 16438 22303 15911 34315 29507 27951 18426 12280 5078 18575 33049 32185 27117 22280 15564 36550 36454 27000 14630 16042 35646 22412 6425 36617 5518 38687 18243 9427 8560 8228 33992 6144 33340 2088 19963 29510 20050 33772 31257 17208 36358 3909 30039 6788 28496 31899 38214 27440 22897 15749 30470 34924 29386 3735 4590 5212 11622 36284 30674 2482 39878 10732 33278 26275 27864 37510
33516 34750 32587 38483 31737 32754 23078 23626 31956 15893 20324 10509 261 34125 12732 28712 17053 31256 302 8025 21154 3702 17254 25382 6744 16970 22348 17330 4889 4652 22255 22869 8779 34638 33961 25370 9666 11895 4452 18165 15814 39748 27531 8426 23667 19030 37030 26335 7170 19598 4639 11361 26372 220 32627 4087 30869 33536 7154 3230 26395 26230 16619 14927 29479 35268 5280 28419 23919 21255 7769 16594 13815 35964 14732 39040 19656 30094 13505 7408 15052 9288 5535 18729 22186 435 10351 4205 29872 29066 31248 15616 915 37490 33217 36766 6298 11880 17069 12956 34099 33910 27870 30708 20168 14135 11120 22028 26406 25736 20610 28338 9784 15053 26837 13796 27516 35756 13923 11502 21505 37831 38798 1866 26080 14618 7228 13151 12439 13547 24714 26105 30767 13639 37242 39073 2661 6922 23255 30343 27713 15933 5667 319 17525 4423 20370 8992 21294 14668 26223 30135 25264 36024 18961 26224 11559 34545 38643 22442 39165 26630 15327 12005 36917 23857 25692 11760 33972 10600 1246 24855 31371 39290 39478 21692 26397 21927 16622 39341 23784 21795 26959 16791 19620 15943 1885 8499 22809 2969 13734 24417 530 38565 35495 18337 24441 23580 21958 34170
3967 8283 24143 30341 25207 17112 19990 39728 37925 11259 1294 21251 32138 11483 32885 39212 1910 738 790 2909 5691 632 23107 1096 1966 20026 36752 17172 17115 30633 31874 17165 31790 12908 39804 13896 25117 18512 26937 28432 22692 6690 32095 25119 14410 17624 26649 23989 2042 9563 29695 12378 39628 2038 4866 39540 10717 10436 12233 20820 18056 29709 5988 32028 39273 18696 5842 11203 8185 19090 29337 33837 27485 10009 20576 20687 19930 32853 15407 18450 31743 4546 36686 17327 1837 15890 19702 22263 14909 31522 3808 27523 18026 18052 26368 21466 36424 4550 13872 5092 33702 39198 9325 15639 16323 12061 27717 4968 4705 185 6791 14525 14228 1348 20958 9966 21879 4429 20832 23069 24948 28735 31086 9907 3214 14557 22690 31379 177 36030 26794 36611 25605 15352 26815 12553 5611 39308 25832 14899 32543 38703 10567 30690 24655 22841 27493 12048 39790 29663 34136 11850 13684 23673 18455 4203 5578 17048 25451 23567 21657 21553 14561 36302 23957 14638 17790 16748 23536 14130 33009 22872 4238 33640 15696 22446 33524 33353 38856 3737 14779 21926 35552 11409 5130 26671 13392 30794 22513 29225 27377 25190 28919 9760 39228 15005 32807 16960 30832 31290
38064 22289 35091 7519 21524 7411 11468 39912 18077 13350 33542 25288 34995 1418 33879 22596 14694 6910 21865 26358 20726 37245 27700 3538 31754 18276 17623 348 26724 28501 33761 39990 37962 39486 28378 38524 34362 20800 24629 4329 34852 22257 3499 21268 27840 22866 2424 6401 15685 9088 20912 14159 20227 26378 1414 10146 16227 37011 34363 2651 20176 38586 23929 9481 4507 6452 19151 33018 18112 31169 12889 16684 17313 12454 10265 7590 34821 2024 16295 26083 11001 29918 11119 15497 13769 34592 2639 21854 22977 1032 33454 24123 30919 21546 26355 38873 24038 9379 2872 39437 2676 3859 6483 27172 5519 3765 11980 30749 24770 10010 33929 35117 8251 8043 14588 18874 32057 3149 2738 12921 31496 24951 10195 39101 22245 26533 11728 8438 19544 9884 8321 38573 19868 18948 37929 5055 25514 9588 4349 26402 30996 30846 34484 17076 35176 14932 8917 31409 25393 13957 1513 37445 33674 29424 39841 36192 714 1178 1552 32712 6879 11371 20343 15002 22002 33369 21289 35320 34943 6787 31563 438 34310 15484 29946 23803 4044 36559 12274 8710 28084 5402 9253 24296 4189 3908 11776 25407 15193 23543 6729 10370 23526 11667 2753 8890 14571 11353 8153 9652
25576 4756 38144 39066 19871 37292 22896 2228 25125 10724 20539 25601 22140 27737 327 34512 39313 4497 32405 1002 30771 16411 18210 17121 19878 27860 7393 13950 24844 25579 9978 7387 2880 36205 11736 3410 20533 31301 20663 19397 2920 12680 37923 21180 33608 8351 19602 3458 23342 25789 7830 24311 32832 32268 18397 8788 38868 2527 36622 10691 30045 27207 3379 36787 4863 21323 1923 24605 33866 21 7297 33635 18453 1911 3221 9436 35341 15829 17409 26841 37855 19498 29145 5527 21547 20994 9647 15007 339 648 19653 12079 16629 21648 29196 19103 9605 9806 19317 22479 20356 972 31398 4040 17825 30461 35628 18028 39092 29547 25750 14465 18528 12959 30788 13455 37209 15056 22653 3999 8230 18645 26106 28619 23288 34557 9362 32416 9383 33002 22782 24015 8112 3678 22571 35705 11153 4118 8181 33601 18517 7698 10776 28341 6942 4952 28118 11425 18166 10562 32878 39697 9660 8238 5255 2020 33649 28637 19712 12613 18856 2688 20673 27773 26716 33485 29634 4432 36293 35600 14400 26412 31117 38574 21884 19160 1360 18936 18367 34925 33268 832 32721 19004 16259 13358 5451 32723 13111 20479 27415 2317 12154 6904 17014 14580 11725 18327 6479 33806
2719 13499 8100 26816 37246 9977 11875 25172 38972 35622 35860 9250 31906 23264 16616 39292 33315 22088 12519 8599 12392 34590 6508 7868 23046 30136 11211 21761 35922 8479 20908 21191 33935 15386 7321 29112 27691 4048 34505 6076 30076 12411 33750 29427 4909 14816 30513 9239 12924 27838 12115 39465 29342 7163 22670 26383 32598 2512 6041 36001 32296 387 34083 6256 30522 30553 11057 31135 12192 27925 37627 1492 32112 22599 35518 15598 3470 29410 16053 29609 32421 4110 34189 8290 23471 35697 18084 19110 36774 26209 10285 18686 36230 743 22619 8631 38553 4141 17719 38324 33617 24474 2984 3245 13226 2161 13992 20394 15168 12399 39515 36553 21429 22840 30190 6302 18859 11588 34878 33724 23004 32150 22556 10685 3295 34091 28751 39831 39473 19921 24974 2543 15964 17181 13295 32942 33465 526 28509 33467 26155 7801 12962 22195 8742 14023 13516 23664 31765 3803 5457 10259 36464 1868 30120 7787 19474 18362 24741 9509 26740 35615 24781 22943 28814 19051 6958 27979 3436 20719 26688 19946 3239 14171 20564 2999 11625 19195 34488 29865 27176 20944 19605 4704 6313 21565 21135 5784 20471 28860 24734 29694 23101 31525 35954 9055 18190 7463 19495 30927
11140 8101 18742 34652 31883 30953 7840 20520 32381 7714 23060 29999 29085 36390 31124 27714 8412 23374 10372 30318 4728 35941 37424 34059 38359 31146 8949 29923 19859 2249 25122 12774 18310 22937 25002 11583 11937 10885 2591 26347 5836 6159 36487 21338 38848 1108 19754 9654 37353 34772 37226 36115 29871 29273 2105 1268 19744 1363 17125 13894 8225 36315 22306 25099 21633 2832 28214 5360 24196 6854 11676 14709 25768 6530 13647 35401 23420 39099 35528 28865 36161 11026 12498 12739 8314 13141 35780 33276 25821 101 31183 29739 37404 24801 11545 1366 1099 30161 36491 33561 1373 24565 35798 15264 4735 22078 19153 27253 35737 37704 31322 31277 20303 22921 30458 36670 20226 5828 23391 4356 26488 75 11572 4539 37477 6496 22273 29228 23531 31479 2703 36108 4484 18491 6414 21649 34697 15872 31930 20350 33624 39767 7913 37562 17994 5805 10219 31834 22655 36728 22016 18422 16311 11396 25521 17657 34778 25685 1410 6143 19785 27068 29975 28566 17724 15570 10191 33280 24841 19516 30949 25260 34046 22759 7657 16712 11421 1262 38673 12214 4059 3227 1745 29578 5059 23134 29054 35497 18043 37302 23419 36684 12804 30020 27385 15819 8582 7232 8300 30287
12888 10354 5750 1462 15595 4685 2225 16843 34226 28205 27323 31811 4490 20501 25932 5730 29232 13112 20937 2621 33052 26373 31787 9852 9225 24439 12980 36283 28263 26720 28276 22443 34183 12429 229 18498 18179 8057 27762 1174 20119 24895 25304 9962 3818 26072 24985 34171 23942 5603 14963 25177 8929 34064 27808 34009 7181 5689 29521 3509 6403 33371 14625 13833 150 12886 37219 8822 20404 27128 36736 3160 18564 34294 14671 37760 1473 33027 26403 9917 16892 23876 24042 13856 781 452 36770 30563 36702 4898 14712 24228 13093 38026 25360 20853 17261 26316 35194 1307 34964 12292 22934 25310 12918 33967 21862 15868 30809 24571 29103 27757 13258 9849 11590 21711 32669 19701 20108 12853 24141 32990 12542 30314 11697 37526 23583 5841 19445 10826 826 191 37156 33940 38158 30999 13423 17669 29574 37803 25486 2727 17826 11724 39211 20314 38800 26334 6813 20911 10615 3884 4211 25179 35634 3979 29250 3589 11415 27605 26791 3871 12633 24731 10621 27825 16610 21034 36650 19122 23155 23535 25713 2220 10269 14122 32677 19041 24383 7516 38185 37153 15713 12902 37680 32410 1361 16054 21304 27340 4314 19009 16708 26693 12473 26563 33241 18830 4508 32564
20638 17151 38309 39469 37047 10807 35894 20451 21493 38545 34997 29205 27196 24054 3498 23819 17531 28869 32622 34077 36756 26749 8519 22829 23679 8364 29697 10117 15341 4284 14479 17291 29554 23473 7883 25132 35683 26165 30638 30431 31963 32305 31314 28688 28367 26921 9327 34388 2733 10605 17652 2484 37685 37805 3710 14934 15525 21936 9713 14944 3597 16421 34783 22382 6873 2155 320 1289 16396 23948 9423 20485 8870 39170 30267 19831 6088 22031 24408 31988 5302 39843 9719 27460 31744 10178 33787 24828 15344 22205 28551 12754 27003 14673 10147 11130 29281 26037 29430 39859 27320 24001 19368 29770 20729 31817 7530 11079 4326 6102 19752 10943 1421 25609 33670 29568 39383 11142 31645 36427 15975 32406 3648 10371 12412 19617 4613 13379 22217 12087 10640 1105 13643 8986 24434 9406 23813 15953 10056 33623 13841 13115 17710 5009 13323 35958 37550 18139 8248 6470 27532 10794 4970 29733 4655 3565 22684 27441 30759 30324 36103 37031 9269 34596 6584 1106 17706 22720 29629 12028 1879 32833 38458 24793 37889 14199 3206 30785 30787 18935 13465 31879 31044 31048 18724 34792 14922 20961 26475 17981 36078 468 31313 9403 33650 15340 11156 22504 1957 18810
7984 33692 13939 18588 7930 15519 30446 36997 10900 33187 27572 13384 15291 34580 18323 33251 29602 31373 1515 2598 34138 37083 3625 21374 15794 31587 39458 11634 1355 4448 27078 32280 25474 8745 35095 10969 2342 16764 39687 15050 24476 15339 33655 8974 8548 9193 11873 37700 17051 30731 8725 5898 25724 6312 6492 33694 25287 27475 17186 24583 33977 9979 20866 34068 14951 37790 5178 19452 29985 25991 2296 28366 28297 36570 796 38492 30574 14708 17532 8984 23779 28931 31528 19217 18055 30247 8904 17370 17436 34121 11028 40 33238 32533 7580 262 38302 26897 7874 16739 31445 33580 9862 38559 6845 29400 30365 24132 20259 25940 2076 34959 31854 3019 20888 4726 18525 10479 33318 6067 25145 12702 20566 15505 23985 25494 26297 33892 20807 39479 24303 19613 4928 16879 5686 30122 4899 3630 13181 35264 22886 25717 8843 37470 24699 18945 19696 479 39039 23890 13844 24200 2912 20432 569 38070 28186 24591 27957 14872 27695 18081 8279 28454 193 27524 17819 5553 38127 26653 25225 10069 22012 1430 13935 34853 21420 29724 10239 12564 28864 29060 32935 17547 7802 35206 24302 2522 1012 37886 15437 27706 2914 22005 25589 12661 29095 5636 38202 32965
5605 19136 23316 22321 5231 25606 34746 17512 27687 26766 33533 18265 22701 39538 14251 7641 32537 11041 34876 11108 25708 3249 19355 10350 2286 13225 26342 30720 4265 10550 35174 21634 38686 2752 17722 13016 3391 36524 14143 16585 37128 3996 27929 12697 27461 20463 34639 25567 22674 14931 14094 36435 241 6766 3003 26110 35668 30362 9807 11342 29927 33683 4218 26876 3411 2087 8024 34881 12158 4647 33556 3632 32945 16007 4369 35933 15777 34649 23508 4505 36751 7612 7884 13187 6633 21681 37071 21686 10912 33917 35450 7311 13792 39849 33491 1378 6114 34448 32772 36863 13281 17468 24390 6806 405 24415 14039 6230 10125 16489 13949 8454 30810 24812 11643 6692 21458 9866 35391 13283 2496 31235 16535 24988 17742 7224 39471 30909 34744 26085 13386 30650 25866 3904 29331 26591 5477 19716 14868 32753 23878 16615 11685 25884 30916 6651 18257 28288 3114 1932 20282 10958 6206 5308 19478 32820 33688 26428 15601 34864 1020 307 19216 14682 26930 12402 35319 35416 5091 7462 32273 21653 8325 9611 16769 37469 19541 9223 38953 4702 26639 12610 18779 4660 25702 39575 3192 19040 30232 9792 17066 21949 12384 2653 35783 23378 21670 19561 35702 31442
25035 2802 5133 13121 21167 36323 27546 15989 3013 1931 10481 11670 24294 15412 16240 22554 19680 23812 12562 5582 24542 4841 4524 20039 32835 19548 10068 18806 25892 4783 27674 10655 9065 12303 18136 34456 28598 1000 4686 2360 28210 33437 29934 16696 37686 17425 34893 20826 2184 7022 16336 5368 13158 34677 22072 9364 8887 35047 11220 37154 28236 13241 16542 35825 11388 35529 28658 35693 20205 33332 12223 7968 8440 32104 16371 36898 37607 5838 12462 23110 27756 39275 18699 19623 18135 29009 21559 2313 35871 6528 31919 14374 24520 5978 31889 2892 36569 30779 231 1446 5140 21617 13025 20250 26215 27566 15673 12460 22779 22127 16680 156 12095 6375 8847 13799 12321 28471 12494 18209 22843 39256 23570 38449 39719 24737 11916 15337 10705 35219 10431 3828 1610 29787 3694 22453 37913 16840 39966 32668 17974 26440 33905 24601 14509 15016 24366 9398 25045 16120 9521 22527 228 18624 36652 5629 918 39423 24044 23021 14701 19092 30762 39000 4316 16881 39896 6994 14318 2925 16219 26545 22961 21507 9603 23112 2773 10679 24463 21433 38032 28241 14027 27482 2747 6887 18675 39136 6369 29379 31237 14805 37070 4085 23986 13039 7481 28350 30419 38332
3572 19049 39762 27033 1357 21004 35470 1930 19156 23175 18488 23726 17864 18722 18738 14006 1528 34264 37463 6278 26125 31326 22774 1570 29920 1887 32236 35210 34510 15726 15380 39541 6480 10957 33788 23656 19869 3714 16307 25096 10632 17093 8715 28697 7233 35221 2423 30717 36070 39865 37220 38838 521 7264 9592 5538 30302 20363 39615 20306 12558 7416 25804 20713 19524 25704 18096 15119 34726 17329 6949 14482 14008 30737 37436 23696 25383 38330 15742 26580 5868 216 29360 36944 13768 3106 27565 19468 29851 31363 27812 33944 66 5526 24058 17716 3636 8206 25829 30041 31274 19664 6060 38695 37474 17783 25217 13220 34223 37949 35827 17139 23735 27201 27919 16526 29738 13170 881 15211 13415 34454 31092 13858 20676 22017 11796 6464 21246 33824 8730 38993 4620 21959 975 5299 8006 18244 31134 12374 31149 30581 215 38581 12040 22058 37807 14972 23539 28363 11811 6231 26958 29351 29046 25070 34403 24182 22967 5950 5537 1881 14898 9482 33463 30275 7752 3575 10575 2761 19108 22132 19948 15917 38255 2003 16322 33686 3555 5263 14191 3394 1420 3856 31306 14054 22614 7267 25476 14324 32843 22452 26990 17364 3481 39268 29595 36376 23670 7110
23952 36211 6248 15963 6602 35225 33391 39424 25648 10241 20137 5772 4351 6080 9075 39180 11830 39838 15125 3592 13502 36690 2281 29447 4818 37660 39819 15680 32989 36590 28666 35288 7980 25412 19518 32904 37609 4472 5311 34011 9734 16823 26238 24656 10074 39022 19152 11171 32581 21417 1844 38175 21059 23167 30096 21195 14411 29583 7940 32525 1042 5226 16645 30933 4830 13874 28590 24456 10721 19798 8914 11038 9931 21022 1396 28007 12563 14470 19826 15051 25272 17474 17612 11354 34743 24716 22828 7191 12985 21655 5681 614 265 1324 18130 4614 6890 25428 32997 8786 19950 12765 19759 24019 35371 32452 36242 15627 34016 27291 28711 31118 10939 9763 16806 23862 529 5288 39494 20389 6514 16214 15561 19699 33583 10574 1981 14075 38276 18022 33643 32707 18521 1903 7312 12296 38087 33709 2427 38718 727 28115 2904 33286 28261 21975 6571 28763 24235 5209 11865 19896 37262 35663 14369 9993 3306 17733 26667 7299 30537 14697 24484 38922 20321 2500 5678 35981 39746 25701 12434 20416 35358 33204 8928 30929 38181 5334 7862 14976 23657 27511 17725 39024 23937 11917 11475 1044 624 32994 3222 20710 5574 26052 22538 14869 27648 32692 32040 2720
19243 2026 6342 30903 9326 19941 11446 31634 34038 6697 15447 8792 10760 11749 31981 27561 4815 39451 7120 19075 6215 28040 31065 3109 997 38088 37357 18668 36488 10169 20364 9560 9699 578 8392 3134 24313 18950 31666 14851 2036 8549 39731 17588 3400 22751 15948 7396 35167 15664 24423 31884 31593 18782 24977 33221 32488 12527 26487 18580 21445 14771 1748 33264 17296 38001 27171 23855 28494 5482 34298 5722 18979 1507 20115 30005 5386 23 28626 36657 12674 31601 20740 18636 11656 9725 25030 38299 3835 343 31493 22021 39957 4455 21827 24047 21627 29776 1848 11882 31937 2077 6696 23057 27752 26302 17846 13217 4514 29608 11400 7388 11453 18585 28932 20586 15874 27646 39195 969 27198 24370 22258 38813 38635 16281 27988 18563 23407 8210 31075 9746 20735 36061 25803 6251 11833 7207 20724 38516 26294 21023 2587 24949 2672 5960 22061 25891 27620 38356 14115 19674 18833 30219 3384 30725 1845 17188 9956 32235 37310 9724 29820 4717 22724 27660 28281 14475 34996 19037 34054 1995 16454 24128 24906 22708 21620 6220 30131 28901 2777 38944 7601 34933 21252 39700 33852 22001 25074 30668 17199 28785 4816 10553 15760 30397 19697 29798 35876 5004
39208 12849 36834 33321 1925 39482 1478 37400 4184 25756 33629 29099 7907 29101 38311 1508 33804 13908 3644 19820 31985 130 17755 21855 37540 5799 11763 25062 39084 23533 29215 36744 22229 34805 26846 29874 16873 33956 16735 6886 27230 8360 26963 21533 20582 13397 27304 18578 3270 18126 39160 27784 27238 24374 26339 16985 18669 2994 11460 34611 5213 29640 29402 37975 18038 14155 10583 37719 3991 37007 12797 11441 18400 38940 38700 9416 27020 16261 19618 25258 37496 29681 33520 35492 26263 28605 34917 233 4593 20847 39785 7253 14719 6572 8918 21951 32101 10048 31299 28521 24465 24971 28588 18617 21846 15373 15815 21679 26968 8568 35642 801 5821 3322 27087 18016 23894 39773 17927 15674 17154 31801 29450 22039 22846 29492 22381 35425 18893 22508 23571 11626 31980 1723 846 9952 7901 38952 4435 8630 14911 5502 4561 18769 6779 12588 18966 25608 17838 35721 33783 8196 31612 19517 32093 23520 649 12503 27379 23761 12590 39646 21665 6362 13164 15059 26622 35157 25286 4632 33509 36263 1467 2917 18559 2408 21733 15891 19482 13472 6397 14408 6771 33190 35080 6395 4563 30812 1173 38724 11428 3265 7203 31733 7331 38123 25943 27758 7052 5766
26641 34768 34912 6716 849 33418 20517 21261 22389 25795 10211 37964 27887 12850 33368 17397 22313 8212 39293 10426 22775 1353 27090 25251 20467 7946 29600 13543 1380 28938 5918 28559 24307 39461 36162 36858 38312 21279 36417 4962 25826 2352 26733 35477 8702 9108 14450 15832 26775 36303 38733 20557 25012 34888 7225 6781 32836 7043 39795 11445 38693 37874 25156 11533 24690 10633 9742 12966 27008 36076 38582 35975 9499 23823 18845 20267 5265 27390 3120 2294 29121 1040 5870 8018 9442 31035 17595 9600 13326 31760 419 27985 20215 8183 2929 34346 23951 4122 9680 16182 15759 27281 37705 30091 13741 3351 8490 7650 13953 37554 34922 14098 2444 9036 18260 13945 18002 27955 22839 741 9554 13266 9422 20662 36866 37198 15620 73 37386 33638 4650 19091 12271 11260 7256 15045 27096 13704 15245 4831 12737 7386 822 13609 18212 15323 24195 21803 30432 27977 27372 29621 30315 5776 16558 8632 33588 4322 23483 11442 31238 26100 35393 23434 21216 2252 16509 1230 9802 20156 19180 19545 34237 32988 14797 13969 2328 6683 2162 22817 20125 14438 20537 32270 10379 13726 25610 10312 25126 8496 2790 29375 32915 25465 21584 38281 4799 24998 2458 823
36510 33100 26728 6640 7609 15650 33746 23794 1296 15605 29916 26752 9289 26970 19438 23204 12717 29082 35746 33359 20075 9919 32743 33704 27865 1102 5063 21518 31806 25491 3801 17476 13328 28242 31047 13569 14375 24685 7767 4732 27466 37466 12917 19647 4871 14943 36156 34565 25888 8150 25639 32315 32643 21394 24008 37443 30292 18162 6605 39352 10959 3099 16272 3523 29638 3570 20000 25447 39050 5168 30399 38135 3986 38731 940 33869 14072 18250 32517 35955 11887 2434 12819 39419 17486 6965 11858 3863 37896 38480 21213 38288 29772 29506 22637 14704 5656 354 35241 8898 17264 29329 35043 24622 22951 12614 961 31166 2560 6626 6167 23221 20525 14786 28856 30790 35146 17961 3325 6523 16738 30377 22398 39406 25448 19595 32808 21752 13676 9629 8378 38301 30511 8422 17758 32575 22320 28839 32922 13790 39032 13731 7529 11297 13088 20786 3703 19501 39150 23206 21878 15854 1816 28353 1104 19928 7630 5551 6104 13562 34093 34283 21868 10646 37738 33388 18823 22384 36066 14800 23111 24448 25787 16813 15544 19236 37323 15992 20705 34406 20551 495 16388 1590 17265 24760 31260 31228 33534 30682 32180 1271 6566 1839 23800 23678 4053 26407 23061 9653
18798 621 29829 34103 4965 29128 32291 12818 8069 24457 7023 16289 4191 8237 30269 9028 39584 14344 9352 5223 10961 35692 76 18120 15531 18677 28009 24352 35620 29866 10306 36619 16755 28665 27973 7904 16825 27499 31548 7635 39963 17423 7016 38742 17448 13541 13991 38816 30113 32377 16459 11069 14881 16142 9338 15882 18760 23325 32541 4840 29428 11212 39563 6333 13310 30606 27169 30579 30319 21442 12062 21956 652 25015 20221 36441 13855 22638 25714 34163 5018 12863 2949 15450 29435 10716 9810 3738 26511 5065 10162 37130 29544 39987 1029 3315 4412 30142 35722 8885 9898 11929 9637 9813 13578 1852 24911 39530 38755 16078 8331 15916 37002 10823 29032 8819 23629 1218 24982 10294 37251 12662 33146 36855 20494 17969 39760 19388 37475 17687 27842 16501 18681 22240 11497 33200 7695 17089 21626 21355 1017 28562 29198 33865 26899 7925 9739 34263 29801 13846 12340 33343 16379 26270 22113 23563 33153 26654 29090 33123 13131 20645 30300 27827 20384 28022 19559 28813 8542 29414 11200 3812 8388 26447 793 37365 27231 8128 6118 31534 23181 38594 29941 15030 25244 10256 980 16887 17285 32851 30714 10079 28482 24186 1351 39429 24856 23849 4188 20967
31173 17713 36508 2972 34664 25871 22401 12777 16805 18665 28185 26389 38561 1929 31100 8419 36878 4149 26176 38958 6665 7466 10289 28081 10515 23892 34630 29714 24308 35212 35627 19499 15861 8768 12362 9778 8050 884 26021 5151 15457 5757 31672 24521 37048 6148 36548 9018 14405 21172 25499 8116 38896 3878 8374 13497 4358 32817 23981 16243 39717 4362 14195 12496 35070 36086 22545 11112 28770 26889 22729 35472 30434 31952 14359 38420 11420 37991 22447 7955 31676 14996 27582 6073 15431 3883 13513 39938 7532 19154 14166 17978 28145 19340 8301 36345 24647 24767 2270 28176 5362 1857 16313 4011 16782 19263 30941 12106 10199 30336 4529 6631 31222 2090 6724 35625 7867 36539 3021 7836 2746 26926 21531 20678 12245 12673 8385 23587 2283 38656 2183 20454 34640 30976 23455 21580 36511 36983 16134 30947 8674 3902 32888 22474 14107 364 33053 7205 21020 3993 14990 31816 35969 15912 34342 14910 5448 6179 25305 31153 38039 35048 22022 29039 34617 36706 31300 37211 9278 31628 21326 5695 19076 9622 8748 15641 7937 19167 22339 922 24473 34232 1716 36771 2806 17693 35300 36349 18711 18246 24992 5907 5177 23923 31615 16959 39778 847 5175 27297
38717 11556 32682 6706 25184 23826 6145 9007 10799 13210 27157 18586 28653 12102 34090 8052 5719 16294 20154 5020 19568 23684 7557 11956 8935 2216 26282 17229 12682 18731 16744 33472 29684 7316 28561 17366 31489 13398 18025 12830 6061 112 8766 7262 4451 31828 368 7515 9787 30677 39930 37543 1765 10100 7963 5149 4348 18746 29774 39128 28732 14378 33173 27474 28644 24987 25232 38010 16894 23273 30417 4633 13977 30334 564 32355 26777 16140 11024 9595 29581 1219 34654 10557 10910 23213 4 32812 7675 8961 27580 8967 21556 29218 36404 34449 24836 29368 29844 34756 9613 30915 6762 16267 30092 5942 30018 22850 21331 13448 18530 14106 25917 11734 14853 28169 7800 24922 20152 32301 25552 19873 34053 21938 36407 34582 17077 36901 3680 5323 29674 7549 11323 779 30046 21790 22166 37777 7491 2974 15957 36034 20328 11574 22208 232 29141 38291 23956 8927 15107 21515 14205 36614 6289 20650 11770 6710 34858 5808 33544 15038 38182 956 37505 23128 12272 26878 33082 1702 2571 9051 14649 35003 10857 7961 31426 18919 22268 2374 11633 33828 2597 19282 27381 24870 13046 13204 21824 30819 2334 7507 37145 30027 23507 2729 15156 36144 17874 18932
3083 15162 12781 1083 15004 5887 11173 20880 38945 6107 27146 32899 26470 1807 6837 6158 36235 5435 13598 14586 6909 37824 2902 34008 31720 33370 9973 13360 33563 9214 37152 7869 16222 24739 9559 26169 39606 21820 26502 24701 35471 29888 27366 19287 7526 15458 19560 5171 24881 38722 1639 971 8781 16980 1530 30856 35889 12329 33934 36259 7842 20969 28213 33995 34194 11573 18389 9355 21850 1551 6040 32547 37433 26850 29563 19446 3077 17156 21222 11424 12927 28835 12347 4422 34021 28646 1861 27321 7231 10720 4890 26427 3038 11326 30235 34114 4719 2822 3031 7890 12637 27584 23260 20806 21675 35835 9069 17062 32388 34158 25500 13065 16671 28139 6516 13044 4030 22036 10755 34204 31843 13205 17581 28339 14219 35874 37383 28737 9490 12493 35454 10798 23830 16076 15396 25523 17349 30924 27061 926 39712 25594 17889 12647 22141 24031 36536 7158 27413 12784 28957 29616 38817 20509 13525 23267 23145 33660 2339 30155 30241 825 39884 29700 39518 32237 6177 15653 36194 5755 1476 16427 28486 21929 25948 13821 8384 25169 15451 17619 24003 38339 3868 36217 32551 5865 21403 27265 21684 22935 33873 25890 13130 25150 6896 19366 29151 17090 17196 28689
762 10937 18704 28273 25246 26839 21116 10376 36580 33752 15034 21847 2311 11074 21307 640 15177 10736 15959 1523 8372 31905 1157 904 30252 12190 14087 37104 21963 24625 4581 35299 111 12371 27174 2573 3655 5794 10525 28786 9590 31846 2739 13004 28545 29491 21313 169 4355 27046 4741 26352 3686 37201 14508 29838 34106 33188 36880 35105 39407 4820 37954 2117 5324 27544 2709 16293 34149 31989 25655 19011 4176 19018 13885 38696 20123 25925 27192 33753 22716 6113 17088 27386 20696 33358 18546 3881 15354 38880 21170 12400 34518 27834 5441 11113 21373 11455 27092 19135 2071 5833 15401 1194 32611 3654 7374 28788 21160 4709 16453 10486 14873 19853 25905 1266 8911 8214 28593 19380 19172 3236 27356 12094 14184 1448 17290 34299 39524 14637 23421 32675 28899 29382 31860 9612 31987 6218 20157 5054 6358 1480 27038 22291 23017 23829 2706 2623 12576 38328 12232 25731 34873 31388 15783 27333 12262 27476 1889 29116 18347 37304 30180 4061 30645 10573 34551 13366 7241 10164 39365 19530 4340 72 1385 24645 35478 32253 8915 11299 8940 23296 38224 30925 5166 890 6329 11524 31036 29195 8759 29520 6732 14137 26235 27761 14233 14890 18024 9232
3262 22204 34600 20605 33517 5275 14428 4788 31170 2185 376 27837 38345 19534 33364 33166 3445 27557 3806 34396 7974 23292 8741 21003 19347 25481 13383 4748 12042 8891 39775 27436 7674 3739 15204 14632 3650 29885 213 33007 39661 20299 32415 26627 6953 16354 39443 36022 23593 22129 30833 31938 11082 10202 30048 37726 3716 23448 6977 32367 29541 33506 3954 26175 5703 35151 34320 37716 9860 19119 32884 11993 15791 9175 28254 3248 39470 9351 36158 13735 31936 4578 10447 23126 15029 21114 5953 36145 28260 4117 10156 21153 14203 15130 8211 18339 36603 12823 8390 35812 16153 6978 29260 7080 22098 29572 196 4678 7480 39302 5682 17185 20369 28015 33139 34440 20633 36209 9920 36200 32018 15188 35390 39962 23810 37428 24970 17092 16810 14829 25182 3955 31552 6002 13034 24227 9030 28488 35523 37307 37456 30670 31023 24094 4379 27153 8430 17817 431 11762 17147 10842 28420 11094 38534 31255 15448 23843 32470 2191 33181 2483 17929 34429 35179 2172 26608 27126 8686 29356 23385 2520 32546 4586 30137 23104 5664 1175 24730 25144 39529 33895 39094 30734 5014 15217 9827 15311 32020 30368 13002 19671 35290 27730 38756 10936 16302 34470 24512 36352
16784 16474 32142 9998 33777 11391 22565 31597 15033 22786 6292 25604 30625 39346 17489 15636 17439 21738 30696 3773 18262 29024 31880 13717 35739 37450 35114 33197 18251 8704 28704 33151 27279 36625 39807 37556 34192 8077 21660 2168 17708 26582 3157 25234 16546 39657 38295 36387 16845 33072 15635 21904 21832 33699 26152 2429 615 15994 15716 28444 8770 6152 18808 7528 38567 9889 34066 13351 845 10639 17885 12489 25010 24177 785 19742 24754 33593 26290 31122 21826 32957 9140 24298 5598 5002 6860 21807 19812 15999 16628 416 31071 26872 24239 3864 14613 5979 1759 2437 10941 12477 35701 22122 16061 14090 4752 13605 34370 28663 29240 16916 21813 15470 36522 32501 12467 2675 11144 23019 24309 39695 19528 29730 7453 37956 39846 28997 1358 38992 2555 37518 14472 4402 5366 12128 13862 29251 30043 26287 4219 21175 5475 4222 32250 21661 19592 21902 16913 37751 3558 1750 5204 30013 20796 31944 31626 30705 7260 8864 30701 31682 8552 19576 20556 5486 26456 19449 14365 10344 5257 27560 25019 24963 21810 14180 36333 3535 5103 30070 38278 12144 13681 16218 7700 1784 31683 2307 12492 10105 15710 16366 35711 966 36081 20629 34583 6116 38003 11195
38844 35068 20499 31072 15952 12470 542 22085 2245 14015 22792 18826 36101 18231 26864 26564 17011 34373 1823 3519 28776 15590 34336 32099 597 39485 13720 32195 485 35443 39883 8767 14389 22539 28633 26338 16666 30022 13417 32204 36621 13485 29986 7969 10474 1734 8587 27754 6552 4789 17189 11376 29370 37299 9722 33582 8900 10165 15061 30227 15908 28875 7234 33137 15432 31851 13054 3407 12474 25920 24153 19761 15138 15417 10281 4708 6612 16515 31128 15099 27689 38764 39774 32756 34358 33525 35651 38197 37316 1912 21742 1810 12235 957 38719 3397 13393 20946 19660 3704 14178 26149 35250 37800 9131 17867 24245 9751 29070 4813 11883 35010 7187 7582 27862 18698 13804 3074 27587 39592 35820 21901 8679 1122 30926 1780 21545 3268 19299 29114 22899 20836 19504 3159 6613 1950 4105 35281 7780 10046 35177 17501 14560 36623 13756 2449 16179 11947 29335 29119 27667 22360 19479 19274 26726 37993 28329 37176 16162 38707 353 6769 8495 18131 33189 37227 4777 14432 6871 22617 32008 8494 29803 3340 26278 37625 34839 21076 3602 29276 17983 4802 23470 365 20987 4933 31189 1376 11781 31254 36391 34196 16631 34916 8219 34413 30259 7881 10135 9861
25800 23371 18333 33336 39546 32260 38914 22297 33374 14558 18997 17911 4264 19539 8455 7559 33154 15539 32527 25882 16518 912 38009 5314 37232 16209 21282 25196 81 24978 21386 5869 37859 22952 1646 17391 3952 26861 14791 6378 15367 4819 9468 34266 24507 15273 5615 34815 17161 10075 24113 8402 22849 2781 32806 8517 5971 30406 9838 15043 22288 25464 35966 10519 16685 25303 11045 33357 34148 39021 11309 2495 21616 378 18116 29522 34992 24304 23704 16143 36378 24382 8375 20130 24053 20032 11673 406 19348 8663 9167 12009 30404 2504 5793 12183 30791 4092 5912 11584 4776 14244 22243 4767 9572 11785 17973 8015 16590 24528 17314 21913 17389 5628 31050 31171 11793 29676 15915 10544 8506 29405 30969 10692 17779 6914 38195 9983 15630 38251 10619 17728 792 8603 3707 6687 6299 4183 5200 16693 18098 7397 36796 1130 39869 35353 27215 11897 29226 5879 13926 36383 182 30425 28476 36608 5199 31996 18113 15623 22168 28934 24839 24719 28342 19333 5570 24431 34000 20559 7179 6062 14430 10797 2187 24516 4711 34359 32345 11996 21535 24264 6178 25831 14240 25017 23549 13962 37858 20397 2131 16715 3936 15180 5648 3243 9300 21732 23931 32027
5620 18082 770 4104 3804 9948 13570 6894 234 38459 10448 23605 33511 9054 25530 29210 37114 28599 38236 15969 34417 25408 8925 22633 5295 37273 26800 21011 30208 13453 20895 4072 35591 12788 30982 12899 34868 13534 27924 2624 34689 35979 14277 2901 17995 17992 19003 13530 4634 32189 30280 8536 19433 12117 5173 1862 11591 39752 23047 32651 330 6043 30062 11722 21158 19745 13060 10846 34432 25695 31420 28678 23461 32911 17219 891 2995 34132 22146 25907 36253 10555 4555 31674 22509 26848 14877 7965 4344 11275 26170 8950 12306 8132 30158 8808 18385 31212 1756 33953 10916 11512 24451 35745 38803 15515 18583 9626 23463 11942 26689 17794 22827 19803 13288 33163 19435 29163 16613 131 31332 39919 32111 11180 618 38257 27133 35636 29791 13365 24080 36674 2174 16380 19773 37584 8798 33110 17412 401 11616 8860 17717 9094 6809 38544 8474 7603 1229 38708 18351 31450 15163 15940 11362 23290 9155 31537 37757 565 28033 2616 13219 7596 17674 8056 22083 33811 33165 1833 13467 8762 5479 37341 37224 39781 35473 31632 35234 20527 30433 5546 16418 15603 12794 34074 38915 1435 9184 18652 1116 19193 33589 2269 30853 11665 35385 8749 908 38119
36542 31422 29900 14466 34118 28507 35527 19336 17381 16416 27397 11876 14281 35608 19301 38604 31287 22473 24876 31997 28311 17256 27022 19506 29576 1007 31973 28739 4980 35685 21500 16842 30872 6938 17822 13252 12978 36117 14882 34538 20516 16579 25534 5000 35714 32616 32238 28001 15122 26086 34268 38177 38741 30001 34777 12783 28351 23189 5856 100 16067 22529 27228 4770 9316 7894 37057 5317 1190 36682 4240 35147 3754 34360 39279 24639 9401 8698 37501 212 26646 9469 11621 2508 31964 13500 37247 32392 3215 19704 36705 4390 33195 30602 38294 29745 23087 30466 13477 15626 30090 4307 26018 31890 37890 27290 26113 7792 7222 33061 34219 22239 20978 31718 33282 15808 35698 8012 33974 29010 24359 19849 17601 4121 147 4182 3105 34957 23003 13508 28396 10254 12168 30462 7414 2170 21161 29394 30723 33630 4073 25173 36049 25159 5683 21596 14698 36087 5443 1878 12425 16502 20257 19543 27933 1228 11457 29397 7286 22037 38517 13915 13564 28761 15169 27025 16449 26409 5134 22894 31097 38996 35314 10404 33985 2547 22234 26812 17682 30125 9869 24777 32824 34591 16495 5088 21333 28034 21896 18159 25507 9638 15656 11479 12336 29395 19019 35671 7670 15806
38869 163 5954 13864 3213 7390 3191 39264 39104 5497 12053 2326 27747 14651 13622 36502 27102 14662 16349 3618 36612 26806 20308 36198 4707 1128 18614 22042 3950 12185 1182 38411 23013 8634 20054 3926 23991 35285 10222 1081 5712 7193 33413 22068 15978 37207 203 38090 32828 38275 34207 30871 33389 20018 38929 21165 23953 10890 24819 19781 21606 9249 29169 16910 10207 20611 26141 31145 24727 4244 32505 31004 18101 13362 35211 20281 15238 29087 33654 527 19569 29018 541 36902 16761 6684 5096 29719 16195 8595 10973 37127 7524 38491 24320 29041 26634 9765 37216 19738 21339 24842 5641 23782 22810 17938 10062 23387 14587 20534 4372 32506 26904 9801 13793 21187 29305 28473 38478 30310 14716 39297 15987 20977 27800 20158 9110 10080 11463 31068 34275 13794 39917 28977 16034 4474 3485 33319 9102 324 24884 1051 5432 25960 7617 34612 11221 33479 10816 31975 18216 22491 21528 27093 25329 38007 1829 14367 28240 20535 36628 20099 11826 1628 37852 27658 11932 12277 39567 26206 3910 7719 8980 14423 7173 10711 8968 10288 20459 18211 33458 986 10503 11235 19029 532 26039 39980 2962 2195 22772 3156 28031 35513 36299 6708 7510 36092 35143 31401
30624 1416 34846 16822 27150 14103 19628 28749 16083 26273 15934 35087 20393 23949 1964 30505 22506 15042 16564 38774 38232 18547 8125 25859 29703 15788 9844 4302 345 6001 7651 9837 25641 20613 26286 37257 27109 11374 2358 29612 36029 33050 23072 37637 2277 26711 16556 39847 22477 32960 19124 15366 21291 21211 15128 21437 8347 28436 1095 23718 7220 24330 28289 17721 23480 6975 18916 22825 8720 14828 14544 37650 1546 34150 7421 25793 18281 13737 35658 657 10782 37761 9295 17608 36021 3690 9673 11397 18222 34589 11824 26954 13188 36557 13549 27430 33175 35501 7447 33962 36820 4019 2849 24410 36075 39933 16029 33337 31508 7036 35576 32149 22189 7279 1581 12957 27959 34985 12635 11889 26795 4120 39117 39526 27632 31303 7136 30739 6412 12600 38648 39509 12004 4286 31408 19979 16434 4513 29296 20764 22862 2715 38461 19725 34251 5621 16362 30211 39454 14396 12339 34666 4901 12287 27970 38477 12839 7429 22735 3759 26394 19512 9756 22631 6196 116 7492 20460 5141 10764 12396 32374 29978 5709 4680 20701 16621 14888 19409 34351 28511 19961 482 7912 30972 30968 8667 24939 38373 27541 3237 64 6511 16694 11314 20292 21599 6535 22180 5923
4937 7858 38511 15666 4091 22861 29545 8160 7049 36233 23312 32696 28193 39283 9523 33230 6616 5550 23491 15493 6035 2030 13791 29585 4562 12092 18124 27058 28673 10413 39354 35586 39435 20830 13449 39788 35150 33015 38732 37284 36338 9858 28398 18489 33669 20396 29558 18697 31455 8019 5123 12438 6203 19306 9464 25216 26560 39626 30842 3569 13801 35161 6274 3775 11515 3421 23345 10950 29037 11123 3610 36593 15869 20127 15983 16683 39351 37973 38987 8009 34601 5077 9764 21484 23987 20698 33320 36134 5767 1255 17082 9676 78 25667 5966 32513 20344 16320 2121 37301 27515 34354 21601 37005 1813 33906 13321 4114 15442 15392 7252 36957 36689 35666 855 15602 34029 8723 33019 32308 29309 27612 23119 34455 12097 6577 30880 14551 19998 15746 11190 3961 16733 11061 4350 9552 14920 38137 38842 35452 37390 35063 24189 15234 31150 36020 4471 24635 8405 9023 32474 29354 39888 12719 36763 12316 5513 32896 4492 29086 1103 18402 31435 14878 30884 22773 27999 11000 31038 27613 31909 2885 23477 28411 37539 13938 18010 26955 12332 34276 7598 30463 26182 31137 21510 15634 8071 28924 23466 10526 16660 26997 3095 16793 19320 14564 8090 34969 30583 20603
25147 2921 18481 10142 27481 39421 29988 804 19334 36495 30765 9639 24959 8220 28402 7383 4220 6110 33138 17898 31945 28122 20203 17346 21056 24894 38647 18906 3969 18659 26590 24740 7027 19629 18616 24931 32359 22757 15008 10999 16085 39481 11473 15239 4670 28787 37739 561 19197 11430 23370 31270 10693 12461 3571 25262 34760 77 30608 39497 29125 5949 22946 36337 11523 17043 20445 7472 34303 30138 29245 8023 39655 303 2678 36336 24588 12586 26142 31904 8850 27401 25835 35240 2023 10058 35771 36469 11254 16353 3953 159 7182 17663 26866 19466 21990 15926 8557 34482 25813 9940 33943 13089 14208 20704 18601 37706 7284 22269 35277 30743 17405 28966 17334 19730 37278 21297 39931 26042 28004 11293 13213 10005 10658 25528 8593 10132 36729 6077 10464 5355 25842 9176 32007 24874 7211 38487 35171 22890 12820 4381 39452 17102 29843 11645 37861 27293 5539 15461 7812 39763 17765 19382 6279 13689 37538 15817 13732 16635 21257 10927 29812 7378 17827 20900 7340 14505 8799 20804 13248 894 20810 29679 14554 142 36676 36942 19818 14309 37134 2956 13635 27184 2066 22376 856 27735 37174 36413 36320 35060 6338 32724 7614 9900 17607 24283 15807 9367
22448 17230 17833 25809 8391 9823 23237 17931 18776 36721 20069 19364 28219 25282 21971 3886 10520 18817 6911 33555 21163 19050 22009 10176 5198 31527 7315 21214 35734 12933 10014 18128 24735 10606 7627 1956 21208 9682 33661 37023 6503 5635 6364 18146 22419 25338 25928 21468 1978 12935 24602 26491 2986 1341 16345 8202 37331 9707 30641 31158 7941 16923 12694 39004 23766 22581 5158 3385 3631 38228 4213 19558 27202 3184 35720 36063 32964 12713 3367 13972 3719 14269 20400 7029 14168 30216 18223 5365 21310 13899 21712 11571 34134 23327 15115 32046 25473 19875 5533 21129 38592 30483 10174 5356 29433 17457 10852 11913 34707 2054 35184 5408 4393 35665 12206 4972 7721 9029 8954 14838 28796 35930 27741 39079 17026 551 7229 29442 34606 10433 11205 39740 12490 32224 38684 20310 12151 27426 6363 29793 14112 10614 1774 10696 14511 23219 38234 8436 7845 31325 39397 17519 26701 4288 19586 15691 11472 12501 1842 26361 29901 10714 4154 26143 7688 10725 4881 21346 29957 29120 19931 13460 22770 8326 10572 32916 6722 25001 38020 26751 35116 20877 22883 6184 37768 13822 5438 32929 15845 27492 5697 19531 3866 10247 32981 28694 3171 39716 35059 19659
13656 36262 9793 27118 34676 8469 29237 17373 23674 400 9234 13256 37515 36921 13789 24722 2331 3092 17456 683 16066 28832 38052 2156 6027 10378 36013 18781 22677 9684 18240 13943 9255 13866 16005 26496 34284 35662 20679 301 29437 996 28659 36984 24964 18504 29364 19095 8668 27457 39915 35997 3179 35836 25028 18529 69 37346 35382 21625 8515 28441 38362 8114 3087 20948 4640 6318 16824 13482 21426 7648 6233 8136 16069 16370 31753 10402 23094 23347 9187 38827 5490 13834 35667 36977 11332 34665 16158 27996 31219 2817 11641 270 7573 19350 13452 31226 17963 24190 11239 34905 19456 36346 18283 26272 27513 4354 10330 5675 25069 9256 26867 5387 13588 26944 50 11302 36596 19202 6984 7270 11288 17446 10459 29559 34387 29557 14271 12625 12891 14016 627 8916 9347 33036 375 3525 39732 18506 11370 32370 24768 38405 3091 31055 12730 1648 20163 9623 1658 9033 10687 37125 21989 26301 23283 34704 31655 24869 6186 23176 21554 5095 248 35397 18110 38858 17294 21699 23149 26326 32661 39880 6526 9336 19915 1527 33514 7589 34109 30066 14102 460 6893 1505 9465 23860 32143 18329 21086 23727 20723 8769 28726 15349 23586 10397 8409 4744
17184 12644 28929 5254 6785 26719 31193 27355 11923 8371 19852 17801 24129 28558 22517 39460 6046 23893 18566 31425 31798 34127 5389 440 22130 1208 3606 10180 16709 37348 12531 31225 32432 8958 1404 31582 14896 9633 36037 10704 5303 13027 19365 13509 22662 21582 35676 9789 27376 22092 8869 2958 30059 38772 10744 39625 35135 1409 19174 4727 27114 2734 37909 17414 1117 18690 29503 23171 26119 35398 15403 4836 25656 22458 6999 29617 34078 38014 6169 6717 30214 34686 29569 28803 14453 2798 25593 36641 15221 3786 7939 227 27771 9375 15184 36277 2102 7959 18923 9294 8838 14762 9882 31403 34594 33410 21108 28425 23472 3960 27893 29560 25767 10829 2015 28567 12686 31871 15025 17504 33861 1874 9211 22026 18878 5816 26669 19058 12385 13682 36913 28512 8626 16217 127 27134 37547 13993 35538 730 28365 24243 14758 21784 7109 28173 36645 31714 6765 6863 14083 29483 16167 9561 26722 36610 31227 14388 20843 5110 14182 1725 1302 14436 18068 28434 5467 3304 15082 37863 23615 14127 16800 22422 2098 21250 4236 18064 12708 300 9939 7854 3204 13446 32799 24797 4331 35356 16241 15569 24958 36605 29702 22424 10715 25933 20692 5913 18824 39727
20337 35374 30870 24428 6991 32215 5347 11062 7372 39854 37407 25525 8760 15003 5246 32192 28246 2891 7051 4361 32949 29399 3561 31358 21183 1553 1253 7819 38216 13471 1595 335 1805 18199 4661 20885 23579 5702 29982 4913 8473 35099 35476 32780 28983 17059 19894 3441 33249 23275 25092 8955 9099 29537 11909 19377 4111 8182 36558 4174 9053 16377 33512 34366 23183 33912 12255 29392 21767 32594 25611 21594 2950 13441 28939 27843 32504 32031 15265 16430 13064 14987 18723 39899 26423 1356 29505 34018 22594 26528 1468 23869 19622 18239 21593 27371 13102 2330 3117 13660 37591 10248 16674 11269 5888 20970 6058 33092 34960 34597 15828 22370 9489 11674 35917 31033 33714 38660 22597 20720 30102 6895 34554 22947 3639 15743 25691 30332 11187 24161 27895 21312 19844 39203 36183 37511 26359 2198 10761 23404 82 14266 22518 21441 21773 8828 29785 24863 28399 24576 38358 36004 38537 37535 494 35503 32389 7847 12725 8628 12341 22007 10695 38086 37355 3921 6223 37053 25042 4293 28134 15261 22976 38882 6818 94 14607 12696 1984 16668 35230 9122 29187 20957 29434 23646 32323 6841 10897 32596 11539 39420 16946 24582 24862 15833 5768 23866 10421 20831
28418 30631 24137 17001 12161 17463 14839 13566 39816 19661 38340 22957 11975 38613 30073 38 1824 5883 39569 8930 8355 22814 25200 7223 37966 7376 30796 11207 23506 21169 3197 4399 31775 38472 34576 20448 29771 863 39791 36361 20426 22134 39206 9008 30824 24262 32749 17083 10081 26003 38638 2362 5028 1079 13105 8937 1487 6807 32116 27656 10201 27622 19991 35536 1143 24400 19651 19187 23602 29824 8489 24481 3660 31940 23469 15592 23524 27665 39238 31713 16365 13652 24972 33097 2406 11188 5851 8871 2867 36606 28375 33402 37230 34769 28883 33622 11279 9945 37959 1983 38949 31658 13783 3138 2757 2192 33736 37322 33893 10441 24348 9358 4227 26485 22620 28547 35363 7619 1244 24556 29249 34577 23035 36723 25249 19204 31927 24324 31901 13715 11779 6000 35526 1684 16606 39057 28844 26993 20313 14124 21040 8327 15284 27219 34722 22266 25993 7048 10204 10821 20183 26621 30215 6441 26070 34274 17757 22808 28893 10569 12072 25970 36794 498 1403 35896 39233 29264 31595 9822 8139 25431 8535 15936 11664 31934 13343 1342 10278 7319 12676 12595 2562 12772 23298 31867 26928 11846 33035 38938 16473 32060 32385 30132 16484 21746 14970 19727 30130 26675
13585 2398 9279 20200 20504 5511 25938 38699 26657 14419 22626 10700 24889 10238 36846 28868 37135 6645 38167 20061 7101 678 7251 4609 2405 16954 11794 33916 17796 29805 8735 12539 1735 39749 23591 2383 15032 16009 23850 10454 39548 13145 27725 7923 9200 18345 28319 9790 2018 9117 38452 10258 30421 23025 9342 3326 31012 8831 20594 7329 2055 23065 1352 26936 6714 24246 3549 37208 4801 32632 653 5980 31738 382 7796 22393 21706 21568 25629 39531 16746 11648 11164 9494 5042 24118 7696 33970 6128 18350 6465 22463 27026 27581 18692 29899 17360 10137 25709 39463 28791 26212 7518 29283 23759 31315 11155 6052 31794 26655 3616 20824 32321 12587 21569 3932 39743 16432 31531 26320 15440 33128 39282 14235 10595 22275 31369 16772 11729 30760 21225 38126 20296 24214 12147 14294 27143 13071 6343 35466 37385 24921 28358 17042 12502 23607 10463 37044 16966 5087 31459 9743 34475 26544 36655 26576 24149 17410 34201 18880 35226 7709 26788 21506 13265 25105 26190 32655 12761 16342 22585 13139 16440 18188 4982 39892 38590 28620 4648 9100 13466 21874 30921 38413 17566 3758 30985 3154 13221 9528 15315 36831 19084 24671 18673 11040 19291 19339 38683 12146
24618 36109 35065 26257 11838 273 33599 18206 4201 31267 6305 25903 34401 22233 24929 11764 2059 30081 11795 16117 933 28158 18382 28553 11375 24563 9878 37266 23109 9923 30614 23982 27723 25935 29393 1974 5370 17282 39134 11392 35846 8472 27890 24332 23944 35296 16992 36998 35521 20103 26049 20952 11713 10183 15144 12191 26148 32762 29030 27194 10293 7822 18937 28578 32444 12110 39116 28433 36685 5889 14822 39867 9669 3541 7259 39501 11168 15805 35049 20882 31295 22926 5596 20884 2323 37303 39801 31203 3415 5292 1076 6419 22271 19415 29282 32378 24692 4360 34711 25055 19210 19205 29179 706 5877 8460 25881 39086 14312 34827 35673 27041 26778 23763 26642 18768 12731 39650 25076 5951 17502 16568 25485 7820 10439 18137 33847 14903 20781 35680 34555 34696 25004 3226 31041 26796 4364 26183 5085 8511 5631 39693 5253 11620 30684 17923 15956 39564 21800 38865 13451 2566 30548 12222 4954 5963 8509 26380 35895 34910 9038 21611 26611 5390 15617 18605 23286 12078 28783 15988 23137 7213 33639 1604 22785 37810 11761 36743 4619 12407 37990 34324 1663 22296 24213 20609 10036 2794 23441 19638 24471 18972 29769 7102 7086 8982 22505 17865 23750 29567
27365 28760 18062 18408 5735 37149 19316 12002 32434 13518 22767 30797 30858 5897 1066 24994 39979 19257 21263 6564 38531 17401 38419 23186 14341 23966 32998 33229 21779 25972 21482 28424 10986 11570 30827 26317 20896 23139 4865 18181 21396 11281 16073 29908 18444 33425 23170 9648 189 33298 39833 28767 16924 28458 4042 11902 3329 10103 4682 24045 5871 22629 35096 1472 7381 25981 21337 32151 28989 13259 28614 28843 33252 26243 12591 17701 27781 12581 28167 11532 21473 38310 15374 24445 15086 7844 26962 37846 32602 3585 11402 26507 13394 16262 20749 19168 660 33732 35201 37895 19450 7450 13665 10499 22776 12450 11408 21397 5097 14703 15421 1393 35887 5690 18740 21916 297 32368 16126 14108 31464 32536 39266 20001 19253 28851 30079 18981 28710 23705 23282 38353 16890 34393 9341 37522 2381 4385 22997 35554 28132 10216 17194 27542 21563 33540 2393 36954 24858 39853 24750 24329 39344 38246 32900 15031 26594 31386 29339 24638 17407 3691 39261 39440 3740 8740 19239 23963 11935 1620 14259 36052 15350 39589 13876 39276 8644 6866 21392 36927 91 29720 2973 27640 6202 778 38669 8130 16907 15083 30283 34908 24116 10668 21389 8478 35755 27014 18955 11215
34672 26393 30354 5866 12981 37762 6782 17289 12269 3212 5604 23377 32088 12211 35514 25306 9275 9440 4785 35417 8337 24905 24394 9394 20614 4269 26708 7488 22178 36947 21428 35766 37349 19349 29954 7457 26151 567 7399 17905 12874 28455 8441 29573 8588 4291 5612 19949 9399 18558 21035 12264 26901 1664 7768 29104 35828 19788 28936 18976 28101 504 20933 35216 13445 39051 35912 31340 18515 8498 30962 29979 6880 9575 14237 16112 27164 19020 26840 14289 35326 26392 4317 5798 18664 36632 3377 11436 30068 11945 17739 30886 4198 5634 34278 4454 23845 15060 32951 26887 37620 27846 37780 9899 27728 14091 14974 22177 12109 15772 15547 36180 3442 22128 8140 23511 27654 16899 4084 36420 25916 29955 24079 38008 10154 3399 2212 31389 30603 20699 25556 25861 8924 6660 23400 9526 35989 17035 10827 7433 29976 7521 19072 21217 20522 28439 28143 30526 36956 6686 23546 38485 26441 6190 23397 563 29077 108 35073 767 18516 26804 36884 21113 2130 35431 28481 28923 499 39155 8169 11548 34492 38029 12129 13773 35690 34644 6881 1275 33755 12445 29766 37899 8021 10991 17924 4560 2498 2945 32009 9435 15809 26033 12317 38919 34558 31000 21965 149
14464 19315 17604 36068 13495 7431 3685 30240 16249 31624 38792 2886 7594 12741 38333 1306 14076 26480 1062 18264 4827 22715 13523 20234 39462 702 28061 21794 20981 29474 36952 25064 33924 22286 28532 34833 2644 13642 21006 28805 37157 2976 20814 22577 14476 11218 35322 9453 28249 27027 32782 1326 10647 24867 36666 16942 37403 17137 12093 16328 7249 34164 37596 3515 20683 32862 26401 29111 5062 2574 21456 12024 14594 19907 5354 12549 23337 37884 4478 10877 1586 24207 36482 10249 30388 26559 30523 12904 4843 33960 31498 26239 2413 14116 13327 10629 3483 31266 25250 15514 17862 28898 39109 31637 6575 29693 39993 1461 2409 12176 14513 21821 38911 13172 10326 14840 4237 32757 7015 11267 8713 17868 26780 18550 5433 25013 38025 39787 19783 35005 20862 10787 11327 32423 22227 30895 7104 28579 36458 38624 10373 31698 8089 38749 18008 16169 9306 35207 4241 36434 19881 931 13015 9424 29625 1687 26147 22450 24524 31357 10795 905 28409 33275 8267 34553 25038 8504 32316 24523 8594 20702 36219 37698 1118 35507 17173 135 27181 38342 464 19322 39098 34254 5929 16321 32777 34814 18494 19039 38872 25161 25449 1873 119 21776 35511 19934 25294 9905
712 8333 11338 12184 15198 36170 10186 28141 36525 38273 24525 22385 1457 39825 2670 15885 2652 13750 28943 3271 33263 37298 8131 14750 37894 25351 34438 24039 3317 37572 13557 34385 19791 8397 4859 9798 16808 703 35613 10084 22561 594 15220 36644 6778 11432 14156 30636 3281 17935 27683 39301 39093 14455 35045 13439 37009 13155 37927 26420 15545 30410 35612 24259 37634 15745 22651 11644 19691 4139 22207 39902 36392 13987 35993 24492 27559 38870 26886 23366 23330 8574 24578 2825 31877 19399 33586 23654 23882 4342 28415 27076 37179 22954 2153 31096 780 14113 38110 5460 34056 25000 35833 5488 9710 16364 4603 10537 25823 22713 14914 25518 25121 2600 17536 26185 25437 9755 36498 37771 29040 24023 15892 22065 8094 13907 37882 37632 22295 13306 32507 35389 2732 35601 21097 34381 22586 7640 36795 25908 11896 33681 7338 32445 10698 33093 29884 17458 10981 35067 37985 5375 28177 13806 11888 29532 1747 11714 20693 32855 39269 34837 28801 28552 18905 7307 16788 38028 21623 36033 28660 18667 34020 34497 17126 7366 16940 8649 3152 19381 10399 15466 34549 11099 9510 26388 11638 26139 4056 35772 8227 37296 19681 32515 22787 38824 820 11015 2356 13186
5823 10323 21721 14904 29062 25208 29863 32133 3172 24049 30355 39270 9970 21488 35266 34181 38148 38577 15360 36843 290 24937 38102 3905 33141 27051 3567 33239 24657 25901 22742 8188 35656 32473 28556 2877 1191 32005 25043 518 33482 21065 8872 4716 14952 6357 25763 38168 36819 39721 34259 14811 40000 23382 37910 29811 24253 38906 16398 24838 14883 33999 1440 21942 24362 31993 37575 2540 6804 29157 5624 23348 9058 25227 7479 18156 17204 31900 35584 20273 35351 39828 9339 12756 37340 29550 3362 38600 11581 18700 9153 2177 7014 24784 2578 32829 37801 15864 28821 38591 38490 32588 30544 33550 31305 28795 5609 33013 5995 25379 21716 36155 20776 17170 21262 4927 15355 4335 2052 30311 33565 27054 31990 11319 2190 12295 1525 34651 29870 8555 11273 7838 39537 31151 36388 35133 28215 36238 29490 35867 7425 30010 37146 36128 38576 34680 39304 4245 1483 34153 27262 953 13120 803 31411 24367 30983 18609 8861 23235 17237 6495 4584 26730 19515 1319 11666 21194 17214 11553 25341 14101 39968 6078 21829 36579 20357 27044 1114 13041 6609 6103 30508 8994 23909 18245 25989 33382 14780 1624 24879 3286 13668 13189 28857 28086 1937 9144 39996 28505
34938 11435 26996 16072 1343 23932 19367 24022 12584 25242 16976 21062 36887 21550 13504 9392 1769 36017 19144 35329 7019 2565 6286 654 16189 15974 19359 10268 29302 39125 16691 13338 28064 13670 18334 14849 3893 20684 39826 19250 39714 18797 5489 12452 5544 7200 26241 13116 13373 29989 30689 7106 38061 4738 15178 11176 39553 9290 13313 7992 39323 24577 13918 26289 4983 15654 25410 33894 963 18708 16226 4912 37147 33098 34271 24875 35727 11869 11946 30209 16448 5160 1055 30358 31380 710 24336 25939 10304 7125 2807 18218 13484 35747 14743 30374 18057 39562 35639 30986 4896 6869 18592 15048 11427 6029 37545 26174 10327 15252 29152 11730 18005 6240 11940 29130 23042 23172 2135 23789 34313 25187 6309 29148 15250 29084 15553 15914 32991 38663 24204 37163 34588 31762 35593 15253 24845 32242 20399 14442 7050 17339 17526 35453 29992 14012 39734 8209 4002 33451 12366 28407 3289 39504 37003 2273 34128 33040 18773 28206 9447 39289 24555 20 37723 39688 25645 26715 13191 38406 37052 21205 18783 38691 22540 36572 35583 26399 13061 34642 18378 26017 984 7763 20489 13400 13322 37093 29827 36095 30831 23883 26862 33366 30567 13474 29856 32867 24549 39320
39872 35566 37173 19309 3689 2795 4287 36453 15105 37649 29968 2936 30993 25158 6677 11657 9773 12134 20044 22992 38833 13289 38672 16775 15046 4407 15503 38994 21517 26413 24272 23451 33707 11944 1634 10063 29816 26834 1665 33439 16464 21839 30917 6559 15426 15124 35770 30964 10417 26976 13927 28484 39570 21314 30383 230 14592 205 35785 27886 29761 1817 12344 20644 27611 4013 12835 3252 24279 16532 14002 19789 21702 33538 1078 16905 13437 26584 16071 11544 27394 32324 14009 32029 18468 9835 32615 25577 32491 8857 11881 28698 3140 7483 6625 4940 1120 18226 39686 8530 4173 12416 20312 9779 19703 30783 22978 11223 3842 21000 36164 466 2820 30730 2001 17551 385 10367 21494 15582 1544 29721 6821 35781 32486 38336 9912 8332 17393 33041 18263 22611 36331 4506 35007 29511 37103 15081 35102 38156 15318 38888 34657 10299 3431 16141 15667 4886 37094 38704 13272 35774 19044 31533 28564 16799 6135 27599 26047 12611 25381 16036 2993 20817 21954 15500 693 25560 15750 36286 15774 31591 12026 34031 22591 5394 32585 12726 22138 38966 27666 25586 32810 9104 36896 4579 13122 30488 34541 1619 8026 37995 30973 29220 10694 4456 13929 36890 19231 36359
27458 5751 842 11199 1973 12075 5986 31566 15194 24421 25245 7368 35220 22535 22574 34155 21227 37940 35959 19951 37613 7942 20381 35155 15475 37659 10120 29855 21229 9235 33728 16 11072 15530 3052 1256 19330 32380 25936 19582 12975 32435 15246 28049 30333 4567 17704 11758 13930 26198 3382 30528 6755 23444 18745 39848 17363 9308 25632 17575 1154 8096 32613 17270 7911 13637 6020 25805 2499 35119 16734 36073 39554 35597 25255 14257 8997 39839 34669 29190 25317 21530 19542 28816 26204 26779 895 9873 6308 337 36031 27621 2218 32484 37901 37667 22668 28523 20010 22445 35906 22352 14894 33907 16656 28882 10751 9243 11562 25951 7775 2968 8966 31463 39988 30309 23913 6891 37449 2378 7632 390 33489 5492 12018 39784 17479 9709 32206 16706 36915 31472 27564 18868 35256 18941 21481 19402 30118 581 15962 31404 590 3253 26909 31294 35239 33499 29945 31310 8204 18778 19353 16777 33571 30557 10952 3028 11154 14880 33062 28743 16198 35037 25738 35816 26640 36833 31142 38283 12500 17417 4466 15100 9636 34426 22805 21288 19203 21419 23781 34613 19238 22112 28131 22421 8616 27166 5291 30133 22652 34819 29804 36354 26814 25434 201 33945 3347 31583
26473 37183 36168 27593 30361 23054 22299 38877 9089 18835 5713 25406 25450 37373 24010 15971 17913 35763 490 1198 27624 36140 13989 21027 22826 10495 30482 5858 5279 37574 34180 27276 8874 27794 33883 39664 17047 443 30077 22206 3513 18971 23907 20261 11561 25575 21581 18386 18170 31121 4778 28247 35433 2610 18050 11253 33817 22803 2147 8518 9783 11904 17834 1031 20278 31161 30878 33291 20552 1982 24041 2998 39937 22796 14556 34067 26346 5822 11005 35479 7257 11292 32535 8377 23662 31780 27626 21540 11224 25985 7062 24305 37318 15047 4710 14079 30527 19748 19307 31864 835 25339 14722 21844 18674 24406 52 21921 4631 31278 6349 1137 36566 16285 25008 11351 1864 1876 3590 36607 35982 12243 37793 27642 4501 21718 37396 16651 33042 39140 3161 34966 29346 12602 36401 4822 29204 24475 37354 19025 7430 20690 31625 28824 17413 5244 3505 31042 27131 30095 22197 34402 16096 35002 36275 4231 18154 18725 23187 21301 959 9207 33820 13811 7038 24387 36909 21523 37289 19975 9529 30426 21284 33856 964 39103 39683 13694 16908 1670 11229 24342 36781 13412 976 3666 20964 27607 681 37500 25968 10743 33469 14069 36227 13479 15913 7126 7437 12707
8670 17050 22636 14773 5129 34306 15851 5351 4625 32731 18752 12108 31494 37287 38753 38249 5717 26857 32247 28119 30449 8919 38153 31032 36864 20707 19297 38667 3126 37681 3504 33417 24748 33632 8020 31916 21311 12970 18649 28110 16499 13870 28332 10424 4587 10206 8005 34355 12230 11692 35560 28754 21408 36111 2194 5259 33927 35621 14715 16116 36602 37359 338 31109 14483 5588 38274 22161 1762 6908 26731 5485 24344 2647 26941 29209 9228 22822 24095 35719 20318 12165 37441 25934 28980 34248 29529 10420 25707 15725 13889 37115 21869 37468 5679 4065 28900 3368 23332 7030 35589 37027 22051 19935 29717 34433 1768 3724 6442 13083 965 37392 2134 17996 35767 3035 14633 20941 21863 21668 17251 30242 39143 14802 34459 30582 24726 38548 37384 13986 36847 26552 19782 29094 15518 13573 21364 25487 32174 2561 17673 22190 6164 367 16730 33663 34398 5053 16601 35786 33715 25657 15662 27575 37946 19063 3190 28764 12851 37360 38641 5021 23792 5998 7409 2013 2492 30163 35870 8122 19590 28738 8062 525 39680 7950 18390 27641 34795 6411 7337 34822 10315 36675 39750 2836 11106 12599 29654 19862 5022 39373 3272 18018 27359 18591 27590 18501 16921 27563
859 22149 7943 24409 31553 34435 6025 27351 35066 10779 3005 12669 7474 35092 13746 33527 17811 20070 29777 8434 13051 39148 5896 24617 28170 10729 37489 20989 9496 16375 16471 4462 7135 11204 16248 18180 36945 25811 21586 747 6906 28111 35988 4305 29591 38103 39857 3760 23943 19326 23396 33735 28113 10168 9107 24724 16607 2361 21867 35269 36040 14711 5710 34806 14305 10516 947 10722 27312 27269 12649 22169 27822 9502 10233 33975 869 19956 35418 28916 23934 7706 28544 17593 27859 5594 18089 23266 9485 18973 27768 22094 21002 21259 26293 22055 16911 36386 6513 26583 14676 25758 10322 5908 26253 5214 27727 580 11128 7208 29170 37588 9062 23622 5811 39146 16759 3032 13655 29106 1803 34809 38956 21802 22468 6592 38916 27251 31918 2488 35354 17344 395 15489 25185 3783 19715 24126 18502 31342 7348 19083 29031 18184 12827 13752 19583 25955 14652 32424 37467 18846 5633 30344 23437 27190 17094 10767 491 17904 38734 22298 38519 39090 23353 34026 1822 8484 36369 23846 29925 713 36903 19625 27804 15787 28854 31920 21470 32822 19997 38810 33284 22097 28453 10876 688 14169 22699 2814 459 26523 5925 9064 10875 28355 8313 31560 20240 23983
379 2315 28032 13640 8403 11809 31719 38832 20238 937 23269 10684 36971 39181 22908 1036 35850 32609 941 35898 1204 3006 2240 33996 14727 17986 13176 7909 38840 13390 21271 7118 24091 26802 6427 30194 29800 22673 18574 30251 18332 14078 13003 38507 30678 16035 29562 25422 6229 25275 38748 23556 5853 12945 20258 15880 13059 31264 29238 36604 33848 38023 13336 16176 9441 38607 38597 17545 30492 35360 3393 15023 7186 6277 32959 37276 18934 28307 35008 35602 32750 18875 27647 25324 12779 9856 38101 35350 37952 25077 30080 7379 38344 27535 808 33611 11619 39619 3297 14893 25472 19763 35169 15589 24648 15289 31647 12900 18570 24220 11816 30195 19685 27123 31654 10901 13644 22660 38161 26466 3600 31323 10076 3453 18004 8161 23971 37676 22904 19361 36996 9624 21119 1498 33029 17886 1325 14498 32331 17277 25647 39316 29064 2890 29549 7595 20502 28723 8673 1259 11886 9618 38169 31180 8121 18689 3633 38575 15133 18751 19036 15173 38352 5572 38384 21324 465 10387 17511 6241 25937 26008 11871 5234 29287 7212 22103 2804 30748 11803 29664 2308 6655 26089 36279 9708 37442 22003 25585 31344 24759 35304 32873 11185 32456 12239 15160 27791 9048 16208
3770 30440 25740 10643 31390 24598 20660 36306 6339 17901 4630 36531 18577 15631 20666 3167 24395 6176 25308 13431 19131 39800 35072 37600 17168 1936 589 29754 15251 19668 30830 27507 39943 2385 31580 26103 32369 31361 28222 25902 27552 33991 15118 26492 1206 20532 38679 14628 29156 28014 39597 1419 3034 13007 28244 6120 7860 26618 25616 3708 32621 1818 18017 19471 33269 13426 26541 37664 13683 14477 6275 1249 39250 15258 22807 25233 36332 11330 23309 32898 20868 25087 32837 22906 17120 39277 1171 30622 24561 19838 8324 16796 3546 11798 36368 22374 10425 16537 2108 24057 21978 3502 5741 21782 39366 29966 33807 16714 28024 36526 16055 12081 28969 34110 18255 31207 6200 27946 6557 1265 39702 12194 1308 18589 7248 6384 4055 38549 23227 8859 3119 29711 5090 2355 36825 18090 25571 23089 9484 23886 26813 9621 32446 22707 33234 5639 23739 10627 18597 5516 19890 34478 6447 31119 30234 27105 26742 22485 451 14846 6614 21848 27694 24086 10109 3150 37811 37476 14700 34035 26237 3359 28468 15039 33316 5732 543 27048 715 16987 8336 37162 27528 15507 18053 35323 11063 34641 37794 10949 39571 26776 13375 35213 10898 10616 36585 29861 36615 23261
3388 18000 18134 19403 31511 21736 27459 28525 9135 1718 3480 13553 2022 32789 6249 25949 16647 29006 9280 11837 15550 1934 4946 31773 23921 23634 37398 1614 15482 13076 28005 12455 28944 31482 12263 33568 18372 37444 31953 5117 6051 27263 38688 23768 30098 28178 20090 8672 38670 29271 36348 21107 1920 20867 11263 3695 1254 26385 28798 35957 20383 34372 13759 4984 12198 29286 3059 9886 24776 26233 18876 9272 28930 11789 39122 35209 11141 15739 37397 35805 10609 30127 10786 18111 24901 6183 8171 34168 34581 2983 7113 11163 4445 17841 9951 16969 125 15418 36090 11777 23478 24162 17578 5698 32500 7871 24643 3973 24705 35403 27180 2084 6746 13018 9297 29647 21060 10435 6448 25395 7336 7235 1377 3832 36437 32890 21230 17560 4032 12881 14645 12812 39866 17343 36011 11080 14654 31896 25309 14721 19008 36951 6131 16929 17495 16168 31717 15012 8178 39152 5296 23538 8714 33403 33717 10528 31139 2556 15876 9090 23274 27154 22923 10406 6794 4790 8216 10483 2120 19014 25771 19947 18963 20140 23809 3225 34502 23840 30991 18611 10321 1733 24756 15905 37611 12653 25849 28531 8505 6094 20153 39817 14745 15516 3278 10086 22900 9867 14626 11345
17247 26367 5289 23745 11493 27684 37564 31539 4610 8109 5522 883 7910 6650 27778 8960 17802 37828 34999 14973 1197 35581 6193 7793 24634 28713 36978 29118 10461 30424 23210 12319 24902 20371 29262 21710 19440 949 23232 22709 39737 14161 38351 1131 26128 13110 5688 39298 30418 38527 4536 5283 32125 38616 252 31616 30401 35303 10672 15476 11135 35236 1954 11778 26661 16068 21698 8791 20809 22185 23211 28310 3628 23700 30296 38269 13910 15649 17542 20332 22462 21534 4137 18308 30803 33521 10819 6759 2014 10974 13861 36268 26626 23127 23006 34307 1149 1870 39210 35113 17226 23655 38142 6407 7129 17891 38374 19068 28968 26624 616 1612 15405 4319 26526 19284 12364 7748 7606 12813 24540 3705 409 24337 4930 18409 33074 36937 27347 2923 14288 9921 16424 15187 12286 13784 4996 31460 1892 12 33612 14661 37997 6805 14238 39433 9268 5893 17711 16010 20825 35336 31252 14214 6288 19728 21184 12870 33942 28510 13270 32766 27357 21751 8379 37480 6578 21447 15610 30443 19971 22697 11662 33222 36865 15540 38608 33502 11514 18685 4987 10035 26252 7668 14481 39309 16649 2881 20540 29485 33378 5495 7046 37661 16703 39183 35463 12884 23541 34277
14507 22514 20686 29644 25797 33844 35061 9728 23870 32454 33959 35579 25425 24343 27596 34399 32529 15583 32966 22595 31912 21365 45 14615 637 12885 25005 29404 34390 19891 34483 6743 18030 34006 26882 28724 27555 39035 7115 6049 4810 39511 36985 29313 24986 28647 4041 3466 33087 806 18555 23036 5222 24562 9737 29869 37369 34828 26935 4669 39974 11089 20177 20921 34334 17383 36241 22077 34940 14040 12217 29388 27734 35555 4408 27009 28918 1090 8060 20782 17434 8042 37109 8458 25298 33054 10445 36694 36311 36546 24088 38402 16982 19510 19225 4797 2440 35013 2082 4571 5775 37499 15024 12796 10124 36325 30966 11116 17761 39713 13268 27393 29211 24672 18007 13103 28117 32481 8933 11317 16494 32689 10065 38668 6030 37748 31555 377 34411 37043 8352 13958 38378 3826 18034 13599 32279 7344 27705 36800 18095 27419 29127 13222 1916 9788 19903 9992 10407 26589 13946 34624 54 28154 32169 20264 17384 34973 21610 12131 9451 22048 11933 38285 31394 15222 6838 36234 7063 2524 37412 5061 27920 18663 17297 32907 6990 36851 11731 30384 4583 32816 15460 14989 26927 37261 16661 24707 32223 34748 13706 5235 1484 19191 26933 30260 5790 12658 28308 810
35253 6608 11767 7067 39020 20920 35246 19305 14585 31907 38964 8070 35017 38846 24438 38111 16381 15632 34895 16258 34535 22760 13618 16504 9996 10194 3285 8772 8152 22430 28340 4285 38059 38166 5899 32126 1640 6981 37688 19314 6603 5704 20640 2971 26091 12375 4854 13623 29571 10118 24419 4427 36048 20112 1287 30994 24936 21619 19442 22338 28472 20844 33193 31796 17814 16052 36633 21051 39395 6216 207 18883 25140 39278 25745 34258 13651 33423 2519 16868 4192 16953 14823 33507 25869 7127 36555 13607 16525 7899 25896 33591 13001 30566 8444 11721 26979 11507 39766 25129 1150 31549 3940 37677 16305 18850 20322 10490 18286 14616 5663 34931 16402 12809 28765 10748 17587 37616 33658 24802 17480 35485 27301 23880 5662 39231 4023 21529 2693 17666 29269 3995 8678 15040 19610 848 38287 22235 67 15949 24934 33871 36691 7536 14975 3949 32760 12120 7083 25682 7957 22399 35364 32653 21376 25737 28557 35483 9500 38042 12030 26581 1426 11884 37064 20233 27912 11014 21928 2577 3624 5521 32676 22837 14597 18766 33773 18195 25918 11864 21900 21221 18891 2611 154 28037 33590 20595 18439 12029 3805 18860 23164 39936 18058 25952 12965 2321 607 31748
11394 36877 23430 16765 5153 1851 13481 9411 37787 1958 12118 23595 35459 8236 25762 33292 598 17301 25424 22322 15389 26410 24472 37100 39224 5528 16455 8963 28560 8407 33918 18772 28836 21112 15443 7951 268 17726 19739 30500 8041 39916 10411 35974 12293 32636 30007 39523 35902 33375 25998 17491 38130 32066 10034 2965 7671 14759 5083 6271 16017 7400 18884 5144 39376 19439 15684 32943 31518 24221 318 39151 14517 14912 4102 29546 32156 35262 20822 14444 39493 30863 33535 23408 18298 21106 38598 39711 35035 1338 37850 4280 31950 19325 23836 22158 9258 24166 26242 20951 30822 23196 37621 32327 13510 21072 38636 35015 3964 37256 38936 21381 25409 30128 31261 28172 21577 34635 34139 32334 7239 17866 27250 29534 15529 4589 27328 10759 18252 6117 11948 8205 500 28087 16118 27884 12582 1374 18391 1563 16990 26537 21508 10455 25386 27032 23959 3526 26637 13779 5274 13800 25961 22364 4959 31196 9035 18106 29915 7841 3862 19436 22254 34329 17166 12612 3795 8690 10296 7684 8087 33057 20567 16152 3706 18710 32317 12950 17535 33723 18493 11598 24630 32267 3748 6997 496 25574 10418 8064 11010 3542 35101 25792 5155 34923 15795 33058 24 39363
22434 19165 13757 17689 31206 38488 17516 23214 34736 4161 26880 3947 9461 14605 5081 6748 39330 3661 33296 32584 5505 37938 24194 38217 21349 10082 14253 25230 38307 15645 33877 26717 37633 35021 20365 34050 28897 4142 28216 28948 25924 27094 6310 1434 33355 24048 9818 32660 24268 463 34023 35695 25513 30923 18956 35664 2068 5405 30381 22588 4318 11969 18658 17617 13207 32557 31282 157 5264 6185 12153 32208 38995 30750 22063 4157 24742 29911 17917 19343 10501 16334 617 19331 28506 12577 25898 5338 5294 33896 7141 29138 11851 32540 7214 28600 16148 704 33162 5940 20761 7823 12472 24318 21564 27299 34513 6446 25127 23148 2977 36225 27639 27300 12403 37101 17658 31935 13515 14887 34380 29847 20573 13608 27325 26219 9711 38520 695 23972 18688 17400 30560 6685 21669 25442 31779 7073 35183 39876 24464 26951 30065 5580 13276 37184 18273 1712 9320 1897 27509 6783 16975 5442 8689 9238 6287 26920 23383 36876 18047 34534 17268 24686 20505 24334 15472 13805 30518 7032 1258 22220 32848 22648 14489 29891 34842 29436 37461 1598 30681 34584 30547 2357 3495 4473 37326 10429 28905 39392 21032 33662 960 13884 9946 31138 4375 1631 20441 30814
35784 39438 34659 17097 22762 658 37514 31614 24237 24450 2127 10590 31605 18613 32490 33237 26094 23011 3058 33957 15728 13895 15191 8659 18431 37767 36905 26782 14443 31795 16303 32694 26483 24811 554 18230 16429 19960 9915 32569 39166 36212 535 35525 9935 1072 18842 2075 36563 2724 33886 12856 17667 13462 30807 29289 39369 13777 20531 5585 17597 32617 27278 25116 19675 359 36916 14528 5705 30033 26851 16789 1270 16888 30088 39012 34780 15209 12763 5205 8076 4923 33836 9296 32629 19861 5778 17351 15021 24503 9085 3731 29456 15274 15855 15231 30174 23697 8764 15615 8651 30114 15117 2209 16403 2776 17842 23754 26516 24652 39495 4005 38120 11936 2224 8085 20700 15150 8883 2101 8835 25503 30028 5761 18873 36214 18924 16414 17618 6796 31417 18132 39001 10506 29779 14487 23873 7732 6933 27247 33258 27195 28224 23868 37733 14292 33132 21815 23767 35413 33671 7853 1057 22851 8732 2663 26127 22223 20757 16530 10173 21398 30675 36085 25509 522 32815 37668 36114 1113 11248 12413 21788 20042 22714 37798 4374 34619 6573 12528 34700 6434 8962 31835 19283 22700 4747 10868 8376 31523 29526 22082 23016 17007 10513 28232 23552 24758 24458 2541
11555 31855 38404 19493 4424 37618 18989 28301 33496 16963 31791 34681 10812 19933 24782 27165 38300 24018 8413 15867 26353 35904 21502 11129 8867 30342 1674 8970 12854 38083 23999 10733 10603 4376 28437 14848 24904 999 24548 25446 2301 10802 2303 12568 13047 30939 13463 21743 39154 3065 13249 4750 30570 39425 14150 2875 4823 17175 32840 17394 4651 25094 14718 8756 18709 31258 18567 28199 8276 23649 4978 5131 27906 5045 5905 8592 3897 35165 24892 31699 16939 21249 23612 32152 18804 39174 26207 38024 7354 221 19115 7744 15232 36600 28758 16170 29597 16917 31663 35411 15816 11127 22211 19357 9031 12845 2441 23628 18715 38926 19109 18091 36589 28036 20926 13984 17876 29387 19046 4532 16084 9926 24385 18324 39474 14538 21322 20906 15586 28984 32887 25201 4809 39265 26364 10457 15345 20643 14945 36678 9968 19910 21812 14085 13964 25910 9254 28499 6487 23349 10667 39624 4119 4772 3365 9569 3935 32640 18322 37378 20739 23185 36375 26687 13740 14467 9903 25335 28112 11681 30491 5900 29531 39756 11987 39288 21278 13758 18918 18114 16741 27418 7826 22523 31123 8990 3336 4941 24025 6234 11102 15139 32761 1362 17552 14655 6703 8697 21319 25872
2602 12187 4267 30951 31335 8298 19865 37221 32711 4045 11434 32603 38000 27526 4327 14983 18958 36782 27579 29366 2829 38469 25887 13247 14499 21919 15981 13095 38579 25720 29334 30496 15686 20428 27816 17418 37914 37082 15820 24515 20166 30673 34154 27765 16355 34062 29261 27125 8516 4303 28250 7003 31824 10003 38808 34994 5358 23837 5534 30074 34517 21739 20962 17490 14942 11469 30473 33248 32579 13316 10645 425 36671 18648 13367 14196 12254 28105 13878 33150 35381 20587 36573 28168 14310 34501 28999 26771 23561 1035 10030 22426 25316 24976 31230 24857 3614 11008 26060 16851 9274 11759 9776 20636 32708 19786 35687 36132 1069 31427 6005 16031 12710 18671 973 39027 23517 18822 17260 9319 16110 20766 33433 28852 36074 236 39399 16139 9571 34 33904 26050 15824 14209 29012 7143 2514 7490 28956 16127 10947 8731 4553 20658 22608 2907 18191 30351 36373 13082 2390 21233 21058 26964 16577 5236 8839 23121 5346 1464 30124 32062 32460 31813 7085 37955 33091 23350 9587 8751 36330 30844 10730 1899 27129 11992 33301 12241 15887 27074 19874 7804 14462 8464 4172 33059 1576 37657 36967 768 7639 39338 18582 12689 11449 30847 31428 22625 25880 18949
27543 31223 14139 24480 1168 10282 10582 36986 24372 9418 1699 4869 13364 13038 7902 18947 24912 13184 7578 25749 39019 7683 25875 9604 12328 11821 39998 24778 35736 15255 5774 3749 16999 1834 26518 5618 8338 1993 9024 39969 21672 27077 17815 14 22512 20013 15183 24222 23898 5224 9471 4878 23703 24687 9831 27983 39455 33816 31429 11943 25635 31284 14459 1703 17521 5459 22717 25186 25353 17799 28245 22069 897 2478 5525 36805 24449 30902 2538 19237 22889 16893 16539 15930 24834 17858 21448 7489 24121 2366 27057 14993 14826 33116 2144 11004 20220 29277 23751 36726 25741 14490 20094 9687 15533 1814 15281 20280 6671 15333 16716 9343 20414 15576 38959 22363 22562 2284 38178 6293 35259 12289 12335 23776 2341 25845 9340 38400 38454 36266 8894 26351 13730 4963 8001 31272 30504 22833 30686 3426 38067 2800 97 20808 15501 39630 35684 37327 35873 24519 3744 1867 20339 21557 14930 2534 39329 1135 927 25300 29380 36340 39188 11465 10840 39072 355 13620 1948 29530 7441 34122 27534 34220 39179 13271 17146 15574 35768 356 15775 29853 33076 38497 17686 27186 22795 3287 33017 34130 27471 32909 28641 21999 21308 26016 38037 30585 13302 22159
8175 19163 30291 14050 2129 28609 8693 33215 25444 14172 11160 7718 32071 35097 15181 34610 30489 20850 22748 38558 28445 28946 15087 14776 20059 35592 37143 37691 9896 3062 3850 24014 19281 34216 35999 24725 8648 25776 34918 23161 34604 11874 11399 21527 23068 5339 8877 3086 13 20717 25097 6790 10995 13863 35405 33791 38207 5398 34836 32665 24261 13073 2128 20317 21043 12771 14399 9348 30380 16871 777 13625 29363 25666 2025 19246 39827 5139 27861 38965 1952 422 38194 19718 2864 9911 32310 36669 3469 22337 14667 991 21881 39708 24146 3562 34468 34146 1653 6214 37016 37720 26228 29832 15481 37434 38484 3582 5973 32384 35173 14946 16578 28861 6265 1791 26783 16265 18660 11138 15186 37709 30643 37673 23487 7999 24942 23009 31917 31561 32503 18998 35947 21805 23152 3309 6548 19371 27065 18383 23725 19571 2641 30621 15201 26464 19245 13163 9437 9473 9534 32802 31542 24973 14603 9732 23044 8462 22151 38489 28160 35004 37969 4775 23512 20802 29088 22689 1185 20780 17696 21238 12862 30711 4216 29123 20028 1536 3942 38337 26704 21943 1593 12857 14600 5266 38862 15384 6068 4516 469 22216 23778 10291 39222 21682 26818 22218 22379 31487
3503 593 9467 4311 2244 29197 22050 36543 39696 10752 3577 32955 12642 11194 30356 24721 2119 19815 2431 39333 1859 39960 10334 39381 8199 19900 30855 30364 39862 9516 32558 9378 22471 15715 31572 27744 12046 23762 516 9894 34519 31792 33046 10887 36727 24312 708 1647 1475 22165 14781 22960 34257 28849 37305 21785 19324 33460 28298 14726 35224 981 1584 4054 31506 33766 13333 13190 14699 9161 20523 19977 18496 27602 3588 23638 25621 32769 33890 34386 29411 36382 29757 18832 5218 26244 2371 5880 9702 23259 2403 4004 13490 23730 25220 28258 5122 38522 29502 7535 34252 8311 2759 32642 37081 36501 1058 14646 37725 36389 14663 27073 20405 31517 39271 34012 23406 31665 26665 20727 39115 35498 11277 14158 33545 35773 26875 38367 7615 948 5563 17298 16646 34461 34188 34120 10443 18358 2638 10987 35331 23997 608 3527 3229 7367 39357 30320 22925 25779 4031 32860 34968 28067 8358 5026 30272 25543 25966 3374 12057 20182 33456 41 2913 6515 7839 2348 27013 2044 25307 4628 37963 23677 12615 22963 23422 2136 35587 27391 10907 30056 20320 10808 7608 18726 38554 3376 6657 11021 5050 10227 5530 21125 32774 30105 10873 39690 19425 29098
5820 33351 7896 26625 39836 35726 8319 12170 11359 17870 38457 13420 27726 22672 31924 37817 32658 3599 16086 35795 36196 14416 24996 20193 28166 34319 11840 23623 7167 33290 7278 19985 29333 22193 1186 31418 30423 19017 9847 37736 17748 35649 8733 23901 36272 17921 13738 26948 5864 7857 8303 4383 36481 37898 1855 6680 12202 18037 17078 21244 19429 34841 18171 7638 37269 9190 22405 13544 39037 36148 12488 34745 34104 36568 24761 31799 24620 1893 3040 12508 2765 6875 36326 10979 1512 10920 36976 8868 11910 8931 17680 4145 16852 6048 31333 11003 39391 28950 8533 7735 37947 6445 20006 1599 16487 28591 14331 15496 11860 18133 15967 39706 34568 27035 37282 32054 36122 12056 35166 35321 13267 39071 27941 24157 35437 23723 24160 25654 3579 37180 32347 5180 29322 21560 36892 31279 23547 35152 38055 39489 36043 19856 20548 12036 11747 25897 35931 31702 17242 39629 32830 30340 1205 26247 6106 17640 25563 9769 31965 21438 16964 28668 38775 29792 27676 32634 11048 19746 18557 5886 555 28197 5623 8482 30963 34410 6331 16758 5742 23143 20462 12221 34187 23055 35272 6089 38739 5434 5587 12815 36824 18753 22893 8801 2838 12038 27547 20934 6004 22911
5481 21047 37483 32518 6730 33868 22657 13897 2758 6639 36215 34463 38783 3129 2645 2450 4653 23984 12218 19802 34735 38892 27669 11329 39985 8442 15446 27069 8646 11315 38583 8344 3877 4069 34974 18093 35732 37481 31454 14067 38242 4687 8329 23896 37530 25332 29896 26038 30551 27745 4169 35797 32275 1794 23744 6139 15041 243 20155 24654 1767 16896 857 26744 9315 21127 20758 3484 27292 22519 21808 34618 37170 4063 17218 34197 6763 29347 9840 4979 3145 11790 32090 17953 31458 34142 18229 16081 8449 250 30630 16376 36058 38787 38970 3318 28421 2951 2166 4658 24412 37133 33408 280 12776 37604 9936 24546 7821 14354 21219 7932 31976 39368 1431 1638 22495 29150 38615 25987 18392 28833 39286 36126 15888 15800 23501 800 15001 8284 39149 10374 30651 35796 31262 23238 29254 3339 2116 30733 38475 28252 1013 21615 19295 37776 14500 35708 28827 24106 8425 33864 25516 26713 28530 1303 30944 24868 6924 17899 8573 3004 18865 24688 736 3956 34445 31148 29129 3369 7741 18015 18743 3305 24037 32508 27349 37766 23758 13487 23903 36662 13903 10492 7928 2314 44 12346 19694 12486 14675 37197 13017 13840 5049 33161 10858 1453 3679 28806
7142 17749 1991 7009 18449 32197 3511 11233 26784 2997 15677 28577 14303 1161 33297 19858 1139 22423 28092 21756 13556 31894 21285 8526 16192 17505 6 37981 26555 19194 37745 27295 25827 16268 18841 20265 6966 14471 32494 19839 13881 3769 25950 26638 10689 26774 19828 27927 14424 21955 20674 20721 26503 6172 12152 2152 27236 37112 18079 39551 29416 39812 35787 31276 23272 6637 17315 14021 36850 18940 33006 20665 17828 10318 29231 35865 24156 8971 36792 37695 23271 628 2235 17697 31022 12373 5484 18242 27480 3300 16663 26121 7035 21057 19477 29639 22438 26213 39517 11295 11981 13565 16496 1625 1043 36 38823 25581 31725 36859 37446 22150 4568 26255 15459 16855 11454 3292 12521 17221 11877 25810 17854 8186 29993 30312 32958 30552 13817 10741 37095 34485 20319 30238 17200 34867 8002 4230 2298 18029 145 35944 25417 10976 1979 30186 11890 37364 3974 23925 20716 18792 5575 22294 17620 4600 14596 22325 32039 175 35011 9191 12988 12193 36814 25569 38129 25211 17143 22868 39258 27835 35775 25101 11866 22188 20331 29715 9775 9138 17510 7287 38114 34509 8998 11325 18862 27673 36273 4675 1080 8117 35082 19410 34193 26137 32166 13760 21280 2819
17144 109 13835 17372 1010 9914 35791 37958 37037 37529 35057 29486 31825 18144 25746 29168 2699 19222 22470 37829 3103 7037 15342 3604 23824 8167 245 22528 21234 15176 2690 38155 24603 5548 32458 8825 11104 14754 24829 32940 28669 36351 18829 31669 17119 13853 21359 31734 26907 24683 8281 6300 1560 5990 24155 37703 5428 26337 34525 7715 839 27361 32545 33741 17639 5830 14239 10881 32803 11977 14007 2749 35610 24231 24545 15644 773 15044 23056 23935 20131 11829 26126 26134 34427 33549 10980 14379 27678 7778 12288 39674 35691 26682 2742 38170 35823 8647 21465 37905 30922 7412 20835 2091 4736 27045 21480 6647 35790 26312 38937 25557 32120 1967 19426 34494 6725 2227 21562 39102 22093 14138 22290 15096 12238 37512 37494 766 24469 4746 9556 31349 5589 11020 30134 1500 4892 15520 15479 16300 12166 22592 21220 19069 39067 38222 2004 14753 4657 38881 20849 23040 1909 6007 21605 1856 26623 1843 13551 3603 23319 14022 3085 32091 15690 21209 35689 39417 7553 8829 18031 16878 31644 4268 6695 39973 2609 26854 38781 11690 20979 7092 27805 1820 15694 39898 7494 17660 25838 39038 4248 3060 20503 30391 34579 27746 4903 22681 16967 3414
33179 14028 17353 24300 18460 7987 4616 33415 32881 1830 36496 30928 20402 21590 11283 13427 37585 8522 28395 19817 34537 31090 34382 13702 14488 14997 28515 18387 20953 11636 2110 29584 26369 30389 37708 37123 39377 22173 31524 11054 15993 37987 14123 6108 20120 29742 34715 24847 2382 6858 33903 3551 27218 35609 26617 38835 2048 21645 19989 4295 12842 8103 36860 38366 1046 28819 10232 24800 28002 15015 3550 15768 9168 19899 9245 20211 36991 19532 1597 39620 9616 31168 16547 31054 12348 30271 16818 4464 576 22490 34290 39793 19887 35822 26071 17767 36807 29632 31820 20175 1752 20248 23513 22281 4430 16407 18702 5082 29280 14290 944 12300 26604 30106 31093 6109 36955 28920 39901 25546 18843 29525 13074 38584 4195 38164 817 21303 4086 1328 14141 33863 2039 23158 1572 36403 24903 4239 10740 36935 11822 26465 27115 7057 33682 39061 14254 16687 34095 7583 21242 9244 37587 25994 33330 13195 33720 5276 5219 30930 34253 28740 34477 9766 32352 19211 31084 1451 22764 14529 23293 7001 33607 7985 4477 25394 12654 11597 15230 805 38939 25633 8787 1666 24749 9532 20246 36246 20162 12365 14126 18977 25213 32706 15301 15979 25743 9781 28847 22768
35758 35604 23658 28769 14358 12064 33851 20536 2622 9073 8680 22870 26005 16412 7746 39789 35481 36597 34645 17017 23711 18490 39868 37697 19022 15798 20897 8637 39997 6506 23977 39598 1059 34457 1438 3361 17465 19814 34587 33504 34909 31115 13035 18910 17145 24346 12136 39052 29921 23093 13154 13036 6795 6770 8497 35124 7031 9098 31268 1591 15143 15708 34532 36925 29943 13425 39698 33982 7600 11177 10702 27934 35580 22057 8824 22694 9231 17957 26123 12143 28583 18980 11150 19999 28971 38665 16485 29768 13581 14688 35339 19475 7686 24068 7560 2674 32119 17013 27406 18063 39797 26318 19883 35162 17812 33779 37536 1235 14774 39095 11845 6165 2099 26664 8905 2608 36595 8335 33430 32106 36545 34698 20142 37820 19732 12140 15465 11668 38605 13873 13766 99 35125 3244 24398 22844 32767 22679 14818 12919 2255 33760 29396 21658 8257 22469 32461 7888 17459 30885 18457 56 34661 24491 21286 29482 35730 18288 33701 29509 33259 31291 18336 2946 34907 4672 28953 39780 25311 17835 32678 36475 18987 486 22029 17793 27803 16884 35851 115 19393 36598 7477 29780 8951 33901 22236 19634 31741 37502 10709 13282 10951 29577 7758 25021 23302 32430 23203 17072
34383 18890 18749 28385 4638 6260 5056 19888 9121 28447 21070 30207 819 31413 2513 18193 7936 13555 24530 9026 9027 25710 35388 37372 8305 7724 20627 10237 33537 9132 33327 28046 29065 31677 12358 10853 1127 28137 9505 30329 22995 31893 1915 16331 2289 29203 31716 21149 38845 153 13673 501 7661 18928 16356 6155 7265 5013 24386 6317 22880 33339 34040 11217 8524 23690 4585 8881 28937 35562 1005 39168 4090 15796 9210 14999 28008 10286 27809 7914 15072 19329 5882 2202 6819 18694 39588 22086 15947 26738 5074 35916 20291 25167 16058 27943 31016 30469 84 16545 31842 31651 3381 18622 4876 1134 18814 38890 16332 5825 34260 21387 1579 8322 33626 29408 6565 37747 35197 7541 34371 19570 30414 32181 30894 3068 283 3669 15517 33424 12861 2816 36933 21688 33684 2399 11635 25815 17333 8207 8815 23280 39434 398 19117 7176 10788 33406 24064 39834 8159 6839 25640 23398 18825 30754 38465 10094 24592 27569 22392 37488 7028 14679 5230 33954 16417 34116 8773 3240 6075 11989 26201 22520 6083 20624 15182 28648 23033 33145 26251 6883 35502 24917 13473 129 9360 242 29898 19043 30616 11527 19395 37065 5643 31596 6428 27462 26258 33971
8845 15074 32188 32025 20617 8068 6284 8193 1621 7055 2394 38614 31516 3647 39285 19462 14590 32024 5523 31198 21538 4792 32343 26281 23439 38555 27814 3852 38057 19511 9097 2580 7885 12037 17851 25599 7835 21411 5626 952 15565 3158 2292 37325 23129 17335 30806 38529 13227 20787 31218 9050 38568 17197 14693 12838 39891 33675 18080 9513 29047 11304 8105 22096 677 16173 25078 24397 6555 34447 37647 25822 19300 4847 16652 8040 4450 39622 17225 5999 34543 17522 10302 39401 21972 9567 6484 25109 25018 16359 31951 17753 3927 17514 38580 12025 36840 19976 31439 31009 2139 23178 34685 34699 30422 19065 28187 35056 19980 16506 30898 21275 39002 23038 18809 33646 20668 21638 6832 9061 5845 34882 14326 15319 28830 38904 25054 36422 38712 10978 3673 27067 15433 13153 25024 15997 21055 19363 31354 38261 31949 3130 19834 3741 27254 25690 29160 35024 4034 5801 2095 15196 15546 29877 25040 29004 4679 15938 18236 9282 30054 39885 2589 18071 11197 22300 13898 12181 11755 15381 38690 4377 11452 26957 6874 23630 6915 27792 33703 32412 38716 24443 37764 11687 13892 19078 29488 2896 1918 13648 13705 22789 2754 18407 5941 27338 30763 33668 17958 20991
39720 744 15148 8619 11258 28465 26843 30637 38371 19639 16670 36479 35128 12664 33719 13264 19640 35855 13749 19067 10851 33780 20105 24425 35553 6006 1093 26632 25056 9506 8387 12213 25919 16832 4920 29022 420 26803 39560 10837 34321 15358 2145 36313 2671 21520 22116 13407 34742 21241 38785 31101 9736 14364 28348 36867 5622 10396 32076 7852 22732 28089 17432 10051 17543 11042 25929 38571 21479 2964 36208 31923 1657 32819 33809 18988 25511 36431 5931 6585 13519 1195 28157 22932 8133 35342 24810 2203 17136 21994 13317 7574 25894 16102 5411 3658 35474 33201 27 25253 20230 37612 27079 11710 7238 13826 33455 31532 25068 14403 11303 38062 37911 31803 7776 2182 39809 3547 26929 39453 11296 4123 39185 24168 13893 15702 14025 25698 23976 3016 1696 14608 34491 674 25149 37614 28200 39999 12483 20326 14581 6721 3568 6713 27358 35347 36223 33031 900 29293 22119 37422 29849 6939 13778 39705 22758 36838 35921 15573 12476 20141 9077 12212 20558 26474 14422 39041 28431 39522 38069 15467 38047 7971 21598 2053 18092 6307 6735 28630 11974 26562 24554 21320 15320 5132 17681 20408 13126 26546 12816 24659 6801 34367 8523 14207 24789 28027 9174 31706
22439 16318 38280 38867 22590 10666 28035 12895 34244 9995 38931 14735 23599 21925 26161 2181 24274 12636 11771 31689 17262 33171 27486 5800 18805 23244 15572 11506 36269 33260 39389 10416 37113 25956 8048 17937 2306 8217 1332 1643 33966 9688 20062 17845 8253 3662 7591 31399 30308 17810 14992 13669 28855 14984 18541 4158 7935 15093 27604 7157 691 9199 6635 34723 34065 22725 1660 7908 9321 25160 3294 7061 13165 1060 15847 32035 23668 3100 10104 531 38468 34571 35648 16745 2939 15270 26896 36688 14030 5463 2452 28041 16771 31250 34540 3609 1605 4925 19922 8016 6630 6469 39200 28227 34084 13994 15104 8292 31172 28568 7034 8802 27692 29963 16627 37485 25291 15357 28887 10914 35559 12757 22922 15606 18395 34788 29343 9655 6100 28581 22521 33065 17774 19102 4171 30108 5287 9158 19731 33605 28248 8862 26932 14502 15435 27226 28373 25794 7774 16109 7343 16247 13228 854 9670 36127 18377 28082 36224 36507 20081 1469 39535 3405 32567 22584 8010 7679 23105 612 17933 20100 24478 4400 12745 38912 32910 34599 33911 22842 16348 29689 17798 25176 36177 28504 30811 32624 208 38006 30000 23120 9938 28985 37229 30751 34520 14198 30987 27002
16111 19054 4518 28992 35106 19143 5795 34840 26191 39129 18682 5981 14414 39605 3235 2858 14279 39528 27099 5743 39207 32726 4598 24255 14343 33312 20541 15596 13078 36861 10728 16386 32620 28275 2426 15356 18070 4846 34289 15127 32796 27314 484 39590 9462 32638 34301 23173 38338 31849 9353 9927 5136 34317 13535 20998 4557 8411 19370 30959 7328 27107 19885 8621 1415 30629 13418 34779 29905 36138 33254 23263 32614 38414 5305 4988 30126 10415 32672 31931 28052 13307 28910 1503 23399 23431 6263 6389 7026 4877 27463 15977 27368 18442 20216 36188 8393 22106 6033 14788 39059 24517 13978 15331 37012 33103 9043 11278 33202 25986 7317 28357 36113 4289 33834 2414 11652 37120 35307 29536 18861 38389 17807 31400 31903 30197 9832 14201 37006 19 14440 25110 15416 32858 32049 7659 32727 20612 25411 4339 4848 6940 37168 12795 30248 13494 34782 7809 1485 9101 28429 14705 28179 15655 95 29478 7547 23245 10841 23732 5564 138 31545 23198 10680 39771 7195 33055 37797 31758 35743 13409 1243 2472 15527 27888 37826 25352 30852 26900 27815 32030 10335 19945 21704 22219 12457 16819 38252 27364 33778 14714 32606 32659 11046 32502 13297 18615 34786 2988
31693 3611 29516 15330 29501 35960 4001 5555 32920 3030 23144 13716 26859 37848 2111 14644 249 31433 10754 21651 6138 6533 12685 6166 7625 14164 19061 2546 8513 6750 29338 13913 31557 35093 3497 7713 28586 2975 37683 397 32413 23753 23414 22970 9841 39783 3984 39374 10773 15102 39194 35508 1529 5431 2869 7198 9812 8973 27203 9410 9000 36592 21042 1159 16701 4985 33543 35547 2199 12608 25009 25728 17392 34347 2855 22260 6553 28987 23135 24356 5216 10746 2275 22032 15556 17573 9718 28903 14065 9115 1977 3188 6549 360 1004 22099 36757 20329 277 29892 19404 17563 19034 8620 13404 5113 15167 15249 14713 5992 9895 18608 27818 35214 37869 20342 14270 15478 663 30153 22033 3966 3753 26283 19015 37415 684 38437 39192 6085 38479 17368 28125 1335 775 16653 35232 31623 39886 18786 19273 17190 20060 7192 31453 1914 8035 3220 1975 30087 39986 12276 17211 4574 14640 1825 12926 23706 5780 26565 36665 33628 5814 37533 30372 29144 9170 11580 36923 37658 27053 24432 26030 6237 18543 10988 10078 23106 10676 7352 30387 31178 20597 38435 3056 4706 27112 32639 16754 27722 35263 37087 24046 32479 103 10706 33236 31049 11070 23523
23062 4470 2701 11718 1651 3934 7647 6255 34667 37756 38043 32580 4401 18147 30741 17766 2963 12242 30047 7729 3070 4510 13033 34983 26254 10106 34709 240 26710 20656 6524 6449 26982 38412 16812 11999 27813 10179 39965 12066 39582 13813 24916 23225 22390 23079 939 35551 1443 38864 25492 8926 20057 11563 8559 18076 9902 30217 1998 10228 10018 34019 39580 18770 31509 8983 6368 30516 32850 6063 222 28038 20390 21077 34708 19540 21798 14842 39260 26536 33308 3416 11601 30879 35897 20646 20126 19227 29385 27897 16591 25221 6424 17198 20079 22516 22377 25212 8437 8028 27310 19641 27672 19230 2743 22084 24067 12089 33566 8323 27775 14807 36811 11691 35372 9271 3824 16113 20171 21819 17956 14515 10022 18388 37439 29517 12431 3980 38227 20411 15277 37235 36808 23425 9990 30840 11510 10101 6587 29297 28188 33164 32297 39017 497 6491 30451 3162 7849 21894 332 22928 26759 39230 2167 19799 15199 38973 906 39860 39929 22191 15558 6316 10843 6306 19118 6392 4277 7672 15604 31187 10341 1656 38174 13240 7155 9785 26194 7531 23832 24804 35140 37268 5025 16644 22712 5901 15597 28807 23719 24029 23184 32422 20709 8081 33365 24461 14520 11719
13203 8014 15982 10090 31887 33594 8576 11828 9716 2762 24940 31080 14988 20072 10262 2379 13092 27554 17404 9479 12017 33125 1854 23712 28914 14105 23914 1730 23226 30268 15769 14066 23635 9550 38974 12451 29796 29181 16831 29809 24077 36785 5109 11569 38797 11839 25361 22567 17155 17698 10664 22606 4396 31556 4953 25384 32175 29002 2501 19897 13291 18678 5848 6400 14342 1449 23458 38243 30262 3763 37599 36054 27517 19002 10189 146 36562 24821 17803 15287 18369 1506 4275 38528 12982 10935 4618 32573 4850 19170 36100 35829 22192 8320 12479 10458 12485 8354 11503 30454 21316 36687 1755 1347 160 33859 28975 11381 1411 16639 38889 12043 15018 732 31576 909 5556 7682 25592 33882 313 16874 14345 19758 2002 39112 5005 36287 19614 5192 9830 38563 37576 21168 1061 14333 38859 19855 25572 33776 14674 12544 23980 3723 11774 10184 2861 31017 39303 32709 29265 37872 14044 16705 29650 36416 14221 17991 25289 39246 29033 26971 10272 20903 24807 32623 31167 11419 10139 36809 9080 7540 17791 38199 33633 1724 10300 12047 39769 31312 28681 6069 5251 11832 20625 22480 31019 1524 4425 26490 9758 19780 33112 14003 3189 18425 22253 5284 14669 8551
30279 30801 23702 35626 10271 26606 23180 1996 25374 5832 18662 12907 27571 27901 21143 15205 34791 9974 35505 27894 22705 38184 2828 38887 36473 4832 10332 28498 1847 17988 31873 317 35953 10908 10438 37089 31378 22962 729 9472 33001 22914 37150 30274 12801 39856 4842 18629 3520 13097 39715 20657 24315 27636 9594 14165 36852 7924 35328 2603 7133 9677 9267 23600 11689 5406 31704 23897 2673 6444 26379 10757 4527 20180 659 37062 22237 3200 12535 12252 33713 34948 23590 24924 560 18313 8746 8656 15362 13697 24360 27679 1630 39601 35244 9539 27631 8501 36426 7428 10497 26819 14218 12007 36288 20392 2123 34231 25053 21188 10673 17300 18012 33117 10093 38514 12583 9194 20618 12278 19635 29212 39318 15378 27820 22200 35 37212 25192 4548 15286 27649 33270 32282 8273 32148 865 21909 30967 35713 14778 19443 31838 39627 2343 11081 16814 35802 24353 37060 6013 31710 14491 24830 39359 18267 33693 21558 12814 10280 14612 32953 4654 20196 20718 25354 25346 514 39682 21341 36791 32103 7808 33706 17782 23351 9498 6777 23783 29637 13381 36941 28098 9542 2061 5369 24898 10585 6136 362 21362 19562 34479 33497 36828 4576 3553 38379 23519 22366
30912 22302 36616 33830 10311 4994 10480 19551 19679 37345 2037 20940 36038 23825 9565 19537 22507 13646 110 21041 32147 2083 26122 19591 35675 15790 13921 12389 12995 9346 39895 444 2372 4961 38578 5310 7333 16677 33846 2021 17557 27710 14262 29300 24600 32306 33130 35674 5023 29310 1541 31286 35032 15065 37368 37663 33775 8947 20488 6346 36436 4592 21762 9664 8510 9045 12257 1311 38440 31502 21993 21457 38394 7327 11592 25555 16702 162 3247 19567 15071 2834 36523 12248 4469 2755 28460 38743 16201 28016 35203 13843 6798 37785 8814 21853 33680 6622 32041 31715 26736 3380 35994 18480 4861 33785 19615 14439 13968 13614 14687 14598 33347 6398 1913 27467 26828 7678 36172 8629 20526 4310 39903 30564 17243 2510 17113 14183 12267 8827 9040 6988 30816 39502 21215 19448 28877 7727 36466 19944 14117 25423 22831 31544 37842 29147 613 33955 7112 5325 23644 22847 38897 15733 27395 27489 26924 26888 2775 27363 35088 16196 2583 22388 36821 26299 2812 6381 32550 23460 23945 30577 28264 11607 16132 14478 36271 34970 10796 17492 25155 32202 33243 39367 4517 35972 13410 20484 30445 12076 19886 27296 3776 3299 14068 25562 39914 31643 17385 8683
18014 26571 3837 20262 18175 33902 477 11231 30328 3653 26331 36014 28884 12105 3876 28293 8382 25590 20279 17773 28741 21604 21885 17424 38315 30712 12872 19549 20681 20622 29401 24152 11606 14336 38761 10610 20169 19633 37306 13370 29469 20382 11773 11772 21774 13320 4094 35193 10385 8969 13315 34424 28994 4499 28228 1016 26279 1969 35596 38847 26343 31402 120 25257 2122 8953 13342 22225 550 9507 8328 13096 2684 26422 5920 19178 133 29710 34058 12471 9330 13765 21758 1236 34862 10879 36015 19031 3641 24969 28696 2236 8818 26873 37188 7545 26162 4334 23067 26336 28701 11525 33947 32882 8734 8612 23241 34598 14895 6652 22613 10780 7892 35175 2327 21075 10688 20801 32752 20202 17964 24145 26284 507 24824 4763 21791 10923 12666 17345 26577 36924 31571 31530 25248 11892 8613 28271 2837 7733 3605 2700 635 899 4033 17580 26666 21769 35760 33884 2210 14664 18321 37452 36324 17362 12495 6168 36966 20186 5326 34967 13260 31182 26506 8401 16315 36949 36704 35376 7435 8007 476 33429 34552 20747 27294 25436 4021 32114 13478 15288 25475 15986 22940 19994 33360 11117 2106 19719 7701 22532 5423 4851 8166 15889 2710 39 32630 6347
10663 11509 9459 5827 18902 17910 16343 9123 29519 11982 15766 31329 30109 18858 25081 26354 31211 22317 11537 37447 38521 20823 19574 35375 31085 33745 30435 10325 19927 20362 20838 5186 11372 17830 12011 27998 27872 25223 38866 16011 31396 3232 4060 4064 1626 17549 13493 16420 29618 2288 36142 21404 2736 3335 8863 5494 30860 6720 7954 9172 37329 23598 38450 6829 37367 36547 28529 13296 18454 2985 10894 20191 10734 36899 19546 27743 12283 27629 37438 36472 14981 4837 27175 15973 24596 39508 31861 25236 26265 27244 27868 22010 8721 25568 21837 8567 39649 5884 11166 7021 37534 38566 36620 25852 5221 31027 3696 4758 8743 27425 23785 2507 31484 3919 34186 18253 7149 38210 19226 16675 17220 22812 21089 9106 10784 14456 30503 8605 424 38917 25430 22965 29188 32901 18013 28305 5608 7750 14611 12249 36398 19416 20159 26940 21608 29962 36492 5593 39044 36137 30363 24097 29063 17127 7130 18827 29682 5706 6531 36497 31285 28328 14534 2060 14082 11542 31897 12383 9942 32969 31064 38122 9888 21474 29626 15651 37721 31656 30110 14033 8807 36190 23835 1701 39659 1240 21816 18370 20669 21103 5991 23854 27615 15865 39889 30732 37236 39436 36298 35913
17222 2712 20092 31116 28775 22251 7938 4437 1283 36725 37497 17023 11474 39358 15779 29484 33224 31296 34115 12401 6797 2582 33853 20391 18754 26781 32234 29161 18305 27283 17916 14038 37078 24925 9511 17900 6853 36028 13118 15555 9893 2032 474 3822 37582 5554 22417 18838 33515 30825 20860 38213 31127 27817 25461 35062 19101 37234 18527 34085 24682 2046 18719 15154 6341 18913 29080 6615 32948 27435 31847 17651 33283 29059 19646 30221 2215 21689 34405 26186 38054 20950 31377 32729 6561 21344 3637 9954 5850 36518 8233 22396 39257 19129 36989 7636 7773 31657 29748 5739 24290 37223 38124 5413 32404 26587 31240 1237 8277 23197 23815 27410 5694 3121 11276 5934 38498 9067 14154 14614 17241 29883 23660 9696 37377 12480 38948 16057 29110 5936 33926 28964 12572 21754 17564 25375 27961 955 12574 28947 29622 32818 29728 3742 17032 34988 24133 20588 34273 21947 30848 23088 10422 6707 4235 5779 34632 6162 30843 20561 35681 9390 28189 8676 30112 27414 30896 17071 36456 17882 34716 38525 38263 16991 16757 37942 1432 8137 23701 28201 33997 19337 33687 22202 26877 32344 25739 10809 5625 9405 28664 14014 18271 7255 13254 30293 596 3815 30905 17449
7268 11172 20530 14767 1251 9356 26694 29186 34648 30935 26322 2953 12690 19824 9311 34048 23707 9533 18083 36762 2862 4498 20935 18129 30438 30456 720 18524 26648 10388 27424 37833 9824 8093 4701 4828 13590 24148 31457 27438 15305 11377 12567 22949 22999 28292 17638 4007 35338 18228 4538 33729 34913 39139 2260 37517 13662 10452 21740 31856 1644 12641 6065 20307 864 17206 9762 27284 1039 3155 3337 10814 24968 26411 37010 36574 15884 10833 30704 28391 587 33400 14834 6345 21274 35750 38033 28392 9581 27964 12747 8213 31667 15633 6450 15427 14120 20577 26356 20167 13517 29887 33631 23037 685 1054 3907 22459 23920 15831 37549 4134 5771 742 1698 11891 29290 30881 36758 1728 13672 11029 13823 32340 1465 665 30845 38746 19616 19683 10861 30658 15846 3994 10681 22634 36930 21111 22231 24826 10811 19335 26747 12173 19251 29524 19973 17485 24223 12792 946 24983 6262 29457 21838 4443 33596 23220 9904 31891 34972 12743 24497 20199 29868 2570 1710 11984 323 14186 14830 4995 11995 26743 23941 844 86 6213 9283 12428 26116 35422 30181 31822 21644 692 14492 1652 21801 34790 13722 2384 3736 37563 10029 7060 412 9292 5444 31466
14268 14131 4791 20019 19173 15375 38453 34037 38533 17852 29454 15944 27502 25326 10637 879 807 16860 16299 18647 8608 19338 29051 39026 14804 26267 29345 18831 17272 17906 15483 31641 18153 4530 30353 36912 15161 26405 35334 7012 23215 17780 5592 19665 19427 14547 34889 35461 31857 7807 20007 39300 20388 39678 8617 38316 10654 39952 39018 36900 5417 11331 31311 19373 24715 35877 4671 31360 16245 21223 18758 22726 34419 32165 3219 34328 39623 11903 34157 31309 38589 20572 25796 21377 8563 8844 55 5937 36476 30008 37746 23103 28403 15866 5116 11459 28762 37008 2772 26735 36425 186 34425 7906 10067 27249 30823 5824 29596 27119 10531 11593 10928 36940 3142 30735 27653 15075 13101 5786 872 13125 6905 14225 874 8126 28981 30347 8836 11997 4511 16103 16335 14969 11630 3508 9908 24171 24594 3543 15136 5711 27037 30229 32483 25153 21361 3643 25863 20212 16022 6383 8297 4164 5619 19001 32681 26445 9335 4008 20260 10933 36926 15325 4418 16641 31443 446 11316 1315 27097 36411 29389 35429 21818 14236 17544 20110 14933 32656 6266 38629 25095 32398 10158 33285 5206 29551 14621 13311 4703 718 13148 21109 23557 11928 39671 6699 17138 17715
32365 14421 4659 28255 33747 11663 954 20637 30693 35753 3330 24440 8471 15223 3358 22304 13659 39741 29998 4774 17022 10157 10456 31005 37765 33862 35023 23659 1165 31613 12121 20071 11918 28414 19218 12058 38807 15488 34079 14401 4893 13604 6761 24365 9413 763 24317 14241 29938 35409 14634 7846 29671 22628 32074 10532 30893 2848 28871 1124 34332 31191 26375 38532 34832 7183 36960 4382 28527 35028 17235 30475 20744 25705 29736 8003 18484 30165 25202 22855 31476 8796 26234 39295 30035 28029 29756 34981 12379 18424 39249 21329 11546 33880 5207 33265 24250 27682 27651 17399 30715 20959 8083 12130 4525 16221 18432 9678 10200 11255 28212 27197 22659 32746 3584 36889 21130 10410 39820 5333 2797 20309 25108 28845 37752 32763 29675 37194 10815 34292 36356 32745 21281 6834 32198 34420 35643 38902 10565 644 6129 22650 29940 25026 34178 35534 35012 11291 3443 24422 13175 19848 6709 102 24840 2229 14686 11702 31475 10423 13056 4547 21118 25535 31024 24333 5445 12380 27549 882 36827 23095 28309 26160 36374 12866 6862 31362 14119 21763 25553 32947 15101 28725 14518 2461 4760 1274 9034 20051 799 3462 27603 5070 14018 35619 33802 30453 15663 5403
12513 14577 37356 15883 15111 23390 18366 26022 7922 25790 19919 15827 34850 20206 11594 10652 35905 304 26482 33075 11030 15368 21659 20846 24125 183 20174 2221 28127 13359 26753 31366 21753 19804 18717 9651 17603 20714 9855 18482 9495 34929 16000 4258 11560 740 4215 12941 3998 5932 3194 38602 26592 16978 25885 21402 8221 23247 29980 7864 14493 38131 2034 10828 26065 4162 5975 19821 38040 32407 30058 20711 2320 18041 1048 25630 34227 6574 34089 31540 16203 12979 28789 24427 4210 28050 24494 21713 29081 9960 33919 32450 10538 32487 19964 17641 34295 28069 4431 3205 10982 33835 20490 19632 34759 13526 4921 5759 5297 2707 11033 19529 26074 12628 23147 30970 15054 34027 22761 34493 13198 33211 24070 32748 33965 2935 23588 36854 10043 23616 7642 35000 38674 35178 12225 4935 32200 27836 26799 39573 15226 13201 12322 9041 870 17455 16958 20192 1786 9359 16505 7805 5885 25239 10111 24573 6461 7493 15069 31013 9547 12199 17589 6478 32891 6261 28182 5193 32084 26760 1084 14516 22410 15036 19484 36451 21110 8481 14192 22552 8897 8330 25921 21780 34987 25602 6246 14437 17760 21117 20768 29635 22359 1073 32870 7087 12515 23641 6439 15980
26013 25029 5509 20419 6432 2345 20033 13554 7128 5547 14280 18844 31999 13250 38410 5057 37116 35192 20584 28902 7458 7461 22685 29857 7665 4249 36483 12442 4447 5642 12032 27971 10617 1971 32425 15731 21287 4204 802 38093 12350 4522 30371 15134 38267 9445 4081 15737 35325 455 7711 2927 31070 6963 24956 6811 14765 28714 37560 18992 32728 3256 902 15020 11649 38290 25471 16232 2222 6679 4106 2233 14215 22046 35864 8476 14407 9257 5217 32977 23417 11012 26869 32307 29445 12006 9372 24273 18447 39336 11579 12896 2702 38900 24848 17283 25997 20375 23559 15402 19023 13818 28736 13012 1323 33600 15552 27704 14267 7471 17494 36761 13602 4015 26117 34860 9310 27871 4943 36067 30416 25462 20904 18612 17556 22323 23034 39514 9185 37080 33899 36995 18828 17437 14593 22864 16410 20960 9006 2629 19589 32685 11422 26569 6749 20427 37569 39294 39382 32373 19775 35806 26010 16827 17398 19470 35886 16147 21852 21498 17255 22856 16419 31194 13900 25135 6091 39643 7856 30171 4324 12394 24254 20132 3116 11344 22492 381 5666 34627 29328 6931 10243 4697 23317 2377 38653 950 29089 5304 15970 38138 7464 36459 5345 36116 17187 33641 19264 8722
17979 12482 30957 21082 28370 705 4082 11264 16576 29705 24933 10918 37026 1819 9382 18009 39543 36790 16993 17926 6417 32176 31444 34172 30865 26525 16698 5476 12616 25061 32383 11266 28470 15224 39958 22912 37735 7875 9076 4888 27953 38187 39542 3506 8841 12916 26328 1514 21405 24040 3674 12351 31575 17012 18164 33225 2062 10462 20481 38078 25047 16156 14036 36772 1397 38826 9583 19272 27287 37465 3275 6481 12949 36591 30706 26980 30078 9602 19717 21940 19053 7350 16461 35962 23955 14994 31705 27040 10911 23240 1669 29192 34751 14902 14093 7392 24364 37744 35370 6485 32109 8627 24673 38830 30210 14553 17771 24878 7811 24850 26599 33099 31376 14859 36182 38096 6435 23795 512 25432 15260 2835 2230 1188 27072 26250 10343 4363 37313 31091 11181 29633 24527 27029 25373 23603 12887 16277 17376 31031 1391 12435 11693 4891 38863 3223 31214 5769 5437 37058 12769 31690 24633 31800 26558 32995 36044 26690 4320 3839 30820 23515 3873 13807 28909 33257 6954 16947 27437 28377 38745 28079 21966 1602 21939 4411 4674 25467 10309 6081 32338 19866 10631 7705 2165 35544 19713 23423 21823 25899 3492 10962 24065 16079 3075 38751 33666 16514 5397 7933
32482 1281 20798 6137 28287 34279 33823 11488 4115 29947 34191 7160 25057 39058 29306 33005 28752 19857 8243 30430 962 53 30187 37271 18417 30405 27671 34028 411 39324 27956 38355 14340 16657 16783 19374 20545 14298 4315 1486 20223 27302 23888 9892 38393 16570 12897 17970 17040 33558 26020 4759 32333 5282 19407 12432 6767 15881 14276 28629 23939 3929 11393 38609 7452 20237 35168 13447 33078 33708 32600 36816 13627 932 33570 33088 28540 18061 17860 26855 4410 19740 8224 6960 1875 5124 35311 27963 1129 26612 39815 26211 34169 21087 8703 32783 23217 23393 32245 31220 8156 28550 27732 6973 32578 11006 28608 1792 5336 31646 24551 21511 14084 37696 1028 6367 4022 25209 20851 10240 26827 16962 28982 12114 12534 16350 13421 38831 11044 8190 27210 19271 11271 38789 20855 4480 31928 10324 18185 20449 13029 1773 31483 8172 24675 20409 34353 24244 471 33829 15304 26108 30509 5203 35686 13489 8529 7998 26109 13010 16254 37984 8200 27016 23376 31638 14232 24314 12766 33014 19392 23352 39402 26268 35271 15347 37836 35103 16155 14216 1153 3729 21543 11567 7898 19070 32364 13980 11654 24013 18219 31568 32141 38192 29162 25016 37382 25978 17341 39342
15609 31432 11520 10845 9961 33930 14860 29740 23081 6151 10504 15643 13699 9701 17679 23209 3528 9114 3846 22680 5341 20839 7723 1578 10347 7145 29656 7216 24796 28324 31026 3849 29842 36282 13914 19279 22199 18434 21628 16238 3314 32360 16194 6547 19111 9071 13594 9171 18430 14863 33647 15767 3750 29821 38769 14572 18532 34784 33212 30918 35718 6581 6334 38790 30193 8456 33077 19376 18533 12234 3583 25479 22109 3137 1989 36120 26685 4108 32043 2516 2845 7436 22336 10508 34202 21471 14321 26768 38204 12518 31391 23510 32272 30369 34595 24363 21100 11564 18027 33 5958 36105 28413 13754 4336 36959 13698 11251 9492 38220 13212 8888 15445 38376 6970 4301 13550 4764 3228 9544 9273 622 11894 27551 26390 28915 18475 35848 4112 30729 19797 5727 36519 18852 31604 15240 2150 23540 20929 15535 36123 18721 24316 37317 7561 27657 25674 27573 7738 4206 32285 5393 3500 11418 33562 4276 21541 38654 35033 39539 31564 18925 14463 23133 38849 32555 9517 21875 4152 14188 20452 11243 22365 5007 39637 14950 7889 2113 27185 16643 11990 37707 12606 2627 36461 38051 21416 28060 36830 19612 13941 8192 1412 3642 36290 28400 20266 25868 17645 38920
2137 6394 26462 29880 33135 9607 24860 5052 30685 29696 3617 7218 18684 4037 4109 28304 5145 24217 2217 29061 13723 2525 17628 8578 17450 28708 16393 3533 22175 28268 38265 31810 15485 8809 36870 21037 25663 30573 33442 942 38438 39536 24115 27122 27429 24442 7592 12920 87 70 11677 22104 862 428 29678 15506 6221 21872 920 23917 17946 5610 23462 19676 19690 18073 38318 28317 37014 2897 6567 774 29535 35310 23082 33486 13533 35607 16836 30367 32737 21052 37190 18292 14562 13933 13836 14000 35543 12759 24532 3291 39347 23242 8724 39506 11704 38134 8538 10133 13279 1731 26261 26309 8717 876 27750 32230 4944 32744 31015 30780 27023 33526 25598 26463 13419 28990 19787 18930 18155 4290 1140 33711 27908 7204 5229 3406 22550 24339 17049 27917 6670 13867 12397 19213 36636 25320 17734 3036 10353 10004 23041 430 7508 1322 35122 10039 30769 16263 20789 10087 32577 23300 32968 9219 22820 1587 37068 19244 25146 1835 3916 18514 19424 15202 5102 35567 31986 9009 15955 32098 19268 35379 12937 32523 37870 10122 12619 5970 6466 20423 16989 34643 32701 10198 39496 32967 3867 29176 33548 1213 18907 15834 15511 1344 33060 30032 22564 7069
11988 472 20575 19262 22944 25760 433 3332 10091 31599 19805 31231 17280 7983 35278 8727 12688 22414 31875 2569 2659 31598 24786 10579 29508 19042 31251 2628 33232 38997 25197 26699 14813 27490 38369 10856 27452 11052 12408 23973 14602 16522 26883 17565 9092 26307 25312 9994 32805 3970 14217 28194 16877 17759 2226 31781 16206 19579 36588 6050 23231 20253 31946 37429 9906 4024 15376 10737 37624 19867 9247 6355 24564 27701 10803 17823 20425 24280 13819 30524 23498 22498 21986 1753 28140 34235 39121 27944 35578 28198 3751 31886 11087 34767 9929 15557 20424 6504 34397 29548 18023 34467 12912 4068 8821 39935 5242 9317 14284 17488 11627 1217 2466 14258 32652 24518 34400 6948 18099 33987 25878 13603 21083 27468 14129 23742 10152 3475 26723 35669 26115 34151 1719 22600 16517 27972 24052 13999 37077 14998 11328 31723 27442 33367 20955 8261 24835 28462 38132 29487 10929 3260 29459 16882 30669 12871 35733 24560 6462 3645 13262 19843 15137 21705 9865 14252 6101 33833 39076 3089 37645 1250 37155 23059 289 6979 17684 26344 29830 27469 17064 13068 21489 23891 5128 4918 9400 10831 37215 19996 31431 35818 10669 38606 16678 16648 11679 36613 14286 23058
20507 3009 35892 18167 30828 1400 20417 448 15438 5415 11802 14056 19481 9302 24284 25151 4742 7456 1293 3663 29590 35598 16707 11711 27697 22966 19286 2008 26034 27707 34801 12799 14589 10523 15844 25237 29352 5531 23150 28808 28692 25886 33615 12997 8141 22465 32186 36494 15010 29662 27280 9233 28207 24861 11401 17582 27137 27075 2619 20748 16316 21069 30931 15812 25371 23190 1988 27330 39400 9407 19553 9376 27776 9657 35440 39326 20113 34460 19460 17477 14918 21001 25318 33676 17352 2276 14512 5331 21145 10277 35395 30907 12879 11178 6074 12414 25660 35089 29646 29253 28508 12718 18982 7294 12639 36207 8579 19007 6738 3444 36894 6360 30800 19578 13257 18474 29514 34781 4897 5316 771 3944 30061 6591 15714 3176 24753 17523 22404 38777 32146 29108 21245 4800 1815 4467 28322 14905 5248 23851 34935 21932 30874 25854 6467 18542 17134 14832 1880 24292 12758 23117 32431 35006 35298 14398 32514 34296 39488 33768 17857 15121 5892 11678 9126 34567 23669 27170 605 14641 32871 36334 8467 24377 36649 20133 29044 6142 31430 31144 34423 11025 3965 1545 20289 11 3514 30476 14118 15935 24790 928 22582 4500 269 10267 31845 31592 679 38348
2368 33858 16938 2871 8902 25178 33495 17662 22349 21155 34437 6586 38146 29579 23097 1927 35517 12308 916 22457 12537 5300 31786 6799 26515 33598 19473 14019 37206 20150 33010 28628 656 36575 4097 24051 6789 16229 11911 39830 11412 31328 13230 1661 4380 25400 31858 25483 33757 15236 35500 13136 11914 5969 37108 14370 7206 19536 15875 22958 20378 22395 32227 4246 33606 35205 2223 12727 12589 4677 9455 12693 10648 31056 27675 13561 22246 24199 7357 27130 8665 36631 27200 34930 14447 2726 32771 38448 10530 11540 1264 23113 31241 6510 35749 26595 19175 28099 3988 13243 32325 29712 20565 2542 29924 26325 27965 10625 13244 8380 24136 14814 35735 14146 1662 5584 14391 11484 28778 37579 28456 2677 16930 37131 22698 20403 34291 11723 29219 21148 14886 2842 9589 35862 19059 5579 16392 26308 39533 9524 9493 2256 11448 34527 39033 37509 15942 39327 6814 35182 118 11709 31053 20368 6620 5843 8483 26825 15797 6570 29913 9634 20109 5382 22632 27288 37608 255 34765 12561 27764 786 759 10756 18318 17441 10825 9466 19851 25416 275 4043 29897 29158 27637 22938 38729 14798 16614 32418 14595 25075 22823 29234 18714 24061 37022 29052 32232 20359
31104 14125 51 2860 35394 31412 15793 26925 39328 28518 23811 24743 10488 23435 19735 28120 37813 33909 9220 10061 17467 13161 11222 19256 9087 22198 34439 27851 18811 20387 4535 25488 29846 34674 22624 14059 35932 3196 32605 12107 31339 24610 26923 38701 13626 7919 14433 30610 32790 9010 22819 27177 24112 14077 5105 29533 17764 7997 31978 7440 33786 32695 3802 25957 38908 30680 23379 16193 1519 8250 25484 8558 7861 10401 2878 24771 37648 3417 27628 33667 11105 9720 22067 35655 26863 28372 37774 25773 3202 8389 29016 6855 28262 27298 32925 17844 14026 33528 38677 16446 7931 23856 4515 25727 13182 8726 27151 15628 28822 20210 30159 6952 12000 30097 37544 29422 25427 35738 17008 34255 11819 22358 38106 5699 4904 12760 17357 38801 3423 26181 2176 10307 36635 33169 6774 16519 29854 27900 1869 26001 29834 12265 694 13200 16965 36556 22353 13052 29977 37835 8463 25864 11018 33618 37210 30938 17111 39676 96 32847 14273 31504 24896 38268 21026 25073 21941 16837 21330 32390 487 4294 11447 16384 28065 7314 9049 24486 36449 36920 11118 10945 39393 25669 18755 9770 38655 12882 34147 27797 10836 4150 38671 36521 26906 31519 24805 8158 28253 5685
12656 16107 4126 4197 38971 32496 10710 2847 20145 10348 38928 8500 25969 31726 18957 2035 37972 11097 23928 31914 10878 2354 28928 24697 21996 5075 14211 21883 39252 38599 30612 8810 794 629 20697 6391 23620 7876 23884 25188 10209 36505 37178 36538 11653 1526 13617 12073 37642 10769 33302 39047 18771 37779 23344 36316 36265 18800 7152 24056 9457 4849 25587 35022 33256 20476 733 18224 16600 28549 33510 14929 3269 31766 13067 28922 13761 28196 3524 19552 10707 16043 29828 30481 18277 14431 35109 3231 34754 15057 20797 9169 33592 16901 37948 21933 9883 36232 27360 18899 25280 7301 12423 6157 8074 6281 8262 19045 17883 30278 16835 19161 4580 1068 33798 11672 27136 36343 2163 35595 24185 10893 38894 18247 37717 22645 15262 19128 4931 28848 16002 33984 27010 36520 39813 30150 33159 1690 38049 30937 3166 24093 9337 32849 39653 34856 24074 1882 28907 299 20931 28612 34506 27064 32400 12426 31757 3619 38141 20767 5031 25527 39350 35384 24369 3701 21193 19280 19221 18812 7289 29471 37487 39480 16875 4997 8367 15659 12369 24787 4768 35085 38879 20902 12247 784 30117 5165 14979 7903 21046 5384 15551 33255 30679 5383 21413 21452 38728 8051
12768 29775 7929 22859 7702 3807 37749 17792 11149 35742 8256 15781 5421 17534 1313 8657 25349 31837 36888 7629 24816 39939 34465 20621 32449 15904 22525 30591 7058 20859 18801 4826 10041 35137 14386 32199 36245 33024 35606 13434 19724 6280 21647 10770 6541 17843 6471 11631 38619 12655 39585 39475 5514 30188 23084 26345 16598 15894 27454 9395 26424 18683 9573 14938 2584 10690 24110 15528 1795 27936 11905 10331 10287 6745 8909 35952 26683 1279 4993 23358 37555 9686 20813 31751 37924 5201 12487 16900 12793 26246 19772 38012 25638 24198 23558 19689 29657 21269 152 9470 38955 38241 7764 39513 28393 32358 5418 1045 17832 17737 23123 1299 6937 10630 14285 178 33575 28906 14957 7449 27677 28536 27451 39855 1790 2085 28070 28303 5504 17269 22409 24384 10611 24646 3858 23257 21300 9261 26059 36308 18851 24256 5849 37406 11053 2853 8752 28993 23361 13956 11450 6593 3635 15773 20901 31809 30971 28866 8899 38076 34528 25995 16200 32052 8013 34228 25533 19892 9314 2475 25566 23495 5857 33758 20374 21078 6656 7745 14636 26823 26292 37710 7084 26467 26084 12410 11068 36480 30394 23442 10064 12645 3383 19767 8488 31011 32457 22971 28707 26124
6330 5011 23722 14833 402 38433 23565 5185 23672 3448 39416 3042 7624 32939 9691 4080 27322 14623 33700 3467 39214 4143 21526 10884 23614 10476 38423 19707 36974 24893 23548 12547 26131 38446 21334 21151 1493 19832 16903 29698 26605 33261 19077 34345 26956 26952 33842 31902 29171 36005 12323 23313 15741 4684 20734 13589 723 4715 15870 19678 5247 19902 760 36204 16050 31974 12330 38861 17044 26012 13701 17116 23688 27042 3496 29840 19816 19181 1272 23940 11589 14361 15923 3135 37315 12524 32326 26314 27949 22739 17947 19654 322 5273 9828 4281 30975 24522 31456 13009 25953 20604 12096 14924 18349 24340 26101 21579 12811 1305 15009 6354 26172 28680 30772 148 36184 10524 35779 5647 36071 24713 18646 11538 36314 24678 19955 4601 18606 29468 18560 13496 5272 36193 16944 31830 8350 30571 18540 13795 18728 32872 8033 34234 18359 14046 978 9452 16717 12969 25673 30099 38430 5606 31162 15758 7743 37883 523 3029 5646 5364 26540 20759 11898 878 12593 4991 17600 19911 30218 29852 32926 18032 21400 8098 27285 35971 34830 31201 39754 7759 2092 9197 11566 20750 37151 9478 8972 39934 35911 7349 23125 13330 28485 15712 26931 20752 5668 7334
21588 39806 11349 25620 5806 28124 37478 39534 19860 21622 28954 5763 15244 17180 29713 38150 20323 37519 24242 5645 33246 37830 36541 33657 171 30233 140 33860 1454 10127 2118 30072 22248 27891 17809 17962 1241 39296 12003 1547 5416 38681 39217 37932 31249 38409 28280 23592 15388 12575 38495 11498 33172 9857 19394 11632 38361 25455 36776 30599 36544 24483 37391 12436 6889 6053 36187 36410 1257 5293 19962 3111 2266 39920 20330 4805 5707 20891 12304 23610 21207 36783 35318 37013 24117 16583 37880 28706 37096 13851 21367 15700 24704 31577 6388 2813 26534 2064 32170 34712 20107 35075 28812 23545 10517 23188 31823 10965 34547 34915 28229 3430 7283 139 8880 20101 25644 10095 12456 25684 37144 12991 36146 23852 38650 29417 15776 6093 34174 31141 7736 17585 29053 17365 12833 21450 20091 18396 19179 37399 39325 34015 10276 16690 3413 14173 37868 32408 28959 39961 39924 30507 17993 35181 6849 7250 2698 26157 606 35025 21744 995 36618 15698 1555 25550 19125 27619 8975 23201 38564 14247 38325 20715 6057 37887 36906 36419 23756 17707 23490 6084 18863 35202 12789 5493 4300 1074 11812 31331 13069 7131 27841 4502 29862 39448 37682 14635 39147 11991
7274 6831 4582 3725 21757 1720 8661 19698 32923 10145 20305 6192 25512 11086 23881 4406 29050 19764 19345 8406 3975 18272 17720 27256 33380 13183 35231 27160 24955 2231 20052 9313 36680 18847 34991 33294 7139 15612 8348 38512 25618 25270 34531 28921 26400 8695 5817 22531 3494 37856 18463 23560 21548 32644 1089 3049 6899 4852 32892 7413 13401 26449 20812 35027 11534 28675 32908 24276 36683 16863 8065 22413 22568 15692 29154 2419 34562 1917 12675 13536 3727 9349 31316 34391 16787 30366 21578 9259 12174 13529 16264 25174 9941 22100 18003 3069 2575 12353 4325 16575 33216 33307 8658 27362 2436 12911 2854 22272 16308 11236 29311 21453 17879 22318 35977 3941 19642 36166 11642 34325 2957 10329 39861 14672 29649 3752 1427 21680 15594 1441 17278 39388 16510 25006 31259 24368 19472 33277 18303 4359 29107 2079 15454 20300 19249 5332 20845 15364 20848 26458 11900 37086 36485 34365 18363 18888 3491 17736 38804 754 2884 17570 28045 19379 34326 22361 15468 13685 2299 34100 19969 18602 28535 13831 32917 5630 14559 24285 26556 10170 30774 19800 611 29413 15919 19414 13100 34087 20976 17052 34877 22437 8623 292 30590 2704 35901 37363 2750 19686
5640 23805 9402 25782 3734 6802 28516 32861 13058 22524 36384 23764 7210 17141 32342 3890 1445 14397 14965 10229 25625 29057 13171 2337 26217 23502 15599 21828 21895 30487 10047 29199 24376 22030 2067 34265 7978 10409 26398 24447 9965 30802 19332 24119 15498 8067 9063 17142 9925 17306 39594 26905 37885 20506 18289 29701 5399 11257 31370 27178 17777 16271 19302 20871 1395 35672 445 30744 19937 14871 6737 2681 23770 31703 14060 38030 21735 27396 1494 30303 31977 27331 27052 25469 18127 37138 8932 33396 696 10871 5047 538 27389 30239 37015 23651 24792 22722 5449 37425 1921 37877 21920 16996 3615 27810 17205 8086 33436 39668 23828 17750 7551 9976 26697 3277 16695 38500 12070 38264 20986 5944 30640 32123 2421 31932 27712 33021 39334 23760 35588 439 7740 25840 11312 2232 20785 2595 3594 7604 21945 36963 3360 2787 17046 18927 7781 35882 26386 23964 38494 35657 17888 25992 12670 25851 37361 25252 28667 15300 16301 18620 37105 33620 3343 9242 6272 506 9241 11857 37092 2169 28794 32528 29299 30776 6678 18464 5921 5976 28617 9387 8941 3338 25718 36357 1960 37148 14317 26421 28575 25495 8669 298 29906 37860 20386 17902 6243 39213
35333 18739 27537 5997 3041 37772 23998 34939 5340 38408 19500 20385 31060 28085 34063 38372 21009 7979 5262 35804 4794 10102 32055 29355 10554 33759 18921 31461 4725 21198 13653 30648 7020 11550 16224 26035 35130 2007 15110 14311 15077 1997 21462 2124 3279 17281 27252 19939 1694 27111 6437 16853 37570 21573 3389 33958 27591 2695 38421 9074 25735 2268 31174 16632 8503 1740 37308 1992 36129 5196 18413 16131 37639 6228 5746 29737 36741 34886 14819 10661 7831 4017 7059 17118 2457 14404 27258 14395 10400 15931 8470 16544 9577 36754 19958 33273 14485 8699 38834 15543 19932 19104 36848 310 5946 5701 6393 37838 20837 35490 34523 14089 30484 35512 22558 18522 39822 8340 8635 19189 12082 36780 21707 30692 6011 32880 7002 16008 9731 18380 14413 22488 14629 30464 2411 2005 34017 32243 994 13305 27427 20379 33799 28321 16995 14071 1504 20160 16038 4421 33445 21549 11158 35054 24233 35546 11746 28174 7093 18978 22696 1450 26773 15425 9522 5121 26240 1517 2680 33152 33356 32420 13613 5118 33679 8865 2625 16700 17569 31395 23191 13837 14327 12468 26598 24215 16212 31769 13628 36360 5733 25508 24984 33220 18472 21128 36841 2960 15929 31785
19669 25440 38329 39821 20135 6303 19550 37754 37099 12122 15810 11237 6967 16027 33361 33411 22824 11926 6498 33037 19254 26628 11624 25522 11076 34013 16948 9536 23485 5872 18716 39414 14381 13150 2585 31382 30326 1359 34984 21621 31449 18676 11908 32687 25519 21976 16986 27120 16686 25855 9809 2528 25858 8242 16776 33267 10196 34675 2376 8011 27753 24109 39085 1743 3320 8866 4224 29122 9659 13736 19313 12775 29797 28731 12162 19901 32115 28075 39056 36256 5890 11964 26985 13292 30325 7094 29873 25502 14461 9196 23157 29467 23402 6402 21968 29465 5723 2397 32403 10810 21202 9695 21350 7394 33381 26531 32633 4948 26767 9188 11192 35432 3778 6141 2656 31337 37961 25764 19943 22226 35163 27237 24708 7013 23544 2290 10097 14469 36406 21483 16064 23910 10938 795 23355 5831 22745 20480 34495 17861 2626 19992 4565 1164 30321 2563 1247 37195 21765 33305 24212 19228 340 12687 15310 35907 34335 15049 5586 1549 8643 10860 20074 36512 37484 18355 18420 13026 26547 22345 35355 5839 39572 39759 34452 37729 20770 12253 11310 26574 36910 14415 12607 15422 11019 25052 13443 10570 37565 27248 35185 20819 599 39241 6826 17775 25106 6736 23566 32787
35881 20794 16839 39028 29661 39638 8604 20974 24566 11247 18630 15924 5468 39954 20446 13633 6486 35577 32813 4100 21889 39672 6955 1189 821 18554 6205 3341 34261 28834 2265 30101 17061 12177 18019 24636 26027 3829 1047 18249 14620 3180 2596 253 20410 13745 3620 29741 7246 18285 12469 31106 34238 24323 4949 17107 5657 16426 10096 15614 35438 30316 39723 5807 23373 32946 31006 30740 5562 19285 1141 35199 19400 20863 38689 16098 38250 24873 25098 7465 34107 10383 5111 13507 4460 26304 16729 24032 8433 27990 23528 9548 15624 22232 11848 22953 6624 39356 259 4308 34896 2006 26366 14363 17598 25336 10175 29034 36993 28671 10337 10791 37025 33948 35493 23834 39014 20225 9757 28180 14865 28379 26484 24680 38658 29149 38304 3709 25906 19863 8173 13983 23801 16719 38098 2410 27017 39614 23096 38710 9186 11647 392 24818 18220 17723 21232 4534 18311 34069 19790 28440 16091 13528 6969 21049 7891 17699 19356 12246 18352 20856 7247 34166 21467 6038 13006 6884 39566 11335 10113 30661 37479 6087 7785 11547 24637 21094 5269 34941 18122 38557 31960 29461 13424 27738 36342 15212 26044 6520 26452 37270 32841 33932 15621 27638 6174 9851 13809 4486
35563 33003 22041 28574 29543 33696 34030 3064 31939 1011 2615 8032 39055 10 30834 34476 27899 13995 11073 6254 23449 30009 39447 27060 15285 33167 36415 28013 17849 7739 1636 16790 24775 36267 4939 10468 25344 30286 11575 33149 11669 28745 5245 35965 20144 25780 29882 39034 25163 19032 24407 36742 11922 7237 34195 3254 2509 30517 8155 31447 24396 39675 22164 37059 31304 6989 11775 34825 2799 3477 9727 4528 23861 34051 7731 30883 33198 33614 18872 39549 10970 22311 33022 16452 23359 31721 13521 3429 22292 32117 20008 20619 37979 18282 2511 38646 33552 8475 32110 28028 12099 24218 6195 14495 39557 3478 15841 33449 35367 32979 19811 29206 21260 721 26048 13948 37982 29326 13971 37137 20521 15697 20546 21503 2497 25139 5659 4283 30960 23200 4309 19908 3948 6170 16310 19884 18021 20984 17999 27443 26193 15028 5425 12313 4864 4057 38331 22194 27916 31971 2435 9166 39782 662 8633 37020 8757 2770 32897 19057 39510 10044 38306 14599 15862 26902 35992 8404 36999 10224 20398 1209 25678 1812 34072 31480 27021 13641 17848 19319 21104 17592 27339 30198 3419 31338 28748 37358 7476 11386 27213 26497 3468 38048 30667 21906 15720 36837 30997 27071
28448 37328 17484 8571 32001 11836 6644 3147 32582 7770 39602 37324 2692 11952 13202 31863 32764 15308 1162 25195 29480 4905 37213 18373 5312 24293 23080 7649 852 20143 14685 30345 39240 13852 9118 26450 1094 32361 3899 39340 23532 18462 16204 16197 10964 32191 23071 25402 2140 27275 18898 8271 32552 28003 12260 30838 27484 39456 8943 14420 36561 35729 8709 19224 6825 3122 9345 25033 10806 8920 7843 37908 18535 14100 22769 6739 7156 20189 34572 38513 15290 39648 16207 27348 31954 20680 9143 761 4907 2180 15259 197 30350 24164 10612 25856 7895 12195 35903 22854 336 31660 4368 1801 10975 11813 26111 27833 2285 32288 35040 3537 7587 39408 23806 9520 38354 2606 22013 6512 37084 13377 24733 5927 3372 4753 4253 23619 23333 24424 6204 39887 38720 31913 14793 5135 33309 8878 34714 10967 27617 35807 27453 33398 30864 3891 24459 2716 30357 16553 18848 25226 21487 18237 11727 6666 21132 21570 2302 24831 14980 31868 29067 20881 315 17763 27848 3308 27456 1210 22610 1938 10364 22440 22915 29477 11148 21630 9183 8359 17324 32963 1177 13391 8908 34185 15771 28159 1489 24208 36818 6372 13545 24172 33045 3629 19938 6659 17513 14953
17010 30793 38526 14584 14350 18142 2353 37036 13325 16458 27540 37164 18448 16074 1030 17421 31062 4328 31730 27473 29216 37525 36365 8774 5748 25818 12922 22877 23611 16906 21729 23720 32654 16650 36528 22167 4444 39255 24430 29956 13072 26573 22706 13376 26662 13368 13883 28256 29439 13713 10449 27168 8625 11167 25438 8157 33086 39070 16997 3733 25715 21140 21092 11321 4292 35344 31437 17259 32205 21008 15580 37255 37832 14497 33470 32387 16490 13269 6247 643 34729 15510 35759 25100 28891 8417 33616 17478 25595 1501 10589 15140 9086 22676 5909 30756 11489 21147 13081 7066 13140 37075 9491 26382 8806 13119 1261 27055 342 28584 31154 21792 15652 13114 2485 24358 3011 20642 3165 3682 28347 1533 6583 217 1884 18109 4793 32293 5372 7116 22478 2418 20487 1543 5791 1052 36249 17805 1203 18985 26416 3963 24718 13361 30305 10148 14175 12734 23464 7523 3943 39951 21552 25003 36667 11256 36982 31176 35647 25699 27354 23613 3449 18849 24389 8641 22678 30738 11985 37265 26158 38240 24910 15076 3072 7346 29561 38145 33219 16044 3798 18962 3539 12984 16994 34903 31063 16165 39651 24024 19670 29444 6096 16560 4482 11238 34474 6543 34633 25124
13674 30868 38962 34472 30536 17836 38924 6676 32733 9152 6324 6351 17671 26597 23199 24575 1479 26538 30532 8446 7263 15371 39879 14681 38768 9154 2178 9969 30064 28502 33821 13246 25973 10587 18258 9112 4870 7271 3665 22791 14546 16361 106 8477 27225 10230 12859 15090 21701 12828 352 934 5079 39984 27923 19854 25817 14913 33754 26260 30777 29075 38620 33551 34634 33043 10805 19779 21390 15254 22834 38905 27367 9668 20076 1248 8539 19176 7342 3728 26879 28010 32244 394 11124 11230 3767 12699 209 3063 35869 32741 23295 17972 15813 9733 2760 11526 10892 9726 25222 32414 19906 399 12067 11879 4723 35480 993 20602 26894 3395 25063 33579 28359 23456 37191 26333 8546 34670 12585 37453 2691 1214 14095 6153 7927 27455 32012 26913 31958 18870 5994 21992 39492 16274 14810 13810 11494 31827 11780 39596 33576 28573 32921 10469 17101 24681 22691 10521 15744 697 36760 19463 17539 33113 3321 28394 30613 25027 5376 1167 34548 28184 22642 26348 37557 17837 15091 31551 11968 22666 19310 22622 31469 2955 12297 7694 9512 22497 31136 18628 36328 18931 14751 38796 25615 16317 61 3104 31265 36438 26829 13632 36778 36749 16075 28601 6579 11056
14583 15268 8977 570 30722 29132 4575 22500 25439 28282 35486 21759 39135 11404 5716 4067 18151 27681 4463 21572 25765 3939 36673 18568 23627 33969 34682 7496 29200 39978 5374 35138 4131 3598 2889 8258 33120 30146 33585 4731 21431 26446 1714 7597 39403 5277 18085 28417 36428 33872 23912 7325 22108 12594 10236 10428 28053 17451 2312 1613 2839 28346 9620 23066 25128 6850 21914 12464 37402 11252 9503 25628 29959 36716 2711 28155 29613 15316 32618 20870 12059 12958 18908 31440 31685 26739 33913 20461 13678 7359 24755 16121 9508 29131 27139 17945 38121 31111 29813 23636 12837 25259 38072 1401 1681 15534 26439 36310 23841 24230 34309 6359 6409 8873 21887 22563 39660 18796 30543 39824 7761 1675 3263 10546 2553 39483 16138 5873 36377 14243 19219 8339 16573 16077 396 35945 21864 14384 14387 21138 3880 7148 16524 24660 30792 22125 20263 25748 14831 23445 14335 35243 4357 34775 26489 35799 22741 35803 5812 31375 199 24020 38984 25634 36722 11301 4821 13080 27006 30913 6836 31789 16406 15566 8431 35149 15165 4512 5955 14710 34892 23734 31675 21632 8543 34871 37893 30330 814 36648 39581 8176 4960 9159 16266 2057 32322 38538 31745 32530
12806 36289 35352 28162 25540 5728 18254 28006 27383 9700 12936 13506 18820 4409 7833 8976 11083 15097 14114 19983 30175 35792 31434 36294 22671 35624 26520 38503 5176 14986 28970 36276 12314 23253 27449 29353 20927 17498 2959 24864 28654 26054 31908 34205 26973 28622 20347 7734 24299 32107 10983 30327 24379 23911 38697 33900 10527 9142 14104 31099 33950 17880 3207 7273 23749 17356 21676 1041 28451 2125 7339 14756 32519 38082 15657 6133 9698 8448 39729 20348 24101 15120 3534 26505 24930 2160 28870 4597 9487 23160 16529 10996 8165 4573 34804 34785 16722 27098 38935 114 12746 26004 29971 9504 29078 62 15918 37778 17338 38180 28406 39983 18046 31110 9181 21327 37873 31831 3892 32919 10713 33183 19649 38493 21030 26197 2785 17371 15423 22667 11513 36922 39186 415 14521 31292 6830 6499 24820 31892 39829 25082 10869 21831 181 30224 3018 28636 37492 18201 9419 31541 24674 11100 28091 3820 9209 21173 29833 1838 10384 36371 27668 34851 18946 25783 10832 23577 24746 36953 20030 34693 39280 24534 5454 16488 6741 24866 13389 5064 16634 25328 16778 34573 14568 4558 8856 10159 25837 3732 39444 9874 38387 6600 951 28128 27845 27141 19736 20892
18855 18278 11095 20015 20497 29124 2010 15174 19420 5878 18764 22578 7575 14041 24871 35777 12100 26635 29659 6775 6867 17538 3958 8654 16957 3512 12516 19720 32079 13571 12437 39082 3933 32220 23001 9384 26984 30580 36450 14377 10336 194 22095 25323 18536 23236 39114 9671 22605 5863 27962 6507 5813 34720 19711 12652 19777 33781 6542 3128 34451 13156 23867 6026 2373 3061 18354 36893 39068 21080 17881 3922 38850 17818 37671 28020 36367 27731 22449 21098 13998 33157 36072 7926 23584 9848 5044 9079 11132 22863 35292 37734 15549 27101 4147 369 3652 9150 21544 34212 20569 33731 35603 21612 10588 6776 10027 24615 1645 22315 508 17928 28627 26227 12711 8957 11179 9226 23436 15729 12728 16723 5335 24173 17936 2818 39442 18720 4058 38730 38364 27306 8263 36786 13882 21961 30258 29667 24865 3957 39558 33756 11477 3450 4769 14448 19637 28682 34339 6872 12934 13077 3649 18507 26978 35725 3573 38954 8091 24103 4146 16177 6482 13021 28582 20004 15858 35946 32264 37531 5125 8591 34673 19086 2640 29223 13075 12545 33642 39274 24319 4093 5016 16998 35148 14503 489 2552 14764 29126 7973 10850 21235 8097 26221 16047 2350 24411 28012 1006
1941 3901 22324 8851 25983 1056 25537 11286 4596 20784 29412 9795 17507 13399 39457 27719 24102 2257 21804 19378 29528 23990 2948 37583 16751 30514 314 14824 36125 20346 2763 34564 33102 25551 10217 33498 29374 31933 31602 16711 21924 33887 6072 1221 17375 36047 36016 7813 23798 20078 8934 3874 17918 16399 10437 27345 18486 27928 32641 1706 6901 9291 27494 27930 30393 35488 4296 22034 11007 22968 30140 19212 19987 35447 15085 17915 16692 18436 29021 17609 32127 23268 32531 27335 39157 24709 23820 31204 37460 36599 30501 11356 31197 13595 27423 33184 16051 20412 7162 2133 8078 12557 28093 28055 28238 24260 3173 14062 19269 28913 33689 3113 4673 29359 1689 2660 2637 5724 19747 33341 19258 35449 11769 9579 7893 27199 308 14843 25142 6387 35188 35819 10838 30857 21516 19587 36057 17785 14152 21443 26679 34771 824 34034 23686 31776 26542 7626 20333 9042 3276 5781 30586 13976 24297 14174 8728 3386 5359 36946 14167 2617 9180 8102 36663 15950 31659 11801 25982 9205 14907 21501 10963 9443 34144 23967 33810 26043 34898 38988 15801 31767 35404 14293 31163 21122 26374 11804 39977 38871 37653 20082 39379 13037 36447 5789 22114 13501 36394 13107
2780 35283 36746 22481 25785 11111 10623 4076 31208 9179 38793 4135 1685 10107 3917 1064 35765 5672 16216 39375 22979 19801 9599 29361 2535 20208 22252 26164 39578 13996 24640 23163 28371 16337 37871 32703 1474 37200 26695 29645 3319 9658 35286 16798 25688 22811 34082 1455 28225 11208 10264 5169 22475 11608 5395 23165 11784 25733 19047 29349 23665 20763 36296 29570 3848 25626 15456 7708 32510 316 9640 22635 28771 19190 33244 38117 7269 31826 29876 39519 37968 19260 24490 13830 39145 19554 13491 15755 4129 14306 20046 30542 8692 20833 22541 5968 28382 11290 38277 10642 32228 24619 30892 25538 29783 31102 3885 21383 15941 21931 5498 17075 23098 12752 11348 35925 7542 20242 38427 37643 37141 36104 10342 6835 28164 16655 4971 475 6212 17238 17661 19565 22403 15070 28096 6134 36929 15922 15276 12526 25482 28149 7949 33348 3627 38901 22283 34177 37578 2767 34165 1321 8610 28611 22228 8119 39404 5068 20990 34489 22816 35728 1349 29172 19954 10849 2731 13707 3720 26295 34458 16672 31729 4623 33196 32263 7363 31686 17016 38738 37214 25049 27968 4098 2468 30506 39777 7956 34446 27881 27680 6399 5285 6606 28802 17884 37561 18174 28116 3000
26199 39244 35141 5137 18701 36829 18706 22170 7426 23685 3163 37333 4755 17018 11385 2831 23276 3101 11735 20178 21856 36463 18926 16025 2737 26509 11960 21787 28449 37440 25670 15328 37996 34281 6847 929 9980 19344 4338 35909 25279 32705 8282 9201 15765 14530 7814 36720 16175 18269 11031 12665 15369 20593 37690 2613 14691 12548 10747 7777 32032 9449 20816 26521 28607 34039 33941 31324 12700 2549 4868 7096 35617 10484 14011 18593 34688 18335 37629 12807 12395 18679 36399 23228 28850 20712 6918 10540 26032 4000 17447 37244 14845 13332 10507 23693 38442 10510 3266 26524 24809 12716 24764 11210 27353 15972 32442 29255 7006 202 19872 27402 17529 34305 13703 20518 34730 4212 24163 26023 6348 1683 12160 5150 29325 36718 32827 39409 34949 17273 15390 25066 13762 16242 12301 18744 31415 5777 10446 34407 38256 24466 38778 21267 34965 10071 35854 28107 13216 26340 7728 24007 19749 27948 32657 19497 39398 1535 17054 24169 20274 39378 30761 38821 13675 1697 37989 29415 32765 38947 7432 2841 28489 21162 7153 28044 27609 29301 502 15216 12762 16178 18194 16090 5837 7783 434 28218 21891 37177 18509 8104 7419 31878 24219 21694 29708 6211 22763 38709
4014 1607 25680 33404 32889 12679 8502 6562 37421 9986 10498 27030 13040 11145 26807 2114 19242 18330 35180 19864 27634 12868 13055 57 6527 39516 18747 7607 7473 31030 6426 24084 26324 30157 34655 22267 11098 38530 33936 20652 25659 889 20954 31784 3199 38443 21574 5471 37418 586 39967 246 3012 510 12077 875 25877 14504 19027 26934 23474 21031 31943 18011 1811 13388 15818 28 12132 3471 37786 24373 33354 11577 37937 28362 17015 214 16413 12023 38320 32902 17228 12270 21439 579 3178 8575 36261 483 32475 20095 24803 6456 6546 22616 32219 33147 15019 3112 4071 19354 3586 38961 7119 34369 12298 37806 23122 20570 24063 22703 28685 20235 26269 34900 11036 10742 32371 27504 26761 31424 36121 39077 30437 33392 20097 31695 19923 36364 9147 38262 30295 22718 22335 35509 5910 16521 28299 10070 13355 8309 24669 34961 30352 23853 11306 39765 34787 28890 6992 20765 32549 26357 1939 20653 35678 13469 30495 7008 17248 30700 14901 8201 7111 29314 19503 20549 4542 29460 30230 33443 11016 39739 16667 13546 15170 15925 2395 10261 30742 26205 1329 18571 36992 12279 28239 35810 21575 21771 29272 34500 17621 39216 26965 9195 4894 5281 26820 11364
10662 930 11930 22341 29221 25613 11957 281 35380 11067 21749 843 4332 3564 4312 27189 6868 33310 1976 20995 2604 7673 3774 4915 26673 27960 33242 5138 20073 8144 35465 24322 23695 31570 2536 29881 6604 38975 21014 17517 7146 18576 20515 33421 24488 15761 35430 7117 30485 20775 15424 4766 39468 30139 34758 36064 33448 38147 29357 14867 20924 8231 21674 32050 23542 23821 21720 14730 49 7788 22895 14792 13237 16435 16931 9221 31885 20165 5796 27260 6430 3843 3403 1053 32349 21430 9553 16202 15229 1968 29825 27220 20187 16602 15727 24288 9222 3781 33461 4786 27080 25945 38644 21642 36692 28585 26938 16720 12953 30901 9304 13917 28596 15792 11358 32973 39545 13211 24142 1382 10566 33208 35571 36362 21432 29586 36747 21709 2843 1429 7677 15469 22765 36990 26140 20864 14111 7660 8758 12449 12422 16186 4635 36341 24357 12391 20361 10599 28163 8349 36994 8554 19235 31289 35831 34282 12126 2722 22818 39609 3010 17055 30775 18600 20219 18871 22080 32144 24416 13223 23320 1678 14368 24766 25559 32362 36025 4186 12343 4916 3364 30974 25944 32718 6882 7637 4077 14035 5573 28534 8985 38200 2942 1340 30480 3809 5464 39016 31467 23786
20164 25766 18279 37945 31288 22547 31652 10592 4321 278 14935 2058 39654 27718 30237 1659 2467 1926 8812 16352 34272 16848 16801 8797 35410 6772 12826 6864 30644 37508 5536 22873 2748 3257 36939 7 8565 17402 23433 19807 16338 39251 24783 8991 1364 27686 3853 6259 36430 1764 30164 39956 6691 32610 26129 21755 8108 3447 11334 4662 5378 20803 37928 3037 5617 39894 11753 14409 12285 7837 9964 28147 27309 27193 6897 13838 8075 9551 24552 418 31815 32875 11110 5046 8466 29725 22107 6418 38385 18834 517 22898 828 20623 1746 21018 28721 14496 8681 29304 32863 20949 25755 26755 38297 6827 24689 38116 18140 22023 13301 38085 10208 39426 8834 31839 546 38434 31821 5945 28917 7756 32440 31217 31607 19603 29628 8789 9937 19626 24720 36943 24066 8432 8596 34042 36835 9332 18360 17203 18060 32015 6024 2056 32556 12974 32401 2149 3838 29688 26146 11437 3951 35295 566 7189 18045 33814 14275 30402 3556 33855 11444 24496 34143 25314 30984 29350 28151 23428 28106 1942 12393 33066 19491 36849 3024 22615 19096 8058 33523 18438 17433 30119 28083 22429 20606 22256 4096 13868 38518 9981 36000 8037 12865 19185 20422 8761 10412 26674
39418 3181 5915 5956 3174 18573 9891 28410 6453 15703 33697 31788 31840 8719 22276 5249 6476 5478 17703 31500 31351 36110 35187 23916 17380 5718 37783 29155 21273 8486 28926 38152 11423 33170 20151 39411 19432 22669 15395 27233 15521 35462 38289 38508 15313 10670 21725 25388 9608 11787 28109 37217 27246 39219 11341 20728 35809 22441 10635 105 17659 18342 4880 19913 27498 3454 25141 14147 26171 35717 1583 19756 25922 4875 31942 9189 20181 511 3920 18479 25876 13128 238 28632 21045 23993 10628 21120 37617 13788 13329 18661 26917 31318 992 29952 13951 5590 32538 14692 23737 32033 12250 19924 17497 32559 22727 7552 32350 34496 37580 9270 19769 14004 15901 9260 39029 17429 16768 24437 36220 20635 2193 5964 26614 1924 4323 1729 37409 5041 36452 9230 2454 8239 8638 7645 38455 16040 35630 5067 850 5261 12388 9430 12133 3488 15414 17537 25754 38248 23791 18427 35582 18821 25293 30605 29732 22333 1346 26949 38723 10073 35098 8046 85 11743 35108 12805 34453 15611 30498 9120 13631 16151 27182 37773 33395 25664 14230 10002 2347 30411 5035 37132 3544 20098 10934 5412 21858 35273 29473 35778 31059 4622 34152 7666 16133 18172 5637 5952
38143 16106 23534 16935 21399 20298 5453 1383 3825 21888 2952 8134 29083 21700 24932 23714 1211 12507 27525 25460 25463 8945 63 4273 11791 33245 39595 17191 26871 36141 17789 21197 11792 31627 5540 32489 16523 12559 6993 34003 15646 18119 18984 12946 35104 9971 36797 26166 28422 24837 13559 12156 17893 16026 25256 661 8255 12197 2132 22076 7655 10386 3928 20651 34343 4917 27221 33124 20011 27966 19706 25565 5571 3008 21597 17037 31507 31782 35086 9546 25839 12520 27245 14017 911 9850 17065 11939 19845 31972 31034 36642 458 39319 32309 33718 24559 16150 19396 4720 39187 31966 16344 8293 22948 16704 7123 33383 32348 20628 1589 37454 15317 13287 1574 8428 28066 19141 1304 31594 14073 16630 34955 31495 391 15672 16603 39982 9825 17583 15860 8420 17919 34855 27937 1951 17987 27289 4942 31895 32266 37881 19870 14677 28503 18942 28130 31190 24557 38321 5597 4665 24694 22865 21096 27796 16205 24082 16925 34811 32017 5073 9836 4874 36363 39544 21021 13206 2533 7353 36904 23324 5126 16528 28674 28123 3799 33444 15037 3108 1163 16357 19631 28387 3418 35572 11092 9662 39852 5240 15723 26442 9800 36710 28452 26945 18203 10000 22049 1172
19644 21770 12427 10994 5483 3840 34807 12338 30642 11183 36135 10772 39647 28380 34879 24107 4420 22059 11859 14657 19904 36490 1405 34626 7202 8988 8711 33796 29440 24381 38713 1277 25931 27769 1758 29376 33231 23639 22494 1600 9943 5560 13649 6454 20491 11745 29055 34952 30338 36886 17878 31778 34962 12803 2863 27740 9518 12182 21177 15430 11091 361 35038 10220 29045 15393 11686 13537 29893 8816 37342 6877 9404 33034 33209 12281 20222 32932 12044 26586 4079 23865 372 10019 33610 22278 34757 39317 34863 17980 18912 36701 7099 19248 1424 24083 10006 25999 26202 13985 9712 18623 26670 39701 34443 14908 32397 10255 9148 8299 8000 10870 7500 26686 20275 2503 27627 38208 28202 2740 1603 18632 23090 1990 22015 16059 34466 14565 14548 30609 6189 37743 32113 28315 38183 37919 27863 26073 33795 33897 37330 27522 10954 27853 4330 27839 14606 35468 18459 3 13169 14815 28233 29623 10960 2271 8208 8142 5922 15462 23256 19252 7402 34656 12767 29441 20040 15321 20922 13912 15303 11411 19793 37045 24499 27798 22988 19412 25115 17472 26998 155 29823 3761 25650 26619 20779 34694 13293 24034 23793 71 35144 20732 28892 35890 11807 32375 38125 26868
24202 11287 10651 5655 11170 16626 6321 39096 11382 1826 22464 4299 23363 29504 24794 21029 35308 11614 26341 4734 11398 10031 24923 456 37295 18520 29071 29692 8514 12349 38343 9039 5119 13955 20738 19734 13345 9714 12505 5420 26554 7065 18294 39945 27947 6023 12967 25683 16861 26765 6957 24341 6199 2028 1063 25984 37849 21412 15678 8589 35920 5170 32905 39078 534 14385 36216 16563 16830 16456 25364 21395 1242 14642 10862 26130 17403 24043 20762 23412 34770 16961 2502 23195 7209 20170 14301 7960 4465 28126 23012 11941 32927 12556 34705 39262 22400 17442 28231 35516 11511 32704 32667 11202 33447 4035 16950 123 20980 2473 36175 31694 2349 14332 23569 30587 26064 4617 5520 33743 18654 8439 14854 5320 26853 30468 36154 18695 2490 17263 4812 23028 36335 8232 18161 19810 8903 28330 3595 36304 7502 32736 39525 13638 33790 26291 7503 31 7917 6643 9816 1577 1109 16841 34480 3989 4483 11748 10112 4247 18650 29929 22857 9458 1232 4934 11431 39658 10634 15852 31869 1980 25926 1779 33813 25327 8853 35279 13940 866 33826 8054 39225 32476 7355 17295 37903 33008 21247 10153 6636 35159 26046 26610 37293 6987 14316 6930 31140 28872
38319 10998 2388 7605 21703 25277 16803 27378 37370 37935 11198 8876 8148 34213 3349 26718 312 1671 4733 4251 14189 26363 1471 9298 29763 16351 16070 11165 3646 32177 27659 13337 6859 3687 32447 25340 37085 33136 35991 15275 5381 21317 12605 33131 31558 16188 7966 7159 36815 15348 4902 31962 5058 22142 19186 22924 36965 31319 34536 10246 3831 32811 13832 34578 11234 6920 29734 12491 1972 9134 2588 30148 22120 14772 28780 29407 22070 23279 32259 13468 37181 27978 33030 36565 18895 29015 24350 34316 20134 28211 7078 39413 25104 21176 30253 16847 27034 30728 22431 14272 15399 623 39120 2992 8179 4857 15116 14337 11305 19157 37844 27270 9285 32162 12750 16234 10726 31490 35258 37775 21602 22019 28837 31327 38403 18344 20335 10493 19514 29755 29858 29527 18356 34947 23582 8811 17068 35153 22986 10514 6044 14749 14738 36987 6497 11951 32961 5029 9535 603 20795 5250 31105 31165 20875 19198 7656 26040 36714 17786 9644 7240 16596 19490 1797 27091 25696 17267 26656 29500 3193 37974 7514 4415 13568 23946 39390 29981 34441 4531 12215 27132 2367 4922 547 11318 10608 32825 9767 17386 26678 34005 26433 16971 10053 4175 22719 27341 38401 27907
28603 3692 31275 37001 1872 32563 26570 15185 26179 39941 24736 30467 1192 12703 12938 21911 35136 35530 32356 14794 37004 26330 19292 7921 9328 22704 27892 5957 38323 36053 10596 25376 6715 9791 13167 25164 12430 24175 21849 16275 10789 11701 3141 15671 19113 2771 3465 23411 18914 19145 20600 7151 21422 21519 38927 39031 7077 39171 16244 28885 38596 26754 37841 4906 33738 31067 38893 19162 32289 17163 30254 8848 30042 14145 39100 25218 21435 25711 21358 7566 32768 726 19483 23578 18733 27334 8252 23757 3522 12398 15233 22910 37523 4757 22407 19726 39565 35710 32462 4873 39062 22493 6115 11268 31865 26910 35215 16115 29455 8129 34156 13747 12627 14037 3693 25210 724 11742 31797 19624 39641 1147 23731 19126 34033 28528 3608 22420 17869 3333 26757 28491 36355 5602 17193 35357 18943 6092 8106 37395 6371 19596 32201 25772 16548 14282 34340 23252 9385 33304 16018 14121 22573 32455 9842 34793 11478 8763 1136 4624 25377 13286 37644 21321 5048 503 2012 35884 24586 16065 19035 38523 15688 10576 11682 31536 14627 30289 1559 34687 25732 11612 13630 11741 8718 28080 16296 39786 8177 37999 10453 15843 18587 2146 26953 21982 20542 4537 26895 39832
23564 20117 17461 14148 13422 25134 1226 7725 34926 30479 33440 210 15695 14295 16482 34514 31037 33602 39532 7504 6702 28062 10160 35282 20615 21551 10088 11814 33898 9215 473 21039 30589 31242 31473 2679 34928 8246 30619 30535 21203 5788 28874 2714 26987 19188 7576 15080 15106 39287 23354 31635 15669 22901 10166 24728 23323 37279 22771 11426 22073 24426 14349 3700 5754 6226 14510 25637 7623 29027 22368 2558 31631 16292 2764 36248 33801 26922 24611 24027 4419 18423 29704 32814 28840 36627 29025 16780 2470 32697 25025 18867 10505 7230 15271 2685 33931 5353 33789 32221 30533 9012 3169 19837 9224 23224 29518 2774 38982 4740 16235 7088 2096 8055 701 35142 16763 30989 7098 32524 15706 1831 28265 27829 1955 39593 29615 13860 8602 12083 13770 27826 19206 9363 17210 24493 16838 117 18485 28645 39284 17745 32265 7484 27343 27766 37160 23270 28223 12033 15823 39153 12678 30294 11817 36656 25162 2961 5142 18596 23124 32320 24403 25072 680 19114 13592 32715 21730 18186 17683 2464 33213 38715 32720 478 13577 17853 4180 3186 31320 22936 39871 23142 31229 17471 38502 1858 38018 18160 8063 31712 28639 14947 23814 39405 32710 17503 829 7527
12947 30978 11712 33695 11122 15294 6642 16767 34105 6386 10581 8600 18693 4551 22214 18340 21719 19555 22387 7618 22131 6429 16904 480 13028 19833 30818 32154 21496 14777 34312 37462 13901 17606 12729 18006 29773 8164 39291 38505 7577 31670 26714 32735 35709 16533 27448 7934 38811 32975 2047 11885 17019 6675 1001 2080 6532 23303 14835 15215 28537 10972 22559 12360 28077 6021 5818 14670 31074 1986 16391 27720 29324 9021 20124 3672 11051 37769 34113 38759 35616 31807 32249 12878 35531 29718 27031 9747 3670 31802 22913 29136 10888 36379 15141 28912 10419 28428 19158 14757 3688 37853 22874 20889 21639 27161 32477 37527 23321 7011 4973 22327 37967 6222 17778 18641 791 28634 12706 36845 6459 21421 15192 26915 17527 14535 1534 3676 10032 7443 12618 18393 30627 34469 28649 21650 29470 25333 11675 788 30747 33998 11924 10944 8677 13742 16642 29961 16183 14731 12555 3267 39953 26315 24265 19406 23788 20247 25801 14768 3378 16094 32467 25466 24495 14176 2396 13925 25157 22117 2074 38377 18594 12065 12466 14695 4998 15453 24590 16721 17546 38233 15536 9953 4602 6983 7915 36737 23504 33541 38151 21186 12963 9549 17100 6059 11047 8278 39845 27788
12189 11599 698 21766 26177 25080 4012 22081 15895 3697 13937 24780 21731 36465 9730 27015 29683 15377 28517 6408 10298 35414 39010 24514 2851 6003 16516 26055 19743 39844 30752 27138 39796 25545 6501 5928 11808 9293 29020 30813 23496 38610 33266 28183 15756 28978 15011 4615 36167 4352 19089 23774 34721 28073 3125 14874 32499 26548 27708 25170 29794 16251 18803 8694 21957 19123 20366 36237 2850 19708 37420 15159 23715 33922 29991 30144 13512 33127 10502 16543 36457 37486 12112 24504 34024 10701 25531 2186 25247 23233 27711 3870 751 31477 17304 12630 32047 34887 39380 25086 25653 35847 13540 16199 15179 6066 12459 30710 25786 26069 25719 34436 6617 29902 1286 4481 737 32779 18087 24700 25841 16436 15428 16428 36169 24508 26969 28490 12367 29611 25392 37763 19372 7534 35970 10283 22210 12163 38388 10231 33716 33793 14357 12604 19308 15909 29140 14222 8306 539 38913 39015 14291 38587 25802 17140 39607 24649 32240 6610 2375 29235 19134 28756 28513 3073 32868 20988 26748 17249 14578 35522 38272 38215 15218 28809 9047 35679 31039 29165 34834 18182 15683 32626 18572 10547 34776 38645 9576 26692 8491 34774 4637 30301 8687 4223 20982 17559 24732 22312
20571 16333 5066 15701 4221 25274 19882 30392 7996 23162 20840 4700 12275 12721 17743 23049 22371 21336 9875 10398 27577 26967 3459 16664 32013 6962 25646 33994 38714 26438 7585 3342 37117 33422 2888 38860 7410 37254 8562 34980 24251 22797 27875 30019 22994 3721 1693 15149 37097 26058 12580 23594 9834 2481 15568 5852 17959 907 18300 5455 15228 31805 36693 39466 25967 2718 22980 21944 14684 39162 30724 14866 12971 25299 15838 4250 4233 13461 25398 2905 30899 22695 28555 6519 29438 15850 17215 7478 29159 4947 19538 6662 7439 36098 29926 16689 18357 9988 34361 5429 6350 22918 39645 20731 5738 36551 33794 3045 9761 22989 26453 28074 23771 19840 5019 37202 20457 16620 3982 20121 17482 32341 17863 36961 37175 218 11568 29038 13459 8583 33771 7555 31051 23151 8685 4468 37654 28203 13657 10848 2599 11613 5462 17041 19270 29185 24662 28963 34434 28565 12209 9093 38829 27685 2214 5191 30307 29810 17004 26892 17691 28312 19106 30257 4010 4039 31955 37091 285 28345 26975 33476 33840 34885 13708 16063 17124 29275 14055 3373 21243 15848 16228 19441 31157 30143 11405 6326 33039 22746 8778 19138 1110 30396 3463 5911 20349 21750 32239 32058
32663 6934 17350 16431 37283 26232 16387 32631 8956 1520 20519 3612 10188 16286 27643 1155 10089 174 18886 27702 23661 25751 16732 14936 3482 10865 20436 38776 23822 9370 19064 2642 13687 14202 16257 29 8027 36119 27878 37366 2730 18059 5797 13847 32067 29894 27277 21662 15035 17033 24666 11088 15237 17656 16527 17877 31609 35704 8226 23624 571 34288 7803 18610 16003 26075 34389 3195 12068 10682 18312 15067 32366 38084 16659 3110 20524 23063 14617 31346 28908 22723 13875 24000 8222 28616 23335 14246 35001 4919 7292 14702 31618 30707 5060 6556 22602 33690 14769 28108 29790 38543 31910 9759 18214 4681 26133 36118 39616 18465 8115 25694 26041 38799 12424 32075 21449 31175 33712 26513 13661 15397 32971 22066 39555 2723 28021 4074 33581 4862 9011 33349 4156 11462 15419 5614 5480 14449 6917 18103 16231 9863 21629 27909 20053 21666 18666 29320 11528 1953 36006 27521 24361 34280 1169 17770 35424 9672 38675 37241 35963 38642 19778 26786 26477 26114 23230 1196 10539 15513 39065 36609 11060 3656 8235 13480 31771 14297 26274 29288 6803 19895 34408 16347 39467 22425 20745 19088 38784 10037 36007 30129 9377 31343 5787 21960 3574 38698 7704 9286
28862 6270 25418 26076 17670 8162 5715 2631 2253 18590 2694 24706 21760 16597 34932 16718 34602 32335 15394 5017 30515 20380 36082 37405 107 24641 22575 27793 12778 32795 29180 37426 1896 28030 18996 17253 7282 23663 14906 6518 18044 29093 19000 5156 16327 38390 3501 25847 28404 6664 29716 13596 6122 1408 31098 1775 16390 3887 1709 11699 23100 9084 21491 37032 7747 16781 26178 29258 35313 16688 15859 25742 2618 7760 19232 31606 31330 9486 9474 3093 37983 27553 34481 26847 12898 27089 22147 13887 1564 30152 10432 19164 14427 16415 26856 22852 35558 34240 6250 21179 25627 26514 11576 17309 29960 30203 25 2981 20456 32178 8597 16828 19277 1615 25996 23334 38157 35134 11655 19447 19485 28446 22546 3821 15114 21472 10427 25123 33822 39940 29839 6235 3833 23299 31108 29207 19100 27063 3356 1961 11002 10594 2810 2669 11766 17602 39946 3540 13303 30390 8265 3788 29610 6037 33471 9922 17751 4434 2916 20128 7144 35968 7993 31188 30632 20241 22184 18866 35853 13552 21196 34734 5330 15637 20842 21641 31352 14923 21532 15640 15877 28072 23318 17982 37337 27932 413 13952 12368 28958 38100 20407 28952 20104 158 16554 2115 970 3596 36060
30554 36948 34179 5202 22332 9932 8418 23681 30932 21953 3328 33416 14847 29028 6160 28068 2141 30888 36236 12509 10913 26062 34559 31293 13748 25420 5447 33071 36681 12406 24455 39130 15131 16373 22784 37854 24167 27910 17895 16297 9015 37121 12860 36408 3298 5943 16866 8978 22435 39310 14406 14537 20136 4185 32962 28730 5409 39989 16114 15577 21380 8268 30520 4780 38068 33287 24236 15939 27904 3797 23604 14149 25443 20367 13094 38617 9429 25168 32019 1627 717 31983 7291 34348 33560 4127 4958 32938 39550 9749 3209 11844 24405 27084 23807 3331 17804 31107 2793 30914 21825 386 11307 21406 11603 27188 16372 19604 35885 35611 582 10977 39360 32565 23314 783 26826 14323 16215 22476 39842 16016 19419 22593 28316 38664 25759 27787 26056 26836 9596 33519 17321 13214 29167 2523 12200 20045 25278 37375 11065 9463 1649 18604 4208 17117 6892 1692 36097 31407 35875 6986 11433 33569 11225 17231 21886 17440 13802 9538 11346 34176 25490 39992 818 34733 15593 33397 24072 27352 17568 5309 8285 33158 3587 2446 38941 12258 38662 604 923 30184 7506 36442 5328 27508 8893 1601 38368 6269 11508 37552 39361 15014 26535 351 37802 2069 18405 13586
2654 9208 32874 4394 16046 17207 1496 36637 12648 10800 8291 36252 12311 8785 1444 1067 4256 18787 37812 20271 8964 33028 21979 23048 11244 22369 27974 9128 4572 13593 29069 23023 10971 10356 10561 34870 31405 33203 2657 30683 5107 10535 5001 9690 12852 20916 11554 15920 2833 15849 26296 13650 2138 15487 7967 25235 9955 9934 10274 20879 3132 37350 26163 14160 6473 9182 26737 2928 1123 27208 28753 1097 27398 30382 32539 33431 30427 5233 9501 17129 10163 11367 11825 2027 26995 7385 1212 12448 38760 3301 14264 16087 36381 22038 25193 20930 23392 27867 39691 16727 10921 8286 39692 37571 2868 23360 16608 3580 9562 34135 25510 6208 6649 4190 36433 35670 31159 22902 20197 408 22587 10192 6149 1865 24676 34603 13066 12512 34566 4020 17688 16433 19547 12327 25022 9014 29453 6356 13721 29630 9160 13814 840 36856 17128 24915 467 7242 22343 39527 38546 4569 39925 30955 38744 14417 21748 20334 9212 23553 25011 34556 20058 38327 4956 1511 17586 27259 19267 39247 7789 6945 10917 36039 26280 14193 34286 30555 16617 2922 19149 23530 18713 29494 36958 25730 34773 9665 38179 38060 25651 3177 19196 33063 17540 15932 2745 33176 10365 5874
18317 3094 9615 39926 10771 39944 26557 2154 7794 28979 18467 33372 8655 7215 20147 38447 37943 5379 13334 19496 20769 24393 33227 37701 12052 20038 8942 20550 24130 10494 32770 36739 21464 1392 36319 18473 25636 22780 13725 2808 32077 17149 13990 17903 7652 13168 18730 7024 19621 21044 25889 13785 38968 13444 38471 24401 37781 5179 39981 32791 23653 2991 23193 27576 8544 10942 25723 18836 12019 14841 29432 29807 35458 10129 10753 18145 5959 12550 13582 16004 23331 1766 13755 13275 15055 4751 32999 25403 639 14858 13606 38837 22710 38809 26631 3699 2665 14803 33148 22136 34526 537 6187 30202 11899 5961 10534 25457 33155 20012 11950 815 36353 24651 32051 39900 20149 6423 9252 35706 10025 34897 16726 19599 29383 12634 10822 3855 5152 2664 28838 37193 15068 37980 27375 8029 31569 32775 27530 10390 5939 34653 22344 14185 22919 35934 14360 15958 26196 9814 23291 1760 38186 11055 15699 37334 27519 1799 12977 36529 24349 10475 34605 447 31181 38258 36530 6014 29076 4494 26762 7754 20631 18813 38825 29817 24078 15409 17746 985 20087 31131 24817 12646 30236 10317 22355 15084 4541 2581 33854 35644 7602 6663 16409 32010 33800 25607 10496 25231
9645 5034 10758 5693 21066 20791 3810 36423 4795 36583 3175 29233 36178 37069 34055 23415 14960 18446 18441 33459 22688 37291 20116 39305 31448 18072 11365 6236 7362 2029 4730 4304 23346 34637 21315 38999 8197 1285 13133 9820 6455 34607 14177 20685 24920 34293 2932 36065 33867 14696 26684 21985 23573 6667 11280 26903 4666 28430 1216 442 16210 983 1334 38509 15968 14827 2078 21146 27690 12629 24899 13514 10763 38960 30873 4554 1290 33925 34285 32443 27885 28356 31739 3143 9839 24632 14925 34337 33363 16408 5677 13475 30798 27997 11978 27821 14212 13087 20591 32936 37622 8415 26989 27369 9357 4113 30559 26120 24567 7558 22121 3711 23831 27616 17252 36274 595 88 3510 38349 16468 12381 10867 7121 10352 1849 38820 22711 6961 5184 22956 26313 7497 17274 3860 7680 23522 26833 22444 15998 21893 8229 650 9323 11214 29431 33101 25273 31559 12178 30538 11698 6494 11557 35939 7786 23933 14573 12511 30525 35245 32003 36429 24092 1406 35248 15006 39113 39253 731 38622 34112 21793 2402 10358 39893 38013 19130 33000 14526 19984 9704 11049 26575 7818 22451 34848 29917 20736 13808 11605 34919 38211 39669 11611 32804 23833 39259 15400 28652
12782 17453 15089 10548 24621 22522 12382 4398 9545 29173 14678 22309 22074 37864 35677 37504 34222 6840 28483 12533 32700 9909 33192 37260 8270 34250 31114 26203 30337 9477 17808 32439 22156 14231 18603 32269 12386 132 33457 33295 7586 3250 17676 30588 38632 28945 24060 35629 22351 28148 20648 20996 30204 3530 9333 2521 2506 31129 13696 5321 6669 24388 11413 35261 11921 16280 12867 15189 3906 11350 10902 6082 17908 20647 30694 16457 4047 36231 6525 27043 28889 11558 2247 4125 6925 26769 536 28592 25138 5583 34621 2072 20500 34070 32419 20316 8445 7406 35078 10218 16984 10026 11157 334 17730 735 2248 26437 18759 37816 29784 841 37427 29972 33644 15343 9133 17896 31216 9715 25721 24301 32854 39023 34763 6976 11492 31488 29178 13436 25083 32809 29166 1776 14949 35044 31850 165 23179 18476 7161 17002 25399 33199 11410 19453 32274 27614 39730 7184 8145 2443 25904 29371 8531 17027 24772 9901 38909 2924 756 21970 16658 22981 32172 29058 873 19916 14362 35252 3830 38041 25850 15898 16492 17800 9003 9706 16592 14689 25296 2908 35400 34660 31478 12420 4234 30223 12244 39169 35238 36709 12021 8923 17464 12299 7076 30784 18793 3889
13454 7356 36307 39053 26087 30575 27224 1904 22623 21050 24650 12964 29931 39805 8249 5342 8366 33180 19385 15985 11333 21375 3007 34546 6907 33056 29217 20022 30478 13319 26102 7056 34977 34861 29594 31209 17967 5260 6472 28961 22282 13429 19346 8061 29670 22553 5098 31836 25175 24414 8247 30282 1947 3039 7658 39681 2093 34906 28576 8753 892 25963 12810 31441 470 14864 37815 20898 4803 8939 7848 35158 36732 16697 24751 24120 13043 20993 29799 21946 16766 4556 11971 39178 27597 6623 28811 34184 24135 20620 9251 11336 12463 18353 8738 38058 30205 9322 7520 27307 31492 29227 28817 13636 21723 14977 33850 22884 30980 10906 33070 2333 10598 16145 13369 14325 19959 36708 37615 6902 17579 36713 2544 7797 38595 23516 26616 23648 15225 12640 18799 8317 14200 38857 37953 17416 38851 11339 13567 7403 33108 18748 39311 9930 25716 35817 21809 11114 30486 13850 26066 17135 8493 33473 21799 36055 20574 1573 32570 16144 5773 22566 30141 37789 18291 26567 33648 24289 22454 20161 21734 32740 37670 18234 38767 24460 16080 28135 36339 21671 15429 35223 32625 19523 32231 11744 31700 35457 9963 18487 29274 39184 23108 16934 35929 38727 18020 20106 9438 30222
14157 35789 12167 14058 12334 39942 19312 16255 16444 19684 17454 27445 10872 27625 25020 30085 3115 3396 1176 17174 20956 28722 1452 23525 24087 5337 10984 14892 32664 38322 11115 11438 734 17768 29153 24572 32207 16567 15063 38694 2250 3764 18379 16932 8395 12617 21007 28088 11250 33730 16423 27940 3811 393 36576 30799 31007 35956 29542 20064 38391 7537 27913 5189 16191 28352 4495 32233 15235 14351 34117 7710 24210 700 7054 5644 1557 5714 38907 15494 14074 3865 2486 9566 28302 31926 1571 20085 19074 11565 28640 23287 30897 31381 12251 15559 27106 37718 16394 17664 16549 31269 1481 16443 6105 29789 4138 6950 645 10141 20670 3118 33144 9381 16699 2980 3472 25662 21830 2073 31639 38651 17744 33818 33480 22996 9450 30817 29665 4178 143 11403 30030 36515 38417 59 9754 16569 18138 151 13812 38773 18371 15338 14658 601 2526 26349 25435 35050 5159 7975 10512 5114 39768 1754 3576 6335 4036 12913 36659 20473 22821 9307 5268 12663 11059 1100 36278 22249 19636 39385 11963 33870 25757 39656 33478 9091 27655 26700 37689 31224 18143 38326 18158 13193 34173 28782 9386 29164 16306 19953 8556 28519 8168 31829 19358 8547 19451 5108
36467 20580 31336 10925 25498 24712 3777 12909 38171 13403 23051 28768 19142 19016 9434 14029 137 20035 782 33394 21834 16682 4521 23576 22052 26259 37351 3895 28642 30861 30998 28054 2239 39591 19200 12773 35487 9373 26691 3408 16476 27110 27240 38569 36240 3460 17709 28717 3050 27005 1970 17840 22350 4181 2821 2428 2065 35324 33812 25090 39744 7254 33122 34428 13280 11757 31374 12903 6972 31650 39621 6217 11518 27384 8572 1372 32886 34377 16493 9095 8120 11373 34560 3718 31239 16450 39430 9002 29686 14900 39707 15195 37840 35467 22612 38011 7444 26658 13285 2189 39046 2304 23687 11615 18445 31202 22044 26377 14032 18837 18993 25668 32212 23246 8609 8666 20256 16220 9815 21266 28742 4491 31112 15910 27510 35938 8053 10395 30558 25677 16937 6998 11938 29575 32730 17648 34246 21934 21343 31882 25413 17939 38735 23092 9217 38231 29845 39339 13727 9263 25477 9145 19159 12236 5753 13352 24404 24943 33881 29348 25990 33250 4714 10114 17469 17320 25067 39118 36393 7757 27086 33105 21652 28800 8264 10909 6283 18048 17152 22665 3861 5916 27588 21492 37610 454 35145 34904 7258 17572 176 24327 17217 29889 16093 34331 556 19352 7791 19457
37506 35880 16538 6597 11705 25276 1585 8512 5524 18471 6267 2708 34944 35029 36981 21231 32129 3015 32852 30166 12444 28100 21777 37791 30617 18625 36634 7544 1987 28469 13904 13775 26053 28526 24569 38279 631 21192 37389 9933 24510 5508 21695 23500 18794 28878 35545 21276 17063 15247 13719 5146 12387 3755 8031 30958 8618 18202 33494 31132 32229 10150 24281 34614 8443 27954 24306 35275 27882 26138 28520 20915 3082 4266 29758 4721 31844 1014 27158 35506 30261 7499 24919 33096 35426 65 11380 19112 12446 22879 14763 29538 19909 34737 7188 22319 38680 2990 34880 1877 1365 17084 37297 13488 21368 24962 17949 37388 223 18343 2887 13942 37631 34616 33373 25345 21497 34820 206 19957 13005 22461 4194 19520 32193 4999 24944 24055 11487 7798 16968 28670 21745 37548 31586 31608 38360 7398 35020 3307 33306 15571 19454 1641 10477 25453 11706 11700 172 16330 27633 9368 6245 29819 24813 15146 32262 5756 28790 10110 21240 13919 12565 12010 30053 2033 14043 16981 14210 35842 14412 28442 25065 23643 39577 30031 25927 10905 13931 13753 13347 33468 27823 13486 19525 27209 27085 7522 26011 39724 13024 37581 7829 7005 35660 7539 39635 24075 37732 26696
28715 10835 5038 29607 17466 16862 34946 28217 14875 36882 1886 15013 19505 38128 9597 7047 3090 30836 8553 12497 8345 29267 28554 27049 12268 21870 3813 26522 26435 24814 31410 23689 39123 31770 14005 39349 1846 27699 9421 9880 33500 38925 29914 7863 12987 2741 20590 1354 7751 7454 29515 5474 19303 32122 14506 19494 39164 17975 17354 16032 22804 25204 1077 21121 30055 29907 8334 739 18500 12578 37311 21840 21102 24913 1019 25071 13231 2915 29970 31367 37934 39199 37541 14153 8541 25007 7981 38998 3182 23729 2893 27496 12671 21836 39814 27662 29268 26601 19132 27850 25154 25480 39281 11738 27011 12123 35858 16056 10671 26310 10023 10487 9735 28823 25284 36700 24258 3726 28057 1463 1787 12643 21348 6019 10182 5472 15945 27721 25166 1312 18213 34808 7824 8356 26600 23962 1617 16534 16124 38685 34717 25833 25848 19073 14315 17201 8754 5010 31621 23251 35016 31345 6509 14313 10904 15587 2476 18348 12622 3473 11161 17824 26051 38853 11915 22853 33344 17930 23936 33303 26835 6332 19455 22905 26860 6340 1193 20129 6740 37669 3283 9164 27271 37225 333 32069 13902 32252 32336 39576 5854 16497 37577 25103 17668 14648 15837 22014 31957 8581
8782 26588 37126 15965 38154 24482 19920 17212 17596 3972 37394 33314 34032 7977 32218 16756 21356 31649 6042 3819 3354 21293 6820 35549 13239 19081 3211 37300 2157 18627 3001 6550 14484 23372 24967 27751 38957 5037 21079 11967 14766 6090 8447 14650 1908 17553 1282 28320 34045 33546 14383 32332 37061 19830 224 17038 29241 4371 33081 2982 20084 20341 26300 17286 867 29247 23416 17574 11151 27326 38921 19487 32759 12832 5532 12142 16809 7905 37920 19386 12566 23996 9005 35908 9334 22334 22510 32179 39704 29685 6457 4132 37950 9173 11717 5847 34422 3288 24717 28412 39679 26460 2491 34473 1499 32758 29910 11134 31573 22 2173 12377 25396 32108 27831 14053 27216 37199 5388 33441 3823 29341 28427 14550 33143 15088 17382 18268 5906 29593 9265 30656 21964 33672 21347 18569 18670 35094 29298 16681 15839 36733 20213 8400 18896 37416 32465 28337 21095 93 5187 17797 28138 37857 32595 29942 12931 34976 2568 10083 25642 4605 29174 27264 15078 15379 18108 38560 38190 18642 9497 16618 5401 7371 9139 5758 23410 35051 8381 9543 24225 30821 30360 31069 35198 36079 34508 4612 22264 3203 6475 3626 8527 8373 26311 28886 28269 8662 13988 10781
5765 83 25281 31603 24822 16015 2655 20560 26698 15532 4754 26184 33450 4413 14049 35510 7653 13032 668 22301 34378 19290 17968 18626 35948 39617 34080 13560 9305 4426 12923 32732 18304 15902 22215 14956 11037 1871 33990 36083 2590 22307 8671 31915 5181 11162 31759 1495 8421 22731 38092 30408 12220 5256 19266 35923 37347 30317 36032 23340 36264 26832 10460 16122 32453 16574 16557 39755 33288 5844 9408 12601 23746 32645 27857 32574 24887 2089 26891 27986 58 24979 3621 4824 25048 34725 35046 9870 264 10221 33597 3456 16039 30370 13621 26709 2612 17419 3977 19566 20231 23002 36470 18375 14346 5729 27159 29134 35838 1965 19296 32776 9105 11707 25267 20358 22656 14978 19609 34057 4404 21236 34668 34542 28475 1704 27062 23429 14582 27931 33767 9689 17524 14223 12573 6219 34230 9808 6382 4808 28165 39237 16462 20755 22876 21328 28129 634 5965 18232 38015 7017 22487 6701 2857 16673 39364 35883 6726 14020 16909 10270 38802 4646 9632 17599 21264 17821 6146 11740 28734 21048 2392 2933 16037 20968 18634 3845 29463 17312 12419 4166 30837 23683 39521 23484 871 36875 2305 15108 9650 1962 24275 14836 34075 6551 6898 14552 29315 14250
18618 10131 26629 5076 380 34096 23738 37423 24479 28286 31073 31967 25301 29655 23481 5407 30719 38788 28277 37753 7994 21290 24703 19714 27606 10552 19577 29841 4476 10653 26838 21436 38201 14948 17847 37111 18790 23166 2462 11368 15693 30349 4279 16284 5515 675 26079 31082 11085 18328 31423 33409 22502 7663 18531 8938 7446 11595 26499 32717 16710 23775 24335 38071 3657 20773 4453 16731 12478 29939 31547 13405 15171 6232 22621 33522 1655 37784 14531 37482 13965 2433 17108 6808 13909 27903 5115 33604 26118 29194 6658 19608 29983 25421 29284 9635 18691 31419 6824 5591 25665 8607 16129 37376 6956 1320 20608 29201 6490 6758 3080 30420 9460 12305 13839 34043 34593 36918 8423 39227 15026 37507 18561 13522 5357 32354 19600 6576 2966 22887 812 37957 31215 2728 9738 9119 36370 6201 30147 19630 22737 21366 13981 33182 24351 14347 19573 20214 15687 1935 426 1933 35291 12063 31253 17322 34838 34217 17133 5802 22428 13583 3640 1902 26082 6921 37742 32210 18544 26494 35491 18469 16395 33293 6112 33678 1963 7190 20923 6545 2505 13464 38425 2557 294 12196 22931 31520 35973 3743 36186 8564 20372 32509 21873 30231 6396 27422 33915 12660
860 11650 9299 7990 30946 8639 37430 7165 25325 23877 12883 11602 32472 39608 34826 37267 11121 27405 1608 9586 30676 10368 5072 2830 29997 31392 22466 24668 39124 29481 13372 36395 36257 38229 16020 936 25879 14744 9693 35859 30373 247 8650 7150 24663 35408 11294 12240 22627 16584 29831 20585 30192 10549 27039 22416 7832 12135 12603 20031 33329 12125 33949 2063 29367 33228 33160 13255 19918 39087 2903 20340 25729 31764 17642 5558 1278 19822 5962 7275 30037 7859 15166 13859 10045 3554 18331 36707 1609 17985 20395 29115 20272 13290 21410 34662 15197 30659 34847 12621 27152 8584 5627 225 5632 3081 9396 8586 16368 25583 8163 38854 33968 10049 3025 4140 19278 9111 12359 38942 10839 28423 32121 5373 749 17856 15385 12309 1742 13442 12869 38930 23343 16797 39193 35396 14968 31094 16340 5607 26660 17426 25643 29498 7177 37679 17408 29246 22832 12786 38855 34752 26705 39677 29316 19127 19116 1092 31687 28401 37933 10989 30304 14690 32061 16869 38903 20179 32688 28825 33140 10144 16041 27938 21455 31474 29263 22415 29266 3144 5803 34211 38045 11878 11440 24453 38884 22101 38852 14787 13385 1070 16927 30024 19369 22649 33740 34702 6314 13928
32134 25366 2197 34731 31046 28613 34014 29202 4570 9984 21905 21357 24378 10310 8803 11456 33921 32987 8849 5559 31662 11531 25603 4713 17179 260 25137 27204 18869 39779 1566 13857 33134 9475 13273 33841 18364 35386 19033 7391 32599 26898 34691 36696 31061 6376 33664 34629 37458 32670 6319 25548 34311 34798 38630 798 35638 31898 7877 21306 28076 19169 9944 23797 35469 15452 11242 20478 29643 31684 18595 25913 35107 5427 31283 29922 18078 3255 24140 21857 29935 1269 2811 38282 2051 33727 1715 4765 32290 6589 33095 16918 5188 29582 32261 29449 32038 27272 32427 1565 14926 7467 14806 7588 35427 19627 15588 30284 5989 36640 28879 16190 33749 18187 16829 30069 6944 15363 31160 2325 32085 38223 21673 27412 10708 3847 5439 32734 3238 3409 4989 20466 17633 29330 17729 410 35014 29589 16795 31421 13679 15660 35387 7543 36380 37165 19048 3875 8532 19978 36195 20041 21475 2564 32303 23339 12312 32382 20936 17622 36950 14283 1711 21351 7341 1785 5024 21228 19351 5461 35076 28270 37118 34921 30671 3613 8921 9627 17227 22139 23724 39088 32786 8793 9146 2493 37731 7533 9432 17114 36769 1317 23432 25911 14971 19318 16225 24747 30851 24328
25088 15757 38418 18035 3071 13744 32690 2518 15830 4829 19993 18513 20689 32648 8047 28597 14480 29239 27167 719 5380 3026 25203 13520 32318 28104 1781 24698 23476 25091 755 2827 15786 27155 38932 11451 24402 35928 5458 26218 1166 1502 16304 34071 10593 27083 20743 32319 9318 31711 37159 29308 1075 32554 16872 287 21391 13020 12929 25812 31280 4564 17374 33387 19774 437 34609 25597 16713 39107 9541 26277 22075 39776 32869 19611 31414 31244 36897 3066 31505 2279 27945 37598 38991 481 1700 33428 5721 33350 29381 16633 24193 23427 37432 21123 12701 16312 19229 3638 38770 4549 18316 15730 28569 25489 13880 31213 10339 17738 19650 16048 26350 8688 30841 25037 24980 22183 29049 28388 32153 18149 19666 9198 4217 16926 14300 752 4967 37537 22004 14523 6111 10392 24028 33121 36806 14736 8254 29539 33345 8912 19079 24310 14683 20528 3428 12543 8259 37119 20691 10213 29764 30177 22548 35009 19877 28426 10844 8981 36695 37335 5566 24853 7742 24174 24487 2415 1125 19133 35682 35712 1691 16278 9388 16437 4977 968 10054 8750 2866 37451 28709 15665 32337 28859 14434 37646 25672 7010 14308 26419 37586 35863 28466 38786 10333 13798 1783 6753
38791 4867 2883 15495 18306 11226 34979 13049 28643 4520 13138 11695 21495 30882 35340 26231 18780 34647 18953 19607 13771 20992 29909 7834 27802 27241 38077 23915 21012 37258 26550 21717 39177 10946 3432 13498 38702 30698 24788 8855 30172 4026 28686 4929 32856 26057 20878 22047 30757 7039 39189 3107 16149 10817 2532 21015 24907 23864 5487 24832 18266 8846 30348 16589 22783 24661 19776 9216 34490 32045 14921 36041 33577 10024 20914 37665 13294 38795 35724 24197 11831 1770 32894 35623 12999 37264 79 6147 22354 34950 28976 13234 24154 20894 4696 2300 1224 528 19293 14809 11901 22835 35451 35942 2938 10564 14042 21980 33492 22750 25050 33888 8451 21292 24295 33637 30151 9614 9864 20869 2318 29278 4095 5903 35247 29837 3911 26919 7025 28716 4347 4860 2254 18168 4177 30695 33751 22089 31812 12113 30510 18235 1297 33547 21663 14817 13353 21624 13891 34256 24533 16314 2049 462 34124 22598 18157 20852 3896 20413 35242 21256 35910 18757 18965 38380 9740 25686 5161 16912 15142 27316 3078 19876 34914 27733 30386 32081 11696 38499 36639 18429 22362 20639 13709 31747 31679 2295 9361 11680 31888 21714 37998 28390 17244 5377 36832 33748 10430 33963
6621 24278 11466 34544 6946 24232 35111 17727 20512 39008 5006 296 31727 30854 12204 28888 11249 5086 28191 24354 8813 13277 13764 35489 22135 17160 33613 9609 35365 25844 6175 20543 32226 22641 18039 13714 32608 32934 17162 33554 26981 28291 16445 38159 16400 27217 34569 19988 11646 20077 25031 29744 13344 17009 14885 14132 31668 35026 38899 1509 4782 27156 15622 27661 22238 21817 13340 10580 3043 16928 25912 34891 38091 2460 11934 1370 16753 31783 12742 30727 3987 5876 31708 28691 36096 7633 35927 12855 3900 38191 9826 34628 37819 37250 4649 18296 34409 2768 24693 34993 15921 9853 31364 15751 22056 8480 2494 31661 14151 35633 14206 9585 8765 37419 21309 25504 29321 26596 14088 30713 4858 20939 6012 35841 35053 20772 22024 30290 15822 12111 2900 1202 39105 4911 4153 13767 26493 23447 18456 27760 25554 19594 20251 39975 28226 23394 21401 6036 24872 22153 14680 17003 13416 35058 39906 26112 23159 38874 39127 28000 34384 39761 4078 29762 7360 16550 8858 10745 27806 13229 27880 10738 1650 15219 2784 8999 13098 7944 1744 6554 31619 9741 12014 33989 8645 23141 461 7217 4075 4607 25676 642 2967 17747 35570 8696 29604 5894 13402 36124
35936 21353 7442 18951 31755 31095 21576 17058 19914 25909 5557 21053 13208 15607 38470 267 2789 33185 35845 12873 1569 15811 141 36199 32464 10375 28955 20198 13619 31691 16401 8706 21775 24543 21778 21910 38218 36397 10057 18767 1682 6071 36643 22305 22209 7199 11013 23960 22982 29904 20943 15836 28474 22959 37312 37252 27854 23367 34953 5208 10121 16580 17500 28369 32684 13664 7945 30015 1777 2474 34412 5391 32751 28744 26362 877 24541 10624 18173 4199 17654 22987 19375 11604 39205 15073 36046 16811 7308 13000 574 1518 34352 38021 17646 18785 35444 8151 28296 31147 14982 33107 35995 6017 24446 11058 29419 8357 29815 22991 19709 1944 18302 20353 1809 2550 37102 20336 12738 12525 16773 6413 1207 27749 7616 1840 35801 8059 29680 13780 36504 15151 22693 39870 33427 28774 11949 5470 3274 36093 15190 19655 666 20014 5367 14870 30245 15175 13774 14737 16309 687 29426 441 32913 35265 33557 2000 2735 18418 31750 33390 33938 33595 7132 122 33377 21525 16253 20249 1160 28042 39689 31125 7138 769 29193 7071 4643 36189 15062 33979 9448 27407 36270 18152 26471 1121 26266 38212 24938 37203 24550 17036 12551 17584 35844 6733 32016 20009
36907 14514 2548 38463 11137 34322 19827 958 12755 24203 16174 28095 18526 25974 4544 28580 8194 21067 13624 5860 27873 3284 32798 26476 32222 14897 1751 28687 11861 24209 14541 30168 21890 31184 17977 26914 31761 10727 25501 7303 25791 17411 33064 23694 13970 27305 19276 37187 7570 9433 39394 15951 38046 18818 19794 21354 25387 31622 3794 32164 34376 2643 20788 20874 17875 2438 18314 13178 21299 16581 15095 30745 9555 30889 33346 12951 24684 35255 5846 3392 8138 25271 15542 27421 21613 15842 12592 22308 6857 9004 35879 17769 23074 15243 38105 26226 29691 18215 30149 23020 10859 31921 10130 14939 6712 16562 30664 4699 20355 17515 21099 6161 5015 19105 20338 23961 24926 7995 38176 28463 10394 12050 14034 11788 2259 15721 26323 39667 39881 1220 26200 29620 34982 32300 21859 12155 32680 24539 27574 10215 20080 1680 2586 11139 37573 21618 25573 39505 36185 10883 29475 31768 27992 5271 16945 7692 15991 6927 25825 32021 9661 5926 24158 35568 6936 24859 10563 17493 13532 10212 21265 10790 16014 38314 24114 33659 13185 1827 30655 4621 38239 9056 33235 9885 4306 28334 35237 17367 18970 39684 15709 9771 28841 21571 33325 10377 22284 23924 27173 30647
23306 28078 5036 19177 15017 548 39236 25784 5737 32160 33874 35556 12159 16665 2823 29950 15629 7634 36305 7512 31470 32797 3371 28146 11467 31995 4272 20474 12552 25118 14610 16736 23014 24993 10059 3131 27311 36789 31538 22241 3054 36601 38550 32941 21295 7872 18404 24002 29949 3352 30086 14063 39764 38113 35228 31020 27586 37623 16725 15346 27981 36112 6885 9331 21747 35442 34214 23022 17171 19847 33426 26135 30691 23995 23505 18074 11034 36077 29384 16876 26481 38634 31731 6618 24470 18656 2630 37431 27830 6974 8601 23322 23310 5687 11618 974 36226 19464 36484 1727 17481 35632 29859 5658 11265 14013 35302 13580 2632 15647 34123 35484 17653 7422 23262 9287 11517 2721 28815 29631 13782 39003 2234 39332 5239 28497 18338 38923 33484 22702 8099 28153 457 20854 24391 33405 2412 29707 13776 1594 29425 9646 1133 14540 34102 15263 325 8965 6522 24960 32376 18451 8492 33446 25228 982 10355 18732 31862 6337 24513 8189 8795 24026 24345 24593 32139 21105 797 11096 28071 34563 7593 24664 13688 12825 11378 5252 13692 34958 25084 1778 10393 27327 12554 853 21814 7423 1705 24240 6569 17816 18346 13440 18802 12748 16288 20173 9748 29512
36366 26988 21724 8399 26156 3888 12361 39355 17150 24104 7196 17000 14852 15266 28121 10966 29673 32713 21460 20547 672 27332 20841 3348 30264 22373 389 35535 25459 32970 1309 38221 9103 37339 30189 39025 8362 24773 29648 19405 12022 9068 25181 31982 27409 13886 19693 34865 35448 7947 17591 17630 36174 38432 11219 24908 2416 4459 17610 37912 585 29687 38080 26468 12905 6323 861 23356 16859 38506 4051 13829 34182 17303 12596 39685 35131 36405 18892 36968 35694 219 26645 28479 3518 4170 24392 36581 21664 18994 8946 16088 7717 8705 27416 38293 23153 36409 10181 2019 2263 14555 15679 8800 6285 19431 21693 7771 23182 37034 30409 37902 25152 7281 39922 35900 6493 34208 18270 15522 3578 8241 33488 34002 20243 38572 9025 12150 15477 1482 5361 30089 20999 36584 33080 26672 29369 33518 17925 10820 35359 17762 19120 29928 37602 15066 8771 34357 26798 6416 34167 8615 10444 26822 13346 2607 38370 35196 22607 26750 29182 18102 39060 19925 15455 19705 25198 4627 8794 16865 30550 15227 32471 38631 21253 4689 26298 24287 36788 15658 23136 3280 17257 33464 18248 23927 8203 8959 27783 26222 2430 3293 4228 10366 34060 7018 39089 23007 22998 15661
18933 4814 33876 20792 7565 2689 1442 39722 13743 21514 39694 12031 1101 13975 8459 30160 13117 23994 39561 39552 38466 24918 7918 25224 34431 21898 4811 35289 450 30598 21504 26417 274 12787 8540 11175 9303 32394 18534 15903 7448 4526 18284 20555 22213 21477 34866 17909 23958 20195 13144 19139 26376 28405 36803 35811 13143 33584 2097 34710 36777 15747 32257 12302 38383 17284 26817 492 18435 15689 21005 37259 17131 2815 8143 37056 29102 1771 306 33487 23847 4992 21962 8080 11501 37039 25693 31681 32877 35415 26811 39976 25313 6130 1922 4773 38980 23521 5112 28911 34854 22503 39568 27313 19259 29731 34209 24702 13396 27592 5350 33914 37455 34049 36251 9537 32073 33177 10314 15404 37992 33653 2944 39235 23755 22984 19766 12069 2175 31057 1841 14775 23294 1466 24511 32044 37931 10626 8508 23922 20468 20086 4545 568 22793 32183 32859 5529 17871 21677 37897 22293 26248 23289 32591 22196 34574 37280 37457 27411 8022 32468 8343 14790 18121 36396 7572 30395 13378 29362 37944 25356 30940 22247 28500 30016 23194 23083 29319 23401 31772 36197 15326 19784 266 17039 30709 21781 8989 1633 23676 25363 29236 16104 10279 14856 15907 27533 7244 14549
11815 20599 23405 3667 16572 32974 8739 33025 22646 17316 27012 10591 12138 18207 12620 28773 198 4261 11429 27729 9246 10234 25544 5 36080 5154 3133 23550 27229 30521 655 32793 12990 29743 37988 11708 14747 10644 28142 13079 32351 37169 31014 26180 12722 12137 19085 16023 14532 39314 6121 37888 14861 3055 6754 31481 24823 16676 33111 7697 6264 29256 24252 21038 36768 26918 32087 21189 7033 35235 4945 22644 37941 9557 32011 20529 17554 30562 23138 33326 5043 2404 38570 36460 21074 14229 37892 32647 29029 8084 7712 3591 4664 29723 37288 14545 28384 7730 17445 10235 184 3971 23018 28235 37204 16513 27594 31961 979 204 12345 29026 32954 8682 38771 3659 28702 19055 30429 3529 38762 11582 3772 1390 1422 11077 46 14249 28676 9177 26561 16551 14962 7114 9017 23514 4388 24224 8072 16233 11131 12324 28368 32637 25582 29653 18066 11519 29312 34267 9149 20601 30173 6916 19418 256 7772 33026 14494 728 24081 26025 39042 10273 38397 12657 39173 31752 17 5430 28831 4718 15541 24257 39948 37918 24035 28972 22754 21908 37051 30530 22489 6325 35041 35456 32747 10251 1554 31471 11152 27950 7053 6239 6370 20554 12875 32393 21200 36455
22985 12310 14729 30531 453 27140 11522 2539 37332 23905 39631 19465 34081 4683 16503 25658 38612 17266 20829 18492 1439 2682 23527 18519 10072 33335 29323 28156 9913 7324 23192 19981 33281 29890 7261 11907 15064 24477 1673 15406 19563 30546 25415 18001 27703 18295 30990 6876 24597 8590 16273 37559 6039 18287 22756 30003 34190 34990 3946 12824 33621 24505 1316 12659 16033 33559 34829 18915 12948 28279 26677 10604 25799 12986 24585 14162 31793 12831 30026 31485 16374 26703 13890 31636 29079 21607 35866 38757 25131 33073 29476 34586 39673 32187 37471 12844 30716 6210 27556 10470 30995 26991 7370 25285 24444 14539 5930 23494 23045 38035 28623 12780 31584 19692 28533 5307 7309 1707 30697 15896 4298 33386 32497 39507 8170 35539 21687 29495 20626 18904 32409 1003 18325 18562 38640 2322 17271 10305 36911 17234 29248 22111 19841 18523 20563 20938 30875 37551 16724 4252 39932 38357 38445 26805 34843 1668 16108 5736 19682 24291 32542 26986 38934 10854 13031 26787 10313 14958 27789 36280 15584 39699 5414 19137 9982 6405 1679 3713 14136 2336 31992 23904 25819 18470 13085 5197 18200 39229 25241 3437 20857 7276 17675 7855 33889 18 2865 29183 8830 22799
10765 39106 36873 21918 27799 29749 1151 39599 2515 38056 18777 1490 14446 21811 32042 32604 23424 16779 9681 20376 5318 20067 39611 17912 20493 6440 161 12712 9989 827 17548 28933 10193 27433 10930 31234 32944 37788 9124 32105 17279 16885 5258 14242 35251 29835 7581 18361 7288 9070 14010 27785 1 29391 11189 2241 1333 35436 34789 12363 17855 37380 4027 31664 20887 7285 4729 7562 31722 27980 11337 10886 21393 10518 1231 33513 18403 1717 39372 35986 10021 27589 4834 12261 1637 32161 24429 23908 22203 9369 11066 1375 3096 23906 37740 36844 12227 10363 38095 23277 31438 30459 26245 28051 16185 15000 21024 31736 23315 28595 13686 23954 31356 15135 3517 15886 21054 32601 35924 37930 2601 27047 2882 1183 4798 12954 8361 25867 36243 27650 37666 38585 32063 38460 8675 23887 14064 787 9229 38188 30576 5552 21667 35274 33384 10403 888 11893 18176 13711 11443 9846 17649 28181 23258 9821 8049 15306 28294 16974 16470 35118 32844 30100 24774 23027 27329 22040 34753 11986 35868 13048 25873 21522 27082 5652 23285 19765 35998 168 1588 18638 13820 22993 12692 591 39133 38726 34206 6031 39959 1280 23212 17914 32284 23974 22126 30412 2531 28894
37371 36764 3420 647 20434 10391 11516 25368 29100 8640 6353 1049 15670 34857 4391 9420 24226 20496 4887 18225 32068 23446 7375 1425 18117 5080 25806 36163 15361 34129 4441 20377 13797 30121 29690 2705 17415 27434 23008 33493 14045 36857 11768 32171 10172 13680 20190 39353 17276 23787 15927 13634 12740 25524 17541 22163 32548 24769 10478 16593 37641 18406 12320 34679 21016 15748 9 33466 3962 25470 36489 7550 38165 18274 32298 13786 5315 17224 34131 37601 30672 36499 2840 28826 13374 16159 23975 14092 23518 31578 1458 6344 39422 8561 4116 38885 1521 9854 36402 35316 33323 2340 28478 25870 38260 32950 23889 39499 37651 9019 20917 16135 35170 3346 35990 38878 32686 7517 21600 24529 6752 4533 39190 22000 29788 35940 34318 39030 9374 16816 20017 35366 28610 17614 26939 15267 4155 27232 1761 32992 9206 13300 19507 14501 4796 26566 37770 21635 18968 37808 18198 32173 9240 30004 15103 17105 19311 37285 2447 13042 28995 21583 26977 200 2489 8113 5501 14916 31984 32996 32059 20268 38950 30428 24331 12667 31696 36672 33920 30601 19700 11623 9519 25171 27645 3303 776 14394 23968 25111 3474 9631 21486 29969 11308 5069 15480 28237 12273 23029
23223 3489 2898 16346 5542 16282 11282 31021 13695 3507 26797 14770 38451 33300 11480 29358 17647 38386 39877 26327 18376 21822 35537 26613 36799 136 24435 32411 7302 38375 36745 38139 26081 30115 6438 33993 20975 7175 27795 29295 24277 20027 35195 3800 12960 4509 31025 18718 13090 13663 18879 8044 31008 5089 2432 28234 30299 32937 36281 14659 17772 558 5974 29378 1345 14728 36514 3766 1592 513 17894 26734 18929 37782 28543 3439 39439 33420 32096 28867 9667 37040 989 13922 24098 11782 17714 12331 5549 13159 16507 14820 3438 3545 18687 7667 39995 17396 36179 38676 15129 4626 11783 9324 24607 35741 25814 18505 22972 34550 36532 25107 18398 27147 26746 9059 39048 15370 17240 2086 28318 25536 17323 37713 30908 33645 1618 27315 37558 28133 15383 34937 27664 29729 30887 39498 38238 27601 11357 22456 9794 37727 23311 22929 16750 31281 34690 28274 33875 22618 6327 5684 14061 3164 36698 12894 18633 11017 8889 22609 7513 5862 34119 20578 3747 27149 22920 26195 26890 8636 2208 10659 22144 27550 39204 30103 28017 15764 1806 6018 3651 5241 38705 37619 16786 23202 10257 14227 10225 27447 21983 39142 20360 8274 14656 27696 35090 15152 28655 8840
31297 17960 22174 19755 4209 30359 6588 33407 28492 3938 11661 21142 4387 7427 14099 24695 11032 28965 25900 31348 21637 34203 37728 36804 36444 13934 23174 2846 19428 36624 31611 18290 34247 602 22557 9877 11966 14454 19323 13192 30755 1384 16737 23249 35950 11906 11340 30471 37876 38812 32516 21372 23169 12051 27942 34875 1407 39851 3827 35978 2346 35800 4835 9540 8784 5228 30826 12326 6607 12944 35541 3218 24234 12337 4504 12623 32895 11862 12540 20821 27715 33477 16846 1015 25564 7305 3914 7322 11109 31079 7887 35731 22152 893 9649 3366 27512 32256 12256 9947 584 4559 7296 31029 10792 25770 4366 3452 8642 26992 37737 23403 24888 15770 38235 12116 20016 25441 31579 30539 17831 21614 29458 31156 24454 24076 20783 17965 12624 32402 10891 37939 20065 12103 18148 9366 28693 36344 18911 37655 13146 4083 34137 20325 5327 29421 13335 20799 20270 22383 13591 35208 19581 29146 26849 388 80 32072 8528 2370 1901 15825 2387 17081 9439 23633 14660 17731 3487 39840 38765 39111 4436 35392 34486 1736 16101 20244 1142 31152 34092 30167 23000 14746 37294 10657 22091 11852 19140 1119 5649 39459 7318 1288 7401 9674 11186 6311 36421 20910
13356 39753 25744 4101 3516 39757 14265 10697 33845 23389 2297 18741 29936 1919 347 39239 23015 31143 37730 90 35915 15591 8017 9116 282 17406 35983 34499 28810 11201 23395 28023 16405 22331 35361 26256 19936 35120 2852 31588 1050 5094 32372 25975 5651 38875 7070 39738 8414 6010 26942 20510 3664 5286 19722 5650 38819 20675 7685 7345 5174 27844 24752 36173 13199 19408 26681 5164 16609 9843 19986 20201 47 15283 8079 4771 187 35330 5581 6290 17555 31567 27243 18598 8952 12910 13492 33218 19737 38363 7147 520 35233 21084 11872 13877 16260 14752 22766 35218 10864 16463 7948 4955 17130 295 23637 5215 9456 21156 5329 22515 19171 6028 32683 26031 15439 9641 9391 22460 21115 30804 8906 32566 32136 16914 38160 7976 32070 39362 13299 17288 5270 257 25183 39331 27370 7569 26461 10584 25517 35569 17571 26096 37640 31186 7064 20630 10092 5163 15434 34368 11541 9013 33769 18309 32906 35412 32903 33784 23970 7108 13954 12149 32140 39410 30910 19215 32725 4503 14322 16559 9129 16625 21539 20285 34416 30867 1336 20252 27610 4636 11549 37290 14220 33178 2204 18461 7815 34108 21451 15600 5764 32480 10882 31359 32839 31205 24843 540
29540 21981 23918 34533 34818 18975 28408 6682 28546 9721 32330 1367 5424 33414 32203 4604 11720 24570 1263 1632 610 9412 13712 2970 29464 7878 17006 13099 13542 16804 383 17317 17795 19580 26659 36191 15857 35464 2201 12785 18205 509 17954 28784 11050 9426 30512 16536 27439 4690 25372 2894 31089 21270 5446 7417 21181 23362 10804 38074 10155 7501 33004 13245 20254 22133 19261 36660 27693 31076 36157 17984 25614 32846 10295 36914 750 36715 27935 12405 14261 11962 37253 20269 10750 134 21948 36027 19760 4695 37233 30849 23132 10735 39144 24852 4804 26498 26512 33379 16236 3681 19422 23765 12145 23885 19486 37286 14468 32080 30541 22432 36213 22182 32241 35987 39604 16752 34041 33174 1398 31589 33827 17590 28828 14356 39386 38933 33079 195 24587 29092 8289 5456 30646 21090 33118 5917 4449 8854 31232 39119 20089 25965 30890 17096 27187 21783 29340 32217 38474 28618 938 1895 37951 12071 9113 37074 33665 10863 24953 1721 24033 14278 1672 22045 2899 34812 630 4990 23475 6935 19768 32930 36862 37907 421 38089 38618 16089 1575 36549 23207 32834 6406 6242 34823 21797 30596 921 12720 30029 2477 3985 31550 16856 34727 707 3521 29143
13438 2756 14001 11184 35312 24187 2783 31462 22187 13349 6268 28364 36891 22285 27337 29443 36160 20596 35808 31397 24452 30534 7358 32495 6366 10473 689 3945 34934 37722 18655 18864 2934 11284 33240 26214 32399 36099 38189 24890 18619 26609 5071 38065 20228 12579 30594 29699 15463 11103 4552 13869 11504 7280 33191 19094 15946 5855 27855 3390 36244 25452 15490 17806 7330 7825 15608 26210 14533 17177 31671 35164 24914 10066 19233 25189 29462 4159 15711 20431 29658 23606 18433 28793 30441 12041 32137 30540 1223 35782 24267 28019 7806 16467 13348 5725 10899 4242 37041 4403 31468 30474 18640 39245 3344 9344 8936 26593 3424 21133 29660 25671 3387 5278 30906 4493 272 10678 31859 22730 21880 5422 10536 32983 30808 7332 8088 23699 15789 36767 11843 16508 37033 10766 9753 36973 30023 1298 34418 26947 32281 37379 38313 4187 29191 32590 13104 39428 32845 27444 27066 19593 20607 27145 27698 35222 29073 14204 3976 16941 25085 7916 14734 13539 24627 10011 1199 9780 34625 10718 35378 34503 14474 19575 12020 5491 39798 38828 19005 35637 13129 42 22939 24176 15554 38298 16283 27018 26264 7880 22176 8346 8993 20088 16586 8453 32785 10559 25774 33412
6258 37524 20148 34631 22788 6629 15410 23205 2159 1562 19240 5313 11609 1107 24500 6047 5895 17694 22054 24211 5919 13152 23384 32006 11022 1389 5561 39126 19687 23572 28059 6365 2471 20437 30477 16329 36578 26036 18903 17781 31701 5371 22483 22687 12798 26809 32167 31968 36012 16662 1654 2158 4029 36868 17358 31735 10889 30634 23589 1023 30243 31707 26136 32918 4089 6537 19601 29513 15297 8215 3841 33567 7991 27755 37362 20777 11389 20239 6995 15802 15835 23529 30490 4787 2211 3323 3978 18293 3412 36147 3402 24950 3464 33109 24485 21382 2391 31273 16605 13871 2442 22536 16363 28842 13160 26643 4594 22777 4611 19147 21937 37626 35976 20194 5760 12650 22800 39427 7784 2751 20002 20793 11274 38266 38839 6377 21017 17159 18631 1026 20756 6634 3455 20905 35071 13406 12098 11683 4739 9924 31179 19526 31633 33481 9859 36228 28719 10607 1677 37243 31185 22530 16820 4346 3124 14052 14226 519 29965 19362 15302 6322 13576 26792 35585 38075 22888 31848 7351 35943 17506 36317 32985 6768 23467 9799 17369 31083 27989 39009 30628 19071 5099 37182 3047 35830 12352 4009 37741 32607 30281 8457 26028 37393 22975 24825 12447 30249 10915 8737
9248 24184 11637 19557 38205 17122 8180 28683 5972 4641 11733 27852 10622 20858 10007 6599 600 350 39799 10675 25689 17232 37 14320 22484 28323 9949 19513 24581 8875 17428 38163 39918 20918 32357 21654 13209 25136 10060 39218 833 15214 12994 21302 18881 26396 13177 22802 15351 7455 28563 27104 17195 27028 3027 15464 3675 32022 1596 38416 34741 39432 36560 17299 4885 16511 35852 36934 11800 9137 4964 19304 10140 28376 12638 2417 11491 12989 15976 32271 16339 28144 17872 25865 6191 6209 7470 19148 27100 13284 1635 10620 39263 30379 4457 27538 17952 21585 11750 30376 17787 2107 18807 16146 21446 5700 9805 18178 8832 29056 29566 25570 11133 28635 432 4957 4833 23899 12714 37589 35227 17605 1582 10990 15257 15256 6410 8218 15282 36908 25761 10001 14031 36130 1798 10149 36247 39890 22314 22011 15563 30051 30246 22224 9745 31562 30084 21636 27432 16123 9060 5404 32429 1201 27583 26090 26702 22250 9125 39770 5671 21136 17236 24946 2246 37891 6619 39220 18816 28881 2389 20453 23640 33474 764 14527 36445 11536 33843 13842 22394 17056 21697 26006 13827 24608 11009 10919 31565 7277 3918 34899 29994 37411 21833 27663 18644 20302 6163 20184
36312 13113 14964 7178 17942 12080 38118 35654 35996 34998 25032 38259 12817 34160 15738 10266 20583 16867 21877 36258 20913 29007 36400 11786 32102 6760 24006 33299 1381 9162 5565 12307 21882 33205 2910 17318 17813 35740 14855 34022 12376 13911 21218 12749 1428 33705 17292 5993 22087 35700 37055 17470 32386 5157 24799 180 35926 35815 19107 2844 6764 29497 18651 20861 19667 8736 12510 20418 16404 341 22148 36139 24537 30439 1086 35561 7068 26821 34800 19968 10529 23452 38628 6598 37566 18189 34797 18548 1883 35031 11842 13974 17245 21789 23930 28524 17328 22053 20730 22781 25506 19298 38652 7306 34539 363 33805 1732 346 20753 13470 38066 33032 5033 3259 3768 16826 37054 24954 39736 32328 37900 7369 35699 18326 39882 27529 26429 17971 27024 30014 26950 10015 38097 25649 30623 12597 28757 39232 35407 35126 27487 27915 998 8416 6947 20694 30981 11805 21678 36285 5983 12231 39484 27847 10866 2219 20492 4263 29142 20224 17576 17702 14631 34813 38967 29175 6099 15411 29599 30403 23741 12952 37459 6198 6295 37374 11849 32521 21418 3057 29420 23575 16624 38547 24941 24626 31372 38341 36969 18069 17752 31018 27399 30448 7040 34241 6646 13022 25302
3857 24544 36836 24501 33233 25580 16604 17616 14081 18887 1170 24957 27491 24599 2422 7753 6719 28514 26305 13751 12532 5881 28204 17644 2469 2879 3425 8700 26585 23064 28904 13314 21722 36775 13982 25369 13936 7766 31302 20919 26974 14328 5576 16246 30652 21459 12770 6731 12751 22990 17740 9130 33744 4050 31526 16774 9037 6460 5220 17756 11820 31210 19823 29446 23248 17332 28039 19413 5510 74 23301 14519 38203 35641 16239 12504 1713 24418 36201 10389 9723 38706 24170 1394 35650 26067 10008 7245 8184 30038 20667 23468 34724 20438 28631 13014 18163 29019 24271 27142 14194 35659 15449 3779 5792 7395 11684 24891 24021 21715 36793 20811 22794 3216 24249 328 12829 16211 3787 38196 8777 16319 11868 23554 27036 10167 24851 10880 6632 19879 33928 14190 28487 21427 16154 28988 4389 16171 30639 37028 28759 33186 36329 36534 17422 20963 12481 24247 17326 5661 18734 6568 19808 28192 2453 9281 31620 22815 34341 12342 30 18414 5012 24371 33338 36711 25726 10895 20188 14024 28949 38758 9022 31120 17700 12847 29948 6517 9750 14393 18374 35064 1985 14647 25558 3324 10749 23848 32742 13772 23769 19458 6653 9593 34816 6674 30323 22903 9656 12668
7389 3557 37238 26607 32094 32433 31841 38657 36938 12284 711 2278 23140 31384 26024 16637 10382 10108 22734 6544 27121 22110 37167 10719 2545 37684 35110 6197 251 22663 25194 23052 19929 18259 26893 15391 26676 17337 30063 13123 7201 14782 36537 26865 34243 16936 27652 8240 32511 37448 8521 34314 34442 25962 28416 34141 15058 28336 9957 28326 33462 34098 22090 9354 36638 33774 35599 15314 33434 6502 22721 26916 19889 13408 5819 18999 5225 33279 26371 13916 19521 22907 3363 21061 22310 24927 36564 17287 38350 37088 25816 21897 24990 34575 9415 26 26983 28325 29135 32666 25380 37352 34608 36133 28522 10250 24885 13718 37875 27879 27518 30444 19842 39559 22482 11482 34954 13824 671 18452 18510 6127 23947 967 28171 15753 5613 6926 17030 24558 29139 25942 24159 11694 10586 18954 27392 28657 34010 31503 14142 4644 32251 35496 5182 36962 1314 29864 18443 30250 24321 13062 13124 34394 16891 36874 898 12698 1098 26644 33627 10560 5938 19417 4341 10783 32329 30145 6181 13563 36300 25834 34199 30795 36784 38198 30773 39043 20778 3185 18192 31514 29068 23859 20421 23102 8804 31103 6828 20942 37106 30228 16870 15508 30615 27308 35762 35499 6932 27344
8370 25429 30273 34986 1863 14799 3784 23992 27388 23509 9997 27319 21796 21708 20751 9619 6928 35935 30778 14576 4908 6034 15027 25493 38918 18756 21861 5039 39579 16341 18086 15853 24338 9811 10450 3146 2567 38173 23709 39735 15324 34001 23388 30044 8429 36260 36842 2 36107 23326 21843 27211 8790 10985 38504 16099 10568 28896 24536 20433 32254 14302 25334 21150 21592 17377 27070 1540 38754 35888 19588 15966 8485 6422 18097 4743 37281 37021 258 29781 28259 1568 12333 9001 36516 27417 26764 10134 36089 19099 638 18551 17562 28114 10055 35276 32739 26002 12876 5385 4938 2826 32213 16922 21137 36414 36813 28344 17951 24614 6420 15562 34047 8817 38296 16028 37076 14569 32649 23077 28457 13233 21691 32014 30753 32294 28991 5752 10319 23692 16480 31510 8570 17754 851 11300 27465 17169 32693 28700 37196 6373 28360 15335 30988 1491 22640 5517 17331 34350 28695 25679 23365 9782 5306 14224 39175 716 25359 12901 14575 22342 30220 27478 16019 34683 8708 1832 36879 25775 15638 34728 24631 17460 9165 27387 33106 29651 29523 18307 4817 17718 17784 6385 37417 20047 27824 39069 37493 6833 18763 1906 25036 30154 22647 6611 25238 4645 30592 37595
10151 39632 21463 9705 31245 37567 32346 6140 30572 4207 16561 38022 17629 15387 31177 28190 35294 4667 26793 2243 12175 7384 29451 10328 1158 31876 35984 3968 22603 26943 6098 22062 14723 19846 33946 39710 5835 36045 12208 8174 18983 38112 2941 14473 30493 15203 38441 15575 19492 36069 25358 1850 16749 12237 33923 10649 17643 15207 3782 30497 22172 33739 15548 38593 15863 5543 24947 23818 28781 19098 35332 22867 18788 2338 7622 35967 16552 3312 11610 38815 544 5243 33262 33808 4270 19710 7164 13739 4872 3440 36036 3233 16441 37755 16181 6747 22778 291 414 33376 32196 11973 1580 7347 38365 26434 17246 12008 3792 23486 22798 36062 21325 37662 23650 18477 29782 15309 5195 36988 25348 14915 809 5867 22259 24526 12570 4196 15295 34706 30263 12216 29472 27807 27926 6054 31688 13236 12632 17940 35504 13579 25964 38230 22579 22018 29409 22035 1291 22806 34414 22212 37063 12893 23265 17655 23844 34872 13428 25456 24326 21741 6627 31640 8598 7364 7482 33142 19606 5027 8 36730 14429 35919 39639 5238 33532 28746 34327 18762 17528 15332 22472 27520 13432 35590 16587 37172 24011 11084 9178 6951 21967 13166 30277 38535 31673 23239 34374 6156
39441 21185 7563 37865 29043 10362 4167 34450 25681 27336 30322 2050 38990 6224 10467 11216 13411 11093 20283 38436 38244 11246 37000 33885 24059 7194 36471 29344 26994 37110 38963 10119 15279 32277 25687 21318 18280 11752 15382 8149 18579 24016 17355 9203 20634 20997 10956 17073 11101 32838 13450 23281 18986 21469 35837 23680 15821 11227 21513 27984 23747 37672 13142 6296 27081 25240 5977 699 3210 21174 19912 38270 35284 28209 15780 945 9425 7879 24085 37344 22372 19223 31581 2592 3313 8614 24849 11927 17496 24691 11500 16269 32722 9643 10381 7407 30770 37976 22155 6718 26098 8066 23752 39556 30201 18705 29953 19234 35519 7900 16858 12088 2094 30662 18233 34755 9483 36724 15293 31728 14457 35434 27772 7525 29912 33023 12529 24502 13666 32866 9218 10785 12972 6810 31881 20021 26553 26319 29886 910 39874 887 34515 30017 29636 20746 4405 35383 6433 21081 10442 1898 38556 11965 19643 13967 3601 15736 22738 8110 28960 18549 903 28284 9431 30595 8842 2987 11671 16762 7546 18990 6815 23488 29133 19762 9277 27736 17202 15523 25319 37711 39343 32463 34849 5708 25039 37263 37437 29279 12914 9887 8260 29452 6888 7295 1548 636 33625 14755
3053 8124 35018 7219 7171 28063 23039 34287 2947 38431 23979 5400 2824 24833 14274 8922 5147 19757 4895 20632 34421 588 26772 427 38149 8545 8979 29603 1888 22682 2782 39634 38172 9950 39097 3903 10345 13724 12571 20893 18897 25148 17950 23005 39315 35217 36748 33531 276 7420 8896 17922 32194 35793 20579 39464 32168 10774 30502 92 34803 25860 32612 12802 25133 12821 38036 18384 21101 9598 7958 349 34487 36035 28895 16983 4694 27268 16792 32396 17340 26478 26529 8585 24670 20217 1402 2463 26288 6558 36753 7986 3717 26303 16030 25807 5290 2766 20771 8316 5363 34945 4439 13380 26543 37628 13476 9428 32426 32522 29406 28097 21028 5935 14891 27148 36477 4200 24779 37521 35631 19214 25219 2551 11521 36668 27488 4259 18901 32036 12169 21786 18853 9531 8307 10551 27994 39450 21425 16747 31991 4392 27952 21603 18040 15707 37066 515 22848 39972 917 16184 26077 32781 20925 12764 21899 31052 22316 15113 18791 6923 26145 1994 16021 24012 21631 36885 5450 13180 6861 39612 26154 25468 8550 9444 21476 5783 30297 33782 34236 26381 5500 32800 23026 7989 3435 23375 14263 1894 37079 32702 15856 9582 26104 22171 9829 3098 11011 24612
9350 30657 7045 13456 17990 36486 13173 3183 5933 3088 23076 29760 21478 25941 557 30025 13667 19026 30703 13483 22549 27495 38806 33475 104 36009 25600 23555 8342 13363 39709 17518 9817 39138 5829 38725 24531 3208 15208 30206 36218 19097 32755 19327 17057 31130 37936 27849 20972 20985 15092 9985 28942 22733 21345 9774 17103 39618 39272 7095 577 19398 13137 29318 14458 33435 33317 23601 6328 26504 7172 11912 32314 4781 3793 16006 38539 32876 36881 31678 6919 25089 38253 12651 19434 25093 16977 27832 38237 6780 12955 3814 16844 12864 7081 13690 22604 38886 26501 21907 25205 1025 11146 4262 13920 13304 13548 20592 26088 39415 5232 35254 21764 17305 29735 27527 22386 36661 20688 28150 15413 3251 20286 37387 25102 7475 8820 403 39864 12290 14435 9890 13828 39644 35257 38780 25362 16128 10434 33133 9476 17499 12127 4883 23621 26455 15619 25979 39873 14884 17635 11245 404 37675 22274 39613 11285 31155 11395 19966 21490 37692 20470 27116 36412 19952 17311 34300 5267 24017 23609 22499 7816 8302 23091 38989 31853 18774 25478 16952 14574 27162 29836 25959 32097 37712 10340 28435 11126 38219 17435 9414 27774 35439 3983 35961 26844 25060 33952 5875
25971 6119 33020 36478 423 6704 15648 35154 27856 3353 31819 3187 31497 15990 26173 37994 11841 32635 1350 15785 15704 30123 38601 8833 552 24595 4914 14133 25405 34585 27608 34671 7272 31554 5654 3560 2291 23030 8487 1561 5676 38552 35575 37827 28962 8775 6207 39172 20301 5190 26144 19556 18944 5210 12035 34297 24380 1757 170 1959 8198 15718 14666 226 13339 9797 20204 30665 36171 9136 13825 21537 30398 37568 32674 9591 13162 34025 21073 24165 1949 31199 3780 36975 24151 21567 18894 10242 38623 10263 18094 16385 4629 32082 37320 293 20315 24347 8534 24005 22157 22357 33311 1943 18607 39904 28727 1516 16024 7611 31697 18518 8039 5670 20754 21656 3345 32190 28278 7509 18036 12157 17438 27767 18877 28043 9685 29746 39254 34831 30942 1928 14307 16382 23740 2919 24745 19247 30687 24729 20005 10778 33831 10699 37759 26321 13232 29332 10597 1890 20093 10683 20373 38162 38951 35204 39091 3479 38515 15420 16369 32778 23863 32182 10275 22534 14619 24765 14876 29747 26365 32469 37904 33247 2109 39863 20815 20907 18365 8304 34911 33067 17462 7722 31003 32437 4124 9675 25954 23838 21131 29023 35115 22340 37986 12475 33838 13238 38398 758
36964 20442 37142 16472 6404 24613 39733 2633 23086 38140 11765 10197 27716 35524 7964 39947 12996 26063 26756 35703 20513 9918 7134 25041 18680 6458 13610 37845 11751 38254 16097 30298 3882 34894 22367 12992 20036 29555 1071 37922 21737 23965 7691 1737 30654 37926 38627 16566 35891 13108 36023 31543 36817 35605 2188 14954 24886 29996 5503 12514 12560 3242 9558 26508 14961 20760 2282 20725 37050 25977 3930 28161 30170 34516 19021 16955 9236 2788 36779 19688 28152 30265 19028 7361 625 27635 30568 5344 9380 1437 16425 11470 1379 12357 19519 18503 35435 4168 20293 8525 16740 1369 7817 10768 32089 34732 7970 18115 6689 39583 20048 5298 5861 609 22891 26908 28266 20209 19459 13848 31499 4133 36206 30460 18969 4070 13527 15873 2713 7140 14760 2906 38711 31724 34874 7654 30226 29751 35949 38737 30936 30866 19974 21512 33084 27889 4254 3127 36533 12523 7304 30653 22008 21124 19657 32184 10485 23409 26159 10855 7662 10223 9527 4018 24965 38782 271 37491 25541 6648 29786 28283 17183 10017 12609 4052 1310 35260 22123 33090 15509 35132 38818 21093 1537 2262 28733 23895 33324 20695 26763 19294 16442 27350 22027 192 35084 17948 27222 36664
37277 11585 39472 6521 39197 29373 30107 7310 830 3981 38633 15954 14857 4606 22402 13531 33453 14070 27828 449 35348 35744 16358 39161 5465 20873 31010 17615 31590 22736 13030 20828 19572 22983 26306 9663 1227 12229 8611 2579 37814 7089 19926 31642 1804 26572 20023 13524 39431 25046 33986 1008 6474 17104 4225 35614 4608 25191 11651 39955 32214 13979 20511 6590 21226 20774 37528 2683 27163 20068 26668 24961 18672 17508 33973 28750 28443 1087 38136 4130 12877 8996 32158 2717 27242 22533 6374 11027 9819 23254 21166 31263 34101 36159 35761 28703 34344 38108 28548 1284 3404 9568 4761 25623 6244 5891 29752 10205 13729 2529 33501 16679 33553 23418 22544 32984 38981 18857 16895 39312 35112 4523 6380 5720 10260 18819 7613 2572 89 37189 22277 32448 12943 29317 32794 7313 36474 30876 15109 5826 6723 11551 8995 33490 25947 22950 30604 37694 22242 15242 17388 34810 7459 34650 10440 39202 36229 19006 19389 37917 13879 12736 13615 9127 11352 9881 8987 11039 29398 765 23799 27001 38079 25419 25624 2859 25542 18922 30082 32924 25059 37124 26527 35229 37520 10020 23024 39610 33048 29944 5785 30718 6941 789 10161 23357 10320 37139 39201 27500
26801 22927 17209 18261 23497 31832 3264 12164 20495 13629 2667 36321 20102 39321 15560 30346 18635 29990 16223 33891 33857 14563 36018 19437 19080 914 20439 24785 8369 34799 288 37185 12677 37049 4365 4395 30266 18297 9202 24071 32004 670 30182 22418 27127 36822 9717 30075 34927 27183 37758 38115 25515 3033 1538 28792 39348 11953 12715 9044 28480 12522 26189 29423 20415 3282 7079 39167 29208 12735 29722 13263 15322 16951 9803 9580 14524 10830 36149 7323 26874 4910 8910 19199 4373 30561 4722 10116 18299 22079 25347 3076 18100 2380 32163 34330 11979 32478 37240 21091 3051 11810 4749 20450 17941 14955 12906 2451 2143 1772 38876 1488 39586 29307 6870 1722 1148 39652 3136 9389 10077 24624 2112 17430 12858 11090 34111 14706 12541 33603 3014 26132 1295 25079 29932 15299 21683 9628 33089 1115 39500 30104 834 27227 17087 23596 33980 10136 17176 20029 25269 3698 2978 31077 2930 24609 23796 37542 35428 21182 25214 12210 39520 24180 25350 10012 24795 36582 4414 6273 34007 2769 22572 5143 22858 39970 35652 2445 3401 1273 18033 20469 38073 20482 6971 6536 2636 17099 39487 2455 28656 16919 26469 12800 358 6282 14536 8944 15878 12880
38027 2205 4762 7221 12141 20498 37792 24644 32773 3563 34869 35349 28705 8269 25930 35872 39808 18416 34701 39108 977 26192 5569 29418 10903 35123 23647 21845 15784 34198 32363 30839 21071 26262 23177 7782 4845 27380 25215 37098 10016 30156 17158 16447 38053 8907 20284 4656 329 12681 15280 18341 20345 20056 37090 25883 38750 3451 38464 9642 31746 12282 30891 35346 22433 4397 6539 29933 28684 8266 19829 12180 4271 10369 30465 924 30021 24131 28679 1065 12045 33839 10731 16500 27739 36679 27548 14047 22406 14329 39921 28625 26249 2329 22728 29222 34570 3375 22118 2605 38422 15491 16854 9744 30965 39243 19469 18565 37635 29598 2274 26706 16389 24248 12939 20659 22145 20872 28570 7365 2649 4882 15132 990 1132 16902 10896 17530 34239 14959 30992 38510 12186 16742 22261 27088 14717 11043 32699 31113 4489 20114 24270 15153 12940 22427 2465 10997 36527 30593 16979 25023 27286 36327 30877 38898 8315 33656 35813 12119 32459 17080 27539 7185 38692 35550 24105 34740 11856 3912 35893 35200 23780 8245 10210 4417 12060 22265 35019 11853 10308 10500 23489 33129 28331 7103 33762 12538 6253 1945 10357 22753 28290 30911 37795 29224 6784 6379 16949 6171
36717 11270 35121 28493 6529 14366 16187 22755 30607 30663 34162 27742 35696 11961 11191 6654 25836 7377 12626 8892 4274 15762 38891 10466 26650 16599 8566 13944 16279 38841 4844 19421 11209 21876 12843 26615 11347 37825 30191 9872 919 17690 2634 9514 17533 27877 12506 7568 36812 33734 19809 31317 20465 21969 35280 15147 24201 25529 5985 39248 14426 18478 29879 9417 14783 26785 19255 12203 29806 124 23802 39049 38740 31436 27536 18217 24846 34507 38486 29878 15871 16802 11976 10185 31088 6538 15278 7646 38588 29365 3990 28221 36801 22279 39897 19289 18241 22154 488 1793 15675 15353 25853 33937 32100 12219 18054 436 34978 11206 2206 19850 13057 22790 33832 9156 30829 667 2954 6865 545 6468 37161 12139 20544 39758 19585 33505 4160 24462 37630 17955 29017 28820 21842 14985 33331 32865 6595 22882 31350 20229 19461 29014 3817 2287 37408 36869 3398 8318 17275 26961 27975 38346 2081 11414 17998 33726 6792 27303 5804 35937 21685 5696 28243 8386 4353 8045 190 22378 14352 24509 20406 30447 38969 28058 10992 21335 35840 14197 14624 32978 11688 4038 6489 18221 21199 11355 16157 34225 11658 32976 29285 1695 23426 24928 2104 35494 3634 3461
19751 37702 36150 23617 33333 10618 31341 35826 24584 22006 27400 20327 37821 14140 559 32438 17444 24238 2870 5692 23328 15782 5840 15799 36084 38843 30721 4333 26884 6534 10013 30782 12733 12054 22329 36462 1386 27479 21521 27506 37473 16125 32956 31574 15897 34524 24355 10244 17095 22020 29619 34762 11726 35139 37019 31732 17487 34504 10033 16520 36765 27239 39226 34521 11640 37834 21088 2873 33226 3923 16180 14086 39081 3234 31501 811 38016 35172 19508 15436 7610 30850 3959 1622 11703 21768 17997 30494 17741 32597 23443 2439 26068 36432 38109 31808 7226 167 21950 33452 8744 37401 3493 35267 17672 7405 26431 30934 17695 29242 22181 3997 18315 10359 37513 34061 16360 25397 18775 25652 1387 13433 573 14601 1642 34161 37804 11797 10040 23988 23154 21892 28677 18150 33983 26603 35270 10360 34529 5167 16060 13218 3622 26188 27374 35557 3311 23381 32879 26486 30736 32562 4099 25261 3486 21509 2420 18815 6982 1146 4745 10126 32698 27811 6488 22885 26404 6711 26946 26061 8038 7693 7105 38193 34636 14390 23032 30786 1018 8427 12791 33419 28720 13298 38766 31742 34308 27223 37029 28998 19813 39345 10777 23075 9052 38978 12705 21912 572 14566
17307 22744 9312 13959 19241 26007 28467 2363 37822 6757 33011 16256 36653 1726 1318 33587 121 12074 27124 25828 17109 7298 33933 24090 24854 13572 14653 35081 11543 27282 6056 6064 38496 33401 36928 6563 14376 11439 3684 31307 25367 39928 17250 32568 24677 14720 25857 22270 17390 1088 29642 27382 21995 21064 16324 25365 29291 15098 20677 3785 15241 32619 35249 19729 32292 17625 3316 33964 31929 37638 8729 20641 30578 676 14353 23050 38444 9365 1024 38625 36577 29213 2576 27113 22501 30400 29672 32738 3490 20255 20899 15524 23978 407 10793 29137 9157 32583 10028 13700 30688 35305 6086 28818 34738 837 16130 5660 21915 8244 27464 26712 33978 16920 28295 24282 25830 5051 27780 2040 18415 32000 30660 34304 35769 14319 11920 24966 18319 8755 10482 13816 18107 29822 30178 25283 23736 36500 17859 6436 23307 38752 19940 13973 33939 9046 10940 11143 2666 34242 633 11505 34471 30666 21141 27896 7460 32972 17379 24183 34498 2045 1184 17650 31585 25357 18428 28779 35445 36734 36056 22945 15359 23645 38814 20865 987 4370 18909 37122 6734 7631 15682 12998 12683 7828 10542 493 24413 9999 24399 27408 23969 20477 5600 370 20083 9987 24062 16817
25661 36210 19052 37796 16287 8082 10177 12684 21204 2100 28349 6352 31959 10085 13616 21139 35661 20553 3924 16160 13905 11823 29105 30116 21371 24763 14314 2344 6125 35757 641 3168 24815 6194 30200 8195 25496 23085 36759 17034 25958 3746 5348 9578 21025 1686 26680 1623 2979 27108 26029 13803 37107 7174 8691 31947 37495 5665 2662 4591 25322 20207 8410 33849 19819 14372 3722 25243 37038 5731 3023 32534 19648 35446 18399 1085 9066 20464 1836 21977 38245 37274 26019 33574 25526 7953 651 23364 4214 1292 6996 32679 36503 34323 24580 33825 33104 10380 39267 13947 11379 30049 32512 3350 5601 10284 35715 7689 39371 1144 3715 17850 37977 20703 21033 23682 18967 31911 12085 25330 18105 16821 16540 16012 36587 20973 23772 2594 7726 1905 5747 26830 21385 19836 23131 39013 15928 10650 24433 34349 19384 28651 3789 2931 14991 36051 11490 26721 2009 21407 19880 9625 14622 18065 34511 29860 11529 28335 1082 12034 24798 12840 60 7505 21640 39835 15879 9371 11931 4016 17567 25946 17611 5104 16541 18736 36719 37866 29652 32561 35460 6045 24757 30805 22102 8895 11035 19663 2369 533 5545 9096 31617 4663 524 12598 34859 2171 28880 24642
173 29048 30306 36712 17178 38536 35127 31271 8365 3151 29011 27976 15681 6596 7090 28777 29759 21013 8783 11600 8622 10187 36506 36931 11471 43 16466 25112 22043 25808 20118 4144 4688 4540 9082 13278 26495 20443 23721 29937 8624 30597 21589 26517 17378 35788 6964 2779 25120 26026 2554 7380 2272 619 18227 21997 39964 25532 27273 38763 7438 39036 36292 24880 22526 10471 5352 39045 17148 28450 11998 10834 7799 32299 18538 26479 36203 26532 16760 39642 21935 12207 9697 26276 28728 20909 32159 11818 2911 886 15155 26651 24975 4226 28541 237 36042 16988 23116 27257 32980 6421 3566 24623 29257 28699 38044 23459 27056 8312 39137 21134 4475 25426 4458 16886 14296 1091 25404 9975 11806 28220 39923 11496 14486 16943 14080 27570 19972 32864 29000 19150 9530 32628 21561 25385 28606 35834 13845 22630 12441 36091 27324 6016 32216 16770 20514 34761 5319 10948 3581 22115 10723 9574 11262 22537 37699 20706 28539 17157 32286 913 31756 33069 2031 21690 20139 23708 33976 36658 34749 7445 19183 39911 10712 2242 9959 33797 24420 35645 7169 11387 17907 34766 22664 22643 17310 26845 12744 30169 8882 13109 23926 28542 16636 33529 31247 17829 6903 19597
5496 37275 17028 21126 9804 38985 34229 36059 14591 26078 23872 22346 20122 1782 813 28011 32883 17223 22878 17637 35918 39811 32842 33737 33803 23671 28941 13414 21068 21258 27050 34375 2448 19619 11617 17319 24711 37140 34245 7962 29592 17520 26107 26972 29624 38562 31777 28772 6878 39445 7620 25697 4202 25539 3334 20475 25781 26092 39907 39490 16465 24139 3370 19673 3844 5809 14339 18042 36839 8468 29930 1388 37809 37272 4103 17887 12124 35373 2668 16367 32064 27342 38805 25520 26519 1510 22583 14330 17167 37024 10203 3246 13135 24606 1339 1222 16290 5904 35301 34140 17110 14380 28257 38439 27874 19488 30339 26187 15538 30285 1138 3224 8664 5127 18952 28381 21144 4461 24877 7290 13308 22543 5473 32931 1470 21019 13430 30450 25923 15840 2237 23871 26858 35420 38639 21063 20722 24498 13197 38979 37239 11530 6594 20890 10703 36535 16298 2940 11799 21152 10171 21296 1038 1738 26870 16491 36699 39159 39742 18882 31164 17665 33119 39491 27404 3079 12291 35707 12318 1667 32353 31126 5322 24762 16486 26725 6688 31243 3002 24144 11983 6188 21903 39242 33765 27595 7320 6929 17989 17123 20538 21036 18123 4003 35055 19182 6843 6980 20311 34764
23631 27902 29848 39132 24935 26229 15 28967 19917 32311 37503 26332 8452 22124 30900 7676 35337 21542 31521 33652 36517 36448 39131 35640 38481 8280 20288 20420 8123 13318 34395 38983 25747 39950 21378 25753 21237 17839 4151 23338 1111 6846 28313 16082 11369 3548 8712 29987 21871 13728 15581 32716 26167 6601 34392 10556 27623 13710 22661 7873 38682 669 12049 32498 33271 21454 22941 25843 16883 23250 32714 8652 3022 5426 13251 20562 18118 25777 3913 13070 19166 39064 3258 5349 11596 32130 32053 9264 13888 21254 6126 36318 1999 13924 22179 31866 7827 33609 4260 20037 32283 21171 17626 16213 34338 17348 13053 8296 15752 11855 32823 33619 16252 17091 13733 4433 5740 28973 30385 24099 35821 38225 14522 37072 12370 27261 39905 4693 3791 20947 16889 6800 37192 25561 22675 2805 164 19360 9610 24574 21609 29706 7850 23073 8901 36810 21369 19658 31385 7498 12458 27059 11586 21973 10874 11732 30948 13224 18637 34086 29292 33126 30952 37960 33878 6641 23386 37843 38661 18959 22064 17045 32209 27206 37136 6304 2258 31814 29390 10638 39875 23816 1239 32914 37906 36972 18784 8004 31941 27212 25824 14742 12790 27235 36919 13174 11716 37818 26432 309
7487 24150 2280 16623 23218 21342 9916 8577 37414 23457 9897 27790 17387 18974 113 16565 5301 36513 20827 39745 31001 38206 5440 16654 18421 6673 25331 838 5674 1821 30083 32592 20297 16397 13677 37606 22222 33742 5577 30052 19645 31028 10775 11406 29984 22201 24489 16250 35857 34218 24909 23625 2943 31298 7434 38501 4025 27786 3273 32928 13763 14418 5172 23902 10138 22639 15900 8716 34802 16451 32493 30071 6817 10541 19522 32532 39384 15210 21728 22455 35100 6856 13312 27939 4986 31387 27598 24147 19806 18458 24897 38551 20671 30196 34623 21010 7982 7122 39512 37847 4966 10641 7571 26000 24696 13157 12976 38946 14460 38335 34404 1606 39110 18657 23568 31200 12090 13658 15899 4487 29627 10533 3044 7865 29641 7720 31308 15719 144 27255 32124 36677 34678 16498 14665 35843 18556 4900 19796 5924 37687 22830 27501 6055 36630 25915 6705 30002 15126 12546 4981 18075 13011 38428 13906 2530 21370 23938 6238 16531 19093 27898 3531 33012 33792 26097 31058 38603 9515 30862 37674 32145 14850 20805 29669 34094 38794 25433 19893 1531 20589 10571 11383 505 26551 37218 30961 37158 6252 12569 30244 18196 37228 6315 38017 27472 13091 16864 26745 26014
23380 9057 27095 2070 25549 33289 29448 6182 5499 24981 36798 37636 10953 35794 36309 5120 31416 13395 8135 36372 15094 35532 10303 3296 37018 5343 4257 38019 37978 21164 19509 26636 23304 31692 23537 19121 37603 31818 31043 15732 19342 14821 18737 35399 29580 11959 13961 16092 27763 10290 27558 26360 8310 1946 22551 30415 5902 30956 34044 26015 27759 21727 4479 26168 29496 11958 15213 9151 7072 14234 24616 10297 36143 14299 33313 11366 12356 39600 32037 22244 31648 33508 14213 19146 10346 25321 14256 35832 20146 14097 36255 9958 1436 34951 25342 9584 27921 39412 29919 1200 37839 1156 32784 3476 18499 34615 23698 31133 26225 39191 3992 836 25414 30702 25703 36697 16172 24995 31546 5101 11320 35573 7599 17085 23010 2332 28208 6912 27346 32339 33763 38426 18437 32278 4028 38286 15157 23031 14940 14392 7000 31998 38779 27801 7041 34464 39792 28602 3355 7564 26472 14355 11628 5744 7851 6727 8154 25130 22162 37862 9871 30920 11384 2407 25034 15625 32792 8569 24108 6756 34824 17395 7681 7548 13371 33322 23733 38976 34902 21930 30442 18238 13997 30225 8030 13261 30649 26578 30011 21860 6628 29974 14128 39662 36131 21159 28718 33016 20886 36872
3730 10245 37186 2479 10522 5410 39396 39063 6698 14382 2593 11174 6560 1152 8520 13781 24089 15112 1741 36654 11390 20447 25165 1796 15763 17735 39547 26329 14739 35839 19010 10636 18368 15717 36222 3422 36740 24589 24723 33651 18545 16834 16325 17473 21423 21085 38626 11169 36871 16049 31709 39075 13382 27318 29808 31535 21434 1180 9266 7988 20096 12695 8034 17336 33334 38399 5782 7097 19677 21835 11289 37867 35878 26647 14170 30726 25180 20983 26579 20351 17293 18197 22408 16013 30057 21536 23777 20295 20276 35402 4128 28397 2309 3017 38209 11075 21352 20003 19965 20483 12930 14725 4384 6638 1828 10408 4229 25591 6301 8852 18511 11925 5996 22347 24738 235 33722 29795 19662 21384 27446 19792 30979 14579 25874 12968 6661 5003 29778 27019 16743 15502 27819 24073 15329 26758 14966 29850 28538 23146 23208 5599 18553 286 3302 22917 32225 28873 38063 4416 27883 3712 9606 27431 30549 8424 8295 19207 36347 20294 15676 8107 29229 37205 11324 23900 32056 37067 32034 128 3020 24124 35533 1629 10252 25895 15740 3198 15473 5084 19535 25820 39006 27866 1238 24030 3139 21595 9786 36651 12932 21424 1145 15984 6431 29753 32132 19066 16728 34695
4243 8684 4779 18177 4975 17776 29035 6681 3854 28333 27779 25295 17132 33988 21998 33636 21988 311 12015 36646 38415 5419 3593 19387 23234 34200 36626 5030 19770 14748 24997 37171 31002 25058 4446 19584 27905 35042 2809 22560 37971 15826 17106 37231 10602 17005 24806 34530 39223 36418 16640 28272 14051 34415 15336 8118 7243 6225 4712 31740 11416 34126 10349 20245 34302 32118 19467 22749 28986 4442 11639 29867 13849 33206 29973 21974 3067 32662 25798 10052 24191 4932 18381 23156 10686 13574 26436 1459 23581 263 22411 12228 32993 26430 19060 27477 29875 27497 19795 28604 18466 18169 9276 22397 39335 28661 17427 3756 12226 14837 37314 28477 33253 34901 15995 11147 925 17098 13966 17631 28361 33573 12631 29964 23216 34739 34269 27777 753 16475 26500 33530 11159 38247 27578 39670 8111 14795 29489 10847 20458 12325 36970 25588 9564 32436 24604 22356 32092 16270 34233 20472 21643 3532 12499 35515 25254 29553 5237 14707 8223 9204 24653 5948 13963 2456 9777 31925 28974 8363 14761 36883 35899 18495 4976 20945 11241 1179 20063 6079 1550 2487 25378 37823 36202 27562 18854 23950 34379 20655 15778 36647 23341 7075 9163 9630 626 18141 10656 34884
8092 12355 6097 37970 16477 4969 8465 20654 10128 25976 12086 25337 6180 8275 21485 16612 24229 3816 23118 7511 14937 27428 29605 37921 31680 39636 18735 7690 28672 8308 166 15292 7669 757 36322 23454 34817 7897 1433 14452 3762 3796 15123 14425 2207 23839 22160 37678 3937 7107 2918 15722 15492 19220 18885 13045 11659 10042 33483 34444 11854 31872 9454 38334 35039 26663 24269 2016 36493 39234 15585 39837 7737 13654 3310 24134 23666 38034 19982 6500 21806 12704 27179 19502 1267 38038 24100 20304 39994 27993 15578 29814 17613 27266 7168 24050 2364 32304 35191 37546 32417 16045 20138 37799 8653 23574 7716 24004 14604 29036 7664 22973 34963 2041 17031 4856 21201 13235 10968 39725 23053 3433 17452 16849 3623 30270 32155 34975 10451 6985 33951 9409 38347 26568 21283 682 4884 28799 18256 1225 36152 10660 373 32821 25355 32831 11458 19898 31192 5100 26539 22105 8294 22838 26707 10405 28314 38542 4136 29252 13413 9032 18839 39083 39449 7628 19995 20508 1556 27585 3757 23875 20020 28587 30945 16880 39299 1558 27103 5680 28438 25712 10316 33503 11660 25206 3745 12846 29091 6668 17025 2646 16161 25454 36136 2142 39209 673 3931 6582
20218 23503 17342 32441 33156 21414 21851 26418 11078 11476 35751 31653 18483 32211 3446 12418 29096 23618 25722 23804 30375 25268 21987 39477 23479 34088 34175 37464 36385 28747 33685 6823 10038 17359 7567 12465 17634 17943 27918 331 37605 6852 16807 35030 6361 7952 26448 357 39910 30256 39971 39823 4297 3552 20435 13435 36629 39337 23808 10143 35482 15734 37915 11737 37309 20741 32287 32246 11193 39803 10674 6505 34658 14441 26727 17932 19391 19723 16136 23827 3148 2786 26384 14862 33691 16100 18508 30954 33733 12171 21360 17934 5982 20066 22580 35327 6844 27450 36440 19970 14812 19489 31087 26454 24553 36301 22025 3048 7765 26510 10801 9078 32986 29072 12836 17021 10993 12983 22511 11919 26415 16785 10545 12961 39476 35723 20928 22892 9262 26093 35297 32157 36750 23652 30212 30569 31081 21409 9488 1676 2459 646 28797 18599 1460 14334 38541 29117 30766 2792 20025 13134 2856 4438 22881 37319 901 19201 35914 16230 11486 21591 26408 36594 12723 549 17420 4278 1301 19721 620 36755 15312 15996 17788 12753 34221 27858 35980 2996 16163 22969 39663 19275 24138 5194 27317 16291 16512 37750 3668 28624 7469 23329 34622 38611 34845 13194 16001 36295
21922 8095 15486 35814 25263 7082 126 21499 17029 748 27505 9910 16483 17024 28650 25113 13086 13147 7335 6773 12172 21587 35951 28863 19024 4692 32520 36350 8272 17182 25988 2559 35129 11360 6540 30635 16833 38977 4282 17192 17153 23879 23713 37336 11023 28102 7166 2614 36176 20568 20971 188 24945 4599 39005 4378 17712 29013 429 22496 12915 39949 34052 12409 30176 19265 10601 15248 22752 37472 39587 5669 5595 25505 11863 27403 14255 37532 39156 11994 25584 3241 6451 7266 3872 25315 11834 68 13008 36731 11125 6477 38081 22740 31763 2011 30452 2937 7382 29294 32933 38094 2401 28195 35309 1423 22486 20790 38424 7424 664 17361 24111 7556 32586 33085 24658 3671 1022 22542 30764 19476 33362 2319 7300 28251 30050 17976 32428 2151 5726 20581 27144 18765 3046 34522 16972 34844 10414 33399 24468 15504 19209 38721 25752 19155 28829 13458 26808 12672 17308 1368 5392 34036 34663 9601 9397 17347 11756 13854 21984 9081 28048 1112 24991 36165 3879 27995 16479 7554 22328 15613 20354 29601 5227 36979 6700 27770 28047 11739 7779 20598 17890 21212 36980 11313 24808 29818 26009 38317 15079 36738 17577 39182 37498 35441 858 16956 20708 31321
34956 35419 18750 23773 36853 5396 29466 18707 38883 12433 30746 24579 32544 12973 32801 21440 15158 34890 14796 9237 13019 18394 13960 38031 4428 10361 38407 12484 16571 32065 5008 26852 17678 24506 22391 29499 6336 1009 10190 3834 12536 3925 32553 28572 31334 28951 3434 25266 22576 9192 4642 6070 11629 23099 20661 25734 11343 1234 19825 39074 34796 24178 38621 26842 2293 4386 33194 14785 26620 32026 21298 37916 9213 35077 4148 29230 27545 32023 24036 24538 30620 13309 31852 26457 23597 7326 30255 5093 33677 22955 4088 31236 29001 31979 15408 9446 30036 34719 13575 38107 8191 2791 20876 3790 22060 2310 25391 37837 31948 17213 22813 239 326 4543 2725 344 14801 4519 3869 16119 17705 15803 29995 4737 17060 32313 10577 22930 4066 1611 2537 31066 4343 37129 36773 8948 6443 37338 690 37042 25846 8288 868 5567 9768 18795 33981 21239 26831 30457 30288 24188 12993 28056 38002 28136 38476 33385 7687 16973 31804 16915 36552 38467 20737 15334 8884 7468 12188 38381 34004 18761 6390 8701 31515 22875 23297 2316 30904 39665 37410 15906 12294 38382 27991 17966 30584 6132 4232 8837 27503 23413 22570 37965 26789 3427 22964 32650 4006 988
