200
39104 7224 30064 30865 2975 25826 31117 11427 38012 4898 15691 23068 19748 26750 9473 5658 36265 13069 1413 19696 39347 5438 18992 33774 11417 11000 4801 34874 26376 3120 17627 16328 34299 37984 29935 5674 10300 17778 7022 31487 5127 12398 29214 9511 28936 20682 26288 5649 8814 32306 29712 8698 15356 23630 19086 3183 24425 37224 8105 34019 12849 15130 29602 35684 29875 31966 14711 5122 31286 24344 459 11268 6278 21427 11620 29202 23992 2459 18514 26533 26538 8079 36868 17800 2842 18708 36681 26772 16207 15214 9075 29420 37279 38731 30136 32879 18978 38443 38900 38348 31399 12342 15673 17412 20723 10660 368 8041 15217 19559 15668 12025 34408 1689 27348 21825 23429 7758 20122 5906 27390 14141 18644 21200 15979 13739 33322 3654 10464 29200 24742 34935 37025 34774 15952 22366 8345 9931 34996 26076 32640 9725 5466 21317 16326 13205 25873 9409 10059 28452 31328 4078 34375 14272 9780 10978 39348 12805 20040 12408 20267 32812 23295 30710 29883 17278 3178 22182 16504 32908 13871 1219 10129 13966 5512 21656 15268 18023 37502 34142 9800 14823 2356 144 24277 24869 36306 18530 21655 28494 28008 13215 1047 32767 36881 24969 6344 15113 29960 15388
22720 19436 12101 25793 12621 37512 31747 16120 8718 8894 6133 18828 33843 19603 355 9958 7896 3913 13677 20147 7808 730 10830 16119 356 1646 19118 21282 12133 4626 20961 16263 26635 22354 27799 2663 20816 26723 10450 26638 8414 25335 37953 4975 10597 38264 33123 25799 37228 29157 27513 32191 11868 8575 39626 21674 32721 30063 20313 20242 17545 30538 8462 10476 16514 20435 38064 2911 29166 29675 30832 9002 25515 12696 17532 8431 23891 12810 17871 7621 5182 37140 11362 28046 10381 38772 23759 34548 32937 31503 5342 33237 10211 12472 29280 10155 9109 861 5358 9392 39918 9500 31236 32697 33626 29704 31426 17210 30787 37544 30987 22251 28153 34202 11016 31177 1765 35280 33820 20291 5384 17411 9433 28907 26643 36642 18250 922 16190 34498 16107 10410 10688 31401 38288 39994 1965 7607 10133 31254 4985 31860 31057 20607 3962 3364 10360 13572 19817 6477 22418 26608 2130 24491 25966 21208 7354 25145 2460 20575 10715 31800 18256 7242 1284 5997 38086 36285 8104 5119 22249 10915 7728 7528 12903 38701 10456 35772 10184 19327 25766 19640 29858 34512 25562 38678 26343 38668 8557 36334 110 27072 25666 2824 2220 1250 31805 5530 5826 19481
32821 31456 11827 27822 24687 23083 12470 31371 10837 37997 1372 9629 35820 18756 23016 20551 6013 236 34666 13762 2375 11234 28139 1340 24480 27684 32653 12900 19845 25279 12851 451 33910 1914 10759 27395 32803 2813 8536 28739 37376 38112 4904 17057 31429 19204 37702 36732 13544 16663 24388 261 19348 36677 19875 17330 20063 4039 36631 5855 14721 5691 7844 19760 36189 13924 13125 9402 11626 5433 17918 10590 27183 34485 276 17519 32999 8970 14264 12875 16274 11007 4393 14050 9158 17406 26625 37037 25988 27335 8253 14929 5738 32745 16640 17344 33814 39690 30730 31340 21307 617 20012 20486 11932 11770 34911 32243 2828 7790 32689 30191 1040 29911 26831 22687 31313 18282 17382 10498 27451 17044 28633 14802 31855 39638 14297 32161 3501 5900 14337 7203 16166 28489 30783 18858 3538 1137 29740 18424 6569 466 12029 17923 34703 39246 2789 14042 37811 31002 16391 27440 34763 19154 36429 13401 11414 25429 13512 13550 15916 18666 25384 3278 6808 16457 37640 1704 13717 14220 12393 24159 26929 7967 37018 38100 19746 10217 25477 11229 30803 1996 24048 26944 24922 7076 19064 16142 9654 21589 23885 34445 9238 24272 23339 10653 20813 4370 24720 21627
24857 14881 27463 5268 24341 38608 27310 1192 1389 10463 4099 32335 31922 14574 22997 28224 16516 3064 15397 20298 16678 11609 19225 9352 37426 9975 35297 373 2571 23494 25352 27630 27048 17764 31744 24450 9151 10290 11883 18480 13910 8654 26129 31861 6116 16862 11470 33697 18511 20152 9235 8097 15269 21779 35373 9783 8429 10832 18868 3914 9615 4581 36772 35786 20649 21156 32081 14067 3149 37734 28550 35767 13305 35095 217 17681 30029 13397 2528 14537 9670 37122 20574 5423 14560 27826 5566 20411 17327 7835 15185 6442 23761 20678 14885 1378 23627 36770 24543 32080 24998 14277 22927 16191 19799 28779 34875 17159 111 7403 17361 27075 20166 9794 16521 2471 29978 34017 2608 21720 6791 7517 31746 17967 16365 28821 10776 14102 13951 35402 17175 5563 12315 9123 2672 20011 26916 9804 39400 762 14071 2723 6526 8723 29690 35933 7092 39108 17474 16001 8836 425 26314 4033 14165 38592 34275 14526 29617 37959 8783 10316 11296 4456 26717 30296 24639 6774 37241 39493 38823 13257 20438 21429 13 3549 4804 21605 32594 14806 33548 14361 6881 20749 26878 31324 1280 8488 2315 39878 7137 5132 3513 38568 30512 22630 12288 32461 26360 31280
15118 32074 7958 655 11393 17008 39946 7205 36581 30660 600 8933 20284 34969 20679 37478 16768 14278 33011 315 27408 31699 35132 39859 36839 4821 20279 19954 10332 1463 24914 22112 34768 14105 7452 34329 22671 5983 11943 22908 5803 23270 13820 16690 9587 11940 16278 30388 39458 27013 11080 18028 26439 1303 22386 38720 12773 1872 36769 399 15276 7521 23781 16820 16691 12050 9210 27456 34271 30052 20656 34425 7611 35701 25382 29831 27726 38705 4419 32351 28407 6089 25398 21848 29397 1469 7431 24942 5523 19555 8117 17599 6538 19595 37156 28911 39432 35404 15900 29173 34876 23396 15750 38569 29506 10519 20910 38659 16086 22449 30772 33782 8036 2668 23135 14989 21431 17921 31664 10122 22888 29062 20162 6806 2703 5063 4882 7991 12641 16737 38500 14934 27194 23993 20850 3188 17232 7040 298 26677 20883 38076 12940 19931 23398 5225 2566 32375 32138 18286 24209 25932 32063 23655 11085 15641 6411 36052 18808 22193 27427 36745 28757 22488 24689 32118 12081 19721 20481 18132 25624 38908 13753 13878 35621 10440 5484 7938 22534 983 20655 6261 14136 8850 18213 17574 10191 10749 30330 15026 19368 21887 30164 20663 37724 34007 15098 30174 21195 32900
14025 36129 15597 14788 9749 463 25791 35810 6888 31570 20232 38208 38819 6178 12464 38220 27428 33402 34205 17958 7136 13260 17962 36830 28758 7715 32677 12499 28467 19453 29924 5040 2857 16327 32558 29518 33662 38093 24788 9957 31713 37826 30881 27100 8973 4589 6484 3708 22307 5521 6057 4205 29819 29769 27768 29671 24614 9012 30485 2131 13452 37260 4479 31571 6471 3935 17830 6179 30566 29085 20191 13866 13275 24815 22473 14969 38020 33738 11551 7591 4600 23325 13090 17369 32452 25889 33364 3329 8277 2821 22120 6425 3681 23329 30580 12380 6500 14901 9148 27778 12618 28631 15558 3055 31946 20044 10532 33214 34110 25872 26759 30936 21760 21811 37302 24618 19662 277 955 26136 30998 30058 17062 2498 33769 1649 25312 39834 25609 5343 38630 23369 29227 35523 10401 18457 34268 23896 19794 18582 29436 29067 22139 39254 4187 22454 23204 35206 12451 9732 32143 10192 25800 21109 15566 1031 16490 1740 34088 7671 25688 29295 13001 16134 177 12433 27036 4875 11707 35479 11660 18411 14619 10516 6692 21312 3718 24830 205 33205 13398 30915 14451 31534 23872 12139 11223 12215 25646 20179 10382 33294 21876 31525 34720 12457 18995 22708 21241 32659
22491 25047 30917 33143 36706 15688 27302 22568 35116 36152 37847 16936 34791 3532 29001 8411 2538 12279 25140 14603 12359 29557 16997 22859 15837 24616 21435 6296 34482 25631 24036 2101 26239 3471 31467 31741 14304 8931 38206 39597 36076 34294 14015 13655 32575 117 5149 37155 15374 34610 26474 15865 26015 344 33493 10703 33105 10619 24093 7833 23355 17231 32299 2583 11144 22296 16800 29338 5584 34431 586 17730 3905 30978 39336 31884 15013 39999 24937 15907 7828 38816 12125 35711 28575 16392 37608 2488 10216 39127 32858 18638 31279 5987 17763 17783 48 22825 14470 473 16472 12013 9974 31436 17438 16105 23668 18672 23525 30287 9319 9069 30411 24404 39658 8793 26341 2985 13351 3229 10793 18873 6876 10869 11475 22482 19908 16228 22523 18609 9990 12555 22159 21131 20369 36193 21083 11938 3780 20087 39697 6717 21797 23051 2959 11674 13158 37507 33736 23265 33300 35119 31589 38179 32995 30541 28013 14210 6310 27554 33632 29351 11991 17750 32788 39174 30521 35385 24626 2970 12372 31379 13368 14822 36692 25734 39881 36332 27578 20095 22019 15110 2447 26569 16707 18167 5307 8599 15808 8885 34712 33463 37564 26165 34316 15988 32134 23646 11003 17793
30398 3517 26247 20609 34402 21411 7362 9827 33703 100 4959 31760 18634 31957 2641 21023 38561 658 5007 18984 39247 31489 15434 28503 7980 8782 17339 32984 25599 30888 30902 15196 15315 24552 2024 1767 35047 11282 11783 23876 23969 39619 28786 4112 23530 18268 21788 15794 18678 99 9350 35921 32438 25316 30797 33759 16746 11198 12219 24542 39163 21461 1336 9438 9878 21496 19512 15058 25373 51 29636 11355 14254 17518 1170 26231 32277 17665 20129 19933 31029 8792 29272 18306 29238 24714 21776 35704 11756 30954 27978 7631 12925 22090 21608 9469 29999 37262 26018 4405 39952 16305 11555 35713 25662 38364 8729 30130 5229 28157 10339 32556 2473 31027 17349 38069 4758 6073 9018 21010 13304 26372 18560 25749 37723 8173 5070 3907 17303 24771 11485 30687 30785 9977 2274 34745 13626 39141 2530 6452 19027 1864 32492 36294 3270 26338 24409 21995 22201 31769 19119 17729 24176 8617 15554 25619 4634 4210 3890 31559 3997 9131 9686 26229 2295 26273 14556 4245 17883 14422 30829 35266 23518 16289 2335 5383 12759 9935 9701 33125 791 2590 14334 3219 15611 39385 33969 32157 5636 15918 12968 18255 5772 8499 195 2138 13880 33071 8028 29987
37289 11313 31425 39520 7745 498 9416 38398 34525 24318 26404 4002 3198 22989 24986 20512 33958 25964 19083 22227 12813 24991 5031 34941 8501 33421 33458 821 14948 13497 16985 30032 35001 26219 8432 4183 15780 34639 22119 4706 11792 17517 2481 33995 27675 19334 7813 32334 12952 14671 31018 27668 39066 21050 24109 19346 8977 3805 1444 11439 10863 21029 9526 5715 35845 29076 26960 39668 27472 37283 13499 23426 10314 23814 32616 23221 28481 8017 32888 26268 19126 31631 3585 4515 37395 17285 2103 9613 14290 35296 13774 19161 28388 513 10991 9867 14829 25755 31895 13478 36907 11669 16046 37135 24591 10952 28762 19082 31862 15843 18736 16216 15164 8032 32152 3521 15693 4611 19982 4595 6779 24671 4947 26449 18986 19568 12177 4736 7391 869 26582 13464 22960 23663 29870 23483 38906 7764 31808 39950 9584 29569 15859 16465 2565 11312 22036 20939 14925 35237 8484 8397 4233 892 38 28855 26321 7525 31961 26736 14756 11893 7956 37713 1457 36925 19554 9218 33343 37017 22209 17122 1614 20156 25229 29708 20600 33771 19138 39235 325 33380 13707 37370 15225 30420 30026 28238 10324 39770 16434 25269 27981 12098 6502 20587 33549 29226 37219 39322
13653 38258 38456 8930 12771 23678 20641 29774 35679 38837 28788 29018 12769 31414 32734 32330 29790 35690 15376 34181 7316 30834 5004 7067 35593 3887 9710 21439 36926 19770 28539 35171 2611 11986 20863 23186 12155 37783 7637 5309 10262 5934 17302 28871 22533 38510 17056 30909 27907 16826 27992 22522 10857 12504 33285 12053 12382 1046 11797 194 39614 360 25787 15120 37909 27158 7906 26001 35014 13837 17864 18846 28804 6851 5843 29505 17939 5834 17551 19352 2946 28421 15032 33641 38101 29232 38266 18452 22979 365 19805 21494 30484 28197 29973 10654 27108 18510 9290 33387 37948 18810 13625 15219 24389 22645 16670 39398 7306 10070 39739 39206 27355 39706 2051 11859 2137 9011 12454 18767 13760 25509 2910 15230 26523 2564 18719 2510 27955 3541 21412 7946 7741 13968 28644 36362 12378 24641 8329 7361 36551 38722 10630 15829 13030 24094 33268 37757 31667 9114 13759 29548 37239 13139 14074 36606 33335 15307 37080 36101 17228 37987 36603 17265 18357 2851 9999 13991 30500 27909 31909 17345 34228 24152 22843 15881 12682 23576 6703 17891 39420 23111 11754 9599 28948 5795 8922 12982 38457 39226 23069 870 32954 35133 15298 16168 4958 37108 1720 29341
24585 29561 36210 18032 33524 31925 18795 37621 26221 29719 26981 8813 28993 17737 37683 30272 2118 17343 33504 36885 13228 18007 28939 36108 23638 26117 3894 30425 29807 10883 7556 3757 39548 23779 33063 38352 34865 8675 19160 25088 32017 37298 32973 34497 29478 39623 32160 18343 17477 36942 1490 21529 26903 7068 4491 9194 35505 31477 29936 9854 11303 9939 4054 37071 26455 21288 33351 21322 39282 22265 19743 34533 39248 4842 33895 6554 12515 14488 6814 20359 25029 1153 15741 33985 34370 9612 38850 12207 38133 25268 18615 29383 9063 39978 29538 26702 27678 17869 34068 23579 4746 3955 14279 30264 13963 32649 16503 25056 24108 12736 3831 28517 26178 25498 1139 1390 22369 30124 587 22609 38312 28466 27864 10848 16855 23968 39197 17610 19638 3118 8786 32815 34379 21261 7530 28331 10235 16857 5896 8521 26995 32855 17514 2676 31185 1454 21649 8185 30234 18648 952 4798 6884 5708 18794 30499 21654 32586 18822 38350 29709 31728 35327 31723 26697 20485 2291 6259 35641 24207 8232 28339 31610 18861 27185 32173 34971 14532 3051 16393 24435 35025 10853 39776 39417 7760 3028 12494 17262 25802 34389 34805 13302 25158 20503 23745 26865 31237 3667 37743
4650 34944 13881 6573 1033 31463 8561 30986 31912 29860 39886 31163 15903 1842 34153 35328 5492 30141 28689 26774 30592 18050 32606 2771 20153 37046 38612 13051 32771 21059 1398 18018 5885 35021 24049 6980 31505 17456 18559 34047 24997 19545 809 26282 36864 15762 8154 39793 16693 38193 39404 16605 21792 18179 256 16723 25997 30368 37186 13826 31418 1105 3944 38149 32646 2949 14791 37153 11514 37585 19866 8677 210 16697 9477 9580 2921 10520 38843 31921 19036 6097 8851 9471 29665 15925 4292 19899 3319 24987 4194 25024 28881 21212 8892 25055 10568 12976 21468 28601 30931 37375 20978 31293 19466 29398 27750 7712 30147 7338 9956 7138 931 21938 7348 3163 29281 30179 11440 4667 27293 24973 17150 7852 27820 18351 6466 8976 18831 17331 26293 35243 9504 8728 12951 13931 9269 15232 17002 32367 22239 7269 19917 6954 13060 29696 34323 30753 16919 17270 4167 21567 37272 15316 20286 23319 25567 19886 21270 35032 12030 22775 25794 29324 27170 18902 6011 4415 4763 24493 38198 18987 13770 712 28761 27946 6385 17227 18378 3511 32036 6009 4586 31030 13325 9716 22862 29652 36762 35122 38124 18566 25978 21626 21315 16284 13268 9205 39201 7320
27833 31016 17572 36304 34026 39471 13549 18519 23409 27842 12188 12187 6491 1448 14902 4966 38434 29887 13177 15772 19479 29827 5259 3104 13836 19015 19575 14591 23084 33027 18679 15657 38164 39450 18907 34121 37863 15867 11048 25261 7693 292 12716 4213 5943 11191 38391 16976 4457 2122 17739 7807 22585 7323 9711 10118 21528 11397 33593 37144 37643 25592 22261 2468 29424 33901 34777 5431 15761 38187 17023 212 39570 39694 16342 37790 38748 38489 8315 4678 24587 21454 18604 21549 21232 3847 3872 29070 15162 6479 15590 4207 23979 6074 10733 27653 1244 2777 391 28805 34190 39842 6301 23664 15875 34556 1241 8143 30595 33917 13666 12804 1666 38472 38018 35742 33959 37374 20476 18608 25225 34786 19470 21950 12409 17447 29955 4390 23291 34312 1452 33435 16714 25389 1707 2369 37366 5446 31479 21464 6503 23208 4299 30462 22225 938 33938 1517 16616 8026 29048 21725 9730 9912 5396 4926 6485 20026 23679 10242 32683 6040 35452 17164 5258 36112 11151 2023 30858 35973 31287 19900 2389 6922 21068 11594 25862 2248 1759 32823 28701 15920 8304 16248 11653 33997 36777 3325 18763 2630 14971 14668 3796 25436 5204 17559 9621 26764 23592 5265
22624 3679 2555 11221 21667 25786 3751 16917 20536 16243 4332 12033 37308 1667 38940 38389 29701 2814 28126 23609 18621 14827 6302 29114 16769 37398 1364 28560 28042 5973 25423 19989 23145 25574 20504 29654 10658 13640 6990 33413 16197 1467 3859 38235 14636 25827 29773 29150 29210 36319 24363 22245 32432 23089 19159 31574 4729 26808 18299 32983 1922 15769 26843 21085 35374 10273 34262 28876 22751 4890 9790 15400 26786 6119 37961 16074 39019 15970 13104 30089 11617 1214 33168 26809 29784 18827 3953 39135 38841 16777 24178 22344 7915 22357 16914 15420 25100 9881 34472 39229 16366 15027 10222 38590 38542 5111 12255 32587 32169 1836 38475 18431 7627 19720 11425 29408 2900 19998 11380 15973 26367 10601 1251 22660 39558 35648 25818 394 30090 17139 26438 17742 31657 16405 31554 18577 8310 38468 39575 23857 15057 38087 12588 30597 12474 31212 6417 30486 12309 5106 32104 18765 2893 15014 20412 3042 28636 16942 13829 4242 37275 29574 11888 38814 25391 26032 8249 12347 10821 18439 29727 32117 31183 9921 12 12745 37613 13227 28080 2010 10132 3340 24203 25953 10127 36965 18554 115 18446 10232 12040 29023 11084 37998 22145 14180 29274 1512 36576 32619
16333 22816 16984 4638 269 30836 12750 34011 1144 27723 29233 12677 26991 24312 10714 19672 1403 32194 38761 34495 8444 5354 21972 27533 19131 13316 32970 26522 1515 36901 38564 18022 18612 37669 20531 18311 37001 22489 11841 12722 28069 18227 27861 29894 13520 11276 29254 11996 23945 11789 12572 31358 36011 33889 4810 31480 2644 26261 21099 37220 15788 18472 36798 19824 890 28072 4378 34122 12332 36781 27082 14516 22999 8693 20155 21008 26127 2304 18890 25767 5501 29747 20103 26575 38770 31597 11821 5430 26869 9226 20210 32072 36001 14128 16799 1269 33934 1688 33510 23117 14432 26426 6829 15015 8999 17587 36425 17078 13219 16725 30691 26174 18617 2298 28638 29073 30062 7773 25252 3712 31841 28221 28278 12770 39265 39794 7156 23889 39779 30912 3733 6670 19432 20999 5742 3491 36848 20025 12545 30416 20283 39555 32281 798 27399 2649 31894 10094 35060 11472 36940 17145 29346 35696 25206 26633 26585 14145 7761 20820 22617 32176 24567 10877 17058 34491 413 5625 28964 24566 6627 12170 37492 22061 6882 17371 15896 8613 5362 8950 16686 21900 31993 947 37619 9078 14135 17392 24281 2977 30165 34437 31666 5350 28760 31460 11092 29835 38734 6443
17731 25869 6071 17212 3105 16909 18911 2523 30789 28345 23990 24437 19428 38289 3563 6431 12655 36458 7013 14108 13301 9805 39639 34751 36081 3675 14481 25737 26053 29293 4380 39725 14004 24859 10257 15052 19311 19183 1138 28688 16497 22107 30376 10854 26087 36179 3062 23808 24909 27588 19244 25957 17703 6596 23062 15500 15402 33795 11592 23128 26248 27243 15132 22938 3482 17402 30027 32525 4641 39015 25319 7952 25729 10828 3717 21177 21753 20548 26629 10083 16834 2036 23375 434 17100 35126 3801 32211 19266 36672 21888 29242 30508 9476 33733 24604 39864 29144 11663 19392 1382 17309 16379 38108 34787 4045 16406 24106 23243 39985 35292 24946 21328 23440 23509 32099 33552 24947 23256 28842 29590 39954 35889 20701 18606 16448 14627 11696 34841 27028 30108 3505 12715 15915 25830 18956 39710 3754 16720 12034 30202 25185 7765 27232 22397 32237 5713 15257 34789 4792 20642 38452 27216 15075 6810 22560 32509 3246 35194 18427 17971 22760 14188 11149 28641 25541 26084 4565 26363 14573 11119 1397 11780 5009 30242 33888 27783 1320 12078 6601 6277 27897 9754 27009 8989 13306 38234 14612 32813 24606 3189 12008 19293 39058 5683 26540 34423 34281 29051 29838
38790 13495 3902 4979 36328 21644 33574 26054 191 36478 29755 28371 13954 21864 32373 15483 25789 7582 18458 26675 19489 18613 993 33275 3242 31007 38953 26466 216 22383 36254 4721 14598 6961 14500 29141 20006 29619 22778 1898 39454 16205 6445 33375 4239 4730 30530 4451 7261 26639 30522 11658 34915 26977 36824 9142 4201 34067 6831 21062 8871 32265 30019 31988 27032 39727 10313 27753 30677 15379 1576 14080 34956 8790 34964 33732 27039 10423 38861 13526 19199 25930 35809 7792 38558 12162 37372 30235 34087 28074 25420 27263 10735 5473 13183 9439 27929 35272 4133 19486 28630 28544 24715 2253 2393 32185 37579 8093 19426 38828 38632 2514 1953 5946 34276 26470 21335 33270 16468 26667 5620 5085 16724 26374 26269 28204 16309 25118 1339 10812 7196 25449 24258 7550 36340 4382 22134 20906 33762 9978 37991 18190 14714 5167 38170 34810 3504 3663 32538 29593 25738 30104 31753 27282 10085 12320 31306 12922 23193 37581 1298 36034 34716 6375 35019 35794 18760 33916 37384 140 10236 7218 25355 27754 31171 28279 21129 39782 20466 7474 23628 15505 14679 5748 23307 8550 23658 29277 27704 8291 38808 24003 10181 31320 19843 27245 17282 8008 7876 2931
12304 20592 16721 36459 23743 29140 32002 258 9118 29117 16551 30320 20768 19639 25920 27140 5937 27777 27564 19729 34672 13074 15592 1123 29438 13700 8357 23232 35919 21865 18038 25882 29658 11772 23378 22771 14223 11216 10411 34137 25115 14040 17133 35403 12956 10375 16991 32360 2677 23675 19175 104 30826 1106 21473 13660 24805 2787 36212 33656 22068 20310 14870 39516 39349 30395 37691 23524 31496 29598 27559 24411 9182 32263 14697 30640 34752 1133 23553 37536 25644 6387 21233 23951 29263 493 32662 5110 2445 28966 34796 26729 20299 17769 15461 3077 14482 490 28889 12689 38159 6787 26850 12341 21018 26235 18435 2426 22012 16172 2332 8293 24884 7713 34305 30247 16544 4463 7845 8799 15394 8577 13576 30399 31350 22540 23707 6451 6999 12548 13076 18800 39365 18196 16189 3570 3375 12248 38945 27951 38174 8522 20070 685 8853 17676 24145 28970 38830 17006 29512 21042 7667 33852 13909 22151 16389 13531 27153 35454 13616 21115 4968 20736 10322 9146 34604 7328 24883 14248 35726 2415 768 26970 9441 39220 25914 34084 11540 6953 7937 30589 22273 19960 20106 7945 124 36985 37601 30675 17431 4131 2049 9866 20511 18260 23647 1941 15834 404
24416 35821 9221 30069 16443 38082 18067 17429 23487 27354 13141 25937 971 6784 26840 29191 19736 14414 7148 4375 33661 30035 11649 31533 14157 17473 4436 4548 15453 18200 20216 13853 16282 23082 92 8910 25048 29572 14745 22909 33451 5880 19148 6519 22844 23960 38270 32912 34608 2094 13581 38499 8830 20060 8828 1099 30091 24322 1899 10357 36024 31447 4360 36453 26410 21526 20854 36799 25007 17408 3627 19151 37476 9354 13749 26836 29221 11618 10819 22957 36949 28254 17484 16978 20811 18333 33645 25756 12901 12536 18819 16202 32818 2372 9820 39188 20227 536 6329 25243 34273 30725 37326 25832 25051 8823 9250 13442 8630 2396 26431 8514 20077 34641 123 34387 21179 39563 2055 12590 25339 19969 3106 17743 21028 29836 29710 36195 32544 10704 11394 38580 29786 13053 15729 14769 19168 3097 24795 33602 3176 29691 31138 16425 16864 25630 19200 39945 29466 17797 34594 3142 7130 24364 27774 32001 28838 5366 37616 9431 20034 3731 1297 26617 37988 26081 28099 5638 23915 3139 24057 38366 30581 34332 31273 27164 26686 23669 20556 25299 19061 6634 16955 38390 1155 12262 38460 34343 22829 14416 28837 38358 12073 35124 38537 37154 39047 7264 10903 3359
36618 33061 13738 9001 19097 29565 16529 35364 2800 32952 14423 24891 33075 14349 30137 4388 11334 19574 4879 18092 29422 358 1744 7057 9064 35927 15927 9359 11163 18500 74 36035 13703 12137 33130 11851 25075 1502 22903 19869 36905 19688 32294 24343 10302 995 17295 38057 20639 37466 29407 1185 32395 20983 17360 34304 8214 19207 2188 28187 33583 4605 38404 24807 565 9204 30182 16894 1365 26630 22679 33970 2685 18661 36528 36274 6475 28236 9898 22150 11243 32657 13057 240 24993 15284 17616 26107 12608 2786 35318 4116 13334 36169 14840 27279 17753 12971 9742 23498 30453 31077 26834 14065 11338 10783 21684 5604 3267 32862 30916 39973 19785 21709 15266 2764 23254 14758 9680 12897 26344 17973 38626 32273 34715 31556 22129 29294 35790 4149 20258 6129 13689 32283 28724 4688 24345 30151 31730 17997 39310 30403 18058 5990 31492 20774 30969 13162 36077 14604 32516 23314 15043 14963 17138 31711 2640 22427 14077 23618 3216 22048 34036 27106 31705 17805 29290 13953 8482 15572 26243 29744 29049 10548 20046 8379 2135 7489 21045 6061 37301 7674 26739 23608 38971 38717 21968 30269 29762 19881 9451 27669 35853 15561 1678 14340 21392 31584 9795 23201
32282 19316 26417 14799 13602 14140 36351 12222 29707 30708 3330 18660 32457 36638 38548 23962 3465 15393 28059 20769 29547 5185 29783 20651 29896 24769 15921 30950 25659 4683 36383 29964 38339 10278 24825 3474 26583 849 20803 15993 5930 6447 39360 859 32564 11342 31341 23735 17732 9160 17144 11210 23246 18347 2586 8203 16957 36771 25154 9240 32671 2047 21202 5231 4384 37716 20648 26565 21021 26969 28870 28947 8734 32944 3942 23349 31546 1182 13754 10027 14245 9041 28066 6650 14497 14545 10348 172 38627 12768 15430 19385 31930 18072 36072 39607 13210 6797 35263 18900 27679 19053 9994 10748 1967 13567 27091 19456 23383 14109 3799 32924 32824 11054 23881 25379 26849 29476 35584 12136 3087 13487 23994 21213 38865 10045 32774 27023 29679 29156 11534 1987 13937 411 12099 35197 12738 3787 7864 15533 27654 20731 21271 28464 12435 24428 4573 28400 22200 12762 23540 35733 32684 19649 35682 31815 17759 35399 25606 29279 26412 37269 4974 6327 26500 11518 3866 33468 27575 35586 21695 5741 7799 38374 1722 25760 19222 6729 38380 33313 997 38209 38407 3421 19683 16456 39670 31514 925 4835 3160 7386 36555 11642 5752 18969 21803 34157 24091 20215
18899 20233 22964 12314 32668 9248 113 38070 20899 29977 30984 35636 32785 8767 36109 12389 27052 7061 20467 1567 2815 20977 37623 11842 39583 14144 8289 16149 10011 8251 3338 12088 26815 27953 4158 23897 521 33655 37667 5395 1 20113 3092 15760 26320 33337 32379 22073 39412 17640 1323 32214 11695 13665 15145 23093 1213 33638 6528 378 29215 36978 15513 13662 33653 35905 34428 2145 34139 33226 14596 4294 38694 3422 22412 602 31025 4164 13747 14126 15265 9574 13720 26742 35988 5299 1873 36435 900 23003 11157 10823 33260 33299 15906 38697 28336 15542 14821 13898 39808 11153 9362 14479 21119 24293 30373 21367 19358 30043 1199 1584 27901 30926 32512 37860 20877 17848 3523 18809 16744 26518 14534 13264 11959 19414 7144 672 22430 10221 12196 10501 14860 2916 1164 2820 3157 19042 26259 29884 31585 13437 2161 22234 18730 15606 781 34321 13251 10049 25067 754 34754 26537 15541 15773 5615 18743 15044 4475 3814 22935 32006 27341 10494 27628 16102 3503 19180 16587 22381 32595 31608 34760 9527 13679 34038 29567 5933 34050 12739 15469 32196 8261 9185 2020 37451 35274 11042 24610 7268 11964 36117 12346 30001 16221 7405 3395 3430 27879
23402 25678 23651 24848 10073 12381 1728 14069 27438 8751 18106 23298 15898 670 1231 21477 20172 26263 13147 3011 14719 9211 15480 5124 39054 6165 36821 10303 33869 20275 15218 37259 5398 38984 35149 5334 6674 4339 12358 25311 13016 26508 33483 36819 10604 27256 28422 24837 22900 10708 26921 32817 4040 34060 8272 39721 5302 3086 24252 11740 139 20101 9966 12173 23704 14411 3979 29795 19117 24303 14107 21251 20482 19995 17140 3276 1270 1272 24554 36289 38381 16887 33810 3390 34463 32644 13741 30033 21007 27647 34072 37214 19278 2431 16464 13011 4422 6588 27884 2617 24838 20753 4908 24923 22896 3230 2175 6356 11034 19033 5337 14329 9452 23461 2241 7033 38611 33495 11982 37574 17915 16865 2019 35568 4839 3883 22340 19825 12569 24653 38594 20479 28960 10333 5705 28496 8307 20090 26872 17011 33030 33678 15146 23116 29421 18948 34806 3174 13218 27433 24709 22213 19961 25871 5336 29764 39384 36837 3241 12699 34185 15344 20024 14251 21451 3031 36037 26361 29890 15532 36875 32853 24649 8825 36857 38878 1782 17531 39405 24751 36312 2635 975 15151 34986 12549 5463 1786 16972 7746 37939 2624 4943 24694 23460 4241 6950 10281 10750 20782
15640 23650 19552 29297 29005 28077 9655 30492 6290 27190 14238 17948 5956 30258 8629 8233 12557 5789 27954 3117 12096 4918 25473 3173 30299 27345 37673 39186 36065 35175 16715 29761 30657 37437 31593 10899 18776 15188 33266 32932 23972 3593 32620 21675 17260 39280 21072 12428 6877 23289 27945 13834 3612 6527 7600 6721 21190 1358 37712 18840 4824 23927 33425 3776 14873 12179 23026 32622 38046 15518 3938 22465 14588 7363 10024 4965 2807 22969 31304 23259 24287 24017 7004 37705 10276 7526 321 36531 11028 39826 3906 8865 39068 2785 15300 20450 33419 36261 24148 7332 28348 1730 19342 22278 33091 27969 18180 22122 26115 1665 16087 38545 5248 20472 26884 28780 31907 8138 35154 12035 10938 22372 29902 37838 2462 16115 33372 25528 24144 38860 18602 31291 11927 22148 469 24310 11727 26640 26907 34309 17542 26479 23620 9995 19938 35893 375 35413 27928 35613 19081 15023 19873 22743 275 8385 14608 12225 34247 16949 5613 27612 18813 34443 6336 34719 26722 26707 9083 15712 29017 19747 16230 25199 12824 22393 28402 5047 29962 13132 26851 7315 26358 31066 14951 14205 22576 14578 18780 8148 12352 22845 38429 2888 3736 1431 6190 436 6987 4993
23282 22911 26651 27890 1039 30760 20169 37353 2752 25148 33459 6917 21228 7700 18041 15782 22912 26544 20424 34432 7750 36270 26135 27522 29930 12011 32539 2863 13536 16158 34592 25535 1905 27579 3467 4268 5823 20292 24259 14242 2495 36253 38791 6095 7207 1827 22714 30970 27730 20154 1789 28226 2029 29396 11122 27334 33082 35937 25143 2046 3262 14741 16054 14275 11301 20221 8558 16729 16227 11365 30923 35023 37290 31734 11855 33397 33065 31643 3950 10886 4108 6921 9643 22858 738 28741 10201 21205 26202 28175 724 10596 9267 11400 2666 33376 28678 14163 9942 6177 20770 27667 24589 37877 23041 23501 38664 15958 23010 33571 21981 28101 34103 37294 2240 204 26666 8121 23831 28635 21153 12904 12827 12387 16053 8095 12501 24560 17906 27893 31148 23188 12896 7961 10074 35857 39519 30119 27765 16642 27121 37111 1166 5887 11724 37976 21353 281 4807 3351 21165 28879 32720 35419 12087 34024 13048 12052 21765 9532 17634 1094 18124 13791 22721 35307 9369 6905 30240 20786 9150 12595 14549 2467 29122 2981 26195 37265 14773 18436 8447 24168 38773 39693 38679 18842 6724 657 11688 10140 7005 7516 31913 26010 20352 31288 10738 27725 20382 20256
3870 8480 34803 35334 1152 10454 26071 16458 27965 30666 22204 10973 6226 32747 26591 29393 19734 24722 10905 36067 7439 37876 27386 16128 14921 37904 21470 27157 32298 32484 39156 12488 21612 19689 36728 11960 13474 22985 33669 9871 36089 22497 38836 11155 10840 15634 27115 16713 19384 15324 23778 6686 15442 15783 29738 29566 18942 6582 32627 25103 24779 12450 38243 27138 22136 6027 17391 15806 28442 24261 10448 10287 38418 1961 23863 3161 20065 13922 22759 26327 36347 38966 3716 4954 22611 21005 30863 30251 26040 13748 5318 7350 2228 31357 20265 26398 20487 26712 9607 13128 39128 2556 2578 2526 24237 35858 16683 369 20331 23511 15476 20507 39198 25109 5578 5177 9646 8641 27687 12349 20951 5476 2860 4771 15383 2203 38758 18769 2805 9602 31242 1019 27683 2162 13330 37895 29075 6156 39440 27452 30899 13698 7642 36712 630 38762 35861 9421 23516 1785 36723 32025 6805 37049 7897 8505 17319 36749 16939 3827 14654 20165 2793 27119 6868 37266 7992 25836 36846 12462 23933 18319 405 5324 3458 4277 6022 13523 22678 1676 8236 4416 19367 12928 32440 2756 189 35005 32289 31998 14007 12130 12721 9885 29111 16402 34143 28854 2599 25338
7483 12360 24442 30323 21965 37762 35827 28282 31123 11138 14646 15718 8337 25618 12792 27659 29668 35989 31567 4063 3846 4948 16005 17118 18336 2972 39909 13988 27010 31278 17397 2245 5278 27076 25538 4846 8457 6351 6560 5472 2358 18345 5547 2809 37678 1604 24887 9706 29920 23648 11020 19700 29806 23955 7994 13391 15147 21807 28200 26958 18138 9559 25 1343 10460 11241 7192 10414 8785 18898 31031 13730 31826 7003 25097 10813 25992 18972 18750 376 39866 12503 19642 18674 24177 8607 3986 32740 2626 20272 29345 9261 7749 37211 20234 31462 18328 7241 19406 24971 5733 20425 661 26353 24271 16974 26003 28326 19937 25146 31523 6889 7222 15212 27196 31796 22257 14387 5251 38034 13436 31069 32574 2014 2492 29971 2444 3093 6896 18820 36523 22081 20180 20480 1408 30949 25458 21976 32431 36516 27169 35317 4412 33542 33321 12779 20427 27224 6940 28968 7373 32588 29700 7065 36566 34857 32840 2978 17647 9875 7633 35002 39203 37844 34887 21159 39565 30816 29568 26168 151 27403 27902 18619 30178 24555 18264 24634 7426 35559 39997 36002 38899 31697 36474 39818 2745 12609 5209 3291 29260 18506 38995 34098 709 37534 20465 16196 11271 20383
24127 34622 11730 20217 2632 5698 2171 38637 2633 34953 12581 13604 4485 25851 9818 4023 39314 29365 1083 24331 15814 6213 5288 19025 2226 31300 3372 13491 13468 20984 29459 29637 6720 11872 8349 28930 31231 13674 17001 12364 5548 36460 6883 24444 3610 34500 24183 19857 3769 30412 1605 38231 7703 224 5003 21469 7390 35406 6832 28067 36007 34141 25582 17132 15474 15348 24681 33338 34790 9494 11476 6090 31920 38357 1709 28283 31336 33272 16199 33460 36854 27506 29327 35418 37648 7429 10743 9353 24275 14159 2386 20560 14705 17772 19544 17105 4006 16607 26835 28455 33964 35290 6804 35052 1080 20422 14722 33994 4426 34565 26493 28471 14008 7075 11011 3601 13181 35659 10015 37854 38610 4221 31764 16947 8110 962 37338 35915 35246 11366 18762 6716 10213 3698 36700 39484 32665 718 14884 17388 37704 37980 4861 24583 30305 2693 4734 33229 8471 22013 11324 1537 24356 31854 34782 17998 1369 25892 14097 13511 23199 22618 28119 39893 13084 9675 24725 37208 38597 15828 15540 366 33740 39953 39049 2399 7327 31444 2757 13893 29432 6294 18034 12001 26266 39798 20866 9265 14923 37857 5932 10771 24905 4430 9520 16286 4802 29801 29311 13317
33787 39993 11204 5325 13082 4945 6148 1700 38951 9111 9133 25120 29926 18493 6568 16567 10763 6333 24858 34890 36252 33230 14505 242 5573 16296 18478 7183 16539 7595 26567 19483 22414 36921 20185 18104 11437 29258 35079 6286 39397 20403 38712 20647 38747 39679 38065 38251 9764 18165 35880 14798 10563 25125 28691 4761 14175 10263 27604 15198 19835 39674 10711 6219 20501 18325 11526 28592 12158 32400 12866 2862 26210 19276 3448 6321 21356 22817 8416 21702 2186 32868 8634 34573 23966 8450 1546 24692 28910 35326 29471 31512 4041 17925 7212 14433 22504 26513 1254 19157 27793 24876 18133 31778 12946 34022 34279 9778 18403 30645 24405 32075 12103 20177 21809 32508 26342 29148 23751 2294 37440 13863 35434 13280 27350 34823 21757 20928 17810 15417 30382 20141 28333 16790 18968 7189 3567 17815 15322 32217 7647 15890 6247 7049 23964 7236 37191 8122 13884 24655 2434 11165 19814 2069 39132 23173 11733 5656 14946 35796 15651 29925 16608 39227 32598 2536 8005 14680 3793 8024 6766 28492 1202 17504 23180 14266 8391 12748 30929 7358 18611 8147 15378 19114 14302 19802 15473 3443 5385 2679 24531 24747 17460 14339 11123 30830 14022 8703 38517 22468
21506 19707 31835 22657 8957 8991 22690 4435 28258 29969 7999 26556 11873 8170 11075 16073 7825 25263 9188 12228 13110 23212 25730 38579 28992 34619 4616 37461 16124 11023 5244 8816 30938 19302 36277 31017 8960 393 36056 4125 8695 30302 18670 3204 13721 29092 20780 11656 34146 36752 17124 8669 20208 34648 32727 10781 11456 36251 7901 38376 20775 30239 30549 109 15169 3915 8132 30864 9491 12661 7831 5791 36302 34767 27674 2973 20976 16538 21173 24021 33224 27239 23321 1067 18964 25701 36530 1091 9812 4528 8446 4828 11154 29824 27773 20160 12274 8171 31991 20119 12303 29669 20437 21553 33850 8924 39790 18947 313 3256 17638 26606 18 36292 9038 3044 14491 15338 608 34536 9432 33817 32842 13457 20858 13530 17801 34330 2506 1338 36580 24317 11989 8745 24743 25770 764 23216 3047 18539 18791 5660 37236 13211 21472 39190 28281 1458 38785 21719 14564 1161 14813 21337 1333 33976 3502 13673 22642 13661 30437 17417 39524 22554 26965 14525 25064 18004 12307 38260 36467 25410 32966 34237 25040 29312 38937 36598 11966 12244 19550 19784 13790 37899 26306 15633 35216 10592 23423 10679 35464 32215 38898 13633 27247 11014 7470 29382 29364 29347
14961 32579 21035 15931 750 22353 38469 39268 5901 13823 14409 33021 21660 35238 19697 12172 2425 16999 2968 7230 1830 5614 21262 31134 33201 29385 36421 24075 25974 1115 39750 1465 32198 22434 36788 22616 26877 29381 37472 20973 3052 4336 26931 15125 9841 6205 7389 39221 24163 31985 15795 284 29190 20875 21182 23317 29091 12998 25556 6043 12767 21867 38205 38436 38567 7571 31820 33588 6482 1052 20125 37416 5579 2395 12265 15354 3720 10160 28288 21093 8787 37399 13232 32673 28856 33244 21132 16276 19012 28303 6564 7424 13050 4504 7512 487 19765 36197 35649 21789 17584 32753 5540 36384 11684 11129 21171 35447 8202 37464 75 33209 4716 8625 20851 21053 32623 19596 5782 10926 38079 20086 4783 37222 11316 34249 7829 37234 17847 32439 39042 33232 33044 7634 35553 26942 3486 11345 39959 12563 14420 18549 52 16592 23878 31519 22548 39157 32260 8254 30448 13327 24268 1132 31665 7247 34630 35840 5158 5077 245 33175 21783 17332 14442 24461 3991 29088 27120 14571 3392 28510 26937 1724 667 2286 13309 21905 11247 8905 26186 4248 20031 11741 8252 8518 18232 28083 15685 30114 35609 15848 36465 31804 31227 17060 8972 5797 6688 20843
30488 14407 36415 22895 17746 38598 26819 15937 22292 11832 7934 464 20338 5428 35811 24691 13404 29834 3711 1327 9309 15600 13710 5104 29020 8400 5598 30876 1613 37590 4560 4542 7243 18912 20335 524 38685 16345 419 656 35055 28522 12148 28651 12522 21705 27448 7737 33250 39921 8826 16030 30482 1103 39069 1964 34958 9657 26061 25192 1999 14060 32347 34541 27873 14974 23052 19475 38271 22505 2701 2235 32680 15105 27535 28482 14589 14880 23624 19774 18486 28408 14558 8843 26552 8248 30920 4912 958 131 12015 13506 38042 5310 7445 39149 32377 30619 19502 10023 17953 15584 1205 39708 24486 33764 38684 39875 5291 10912 13779 6541 33512 21815 13407 13638 32909 36086 30973 29086 37822 17110 14521 28895 10353 24790 21478 34883 27410 27370 8586 3365 24078 38334 20491 4768 7387 2102 39987 28502 14085 20715 12263 14461 36873 22648 38779 30914 1565 17728 1175 2346 21100 15463 27317 3553 4840 30475 322 9782 30995 21786 16004 10338 31792 26711 19490 26883 27300 3697 21038 9789 17267 18108 31406 31468 14626 16523 17652 12467 34792 27734 8318 33885 12821 26285 5545 36069 31513 6794 36782 32822 17826 2895 12853 22841 23340 29886 23449 38822
19165 21125 34972 35062 37104 8995 5449 28800 35230 39295 18951 24520 33018 5502 38926 7170 1984 12355 38853 22578 28062 38145 20042 20311 13734 19360 21389 26701 24847 18419 35803 6210 25495 25837 8947 37463 21966 33077 23162 25330 29965 6187 19776 12912 39106 11576 5655 23226 2215 10872 1436 26871 34873 34129 2983 32929 22595 35198 27601 39413 33262 37124 17867 30930 3852 8600 10264 21070 9404 25245 12283 36779 10131 4522 33627 11527 12653 34234 30292 35590 28198 32247 2496 36133 11516 30756 37647 34293 18977 35410 20802 36725 38907 32915 25824 36267 1141 35247 23401 1430 32965 17016 33362 25070 13976 23571 25723 35687 38223 23965 9479 38531 35863 26548 27782 8098 24447 35798 34396 12038 31475 11905 1846 21279 8130 39880 7805 26246 37779 26732 32042 12093 18878 29179 20248 13930 26305 8951 16618 26558 29371 12161 14514 25795 201 19498 16563 7860 31195 13174 5678 14046 10610 1562 38691 31586 32037 7430 31668 19966 9579 19285 16062 2285 34708 3191 11922 36324 12427 14734 23406 11213 10621 1959 12921 30632 37060 21194 14757 9258 15734 29063 11731 15873 23961 12443 16716 39745 30991 6833 30523 4260 38742 28484 3686 15353 39729 8259 9434 846
10019 2383 20439 22336 39733 29821 26597 37182 13449 29519 14332 3493 12277 19913 17720 1383 4676 32847 21551 25467 15176 7553 4675 38125 27455 7368 2337 18006 11009 17563 20761 30293 37310 8199 6349 31686 5192 38806 22246 24052 12138 18982 20281 7185 34814 23825 18090 36268 30819 30162 11974 35113 19495 6402 32290 665 34429 13359 24994 17476 22882 30421 35137 18758 772 5289 29703 10833 21089 25926 21108 33719 18483 38535 32865 21953 10910 25255 33624 34334 29813 31883 38074 29056 41 8863 34678 14127 37761 21167 9403 3071 7585 357 3961 17439 25506 26444 22924 21450 28235 15758 2236 10178 15860 2846 20817 37686 39396 24927 38225 39610 8740 6469 6331 5159 20386 18712 13594 3555 28150 37320 21325 33543 18013 33902 815 6182 36232 6524 15478 18821 38616 21588 27226 21657 2917 27024 16577 4854 38961 21075 27784 38453 9253 19282 14602 2068 37077 20151 584 24174 18893 7891 19847 37605 12755 32126 5557 38007 13731 14847 1056 29057 668 10984 2243 30722 5044 28639 39028 38749 25534 16427 2661 14875 5373 28905 5882 26226 12273 14715 641 23978 29555 18225 26684 22299 19403 27045 11488 15560 34109 33148 36933 981 27906 10418 28765 637
8726 30558 23229 28401 8532 20506 21621 5196 34733 21339 20332 9282 31576 9067 5929 12354 32119 23799 39869 11869 39357 30696 27436 33158 34794 18222 5197 26468 30146 14347 31152 34195 23220 34403 26197 12438 22428 7495 31305 29325 2678 31337 2844 33596 4408 12020 29753 12114 8527 33922 7988 12168 7292 19198 31464 29607 26577 29666 345 7091 14669 3013 9508 5380 38309 14281 14348 3355 9149 31834 3053 21532 21927 26224 17744 15055 1197 33551 39372 34680 30040 31140 20530 10638 10368 20650 34929 27919 37636 1411 8002 22020 33906 818 35926 33085 39868 8059 38200 15524 5771 16114 24024 10245 20604 24527 2593 18434 27830 6915 39805 37479 38544 36571 4058 28142 5581 29253 28613 37034 18622 21396 32407 36736 3632 25078 23616 28851 39016 19045 22313 28982 1927 4603 449 19951 8422 1701 31243 18485 20387 37872 33109 33450 10893 38492 12252 11556 21481 21151 9799 5770 37127 4256 16595 19000 16527 10393 26951 3983 25076 9531 29112 20388 8441 10204 19584 19827 7175 14168 10330 18749 31446 3782 7296 35589 779 19121 14736 24215 22034 3012 32045 36122 9705 13237 29910 30638 22537 39340 13266 12159 220 10492 30577 16247 36776 19 12247 34563
4562 2965 38365 6173 16068 17191 35433 25371 7970 34576 8566 30535 28170 29486 26800 29299 7559 29289 10774 6726 3081 2871 33622 35207 24001 31615 22836 14469 23290 35066 8631 7969 3552 30273 22702 34113 26961 9880 17215 24601 3126 24902 6735 28177 22137 34014 9466 37311 22183 33758 7689 27800 39302 18257 22873 33000 7869 4036 30683 19192 5871 37188 2472 21658 37803 14960 6711 30087 19949 27874 23103 22535 28829 35991 9808 33615 1886 32882 1654 28427 33793 27950 11035 4982 6041 24834 26354 14408 29431 24533 33170 8409 34196 18070 4290 7178 19001 1209 32219 35612 17135 22047 35994 7948 8779 29071 39507 20687 23981 8137 26550 20838 32250 2758 21491 23381 28255 13895 15986 17993 24878 30428 22579 21236 26036 16145 21449 35832 39906 11561 18877 25072 13615 5960 19530 17186 27582 34353 9761 35837 14616 24051 17614 15819 9967 34032 9849 11635 16590 364 34034 32226 39386 17716 26403 20100 24412 17459 26586 14035 20252 25910 16954 27218 10161 5585 4684 15083 36616 16545 18400 33192 14169 2170 26692 15073 39388 896 28201 36440 16803 4664 15283 18215 25704 27132 30021 4529 2718 594 1410 18724 18815 38111 39621 7282 31213 6817 38703 37131
16283 25387 13203 27989 31900 16295 10730 10663 11817 9714 4649 33166 13886 24118 30835 39740 38383 34938 2311 7919 19062 37373 3975 7569 7060 5908 19582 34773 36801 32714 1475 18503 18534 31396 16376 36225 4269 8360 33200 816 30650 39923 22810 9539 13434 2104 32630 26959 38512 26704 38528 33378 8178 23379 35924 225 38967 39194 32054 24682 22076 566 17946 6734 27854 9368 10479 2307 5058 39176 24503 20102 32345 13908 22867 1474 18192 15102 12312 8906 17941 36629 24232 27849 12442 38199 24955 9047 18662 11572 3807 22780 15711 29409 35730 39611 6118 18310 32910 2909 36899 3533 24182 21402 21017 15364 2879 35871 16576 39585 4196 12509 25870 16186 21662 2936 33658 25038 22232 22297 5729 10718 2513 24816 1102 4012 17022 35495 6034 29754 28873 20944 15313 30468 16598 21107 5805 25406 19686 29343 12319 19974 20188 35080 29187 32317 4893 745 12250 18569 38566 18069 7082 2567 4280 38229 17668 35236 31975 28290 39586 22842 35487 26368 7446 1586 23165 37200 15081 36637 2204 26644 8591 38815 12708 24378 8504 23595 31264 17288 10231 12107 14820 32300 1104 23427 22588 7648 29533 34490 39717 15352 7206 30527 22281 32012 13708 15247 33215 23364
5500 30694 17378 9050 25655 30605 4055 6106 37199 17661 4333 10746 28501 21302 34015 7796 30142 26454 39941 25417 17315 35697 32709 25973 31763 6506 35482 776 5618 37565 35867 12906 30932 4866 30547 22688 638 13400 39094 30210 16459 28116 6107 24407 17687 35714 1585 10163 5173 24084 14001 30947 11369 6621 34561 10692 29811 10031 17398 17498 12679 21630 23612 25356 12832 31141 31522 5895 12635 15974 31251 2568 30366 20158 34460 11854 13669 28389 7540 35086 5285 4302 37928 3876 3862 9153 22586 25011 6174 7432 39018 17004 31111 37589 22065 8509 26091 23108 32280 29800 31359 2954 39161 19319 31623 22253 29673 30168 1071 33912 7570 970 39675 15347 35578 22748 9190 26691 39800 39882 26425 11029 11281 1020 16897 24273 7816 11769 1926 10628 30227 32938 15585 39439 30793 37432 38163 20665 20094 31277 8661 1732 24535 19365 1793 37192 4440 16757 25465 30773 37968 26481 17073 311 16907 10640 19832 12296 10564 5051 29169 35565 31108 1375 33040 24247 5035 17048 16138 20759 28403 27388 10659 39457 2722 22132 38936 27976 11166 22220 14845 2128 19067 13044 14703 35188 4220 7298 10769 1820 14184 17513 19296 19612 3881 23230 5564 23641 3498 34793
24712 31049 33866 5714 1958 12356 6682 14084 17623 3002 4423 15845 16279 13216 14214 19984 26310 10720 18146 8907 36327 36083 34542 16827 9413 9863 5764 39773 18862 24330 6658 38644 14087 37267 11836 35499 1311 14274 33041 27880 21672 24210 16752 36430 528 14439 23242 19607 31941 9722 29462 16159 11323 35949 28900 18954 22856 30524 35738 39202 22219 15403 35718 39596 35018 18518 7565 14498 17172 22543 34886 11750 4259 9704 18389 11443 10758 18272 22607 32773 13102 19292 33286 4524 8139 20134 23633 8662 18713 6348 33570 32637 5060 31063 37510 5627 25689 10088 28723 36190 23415 22930 16061 33768 9851 9585 19666 5877 11490 10378 18275 20873 16110 21309 803 28189 12466 18547 3709 34835 39052 4662 25881 3037 26291 2682 13630 30618 39747 7623 6911 17401 8926 16266 39500 17106 21886 11768 32838 29850 31200 24059 11990 28324 22086 18139 20327 38217 20638 15020 58 21152 12368 1924 26622 27292 1530 12587 25530 2826 4402 16619 16122 13106 35440 36382 31869 28068 1184 34696 415 21557 6111 7097 32719 14125 4095 35024 16000 12150 29337 4587 19383 38715 11227 16493 36217 28588 35213 23281 19090 18497 32948 9919 17503 10044 5486 33582 13122 21256
5441 38207 34939 2819 18799 27623 27248 949 7568 11124 20353 16560 7258 36367 36663 29893 24433 4559 9120 26415 31736 21333 13402 26214 35323 17537 20355 10158 27004 8009 22083 26364 20625 23045 30560 12605 28240 34242 16817 18509 26698 7903 38147 38809 19623 35336 9770 4486 27853 16843 39236 31080 4618 28305 32961 19578 37527 27808 11948 11892 7784 9502 25748 24199 25459 3041 14737 33575 13156 5187 28927 27314 13290 21795 13509 12204 2458 28796 13259 14273 450 590 5352 6371 18737 29225 5989 20239 21595 15503 36240 5059 8088 23730 24598 25726 35812 2942 1495 5079 24011 13802 21493 20115 23622 2943 32493 28155 5516 8371 5788 33186 16603 15082 7151 29694 11377 24219 31209 7359 21375 11230 24162 19525 4946 22573 31298 18229 7249 35369 20534 26292 14849 31258 27321 10975 3770 31926 3397 18517 2100 18897 10917 33668 20393 34158 33971 31053 37041 16045 7608 12224 27541 18915 22976 35635 6891 39121 30999 4691 12860 25101 30979 31701 26572 34161 38331 38400 8069 2817 7341 24888 30401 18352 31663 8466 35339 27810 4274 5511 13843 1672 15636 19741 34761 767 18371 35866 22798 6895 21977 21609 27380 1165 757 32057 36543 32478 19622 27503
39158 2454 743 11196 1635 11971 11399 39755 12213 12668 30659 14309 35750 21388 17441 7141 5301 16625 37221 28412 22762 36568 12961 36235 3361 14701 6323 20324 1862 3922 14966 39920 1417 13648 5314 18233 37299 22238 12981 17480 25183 15959 6969 36974 6345 35225 22046 18930 2742 6085 23792 24014 1069 29553 38031 4554 9014 5418 17350 12584 13182 6069 17236 2446 15705 13176 20937 5650 24251 742 34957 33434 38903 15805 34361 39170 24646 6983 12964 37549 30637 13344 26859 24211 5116 6995 33544 1070 34052 36437 38044 37941 11389 39353 23047 23065 39046 13169 30288 28536 29252 7159 2423 16330 19089 33258 38744 25531 9351 20130 35193 19072 11844 32514 34133 20900 39315 22596 5346 33858 17089 20598 18300 36427 23075 3308 35027 36997 19087 22823 15447 32093 20962 36392 3116 26754 6246 4717 8076 26780 8609 38091 2437 35344 36446 7964 17088 39815 35961 18348 11266 8468 34570 17952 13458 21714 12430 21798 26974 690 36984 36662 27948 15704 14709 8472 1523 19219 37250 35100 39011 14700 8872 32989 31780 6622 9203 27634 23033 32136 19335 26336 10699 2889 21172 22538 30470 37229 30757 25190 34219 1803 863 30306 25244 8158 30985 32003 11220 27827
16275 22961 758 16477 28643 15941 10255 5507 26433 1644 7744 897 35134 20294 30656 39927 28378 36182 11423 17988 23107 30896 26034 16872 29551 24224 16411 8085 26139 23535 36290 13850 29236 21718 28301 10684 19294 4015 959 28730 37387 29788 14326 24547 17516 8735 31465 15053 8163 27459 24620 38113 32415 15747 21395 25238 26496 7037 20862 10646 3231 33348 2089 24898 29787 21640 28478 15025 9773 1588 6525 4530 30673 24870 3596 19910 26413 20409 682 11254 30734 29591 14366 31268 4987 38946 31646 24999 8217 39455 32158 35319 7211 1979 34732 2284 36043 3577 720 12323 14907 14708 15264 20432 23534 32639 5668 37303 17068 2279 18303 37718 14996 14761 12237 29950 23702 29723 26405 31319 15811 8624 10576 23827 23185 9852 15908 3288 37442 24539 36895 4692 23095 10347 5593 37684 19680 37297 4404 9115 10609 38501 3324 5526 26571 14592 19005 39681 39877 20618 32481 331 12711 17837 39715 2662 24316 18245 14854 4928 20778 11577 3500 4575 27162 35865 9570 10473 18369 30103 6823 35270 12761 8401 14622 32315 11350 36127 29330 6732 35542 25522 7615 16839 10542 916 38799 19681 15938 38375 25149 39147 20358 7245 29077 35503 18442 910 16512 7135
17615 5046 25647 13123 15520 12441 23142 1267 38956 7451 223 26719 24485 15813 5582 496 33358 35951 38888 14443 9979 5212 4501 10505 24880 7471 27374 5169 21051 16164 36567 32563 832 39924 7652 17601 7974 34354 10744 10617 14139 27823 16789 37675 37759 5223 15775 20657 28291 17415 2836 31119 20497 18418 24284 8003 36287 522 8949 20341 2172 22111 33915 17086 19501 7566 37045 28209 26166 10408 36547 29934 10496 3024 21207 21003 1027 39854 31620 3655 2342 11784 30413 19654 3136 16108 29366 2558 34654 39362 32436 18651 36439 19179 9842 5801 2950 20879 7883 9864 39243 16479 16688 31184 17248 7303 10026 2121 33702 20941 16052 18492 35275 37119 31762 16501 13180 39126 19201 4035 25266 33187 23268 3583 39144 37586 15011 6017 6347 3377 1335 3987 11703 5757 37067 23408 35011 25231 25991 37019 28211 1026 32750 17308 9174 31806 7204 4695 36407 2767 26189 27832 35061 25119 25516 573 19135 10249 13450 20909 7976 3168 13696 33801 37960 3854 21853 3749 27814 22928 12833 36350 34107 7308 4428 38950 17220 24156 35849 28120 14552 31353 12061 36393 10727 5485 22861 34877 6690 36506 14561 13876 37836 16220 33865 33283 21800 27040 23533 32565
4978 32410 33755 20456 8425 35250 13129 14975 11887 5475 25022 14704 7812 33635 33824 14866 11946 30713 27622 1558 25082 22106 34590 3976 13096 33698 6470 18633 6976 17683 14305 22433 18100 5893 26049 4767 1386 16082 18066 37022 2440 21846 14584 36205 10844 25585 8120 29209 31911 1195 38314 14404 35102 11477 28720 14634 21751 16520 13426 66 26331 31229 16116 38973 16650 17850 538 32209 23218 14013 9220 18558 31 24346 15714 3134 9534 3039 4728 38421 21014 34272 12070 12822 35383 37002 12246 37793 19807 33568 29647 34369 13892 13292 6214 29986 31454 21813 12862 11815 5 31226 33557 35716 24756 8022 34308 36256 25144 18220 9630 14031 23644 19125 397 3089 6764 32392 19636 15407 19190 5069 3030 28661 14355 37548 3737 24058 294 12673 22992 24532 27539 14456 34581 38226 23190 27356 18785 10007 9550 7150 6438 9983 13383 21160 33523 33087 2062 9700 32047 6689 37350 28946 23991 24964 7428 13825 36198 20229 11819 20111 752 12992 3433 7732 37729 9213 37024 7539 32348 16039 32446 8366 27420 10641 20721 18675 38285 7491 34632 32775 36990 5298 36476 13859 19099 1341 1114 22496 12826 32132 11228 33511 6199 3069 32376 12725 5387 17582
29780 7366 28174 13291 28858 583 14463 9653 7770 27900 24571 36689 39266 25434 35953 9839 34418 18171 3928 18361 26201 22761 15778 30610 3007 2439 17445 16776 1509 28771 32331 17335 31435 37362 8722 9837 26198 13145 7498 35945 26758 15454 30109 33745 28561 36097 37570 11083 16431 2045 19390 30030 33004 35606 30827 25409 37963 36196 4000 20936 38153 30365 30810 21418 25632 12410 25753 3530 34439 37804 19058 7472 17556 31245 32365 20170 5857 33573 20627 12592 33431 7465 12506 17123 24294 6707 2913 35401 34997 17637 28872 36709 34596 36562 9449 37152 5075 21793 18402 37867 31218 27085 12616 33723 18202 16621 14681 1522 35210 10453 11314 27207 5744 4258 9406 2963 30614 121 18541 24569 35580 38257 11625 7710 7791 1130 22445 34438 6254 23830 3659 19879 5112 16492 17283 12007 24311 28350 27548 29418 27244 5841 28749 33116 19223 17047 20104 9811 18074 4851 7114 35875 24376 26973 22156 20390 38954 185 29025 4113 29667 14255 10078 39578 27029 12733 24855 22359 17592 12447 620 5131 11721 10891 38155 4955 25212 32957 22009 13417 39579 9614 23952 6330 34853 470 16761 34035 31839 35397 25073 19356 31442 10176 37651 18857 17181 27046 32792 21502
544 14735 37914 39276 23851 18723 18563 11190 23252 24467 7832 19020 14261 32116 2990 25102 26975 17501 25157 5999 26394 37287 32049 29435 17173 22781 10475 14651 9514 17301 3383 16856 4628 7584 3208 28714 28603 7978 11486 14016 5761 10089 3823 19522 3032 17571 15182 33684 15894 9899 20392 16565 39883 12095 31572 1203 35797 1131 616 31673 2519 28994 11132 17984 30507 32146 26827 3752 26873 14176 10472 5368 15887 8165 24824 1809 33844 21243 5370 9198 16951 21048 25693 23476 33131 733 2741 34697 9642 24915 6094 35357 32164 5226 10514 28377 17960 27507 14785 34868 29798 9039 22462 9840 36005 22317 20559 24846 39085 2827 1940 31126 4847 22032 32397 4681 38075 19482 38985 38104 543 37120 25242 36826 13255 13543 13507 17557 36375 13711 21748 38839 4808 17710 12156 25309 9113 25260 35276 18950 16301 35928 23251 11824 8454 28474 30250 29526 26699 19580 22559 13249 5416 29517 27261 24658 1045 337 5835 9480 3886 22604 24871 34115 12681 5498 4212 3589 13381 23681 35231 19031 5605 13650 9239 16627 15089 23550 37349 29885 28089 26304 9310 9031 19158 11183 4083 37012 7208 3025 5845 20659 19101 37578 33198 1648 19753 8551 15128 26564
33761 16553 22936 3232 25625 23842 35277 38911 5554 14284 39777 9453 20700 34904 14239 22988 19531 28569 34731 16148 12437 15587 22444 15994 18443 32681 15360 32655 30455 30423 32977 28081 15535 24260 22563 19988 37524 30349 13116 12266 27104 22460 26295 37856 2607 21393 35632 19287 33436 25537 21903 8770 25419 32288 37610 7415 17895 39225 33497 22264 1687 19442 25561 7034 10709 26615 2660 24193 1271 850 9690 33445 4396 2835 2823 8486 35022 16615 32485 6530 21868 14941 20376 9230 2017 4916 27223 33673 15763 4585 710 32204 35525 6762 26373 4627 4338 13577 30557 22072 22301 20231 9289 7986 27235 7319 1745 35370 6364 3314 23405 20059 16664 10949 6753 6731 143 16684 30644 5589 23189 36288 35075 23219 25536 9184 36626 31720 29403 30129 37760 3237 33721 11661 14232 8263 28902 37026 33528 6126 29176 35512 5704 1977 6893 38586 20224 36719 5609 3396 3527 2034 1243 5297 33180 6042 20434 15784 27357 176 35587 27875 25179 29391 18624 5796 17437 31718 25523 9877 31866 18834 9086 14216 5676 30207 11170 24731 33491 889 19370 145 6603 15328 2704 7166 15964 12858 30611 456 36322 17146 12995 35089 34947 19399 33429 13329 29656 11820
21084 3435 27086 19397 29167 37358 39919 4612 30429 6183 25195 9624 7104 31997 26145 34701 6570 5407 19193 1679 25322 21862 38847 260 2891 17546 37620 30820 3447 26634 36163 11796 34006 31672 6132 26957 22769 22646 24762 7914 20096 7071 31538 2011 22698 36487 3480 9719 3018 9882 32455 1061 19084 22321 15294 27615 8294 9424 1727 33369 35748 21781 30209 4976 13448 11201 36836 12735 36503 20430 7664 36721 39110 20520 35541 11063 10218 24243 31086 25820 9755 244 6860 5479 39001 2288 19351 21989 6256 27173 31363 2773 12480 8520 31377 12017 10713 18125 14228 33609 18294 32417 17003 9171 36622 15117 39738 10040 31751 22457 3722 18999 24638 12958 25675 8485 10540 21818 13729 2411 14299 30424 23376 21019 13270 2933 15072 24861 13424 12695 10834 13271 12091 25318 20414 7885 10304 7685 21685 20198 27770 9137 6453 30844 37093 37468 14237 18153 6370 13705 21425 9021 25591 36982 17404 4925 31325 13514 21216 28134 35815 15041 10444 8424 780 6337 23225 15595 19767 16024 2066 12282 29022 16739 1768 27720 18818 21327 2619 24783 5174 35720 547 11344 13757 6262 13412 8193 30857 11675 2667 13950 13097 37885 27286 38413 13167 5664 30600 32875
4923 16304 1190 26980 4192 3294 23079 19059 12574 13525 27471 4315 11258 26568 19806 30118 44 35191 19104 22328 9427 29789 38051 13994 31368 10957 9060 1005 21575 18016 9054 23988 35085 21773 29717 18042 16653 31749 22711 34071 20423 6109 26303 36647 18895 25778 21987 21844 19423 3384 29243 89 10455 1354 39486 39022 21319 3544 15422 5619 29599 38215 14345 23802 16123 4139 5269 38728 31470 16319 22878 33430 29414 35217 31614 38965 974 24155 19812 5363 16127 36201 37556 39281 21280 21624 25042 23101 27383 30874 8702 9727 38825 15415 2193 26156 19052 26662 9112 6176 7971 36 31263 21401 17066 4030 3625 27148 30709 15253 11383 7520 10186 37580 14968 3266 31084 1844 1497 28192 7167 12108 21183 23600 10239 12056 31097 37943 17833 3732 5849 10591 12403 37731 25579 5592 33058 19925 26867 3368 10889 13605 37814 5831 18562 14843 9482 37368 4909 34278 11453 7851 16496 33648 38650 39900 13287 35743 15981 22074 23554 19597 21440 18051 6706 13115 7777 38224 35308 30822 33303 30381 18555 26886 25110 16994 34521 22388 24179 21880 14270 31745 18535 28459 26854 28441 33704 21015 27952 10805 28653 28890 24766 33812 21791 37187 37907 11307 16358 30955
38914 34178 22210 5635 32621 16745 25369 8489 3162 28677 25282 11445 13936 881 5745 32988 467 10951 12798 18329 32901 1928 13341 29009 10458 21516 32573 31708 33443 33857 23042 27087 9037 38465 11188 5049 39044 10631 25764 14093 11339 12293 27512 37044 10351 32856 25208 6748 24982 37420 23060 10770 38017 34078 12404 5792 3046 36526 9717 34489 558 27092 22507 15387 25642 39364 16273 25984 12753 16040 26359 12124 1054 34179 6728 12895 24950 35057 6055 12067 23971 3286 18728 21604 35702 14593 34976 11924 19376 24496 16940 31785 35348 29625 18584 8749 4724 1976 3235 25919 618 29427 5142 25107 11290 16692 3251 20264 38886 38320 31392 5239 6455 19515 23388 17027 14792 21465 17898 38029 12298 17464 1261 36080 3023 4335 16620 30328 20074 32253 17111 38150 13185 6773 32175 11459 3813 33432 11424 13519 6609 24833 5527 9835 11925 31402 22898 11917 35094 6134 38739 6235 28810 39648 38449 35906 10606 6857 38652 22007 10761 38527 39979 16734 17964 38212 11976 16452 17784 12791 5139 25876 17969 7425 36977 32398 36039 24374 26020 4304 28899 7378 21034 22027 21839 4977 9528 28974 21852 38980 37874 5355 35220 34758 24018 25550 23497 24370 21398 30160
17149 5005 20282 30487 23092 37598 33160 7259 27908 1186 6737 8606 5245 35914 5711 25173 39540 35346 39037 23008 38466 11692 29477 17242 23536 36894 21400 8323 16788 16676 26330 8687 15239 36820 31948 34100 29873 23947 3700 28774 27304 27145 3616 36871 29370 25378 14770 6521 24951 19757 13537 6105 5588 38441 28610 30562 36202 18502 4669 8055 26967 23086 22222 17389 10153 26913 14562 34426 26559 35045 17028 25202 17951 2176 8044 16717 37126 23666 33416 20316 22557 10600 13166 25258 27736 6858 24977 12823 38110 14344 27937 28045 22367 7987 33494 28003 26324 39114 24042 18881 39911 38947 19888 34248 21597 6284 5995 18114 35848 1742 32309 4826 5879 38852 18285 15204 38078 6548 515 30733 25236 31654 26547 1901 30841 12302 34677 22682 6680 28924 33218 36612 39636 37218 9870 5739 8018 855 23880 37023 17667 36020 22517 27621 19009 22667 20692 966 1477 13534 18065 17194 30208 14985 39039 29634 20186 5025 4889 22035 39556 4009 25085 4224 5272 21386 16154 11103 21531 7140 9071 13338 1090 18876 17619 9080 2344 8330 19220 14114 5279 23519 14632 21377 27869 5382 14260 3344 16240 6357 24530 13516 12927 17374 33945 35071 5477 30849 30778 25289
27090 35423 27646 34152 35262 29198 39277 23488 28530 29390 27242 29039 20585 28127 14473 16268 34362 16175 39896 39508 32120 18174 9345 38991 14124 35302 17748 10433 1464 30513 7822 26283 4481 22361 35643 32251 15710 7943 508 14310 15649 29212 21913 182 17780 3327 25510 25254 31026 37768 17365 14863 31501 16606 34515 35242 23715 10376 13085 4184 12530 822 15460 33689 17643 17674 14385 20114 18721 11666 10215 33438 5360 21391 32318 32934 6531 8288 30648 39012 39584 36715 6309 17718 22324 39489 27962 7381 27960 33617 26624 26141 39858 33921 8810 33526 9367 34487 2388 10577 593 32866 13372 28702 30489 12678 39635 33537 22991 39695 609 12690 23357 4629 11236 35129 29239 25948 36898 23598 36967 26553 20413 23347 796 4056 25292 35427 23306 37784 25402 22786 18001 19511 36960 32898 18383 26446 34197 20062 3900 14937 24684 36991 1870 13599 27975 19717 8440 30883 7535 13771 481 31087 25694 16851 37212 39073 30542 8655 21558 23387 17448 21922 3476 29748 33870 14418 39065 10349 33868 6902 27809 33691 26232 36874 14509 37203 160 455 20495 37038 38480 37920 3211 23341 19037 12920 23749 14335 5038 23308 4910 37070 27351 4927 21102 17478 23468 35653
39040 19884 15116 25197 12881 16546 1482 24522 18362 38048 142 34892 16097 2465 3337 34040 29529 33507 28483 8037 20708 39098 26452 29356 12856 34165 20895 15684 10531 17443 2025 25205 39912 19109 27398 36878 5026 8510 26645 1342 16179 4503 26797 27973 5374 5133 10569 2709 12475 15175 18682 6824 13635 864 31405 20120 28475 21456 28088 31400 20105 19464 13796 24087 10916 21614 38194 34184 32343 1723 31499 3514 23244 38895 18561 22621 4410 35947 20066 15826 3466 1524 34183 19970 22186 56 6014 17736 26177 7295 1929 2361 37978 3690 20323 7843 6970 27411 37930 9583 34560 18003 29846 31789 13326 39634 649 17116 1179 410 354 5583 16252 15943 30071 23546 1592 7418 33965 5975 39686 18115 34336 11050 10343 39700 5086 22501 6169 1344 11560 13207 37531 39307 30061 16206 4487 30128 24323 2569 22066 1086 2249 32235 28172 18732 36448 28024 36078 13891 15131 2732 13676 31354 1769 10092 28557 12990 2755 32834 15150 7850 27001 15017 33960 11059 16502 5817 19070 9601 22815 5518 23404 3049 7102 30243 14336 34315 29563 16841 22539 22891 446 39518 23953 22311 8676 14116 37843 37971 38330 24733 33318 3525 6861 2287 38523 6752 14915 19694
32291 17272 1650 10071 11143 30469 35289 39181 23275 9073 9196 10555 14044 16156 33821 10982 16418 8766 26203 38695 21155 37237 11358 527 24200 16549 21693 30740 9645 28070 27426 18395 38117 15412 25913 33489 11047 27511 14807 17575 10867 23361 29270 32007 39306 16384 37936 18296 15111 20473 3331 22268 1111 39442 33420 23351 33559 31383 20016 34840 25792 2746 7910 8230 21764 9507 33651 8822 11180 11833 30318 22553 7036 33384 5435 36231 39142 34651 3193 35975 24911 18404 1151 27577 4498 402 10443 12276 36825 24836 23903 2947 7419 34600 18366 28141 38462 20796 13475 35408 31704 34069 36628 12039 34776 26208 7966 6018 9751 15701 10142 35938 36094 30084 24801 13559 24770 39180 10547 4606 11225 26557 31476 32016 32836 13746 19013 18020 15968 29661 26144 4163 29348 33056 4994 16233 168 6396 30802 37937 16975 23982 8152 39155 23247 6694 18063 24974 12482 2907 36676 10850 6139 30342 13969 38783 30685 15186 14351 3489 21275 2449 20289 3424 14012 35595 37494 19703 22208 28053 37361 1633 23442 6945 34298 2208 24047 29581 14794 30516 6161 32751 9206 27129 24304 4726 2553 12157 13163 23144 13263 30848 5036 10227 3258 5941 1943 29359 3508 16213
249 25425 32599 17104 19063 5552 32572 27663 14928 10747 9295 30326 17136 10995 28472 7824 21346 26460 11187 27767 11942 29040 21946 16198 28161 6496 17663 24919 11233 4658 22549 32090 25757 37921 8167 554 17534 38497 4922 30418 5494 30726 32127 12650 36418 5537 22712 31165 7849 35009 33291 20446 13078 12688 29442 14269 22551 36394 25500 27942 30053 8114 2347 10717 29841 28577 30821 33217 33963 36148 24076 1242 10855 17989 19008 8356 18599 12233 4569 155 22532 30078 38338 19981 10062 28658 3240 20052 33711 25367 32213 26688 20728 31349 21049 19321 10113 31758 21264 20226 7836 28247 28040 28984 20971 26652 26810 4971 22608 30385 26384 14938 4381 30704 17999 17291 23320 3348 29861 7704 29116 16792 20842 38166 13445 12316 11634 15526 18182 18466 29102 17802 21716 4306 21296 34382 34839 396 32453 34653 34743 13646 4031 5769 15939 4003 10315 10018 14150 23950 29905 39303 13394 14771 347 28574 16766 1932 12852 10962 17678 26600 33798 8817 8071 16300 10169 567 21351 39081 8834 27727 6320 27905 34140 1923 34669 4755 36822 946 31870 7124 3946 19653 27567 23149 27294 1148 11435 39240 29219 26554 4937 24578 31660 2199 21541 12718 23332 12337
28358 33138 34414 35315 24839 5959 29945 25342 37739 15545 4544 8597 119 32019 28448 4450 33631 11294 20200 36807 39860 16807 10150 5517 20852 31391 3220 9106 32578 28620 8495 33729 11382 2812 9896 37517 6687 14089 31146 38738 19844 246 36915 13273 15523 16020 22753 13901 3009 29355 35138 39965 24594 36783 33756 18918 19107 36390 10228 22300 31599 9920 4705 11192 36057 10994 22463 14100 14490 9428 28789 26823 16906 28875 21782 11907 10914 24759 33860 21452 28313 17318 37356 26694 10159 39511 15124 27257 14926 34430 4957 13798 8006 31791 6612 3111 4016 25521 27475 29161 14689 30256 5439 26484 31096 22764 17889 22237 36687 28747 15358 13591 26664 5440 494 29405 7053 841 23245 23202 27926 35007 28973 21293 23564 38767 725 15707 11738 29374 14331 2766 8377 38022 9543 25294 23444 20206 8343 39629 37576 30393 7042 5556 1456 34679 4379 4495 22135 5928 29376 13775 31915 16874 25808 24349 7376 34896 39250 28311 5980 19529 9656 1686 24602 8086 35630 37828 28904 29731 13253 30414 30125 9051 39925 1092 27568 5027 5958 23725 22479 12047 7437 37917 34631 15742 26724 11599 38233 34126 6898 25504 11209 36601 36379 8392 27608 24415 16666 21423
23331 20805 5304 33020 28135 10671 25895 14595 5491 23828 32208 14524 15889 35963 39124 37946 5108 13981 27644 9084 11408 18000 13314 8115 27885 18349 3888 9858 23586 9708 7815 35127 23841 29697 3520 21574 19781 9736 12639 19947 29317 35986 2948 19333 33809 9544 27056 17685 29997 10279 22202 24713 28473 39111 17602 24963 37306 7113 13318 33946 31557 34900 10068 21304 21422 33395 19391 32545 30775 32789 36679 10613 541 26512 13065 26683 17399 28075 23843 34602 5991 34063 15698 34527 23513 36904 10462 6655 28524 35770 16644 21941 10503 5042 35971 14964 31062 7534 5765 30569 7266 25601 30203 23793 14300 16613 9435 23235 31524 14677 24410 4024 7998 31544 25925 1691 17454 29683 35291 10471 27731 21802 35153 28445 11773 28498 32279 29649 31772 16258 21149 9179 914 37052 26627 14852 31321 22877 2217 38477 11416 14607 24125 34943 19142 28461 38595 39078 27361 38565 4547 38902 24338 4609 11407 17892 28385 16157 30080 19259 4694 3877 6002 3412 6630 29035 5804 27382 8856 8313 36033 35678 8637 29463 36486 39099 14922 16899 25054 34318 6191 31901 18885 30585 22118 18543 14698 6189 24372 21490 30629 19813 36981 15702 5137 17561 31891 18365 19145 10112
30336 7893 35517 39736 36237 5838 23373 18463 19395 10504 18515 15982 37085 9386 8929 6429 12632 10928 31051 16009 11309 16938 14483 6232 610 30369 25507 19221 36903 14836 11390 1145 14690 31064 29763 33307 32897 7842 26999 39045 23094 6544 20755 8182 2158 19323 25803 12589 2084 32770 18068 10199 4229 17108 34734 21723 21619 11044 15292 37638 36227 18224 4403 27114 1626 977 9960 17307 3858 18372 37346 33724 34664 19929 372 1853 5273 10352 25559 25381 6719 7515 3597 33628 39691 22715 38846 2384 34748 34897 39533 6675 22863 15582 25981 37143 28234 31483 761 21076 3810 8464 26281 1632 33792 4022 32798 28953 7794 8111 31106 22860 11483 10065 25762 8952 37514 10017 23213 26650 12135 3393 14859 37884 847 16388 38244 18170 14410 33008 11818 32701 38849 35184 9733 6436 24034 15504 10560 25639 1549 36559 25805 38990 18223 8699 34193 1506 23544 24253 2224 39000 28808 15720 11623 1802 9922 23311 37737 5155 12077 28476 7356 972 12286 26596 28884 11981 15077 38307 15385 15748 9540 16780 11779 31527 28824 14054 13014 17839 33331 39891 1023 15751 20985 11012 3374 36279 36139 3798 4458 8578 1627 37068 715 12000 5193 34975 8215 36958
31276 9420 17153 28314 6328 18271 7466 39424 30815 1982 259 13117 9287 3917 7873 11169 16762 35004 22581 26766 1540 33956 13849 26918 7973 54 2354 37962 36405 577 15272 17509 14392 8801 21638 4104 30550 38583 34910 28882 34395 11208 10001 25480 7324 3347 22138 2598 27956 25193 38178 34341 6575 38938 11753 27495 12369 11884 15119 34901 20377 22091 1222 31083 14912 35222 19518 335 7038 35712 2087 37088 9709 23888 5320 12550 27940 32946 34727 4223 29564 6517 12165 28253 28318 25314 4795 29306 13482 23338 22060 30049 36539 34683 19328 18583 21323 29079 26792 16859 12334 39544 3775 33005 29451 10175 27847 8227 18052 36372 478 37707 14258 2960 22241 11837 6379 15777 20597 1990 24811 22590 26509 39764 10961 36344 10210 27054 4286 13763 35214 19786 12660 36850 1249 12683 28035 1414 34809 5774 15575 13900 31602 27666 1352 6228 32601 22835 8448 5617 8073 19409 6864 4270 30911 28020 18173 37386 30154 3233 3995 32919 32267 7774 34820 32140 34885 7785 11206 15021 3668 3931 33052 1097 25589 36130 33833 15872 16100 1207 1885 4324 20453 10908 1252 27470 1420 37334 24086 33475 28093 32079 37633 38606 13569 38645 17929 18113 2321 36248
37526 23024 9825 5580 16453 36084 28794 25124 37587 21998 10757 4076 16804 33966 35333 33427 19108 36582 32060 16756 22404 16447 14006 16092 17861 9280 14033 37132 2525 4371 103 25732 11513 3660 26802 7090 33993 33264 35114 35379 26927 37957 11541 10189 24777 32168 11598 8007 22641 25623 18295 20807 24046 19791 13242 31398 26085 16631 32548 32829 36738 39209 26149 6229 11875 14440 36061 26665 14987 19624 10936 30439 12365 37081 21238 10421 29958 2868 23326 11175 6335 10141 22385 35965 30503 5092 26451 3795 14162 13231 1753 6816 5679 612 12899 13805 26006 38016 12492 18642 4744 27526 35769 19330 1380 31858 38929 10100 9247 7094 10716 9506 8564 34741 19566 21749 27425 30982 30731 14675 33652 10399 28416 35439 17040 34700 39759 25806 1841 35411 759 614 39470 9965 26672 19162 27999 32212 30143 10396 7054 2795 10989 2918 2451 14857 21488 407 8328 28148 21899 32981 8124 12374 36529 27700 18960 16084 11195 18847 31217 31201 14707 30738 16445 23672 15184 8739 6996 27662 38211 19382 36961 10203 31731 27065 33694 38195 35394 6653 24427 18593 158 30375 9891 10111 370 1455 13553 24635 23021 11224 20856 30056 27517 26985 37253 3620 34607 6867
17866 2290 8732 16021 19182 31482 20464 10420 25155 1424 35834 9752 28180 20860 12461 13462 11432 6325 350 21650 6960 24037 27746 19523 30868 25846 16410 19658 22282 20318 33281 3713 15462 17911 26696 17216 9414 13012 27303 8474 13308 29579 31600 32543 31986 10080 23589 31160 32110 31308 37933 31671 12463 21841 9932 39775 6620 7045 19136 29399 25570 19564 37791 16988 12796 10881 19690 4460 26746 2153 12598 29203 13865 17072 16223 7782 2209 24216 16635 12786 26908 14396 32902 13860 8402 35591 10121 2082 28315 5966 29525 39327 18326 32097 1572 17241 16806 23436 22390 8496 28430 6793 35332 32779 33336 36036 6115 14308 38045 38503 38027 13623 13019 660 46 32748 2379 6751 19147 1900 28548 34264 135 16192 27656 17379 23685 35537 7441 25108 30703 7940 15191 24351 38533 37484 7698 21348 20595 8096 32468 21055 39387 20923 15312 6427 11747 31194 11589 16436 17182 13694 20420 18696 3054 28987 20752 34704 20000 18958 17618 39328 26099 37706 2416 5372 1866 29024 12018 12703 12784 22866 10442 7597 33464 10012 23742 38102 27165 21225 21752 22290 2385 38870 7275 28110 26794 1368 3710 14373 16948 17312 18544 24690 31162 33255 39103 33749 11363 2702
14421 3682 25780 35890 30313 14801 13719 33807 22752 28759 22917 28165 23521 39021 7993 39937 34642 20128 34954 23066 13000 24110 25774 27933 7865 29904 11099 8066 5903 8476 17757 15410 9648 36214 16689 18690 15042 30652 3607 22773 12143 24283 33671 36645 19761 36038 20737 22926 24296 22089 6093 23577 19088 22267 28978 17824 39892 2125 10685 37300 25112 2919 2890 33679 1236 36185 15610 24498 35477 9862 24462 5703 38909 34519 12571 23740 35781 7839 31269 5032 16891 39005 8776 19098 35765 3352 2570 34188 6834 9586 36463 35076 4159 17856 17427 28500 7468 31902 11409 27020 28733 2270 27557 2227 32959 19377 5528 7857 18768 2309 11503 19895 20181 30937 27325 16754 31630 24829 12714 17 4279 26411 10106 4135 39728 12954 15717 7837 25030 3075 22779 15277 38935 11013 8047 16673 37516 32447 12980 15199 1729 4166 12818 7951 25130 16913 17426 38172 28988 34736 29993 26830 12857 8155 33094 19493 3406 4578 16879 15366 18652 32519 32979 200 30347 26162 26148 37293 4731 20290 26143 24099 25833 960 16048 39369 18119 4920 10615 6238 18107 11547 18659 25012 16374 22284 30860 1968 14754 18208 2422 37458 21255 4531 39088 29791 6086 34013 7153 16556
35573 8011 2173 480 17887 7172 33035 13040 30880 9687 36832 7069 12458 29939 14038 31244 22580 3437 26511 22789 4060 33825 28773 7374 3113 20974 35529 9774 13339 27227 15107 30192 38169 810 10241 1881 8846 32107 39532 37226 8459 8781 26311 14621 30481 33744 3832 8889 35073 10527 11913 12085 15874 29998 21870 39876 26486 31387 28004 14648 22365 7823 21536 14889 25683 8981 24451 29857 24471 30918 8051 38571 32023 33407 33589 37682 23905 37123 38004 20417 39576 22925 31145 12552 989 10202 15060 32986 16575 6589 15242 33690 5468 16941 13038 13890 4774 21790 10929 39270 11280 1848 11131 5376 22405 10815 11215 21063 22833 21959 1736 6607 36511 6066 39992 26593 38812 12518 27116 39338 14117 20630 9320 36785 26021 33930 7174 6846 19188 8169 26048 15756 34053 30879 26880 1299 22685 22108 28195 7543 9666 4 13983 4849 10021 28353 16623 26748 20719 15274 27049 32936 1129 14194 28159 24832 29053 22546 10791 1867 39730 12701 35245 35788 36228 33152 30494 36257 12686 31681 12214 23719 21254 12479 18654 30177 21486 15018 18064 35121 36088 12620 23365 12483 28570 4309 19752 9130 35034 14233 33194 6426 23621 28218 5470 39560 7752 34544 26637 34966
23866 20637 4722 33608 22794 32528 15099 29109 3389 1835 15209 4141 25487 5914 9529 19567 29406 33735 12542 32787 27892 11781 9481 3130 16140 15833 8306 11645 19905 19850 12048 4645 23569 28390 39080 28158 13903 4818 39944 31873 12032 25771 25714 148 19616 7158 13952 4615 28220 28306 32123 16435 29368 11451 23686 2877 38041 23184 11319 2306 39645 4383 23272 894 38131 239 37457 18588 12445 28233 14900 34802 9284 15764 38445 39559 10137 10992 13861 4189 37413 37392 3968 23502 2247 34961 268 9015 19911 10197 37181 5327 35607 26813 5821 19849 26104 16655 4549 38880 2684 6623 9604 1892 35664 18693 33620 35441 38324 33424 25674 14629 32612 22729 23708 15091 5271 3243 2908 38805 22377 646 15413 28298 28828 6241 24379 16382 6186 6522 32187 13780 5206 39553 37488 36941 14096 37194 18709 28063 26964 2378 37434 11723 16588 23611 28486 21907 21814 5483 992 21268 24230 18550 20148 17733 6842 26205 28676 4997 20205 38883 6236 33770 31408 18093 24901 6166 19371 37125 24534 32964 17704 34089 32135 9486 5819 10272 16096 29159 6184 29107 563 14243 24420 1228 2748 39630 24398 14519 17294 24559 5414 9796 29575 936 21601 37966 12663 1461
18429 22403 24286 20132 7537 27763 14530 25060 23399 14286 22597 37664 20653 21080 23804 15728 24441 9089 4261 33566 29250 35916 8190 11110 8815 9016 38713 35098 5033 30669 5524 29535 37956 32724 23823 18477 33813 19652 24611 885 29162 38708 38757 29218 14844 16011 35977 30771 12386 36639 38601 7957 21489 21058 17206 36953 36823 16432 13281 36395 20048 26598 2123 6933 37886 12840 25123 9757 30817 20236 20451 11116 32695 13443 16885 14143 20314 10320 36813 37240 7087 15304 4364 6248 10309 39814 33312 19416 36996 11726 2573 30887 21407 6693 3575 6381 15696 7146 35620 8405 27598 26035 5680 29726 24792 16394 13508 29854 27179 16003 37065 35349 15856 27780 28798 35156 22638 27764 15028 7291 17595 16878 20524 9101 15171 28270 23649 35460 4073 35873 37979 22694 2376 18546 37774 35782 17381 9099 17449 5938 18440 16638 807 12892 32974 27859 16812 35186 35617 1292 26660 579 13159 5411 33386 9043 22113 8535 13297 31793 18019 12871 3147 32885 6739 3020 8434 19921 37174 32425 6319 30801 15984 5460 11718 32592 20919 12294 34457 30051 31481 14517 9801 25095 5010 27735 31992 31428 3125 35392 35204 24574 784 12097 8533 31128 35984 17890 1240 33701
32761 38663 21120 34537 28437 12311 33206 8794 35892 10103 26217 27561 31715 12350 5827 37974 799 2035 25643 14998 25977 18733 6221 17829 31299 6978 39652 4278 7086 25476 11111 30895 11214 16162 24180 24845 37371 5828 21186 39703 6313 34598 30750 4230 39683 31059 25354 7155 16135 30275 33107 619 25177 28713 4119 30697 10680 29199 25223 10485 14997 38269 38202 5522 2941 24864 32939 15240 39130 10517 23548 30963 6986 2463 18929 20244 15568 25478 34477 22649 27980 33660 25864 27711 13393 8150 39801 23049 9916 12601 14617 24103 11179 31075 26399 14790 8784 32703 38736 14586 1852 26607 27968 34699 36666 36491 24983 29207 1441 21475 14543 20825 12915 19419 10909 39105 39788 430 13654 540 1089 22031 18025 14218 7798 21919 285 32590 26450 21199 34710 30897 37849 31547 6605 28065 29743 36620 36107 27996 9744 24868 11207 9360 34740 7314 3893 17985 11530 20757 15432 39409 2810 7342 8959 37345 18269 33767 25020 25936 460 9266 35869 363 16709 38036 18489 33009 35569 29849 33564 38774 23050 28787 35000 23597 13690 4120 25096 5188 27454 24645 33233 11260 10946 31000 39430 38631 25943 12629 7464 3825 17235 7010 17832 3137 1313 13929 20255 8939
32193 361 21192 32043 32943 21616 13715 17724 23435 34303 33141 38005 25256 36668 23570 27187 39789 39529 33647 31100 39817 21252 6661 20781 13248 26204 28379 16070 3311 17304 13150 26601 16652 24119 33165 12353 27776 16534 23343 13728 6780 33811 25727 38060 24557 9318 8652 14328 18946 6317 35446 12993 800 5222 22285 11690 9753 36323 17098 951 24008 5988 28337 13934 23161 17245 26284 36244 21041 33473 13505 3427 26641 13693 13056 37276 9542 23537 19499 38473 31411 32692 19141 36983 34543 29283 23362 5105 1042 6691 14868 24472 36042 805 6512 23255 14076 38485 34057 33890 26489 36128 20837 18149 34001 34656 2721 13444 39942 21229 34899 18009 22552 19140 7806 22744 14861 4749 7070 12069 34444 38114 15416 20336 29792 6404 32372 30261 6269 18270 22095 10795 22632 10481 30891 26407 16386 28532 7119 4251 16759 18491 1012 3475 23901 17760 27888 6275 39655 37138 18399 11082 5284 35904 4753 34400 29611 6637 4891 35736 15395 26312 31779 32994 4991 8544 28479 29942 1798 5429 13583 13579 35550 24651 9551 39650 35177 12209 23496 36280 35870 13797 20018 20947 30498 31984 33918 18376 5597 11005 20987 2675 6446 580 37417 16858 38396 11091 34252 36303
2731 6494 9415 30540 10033 39355 11161 12807 36667 39948 39473 22406 9294 38932 32151 4592 25781 27524 6844 10955 15458 20058 2489 2155 3121 2368 4143 3981 4494 34200 25209 4050 35226 24077 10209 12019 31267 25840 21999 39390 2319 2992 32028 27252 6871 38481 29716 38167 11531 33251 22029 38638 38789 12783 34882 30286 33725 35816 26194 6781 5219 25032 31005 6467 28906 5176 23276 235 652 25323 6984 11079 10101 26083 20055 30877 18178 9644 19803 25931 12613 33301 17496 13206 30633 23397 34520 33981 8369 16334 5553 8831 25491 22167 17271 22973 3400 8492 12289 3724 35806 38216 19732 13971 8433 38741 5175 35341 10636 32264 36376 6279 30259 3542 5591 34496 9914 21664 21733 25899 4963 6678 22718 27845 32687 16090 2883 4252 7620 18231 15722 23236 9826 32955 8092 2695 16943 11466 33383 30872 10461 6433 24347 4588 11638 597 8829 11185 2886 19288 14601 1545 622 37557 13382 14398 39539 6195 30565 22692 32638 32790 23602 37064 20991 17497 29038 572 379 34647 37331 14222 38559 18783 35694 33113 3522 33396 21123 24085 33151 10785 3646 14565 3252 6080 15517 8282 12887 8946 3652 22275 21527 5985 13781 13258 14425 19264 1275 20824
3929 1404 22272 16298 17026 28634 27260 29980 21910 5889 21734 2500 26762 30322 39300 25573 32503 22814 11305 35140 6181 11682 19677 1429 39189 27498 15548 32651 15689 6604 4262 32777 14988 17524 691 17690 7677 25218 37147 14942 6240 3095 19336 31622 35575 8717 12819 25488 39664 28591 36685 25200 5984 21737 15148 12994 20107 14406 31473 2951 37624 27213 10656 28087 9288 37644 37481 5076 4665 25649 6223 10432 34239 9829 10032 39496 5397 1348 37254 4853 20116 25191 28622 678 11385 6993 32501 2289 36537 9087 13510 19167 17569 21668 2313 6153 24313 27804 8555 817 13340 34714 17355 14850 17375 3152 23469 5408 27938 11093 8367 31840 30193 12863 12383 3571 4686 31675 20522 18123 29425 39958 17049 2362 12206 16047 3658 5000 34702 24966 18330 495 13736 16795 34889 22885 19644 26031 26119 6684 9707 34718 35082 25878 32450 29793 2929 19600 9095 27797 22461 22389 6746 29259 29865 20689 39766 19364 23671 25962 38423 15961 16513 2912 10960 33538 19032 5824 2937 11037 13563 23692 39888 10299 30339 20776 16362 13807 19185 25094 38804 35223 24188 39581 19950 33176 26190 30106 26362 38430 10515 534 11538 16320 2428 35074 15078 33327 32596 31696
29181 38411 28802 34266 227 37261 32470 9759 34291 871 38116 37249 14103 39830 12421 25804 15822 13614 15229 4699 10626 36729 35400 39342 4519 13355 36239 627 29681 16426 19663 27620 27618 2694 2669 21634 1037 2160 20366 37855 8576 18889 1538 15101 27060 15144 13313 37072 10466 13527 35764 1807 27787 7398 36015 34980 3957 10437 8144 30225 14386 13920 26265 25849 24298 10087 17013 19231 6931 27155 32091 28546 21738 33135 24171 31573 22733 32009 11706 32473 20300 13755 8204 35669 24958 38346 25941 9495 23080 9894 2618 34269 15441 7125 36609 2837 10639 6198 2394 11193 14189 10306 9940 16610 5800 20869 9317 27 14943 15438 15491 29308 33246 10185 22716 29921 5148 13494 36470 39468 34797 4680 2183 5444 37251 37490 36508 2214 4766 35254 22170 9913 27329 11415 14236 38508 4563 23849 9192 13170 30854 37887 30688 21448 29996 22368 15897 95 13515 8582 33657 22777 31015 23022 23100 34504 6378 10681 26307 20209 13785 36682 20442 32978 4445 7629 9212 8508 28232 20732 17354 6534 4323 20312 7965 5120 18774 16 23755 6646 32184 35483 14909 9513 32148 27681 32341 19035 4772 3674 29779 34673 5886 28583 11293 7955 33177 35092 32613 11985
6790 29008 7345 5673 7077 5726 13250 10404 18354 34384 25651 3379 30394 28753 7738 33479 25286 17174 20660 24590 11755 22772 6926 26272 18289 25428 286 32828 24170 18545 31214 38996 27895 29103 1447 30427 31989 34991 17580 29479 23228 13557 38347 10880 18287 36236 986 19016 19299 5541 4756 10888 31803 36342 30357 7252 7619 25980 28542 39811 5487 12399 38862 10128 28039 36211 32393 32286 22043 9671 9903 26347 6414 25976 626 15507 34478 3495 19019 28268 22105 31445 38781 16331 31916 6657 32346 37146 17606 4102 1581 26241 21863 38949 12193 692 17568 32443 3824 13224 37766 19903 726 34959 16249 24158 23774 14313 2710 20664 30344 36468 21166 31055 31935 19712 1877 20478 30201 9623 26249 15842 6813 19811 22950 19602 10835 19587 3172 39803 32390 7523 25077 32342 38856 4243 10729 30167 9465 228 33462 23937 20702 4917 20322 29596 27195 28487 16451 9793 10583 25415 488 13740 36218 26661 15578 31006 33886 38840 27896 23318 4599 4538 16339 15553 20578 2597 24853 15278 1281 20429 20561 8363 20444 29131 31996 17432 35644 17650 9889 33748 17451 28228 635 7767 16407 6666 29592 16786 11565 25230 6384 2168 34365 36923 24122 5015 7669 31703
12652 14874 3565 16094 6428 21769 3271 28287 29257 14291 36561 15040 23551 7081 13137 29045 25672 5199 14484 38300 32154 22382 23419 23109 34613 24164 34725 36775 15249 32881 8101 16352 32942 21772 27461 5443 18557 21341 3519 32278 26833 4453 24970 12648 7456 22040 34779 12965 2864 30850 16014 3371 1363 35050 25831 36318 38827 29456 39343 39546 2761 26220 20610 7590 471 23520 11717 27605 26932 25061 22218 14179 26112 3343 7979 11814 35808 11809 31032 17246 8934 26073 30680 38050 12064 22951 32726 29319 28520 38763 186 4411 8900 16209 39086 32420 22565 2112 12829 23696 38958 6244 3222 35284 21237 15039 38394 24910 1664 36307 532 23619 37032 8437 5682 6292 33350 4176 32518 23527 3948 2106 13070 35471 10627 20613 24593 32105 7059 6566 33619 12417 33766 8316 39025 6819 24810 27862 2855 23858 39376 36633 29653 5096 23352 10098 114 29929 9145 765 37003 33686 1373 39601 24500 6112 37030 23139 28299 7665 5842 37397 28128 30268 35155 7251 15475 37158 30358 39252 19021 18061 30959 23870 9499 20754 33822 34775 591 5778 26271 23913 30280 20374 35463 23566 6393 1997 10052 15267 5371 14187 15840 968 31403 21434 24339 38433 20710 33592
1332 31532 36104 3402 3745 22196 33183 16993 3461 27098 12481 10174 29313 13408 38657 18467 32349 31635 38868 15853 5364 24609 17383 15153 11664 20617 10557 29876 8058 2244 31420 431 17207 28277 36420 4211 18089 5515 14879 9187 33522 6492 14893 3945 8274 16495 2283 789 5977 39521 30843 29423 37270 11291 35600 9928 20929 27429 27655 38838 10977 2595 37910 10105 25867 35715 1266 26939 24141 34405 32696 31090 14468 29642 28827 36809 13704 26992 15046 2727 24377 11848 15467 20458 39256 6965 18265 31417 25083 32845 6102 13431 25025 32199 28272 13006 138 23931 27041 2191 30885 35329 15883 31014 3269 13245 33863 10545 39481 9026 3636 35325 19040 11306 17691 17195 32385 22033 33276 20887 5644 21467 31103 39905 35676 23166 32706 21117 11239 2629 3989 23722 6208 10248 5379 24648 10561 22464 27518 8663 18187 17394 36275 1645 24254 31944 26576 16571 21370 32532 28375 17033 24431 12105 31256 20884 9104 8157 16193 33989 13773 7394 16633 5189 36162 39483 24138 26199 38136 10875 25839 23493 27488 13819 2432 26155 8696 11662 27532 13017 1541 28704 19593 26106 13776 19942 27550 8324 19265 27259 28590 23887 25763 31132 20069 27565 2374 38426 37142 27714
20784 25904 23772 34628 30515 21036 9901 6282 16483 5465 7867 32859 31449 39150 37151 5694 12953 23130 13955 30531 15626 26838 28275 17511 7235 4162 11711 33953 15154 15844 26516 31518 35430 13787 33133 23136 29626 30442 2351 35234 33221 684 2360 23131 1939 5267 22822 13195 37207 37949 16828 4366 10123 1076 23538 6274 18098 37118 20988 8266 969 22821 15877 31847 8738 39907 31253 11650 26068 34811 39445 12728 6639 25685 22800 28664 7427 37609 17358 8209 29222 22776 17868 34168 18339 5227 33137 28599 25681 28446 27130 28863 11831 14005 29559 251 31849 28122 22689 36951 33654 854 31783 39931 6974 26839 25377 32076 27611 39672 18284 15489 25949 4327 31101 13906 16645 6147 15289 36969 7106 38918 29687 2934 31085 8149 33032 25304 36524 475 17317 4345 16112 4026 18441 640 22494 19821 7555 23428 21840 25817 25668 38354 22956 30642 31121 20490 36892 26262 340 4285 19726 31413 35622 8640 37435 30173 6973 22633 16099 33236 4452 32736 3755 24949 14370 39649 30743 33446 18590 26495 38835 38778 25092 27457 33368 19439 23458 21893 28097 18990 12301 28545 16337 11265 19997 31151 22226 27479 31539 19404 11484 18461 32096 12508 20920 10595 35059 34509
22197 21046 18252 15161 17299 26519 16719 16524 5024 33273 17180 865 35313 8563 6913 26257 25226 20643 7560 32303 29460 35852 21824 16674 20131 27614 31848 18845 4369 27520 20421 38844 24789 9081 36110 32388 1356 9606 6141 34952 12123 31189 39643 15471 8549 32137 31153 12260 11962 1855 35829 23073 4799 37412 36671 6036 34021 19153 31875 37841 35006 39827 35283 31033 5378 26123 13545 25360 37189 30345 15263 17673 9034 18844 14393 38706 6695 7383 19693 20164 15282 901 19216 19041 4455 8443 4240 33302 28703 28549 1622 37328 21827 37750 21955 31416 31908 24580 6615 36957 16375 14767 26316 35 6367 4321 35721 6063 13799 29395 26000 26614 11354 28509 16185 12520 24289 36625 19496 18239 3040 7743 39526 30609 1825 21727 25257 35037 29640 31127 38667 28649 8774 35355 4313 8649 31810 10102 33 27529 32629 4049 15565 36744 31334 7321 2995 8064 30066 3773 9803 35501 22637 14725 28105 37938 26258 15577 15172 38099 18629 38752 18468 6838 3131 20833 25733 10075 3445 9138 10028 32522 34106 24026 38516 29115 2002 6798 38912 37043 26671 16025 35159 31486 34798 30952 10321 18036 22746 1450 32094 7080 11242 31440 30948 20688 23147 16237 9357 32794
30951 26067 23470 36565 20750 34449 39870 22673 4394 32241 31281 23543 28406 36242 5700 19092 17012 39904 7190 8710 9775 38994 9676 13685 28582 10502 18353 15985 22005 8517 11691 29139 16079 34994 39136 32555 37533 14664 21030 21180 20840 23741 32867 39760 24231 23411 17222 9564 23921 37160 25877 1770 10427 20014 14546 29613 26237 32935 23631 13068 935 183 21112 3080 21534 33819 37845 19418 36200 17831 33637 29632 23938 25850 14695 21242 32778 38134 2239 20832 1850 21266 4915 33309 1108 5246 31131 24693 24502 38175 2645 13658 34927 32052 6959 196 30670 15628 6956 10344 35766 9777 8847 3569 28604 2418 10784 30944 17393 2847 22993 23143 23512 603 10798 26690 3275 36349 37332 22503 8666 18699 29353 23924 10285 3594 2169 11405 38520 37029 35791 39561 17635 15234 17166 38834 26016 180 39223 31727 4794 6788 23159 9401 24282 13724 34621 9515 35661 18524 1738 198 25485 26914 25669 4712 20337 18585 33688 19093 12817 31960 10594 39006 19528 27806 8053 38864 11379 39632 27500 21457 25336 16728 37818 2952 14090 10894 32338 22727 27958 9057 27022 13552 13578 36842 9004 4643 15737 23477 6878 2653 9631 38073 15368 26388 11295 21971 29972 23374
19859 31215 29981 38832 21947 13522 2799 5986 10173 24652 16188 30901 5409 33633 4747 20793 36335 25017 5326 27389 14869 21851 16961 1536 21157 4150 17264 33203 10274 17656 24429 15838 18494 18241 5095 25222 14995 29852 37347 12100 26072 2841 4008 27712 569 7160 19549 22431 36414 25553 36308 6822 18078 14395 1894 8670 36187 35588 10252 18254 12471 37460 24483 15451 11340 10020 6052 32693 32679 11743 2737 14830 30514 8308 38359 27543 14814 1387 31331 10188 38190 3672 3022 19513 27701 31239 20806 21342 11799 17197 15070 23805 11049 33944 26301 37582 9557 35966 21816 36791 15221 13045 20329 26855 3766 19010 6383 7180 7433 31095 16871 4472 13538 14787 28292 8393 31044 27984 5577 9040 2845 35143 19411 34280 27291 26366 4687 33349 38303 14193 28567 16561 17019 11955 3260 38290 561 11199 8456 25928 35417 6067 33778 18935 20157 5531 666 4709 34314 36445 36321 9062 35162 13993 30976 22469 17723 22453 3506 38345 25137 24705 34201 22250 26679 10093 8809 3871 22308 18142 17151 24988 29443 4505 17095 37835 10673 16137 24840 3963 28071 29237 20496 31927 34800 22674 38221 6840 8078 8918 30478 26437 28092 400 11904 24039 38993 9747 7126 27266
36998 28425 10144 26436 17907 29231 13164 11333 2120 23674 22470 31823 8238 28989 33064 8855 26171 23443 1066 28819 7052 8224 13020 27756 25736 6395 10602 26673 33366 15357 10243 716 28679 16925 18620 23637 36613 2594 16983 11694 1692 20568 24621 8547 23482 24083 14314 37491 19250 7699 38541 5786 6962 15490 28285 28654 29511 10624 35785 13396 33649 37388 4094 7355 29650 24151 16332 7722 5094 32795 20348 34973 31024 34926 1077 12191 20150 12757 11378 35536 38360 38944 5955 1909 14633 23064 36473 33415 16979 8936 2572 28359 36389 32600 12894 38670 5542 36980 28609 4137 1395 11320 30751 8596 29515 32405 20500 18835 29483 30102 10385 38037 4148 6572 5806 37130 20064 5442 2554 34539 33975 39971 8704 37438 36939 37727 33359 28340 33677 10275 16764 23762 23441 33469 5632 6667 39444 3595 28420 12597 15820 39828 13345 739 16377 1847 14609 22613 15306 21253 31690 31374 5497 23030 1432 7107 30443 8771 19901 37493 36380 13933 30700 3145 744 32061 27441 152 14427 8417 36851 16315 954 5317 30233 21651 28962 39822 808 16927 10887 17083 35844 7748 34173 30674 2312 23807 35856 7460 25975 14753 5144 9408 37329 26445 33408 11605 1752 34383
13285 5759 37456 8880 34397 29657 33951 11678 19661 27050 25616 35944 15363 13234 38494 34517 10668 1200 33084 24613 23499 17940 19349 17786 23222 30253 21455 38803 34999 27932 1983 6315 25139 15074 20202 4857 5256 3626 33550 21224 4740 1702 3265 32918 25542 16893 5962 26357 20986 886 27289 3159 39213 814 8126 21197 10470 14557 34526 15955 10334 19708 14618 15310 5777 24558 37801 31606 7209 37833 20878 1337 28338 27109 19171 5347 31228 30665 8406 35064 22487 27280 15317 8697 36575 24630 8539 24686 35300 9383 31963 26183 19187 31125 39765 14034 11890 20028 4837 31632 30037 2184 30006 37753 38386 27499 25715 6683 39048 28102 778 24136 16147 19702 36012 34467 35420 3947 11978 12212 11498 22205 2734 39587 20308 2041 28328 766 31617 38807 30658 30980 24673 36751 36364 17063 25665 26922 26895 29490 16163 20576 1423 6649 19968 38416 37039 29692 14972 903 21533 873 11627 961 32369 6591 39219 4708 32850 26471 27150 11457 4476 12270 9949 22920 21912 39113 32249 21576 1480 1631 3614 39825 36455 21416 39612 1234 37498 1306 29059 30483 15969 31167 19904 6276 11951 39304 35371 39917 2380 10873 32633 27311 5286 39239 13541 37086 26676 30526
21726 30362 1823 12614 2365 820 18989 11128 18154 23097 32197 16548 29923 13187 8968 11259 1518 28429 12646 5630 2516 9046 11977 21330 9562 10933 28585 13009 15917 7286 2074 24227 7717 16685 8062 1993 3017 4082 38010 39004 36106 6843 21961 332 3843 31458 120 2801 33449 20488 9181 9745 866 175 20002 24904 28648 14342 17196 31155 23479 3496 13832 8731 7786 6346 39816 28892 27751 7372 15325 33700 37604 1493 28935 813 6408 22719 5869 1074 33304 24584 30113 11941 25395 25135 5293 3166 26478 6352 22782 18203 39625 30641 24753 22954 956 16219 38058 23304 241 27829 31676 33316 31301 27432 3357 4052 6218 31174 17567 2478 4178 675 6736 29244 27208 33083 38148 3982 3850 12654 20704 31036 25350 6045 22536 35142 8383 8645 28392 19565 1120 32467 13624 37087 6123 8399 25513 20964 6679 4488 23150 38092 12026 19197 20097 16838 8268 25043 39286 33948 26566 13524 14130 5743 21787 7116 30144 6939 22280 13697 4499 20826 12002 18377 20949 4511 36641 786 18564 17644 24962 32907 12128 36611 5662 20261 28614 36994 35835 27184 1063 28497 9798 18625 2839 17803 2157 16880 14356 21540 27556 13365 1328 29016 32066 16882 36282 21137
31811 12145 21378 13059 20694 20477 16758 13663 20174 20019 24105 26418 25842 39075 19378 9127 16751 11528 7110 4831 26369 7216 21696 13722 9943 39433 21497 3200 37568 15776 4698 14191 2420 22092 29066 22839 13756 35640 22085 16136 27944 9846 29664 28034 21572 11542 35378 38574 28325 35068 19935 39352 18244 1226 20569 17395 19725 31261 20455 15960 35850 21174 28587 12160 38154 26784 39041 16023 21221 30127 20545 15557 7776 987 18507 26562 11001 19773 32156 36311 539 39253 12775 33191 3297 32244 38922 23506 15429 29136 19044 11061 15080 34845 39698 38367 11448 19380 36597 8614 37382 14493 19164 474 17109 11958 31868 23358 25240 17900 31282 30505 22037 8156 2134 9390 20499 23798 28551 15620 30380 36479 31497 19226 35992 36513 23061 6152 12902 22100 23970 15262 3694 26086 30098 6380 9917 9079 1840 19573 6511 36665 7083 14877 5723 26543 38408 3818 15739 6075 2202 27789 36366 8035 10694 25224 34206 14359 23152 10114 34614 28598 24497 7834 29578 27384 19473 680 16037 1426 33253 23463 9879 31677 5836 32456 17112 15319 35895 18851 16019 31968 35666 15446 36233 32070 15321 2246 20633 35946 23104 837 22459 23412 10892 25358 6549 28222 6175 13353
33572 10002 35304 39647 26066 10449 17351 35309 27392 23491 2392 32905 29121 7073 35391 28152 28111 29577 14793 24130 36386 38555 26209 25297 27941 17593 18955 9488 4939 1603 5872 8408 11933 12412 19011 32712 24945 37141 29168 73 6461 11142 30941 12199 30422 3760 28949 24432 22826 2012 9332 29985 20334 14702 10861 21933 4014 16614 25161 10072 13742 28404 18290 9869 20830 34815 1239 17092 31179 21016 19768 20171 3067 4859 32005 31616 3264 5631 28886 17881 4972 21937 31356 23223 18807 32526 21290 6599 23004 29797 27061 35425 2658 11017 24367 25906 6712 39391 32429 29891 11953 36118 24775 11487 33845 33211 24631 14365 5575 2665 23140 12055 14341 39160 27871 34368 20494 10244 20321 1710 32089 10120 15954 12343 32205 23864 980 7079 5544 38454 15567 33354 36931 12453 36031 35562 20586 7228 32364 11708 22918 15391 9125 15380 34928 492 688 28096 29261 25187 5783 2093 36570 9831 25213 39722 6001 26725 14727 15671 21410 2334 36481 23313 5249 4122 30564 19469 8240 26828 33392 15591 25610 32762 24772 39838 31929 27003 908 978 27995 163 10010 22235 3586 27296 1329 21495 9620 3811 6078 25186 35174 38689 19202 28940 9743 14378 8619 12375
25306 4748 20287 4502 11418 306 10508 37559 1381 29615 27175 36887 28901 5402 2136 22448 7707 5648 37522 5140 10183 17314 15793 30222 24717 35778 33127 38698 37423 12886 29499 27156 18002 24599 38700 23171 30593 25053 5482 18516 29352 36066 2991 14777 3336 37819 5201 36563 8821 24786 32804 22651 8635 26506 39848 34501 4996 36013 16586 10998 23580 27469 38879 21372 39734 22968 21283 25162 34258 8531 6498 23385 27562 9096 29809 35813 10690 10036 37698 14635 1533 32488 11492 29149 11536 1278 34739 26218 17901 34039 19685 13688 2254 1713 23930 18976 7804 22375 12449 10525 20764 27743 34260 32755 3972 33947 13894 18618 834 2013 30254 20293 16346 30966 35776 4988 2230 38262 12370 8716 14747 2221 3856 16964 30014 15678 32796 25065 1682 11979 8368 27682 25457 33675 20251 23811 28515 20605 1989 37830 4598 32675 27031 27698 33454 1198 34250 9991 21584 33314 5415 28347 6618 35461 16741 19730 13204 19918 25620 21703 19274 36399 21631 37742 36710 30594 24702 26528 15508 35692 34286 11537 12275 26820 16270 8258 6697 25463 19402 11967 3993 9009 31378 9455 39072 18039 7630 24235 38658 9176 32511 26300 20245 30625 6796 6353 12740 36103 4087 19733
36897 11426 13399 18901 37755 1833 23812 12692 29765 31003 28241 34317 17154 7201 38723 23869 264 5947 14167 29539 20173 15618 27586 38560 34062 39935 25965 17097 7450 14009 31196 12942 9224 9251 22480 39523 27844 28246 1041 32967 38181 30374 35962 27790 5687 31695 12416 12941 29907 24484 38252 38021 23239 2065 11055 36377 924 35103 28145 11672 16889 4995 39084 785 18370 2310 8540 39616 24010 9223 14330 2063 34101 14810 18071 34155 17177 28980 14039 32254 34355 12591 19270 17386 17912 21931 34083 19795 34117 37915 4558 3990 1003 39354 8030 24126 30316 18906 7352 6988 36845 33167 15428 12978 16977 14063 16033 32142 8581 5945 3481 15019 16831 27703 4182 39499 26788 19258 27648 36552 27181 12684 25262 21603 33428 22627 28419 37110 34154 4635 37530 33401 37754 36649 31812 36074 1117 35826 24190 18331 20738 38308 30570 20555 29817 29377 17717 8921 36697 16649 31307 852 21542 9382 15443 2005 31552 5154 34818 26695 17162 2518 9445 125 29182 36553 19815 26904 14288 20661 17603 25383 10284 181 19459 29084 21641 7862 38306 36632 362 37105 22550 37614 36748 15516 33996 16144 8656 10816 18136 39134 30206 33685 36167 35189 39478 21799 22423 32711
28418 35128 35180 37906 18346 20953 10358 20788 36989 13652 22041 30356 25809 25682 25709 32993 14683 33998 25497 26866 26240 1032 6907 16419 127 5208 6760 2753 26906 38496 31709 31104 9307 11460 2260 31233 8965 16990 23617 34005 33440 6576 1548 27043 32082 1400 24842 20666 36586 22514 31845 15963 36121 5450 13926 17576 24116 26841 15716 19485 24081 7719 28777 7875 10431 27297 12565 3860 30126 30607 37611 39735 12493 19039 15450 4661 36790 35706 6458 22864 23006 37452 21869 33220 230 6894 18567 32624 23035 5455 31893 29323 14580 34289 22195 12371 28451 11036 8234 29192 16669 30466 34145 24507 5970 39843 34764 13239 19660 25443 11759 6478 21861 2174 32872 27632 13114 11562 28257 24040 1564 24167 22166 14283 37900 38656 26480 20955 25896 32319 31889 18905 14931 3010 24399 36766 8348 24137 25834 5790 8033 1552 36208 18882 166 5462 22391 30199 33789 25769 13418 18574 7423 32647 17041 12916 29488 37503 8860 14390 11053 24886 20528 20573 12643 31516 34724 27105 2988 15135 18309 22401 15721 17934 27012 16218 26185 37521 27465 367 14460 16428 13384 39245 22519 9723 39480 7139 21920 24607 25716 5551 29584 31011 23657 22348 607 17836 39495 16740
26727 27308 20514 14003 8845 9341 33827 15608 3155 16347 4477 33213 15127 12544 29002 39847 29118 5940 36755 37327 7101 3984 15914 29922 17578 10506 17617 35910 12446 31662 15392 15932 27118 20213 9055 10552 32073 32752 6947 36916 31137 16022 27269 23995 15868 29594 3628 15617 36619 12526 31843 31421 39199 31038 28523 13296 23575 14541 39943 30529 35814 10234 14841 25298 8812 6268 4142 7645 11563 38502 21357 15841 25181 16963 18796 6499 6758 28750 24930 8538 8010 12406 2097 30537 21057 38587 21067 13789 13018 21710 37538 18157 10566 36000 2424 14070 15989 38135 8524 15375 14371 13840 30364 28085 22555 22144 3604 2806 13686 39768 37859 35136 3307 30748 6795 21184 11332 965 20138 23884 6715 13389 19262 33197 10753 31945 25603 11685 11135 14263 36320 38103 32479 10342 8271 3285 2480 2265 28612 20640 341 6723 21679 37642 29872 30719 7171 13958 28248 38780 7714 28874 33070 13589 7256 28957 8461 37676 25505 13692 16953 16823 12531 11027 9517 8963 8844 37935 39076 6722 35412 17957 26102 8956 19238 33003 14400 27264 7818 30788 84 32466 33242 1505 15997 11371 1636 29604 5436 33295 39592 29417 13870 13855 1391 2790 19115 38356 12649 13472
29333 17061 6828 24325 13101 36534 34689 16626 25884 25234 6465 21358 4764 18646 33068 19056 29912 9044 7 25951 7783 18814 21906 15815 39033 63 16543 26599 10752 12533 1952 1087 28602 30767 10480 11846 35763 4130 293 16361 7616 1998 16965 18924 27006 24397 30072 14045 11351 24928 21403 11965 16802 10292 33926 38351 3158 3774 4484 2322 11676 13766 9020 23112 29251 15699 30905 3615 38137 1694 8852 13262 20259 2976 17030 26289 134 13935 2899 32371 17788 29963 33961 19075 7614 11064 36877 11644 7821 5152 15012 9147 9000 30122 34562 20667 8100 13956 31692 19957 34406 4257 38180 36948 24823 33342 12586 18186 9234 10063 25392 12801 6006 34166 17505 17651 30230 24696 27200 3998 37600 39990 32499 12287 37799 19740 7479 15084 30079 35259 25454 39687 28518 38665 28671 11876 11621 34151 4406 31409 11928 34505 10802 4097 7331 18859 3826 37360 24050 12977 15000 25819 37677 34170 20822 34960 6339 13671 27089 25744 17418 18773 38066 14982 25479 30081 20431 25768 5312 36902 3781 6193 20652 18337 26966 20192 12543 4276 19585 35957 34507 38245 17038 15341 21047 8685 6249 13857 12037 37157 27112 2962 14990 31721 8913 15411 4317 32660 19452 19112
27211 23942 26236 18571 11622 28694 19443 23656 9209 36073 16204 6100 23852 18094 19705 39569 12308 4856 29837 327 28684 6355 21700 9619 37280 5916 31078 24455 39003 2450 32806 30624 29152 23099 38294 20829 6472 17913 2195 23912 37934 29520 6924 31735 10762 11767 13540 5840 32521 8331 38792 12551 2509 30496 15062 3305 23838 7659 12058 31865 37776 26025 34771 32700 14454 16450 21324 39146 2779 37053 11212 27464 31159 32178 31652 5513 23917 17781 28242 10390 24865 21993 35312 33394 35067 20398 29098 5685 16892 25898 35897 14435 22897 28183 19829 17544 9505 18021 25860 26525 35540 10325 2299 22435 21052 1009 32694 21770 16234 14120 23985 32021 6460 441 31765 33717 9023 18160 5550 8270 38983 24907 7400 19401 7384 23760 32863 15431 31342 25166 27967 28543 15825 13420 2657 28914 8680 14496 13992 31250 8344 33403 3559 5665 14910 21265 23025 6845 39381 10009 3650 7353 12523 21421 23775 28188 28424 18387 29720 13518 3617 15562 4448 28114 37393 31216 16736 24080 686 33955 19798 7237 7675 23873 15564 2647 10038 17642 14472 18594 21111 26483 35954 35324 1677 12890 14250 59 11632 37447 4471 13072 30943 7458 20489 34912 10965 37424 28512 14171
37059 27641 39008 20010 39714 8996 19305 22180 28586 21780 14055 8244 23266 442 7939 9953 23000 4175 38043 37588 29534 11021 15007 11096 24935 12842 2524 36817 29058 1757 12420 21928 21168 17694 14950 4521 15511 38769 35320 13390 1639 28038 33664 34419 8460 33390 8239 1459 18754 3629 13946 20591 4739 8904 10585 32441 20296 31060 34979 9927 11270 5452 24043 27396 32255 31240 11275 23974 39929 14285 10379 28807 32170 38313 36658 19458 19239 31004 18197 15638 23975 3670 39207 23169 33942 32920 28673 36550 13471 3214 3460 2485 36355 7257 9331 3283 16476 34931 39853 34837 12868 31515 26345 21453 33718 13046 27474 12777 23323 19739 1717 34411 17754 31284 4282 38760 305 17168 32354 16816 36607 24306 3664 32780 12781 31626 19527 26212 902 14023 31550 1399 16508 8502 26138 5220 39027 19647 28223 36774 26755 29756 101 9045 29276 12874 28190 28469 6547 35269 8982 19326 5590 6422 28593 33514 25156 2457 22942 4727 21622 32553 36590 19510 14095 5539 4071 6019 33271 11505 5701 32435 9152 38662 39242 19196 22619 35169 2109 10632 34756 32502 12290 23626 35363 38553 17629 27812 28772 22188 30031 4718 746 30554 14644 11548 10317 37820 31360 5126
9618 22049 17348 15596 19985 19014 17564 1169 199 35802 28752 8479 5888 7931 31441 32311 24768 8186 33841 39824 5755 15546 28967 20871 39799 10152 33933 13564 14051 39696 30094 16890 34322 32896 38811 25815 34453 6899 3744 24355 13877 7281 38572 14663 28216 30426 5072 33565 33332 25399 15713 20137 32583 291 28447 37078 30928 4779 8643 13479 16507 17121 7487 3339 20538 31202 891 4874 32698 16708 21020 7576 18607 3746 2273 24944 34582 36123 8292 8986 4653 34028 15302 9311 9088 2994 17483 6971 17275 34571 14818 39786 23780 4295 29777 10939 21321 23879 27117 34898 11454 19509 33223 24822 8083 6059 6420 21722 13998 14209 14037 19213 25013 27483 26315 31485 8511 2277 15455 15818 36756 22987 5163 23986 39737 329 13584 21394 29655 28115 29104 35229 5811 37788 2139 23196 30457 32086 27710 30446 29419 12835 3556 10755 35677 4234 12229 38322 11287 33228 2339 26340 6468 17069 26952 14838 2401 22949 23098 35548 6029 24393 35345 27095 20406 16397 21648 26043 22683 12938 11076 37542 28227 15922 33333 30867 19848 12546 12444 8043 39196 34586 34223 13973 19387 13752 35016 3138 8015 25248 4673 38782 7921 18973 20746 4068 14403 11368 39644 22101
10543 6740 39465 15983 6318 37973 24954 17064 34182 12830 24274 8119 6203 14320 34765 16726 11277 20845 30968 14740 7198 10439 33418 35111 32477 19590 31506 1520 33734 33561 21829 13778 37796 36713 28294 8765 24362 6602 39568 2876 23481 39960 34358 19738 34475 21218 28215 18145 28454 33046 9924 24719 25448 12672 13480 21984 2414 31754 23214 12932 17084 3848 28372 2692 2026 16811 35458 17183 34241 788 27417 25927 35940 22379 20549 22302 408 8935 13803 13571 2081 23012 2577 34503 38098 21646 12326 31270 37278 30465 12528 17910 14129 18591 33169 4079 21970 15425 9244 7820 4398 31890 4738 15659 14208 17774 27860 6413 31863 30559 16340 6964 24031 193 38551 21499 39153 4541 35493 11231 32830 23787 2605 16201 20030 29524 18381 29265 27250 33461 38775 33216 25117 28698 36157 22765 39771 19471 31956 4340 6157 10373 13568 38455 6714 8800 23096 21535 9396 17273 14312 34625 32768 11004 12907 12674 14292 25461 18121 4632 20189 9838 19983 28410 35531 38156 3335 38507 31407 31852 22177 3478 20849 33753 582 3122 6418 15140 4232 33398 17037 17873 29105 24561 1609 21294 16920 1637 31878 3510 30050 10902 7047 29082 33676 35443 13532 2330 2539 20553
32368 36759 632 6462 33231 1868 37305 24184 2956 14186 30156 12790 6171 24660 28849 31830 12517 18896 37709 8628 11473 38818 21136 23146 28660 9582 27267 10398 28363 33598 38755 23727 32743 26026 6910 37400 26326 15258 10536 15607 22356 12869 6880 29643 11702 35585 26118 4778 29106 11238 38249 19831 34380 14160 19930 6928 37891 19692 27221 18805 13636 24000 2980 545 8262 7563 13415 11480 28300 31776 27616 39957 11900 21820 13432 16517 27584 17974 7682 34511 24299 13810 26387 3588 6685 16260 5809 19719 37500 25604 25121 19002 11659 26994 14346 15224 5883 22149 16848 38142 34066 28374 15296 21095 39856 1279 30855 13184 26030 30922 9275 28426 16152 1036 30845 22676 7026 27591 37258 29513 19472 36203 5967 4399 29508 26009 35930 27834 39162 384 2588 20567 19096 21832 6770 38157 16302 173 8780 39435 35528 25348 27625 18919 8908 5859 21513 8267 38578 10154 18823 20912 2119 3802 23862 27460 18031 26058 14980 4723 11106 12877 13772 27881 6021 27271 37335 39665 24386 16580 29387 29493 37800 27486 32971 1747 9861 33480 38532 12115 8730 36621 7874 29718 3789 4561 35429 20219 10041 7115 21460 3128 9816 28212 6188 15996 38513 16738 35273 6562
503 30840 23682 38333 35800 33328 19674 38081 34671 19936 32735 29853 3763 4834 39023 13042 12385 23940 39780 7099 25929 29089 16307 26950 5097 5944 9933 29113 17163 4053 9905 4796 21692 31633 15045 37615 30463 34030 9440 15785 36578 25002 2280 17947 25280 28259 30534 14625 21385 20835 25422 39411 30310 192 3376 16933 9487 11278 10986 8927 29334 11582 4630 17074 25168 10925 243 10691 6255 30727 19609 36314 38054 17239 5143 39255 27571 25956 13732 3074 14447 13597 29957 38959 34327 1669 18753 28252 8428 20970 35183 11284 21872 18766 9533 27197 24516 38675 39278 11667 1889 8764 10109 37128 27779 35673 35105 36884 37692 33883 30444 23353 17128 16863 11067 32112 5866 6125 23747 6439 11957 1010 4707 37911 11032 21740 11550 8519 5779 35970 34578 1035 12328 8719 14515 3868 14536 7044 427 32167 21226 12737 29967 30252 6108 7640 3721 14642 2760 1908 26227 801 27026 30371 6853 4964 6024 24 36199 5756 36583 31206 16444 33193 39419 1015 2880 35958 2541 28986 7229 3758 1658 29264 37694 19149 118 29582 1421 31640 28397 1143 21858 35624 21340 27137 20903 20677 12059 27563 3434 24069 35211 9017 32380 36404 30765 30248 2207 9076
29496 588 36215 24279 16541 12793 37809 22665 19756 19374 23474 27732 39426 28891 1532 10884 27102 28943 33426 3878 1146 9573 12960 23794 25178 19315 21642 39874 34486 9600 23701 35301 34674 23120 33968 34591 31346 19080 19804 6761 77 20340 36654 29301 34313 35088 19312 23989 9155 15613 20257 36115 26900 21368 15337 14970 4690 18166 26996 11264 17126 15231 29143 10507 23771 29163 36527 39716 34037 16923 32699 33529 9886 37593 16636 26816 32394 18578 29464 25569 36973 31824 15530 27401 13585 29915 20035 34553 611 25174 29543 23422 22456 39446 12880 12239 39772 8721 15987 19078 1362 29648 38146 38088 14358 5864 5616 37340 28696 31645 26352 14712 14424 25180 27347 8075 19890 29802 8222 23312 6663 4825 36702 27258 6386 39939 14202 8421 18966 7041 24172 4864 37810 25952 2602 644 34407 17170 37163 19788 15345 30083 2769 1291 30163 24683 15999 36145 34502 34753 11600 16505 19412 19842 22851 29434 9458 15202 401 7182 26925 39053 17816 20519 23486 10932 35695 31311 35167 10115 16051 35592 25897 19085 36480 5825 6230 3579 505 19635 14776 21134 17442 20051 19851 3342 33731 23391 26230 36808 33737 7894 13684 2483 14553 34919 28868 14028 13839 7260
10046 8657 3302 6654 26424 31186 9241 36213 13476 11506 7254 32038 167 28490 11479 21161 25160 37436 23545 10267 7294 26160 19934 37639 33248 21310 39171 38552 32153 18406 19872 1725 20709 20405 26993 4385 27122 25773 33108 24305 16835 2982 29864 16486 33470 36935 16658 7529 34627 12413 19295 15211 20645 31430 12579 37554 11988 10148 39890 30561 25812 27027 14899 20915 1849 36064 36652 4657 14882 24657 14315 24755 15406 31987 20516 28499 27652 3140 11328 2550 14360 25728 14155 39622 22886 18358 6665 19648 10801 16682 32686 31397 22785 35459 15892 11252 37697 14751 32982 1780 7157 9763 7733 9378 6104 22605 19556 22419 4227 17419 11524 34633 38649 29680 27877 1551 34175 36635 8886 36630 8103 39476 20874 15343 26529 23883 9268 34917 20889 1220 307 18209 23822 4037 19217 2830 9537 36085 28763 1483 26296 16088 8684 30117 17502 20223 4509 14319 32399 20730 13335 18049 14405 31995 35028 39462 30291 33908 8347 23689 20005 1127 20673 24827 4308 38669 31322 937 7346 17377 8775 10266 32272 1663 22158 31978 34872 30792 4051 35942 37415 28693 26894 29372 11712 15706 16767 36045 25942 36806 2053 31817 2720 34967 13058 11226 39861 2878 9617 1875
24192 28690 23670 9485 29129 38297 21754 1988 26979 22834 8077 17384 12236 27791 14438 2557 27272 33129 14462 11139 30379 16404 21148 12570 633 19079 22819 17872 15244 26279 1140 4855 1159 4469 24478 23898 18996 426 24706 17413 7118 28776 35561 21895 10958 38361 24065 27254 31679 20893 23134 12485 645 16852 6341 15069 16367 33861 39055 6632 36221 18216 37446 35240 15803 21838 27538 26889 34784 35033 20828 14674 16659 1406 33050 14692 7676 9963 2268 13361 11628 21761 7762 35099 10845 39272 22975 32051 25164 16677 28956 19796 17311 30996 22589 27369 33591 17184 24813 8483 38905 5608 7990 9647 4293 13644 17193 3102 9824 16601 20564 39102 28814 10935 22396 21428 8286 28657 20007 23596 17597 11761 7736 12567 18026 26609 38647 39031 16089 28432 39867 1743 11920 33417 29453 35470 11889 18720 32304 28666 15949 22921 5180 38707 263 4208 4806 7343 14887 12694 30754 16722 30138 14805 37808 34649 39415 9850 32010 20865 7624 39296 29781 37662 30372 39819 7902 4153 7567 17882 26193 21498 21628 12883 13370 18430 21343 2009 4355 24745 27275 32210 943 33257 26488 1048 36173 15836 35993 4899 14294 19433 38928 10629 2144 26400 14742 28056 1719 10370
35881 13175 26581 22254 3418 11248 9556 4897 11539 7046 35125 3828 1210 17937 15759 13680 33182 24066 12910 32181 37319 37381 7262 6222 7511 7490 23764 37714 9330 21480 24926 34436 37916 2638 13761 27998 3864 8453 36457 25496 8967 38412 30892 6652 7684 22288 16986 1974 7225 27064 25300 9721 25059 27597 5724 29706 34859 4180 20136 25320 27894 3483 33247 4900 22587 1670 32426 2957 13706 3446 23776 31784 18143 9679 11194 24581 28289 3515 7246 8381 33481 23039 6744 26945 33024 17070 28721 8565 11444 11529 24150 8932 28959 19816 25742 398 32050 13683 948 13702 35691 3417 29475 23452 4827 5247 34646 22160 34227 36651 11546 10721 37518 5504 20361 35321 11184 9772 25421 605 11508 14156 3328 35979 36234 19224 11318 17609 13035 14809 11356 23019 10605 31548 571 8668 23712 26779 34609 27994 22910 21105 12687 4438 22571 2548 13490 24055 36048 5400 33017 28276 9697 23803 24662 36564 272 9848 21732 23138 18008 20888 18556 31386 8567 12292 11384 23736 10953 2266 34210 37870 12022 26385 34344 4401 12838 39410 4869 31310 38641 8375 3739 33773 18971 39096 27558 15580 17738 37499 18062 23665 36737 21331 2816 30260 11062 31737 33324 21805
27209 19228 33839 8256 37890 39402 15291 4770 10937 31999 16310 19026 21273 20612 36914 1460 7370 23430 36573 26592 39215 2798 30828 21511 3960 22636 11520 33950 38599 30762 4845 22097 310 17507 23335 21004 11449 19320 32271 14853 2212 14119 20930 7577 11584 37771 12919 4668 8184 14030 39976 31575 5832 27931 25147 32018 26146 10612 24711 16463 7975 12765 38463 35972 33716 7024 25909 36258 15953 12519 6536 25440 1921 10789 27685 31688 34869 26731 4443 10364 25308 17324 24436 25671 13529 13695 12327 15598 23806 5195 10687 36557 17715 21297 4342 13091 15481 9734 12882 14768 14268 7982 12510 31797 34623 20950 12666 39573 10919 36643 12540 25435 19928 15855 6938 26089 24803 13921 2738 23691 28606 27262 17053 32535 36006 8616 16533 22052 16530 17253 867 6912 21882 32529 1274 19073 5064 36135 29862 39751 13745 33357 27339 25247 22424 21366 19505 32947 17622 22756 2338 4466 39166 31545 16967 34058 11413 24508 1760 28717 4047 16269 17806 19251 21877 29609 34566 32869 21842 30436 13975 37056 35350 11367 15056 10395 23894 11450 38343 35901 18655 19261 10422 23118 6401 18219 27747 11147 26150 31225 381 32643 6935 17548 4429 27759 23238 37622 21997 27863
11056 4532 13037 1698 27220 25010 31752 990 29528 35010 24257 5686 1500 11251 8410 19924 37411 25203 24666 33379 8665 8364 5101 26605 1715 18639 10906 29746 20404 21027 36937 9627 38026 22701 20914 39260 28433 28920 22314 25414 17134 30919 32507 11353 36087 31879 27619 39684 21539 31788 23845 37983 4862 19676 9032 32232 21383 27813 8707 13153 28381 13985 25998 15404 36840 6486 4871 3282 15602 21874 7668 13272 24064 6473 39212 33757 8795 36742 38432 2143 31343 16796 24672 1771 7830 37970 6388 29108 2108 29448 1804 4389 12843 34661 23322 28121 1265 28864 22869 8387 27490 16519 11348 33036 39572 13034 38274 22006 7650 3123 24045 29151 31028 13498 1544 38829 9997 10843 30172 25707 8090 24131 25602 3647 15064 26892 13089 37216 19959 9756 1617 34783 25492 9847 22738 32495 26990 35619 13385 11885 16125 6419 30956 22315 33001 15256 26002 14388 6312 12723 5323 9519 34920 1294 2040 14908 14204 36872 34131 14518 8228 25939 24004 15006 5081 19144 9019 14650 17949 17527 20968 3212 19538 20880 38184 6053 20582 13675 6870 19116 16847 31339 10930 26132 14203 38556 13801 17860 28869 29504 36300 8161 13441 1295 13481 4597 17528 37433 18391 9980
25843 2503 10468 919 19907 1597 10511 32141 33259 27000 5437 19902 20178 39154 11376 16910 7271 39901 34164 36485 10058 22820 15839 7926 3725 7310 35543 39057 21875 7290 14115 25697 12893 19337 11357 30038 32857 37740 1550 26337 31252 13830 21210 6265 16594 4235 16470 39928 33546 20787 10686 9523 16712 3927 25783 4065 39191 22680 22749 35968 5509 2397 27987 7129 38875 38123 11972 8648 25566 28386 21677 6952 26716 1566 6771 23294 2167 8426 27904 31039 15087 8384 27160 25167 16032 14486 21181 371 23048 7546 31431 35982 5702 31136 21474 7878 37710 23574 25890 35502 4914 35614 19980 6789 16064 27413 6874 5461 9024 10593 4161 37529 5276 2561 4193 4061 29725 8672 28971 15506 26180 17470 15603 10413 13918 20946 22703 15137 27011 39418 29988 9874 5091 4735 12226 26708 13611 29055 36325 17205 33019 4442 13118 36912 25797 845 16063 33134 32275 30749 4932 20814 27828 13827 20758 36499 19163 27047 26551 35660 18752 2894 26752 5048 22229 15586 23801 21476 21178 37441 33937 36177 27650 38063 19242 11113 4319 31950 20175 29815 33796 16329 27284 29099 33060 34348 27290 28395 18120 4836 8997 21404 39371 706 29457 10430 6488 32567 6701 38550
16735 32878 12720 30729 38362 14052 19993 11918 27154 2751 36595 16622 14939 35445 16584 11150 3704 5969 8025 27016 17158 31846 5263 17756 37846 13288 14154 9649 22485 28154 32008 19864 27066 20317 36605 33681 5952 12027 35466 39182 9535 21077 39335 22342 22194 10182 8574 39833 1043 24418 11579 6131 12638 2056 37175 9876 219 25008 639 19454 17229 11845 38629 4551 17465 5315 27600 24490 27542 8835 27610 37133 30155 20492 19667 20558 4441 19297 36032 3540 38866 34046 3608 18293 25310 29019 4671 8691 24009 13414 33853 23324 26689 824 28919 34538 33265 32320 37711 4640 33055 23922 30671 2111 28795 3853 20394 21823 39143 13191 15166 7826 37401 31553 37295 25325 13337 12891 33709 24668 29614 12937 33400 14434 21258 2591 5162 37748 22141 39564 4800 24512 28462 3916 29100 25019 2448 30935 6421 23377 28744 11902 35244 18852 38711 29549 32819 37462 28104 2132 38687 33373 38963 2364 39980 19246 2829 37922 17152 32469 16341 11052 17590 8858 34192 34480 35908 12717 16321 1944 30556 4459 13904 39228 23122 17977 7098 20626 34000 416 2716 10794 28732 19946 23890 3146 9834 29354 18130 26659 20646 17705 2272 13974 36159 28525 28931 11347 15962 21699
30007 29897 38735 21689 32756 2341 10822 16641 1126 27359 14531 35728 4254 26490 6508 9363 23014 5257 14307 29165 28463 33584 4956 27319 5922 25494 4811 31641 4407 20685 4803 33639 38495 25317 4533 23784 12425 38095 13902 21043 2584 11392 12045 1970 39689 10901 20140 6338 20570 38272 36278 3591 36330 29430 29447 30693 33308 37313 5675 25841 6449 12331 35846 35110 33797 5822 2993 14759 23088 19143 30971 16660 20823 36230 32814 24124 36741 22691 26485 17325 23360 14161 36541 18649 11244 17893 27078 30933 9456 13299 30271 31656 3391 22675 13023 36260 28932 31347 14559 5996 16487 37238 8515 23085 32607 10297 3210 26917 32458 38342 27233 11145 39416 31581 36966 37630 5413 30720 35120 36867 16499 28629 24918 9779 38693 34612 22216 38448 10790 25891 2609 4334 389 1402 7227 19975 25514 30215 28915 12704 5998 16558 14499 20748 23432 1029 16901 15251 1652 36724 1486 3851 25985 27439 26891 34422 9915 28263 39974 20225 7729 3273 31801 22722 36733 36913 1882 11729 28672 8873 30997 25979 14253 36136 20690 6767 36424 12846 6170 20727 2627 1839 8562 20187 10533 7280 33411 17321 18462 5735 39831 38986 34636 1492 25424 2015 14182 12889 32044 4066
26542 15472 7217 26856 7960 30875 3599 39796 6144 5562 35571 23076 38872 26323 29255 20608 5874 24738 22316 33238 17938 27453 3316 11758 16931 36385 35160 25657 6812 13744 34409 26173 19341 12112 5471 7524 3413 19256 35515 19958 35608 17328 38904 17217 38623 9510 15095 2697 36143 15346 16433 22564 11899 35884 8160 11120 16687 28969 25508 29006 23918 13907 21623 20091 9447 6936 10214 17323 26147 7032 187 33992 6145 38974 12647 28521 8284 3274 26181 33370 30406 16085 2831 27136 5459 37864 26517 30332 19263 13061 22010 9387 12363 21114 9521 8848 5971 8205 15539 3227 16929 24881 31829 8370 32738 9022 25396 11311 20861 29292 3281 22407 9969 34891 6629 18412 9907 15519 13235 12812 17179 2237 14550 39549 39989 5641 38925 31560 2406 699 38188 10657 16842 14992 24575 2856 5710 3967 27273 28632 4989 581 8744 9397 432 18961 15746 6801 7759 39140 2497 30882 31562 8854 4237 37159 15725 27740 31093 29228 13501 37198 5572 4881 24740 12054 24872 11361 27005 10947 7811 21347 2944 26628 5329 11461 33341 15573 2621 27337 8601 12662 16250 16850 33190 24916 37879 33093 9946 17858 18778 16385 36471 2092 4462 38754 11973 15340 17161 24488
15676 25777 10797 33788 28439 16675 9900 30386 36216 8081 15024 17252 20083 22966 23549 10587 27198 33611 32523 5570 23587 39326 31756 33644 16854 30662 6625 16629 12348 5164 29137 5749 36792 34245 10618 11737 7457 19601 16208 17462 16793 26042 10428 18316 32832 23821 38600 15215 28169 6785 23695 13196 5191 29507 940 33391 28507 29663 11304 22492 19357 19861 11152 20808 25699 26222 24572 34433 16398 5913 20882 30553 7455 25284 1230 35522 9971 8820 25751 10478 37256 11637 12440 39787 11298 26046 29851 8362 10979 15879 23384 31625 34838 36353 31659 36726 29050 12119 38681 39617 39851 12707 17091 5663 35555 6645 27167 33907 26915 29812 7983 38030 10271 39112 5899 1351 13639 5274 24053 17368 5793 11987 26435 33763 34352 2650 5753 28160 13052 6288 22655 18273 1073 31388 32350 1079 37268 18242 20931 19363 15745 35860 11121 35366 26491 14244 9681 30370 13178 27083 5853 28027 27407 24699 24940 17490 14047 33621 25345 21299 34595 19919 6636 625 20959 20076 12305 12691 27927 18886 14118 8570 6807 6769 1773 39152 38248 12151 28734 18176 35876 19514 25908 14538 445 9098 28977 14027 10556 5503 2840 35271 39505 24242 14426 27721 31702 1355 9525 22547
20351 36408 26709 17280 15303 13233 34458 255 25283 18817 2549 7797 29871 8620 3836 27393 16585 18148 29004 7643 15016 13561 18798 14581 5820 24615 35787 32597 34843 37595 18841 5647 38061 7947 17819 12476 30511 14639 15254 17036 13940 17620 12787 30045 20853 17274 12627 32800 26714 35700 37603 17405 16680 15512 24647 28965 289 10008 39903 21011 24445 4677 27365 15559 17547 11107 22437 22140 37330 5166 15882 37379 16753 25822 10157 31877 14148 4725 30324 30157 8978 30661 39566 3642 11911 36359 12075 28908 5254 28186 6096 7779 7518 128 18536 26857 3154 18605 15681 16542 16071 18824 12585 25397 2405 33178 17198 36515 15824 6450 11825 30599 36900 39938 6048 3499 13380 21596 24735 39061 36496 28078 3649 24222 6432 39609 30672 9227 13154 4413 17485 15694 33311 26940 16253 6459 4754 8690 6963 34310 22016 4518 14551 12667 26467 11930 15449 4288 37205 29329 33666 13651 774 1598 12330 15235 7581 25752 32022 7886 795 38975 38047 28440 22173 36714 35952 3695 10134 39064 16442 37394 36021 30217 9640 39358 3602 32329 207 33128 15435 31955 33837 27915 30397 39339 30181 30458 23446 1829 20744 17903 9285 11590 3187 22345 15195 37778 10923 21581
32274 26137 23015 27133 23367 29768 18473 4685 18030 28243 8016 38242 31825 16399 29554 36962 9996 4005 17042 37402 32302 38970 30646 31191 20624 18772 4887 33249 10323 16287 39125 8099 30184 23305 38655 28806 24487 29982 2545 33674 8917 30034 4098 33296 4186 7753 4944 12628 713 27437 11665 22098 29015 4353 14262 26007 25165 12809 39211 31172 20686 18279 22640 23164 16903 55 16049 32669 2733 25828 9161 17828 17877 31443 19673 23091 28016 33119 7492 28144 5135 21500 15543 38032 17103 16813 32442 31814 28832 25971 35340 4624 33978 39744 4984 17799 23958 4950 10486 30678 37008 10512 11945 7287 7339 711 12820 2484 22849 24764 20927 34514 12713 17808 444 17782 11162 30735 7898 20045 34160 27021 32427 22374 39325 16026 420 38727 37095 35282 6778 20475 19375 1109 26881 1975 38543 3401 32776 15703 32609 10559 21777 38826 21552 12152 15252 19210 23818 296 23154 15222 23133 18871 6150 13709 36180 21286 32496 13582 15086 30588 11578 10972 18738 1055 30116 2559 12164 34274 33954 13997 19867 559 23748 28037 984 6495 843 35478 11646 7968 23448 16875 27168 32841 37765 37688 30107 2408 33775 248 31864 12867 14973 19836 18401 9189 38622 20526
29220 21442 34372 33518 18597 39030 7606 14932 2926 30348 36411 34801 18688 4067 12625 35219 3869 31761 32892 11734 36286 32876 6028 37257 14605 27752 12535 30115 22990 37607 39502 31856 35572 16881 31568 642 15612 22128 10465 8713 792 25214 28251 27489 19992 11330 31219 22269 29540 11586 13575 631 29721 4613 999 34025 36402 7572 30123 36055 29468 24877 23121 17489 15030 9463 25044 3692 15700 11864 26668 33599 17263 10099 2163 35347 15924 5134 29832 34093 38171 6617 4267 30057 35199 19405 16937 22612 33472 18883 9243 20631 21904 24394 25462 16363 27172 35185 9470 8583 7610 38471 22827 10642 28912 14066 25607 28320 22879 27228 2508 1880 731 32772 35655 27713 34970 30544 4992 20043 29737 31415 7900 33115 29633 35141 25577 29285 32890 27214 15551 35510 12497 11504 37873 35205 14886 4672 20262 23126 26039 37626 257 33485 24358 17804 11830 33106 14895 14265 22768 36674 12391 22506 10145 25390 39173 18379 38999 2606 36009 22309 22230 10117 2316 18456 693 34611 15950 29373 5165 16971 28748 25946 2381 19581 35978 23431 8938 20544 13938 29610 30758 26909 6077 30180 37795 267 9092 28537 10467 27949 30002 24263 35807 9724 6101 27741 34932 5349
5643 34546 22946 39513 34328 12594 6350 18916 23046 707 654 3932 28816 21245 1007 36882 15625 5056 6553 8102 20870 8537 6397 3132 26497 13008 36803 1017 9976 15287 6304 35747 14962 9715 12318 17980 36577 13419 27327 6031 22335 8953 38115 39178 38256 23070 3903 32216 11867 29178 26332 22411 26563 18932 16699 21419 6699 13535 30615 19557 36150 10312 15033 30587 27788 34169 13278 12680 36680 30352 21896 9215 16569 30430 10578 39666 18884 30583 36860 38250 5419 6303 973 21443 29646 38422 352 34606 35976 7602 12153 16171 14710 12671 39983 7443 22262 9860 27255 1616 23606 11370 16378 14019 3215 21755 5321 25524 27749 40000 3566 31782 32880 35252 33925 37813 15525 37537 27964 12988 19536 33521 28231 36862 11983 23354 36802 7396 33371 7604 19102 27509 898 27587 17671 21837 19625 16416 34523 19267 1519 21967 25680 28280 10226 17148 6552 1422 24292 19655 35935 265 16853 8388 29983 28533 29042 34211 31169 8351 33110 37924 19155 33911 36810 13718 33330 37096 33712 4492 15738 20112 18421 34888 7594 12999 2552 23833 81 35361 36956 4732 23703 31827 34020 11636 14858 16118 12390 24728 37506 22737 6135 16888 9010 36735 31344 10488 20367 18484
27717 3101 17842 17679 15423 16469 23662 8940 14903 11787 24741 34635 20676 4392 8857 35566 32406 13643 16822 27070 39175 12766 96 4121 17594 28595 24246 29674 23875 31034 33838 22011 4326 17662 34256 35668 25138 19487 26791 12741 112 37467 4357 24734 3635 29096 11752 26154 27468 36360 23459 24463 21362 29979 6092 9788 20447 14752 9952 282 24732 20543 17515 15880 15677 7484 17659 18970 18499 13157 16169 31366 32664 39475 28511 3910 21697 34675 23999 18266 27344 38686 21512 15373 29759 2914 4689 526 32766 3061 14739 33708 34559 22847 29542 6334 25511 9256 5499 23652 37772 39014 32246 11502 26215 5730 21806 5445 29054 20535 23284 27671 27629 38869 24146 17293 302 25879 24553 35990 38671 35115 1559 11406 20634 38913 13483 32889 33117 12495 19758 35200 18088 19706 37367 11657 33828 5213 35722 6557 27818 4523 7168 38355 22387 35376 25565 909 21103 27246 4591 36585 34663 21196 27660 8778 9446 5121 34232 16869 30623 38745 22343 37861 6138 31933 29749 31182 24831 16695 27745 13548 35638 21143 24600 31208 15109 36596 11870 9567 36640 24924 24644 485 32825 31292 24194 33029 38428 2327 19665 21711 4034 2634 20415 36800 12967 976 33042 32064
36754 35693 15203 27607 19704 9400 22982 14731 24208 26318 31073 23983 2355 19340 7552 24187 12774 16387 32069 17338 1000 21632 33414 28166 26986 18636 3287 28944 25578 10858 36549 10614 24280 13846 10719 7838 727 1739 21316 24767 15103 10229 3806 29044 21483 17944 36796 27803 18891 38490 2780 37291 8390 23786 30314 9262 24012 37404 22002 38055 16299 8993 4848 27019 30621 37055 13461 3349 31517 1660 27051 8305 7721 3941 28414 18201 28554 8389 33699 31647 13885 29948 26176 32645 2896 10950 7028 14933 15333 3366 22734 24843 32359 24319 17039 3034 16002 26902 36784 7210 21384 16593 30575 27406 5773 25810 1919 7809 18198 9231 2974 12969 1001 28860 22872 35545 29267 22327 36879 33288 13024 35472 20269 21525 39422 19956 8159 2683 26122 31230 7927 19889 35567 11133 30964 31942 39554 8626 7881 26798 1439 20589 21098 10622 30796 31892 30473 13574 13777 30308 30571 24623 27762 13889 5300 6850 22880 5622 5228 12005 31047 17167 21369 4152 27063 28168 26862 4552 38213 2699 36219 9560 13134 13596 18568 16211 20033 16143 26463 403 1442 25133 37082 11919 29913 32546 38575 35929 31070 16231 23910 4171 28729 5787 6435 17992 35299 32674 30438 24140
19630 17471 33049 33363 30246 11094 2714 31706 1223 5034 3535 31750 33207 18913 33409 4878 15864 39334 10777 3192 28623 25868 336 37162 4344 2872 35070 3546 19191 31604 25557 3684 12167 9762 37656 19110 16944 19870 237 23102 17298 3453 16651 13598 31178 24092 1593 32336 19133 20956 20278 27144 6140 27053 11455 23886 24079 2403 15497 351 5890 11545 18803 3573 15942 32980 14687 12432 31726 30555 20211 26448 27719 17583 34615 32322 9581 11877 34709 14842 982 34893 6733 18880 13423 27983 7248 18702 37528 7335 10329 9372 23417 5406 18943 39392 3509 21189 35182 30663 5266 25886 16702 1925 29234 25706 14851 12606 19205 9296 1310 39177 11501 16639 1191 35218 18790 30009 16528 15672 34601 4244 30586 7448 34451 39932 12465 32292 26080 29767 26008 17838 21091 14520 23928 28250 5381 27772 10259 1863 35145 20532 12126 6985 21690 32 20525 6324 38972 25994 22795 34726 7599 26613 30145 19809 12562 39966 37680 10441 39887 3624 2724 36497 25142 5994 28558 24391 19543 7580 16612 28054 14935 34804 29808 35020 28755 32852 29991 28830 36047 32654 30807 14061 6892 22883 19440 14375 19417 1623 34351 3428 9232 3440 1235 6016 35703 26527 11465 30939
34579 2404 17373 15928 10205 18185 29729 22004 21214 15852 11564 30769 34963 36004 8700 19156 22906 32666 7497 25543 28954 11468 67 28611 5902 18128 12227 37342 34086 36222 39701 10820 4032 32891 24697 2071 25790 16031 12154 14655 13349 33726 27882 20346 36409 12534 22192 25271 29487 39485 25327 5252 34459 22838 25747 11387 33012 13146 4190 18385 18836 17943 10387 24196 33360 34385 8899 17880 36661 25265 27613 18637 27528 5453 9399 5813 34104 26090 19232 31365 2417 5417 26133 20588 14954 16821 31040 29974 25968 34629 452 555 32537 2533 6212 27501 6818 9478 32301 31819 20734 12195 12235 6826 16308 14729 23508 26769 35476 33022 29500 24828 18681 21562 8276 22124 18663 28052 26432 9229 36517 25586 39841 28859 35549 19878 28979 37654 16182 21352 37 32631 16146 893 34238 29036 26920 20243 5405 12285 20408 9577 19671 22516 21831 24098 24291 21518 22730 6859 19668 6409 1379 18601 32854 12448 24727 36096 32871 30818 7397 35356 27494 32816 36835 36181 24375 840 927 14764 16946 21924 14466 69 33859 13606 2589 39263 24236 23055 1425 39746 34682 22566 2655 11146 17909 37875 26492 32077 19604 17598 37902 10057 24295 23465 10196 9641 32922 16779
9116 34456 31910 29064 5098 22652 38589 23510 1657 5087 10054 20523 17558 38377 4117 19797 25466 11714 22014 15690 17137 25357 25468 3317 18936 39982 20204 22045 33095 3109 14512 25598 36919 18012 27015 22717 3420 14856 24395 17435 10765 4062 11639 17014 28995 13298 11464 22121 37660 7231 23700 7215 6581 19500 24276 3537 8667 20194 6546 36310 28107 31678 34255 7267 36141 38286 9571 31510 36363 6991 3059 19699 9305 24456 30176 10095 7117 12794 30077 4983 3245 21721 34766 1072 35645 34676 31669 8612 19003 20230 30737 3557 4841 8788 34948 21855 32133 3321 31543 17790 38672 37431 12764 37183 20056 4174 1301 39688 10701 32626 34580 11253 10971 2075 30563 7928 25375 2088 3641 24256 1602 18792 6647 34212 35504 3786 18322 18029 37730 32229 36988 32065 20602 17457 26423 11575 31092 37931 16681 3534 23156 116 3223 28073 1625 39615 15850 32874 19055 36947 11352 5699 35498 30133 12190 16535 12439 17320 13031 39408 9370 24763 15494 29041 37947 30601 6202 23856 10307 30617 18082 32676 25341 31355 12234 1703 28117 27131 31491 7962 28106 15871 19868 37629 23293 29711 38968 30690 19952 34132 29322 7369 16294 27858 36246 18033 35416 21247 30626 26546
33986 882 21973 33317 27636 16775 38730 18368 27430 37015 2276 1060 28578 12568 4202 39230 19429 27362 20886 12484 17924 15866 10082 31067 3353 36888 37473 11701 7754 18015 16805 27445 28999 24989 12014 15622 19664 29011 35563 6076 6243 21069 25132 4114 29510 10000 17409 19651 3819 13099 12599 9857 37403 11257 27215 3834 14620 19710 22490 29750 20389 11921 35594 36398 39820 17713 19194 21925 31928 22450 29433 15236 23813 26206 22981 31045 18109 27203 37190 3885 32000 34215 21911 28579 12578 27934 13960 18258 23956 26379 33474 26055 31221 1349 26656 2651 19120 18017 14548 32589 23017 8206 36811 37977 38196 7440 16868 26753 9157 24469 7819 14428 6533 16818 38067 14638 9748 13328 2096 22755 3454 20859 31958 18364 6641 3 12651 28909 11790 3539 19744 33219 1472 38435 33579 12041 39062 33605 37646 33097 28007 24101 5533 30591 29298 34951 14867 38511 3279 19914 22994 18495 1016 10751 5709 25875 34871 27792 22508 27113 14402 39998 8355 38268 18475 18205 25452 5270 15639 7925 30766 33076 24678 19887 9140 11826 29882 38283 29467 16525 3822 8001 30804 37940 20020 6849 13469 19018 1695 34687 37309 31309 9489 33613 11828 9029 25554 19038 30082 30301
29771 32805 14878 22215 35387 15912 570 39781 15138 18575 23390 30476 9191 16574 24995 21432 17326 31577 22544 25388 10722 16241 12831 10678 29509 15583 3322 8943 15692 14247 38033 5093 27592 19880 12751 14613 26905 16596 6124 29994 28628 34880 2507 20344 27910 37028 6730 2407 34041 7488 12898 28366 20773 24438 19948 26730 19050 39792 5611 18481 26151 39183 17768 22103 38071 14916 33104 29621 26397 24195 23800 20315 15439 560 34417 35878 491 38859 37145 24073 15414 20452 29155 27229 11469 3073 24895 22212 24238 21329 18904 9768 17185 20619 28782 20760 24324 26110 32614 38549 2623 39608 9003 1573 18302 24074 2079 7197 36750 10700 7494 214 3066 19709 18291 14936 36297 36168 5747 8394 31424 8287 27364 14412 37263 28308 11994 13588 23526 25194 5426 7154 37617 11189 11897 33513 26619 5394 7802 4604 7936 5170 16244 9987 29601 12469 3863 17099 3206 1285 5626 7016 24525 5657 38218 13004 12291 19407 32672 35688 28950 23490 5488 34833 1766 28640 25380 1618 5722 36705 21643 648 390 12806 38368 36924 12321 1580 15167 12376 3494 36443 39258 29296 26443 8789 22919 24470 23765 21338 35513 457 16057 29090 11544 15037 23451 18985 4545 13439
12989 28312 25684 38143 16474 6207 36757 15861 11891 8911 9663 9444 8964 20441 14494 29702 22161 26647 17209 26441 34945 25750 20697 29644 35248 38232 11510 36343 27796 18921 39070 4805 4654 9685 29375 25954 1525 31385 7220 10997 19234 11748 34987 15389 11554 18804 39769 2218 14224 15863 12607 3841 39846 213 33505 25905 12664 24134 6501 34473 18923 38293 18553 1992 27722 5303 5198 36909 25301 33172 8264 32848 20081 9048 18261 17822 1494 32849 10782 33580 37252 22452 1755 33854 13824 16772 20049 13573 15339 33650 24041 20008 13539 1118 6532 34424 31091 33802 36442 1838 23834 13607 29685 5216 14201 2293 9693 719 28261 30212 4322 880 2874 8608 31382 4682 11857 22154 31361 34795 30613 4367 30667 37663 14029 38287 34243 39509 32103 37178 38981 11497 13965 12281 30112 30506 6783 12490 38370 23040 26703 39330 18312 37040 21890 794 9208 25474 32702 24809 7031 14976 7909 22723 39531 36593 20795 22868 21892 24981 38185 21857 5732 5211 29888 23906 33871 34918 18812 28049 2999 36296 18151 18525 19728 39527 29186 33815 30847 16765 28057 12914 22082 2179 38298 12631 12249 26027 13887 34056 2348 912 22659 15697 32339 9844 19130 1293 34493 30190
9702 32658 1479 11843 21560 30539 22939 38140 34552 32295 24956 31142 36161 37169 34830 20632 15940 36703 31043 32991 13225 30000 18454 15477 24582 34357 20460 31076 25735 13373 39528 23263 13171 26799 19257 19314 33823 97 7841 1917 29046 29880 8336 30755 30363 39501 16921 37231 28880 7435 37862 21485 29990 20149 3419 6440 5328 34284 33256 24189 6130 2302 13528 3954 18237 36120 27631 18212 33818 13786 35354 11591 36504 22446 39074 5555 6072 26004 33893 1859 8736 24640 39753 17430 38998 27217 12521 38192 18453 19254 31345 10599 13226 13411 30784 13851 35490 30135 29481 17450 8280 2466 884 29095 3973 33527 7406 10864 20407 14327 15311 35749 15351 15152 22766 29927 33913 35421 39333 3531 35380 2141 25614 19517 3645 16265 32985 26983 13294 18931 9554 28349 37480 12665 27590 22828 25785 5338 4990 34914 28284 28624 34102 21618 14994 34968 25126 18243 15158 37520 25490 31037 21908 6030 3248 15807 18423 9334 16267 1608 26200 1128 29052 33867 15466 29282 22099 10268 38431 34378 24860 1776 21514 38617 39692 2233 23287 27176 22001 4311 1878 7449 15753 12788 15309 8727 5388 14831 35278 5020 673 34638 2050 34029 26805 36291 4693 20416 34176 1491
18091 32386 33780 27225 30407 15644 36929 35353 4027 34522 3388 7742 36091 32068 22700 5090 26041 8733 8279 8988 13320 18653 34989 4584 38363 2251 24953 6399 26060 6847 8706 22792 35685 33477 15488 15381 8890 6012 22171 21593 27128 22962 28399 19598 1775 4170 37325 22080 29031 8000 34127 36954 18838 13333 6164 19398 3669 15823 23195 38315 7297 15149 9423 24506 18537 3842 4742 33289 39379 32389 19243 27923 20552 35934 37693 2054 17223 37815 12057 23923 1377 34894 33227 16733 6224 14190 35146 4512 7655 26804 5646 5422 34903 30132 39437 38766 4376 24778 10896 10742 17932 2255 7416 39043 27971 18706 29733 20907 24157 18850 6742 17692 35362 19516 8200 28791 33634 4823 38660 17841 28618 31799 24826 14445 3740 27708 10308 22871 10061 29492 35398 36156 7771 34597 17434 3026 27855 33800 32685 22000 12362 14568 37905 11569 12147 15655 26251 3250 39374 35131 26930 37982 11929 7531 16370 25105 27572 6992 1300 29007 20513 39329 16559 28043 10974 14678 34251 20933 2574 6239 23739 32569 5848 20400 39752 9703 4936 1100 16902 37689 10581 10670 22941 19840 30676 35249 17155 7626 10611 8438 36238 20249 34616 3687 10768 32634 39090 26783 31509 13286
33315 30402 21399 19324 31787 11038 38704 37958 12712 7162 30467 141 39451 18705 36720 27125 29745 36930 179 9633 36368 24401 39071 1543 2181 30244 1706 26590 12092 9810 23591 7911 22606 11523 20276 19801 20295 3006 14431 30044 27576 3129 28237 33028 29030 247 15071 8762 15522 14311 39017 5861 27287 2352 31220 6403 1384 30440 5949 20622 21939 22252 36144 3648 15571 10996 23996 31432 4999 30993 22255 19227 29449 27301 6914 30906 13416 2099 31693 1674 3912 21602 27870 3516 6361 4872 21583 32602 38253 5603 14091 37975 19755 6571 18548 9417 32459 848 7972 8642 3765 27378 26579 326 1058 36331 5018 21164 9347 35570 25527 23029 18673 35288 11699 31488 9195 27970 20109 28373 37732 4281 27042 20876 318 28865 21276 15605 2945 31694 22582 10539 20804 31490 26290 21883 25228 5536 8396 5319 34902 11499 14864 689 30908 462 8859 15629 28508 19237 4973 20565 32928 22420 28465 27689 860 31316 6747 8194 12884 18589 37736 2142 39571 37794 23034 273 17487 8651 20342 38281 6035 39395 4981 26245 11130 8694 5534 12245 28355 6875 29631 1149 20518 19300 15787 28156 876 1711 3350 2687 25594 6659 24015 8303 28417 26130 3685 1168
21025 1906 1437 9291 5019 31964 9464 5652 13430 38921 20762 7673 15216 2008 37010 26910 3399 34981 28845 2802 32615 6058 35959 21742 18005 2803 13751 26157 11019 7200 1374 32513 23434 9186 14673 17506 36544 38442 14817 36532 18533 3293 24957 7493 9678 31603 4710 34363 13081 39237 7507 25775 16059 5017 22147 2256 18565 21176 12384 7672 39986 27817 10803 20918 7899 5736 8040 37063 3050 15227 10415 13021 27265 31351 32708 875 729 14566 25853 2923 8175 15365 36484 38160 15498 4843 14476 27695 22804 33034 38871 14763 36068 34147 17254 33567 32048 7705 1085 37954 15781 25855 1330 679 29959 8112 23288 29502 2353 19420 15168 20809 8298 16600 26052 30893 29268 39702 15286 34207 36829 19506 35752 35039 21943 38035 28302 20068 5688 24185 9688 10383 3536 32015 4111 33319 19751 1685 793 31048 32391 14256 37075 20469 36378 19772 3459 20197 11559 7100 32975 39274 21914 21936 18355 33905 18665 6979 39319 32705 10530 15723 34055 38158 3921 24326 34 2504 24482 24402 13438 36451 18849 5292 29794 15992 7789 16058 13100 13221 15178 26429 5624 37618 10913 4614 28938 37195 23868 18077 17779 6060 16824 24546 3897 15679 13332 8403 34729 2587
29120 12746 39095 33560 2935 19571 31235 5894 33939 13473 30862 22362 30219 39537 37227 9468 33556 37365 33212 26773 35097 35746 24315 16111 12516 7074 3873 4145 10177 920 2849 12414 24628 15849 32560 29262 12583 6326 17983 39050 27846 31837 32421 6827 26430 31422 20550 23067 24454 20684 4374 440 9483 14630 14508 17492 8879 15495 7549 22801 25446 24685 24852 25444 7870 18610 5696 20629 929 23932 25063 12006 229 12310 38788 12251 36683 5447 5341 3068 14352 29410 39032 304 7253 7173 23224 10943 38241 31161 29278 27824 20957 15643 15165 35599 33672 6890 31867 2610 37606 15457 25058 27739 25353 29799 12478 25016 20791 29458 18394 37653 30913 22709 9518 4365 1986 28316 12455 31790 36010 12537 35144 1262 15190 8257 9591 39791 20092 1256 14917 39804 25814 15978 37369 4331 14945 5243 9684 4343 15115 26152 5073 21002 7519 1051 31390 33488 30110 27418 23562 17255 15123 25026 11641 26858 9277 2032 19123 28916 28857 31813 11975 5403 31981 19679 16482 12009 4110 34799 31967 98 38424 38461 4493 30228 30925 29866 20729 26377 3407 1579 7724 49 22620 8689 39926 2615 20792 36016 25798 15208 26706 15652 3702 28605 31427 36391 20285 30635
29185 15616 24629 10772 17862 34836 24025 37414 31917 9338 28516 30532 35535 32035 12127 4253 4646 34116 24387 21145 37701 27899 27177 4642 19722 2219 34924 16755 18994 12923 2149 20053 32182 8759 20373 1237 30131 35044 25045 8961 7475 9815 20925 24423 26427 33069 18097 696 26070 23645 11812 3015 26898 39434 36028 11999 19100 36927 28674 23936 21364 2958 25433 7855 34149 37969 14083 24354 29386 29428 14178 11786 30811 31116 3619 756 39425 24526 33707 11051 29094 34476 39380 25114 19684 6743 28286 39184 22846 2305 9496 21360 11680 1821 38406 29552 37703 37100 35741 10698 9246 35108 32192 14240 1856 9342 33830 17261 15122 25782 12459 29695 10603 38699 17031 29698 12855 18744 24090 1136 17000 21127 5623 3099 653 21962 6803 20765 15398 11801 22178 22349 29012 1557 8042 17807 11585 30791 37825 24603 15965 7020 3354 964 32554 1587 21430 29937 4556 26440 20917 15727 19771 3477 20716 10260 2189 22681 6081 33297 32682 5171 21833 8136 33290 2107 28329 30692 6158 4659 22623 35107 20972 1796 13105 11742 32707 17020 27415 21957 20471 6382 31329 22176 28972 2064 5410 10206 14195 4358 22677 11095 4546 23941 28997 31842 5634 35799 20159 7276
11176 36731 35036 19283 18230 9501 13769 19808 29171 23541 26636 3554 13247 21948 4064 20562 30152 29450 28267 12974 36502 4046 19978 23926 34144 14298 16323 9541 19023 2906 19269 34388 23063 19763 33516 22291 19169 6835 28079 19629 10397 7309 16968 19519 13374 27738 23578 3323 9572 16696 21387 26744 1488 4480 29344 26611 14282 22977 7605 6368 811 15210 32321 30289 25969 32434 2659 32357 22094 6613 14540 37832 36908 18283 21373 24096 21459 9809 26715 34051 31314 35310 17322 22693 23810 10588 19858 35885 17428 27857 26378 29362 26845 27126 20980 12816 27238 29677 37655 17825 38554 25712 1955 10138 6656 36151 22304 6300 39922 3175 35998 5156 7012 23327 7473 16731 17696 1991 39618 26535 5839 15493 10193 29830 25702 31135 28663 11002 21564 8878 36134 15948 26079 4188 7219 37285 35239 2892 5816 33090 18356 11507 14940 5457 16344 1305 5082 34042 14099 37955 3580 8715 33832 30185 21287 8994 14919 11372 30015 28991 3911 39393 26170 34319 6332 36843 19271 19586 11834 12959 18335 15755 2998 26456 14158 15142 23660 28792 39101 23182 830 29814 33455 3169 8802 19176 5762 33785 6280 36602 37839 1735 36498 15904 6941 9945 34376 14723 35833 12926
25938 20088 8546 31058 24538 13517 16774 34306 15670 15731 22955 4829 913 15947 13238 11709 32486 28044 19691 24419 28129 34691 27639 39795 30232 309 18909 32325 9279 17387 38858 36223 18079 38141 9344 3631 1843 13086 35602 14786 30965 34711 33066 18055 31971 2726 38280 7478 3727 15995 30639 38107 39726 5868 16466 1950 11934 16167 16522 35824 28438 7697 33878 34554 36124 25650 20584 36693 19627 24443 7908 13767 18240 3638 2197 38273 38716 16995 29623 37427 4209 23732 17213 32725 35372 11581 19687 15470 22669 25901 10389 31595 30377 27219 33235 29840 34297 7289 21382 21078 18373 25546 15197 11906 11774 606 2359 17698 6209 5950 11791 3587 19350 7868 64 13647 21909 21441 30431 19235 28719 11167 17243 29635 9873 33222 2765 899 39024 1630 35508 13565 3977 19304 7089 8048 21479 26093 34863 842 23191 14234 674 4096 25062 1920 20022 27400 10042 2739 31876 12623 26882 2736 5057 33072 34230 9832 27346 19132 7622 30097 14206 38371 10200 26109 4500 16104 31536 36336 28878 24202 8020 24637 6825 16343 26770 14947 35227 38919 13212 30278 35449 13682 7720 19588 20581 5867 16591 1057 35407 6374 10319 37888 24536 19577 26756 1978 4636 32040
9791 8610 13590 24899 14322 28711 12776 24863 278 38621 1096 31872 3247 24511 9735 18249 6863 27377 14394 39321 10 8241 945 39238 37264 14957 28360 17904 14811 35909 10056 8350 24744 31021 24449 22331 19043 21986 27914 5707 26795 26401 8039 5275 5621 12747 22003 8153 15980 13199 23789 23904 26329 31583 5280 26264 5737 17834 19637 17407 24095 32221 22455 12431 11995 36768 1160 17589 14475 36014 9132 20998 29616 18413 4439 324 31110 38854 8869 28887 8881 38979 15901 8070 38168 19626 30334 16095 13915 24206 30224 32827 2811 16494 23 27580 38344 542 14026 12076 14200 3908 23623 2743 13197 32308 39299 4198 31168 20636 25555 22168 13312 29739 22244 27837 27898 17046 31451 3110 17612 37806 14862 24314 29310 11630 14783 3497 20142 782 33453 35281 24784 33840 7300 3777 6799 37336 22697 23421 12997 31655 10725 11816 39785 34620 15976 12203 26875 37671 5114 27876 16485 18447 30088 8542 29901 38052 16646 6514 3112 32487 24736 36082 15800 29818 31149 7133 11746 36105 33594 22352 12948 24793 32604 2271 22289 11250 9596 1124 1521 38165 15396 38969 15674 10897 18522 7283 19113 3778 27371 34933 21889 29976 20921 30025 20572 4787 26602 38056
19965 30441 27057 14381 5340 14259 34033 19281 28453 34807 38372 25324 1718 31932 35911 33882 24866 33147 18450 11217 13366 506 31452 9561 28725 21826 29068 35267 23720 1528 7307 23403 650 33448 4930 760 10060 6543 16743 20009 39193 17359 17709 10683 37031 13193 34421 7638 11496 37179 33471 21550 10125 18801 36188 20711 19332 29903 14529 33274 27055 836 33991 20418 14058 7593 4830 3934 23785 29606 28149 24748 34750 29175 21750 29235 13923 38962 11631 7095 17071 2067 18488 30294 20047 9200 15093 4773 197 316 32183 8682 37950 39290 27466 17931 23659 30319 17994 926 22447 38683 27322 24885 4377 11648 3405 31113 34340 4225 26255 14986 32801 27189 37672 2238 23865 20343 1871 25758 18802 12758 11611 14599 9758 5071 4574 8423 28109 36928 31461 24929 29248 22333 6901 2515 30391 25502 15371 20952 13914 28526 15004 19203 32894 10384 1734 16129 4010 23011 32396 39029 25911 32363 5296 27236 28293 15895 24595 38504 39234 8146 3857 1013 14485 24115 25903 17917 29931 853 31232 21670 25829 13979 3680 1135 19068 27911 23572 1762 1591 2616 38118 34817 1535 30994 2869 4701 38797 22892 16962 15141 38008 7882 12933 22242 39832 38247 28616 8580
30728 25009 28976 17329 33355 34626 19800 9737 29585 36922 18095 2656 4537 24544 6474 6624 1359 6586 15155 13764 20993 19526 22351 15228 16422 20827 32323 11715 19388 31607 21606 32403 22599 37009 24708 7803 36417 4351 9622 29201 1443 26674 32782 33742 37418 25654 839 9373 22932 24992 25184 1376 34778 25493 18083 6777 39169 29195 1787 23363 16932 38228 7108 6775 28885 18729 9659 28364 10365 33848 12122 17521 34075 16809 17284 36113 28103 11069 24479 25057 18126 16637 10522 1916 8352 11375 24016 9007 6515 15243 19024 5833 19134 22629 19331 34587 31738 16290 37090 33558 1763 3558 12325 8295 26603 21380 27404 17588 21745 34337 5854 36419 10655 16665 34983 35368 17486 11804 12194 38484 19562 37665 28998 34652 5560 28164 26213 14542 23573 18630 12935 18137 8198 5549 36452 9128 28866 12110 23198 45 39214 7035 18169 32764 35209 6967 7142 33891 16131 2543 27961 19247 18944 25912 4091 4226 35547 33254 11716 17054 9628 20445 7318 17928 9484 34707 25233 23473 38467 21139 26163 23581 8742 2229 2551 29845 7579 662 11222 15279 24129 14575 16904 24197 31775 8021 702 17536 1044 36426 33715 4873 30148 18521 13140 906 3463 5478 38593 34567
10053 6540 27077 18697 2331 10871 39383 18770 21985 21599 29732 2409 25489 37281 32911 22155 31157 1790 8711 1857 28393 9918 8195 21974 20847 9028 2674 25122 24509 36027 29 22346 24265 8109 14429 17586 21219 22970 28527 4877 25274 13558 266 28652 35316 9872 3803 6117 27974 2021 39091 17950 9412 28547 13831 39699 11321 26022 21170 14726 12238 35616 30086 22189 29392 17539 30333 25084 4075 10693 39506 1316 5240 24239 39185 14295 32781 25924 509 11794 8618 24353 23796 9197 19229 11916 20238 14057 30479 25503 19670 16357 3346 33078 23756 22266 19724 15445 31650 34812 8142 1942 37584 24460 11805 14367 2639 29316 29246 33790 629 3263 1764 16667 24592 21033 5574 10438 22881 8265 1777 6454 15913 1861 1865 11719 10048 25677 35981 36241 6204 18683 15667 18934 4048 967 33597 13477 20982 3179 13912 13484 14441 8883 35533 15766 21555 8806 6285 10967 18667 35388 29595 37232 10945 3382 10921 29833 10518 37781 28060 19894 32820 27979 22008 39461 33973 35864 37448 36370 12379 35157 32870 5600 20857 10350 32541 2688 39359 30459 15022 2264 23770 36920 4157 35377 9308 24269 24262 34225 35723 17562 18086 17896 6253 29944 39318 8494 38743 11862
30958 23763 30543 26782 35633 24514 12731 29014 14890 35731 16314 10405 37099 28754 22360 26685 38855 27443 25069 5909 22429 36017 3634 31207 27585 24867 3439 10806 33195 31818 22598 18781 35754 2560 4865 28815 11850 7058 28266 35212 19563 11619 36753 942 27141 11159 38661 17422 18195 2177 1751 13362 24143 15977 27935 18084 27318 28963 35964 38576 32744 33783 20546 14628 33806 17059 1791 18920 36533 25204 1513 16825 22384 164 31180 26781 5283 17297 3016 38450 39605 34390 20596 3209 5001 2696 34781 2832 34246 22770 28505 16335 28014 36535 21724 5186 38267 25368 34065 7711 16679 156 8866 33894 26103 6642 10677 26088 32062 15929 6289 20280 26718 29160 23997 19206 8225 12802 26254 30065 7687 20789 6308 23450 26335 918 15771 37831 9323 15744 34159 36615 31332 2643 18057 8475 36815 32227 2030 36462 26024 26948 28468 3249 35497 3441 10652 18340 32333 31074 24337 16672 20135 3518 32718 9393 38526 22923 31733 39598 12744 18598 24780 35819 11858 23773 19532 7840 26938 3676 26142 12211 26428 599 21520 19106 34985 14906 1028 5030 1471 17552 17538 1394 38387 21301 6640 26626 27124 37752 36259 3487 29951 19301 24920 13369 14828 18953 15334 8067
31851 22458 18981 39642 27340 7871 5217 30782 36858 3094 4617 25996 8709 25483 18487 10941 39620 28861 28076 15418 11521 26747 37101 9497 18332 13265 2124 28848 33347 19682 787 1619 31549 13346 11744 18150 24726 10544 29497 10425 23300 14693 36388 23176 9411 7726 7434 21926 22069 12970 26422 30974 16371 27251 32807 16217 5510 23309 17553 30262 20794 7916 34569 13073 10219 11525 3879 32617 10852 598 24749 14535 21828 19421 4902 37170 2016 8692 22767 13712 14624 10635 11087 12010 35436 19361 36852 15544 32561 35912 12366 11515 35491 28700 38960 16969 33532 22978 18183 16583 5393 7542 8269 36397 33320 1221 14760 29416 1178 8954 34808 15370 17200 25605 15427 20510 35029 14780 11856 12220 38096 13395 17281 14846 15207 39967 29810 3000 514 34070 8678 3603 30054 3234 15574 22857 18280 5586 14495 13659 9272 33896 9006 12388 30216 24680 23558 15884 26520 16844 36317 10067 23559 18784 13130 11602 10756 35112 30355 35338 22162 8895 29216 8418 7587 22214 15552 23837 5103 35294 29097 29321 5088 18102 297 17221 9806 11493 15835 9982 21086 19430 19438 37204 30267 39375 29124 7933 17653 11597 23614 32166 11931 16226 3103 17189 39204 10419 20868 2267
34148 21778 38201 37918 27059 30435 7122 19876 4696 32482 6143 20797 20176 33240 31716 18490 32930 5976 30464 39849 19424 34524 16224 12553 5151 10964 8867 8768 16200 30187 11652 4368 10362 4644 18687 24679 6765 15594 14762 4679 26710 19450 14110 1174 34946 26184 31283 27062 10291 38024 21515 25595 10528 29288 32765 22963 35839 2576 36889 34349 17630 24821 27342 12436 30400 34218 11433 8975 9492 2278 13939 12502 23059 2711 25068 27702 29494 29357 18552 5814 14569 17959 3414 36413 18872 25640 27249 19576 37547 26159 14213 2853 26705 26050 7662 24510 12511 6216 28818 39600 22044 31327 36102 22017 31335 37098 21538 37744 22023 3341 36441 22059 21408 11847 25036 20864 39179 37840 37323 7063 17316 4216 37312 39222 8398 34667 7238 25278 17269 24703 19926 13905 15791 20371 34599 9576 38227 35215 25305 35051 27480 10575 24022 28888 12049 27530 184 4858 22570 19560 18739 23768 39659 36494 38570 9259 27771 8207 16845 13179 8572 33339 16232 8314 28082 37577 30183 20436 4266 20143 749 22370 11993 5514 25329 17102 8985 28480 9070 12175 3326 5021 15675 8407 6518 1438 829 10574 29404 30831 32293 34659 3895 35386 770 35056 26584 21992 3488 6464
5576 11326 29949 7856 33873 8342 18718 18274 14839 7922 25552 33278 23170 35444 24750 30036 17700 37553 24082 12345 1011 31271 3785 11568 27163 1326 28061 18757 22471 23871 36521 35468 34059 11109 15804 37176 9025 4129 38162 22686 39545 39845 9503 10788 9830 17356 18191 38255 7025 33280 16272 29154 7006 7181 13075 31274 7757 6545 32471 21963 31724 31170 23392 25250 17870 7578 479 26477 12955 14563 486 20855 2486 7801 9183 26464 33329 38120 5808 8213 12991 33576 10786 2563 9281 15878 23795 1816 1949 12338 36079 3606 208 14374 37965 18771 33927 37972 1370 36993 3065 35618 33269 10981 29010 3096 4938 5847 25588 31166 22922 6757 36536 16579 17065 39474 14289 34950 24932 4177 3268 37380 7663 29389 38646 14318 22306 28680 28933 1150 30410 5287 20183 9986 6904 20372 35337 1514 24245 29072 25001 33687 1211 23336 12051 30889 3079 2070 30590 7977 27071 5818 30643 32287 4622 16662 23302 4953 11391 9955 6776 40 15181 30229 6062 23279 24933 30628 30048 35903 24835 62 34706 28084 32200 33692 31297 17491 17706 35795 20124 12400 27569 31821 32416 13593 38397 17424 11500 7165 1737 1225 19309 1122 7766 19435 23723 3644 12169 35224
11762 18206 1255 35181 4231 1918 18657 2159 31338 17495 24746 27947 988 30924 16177 2747 38588 24466 26325 37792 35941 12604 3398 4314 16256 5898 8052 2146 22840 6820 7232 14804 8589 32109 10066 30200 2700 31838 18656 3033 8984 36614 1476 18632 39951 4911 15817 16582 7128 22038 1653 17035 39251 25887 20375 15336 36893 4555 18236 10363 1484 35455 20449 19252 1560 4568 15588 17362 10194 23127 6037 38591 30572 8477 25845 5957 35069 3933 18640 7365 33606 28764 22295 35729 22830 3639 18677 38189 30825 19539 38038 29855 27336 34992 10740 39719 15563 21013 18860 6616 15465 39224 8712 21235 13723 1318 35650 34870 14073 2529 22028 37114 11950 11158 30681 8987 38756 28271 3994 19780 33184 10942 34180 22056 9592 13631 3999 33563 32652 3701 33967 27963 36554 16013 36758 10136 4072 26309 7561 15459 22853 2110 32576 33088 34930 9549 25349 25093 21545 8382 4372 39026 27372 37745 16446 20356 39955 25106 29245 3221 9005 25331 20583 1289 19379 22831 10985 38634 2262 28686 25427 35899 17684 38265 3333 24440 4206 4362 1938 24674 39482 39350 10661 14446 7681 35699 13493 35943 8164 4894 29240 25667 38688 4580 6146 8833 12344 27074 24494 33444
36482 12973 20891 14892 35560 31719 1030 7088 6559 23957 11186 18532 23680 38732 1826 30346 35335 8725 3665 1312 37700 27414 16703 25151 32139 6227 15509 23706 11031 11914 21682 17160 5006 19943 11954 9348 21568 32474 13213 38399 24413 15136 20350 5041 21688 17605 6710 5412 25328 16423 24459 20195 26191 31389 8530 2865 1634 5012 1628 10366 14177 25386 3244 29028 33777 31771 32163 27505 17851 1154 28265 29522 29588 18949 11273 14487 1621 19783 18221 32835 33142 23754 17488 2090 26829 17352 32887 4583 8014 8811 8427 23877 15485 5961 7111 23356 1113 29825 29135 33600 22854 31899 12785 36194 28376 4349 30309 16654 28621 10745 14271 9962 26949 35574 9381 39741 20969 10608 39378 7055 27755 34044 23895 35506 30059 33456 34547 19976 15923 748 5241 34824 33073 22747 18685 20001 13336 11446 10491 19174 37967 10849 2479 35462 16027 18277 9103 28513 37632 16727 26987 29752 36763 15065 15139 31609 12422 9566 11764 8773 35557 9448 32661 13230 28975 24781 8319 18276 6020 26978 13944 36963 5731 16460 24120 10367 9156 2979 15362 2681 25779 12411 6909 4760 11923 27781 21573 22050 9950 13570 18189 4704 2003 4737 314 31001 13858 14489 38916 14685
11481 18746 37247 38132 35825 18298 33007 13126 14896 16884 37509 18393 29541 3839 17712 12734 20463 9343 32401 39403 2996 9802 7612 29230 22996 35330 20474 17192 32218 19318 15250 29074 2328 20368 15301 12541 28559 23769 500 5924 37504 37741 18375 9906 16730 7636 25686 23610 8594 38130 24002 32480 6934 27825 7795 37563 35135 10825 19362 30073 4577 20680 26998 35172 18761 22426 4146 20073 34757 4850 1963 21704 27478 14544 3838 11810 33897 14848 21930 9300 23733 11267 12079 9475 20003 37292 22874 12456 10885 7411 22079 1371 7147 930 19716 3590 6972 8108 36646 22848 11739 39963 12839 34749 20379 20669 2150 4833 5344 14749 2461 37209 29600 1600 4741 14246 34934 24309 34119 37439 4543 25572 14306 8901 34465 6677 12782 32020 628 19245 4935 27972 18482 36338 39119 14789 36624 5850 22542 30520 17178 32663 14465 14795 28125 3239 29205 17813 10335 24153 30718 10452 38486 33412 3688 31124 23653 15515 33578 11127 2442 29966 22109 551 33284 1006 12698 17646 5474 27139 29933 18228 7963 3479 16866 17555 14816 11763 11880 5008 4246 35804 10170 34513 7420 8920 27025 3255 22787 6415 28048 38955 28210 31507 19214 11766 25893 21923 10004 5050
31828 429 27645 36505 4109 16870 22865 3135 20039 37107 14196 27434 12908 11795 16632 19467 6160 23129 28836 23687 28877 15384 27856 37944 11272 10524 35409 27094 14511 1084 30630 26824 36493 4042 1286 10446 11341 4876 32324 18797 17453 8404 32180 29878 18156 20319 25576 13367 18701 18226 31450 24879 19909 28050 38615 24030 4147 29275 21390 12415 22163 29032 1754 31619 38988 33405 28370 34171 18887 16980 29093 31139 28667 13456 8602 1002 20385 18938 36818 28138 25170 23565 17726 17894 10483 31295 3764 36883 30576 6137 30654 15669 1189 15390 34130 13194 12217 11428 23155 4118 7889 31952 23277 16982 8346 10225 24217 38820 6879 25037 27807 26733 11088 6946 15426 28143 13172 33239 21116 15100 14832 37450 24475 36861 2 7788 2884 22803 35395 39809 3257 37202 10429 21801 37113 5454 3703 20818 33393 27560 4759 5117 27450 12756 16010 35428 20380 10860 3332 36229 39344 34114 3436 32059 6802 30277 10084 37385 5332 39663 7959 16055 12558 29184 23167 39498 9590 4151 24893 37812 283 12216 34551 31836 6513 22310 11068 664 32029 35596 15501 23556 35516 18410 4933 34588 30903 24716 39806 22561 2646 14676 38609 14547 20714 26946 15627 18707 7240 18278
18238 1162 12024 27865 34813 30898 9313 39889 8235 28897 8242 12525 22451 17009 1733 7233 30859 21666 13358 27633 8659 20740 35681 27038 37696 13173 17250 29304 6872 79 8875 25518 9233 29119 9665 38529 16648 29437 27201 18248 39317 2080 17914 7265 23809 21979 2018 2477 36341 34123 16380 596 6457 11100 27324 24336 22025 20253 11912 1693 17607 13733 36863 38237 22364 25963 22591 6563 9355 38648 28687 13451 33385 6510 20079 35868 26409 14955 31455 18117 32224 26393 27536 29061 4074 21198 11782 23231 17820 9797 5221 4387 5333 24007 31969 28330 15419 12815 3082 21104 16437 28047 31061 32451 26743 27152 12063 21686 26270 16873 15076 13387 9013 2072 22601 39284 28025 2048 12021 34435 23179 8754 349 1346 27375 21681 38539 3939 39020 26956 28010 23264 14146 35629 7329 30983 14724 33499 3470 3387 37277 26976 31173 7942 27733 28981 359 30960 3656 39 7344 36746 39743 18686 4124 2308 8627 19711 18627 17342 10039 21580 25945 32201 25692 5927 2391 1401 18816 22350 28140 36634 19605 1466 29953 4883 7112 26997 21414 30003 20540 34788 14192 11720 15003 18111 17792 19394 28584 34905 13547 13750 11269 12012 4409 23531 2028 26721 11374 14131
39308 38025 37994 31561 16966 9930 11697 16238 16322 8046 24161 26029 1393 22809 28756 23920 14784 11683 26785 34261 34004 12241 4307 7226 31970 39332 36793 28540 23333 1142 15631 24267 35597 7723 34984 33100 31205 671 4969 8361 30340 13714 19103 13758 25545 395 19306 4733 25239 22062 28538 4018 33033 33014 6561 16552 23206 19208 10388 32742 16351 575 53 33189 37487 15743 38726 18700 136 33154 32384 30249 19920 36264 16555 12129 3867 11040 1527 1810 16836 3861 23271 19054 12532 28655 23209 12642 37271 14086 29536 12278 3468 27699 26806 33361 5972 16262 32557 24300 37121 24550 5942 39964 448 27838 27305 23777 27316 25034 20614 25918 26380 33616 32923 33381 25272 11811 28853 24844 21336 10025 30781 34686 28681 10706 31990 36610 28296 7001 32071 3800 8192 851 1194 13864 12068 10862 12141 12742 3756 4204 39346 36780 2920 8049 3403 20635 4105 14774 31540 22398 12859 27485 12947 37074 25615 8133 25241 11197 3156 35558 34167 21817 9908 30584 30290 11552 30419 17604 2390 30099 22658 25432 28646 5356 9626 1507 5399 2001 33442 23642 22021 16573 29269 2527 24939 18476 4816 21227 5654 483 35913 31537 11325 20277 36298 11903 20139 21006
17380 24972 39488 28903 30873 13917 31019 26234 24896 31129 28742 27397 19715 30957 21563 7666 17979 39427 32992 36975 3543 5294 18334 11992 27502 31882 16390 31972 17290 13406 3280 11235 3259 1273 17347 39840 12670 1204 30698 1972 8647 9936 1296 13813 3849 38420 3060 16413 27794 24302 25340 36587 85 5113 28600 34685 25307 165 11422 14504 7924 10326 11926 2185 9833 10406 7932 28928 33587 21344 27716 30408 32145 12610 11262 31881 6423 37112 16069 34081 21263 30714 1947 17675 17455 8573 20601 30761 28444 24481 10963 28867 14834 37543 22592 10256 38939 11043 20815 21915 1064 23241 35674 35123 32722 35303 39810 7635 31050 27516 16918 7029 20364 4809 11604 32906 681 23946 34300 2115 1462 17131 2778 14686 1799 35322 13152 13619 6200 13244 12763 30837 31266 27715 18101 8839 20726 1640 3360 38933 13618 10817 20934 31410 5074 13949 32408 39034 14528 6155 26532 29576 24067 9126 32113 1496 21060 13713 17440 2077 3385 32285 8937 28297 4570 21146 11944 7702 19777 29984 11015 4155 15194 669 12109 35727 35077 13852 7408 37139 7879 7644 10856 8004 31651 34018 35662 6159 11915 9297 13856 37449 4832 18698 34528 29686 11006 30159 23839 7586
8500 12473 12865 9154 16281 5489 5935 22887 15936 30205 26153 15547 15799 7847 16271 14872 10305 3045 37273 39855 36890 34866 34827 23829 4431 2474 9853 7696 7048 1800 32618 31520 35762 7592 30497 12072 27640 3473 33484 10064 35603 5290 16306 36023 25765 37511 19633 28529 26726 7380 38931 15273 33118 28021 20979 3345 20943 39118 4236 932 2622 35707 36209 20246 11765 20357 33057 39567 19422 8944 18717 35931 13347 33539 33365 35422 9625 20397 9558 5129 27421 20965 26885 3386 36918 38927 37341 23310 12576 39123 11908 18116 1750 10839 7421 10286 12284 417 5891 29241 25571 17708 4434 7694 23816 4885 9565 15902 703 24577 29956 20996 24900 34302 18874 3529 37756 8332 25922 16960 30384 24676 19415 17396 12104 22 35780 24205 27686 31743 3425 838 37390 35053 25182 17310 22270 17719 10424 23726 24729 23072 3691 9 34829 21743 34163 36352 32129 5365 24132 29158 5391 6709 36160 32534 941 20995 19329 39723 31222 4970 3507 33352 10230 35390 17963 17334 19979 32927 1367 33683 13026 13064 8181 26761 35008 20683 18105 38619 1595 31022 21935 1699 33750 36488 37926 25437 33663 10775 30567 12434 20872 17114 7462 32494 4715 21739 38873 18962
2939 17535 8250 21585 12016 25074 37519 10014 13701 3373 23334 5351 21784 30161 15614 5659 25986 8912 30701 18313 31710 26720 6430 4534 20240 6754 26789 29961 32083 29605 33595 2562 8317 14444 38920 7954 37343 10451 26620 16959 20926 3790 11725 22661 29034 33098 3730 39504 17628 13996 9970 17775 30794 29842 9325 20241 7686 15854 25703 31041 31732 10069 15280 2004 15956 28846 22556 3898 38833 28344 3930 30166 14577 8378 33760 20885 25129 8278 15297 15448 15537 36986 33849 9349 23948 9661 3772 38882 31367 22511 28031 11732 5053 20922 20207 13036 34434 26370 30579 32678 18523 7334 31714 38015 12844 27691 22294 27544 8113 35980 22603 34105 34162 32033 12423 20041 24366 31906 19916 14696 30096 5633 3840 6389 33422 1361 24226 17658 8176 19066 33096 9222 2631 25720 37674 25995 16540 12924 10212 32611 20274 26044 13188 23503 18864 4465 13800 34360 31143 5331 39604 17367 5065 10147 25071 13319 28030 12987 12264 18747 13428 33569 25416 7244 22325 4631 24961 9792 22211 23292 22443 8925 30770 9326 8321 1258 37798 7827 14984 25844 25374 10579 22832 28627 29714 5637 6283 14376 35969 11057 7347 21311 34136 15293 20271 38402 7279 10537 15534 39547
25551 32833 1601 18341 27594 17633 8534 33640 20461 34441 9395 8341 1761 26278 7787 37541 34770 34643 7778 13980 17029 34698 32188 11722 27458 33423 32223 39449 29440 17204 14252 7887 24787 34085 3038 11849 23258 17680 21054 17655 6555 27146 2198 17752 33089 27134 3964 17791 29446 5037 35774 14891 33243 7683 29083 13198 10778 6768 21022 38845 879 16915 35038 6556 14894 22373 39002 36444 11373 32056 5023 35365 35384 3416 18417 1615 38848 35771 38144 518 10637 7496 34849 22256 16785 31498 132 17978 33728 37321 22058 4464 7589 25270 39628 34695 8708 25089 21637 10924 22277 32239 39241 36660 37011 36834 23455 7522 10649 6220 22190 8177 21594 38239 33667 19218 19944 31494 29735 3882 20571 7302 21717 38329 10030 37425 33940 38291 24890 25246 3014 70 27405 7127 10918 21291 36090 23337 33132 37853 39331 20121 29724 15059 28176 8808 29498 17565 28783 28893 38640 28607 11478 22338 7149 12566 37999 27482 13735 13727 36381 17094 32510 15382 27676 9929 24586 8012 13913 10355 13127 31326 31223 20190 6957 27449 37421 5728 30744 2614 27274 30012 19846 31755 27315 19727 38318 10110 7194 35888 32284 7009 34993 4819 15323 4535 921 4454 10156 38301
24352 19111 16749 33846 28797 37525 36831 18194 5493 19553 35331 22084 22901 13003 8187 10237 14570 34510 27352 13071 33772 21458 8281 13867 17481 9993 27959 11881 29645 23328 22477 25935 38482 14614 9741 26594 33047 519 7039 8720 9374 4576 36876 1647 34819 13842 32122 32234 28090 1930 7930 7628 13725 30317 8579 30456 25211 36944 12185 32383 7379 28896 20691 24089 11879 12561 34220 37851 21026 31850 16489 19701 25739 8849 27930 29803 25285 25652 16076 18040 13077 8983 30450 2282 27670 2382 9651 31176 14897 12071 30213 24229 15129 38369 28245 22739 24241 33173 36743 12512 10648 35176 11359 18267 20036 25944 24761 31238 39802 16242 27192 5054 8705 28770 34937 38894 4136 1171 20483 36099 2859 7984 38040 9691 36594 10171 20810 12186 39370 2443 33517 27555 27142 11681 16668 35615 20541 12111 33984 32951 27637 2818 30067 36999 8301 30664 12192 14623 16449 32444 10669 4301 29684 301 28850 22529 4775 30509 21587 17645 38478 23260 35719 24707 34942 22181 22594 30245 38557 28746 1485 37679 7486 553 34229 8412 12675 31203 23929 2843 4138 19212 8743 26534 15295 29429 21292 19775 7371 32084 19339 34099 5846 37513 33727 22615 39654 31504 14953 23178
21659 37136 30649 14728 8218 4126 13641 9547 39972 25940 7021 30653 27288 5919 1683 27462 37005 35658 38624 39606 36183 39835 20117 33051 15869 14088 26328 13454 30972 31794 30452 34949 37165 34204 35950 15205 38725 9077 19945 2852 28193 11771 1748 33466 20695 17080 2200 5014 39956 17693 15050 35437 3310 20751 26172 7193 8862 37485 8255 19173 19713 26419 20419 6994 4788 22326 29715 23054 10523 23709 4275 35639 26737 34031 16400 23370 2031 23731 6390 35939 38028 9784 20812 29688 26844 9199 10435 24348 30241 5852 4127 15502 10513 14134 4318 5951 12669 3490 22409 5490 12200 27481 17843 595 20013 35190 35481 18715 37357 15682 31210 32904 20722 3808 37893 10254 28925 26319 19488 29823 21413 21361 8512 25690 20747 13521 5794 39933 27997 23599 33535 22726 10294 31193 11256 19060 29305 4191 9377 34364 2091 15531 2039 12271 34124 27416 21956 39707 28365 23316 28670 33536 22696 13806 24758 5313 30967 34982 25337 2281 13047 21257 16006 39363 8611 16481 7800 27306 15049 13656 10890 29472 9695 39093 10882 2323 26825 21687 18193 4424 19882 33636 39283 13055 17956 14507 6944 37878 16036 31530 10283 7436 21590 37824 19898 36507 11698 8201 3144 1893
1575 27912 27096 25568 24917 35918 5194 10879 497 8992 19048 12939 39441 39233 31020 28945 31624 10607 36512 38122 4952 39116 37746 21510 24414 21484 34416 16325 22974 15192 10966 34978 6405 33754 35451 10731 33202 22334 18512 22583 6314 37631 9321 35084 38729 34535 7772 6648 10081 2006 27014 26125 19766 9328 18542 3289 4961 25275 12872 252 3956 15241 11203 9391 22274 22531 2728 17081 37284 24400 11140 7863 5595 12658 23944 15409 23882 27626 11580 37027 9097 7660 29898 28767 23767 21744 12090 295 4870 28354 30017 17777 33695 18959 12950 1714 38395 27672 7152 21250 26047 1638 178 25856 8797 10162 32098 27446 13356 2531 8442 25111 30188 8065 15487 30139 18080 18513 32860 6550 23027 12934 11894 8644 14718 16566 8646 17130 14825 6708 13808 36477 22319 32585 33610 35030 16430 27589 28985 1582 2297 6854 27737 17125 32344 12460 37274 27831 23583 19745 26687 37715 29630 22998 15255 1110 7538 26131 38447 29229 21397 13388 30510 482 9082 24576 24175 24056 18288 7545 5052 21676 24365 39164 5496 13192 15008 8559 15326 37837 39902 23640 29309 4913 39797 25365 29318 30338 1935 23044 39231 12118 28334 25141 19583 3300 26536 25346 27067 10956
33545 31528 5339 26242 17670 11798 17240 16291 31644 13323 37575 33345 28026 34448 39995 13817 22953 29444 10119 24201 8503 18407 24334 21437 21249 2086 1334 7854 36838 1325 36092 17090 11606 36475 30706 35118 33646 1945 28736 6005 39662 28 5677 38425 39589 9454 37649 33879 6046 5236 17930 11026 19620 26458 22499 16783 15656 21508 25050 19172 37805 21188 15951 23215 34694 21819 21571 25617 29859 32305 1062 231 5181 1891 38332 37658 24088 39991 10734 22639 22486 2698 12184 34112 22656 1651 23250 7263 28996 35117 20144 30907 16867 23280 38316 21300 28384 14755 35891 13331 29439 12102 20273 9335 26012 39097 22806 37419 4316 5002 8513 13189 39538 10549 10633 22802 9430 26406 27775 1814 29527 12272 35900 26911 39259 23998 2535 39934 19166 24368 25547 9143 5316 12743 28784 9776 16350 24882 30910 2648 25982 15193 5863 39200 24892 36051 35360 39682 36410 23943 36540 37020 23711 32913 23976 3119 38284 39172 15238 11421 3177 23746 21671 2759 13586 32433 11671 9726 22174 24791 39167 6369 21830 13093 11511 21942 5107 12254 39443 8903 20742 34772 37827 19290 33831 8493 30962 21354 33367 9895 16257 19735 21680 1173 3115 35874 39631 33263 28317 18408
7213 15270 20890 28383 3432 38401 23087 7401 33305 24005 29544 35221 32356 8467 30866 12377 29670 38186 1684 16924 22577 33982 2042 32171 34640 39711 37789 16461 14075 26741 8923 36853 22797 16989 21284 38733 32418 37483 11963 26350 14036 37670 10736 24873 19249 19764 25134 30934 23192 21187 32733 32172 8309 38776 1960 34023 1065 36592 37378 10723 13743 36859 13560 28398 30042 17975 7866 35147 9884 17919 26351 18382 12397 13222 17990 2838 29757 15436 39895 39109 14808 16181 12094 2642 23601 8888 36456 11431 26505 253 35255 39115 32632 34189 29608 34399 23262 26334 23018 24819 39673 36795 37148 13054 32949 37993 27360 23505 20958 5434 15377 19446 32690 39676 16973 8948 19723 23475 31199 8748 36447 22055 9605 31611 25486 11593 26082 12201 8166 4291 39552 13788 37377 34366 17024 37474 11115 33836 30627 7781 26504 36708 4743 30085 10233 5926 21633 1995 26390 10976 15114 8971 39323 10005 226 21822 19853 23249 1319 26955 4043 9436 10151 32256 934 30946 35672 27573 12243 3114 21891 21079 5931 10469 35745 9859 22741 25698 27298 31682 27839 11655 37084 18526 4594 15479 24663 38718 19355 159 12336 3937 15047 24688 18451 39438 31898 25171 3743 7905
28356 26988 3411 21669 3462 28790 4433 35521 17266 1749 308 19437 29388 33932 11512 24406 5505 31373 25628 35818 21578 17052 34347 16771 24625 1388 1815 3978 3759 5141 14782 11072 14043 20593 36650 13131 8089 7510 18664 6343 1227 25907 1675 18908 16908 10682 14211 39217 18059 34531 19046 31555 33340 34350 29705 108 12340 27035 29917 6487 8827 10586 23676 26014 12232 28136 24135 25207 21932 22131 21565 27423 22635 4780 18054 19468 26574 33670 27473 9941 2211 15666 15226 8465 39603 33145 7270 39813 30800 34282 11802 37489 7985 34307 33586 33730 8376 9299 32101 37073 34222 39311 38889 27385 37089 3180 22421 17735 5829 28983 22893 60 5264 26472 5367 4601 37763 22805 17115 5261 34079 11343 2037 33585 9890 36114 7558 11086 7105 18035 14397 11403 24980 21713 7414 21306 5776 17251 27376 6955 35539 35106 7250 16998 11614 39431 16297 13603 17337 1163 32831 29302 1874 4886 36932 27977 34466 13783 33487 18344 13043 13460 5921 38540 23532 13111 14316 14835 17874 11441 28431 21032 34488 9985 25947 6873 16896 16711 30519 37482 6162 27237 6260 8805 34410 1774 32475 8928 23684 19497 27159 37817 35983 11700 38759 13121 6114 37106 35178 11074
15259 5681 10620 4593 33909 412 2095 24464 17421 28162 11401 1911 20908 25719 6316 11997 25131 32355 33581 27920 10643 8777 31886 16742 12538 25163 31438 35886 19533 4751 4021 250 38126 4901 9893 9312 23472 34174 21652 39382 6925 9823 6424 28589 10459 37496 14062 6567 29826 24029 3548 9162 36572 25857 5464 2231 14527 26947 37185 39624 33751 16368 37161 25302 38437 14510 18449 27570 6410 34412 13276 5661 4197 3362 13376 2182 2796 19912 27033 38405 32472 22466 16473 13410 38817 35744 32536 428 38121 11793 16810 9548 19759 28108 31919 1937 15735 23710 12685 34394 21902 22392 37634 27515 25724 33163 35152 1449 17296 17613 19631 27492 25961 20997 23345 25629 25407 23522 39761 18317 35358 1812 39613 9897 16312 31296 36500 5039 21730 28470 18869 4173 4417 36041 18172 1902 30311 16359 30447 27230 16239 18432 37747 15810 24468 19230 34469 12559 27338 36044 29562 13844 35168 27402 16415 33210 14068 35902 27850 15733 20384 38498 28368 39429 36374 25539 6103 17247 3409 37172 15121 8966 23705 624 10238 2763 39667 13092 18135 21244 24798 30668 5798 19124 18910 30838 26618 8338 29358 39469 1612 23977 25128 1681 17287 31954 23850 36698 4817 29224
6651 27431 37035 15401 33157 22341 9264 8413 15827 24633 36273 31687 13039 23177 37459 27412 28662 714 27496 7322 7912 22399 36295 27268 29796 13620 37454 38062 9303 32353 13927 13168 33482 17258 37602 21611 8380 6594 15934 30150 16562 37193 6340 9635 22524 6233 3622 5078 32032 29400 18096 3582 10662 29844 7596 7360 35063 13015 422 21359 12197 6448 13013 33714 33353 6054 10356 3747 34922 7367 14101 21707 38230 414 28568 26847 6406 21894 221 2848 21446 3003 19972 15350 16480 13002 2708 25372 34508 33441 705 17899 14267 38388 30790 10780 14323 25816 30568 8791 39947 458 34923 11607 4639 35756 1418 7072 12575 14369 27127 7011 4782 35261 31698 24214 34895 10482 20938 1934 20867 30196 1985 8221 15870 21424 32956 30279 11803 32527 17286 31768 4582 32799 6698 3452 19570 37430 24632 3640 8237 18470 21821 2410 11308 1887 23607 20948 35494 15092 38997 36313 8724 29785 20989 37389 31289 18027 1907 3666 30616 21615 36911 23844 25287 3195 20621 33999 33630 25987 18247 7169 18110 18941 11360 747 1668 39361 858 2797 25866 28597 7161 7641 4228 6903 19170 29620 27034 21884 36255 10553 19742 21169 36075 27391 29336 17875 1216 26253
27313 4941 15663 202 2961 26832 2213 8299 6856 25611 34730 36730 28196 1578 30852 14048 3572 12876 13811 37989 24384 13601 19594 31120 7949 10097 32941 19413 27309 12089 21056 27766 6660 20084 10091 25351 17835 14343 20767 9033 10814 30105 14888 6196 39551 4620 28032 36155 18422 24515 11939 9718 5760 36358 8681 26817 21209 28565 4651 36761 9938 34855 12657 18927 26473 24804 19317 25431 3609 23797 24540 3965 28322 377 29848 5939 18498 36154 39249 17341 19007 38197 7177 8445 39453 33515 39463 5179 20297 11871 1611 23032 15899 37058 11673 29401 19841 28926 435 16750 39732 1643 38582 28147 6358 4596 1068 3404 11398 24739 17079 34688 38777 13063 23697 38676 38310 16926 39139 9407 18323 30404 1038 15156 10416 23605 24385 6412 35435 34296 27477 25041 32667 13113 8752 994 23437 39257 28647 28274 23963 39309 31535 38483 14092 9202 18988 35518 38152 17211 14949 32092 28553 36943 25343 25418 34156 32710 22890 24596 14682 19669 9868 36717 878 29881 32846 39767 9740 23200 10562 5242 6942 7503 16956 11171 2429 5178 15687 37223 7923 36976 25475 17982 22440 5912 18210 5218 523 38128 8320 8714 8473 11567 17467 12491 29624 19610 7941 7134
28656 888 4621 28361 37475 23210 22271 29909 29378 18531 10208 25003 1778 21849 380 21487 28460 35556 25821 1510 10135 589 19028 10336 34936 15774 11777 33643 6004 5645 18211 18787 35936 6811 10346 6377 1353 7132 35831 26693 7701 36249 24617 39298 34125 37166 14983 17916 32370 14455 10436 8528 5720 17657 29217 18742 36695 11310 26317 2113 3696 21141 8755 37637 31072 30732 7255 8172 6628 21951 25563 3574 25385 721 14147 28184 9660 33952 22929 34494 24301 14898 3683 20468 19095 30092 6750 35264 24624 32259 33492 31642 34386 1655 29532 35375 2783 34670 2897 12306 13978 10584 8569 29291 31089 30327 32784 17353 4348 23071 12803 15604 35158 18727 14594 30231 38317 16604 34722 26169 33048 465 23132 9245 14153 10766 18825 19524 13190 1416 2044 28566 22472 20615 22528 24622 21519 5425 5080 36556 25641 23673 23234 32222 26457 37787 39977 21162 2770 15876 8548 19408 12144 22650 26541 36125 8543 25445 28029 34844 33659 12529 61 38917 998 34848 12957 29730 21066 10807 1888 18867 6705 15909 14883 11670 3150 29213 34499 14172 25039 147 13943 10090 15661 36371 19277 21691 23036 10407 32741 38639 17458 15821 22104 13815 30890 10866 11283 19260
36309 2491 14024 11101 38506 28685 27692 4059 12702 28668 19065 6738 35091 33892 10666 1321 8658 21934 2455 2902 35779 16235 2955 13496 6180 19790 2435 9457 775 11261 5467 37470 1883 21140 24541 5965 18933 35260 34012 23840 20402 15009 34744 10623 22169 26475 13942 2038 26094 18045 4960 32261 20027 20071 36812 3299 11039 6673 30716 39406 12640 31082 18158 29328 10331 24913 19778 19268 18903 34287 39514 37501 3637 35793 13067 476 19860 5653 13822 3820 26893 30023 33467 15809 4633 169 15792 4249 2059 23954 27419 26033 4107 12357 29307 25664 23783 9091 38607 39394 6633 36841 20266 24357 34842 33323 28405 33520 20301 23643 14064 8463 35735 24670 11984 33980 39244 11141 26853 683 11882 39479 35093 38538 18398 17257 29829 33389 3236 26912 34593 4670 1415 17469 31773 24320 35671 3369 35582 36422 39669 20799 25958 32266 26192 36979 20777 8909 65 33146 17632 9304 30186 10696 28572 723 17340 27728 14197 12146 10207 28921 4203 453 24677 33531 17798 39436 9346 552 3761 19462 26038 22876 22783 9568 8490 38011 33941 4298 15891 36464 3415 11471 33898 18854 6565 963 24588 24264 15177 35830 8322 28191 29651 387 10108 32568 18363 36436
25916 31871 7278 13311 19657 19030 29172 14930 31579 12468 36337 9380 21746 3224 37471 35192 10477 2984 8275 28952 31054 15335 7459 10220 2367 5262 2178 32413 14513 19280 31976 13049 22087 6252 33045 29454 16403 4088 23114 36026 12116 3951 36365 22481 30975 16042 10675 26801 24181 19618 32731 15946 28225 25722 39756 35287 38414 12617 10318 15369 29482 26057 7187 29369 23350 1385 30282 15832 37197 14572 32245 25512 2320 29315 18181 27549 4461 30878 35359 5684 35724 6306 31434 26899 30016 34096 20228 23078 12295 10760 20381 32520 17300 6070 2413 27523 33746 21444 8285 28918 27073 28576 1125 27866 22983 29029 21071 18134 25721 8082 21949 5392 28793 32454 30055 26846 6113 23395 2938 24234 31700 10818 2205 3205 38924 32464 27697 37115 26233 13217 38982 18075 27123 1233 4069 13138 34003 7504 8554 38824 15619 27924 12166 18658 38710 22731 2717 13307 39316 11553 20547 9888 28825 20509 3201 1731 33705 9603 4637 27642 23604 29970 16165 37201 19478 34492 34668 1167 25520 34373 5237 30170 38581 31936 20557 1858 13645 5689 37243 28064 12163 34977 23757 1556 14913 16912 35783 29863 24794 33614 30546 13459 34816 14383 2057 30574 11381 37134 29772 18788
39261 9692 24107 31962 39289 30197 35096 21365 38636 23791 25363 13007 6271 21334 17529 37690 32206 24278 2350 35196 2932 20250 14865 22475 20395 37508 35847 13343 32837 39872 19551 14924 22493 35917 3088 31740 5168 5670 20718 37515 20658 11705 10665 27476 10647 24556 37573 25288 13103 37048 10988 13610 36305 348 27811 35424 3904 38977 6644 23826 29804 36952 34603 21812 26223 23453 6489 12042 19127 36657 28541 34295 12452 5799 697 13664 2673 24495 1499 2180 7583 33293 28563 32328 10165 27785 25532 7751 36138 25460 6163 24782 2469 39763 23205 24044 28307 6231 28086 16035 21278 12596 14977 31471 5043 26968 30518 36684 14183 35530 31364 17277 9597 5390 11687 9405 16770 18152 1994 31262 6206 35268 24133 13062 3611 35130 20288 5780 2901 3673 19463 4467 7574 28817 24381 31079 3750 14152 27088 19885 6755 13916 35164 12065 37337 27281 9315 21517 21215 34213 33086 19069 2147 30824 26822 26108 33150 26578 1180 30378 17190 39865 1896 30070 13489 28803 8297 5974 27044 8819 31717 15005 32976 7301 39210 30158 26101 18147 31564 12182 18384 27212 11412 39574 9306 29828 7609 27643 38341 10426 14477 13542 5458 32423 18163 29742 17758 37985 5907 19184
24476 409 406 16153 22127 23582 16488 2776 34826 25852 27188 35048 17147 2735 24990 37942 16067 10474 9672 36483 14014 20099 8231 21873 3485 34244 16093 17809 38319 4648 16992 27205 17076 2296 3767 23836 25687 19215 9910 862 13551 21613 39324 9855 27694 11745 27424 38295 32505 25575 14241 12854 29134 9219 35579 4602 32873 36490 27373 14958 27161 33856 23561 18979 25090 39428 14032 7793 26045 7646 18301 4868 37650 9638 1193 8516 19492 12231 34134 9964 5667 13987 32387 804 34540 4557 2754 26860 25708 35576 11595 13088 7904 22224 17376 17608 17530 30223 20756 22198 29546 38915 37233 1405 4397 14730 27581 24785 29586 30940 36119 30236 23980 6966 17234 5543 149 39873 27552 13080 279 29249 13403 25863 24517 15570 11288 37429 7188 16083 11612 12031 1212 10354 30813 21420 3794 32793 17699 34575 36886 18501 20992 20302 29300 28249 30774 38851 21175 26 9228 21239 18703 23380 10288 35519 2791 2967 3812 950 39056 2928 9177 38415 18710 1347 13919 1022 38072 7325 38546 31777 7872 37505 21775 17169 8653 17237 5639 6225 35151 26936 33920 80 20566 2915 3370 3651 28434 38746 39844 10247 16694 6929 7989 16285 3889 6866 28098 16133
546 12636 25189 23634 19628 7613 12847 35488 15213 18508 34846 23394 6038 12066 30283 13821 28642 33062 22643 17276 8023 36454 28843 23815 35777 32150 13513 18380 20966 30171 23563 18592 30389 7708 11519 33074 10050 31634 38191 12634 5763 17226 12242 1854 39389 6082 28113 12539 4647 25251 5184 10195 27801 33037 3551 2804 18922 24382 29659 5917 22064 26069 18573 23939 8311 4526 34446 33478 35967 15342 14523 11808 171 10253 27840 9636 769 461 24894 21087 27493 35784 38800 287 37546 11396 26776 1309 33739 16934 7861 36653 13668 157 15036 19359 14501 10634 382 32549 5067 7239 38753 21349 16701 34391 12909 30295 30220 26604 39466 31680 32230 32843 28769 27210 27068 13972 15010 9030 11202 8333 5719 35948 23523 38893 21503 18704 24875 4660 25049 18024 17785 30074 34854 28382 21975 5712 1082 1555 11025 10859 12841 37079 1034 30134 29380 14362 33835 20457 30823 28396 9658 19822 31042 11452 36356 5963 38177 17540 17444 39232 26187 38203 35759 37217 25656 14713 26420 4703 6056 38794 26348 4769 36574 4482 32231 36153 12633 33465 23090 14324 34427 20032 9136 13632 4200 22610 17357 21507 23919 3090 3598 10920 209 32147 20590 7410 14198 30047
29908 34665 18888 31099 29153 30304 13148 22937 36226 34577 107 13667 13486 24799 14772 11322 17494 14053 27534 13252 34479 7739 28428 5758 10689 34324 26077 22852 11901 4905 8898 10664 5234 34723 23454 35843 33525 25451 10799 19589 24612 5865 32220 33344 39784 23464 23160 22943 38336 27802 27467 25227 13657 30221 10295 2768 15630 32524 18647 24695 6079 13378 39758 25150 30839 22347 18631 27101 23959 15035 28840 27574 6033 741 22305 12577 10029 24537 29413 14706 8359 35467 32483 28951 32228 7404 12864 5892 19963 39305 19291 29530 8226 7884 22944 12477 5305 36283 20 21298 17463 34240 26632 15623 2187 31774 530 12394 9329 21289 5628 16277 6919 32730 15206 27603 37708 29545 14235 35285 18184 11420 10767 18581 38464 3835 6250 12183 9883 28495 37685 4752 31013 13465 3457 38438 8386 34861 34662 28847 13143 5330 4619 11735 35170 2007 21701 23916 26728 12407 15281 39962 42 37571 21845 16210 334 33439 27379 4373 32603 13186 19178 27231 33054 26225 39894 21371 14920 7654 12772 4949 3295 33826 29174 39297 36146 10327 5767 15664 37758 35043 36971 19129 14111 20577 37566 26459 29699 17366 2712 11331 30786 5897 21808 11610 3408 35751 29627 7996
37317 37925 3001 38604 22584 20126 26530 34097 4719 36644 10829 10931 24321 25700 15126 5083 17766 14981 346 30536 8116 28295 18207 30842 20459 3985 174 4414 8451 31294 26299 13083 38323 37780 12556 11713 8974 5089 35657 19558 39783 4303 26017 13637 12593 31521 38795 5147 15305 15038 3661 676 32786 33261 18129 29820 26005 39908 7463 34209 13670 35163 30596 25636 18053 2772 32437 38890 21559 21944 17363 30608 14020 9536 39754 36734 8942 31596 7393 14219 3971 4084 11785 37823 1451 39562 7953 7731 7935 15034 25970 16355 20841 4386 18830 37486 31816 13678 19977 25796 23348 36432 28675 4432 13254 3874 5061 31653 30111 38335 36648 18140 17021 7551 24841 20881 35389 28244 12789 9474 26065 19874 10705 18445 36346 18292 7326 21113 6830 13782 22510 18782 14357 25544 30578 27761 8212 36354 2750 30502 38183 20771 37363 4283 27566 9813 39949 13554 5911 504 18957 35049 30237 5386 30612 8553 33562 36495 19986 25334 6398 18775 39038 24233 1788 23517 3678 32797 11603 28415 36696 23820 499 13256 30281 10551 14104 22380 18734 9683 33903 1287 26589 27657 19393 9443 28835 20911 29537 29758 26019 3816 736 12297 35058 16455 35492 29211 33102 34657
15975 1409 21854 7917 8803 34995 38943 29856 5136 24959 29043 4906 1794 10874 17936 21097 3078 27795 4590 34092 71 17244 9066 6523 34974 27658 16661 4100 29693 14010 8334 36656 2964 29776 38246 17512 5690 26868 18551 31035 16630 23987 24608 28456 23855 22790 7944 22152 38605 20214 20328 33356 27331 22240 23484 16471 13160 28239 25217 6681 21482 26989 10911 2402 16509 2259 14779 27551 36501 19546 37964 16383 23296 33604 33509 29952 24818 20705 9786 32729 5727 23478 32448 468 32489 39036 34925 22663 15170 5281 20037 17117 16336 9652 11240 2715 20994 6619 27008 14399 10034 28391 17853 621 29194 1951 11126 28775 37625 27206 5532 15609 38459 19855 37652 11517 10993 1721 6065 34464 37871 6592 6672 8769 18388 33188 37455 27688 36326 2061 30120 35710 25533 25560 1553 8556 39192 2430 22206 25169 31759 21445 26298 28217 37168 22626 2784 24774 10298 5062 28942 30005 32115 5785 32728 13792 4520 28941 23753 28726 26075 37184 24218 32608 17346 26587 37062 1245 16518 11693 24417 10116 32577 3940 37242 2592 2875 10980 31197 38709 14666 34545 35862 3196 35761 22684 39517 10409 1869 16506 22763 17669 24943 20108 36675 30169 26612 34073 31466 18103
1248 28033 36711 27328 14106 3410 5982 15847 13223 34572 39534 29384 8491 10616 12339 17289 2927 5561 32914 6149 3213 34095 36844 23257 15990 36373 37552 36247 18459 28346 24373 2521 34534 2887 20537 39704 13959 3924 3450 31190 1187 24984 17621 23416 35598 13566 30477 9462 27677 1156 23584 18983 29320 23699 38337 17067 33876 17734 37545 26658 4793 130 35922 4329 36910 20021 5200 26814 30011 9909 28913 20935 26462 13681 13269 23439 24850 17654 8916 39122 22077 13293 13466 5734 18711 25098 34233 21158 18865 9419 25253 32570 1822 10878 25081 16781 30266 34398 16987 38279 10650 23001 11098 36669 31729 4921 30711 17479 11404 8603 16106 25705 9972 20502 20023 19906 35311 31255 38509 37235 11156 11633 31807 3815 16077 5125 21866 34172 32491 15768 1531 36945 25813 5335 1969 4666 4776 37225 36964 10380 1095 9954 21433 26852 28751 39035 35298 4330 25713 34617 28834 28922 14363 24117 26790 3592 4713 34454 32791 21731 9052 12486 22668 14199 14539 26161 2206 35295 7680 27295 27084 33682 23028 8598 21715 27609 22705 31629 33887 17143 25028 20505 3381 36116 6359 15801 19749 27320 2707 22093 25596 36461 5610 15911 34194 33204 28615 9637 32648 4884
31831 8868 12426 6900 6958 16139 10510 8962 22053 35279 18714 39627 33680 21561 1075 34187 39187 31154 37897 17711 38444 36132 23635 32969 5277 17096 4702 29177 24797 15765 10927 36293 21040 556 8246 5255 31122 15 22724 29196 22337 29003 7656 17625 1571 17664 24568 10811 28202 13200 17202 12929 25052 2452 10445 9814 944 33404 36450 3925 22812 15957 26113 2357 9385 28443 26188 29223 11482 10999 19837 3426 31102 27769 13241 23187 38896 26062 27234 17968 7706 19347 24063 36412 30238 30008 19503 34862 1607 12121 33983 33334 29995 36266 32087 13896 23539 35686 7312 11557 27595 25456 1851 10434 9689 9119 2464 5172 34713 25955 4517 18414 21128 25959 29470 32088 29946 39590 18318 34518 33006 3304 20089 22509 1610 23824 6918 26414 10277 38427 18076 23667 26059 8419 8191 38618 29087 26735 29713 36690 32940 232 36263 12780 19793 13533 20913 3277 16160 28812 19373 24297 38584 27326 25761 290 31302 18014 38439 33199 14640 39448 11807 12405 2196 5150 26121 32276 21524 1589 32100 3318 18692 222 28528 19932 16381 36400 647 30814 31469 18779 19077 13151 11137 27602 39718 36186 28718 12730 5016 10842 8302 31605 34692 23925 1642 28683 21374 28727
30093 37007 4169 877 386 33185 32307 3356 8335 4608 9594 34470 35740 32933 8162 11522 39138 4195 18214 14733 27278 34780 34693 30604 19484 39092 1563 25718 1966 1620 30631 15157 39089 39705 31246 20981 36271 31592 33496 38522 7084 24952 6792 16467 30853 23466 17157 36489 28100 31590 1206 28731 36704 15658 25622 26818 11829 25934 27174 32058 18374 3865 9216 27193 25525 6497 34043 6509 1956 5740 20733 34737 6185 21982 25079 7858 27367 31658 18741 25558 33245 2333 38614 13485 17165 26610 23020 10968 25188 19447 12221 25362 38210 11935 9731 27093 20554 18188 2058 11654 38476 34879 18131 28051 35823 10550 39487 15063 3734 24489 14492 39271 28362 1971 23495 35652 6583 28123 35996 262 14082 20196 36699 29678 15796 16748 16624 8478 10598 15330 7877 7688 38493 38810 15372 19714 1772 18321 22526 29394 26111 30020 7017 1534 36509 16832 11840 36276 3880 39713 29331 30712 13124 12564 16229 14555 38654 13261 22784 27546 30353 29078 39491 28799 28095 30745 4361 39279 8326 3181 22123 17902 31613 39541 36856 14467 4579 37558 15482 26114 105 33914 5519 32953 4655 14833 38801 17600 15061 28929 35165 32963 26095 15798 26757 21653 39885 27835 8832 22515
9461 887 10922 20004 3845 25635 83 31362 32039 957 14000 25370 8870 36396 33904 29170 38666 28768 7506 21201 6050 2300 28264 31352 37901 8019 33310 26167 39401 37282 23462 6023 9169 23790 16568 26371 24360 17543 6307 24524 26653 21405 38373 19891 32540 37307 39145 10651 9530 10328 20075 11467 9639 4017 27798 10571 27182 15332 33665 37540 15740 31419 5420 1257 37016 15521 33079 37751 34506 25638 1594 30149 22602 21096 14587 21729 238 15576 35836 33374 17238 915 22172 3261 6362 38793 24948 6142 3936 24165 11246 23227 25597 18087 19819 8529 36058 18405 22905 32296 6741 18253 33722 28737 2490 9121 30990 23203 2505 2292 28619 3202 12963 38385 14049 23908 14072 21447 39492 2377 9674 24985 35042 5099 537 6295 797 15797 3358 11813 9553 21272 32031 14437 37206 12392 26381 9361 9100 6906 12367 34940 25670 4337 5964 34909 4444 16222 26549 8756 26313 12644 24903 34738 33346 9442 22512 19599 34762 18600 13627 8439 511 30303 317 9061 170 3833 27661 14230 34381 22850 36995 32195 31241 25676 22569 29069 22260 35683 14672 28738 4427 35646 39133 21001 4784 31598 36406 30445 5389 16072 5558 32917 12700 153 16840 24285 9036 6083
37014 15096 8804 15770 25430 23407 30525 31809 25408 323 13354 18433 26765 38651 33306 8633 34002 9035 33179 16791 24874 15085 20628 33877 6480 15180 21843 31394 6044 34048 35457 21940 25933 31312 29580 17224 23057 21991 13377 18367 35552 19289 28581 39337 16126 36166 25014 280 24160 21629 30297 12507 22067 26389 32581 15029 16599 24636 8592 525 21747 12280 9122 37661 28130 9598 8638 20017 13868 9175 3484 31853 22247 8841 20839 36538 16293 37868 20766 1158 33533 24808 25376 15749 7199 21617 39013 1217 5706 21566 8223 2664 20594 18469 35342 22102 15134 10645 7880 10172 28012 9379 38006 18764 14918 28214 4272 25127 10870 24521 14138 37359 8840 31474 36959 15812 30533 11778 28262 20745 38068 4421 15248 27624 30359 4525 38023 10739 17986 22030 8452 6064 21000 14670 12828 7014 37021 32190 16958 12754 18855 21504 32670 29571 28423 29760 21088 12080 26943 26074 33962 19255 17414 34821 13236 15910 15686 4172 4352 6437 24380 11980 20846 29415 27649 38573 3133 35997 22899 8211 16710 26982 5029 3199 37881 36814 19057 2788 23371 27178 39633 4791 26521 37889 12086 32962 2600 2165 9490 17885 1196 2825 4489 6998 5369 4497 516 38989 12198 16510
4674 12729 15858 39218 5923 32340 215 18425 8358 18455 36760 753 36071 1366 12600 10707 7223 39930 17945 5028 26395 22303 15068 39525 21706 22248 31833 6916 15556 6772 11757 29332 4217 5612 20945 24023 1811 31638 27435 9632 26461 22432 1177 27883 29000 34852 4418 21492 22117 9336 12879 24448 11286 300 30977 25175 33541 9327 1860 36950 17789 4907 19338 10246 9225 23346 21240 1554 27171 29778 23636 7557 21285 39165 11853 437 12396 11429 23110 10827 22416 10086 16113 30195 21980 19535 13592 23105 31150 35453 2166 35758 35431 11956 38487 39010 13818 6258 23207 9589 37057 7051 19186 4019 34420 34401 37852 34270 34847 36492 6272 21281 16176 31628 38771 36433 25198 30752 13967 14041 13873 17697 32445 12418 5238 8891 8420 330 15708 30884 13555 19619 29284 10565 3290 15528 11574 22298 21620 27596 3901 34769 31372 1024 29027 15408 21859 8057 14824 21318 1511 26092 24114 19613 26063 16356 14132 12705 15862 27887 636 32128 7514 8140 32121 18879 12401 11285 8118 25967 38764 2613 19675 33038 28917 4566 35013 31275 25581 12505 33252 19915 19897 12848 34825 25393 11065 6342 6598 20821 38702 14554 12113 38798 15245 8861 3809 23074 383 21636
33799 36025 29349 3048 13352 10447 34583 29839 17370 4222 10055 27277 34660 16808 14952 11852 13133 36029 23389 25344 28118 14321 29411 38299 24068 14464 5862 38014 32085 5642 11030 21917 32851 16184 6305 27276 11386 29889 7375 29412 19465 12269 23163 14684 8876 35187 31010 6584 20378 2637 7997 18695 13854 12003 14448 10146 7618 2470 6504 32886 37929 206 27744 12218 27081 5109 22572 26863 6676 8034 11728 3671 10898 18338 38673 24669 33501 10787 10487 16440 33747 33399 13409 33900 26588 9450 11533 36773 31315 32382 29303 9371 8435 9493 634 8141 19645 2033 31068 5571 25740 12949 31478 19354 1314 30434 14812 28707 24492 38001 12724 33862 35725 22075 35469 8664 17639 27002 23410 32262 28009 16578 15991 15329 16103 14207 12149 17187 20932 37777 21409 31795 7481 4892 32605 33623 10289 5904 5830 20307 33590 29770 3699 8219 2325 26941 26812 14226 39117 23217 5348 23848 35012 21260 30409 13841 17093 18415 663 1962 24698 6848 11090 31903 24191 15919 7639 17811 8632 33786 36348 28625 5750 11760 31234 16557 10035 37453 19991 11668 1107 33508 33121 33149 1147 11245 27757 1884 34263 37903 35955 10403 33607 22153 15632 320 26275 1784 35985 1817
5881 20098 10810 18894 5361 29060 14079 26778 19474 31798 27917 8127 24342 35667 24111 36701 36284 17926 15159 6977 6855 24934 20904 6631 28958 2873 37569 2098 6626 39460 38019 16815 6281 2744 12140 38089 27985 5203 8339 7508 38813 22022 3363 31914 35509 35150 20362 1304 24936 39582 17905 27545 24796 34374 16060 30606 36955 8568 22223 3292 16091 9923 35442 5506 2412 7340 20360 11219 9376 20326 21248 33936 1277 25303 15133 21126 27891 8636 17085 26392 15789 6263 21436 33880 18980 28564 34557 10166 28823 15816 17827 10983 7311 6154 10489 20428 14978 39961 7109 10369 19128 14826 11806 39494 4354 11573 1176 31591 342 13463 29480 25696 28766 5858 24308 2581 2194 30686 23967 20410 17482 12267 5145 25219 38417 31588 33382 5022 36333 23005 1322 14631 33298 28332 22312 1229 19410 36178 26595 9843 29570 8283 5520 27627 13214 728 15464 7950 2882 30307 8595 38277 32547 7062 16787 39399 734 6507 23529 21785 8552 25087 31905 4300 15514 5851 1238 35601 25917 22376 3728 21796 34311 19865 26524 23366 24112 2210 17549 34259 4903 34618 27143 6151 10022 5481 34644 13095 32225 28852 25176 35035 18314 30961 6416 19298 36176 9252 21810 6136
6704 17523 13768 14585 4004 27673 27540 37894 698 3378 24960 86 4312 39916 32465 19789 19962 6943 3892 19839 9059 9739 34558 12317 14583 13427 708 9828 23859 38403 10959 17591 20735 13155 6311 9065 574 23471 19698 28094 5565 8660 21501 21756 22593 33555 30405 27638 37952 32269 1801 4514 722 39464 2774 27099 21916 18464 21577 39107 19461 3438 844 11410 23724 23899 12972 28449 72 13149 21897 38409 22286 24403 11148 11679 19579 31832 27030 39774 3182 35381 39367 31459 38625 20671 29146 14276 32233 34333 15246 7066 23861 19308 20085 22495 31601 4284 14643 30582 16353 9358 3875 39009 27007 5102 24675 12395 7756 38857 7725 4447 37726 4271 2438 5968 37919 37666 20067 37177 26623 615 13433 24721 6194 28369 777 17727 30707 17208 37532 19617 36060 13350 30809 24889 17747 13990 11643 36569 928 23382 33506 23552 21774 24941 34265 14185 4070 20897 16080 3306 33015 7536 9418 8080 12799 31766 6982 5721 23846 34231 27848 7527 22320 17171 18259 34655 38876 29734 38049 15349 26453 31526 38009 17218 14350 27508 34450 33120 10773 27748 19838 10361 34474 37129 25772 35003 15367 37083 385 17845 38296 9322 10702 22695 7709 16981 11335 18826
4181 39195 18297 10077 7442 20724 2419 17649 7653 4470 33282 8327 7299 26681 8807 4468 27718 8300 17745 15660 27330 11736 271 33502 28310 29340 29766 211 22824 36727 874 31529 12300 32864 9992 34832 21142 4931 17965 19967 2301 37051 150 34447 17468 10676 32945 12693 19241 39293 37775 9276 21191 4919 37410 13964 25848 38458 3791 22063 39671 6354 28327 14413 33326 30451 17624 11751 11292 29339 3830 4553 22078 2782 10672 34468 6836 26465 24523 38765 11317 35235 15730 38378 28699 7603 22164 22413 24737 16700 28041 454 1268 24704 2078 29208 33855 31381 16150 2792 9163 20706 16814 31949 30383 933 3019 34850 3643 4623 35544 1282 35651 5055 37150 35841 33503 7195 15650 20161 32759 38603 39550 34858 10417 5920 36600 39913 32809 17225 2671 6886 16178 1008 28712 4652 25633 33114 31472 21220 23514 9959 21945 5671 7588 35343 22745 28058 12752 20901 39510 19782 15440 22125 6121 22653 32584 1428 3926 26657 8688 30603 31974 35995 21570 39821 2022 15736 11822 27878 34288 26935 35179 421 22713 16617 3547 35887 16833 4813 29638 1315 37738 28617 16526 23984 21154 38525 20054 34584 9270 37951 39373 2105 33292 4812 29193 20675 14287 7454
36003 16837 11336 35625 31563 6756 23893 895 24529 12208 9437 19572 1904 23172 28017 13022 26056 30921 24027 3738 37196 1050 11114 30927 35773 6251 11570 2366 17796 21009 11102 12850 26252 35241 28745 24643 22541 15779 3753 15757 25874 7747 21246 37255 34186 8796 33092 1606 28171 13847 36510 36165 31947 36164 9926 37725 27537 1392 13109 5629 38901 4745 29469 14436 34717 34440 38521 26767 38083 34345 19344 1716 9263 39914 27707 25626 36174 26250 33791 1453 1246 30175 22574 3783 9260 35859 39137 19939 39536 34415 31257 8887 33053 1818 9105 6727 20644 9682 19833 27307 10580 25264 30490 38302 28394 568 5456 33181 1529 12351 17305 520 32642 37230 30211 28571 34532 6951 5401 5215 14094 7890 36063 18420 20182 29256 6257 36588 9242 33031 2861 2540 24426 37523 13911 11177 28199 1014 15088 31259 3008 7853 28894 32053 27270 12845 3576 16462 4160 1172 37687 26926 20713 32717 15143 31618 25717 562 17176 7453 8941 34111 12979 6542 39168 15456 35017 24605 23485 24921 27991 26787 23721 29367 36870 6088 5873 24028 23555 5692 9340 33875 14803 9072 37109 37560 32046 9168 23342 13925 7357 12930 39267 37445 37042 23418 27447 28167 17884 19425
11402 7544 39910 28659 9951 33601 30805 9278 21065 34605 32179 9984 2117 15299 4757 37695 34759 13240 17859 10016 16656 28131 26416 29558 11299 28809 13295 13612 18875 7598 21878 25159 39712 790 3992 23909 39421 25653 14419 22947 39884 37408 6949 36794 19279 36329 18081 27285 18937 27080 12945 24458 31107 18587 29775 6671 32635 17554 33136 3108 12259 27135 29164 6696 2475 18155 23158 38923 38393 23629 32106 20163 29629 27599 15846 22808 37069 19195 34998 11865 17695 10895 31384 613 24223 22813 14173 29189 3253 23613 10341 6400 3918 21163 1201 26561 6015 8818 2729 18939 2762 643 21530 38724 22933 10311 25439 8679 17156 8541 14533 2522 23174 14743 4506 37612 16056 19769 12313 6008 35920 19307 16173 21665 31188 10710 3735 24820 23832 16550 18811 32972 35611 26356 17577 16484 20498 21121 19253 2885 343 29975 32297 33779 8128 17127 29455 30285 38524 36765 19820 21758 28304 15998 25267 14018 30634 36401 30417 17686 25413 10167 11168 36093 12873 12189 22116 4320 26322 18576 13165 1547 36100 531 33325 20201 39936 27680 37721 13422 1957 10529 31330 38446 4391 5837 19071 23603 2517 12120 39543 28534 14796 14610 32236 12554 15752 32313 34064 5716
10969 26396 27017 33577 24457 24912 22907 22203 3969 34290 7277 39685 14661 27444 38976 4483 6815 18725 4347 35081 23081 28036 423 39599 38596 35161 36805 8106 35737 13315 38740 26879 20270 18141 10047 38451 1407 36678 22628 16180 23744 2476 32559 26514 38182 9988 30548 31565 22913 28937 17844 25196 20662 38013 32412 11438 35484 21118 32883 2303 19272 9337 22184 8683 19592 16018 26386 10809 5568 21138 26655 30218 22332 22902 22788 7918 18829 14231 28173 37443 17787 10954 39812 11839 4341 9375 18925 1232 6932 5878 20363 23914 22484 30942 22799 18520 9394 19325 6975 4951 30808 29033 32826 24650 21206 27815 22870 11033 22575 23714 14170 24070 25277 13580 23734 14458 17087 19561 10509 33059 9108 15275 7499 477 14325 32895 24113 26954 20990 32095 14914 29550 16151 39351 16349 21921 548 18448 13984 28230 3974 6493 38751 23007 19139 32763 3564 23819 19457 29266 23297 6948 18037 29928 35631 22757 30068 7085 37735 29919 17631 13243 39341 26280 11629 21061 4513 30651 16318 32125 30493 10107 20739 1288 14122 17082 7679 37066 15386 8893 28206 28596 34199 21406 25401 4168 11961 32515 6360 34216 6579 19621 14452 32381 29138 17961 37770 31248 25004 32931
17865 25960 3091 3584 35054 15048 38002 13142 13848 17762 38786 33155 26244 30274 24619 32419 22439 35551 18863 16706 30153 1498 35872 18694 29918 32808 27166 36175 36522 9766 24212 33377 22952 22378 7649 18320 18579 9170 39205 36315 26713 576 28458 1396 31457 15327 17005 19611 36525 31934 34549 6217 22293 35496 9257 38577 25540 21505 33974 34461 36636 2441 11181 8588 2969 14600 28833 17714 26421 37767 19547 3771 20443 27442 22750 17292 11078 4711 3456 28018 6968 7929 23902 21964 31412 34481 14656 24897 20029 2580 985 6476 3844 18164 15635 15002 33112 11089 10223 9384 34326 20898 28133 23425 23718 31980 31094 15106 26901 2534 7763 20303 12513 3284 8430 29132 39407 93 5427 8701 27821 33140 29689 10345 7730 30461 10667 36469 11105 33410 735 20963 3988 32903 23713 24519 9027 32641 57 6373 27107 154 11647 15201 36787 24908 26434 26962 27709 23124 36722 35072 35026 29736 4714 37927 4106 4785 34864 23911 39852 30798 24765 7191 28841 33618 6635 16170 31531 21635 4998 19971 18046 22742 23368 510 3492 1837 34645 35789 38934 23717 31130 1659 34908 2400 1629 25612 1134 1526 22283 12795 14837 27422 2636 34221 2625 20836 11886 18529
18444 3623 33805 35838 3561 25412 16784 19678 37850 35465 28015 8179 5775 2628 16589 20960 37645 5421 17933 8134 22096 13032 39515 14657 8990 6745 6391 21767 29618 16898 9538 39503 28839 4128 37324 24528 3788 38514 18751 36008 22199 25450 9767 21037 24213 23125 979 18586 303 27484 10970 5322 30739 37351 19792 11117 19731 35511 18505 32739 13279 4013 7131 35405 12240 16429 24776 12936 22971 17336 32802 33987 15200 3742 6237 7412 28022 30741 549 31369 5784 18993 22185 22525 39557 10546 30367 5161 1913 16537 13087 3550 1350 833 1508 23590 5183 19818 19343 489 16424 35851 17573 38094 1690 1419 34913 21598 5607 18540 2706 11775 3057 11060 1671 26531 31285 31685 14098 18060 23261 22647 20712 29491 39129 24333 19004 16050 30018 9217 16203 36301 32987 939 9173 35396 14480 30636 21960 37383 12984 6989 28493 3952 27690 10003 31649 6270 27903 15308 11081 22442 19787 1897 11058 21350 19973 34090 8216 20193 15094 25201 3923 14059 6578 21064 4134 12630 36673 39292 37092 3996 9107 19695 39871 29682 14911 1259 26333 10359 26267 29868 4474 13502 13386 5569 33931 24452 4607 35626 38881 8029 31333 14149 24072 22704 36137 13421 21150 1712
11337 32636 11543 23043 29805 16922 32374 31065 14 17857 21794 28028 7285 36797 12083 17045 29273 9662 18342 9090 19476 21698 1806 32014 28185 24862 33500 35500 34393 8210 23237 31249 31767 29473 28207 24659 28491 29662 16498 34080 17585 2085 26972 28504 26164 11704 7417 36207 38978 32749 21135 30715 18650 13500 3568 2542 13556 7995 22422 7848 25784 28005 13108 24019 34371 16187 21645 1933 14993 10990 16905 28387 18465 19034 28708 14645 9948 7023 2575 18044 4697 6322 20015 24978 8560 8436 9845 13875 6611 16065 13947 23683 24220 4625 19940 18011 16155 39757 25613 15905 38948 14871 28055 24198 16511 923 36126 2689 27583 39940 29573 16195 7186 19737 20720 19275 33039 22948 29556 15851 17876 20365 6595 11571 5918 16017 3058 35251 732 18777 11249 3451 21579 6597 27521 25745 36891 38957 7002 10499 36789 25741 2691 30702 13962 39007 12500 24147 24504 16698 17233 30747 16251 34198 1981 6172 26560 16532 35438 13986 24477 24038 2482 4510 7467 812 9165 1931 11255 30861 32960 35768 31290 29816 39452 30684 6869 22355 18350 18307 37802 8131 21537 24396 22562 11419 28580 5153 15536 25086 8168 14717 7120 5596 6010 6273 5100 17461 129 8896
10265 33881 4844 512 4867 23137 37869 17025 34988 28820 6809 28735 29206 8874 34045 11066 26494 22774 9425 31802 19434 19883 10258 21355 25759 8980 438 27504 21969 22329 15183 17520 38328 9781 2363 16311 27097 30189 10126 25725 17101 4516 447 24499 31133 23303 6606 10400 13267 7562 31943 28650 8145 28380 32252 1569 22279 7413 33829 32411 18997 18177 10386 32463 34834 24854 15290 39067 8507 24121 33612 1504 16531 37550 13310 7678 14999 24570 39051 22754 39467 27387 38585 911 13897 29741 3312 38119 32362 9664 14257 5666 24123 30255 6291 25900 9460 25788 28091 8824 9765 1181 8208 5875 17966 36739 23677 33804 17751 18047 22796 24290 31923 7103 27283 32238 24248 17466 29560 11112 22024 20779 31009 23330 763 35041 31052 21546 18786 27852 24562 29180 12268 5925 36747 700 24446 26297 1208 18789 8758 36688 5157 11463 18262 7564 35999 10076 6407 37659 13208 39839 14078 20790 26897 14819 38105 37391 38349 39131 26128 8897 19286 26228 33139 25326 4940 32550 32162 2164 11232 39762 28208 26896 9947 11442 38139 6032 30799 11430 38261 24548 27199 33406 27299 22959 24700 2156 17113 6168 22520 22371 23557 16454 34077 5954 18843 30517 30759 12261
36046 18428 31973 37599 535 30779 17560 137 36548 7461 9129 15108 1445 37782 26182 3303 19146 30682 7313 22916 26669 30454 20184 7179 2242 21763 20801 5359 20508 4880 3768 14579 2794 11178 38214 31181 31918 22358 23009 34860 10251 2127 5599 4001 32004 37932 1954 33457 15831 35534 25661 39287 14002 19862 39970 13079 20110 4085 13872 8639 2501 21673 30100 29587 16255 22395 8882 23693 32422 3367 18914 28862 20611 26616 31272 11436 27943 25921 10270 2343 25746 39678 34965 26775 37033 25519 37912 31940 33919 4101 37497 35894 19856 13277 38897 20146 29867 37535 4057 2940 22995 37986 38677 33162 15624 24518 33026 30121 32757 36050 3705 5308 38085 36191 23688 22318 28229 9293 32131 7691 34285 20237 16819 35987 20940 21295 5905 35148 37913 18251 23949 39595 6759 8050 2749 6923 29940 17425 94 28341 7513 13371 32783 1078 14991 6700 17436 19189 33794 4765 13488 30871 18870 1264 37396 10280 23854 38304 21313 10296 20199 13634 1440 6025 38910 34128 1797 14474 9771 22707 21326 31493 20783 35257 28023 25989 31874 13765 13025 3545 9981 5693 6084 13300 91 32542 27191 28831 18217 2152 35228 21303 14797 9588 4081 19650 10013 38613 7740 11045
8151 24166 11024 17855 33153 32566 25031 17920 12811 34471 13838 9728 16401 19322 27103 1283 22402 20061 1758 28781 1903 9516 1253 10726 17722 13595 953 9085 26570 2596 10582 36816 15724 1879 17313 31770 1568 32713 7164 30851 36438 24849 35367 31224 39981 17259 38737 23507 9902 38620 31931 3600 33629 29722 22725 38321 35450 26256 11613 5672 26498 8 23480 33234 32926 9467 27151 15944 7657 20220 30415 7007 36896 21222 36250 2192 25902 31977 7064 32268 24390 27889 24250 33530 21415 18853 19477 37785 21879 14659 33693 35925 19137 26924 26642 5377 20741 12074 34413 25983 28260 38987 9141 16280 19834 4092 24204 11909 27867 11302 39414 1183 9178 12524 30214 30981 10377 8470 36361 2740 21990 36847 24061 26098 37635 14694 20785 8842 592 19606 20345 17433 27204 21847 21231 3633 7018 27180 8135 29514 12726 34550 3165 19022 4089 14123 883 1481 39641 3714 10754 20168 7337 20603 9836 3741 233 19718 17817 14781 11395 13546 13246 6887 33816 23766 12230 2487 6245 11118 12178 16417 24421 31627 32155 917 17017 35882 24665 13504 25172 22706 28435 39148 23433 7409 39915 16773 25888 38653 35627 19240 18684 24752 2494 6087 6505 30331 8545 26749
11558 1741 37244 29932 7027 17776 1673 34828 25754 38382 2822 19445 3218 25442 6643 14765 4265 37722 37842 31511 9134 1088 8087 15683 32497 27816 20118 8919 15285 28488 2966 8763 14225 3472 2612 14567 29287 8340 13784 22417 17849 19893 11624 10904 34851 26768 1680 15857 18643 5594 23504 37807 13136 24760 7573 11947 21678 10198 23758 35233 28006 32893 24724 1324 2585 9968 6614 11895 28181 30695 14181 35480 16292 8091 20533 5205 34009 25811 34214 17878 21122 5353 21466 501 5432 2971 5214 133 37923 15945 6897 9552 35083 9729 28695 31661 39778 19996 29142 8798 31612 35448 36059 25080 10224 3029 9365 8760 12710 32899 28883 30041 10865 27333 819 7234 2234 21223 32625 34203 14227 16354 32165 13687 15579 1808 29516 17533 36560 10712 2232 17821 35775 25249 27527 13201 15090 7273 30806 827 31888 1590 10179 33765 339 19507 36917 19520 5810 4838 36428 15971 8273 27993 22474 32580 2076 12256 328 18848 22740 32839 27925 15496 34589 31247 2371 35202 15318 37167 24340 30746 25637 17771 19852 29110 12911 13453 26476 18234 1946 33874 33103 34564 11583 14217 39456 13470 30335 7184 6266 22666 30460 37786 18304 5992 11509 3779 35314 36670
11462 22323 31982 35393 9254 24006 28716 604 8998 21582 33872 16421 32030 7030 21735 35489 10079 16348 21988 10043 33452 25501 35382 39823 16846 16794 11788 26287 34884 29188 1276 25517 36828 21185 32078 30992 22263 9167 4263 4140 24938 26408 37866 22438 26953 23547 35755 9961 39748 30480 22945 29914 37880 33388 24228 20517 10190 23694 5190 17525 18572 14815 26515 8622 2453 24359 31303 21523 18645 23639 21694 39151 2222 22483 30472 31857 254 18731 35101 13621 21759 10737 29271 17976 37180 23654 16174 22600 22408 20235 25315 23151 26134 14503 13833 21031 25035 15550 36272 13649 15079 550 4895 39807 27069 17702 10841 23728 25321 6713 12329 22394 15173 22518 9865 3958 32316 7768 19999 32240 20579 32428 22664 5546 11968 12659 6587 2345 12062 39447 8312 8458 16705 19396 19750 9237 26207 11474 14333 29869 12205 35065 38519 24169 17107 32504 26682 23400 6577 20844 18669 37013 35015 26848 26763 3442 23113 27841 19091 28477 24240 33124 20819 11160 22502 7176 11489 8877 27222 8674 17886 34138 29583 12180 34681 9522 34061 18390 4571 22793 12324 30833 6920 802 31198 3063 687 25426 35628 6852 31748 190 12885 30989 17249 13941 15709 29847 2520 27323
16246 35642 23031 24104 5146 26442 10250 36316 26507 36767 29465 10846 25366 17991 14112 7913 31380 19615 5535 35907 14699 34049 12335 3334 32270 11970 35524 31114 26096 12917 34342 30904 3380 14212 34455 20831 18839 20391 17508 16369 21332 38682 4156 33159 38440 34747 28001 4449 36053 17840 11300 996 8737 3748 47 24361 30679 23661 19310 4781 34253 25400 28213 24186 16007 14021 36542 9807 7163 22363 32257 7846 32462 8415 16732 15468 29145 37364 30894 34728 23424 585 22476 4924 29782 3207 43 16928 30551 8038 5766 9255 11823 507 4363 23973 21885 15051 18635 38276 3148 32424 4852 34529 36172 10412 31880 14641 5232 5160 31115 23585 25600 9429 27553 17055 35109 28531 31260 3320 27922 22807 20515 9094 7399 36345 32591 39996 9008 7078 5640 36262 38633 36434 23038 33126 16316 33752 4215 15220 10868 1910 9817 23077 7769 36584 18204 7056 14944 39312 1018 25634 8837 6529 4888 7221 6981 38263 12210 25447 16900 31722 37296 13027 27988 13828 37883 4786 14449 37990 5282 16581 24513 16554 26740 9124 11174 33713 9193 2133 16911 7895 9609 9821 557 15930 7288 15786 22133 29943 21 11 2190 14380 2257 39082 12582 26011 16034 14229
13957 2680 38259 16396 6 9172 23286 37354 23269 22699 23788 3056 23183 19029 34076 27760 8374 34135 13999 35605 37103 87 23874 484 37749 26365 10728 33720 39857 5602 7892 32737 21101 31118 38053 36866 26648 37720 38518 35046 12142 4777 22631 25861 22940 9207 8353 1828 12760 23615 2258 21708 14967 28124 39273 7735 14478 21074 18614 30620 3920 8523 33267 5936 34277 28011 14382 35663 20203 35208 7476 21544 3296 34568 4080 502 31484 6122 7304 5567 1025 16849 14649 9292 11969 1596 23750 3693 38340 1059 28335 856 32691 2544 20896 25481 29521 33534 12223 25210 39063 8747 39661 22634 33899 1936 34516 4007 26649 34822 39656 12709 8979 2387 37567 30361 35854 14401 37699 2870 31323 15320 23175 38784 2201 19431 857 29900 392 13642 8013 3949 25593 31725 14652 11447 16647 28273 23752 33279 17390 17010 4395 30953 30988 7658 6520 16395 1831 8180 35414 9316 39836 11677 5068 34301 19150 12975 35739 24505 39377 11937 15527 38690 32034 12611 16952 16970 22114 24054 17897 3526 4508 29445 26526 23123 24545 10836 20620 23568 24465 4356 2223 25023 33476 14142 15538 10526 2808 38488 20654 36098 12036 3613 20082 22894 31551 24035 20320 38515
13107 7692 36599 32404 20924 10310 34452 8189 35855 37050 16245 14744 12043 14215 31187 7617 3618 14017 24817 30387 19366 23625 22143 14368 24350 32628 25950 14662 18048 10944 5606 13364 35090 2398 25526 15499 38003 23181 5915 1795 34120 13202 6749 32500 32723 2987 13835 24142 11211 37406 19386 16611 29314 13274 24627 19094 27497 13899 26646 27696 18460 36833 21548 5953 28485 16259 9545 36520 10269 33957 31897 34484 4540 8325 12943 28519 22967 25776 9911 25295 26842 28682 7351 26803 9249 14597 3469 16441 18474 17472 9887 16194 31317 4044 38138 26933 28019 18623 5993 24100 16015 35520 33433 22884 10187 31423 17493 31937 18998 9937 34742 29379 19863 36591 4297 78 36224 17641 35654 1427 4934 9426 14904 16121 21647 15097 13795 2114 19389 36686 21090 17385 4700 29147 20902 26482 17852 4420 35456 18175 17794 22018 1101 8174 32144 338 23157 1435 8615 19987 11279 33603 13883 11164 13098 33803 18073 34574 36545 26874 9058 16117 27487 30046 12602 24335 2083 755 28811 33696 18199 34257 28955 16338 16797 34690 4287 6821 22736 32186 18748 18315 9314 2775 30 10301 10457 34331 4086 17823 20133 2834 37036 13392 9611 4896 17677 35426 36992 37627
1478 20672 7775 29101 22710 9298 22436 23860 2924 11710 35805 17672 36718 24062 39968 14956 14746 9042 11608 4218 4567 28990 23058 32990 29992 24392 31395 38353 6638 8373 11327 21663 9989 21543 30763 34339 28413 23528 31404 7547 35554 7670 21381 29081 10535 37821 23414 36299 19656 32314 31175 6490 12797 21267 14750 22258 27913 24032 20370 22400 24563 33864 1470 26631 28706 6299 29361 15067 28367 28778 8487 17688 33706 31071 24802 25015 34320 25394 3309 4437 31938 15399 3153 10538 12986 13303 17955 29363 27758 10554 35689 16798 38278 29879 828 33023 32202 1599 14905 601 17203 18952 7482 10948 35473 29895 20542 17015 29126 32476 38474 6120 15484 17689 39640 27525 36546 1574 26383 27872 11874 7274 6293 9068 8498 3004 18010 35647 4325 270 5451 4822 26934 25411 36604 25441 19955 27409 35670 25990 20763 34054 36403 26382 34283 20218 7214 23900 3298 24020 31924 33171 6585 30433 24453 30736 33710 2000 20254 10391 6930 578 38831 6537 30945 18127 31109 17400 11861 16214 30655 24968 28436 32704 24408 31965 19152 3657 15260 14800 37896 25679 16475 14301 13492 25885 37596 32769 34235 27253 8123 5697 35514 3715 34735 7008 38222 26811 21768 1890
37597 1915 5260 37316 16317 23632 5345 7469 6049 10371 20670 3185 39897 2922 19540 35960 8063 15719 39477 16161 37829 9738 13455 32498 9273 26499 26923 6456 18159 1561 1098 14459 8587 5013 15715 21554 26680 3076 11411 23782 25000 31046 32242 28203 12171 7859 33743 9720 30780 22051 25865 36149 15615 12527 31105 31689 9201 30060 11835 17075 529 21835 38236 3919 28457 33447 29628 15555 35351 16515 10644 32877 19923 3560 3313 7385 23056 4663 15112 36778 22330 36192 18527 7661 6242 21081 12132 146 38942 19823 15163 27519 36049 37246 22057 39472 28743 14453 17648 28555 15486 5815 19877 7272 5781 37848 35258 25333 35139 36184 22965 22339 9074 2781 8129 18099 831 3005 15637 35173 16950 34224 17541 7305 17550 13874 7349 26238 29639 26028 26545 11749 9164 29123 37898 15695 4507 34338 21712 32760 14353 18595 11071 35757 2579 23907 5981 2867 15437 11182 11494 30351 18967 25153 8197 17814 19006 5233 20834 17372 31844 21203 21012 22130 30528 35634 13945 9509 20247 39490 31375 3804 9339 19542 13033 8526 36206 37164 13691 35087 32716 8449 21092 5118 20800 39083 161 10824 23467 39522 12603 4289 6481 26826 14876 26807 36245 126 16016 37858
32248 8585 9699 25993 11949 21438 19964 13405 26308 25731 11349 4144 20462 22088 29125 30776 5235 3254 19122 34658 26469 27149 14174 11860 19871 18504 35564 38419 36936 36869 5717 33781 20304 3855 28205 7444 30337 21463 31580 6608 21771 10792 20078 30742 35352 16935 30329 20529 17256 12028 37583 32460 20448 36369 27593 18689 39742 701 4790 25847 18755 16225 29906 4093 1446 3226 2719 21983 6782 2866 33043 35256 29899 3085 7601 2336 24430 24773 38392 28352 31158 17908 10732 27240 7888 26963 905 26700 26346 29133 14338 37318 20905 37865 17942 9159 21954 19455 26302 5979 23267 24422 23106 17050 30723 24718 3605 36968 39637 806 20339 2850 37248 25259 32414 15732 24328 2329 33842 21269 29335 39345 27918 3726 38327 31781 39060 19451 11491 5695 18626 36472 22654 26100 22110 14522 32130 30795 16109 19754 28562 17922 35898 26124 14688 8750 32430 8605 5856 26745 22146 20123 5202 30598 12176 8060 35485 17954 22236 3581 13629 3762 38173 7780 35486 25472 21308 38719 1093 33490 25835 188 24996 5424 14391 472 22672 5768 38992 21881 8229 9398 29877 23447 30265 27079 18281 16043 35956 39709 3194 12496 8245 7485 18793 25359 23588 22984 13672 38292
27531 29047 19608 22478 37681 22233 29013 36281 36416 651 8061 6098 22179 39580 36934 8455 23372 2532 32111 4473 21736 25838 25587 38077 17755 10130 29501 4536 31098 32517 9677 14221 17879 3167 19828 31904 20260 14502 23053 24976 22527 8753 37717 32207 38204 19643 24573 1157 29822 16895 38867 25027 28002 23386 39512 18628 27921 3184 21044 16101 10180 2151 22958 14855 7477 27805 9712 22042 7501 15647 32562 10808 17888 38275 28710 20470 1489 3072 3143 12361 26294 38802 37562 12573 25276 12258 23153 24473 38534 14653 1792 31088 9616 16029 17188 3449 17007 20521 18722 8260 6099 1542 25046 39288 18144 20942 2314 30870 28000 16643 30689 22914 36171 7093 35415 2512 28179 33225 4860 11866 30204 30039 3464 7096 3272 35203 16886 25710 36423 37004 10674 10625 28645 11237 15886 25021 24931 26349 36938 24551 7651 8757 5559 33067 11073 7907 2925 22165 13041 8372 1708 13375 34634 24925 35104 8220 4359 1662 24723 25091 15261 32916 17416 2582 19441 32490 34962 34010 31979 34856 1705 9214 17741 2989 17666 16236 23148 13628 29603 106 24033 24661 31023 4238 32884 12106 20127 9925 16996 26510 23168 15444 13209 10521 13467 7814 19504 21124 16829 35817
21144 9180 19444 21834 36054 14280 7145 32332 23233 21471 20222 27110 28514 17725 29612 8915 16409 31594 9498 22818 29360 31691 25361 29350 3729 25403 12645 37054 17410 7402 17201 12615 38628 26013 32013 12814 15933 1345 18471 9301 2997 3098 35801 33943 3980 17596 35623 39593 25232 24814 14415 15790 14927 3070 319 30764 25215 10724 18806 33013 4264 11616 14377 25529 34208 14611 21376 28934 5230 3394 29021 15424 30504 26734 13995 333 6927 31959 39602 39159 36691 19017 23141 21586 1307 4550 14164 22070 13342 39366 32997 29037 17268 35708 26487 33174 10500 29495 8584 37245 33025 13699 31983 26777 13363 11289 35040 26539 13283 30856 22175 5375 1302 14303 3164 12834 3653 8054 12131 25347 9555 21274 6463 12622 22500 12870 30075 26793 32108 33928 1539 6590 19051 3891 2456 32402 3431 3943 8746 25621 16876 11566 18538 26771 18963 8914 31542 13446 16930 38964 76 33808 9610 11776 29660 7123 1876 6937 31951 34118 8196 11205 24474 36204 26971 24102 19762 18359 31739 19810 38129 3107 18396 1121 11008 8590 35974 13289 7533 11615 38109 26391 38240 28692 15510 7392 33519 14660 24244 6372 28343 19313 38491 28722 21952 37657 6558 6669 17981 32258
13144 3959 39863 9785 26919 32011 3706 39275 33241 24369 27665 3197 4247 34236 25482 3455 21958 564 19494 16602 23716 37315 13617 27843 1832 11800 5807 39651 19400 4025 18528 12626 21305 35253 5844 25484 2324 31318 36804 8772 24979 3124 26140 13869 4750 7395 13794 39837 4962 34267 14506 6997 2705 33277 90 38884 6091 12697 38305 29489 32177 20167 29874 36142 2953 29523 37628 31056 9388 9694 29183 5469 19927 26870 27916 28151 34356 24013 28573 33010 1813 4929 29402 1224 29484 1247 30360 1577 7690 31569 17626 10934 14667 13220 20325 31144 34008 14748 26890 14296 18327 36579 14450 32506 39577 14582 33776 35879 6862 33196 15653 8094 26663 36518 7502 30886 14766 9236 33784 32593 22498 5802 24564 34867 3792 12944 20916 783 10851 30321 23438 25005 25006 6610 12996 7810 8481 5011 12888 4250 22980 32027 2493 16704 35675 30777 32950 16008 27786 36740 22259 35680 3821 4797 22221 17570 8671 15662 32754 35581 17682 751 15405 10589 2326 21073 38952 11125 8571 4863 16078 26837 5718 2601 8354 31448 27018 677 28826 19591 36022 9595 12706 3203 34483 737 23315 9139 33122 22157 6267 21211 5253 24221 1112 18122 12181 4305 17119 14658
904 37355 773 34755 16877 38680 17141 12962 26126 312 15421 4154 38470 13029 25858 22026 23445 28594 39535 20699 32312 25033 2833 37572 30298 6287 9093 11200 21804 12983 26501 7407 2225 13005 39208 9973 22558 26375 39077 19248 19076 14979 19541 39969 10940 23301 14665 3225 20674 18856 10876 10541 17846 13112 12174 25548 8958 35665 2027 24249 22187 26355 13010 20433 2148 12985 39591 11535 13970 37591 22915 18668 39269 299 15654 20399 37149 22243 21661 9569 21024 5601 22931 2073 15645 22142 10282 10143 13120 19534 9934 22545 37333 19508 18112 22441 12082 25404 34442 12498 25296 31637 14716 24579 38176 25455 835 19181 22855 1912 19448 31156 10096 15926 31683 13932 15601 17863 38750 30028 36018 39850 16763 32531 3238 34785 35526 12060 14151 26274 2060 9769 12837 5115 30276 29127 6516 29326 21592 3723 31348 39646 33080 34462 4527 28715 3909 13440 16303 14691 14775 30449 10372 34177 4425 6600 21607 6047 2654 35306 16536 1656 12514 23197 25405 6702 35305 25801 29968 16491 20050 30501 37171 12808 25152 18570 25564 19632 1781 24288 34359 25273 24327 29916 4814 13587 6668 30869 16414 19369 20725 39216 37892 11495 22622 6128 2427 4496 22904 12612
13812 20347 39720 13321 50 1188 11936 695 15966 35923 33834 30300 18437 23594 19480 16098 8183 8604 25660 29676 1845 39542 1308 13726 20698 6297 6841 10558 24424 36140 6441 2620 22410 12931 14384 6007 18965 16861 12732 25221 14959 38039 21234 9650 26120 24270 17364 27606 32174 39898 38930 32041 30846 39988 27366 32149 3084 9563 9673 9856 14133 2263 32650 36764 27742 17403 4820 12419 8741 15972 14647 36716 9144 38097 1783 25645 8072 39079 1468 30622 32996 26984 21871 36627 28822 4762 10779 25584 16500 31742 16130 28409 25673 21230 13928 38127 24701 1081 11097 218 6551 6192 23393 28608 15233 27617 27986 31453 28506 9472 20440 34074 16945 8955 36880 38151 9696 31578 13882 36466 29892 32327 6392 1503 18991 9944 24851 32715 25695 3707 10394 102 16313 29452 19826 21462 18833 4490 3884 9524 17660 31566 25291 26502 32758 33990 25549 23737 26678 5210 18940 18496 2317 14606 17581 6763 32159 88 26051 14249 36449 12560 38282 28411 28961 16478 16778 28844 4011 6051 20330 15237 9364 7336 36827 2502 5295 16439 25807 23835 17034 34906 6434 21741 33972 18308 34907 13982 35656 3083 24597 20616 17199 23593 14738 24549 37286 7548 25663 37882
2547 2340 37213 82 36694 14364 20268 9271 9389 7015 1501 7050 7121 17510 17446 37816 35753 27836 20772 36170 2269 32688 20454 27819 17230 35195 4986 11434 21509 13862 18641 12373 11104 23420 25104 2252 31012 23283 21898 28552 2261 24965 11651 20354 38090 30101 18161 23194 39368 34082 26738 14317 21363 33208 10764 6908 18360 19922 1218 13804 29622 25235 36707 5725 32358 21996 17740 18928 27990 36865 33101 29197 19049 38161 9512 17214 11263 12489 27343 16041 22276 33979 35507 30900 16883 26105 19892 33111 24225 26276 11596 274 2052 37495 15189 13429 35883 6535 31265 234 32810 26928 16038 36608 32055 27635 12424 33498 25825 23515 31786 19659 823 28194 16408 37728 13229 6574 22287 30471 18917 21426 15888 6110 32530 16364 18680 28321 9302 9546 1473 37469 25580 443 39059 20305 2126 32366 32552 29989 27651 38000 6839 19941 18397 31674 31670 21901 16254 7377 11588 37405 5311 9166 12800 25471 34746 23853 30768 21994 22071 24173 15359 21978 4815 6394 17707 34555 32024 34921 3151 19209 37339 15967 27510 30812 15361 38885 21856 2537 17996 2604 36906 31439 25438 20580 11863 12202 21683 13816 1053 2421 30194 7317 36558 11896 1819 12253 36095 288
3970 37314 29531 18892 5978 12402 30257 20309 21929 3630 29286 1434 30013 3043 17770 26211 2154 31648 17279 25499 28898 24800 12861 25453 11878 21918 15593 2370 23240 9904 34392 11297 10149 10796 8469 11134 203 7447 24154 4165 21836 13948 1049 20967 9760 38892 17721 6197 16360 37094 16634 868 22115 17333 7981 32811 17854 37561 38530 39294 13322 35432 20703 15314 27363 1583 21106 27957 7043 32844 17499 35705 16830 18866 36339 24565 1004 353 15529 4720 18975 36970 17420 1357 34325 37116 25915 11218 1805 20606 39313 16438 1021 30284 19548 24329 33935 1412 34878 24967 32409 4090 35760 12580 32449 18168 7625 22415 3315 39677 36030 2373 38106 38692 37733 19105 27982 39087 2854 11689 19381 23002 907 18479 2318 16916 12836 12825 13793 31502 14113 39899 6539 11898 704 25627 19427 9892 6865 5538 26876 9713 11070 26447 25894 21766 33099 8188 3528 21379 29080 28697 12322 433 12719 27729 39356 27241 7019 18246 10168 17761 4123 32582 31896 19233 30315 4656 29485 13503 23935 38941 31953 27868 7541 24754 18085 30076 15452 29441 6365 33949 39301 17773 13435 31008 11136 30354 424 29641 991 19537 18616 9324 9819 38238 2652 23023 16372 11173
39588 13284 12676 20072 13613 14965 15271 22670 10831 25469 16570 16718 13161 23489 31712 28665 9459 9135 34150 38696 10572 10987 34367 31370 29128 12044 33642 22986 19353 35201 3444 13360 25854 4564 26064 25332 22934 21639 38084 24656 39530 11108 6800 34721 6786 32968 22875 33156 20848 13608 37551 16420 25136 5404 16261 25018 28351 36664 10340 17522 21320 15331 25470 28323 7000 38379 24501 7509 16597 16801 27332 14372 37719 30495 37996 31639 11549 33081 15621 4179 10826 7554 23248 32571 11640 6201 13716 4219 3171 5525 13066 20263 16860 2603 11587 25711 15589 18676 7438 34624 6363 15066 14778 4967 4610 37668 23274 22513 7422 33988 4077 32921 27547 374 388 18596 30312 659 29426 5884 9608 10164 15492 24710 34831 19491 29342 1215 23115 35604 15646 6167 2436 1641 19646 7532 7817 13413 14430 24307 10900 24149 25648 3512 21345 34254 3036 2690 28132 37047 7716 21082 34091 2881 34377 34108 23817 17995 11838 11458 5130 22015 9578 23560 36655 21193 21625 28801 31147 5754 29751 18716 39829 16671 30432 36111 14590 31437 26573 13600 17767 19074 31558 7755 39285 25113 31621 32533 8864 10800 29247 28112 31508 4539 6580 33164 13348 16028 15174 15549
22837 9102 30343 35286 1948 11952 24806 22732 37444 4942 16212 30724 28450 11686 25923 9822 1116 717 31707 20080 22231 10104 16141 5910 25116 35166 24434 12966 5084 7727 34226 15802 16609 14379 20599 29672 35932 9056 36070 16183 12637 39749 29503 30396 37594 32189 14457 2140 18438 22054 26158 22758 3217 12905 6718 37908 15031 25293 21277 31887 17927 17077 23285 10139 32732 25464 39724 20349 26339 36623 30705 23690 14471 7920 28785 6215 35842 1697 14576 3027 14056 1331 8031 31684 17765 18324 38384 18745 3141 14615 26260 8673 34027 17526 5224 32326 22207 31885 24730 8068 3689 35538 27514 1433 4185 37477 21850 28728 38674 30095 32310 31500 13425 6885 35717 23698 15665 14081 10037 31204 9283 4103 4346 37215 39975 29474 16547 20894 3170 3817 38863 26654 16264 8525 21610 23847 27186 7575 20668 1779 6264 122 33002 29065 5123 14011 6725 38219 4296 17043 37769 32102 37344 9746 26037 17935 12918 4273 18305 35822 1824 28740 36659 19614 14137 19634 5651 18263 22735 13562 32610 34650 16288 18235 2129 37091 35265 11018 33287 13447 8838 17812 27664 3829 39731 38479 25066 27491 4789 6211 21860 38536 35293 28178 18426 21417 34094 34335 3899 26580
30392 8969 12299 22791 27037 28137 10392 16412 24642 31112 18056 37539 30263 26555 36855 27939 30647 29954 4020 7500 38254 17970 15830 27312 31541 17219 29941 36589 2725 162 39879 19569 17972 37102 25099 2433 26196 18691 34016 25364 26175 34191 9750 5948 14417 19779 18218 23037 21130 38326 33741 18043 17987 25583 16747 38887 15054 39100 35732 1360 22217 16657 28626 5250 13324 39657 2986 27349 16075 9669 18118 37592 11315 20717 5128 9787 26670 5812 16215 5587 12257 21522 11364 33553 8074 30545 10567 11388 25691 30198 31495 37465 6234 2686 14166 25590 35532 21600 12429 623 13094 10534 4572 27936 4980 18926 3562 740 37407 32361 6366 20396 33924 18580 21762 30270 16373 17475 6664 24332 12134 23359 36387 35610 19641 9274 14637 1317 33144 29130 20401 35637 37764 30004 7734 872 30140 4478 21039 24664 18759 30390 10697 37641 25743 8621 21133 29026 15726 7388 18162 15355 13809 31192 22728 2713 28342 24071 15223 37097 6000 22228 10402 18726 20563 12727 26751 7695 16324 13989 37137 13357 36269 28357 26277 33923 30573 21147 8247 15935 16628 21094 17142 37117 1290 34881 1487 21556 5480 37981 37000 32925 37428 2905 10293 3837 37322 18409 5508 2499
35475 3966 37797 23934 36519 28219 38874 39262 9422 5357 28182 9668 23273 27358 38768 2730 36220 15754 33851 37348 38891 23542 32026 3896 8884 20954 17611 4132 6444 15581 26887 18832 17120 2043 37409 33016 20145 9053 24097 39497 13814 19177 25237 38325 15648 29597 25972 36158 20493 10497 26760 28669 3127 3186 24371 33437 29204 33929 38080 11910 29947 9593 39320 11010 21547 30010 38311 23211 27202 26621 36147 27111 36514 7632 21204 2216 15569 29843 15680 37422 20306 26861 12624 22972 23344 25313 28319 24266 26216 15104 17423 8395 23457 7293 23456 2275 17566 38787 18735 6298 32551 13379 11041 16564 2546 31587 28705 37076 3035 39680 18386 27724 16044 21110 4199 5448 23278 31393 31211 4255 13737 24906 32746 25823 15001 23729 12656 5306 35031 23253 36972 9110 20743 1661 8506 25281 37006 8650 31994 33554 1696 19990 34404 11274 35232 28637 20975 36987 24812 30491 12778 30024 27706 39594 20333 23738 10695 37995 14121 18974 24439 39459 35709 27693 3429 1973 27886 37288 10484 27147 11601 24383 4350 1834 21314 21569 23567 1516 6026 8902 24139 30699 34684 32378 22425 3797 22039 23413 26078 38877 26821 28163 1746 4029 8045 28556 31757 26796 19284 20426
12333 28256 7718 20057 25999 7480 2858 16760 12084 39423 39653 13028 24654 19372 22567 3719 35527 24975 38635 20212 9698 21217 27058 15767 5045 20093 37834 3190 31433 15187 22662 1570 12487 38642 26888 11998 38714 8296 22811 36849 6003 5870 439 38643 26179 34955 19994 5207 12619 34346 39660 34637 13609 21591 10051 32352 30474 16782 25290 29461 19273 26503 17452 35577 25608 8497 9410 36062 25859 37352 6662 19896 22644 7333 17795 32998 20484 32124 37945 36131 2670 4038 22191 38410 16012 6376 5495 15160 16081 22467 38505 36431 33847 20623 4400 8084 36946 10495 36617 39862 17129 19460 31582 13977 33977 4115 5751 25883 35698 18671 11077 10490 5066 32861 22521 21521 13622 23892 31081 4310 12004 6127 37173 33161 32114 36357 6593 32203 17306 18603 1756 826 19953 19303 7284 9667 15179 25880 19236 20527 9575 28813 517 31376 2511 2904 20798 14293 1624 9117 22126 27394 9356 8125 5669 18416 13135 22530 1119 15885 26023 12547 12913 32656 28146 16066 3578 37992 34217 16132 21728 33884 11022 15893 694 3621 9998 17818 7364 825 35896 34292 30717 31636 2903 28269 24757 36243 38842 25658 38602 13879 26402 19854 17051 27705 15642 5746 16572 10124
19830 29938 23867 15288 8593 1980 10847 23013 3662 9049 33625 4446 26116 5860 3228 13961 13119 8056 27851 30325 30552 12117 1263 7505 35078 35474 3524 10838 38562 19449 5138 31859 35877 15599 9634 22625 33486 10240 34916 19047 31939 39120 24255 29589 27966 2930 9286 25220 4328 7143 30350 20707 37304 3021 12878 26097 34705 3677 37061 39984 4028 10261 14389 10006 8243 14354 38721 24060 22614 37210 11046 35734 18945 10573 5876 17749 33540 3423 2250 24667 418 3100 24856 8290 1895 12023 1260 20539 28923 10907 34530 37773 20038 10493 12749 19211 21259 20693 12046 38059 3784 8365 2898 35583 17500 25216 18837 23492 32067 15433 8027 35792 14732 3301 33547 26286 38547 34585 10337 13845 24128 13888 8107 2349 35828 30022 17701 17579 30721 14720 9366 17636 28709 36786 1726 8761 28535 5529 32337 30602 17032 34990 11329 6039 30341 2116 9333 11346 10374 35546 771 10804 27368 23299 39291 533 38821 7330 17018 20892 10570 7382 36040 8945 32958 27381 30226 22889 23500 11532 22322 11172 6483 36019 7202 37555 4214 38563 18740 8686 20681 26864 28309 18392 23119 68 8623 6068 19345 31822 6837 20696 10741 31164 38796 19521 39264 27353 29728 13282
