200
21241 20790 7540 5066 31219 18601 3639 3523 15403 31285 23963 34448 13934 21000 11797 18445 7713 16202 696 14219 19154 10804 15427 3248 29387 21777 36781 14347 20975 25373 22939 15991 10441 21039 20522 35534 4800 37847 36633 24632 18227 19852 8528 24777 12679 24213 37931 6437 19924 26649 15189 32787 33548 10566 15932 10636 14859 25739 26796 34003 23369 18981 35784 36816 23649 10561 23575 32445 21964 23609 36930 853 16754 10688 18020 12837 11089 25040 835 13804 8066 32662 5453 10073 17518 27963 10201 19773 27434 16730 27875 2770 39101 10392 24246 32701 23641 37543 21544 2027 34294 6048 19091 17030 12343 32023 33403 21570 2574 7536 7603 6430 13341 20557 22784 9527 25283 30599 22229 39914 32128 14330 9317 12582 31818 14076 29030 25894 35837 20440 13927 13831 33149 30519 30596 18374 11186 652 16834 38193 14896 21043 16470 33595 4137 5792 27337 4252 17351 16684 32413 34129 14823 19278 5937 5875 15689 13781 20556 7933 32331 10385 2933 32904 13231 12585 31242 20536 4178 12649 3896 1422 19566 7780 10183 23693 32567 28644 38665 4199 8739 9562 1148 25995 34925 38203 14962 25966 38055 26189 31459 25986 7743 27057 19378 27445 4336 28362 8653 39549
37375 24800 34929 26864 4181 19854 28785 30417 29226 37511 24360 24432 30419 8073 37445 8348 38714 30403 39061 37275 1074 1040 5583 3711 899 23050 10712 14324 32054 25884 11905 6735 25092 25348 37788 15885 33997 5370 3021 30192 9989 14236 33817 13602 28443 14535 31578 2804 4373 10193 14693 23626 12353 23021 497 978 39104 26604 7858 26822 4486 1817 4343 24721 23292 37075 5348 4507 10285 12469 22534 33592 8590 25680 19220 15666 3962 23325 33342 8455 18907 32669 23415 27196 9538 25408 9106 35672 12577 16196 9544 39135 34571 30592 19309 25997 36028 20674 23771 18405 19400 21030 24975 3387 35292 4032 35228 8179 37859 23836 4579 38478 8921 9594 16072 38716 8364 22719 31373 21252 37070 5177 8098 29934 13615 27686 19269 19078 36566 19910 2334 20303 20039 2138 3492 16376 36207 12136 6060 6121 19306 31415 24956 18356 36938 31497 14833 6282 36555 3433 18631 19617 2946 4898 12909 7398 27684 1541 14340 1680 28698 19589 18609 23762 13544 4883 14010 14614 21483 18743 16598 28458 38308 28983 4497 32568 30157 19868 4785 31804 23062 7154 2458 35486 39251 6479 4753 22683 20707 1178 14359 8888 28478 7458 8860 23087 19690 4829 13061 105
20931 294 37948 32424 20284 34882 20500 3289 11480 11279 28843 776 3063 7453 13425 37235 22850 20230 11908 9951 17198 8323 37343 8206 4356 15112 14974 29452 34523 17459 20111 27056 4080 15355 3454 28267 25604 24899 25704 404 19957 26936 21243 29057 32646 25152 10457 5335 27464 25138 19612 12267 11933 16216 34262 2653 29356 37449 31128 22116 1919 10808 17862 18007 12741 639 12709 4673 188 1548 32059 33980 35504 37632 26447 5629 31857 16878 2617 35652 3313 10623 19664 17713 38954 29166 28004 5745 5394 31382 20257 33444 11746 20126 32657 1786 32280 39954 8172 4523 38461 27588 35611 23076 39321 12824 36056 15613 20451 17624 3559 4466 18410 18137 28332 22809 19585 36264 4351 21412 183 6162 34722 17980 24373 703 16569 30705 6426 2246 13688 3038 35697 26047 19111 3047 32029 39597 25565 5837 30440 2365 8524 34679 26351 27671 22204 33543 1950 31601 33247 30642 29567 10510 6591 36809 17714 36836 20056 14305 3572 2300 27141 9126 6889 16475 21091 30433 15140 4340 1508 6917 25 2845 38417 6208 39009 18771 4323 9857 18511 5865 6451 28716 6427 27917 30245 342 36057 2253 37729 28657 15127 13714 1325 11477 10622 11278 36084 30181
18803 24933 31175 12719 32948 23413 13549 21289 15406 22977 16566 3000 22656 3806 5558 35890 33958 24015 23137 3963 14977 10080 35255 19348 17795 32149 1740 33675 15159 672 20272 37855 5248 21703 31334 1833 28359 28405 17069 5241 12843 5393 36603 10922 26686 34524 781 9007 7989 3279 18777 12281 623 38930 27032 8569 19324 1086 26717 29935 39810 13454 11690 25267 1243 28047 35143 39248 27314 18683 28176 26687 33920 35468 2869 31477 14270 16166 2863 13627 26533 7144 21105 21865 26178 15962 36361 24798 2205 31779 38028 27077 36584 24521 34046 37250 28712 27547 16107 7248 39695 29556 7835 37040 13854 28550 19848 39017 30991 26515 4628 34565 10495 15011 34896 4457 39643 21890 32065 13478 14843 23892 7652 15904 38450 15286 32364 27792 37606 25907 28021 3668 38680 11346 21790 9713 18736 34719 13062 14214 13599 28976 20268 34466 10539 38323 3278 4176 4645 24668 38311 27764 34992 32756 27673 35320 4053 19119 10613 30647 30702 1271 3961 8878 9348 8493 23191 25504 6389 29686 34807 20984 37293 1580 32609 9642 34285 10752 36762 16449 24943 9136 11616 21207 5934 39537 2573 24570 34338 6462 25545 30756 10659 581 25044 8280 17594 13191 36391 8669
25435 24622 36363 15413 16987 26954 6982 3043 35570 17667 2538 18709 35743 22667 32392 28210 14094 11888 266 39256 20128 18460 15947 38259 5358 27476 30791 16634 5767 38973 14824 24645 4607 12324 28714 39242 27912 11710 12066 26912 12032 8867 302 10706 12669 6315 11815 24942 27695 31797 33194 14229 91 22460 16588 3626 3020 35240 27532 4374 39960 32790 31572 29952 24920 30253 3809 27399 36152 7948 28609 6707 34886 24661 21515 34478 17872 30036 6568 20293 26703 35922 4350 27136 32103 33574 6548 15619 5662 24679 4809 23342 28827 23952 33628 8965 35 28452 25033 34548 5602 34142 2535 33112 36694 34424 6651 15776 37969 23638 22134 24965 11271 2559 33857 8789 21693 14941 21690 27284 24406 39295 35408 12861 34243 8391 17998 33974 34935 9062 20 32216 9585 26658 6480 7958 16427 11045 25912 35226 32296 26207 12001 13206 9894 6785 5004 33753 15250 6001 576 37032 29667 29419 26646 3826 35772 26070 9228 15115 3331 36156 19869 10515 15848 17012 13816 28631 39408 4917 8905 27128 39202 15931 19419 24135 8296 25502 16397 8730 9889 2780 34889 22297 11223 30051 31693 20802 30314 36133 9397 16143 21578 24485 12398 6930 32625 34318 28537 15934
15035 31942 16228 31824 27439 37306 29658 35952 17118 7090 22848 36417 26624 25743 21056 35282 32569 29846 2266 13518 20632 4304 22825 32962 879 34514 38541 14490 23475 5209 23098 35820 7749 36068 25560 14070 1626 8475 1784 36688 7011 3579 15430 23349 26454 7032 27900 38388 2622 39892 9868 2357 6611 16945 38424 8028 18329 35304 38564 27450 19948 30989 3911 38173 10959 878 3237 28068 18710 3447 3110 6553 20610 16341 217 16928 29038 37199 38071 10474 35721 39533 12415 5256 1573 20937 17844 11778 28208 33148 2843 13027 26115 39859 1873 13915 21966 22208 4817 28936 16092 19240 4332 28579 17449 16606 7893 36455 3475 12131 27089 37678 38060 17801 18142 36303 20625 4380 21108 31808 27755 37752 14072 12780 26294 21956 22066 11433 11997 14213 20810 2953 30252 6181 9943 24625 29399 22200 9945 11108 5591 4145 34960 2114 7260 12850 23763 25757 2957 4219 8674 8 23872 34027 11071 1649 35033 38677 38875 19003 12198 1107 6758 26124 32524 25580 23116 8576 24911 759 39786 37562 2595 18824 15487 9609 3195 1055 17009 15600 28112 15450 133 22374 22911 37372 24634 28244 30086 29613 5572 15950 4508 11076 21256 3582 6280 14488 22576 14323
23543 25843 17467 37933 34535 11771 37030 9604 36691 35596 4696 19492 17395 22337 26118 9967 4980 3346 38889 32575 26120 37263 8672 465 2806 22235 19333 18933 35758 29787 7048 8043 10649 18512 36069 35016 37191 30035 9477 6150 34956 17120 19071 15163 3391 14987 38375 8379 17534 4244 30198 24295 11658 14968 11950 19369 20953 8584 11842 32521 7688 11606 17652 20730 12640 11855 14245 25222 9025 33807 3694 7184 1828 6305 5156 27740 5732 24626 36985 12329 3947 23266 13036 30879 14694 30755 25081 19096 14955 29291 8448 28139 7312 18148 32132 21769 4073 22575 7950 20978 22436 25923 38271 2874 34402 28494 1037 22112 27294 25523 34635 29806 33541 34385 15687 4144 15194 36086 3888 20628 5198 7444 35506 9620 608 20765 32478 31436 5641 31973 24733 21151 39013 8216 2755 14610 29929 10411 843 927 36948 6741 18899 2575 27676 26866 37242 36641 12686 10097 31623 32587 5756 33083 14796 20791 11541 4140 7330 18491 33322 16879 14730 6064 10189 19510 19494 25285 8705 271 16578 9469 27257 26955 35329 11592 11973 8270 5522 24609 17520 33022 22753 36437 9498 26758 10333 2605 36961 14088 6692 18778 32697 19859 24771 35419 17180 39788 24518 4036
1365 6676 19702 28309 14781 13612 14853 1323 5264 24397 23551 21558 7115 17034 39292 25696 12255 31763 17033 6025 35417 15085 35507 27854 9643 22640 23404 34637 34481 11244 33691 20671 9963 35359 9351 36557 20828 34909 30948 38730 16480 5544 18582 8132 28913 18472 6224 20552 2435 25774 19016 39848 8818 27442 27277 33210 22568 36509 1018 34574 10208 2515 13805 18033 12904 8411 20882 1329 18074 3378 21236 20445 29954 8968 21691 12511 11831 32951 19488 22974 2438 24052 27633 24878 14269 17944 24448 23620 31660 28369 28826 22258 37689 9258 31026 30113 21943 37436 13595 5742 38936 5220 16766 30677 39669 17203 6847 28339 6051 14716 30611 29883 23899 7270 29526 509 24112 34022 762 15539 25375 19491 27170 30176 37888 11712 36165 16137 32991 31097 36132 15946 39492 4231 11718 29275 18847 4852 12927 14259 18057 848 6859 38408 11840 36705 21626 37926 12355 5195 6261 13895 10229 38065 33511 31270 30502 36074 3926 14026 8392 35858 39928 7703 34088 6113 3353 32093 21201 4000 16312 31156 12496 2703 30730 1345 6792 17725 12770 9143 31203 38651 25315 25131 39633 9508 9524 12285 10228 36990 30780 4051 13345 20905 23450 8750 22599 22265 8686 11931
7939 23576 5838 4043 24001 24060 19832 21615 3824 21154 36989 38737 10969 30853 2056 7569 14850 38319 21014 17164 35035 36526 29795 5883 3128 12389 22648 12218 20934 22801 5615 324 2307 39171 14924 22284 2028 353 32156 20243 16437 17428 37123 33009 24054 6326 26847 21319 39497 22805 2016 16221 37308 30742 6829 29835 27618 26110 36146 22995 3017 34140 4853 32532 32975 14743 3863 3156 985 33049 15897 26034 37949 39049 22985 4542 22921 38437 22778 33984 3519 22008 37666 19081 5897 23066 34782 9770 22382 35066 19831 20178 23538 18127 26384 9246 16349 8866 12342 34459 16208 38453 8813 16534 10753 22104 5666 31228 12990 6023 22715 23263 909 31994 38275 7600 3773 22264 245 12476 31305 30322 35459 17372 29140 24757 11899 7837 7352 2522 24216 20992 20908 6367 10291 2473 25112 27604 17296 38215 32422 11191 4813 29231 35601 7613 7106 26763 28848 19636 15806 31139 2562 21571 16804 18115 35017 2343 39246 27231 12006 27995 34139 38095 9347 19836 16612 3982 36905 21301 21447 26332 10361 5472 4142 9432 23485 14628 25804 39278 24429 21656 12334 13386 3525 12150 34203 22613 29728 21603 20489 25276 6358 15264 12769 30946 8675 4315 28043 4317
3236 10617 35835 26142 15069 37944 29241 17643 7912 34456 38184 19745 28773 34044 28328 4479 20075 9988 19074 21033 8854 1966 7026 31668 29985 9359 37585 37947 38619 22866 22279 591 30821 28466 7351 38292 31839 17260 9796 12564 6700 32592 3213 3189 39011 7005 30090 9172 31665 35874 27802 21642 28937 4958 37745 20914 16894 7868 24598 22088 29035 24342 39834 13021 32773 17367 8457 34533 20574 32834 38990 38169 21253 3486 15741 33376 22411 24892 25805 10855 22018 26100 10157 16321 36999 23694 13523 22260 33386 36287 22249 13402 39682 32337 7175 19332 34412 10633 5129 33021 24209 19682 5034 14992 18044 26535 14818 10492 1076 5524 23317 22457 33801 14233 4386 28146 6622 32616 21716 23969 4820 29188 866 15739 24041 14344 39951 5474 23553 7336 14419 38885 33016 33361 19174 13870 23965 39207 26044 23801 37547 2126 23248 24573 29580 14644 15494 25527 31402 11448 33076 27910 4571 6335 15772 28186 25412 27413 1275 28093 28485 5649 19762 31350 38628 5751 38523 32487 9046 24433 5920 10695 24494 943 18960 982 18818 36885 21639 24219 6755 20868 4935 23849 24176 984 18094 34703 15912 12729 26531 6779 5825 2639 2483 31430 38804 5152 30615 12516
32373 8634 18548 25389 26565 27911 8203 35168 37559 14258 905 21093 33504 12263 23332 19549 15201 6975 5468 19947 7959 10864 21197 35678 21423 39630 35248 21435 30158 22811 6795 2743 3746 24195 36275 670 14374 4337 26970 9442 10017 5213 10754 12740 2075 28202 3932 18865 18783 11678 27428 13579 31657 30067 12733 13576 23204 9174 5422 18210 26730 18518 11366 30015 17868 29446 35899 36716 22463 15284 10328 6354 2612 18768 28945 15016 16071 25214 7176 15685 27028 14140 7389 22764 38317 34311 30358 14800 3844 38038 13172 3483 21807 25620 30850 26934 15602 8807 9211 3547 18684 5668 38200 34409 20739 18116 21113 5868 13125 13861 15325 26237 22836 21046 361 28199 37162 38361 27485 34350 33125 12318 13850 4119 16218 39940 16582 37138 16455 16825 15837 14877 3776 25663 19170 10261 15978 30900 21432 7585 30656 27525 14692 38456 37930 28341 10105 15211 7233 3623 8583 18451 25676 28219 32937 31465 28377 35031 27201 9368 19872 13777 611 17313 439 8682 30362 1622 31963 23300 26158 9861 10892 12712 9365 6825 683 18221 22992 9694 12354 140 3778 3385 19380 33602 35160 33475 4476 12530 2462 12151 5501 24024 30797 33987 3320 5931 27124 10263
4104 12781 21591 3837 19787 16235 36362 28679 26108 39678 19899 21783 4681 22643 29523 2875 39377 4116 35265 21002 39029 20682 30013 32284 31850 11782 30610 17789 6558 16686 25312 21425 24131 1015 7647 7164 37116 16144 8060 33061 18796 33203 17918 27520 20348 30625 32088 38576 27096 18272 21658 14799 6015 24999 30446 6995 27328 20235 1838 7071 36374 26016 21828 14043 27333 545 12883 10445 34843 36320 36211 17564 1983 38159 33038 27501 35453 29283 7153 26824 23674 17081 12720 27368 6988 17860 24576 29532 12606 14793 34674 19481 8142 13557 24589 2497 16418 36573 30247 1591 30338 22856 20644 19837 17878 4750 37686 4088 3775 15661 2420 15853 37381 13020 9090 13881 17706 16493 27534 14191 22790 796 11750 27888 37079 22047 36394 19803 37515 1400 4195 36447 29983 22794 23615 11014 31949 27965 35583 23358 36005 5714 21944 14403 16877 23903 29362 10828 19168 10453 19706 28220 11473 37124 7013 12635 15271 9837 22523 2142 31379 36432 19486 27768 34987 16824 1363 25136 30422 9646 601 4318 23988 33092 36801 26265 8548 7961 28543 36256 8640 30317 24891 17214 37709 4102 13732 21652 34328 11444 35154 13098 1217 8234 21914 29598 6374 7166 37433 36164
13700 28264 27227 26950 24932 39595 22655 3060 2112 4007 8402 17529 33934 1441 37771 5171 24385 5157 28857 20742 20112 13198 14840 6139 27746 6941 2180 17952 34403 15110 20127 28502 9179 8820 3529 10372 35004 10487 20028 5777 16713 28177 1928 11796 33031 27447 11371 38500 5873 13056 5568 25809 1909 19942 23787 9969 721 8351 12692 4369 10931 10685 16299 20954 17558 8395 8310 3564 25519 16119 19863 24198 901 5826 16085 36926 25872 14775 34260 36518 11821 22912 10024 26010 15636 36851 9127 20996 12044 3018 15120 4887 39578 3194 1227 7250 17891 8786 32680 912 20877 27134 4184 7937 1760 24160 22835 33387 18318 14455 34971 29675 35060 5906 12326 12547 37932 27267 25172 5820 27159 996 2564 31206 6990 23304 30988 5733 39621 9036 29955 30306 38663 37816 27711 31356 20142 27202 23245 38389 10375 195 33323 1592 19649 9196 31756 5297 31220 17890 19241 37210 12625 6715 3766 8359 32946 13997 19529 34400 15640 4518 24299 29964 20154 2626 38042 8290 19539 33288 37698 27609 39208 25255 7450 27750 33663 13190 32846 34730 37090 18393 35796 18520 39263 15107 7109 37465 37296 11591 5448 9872 6633 38512 8424 35749 32125 35831 11002 3095
11857 15512 12379 13169 22681 31043 27621 7320 6002 2310 35001 38498 10260 39460 21982 28192 19418 535 30860 1014 28532 33378 28634 22931 13577 23239 38543 9929 36178 11382 34124 39066 30277 6393 37351 16690 1470 9523 18495 34541 10667 11472 2834 30856 29069 26748 16615 26309 38644 14884 32193 20977 34335 39896 19265 21877 16530 1004 38492 11719 9780 35277 25870 5322 12465 31126 29064 17407 25777 25432 30969 6809 16015 8989 27945 12519 20278 14127 4197 5180 12276 18418 28720 3768 24821 35827 39800 28958 25893 30188 2972 10100 28058 1447 12061 13307 36812 17400 35754 16867 12506 22646 26348 12688 7999 35705 30203 348 29272 9116 7473 18239 12981 19007 6276 4641 34662 24512 19982 8088 2985 6307 6908 36490 2803 33051 16083 27448 29296 37513 21947 9112 34862 29396 20601 32634 32354 14572 22392 6913 6493 30339 26415 23942 39254 5580 32094 11963 39972 28780 10428 39438 39509 37552 14717 17356 20708 34616 37974 34407 13830 21208 16415 8880 12938 17002 37602 30956 20332 15721 22140 27054 10101 6272 36255 28559 29122 32611 16678 33599 4743 28205 1882 21069 25067 1846 7610 8346 37500 33410 22213 16600 28474 24403 27705 10033 6065 18614 30690 37618
5345 33503 22221 13569 23752 153 598 8533 10783 32281 2695 23792 27148 12529 20416 4225 4070 5945 8915 39314 30673 12226 31780 1539 25193 34069 31068 31274 17031 33186 4249 3084 30070 25508 31599 28329 23206 30132 31173 3271 2419 36115 11117 33853 39502 39378 39897 38883 22470 38657 456 9968 37486 2271 13981 31136 7586 13397 3230 18470 13447 3404 10766 8932 17738 14418 3350 5548 31085 12056 13495 18059 39130 28742 9560 27383 7189 3413 21930 13750 29568 17792 33780 7125 284 29023 31308 1844 38327 35648 7761 11237 36188 20244 38666 23115 8156 37483 14953 34666 39890 10972 10723 27699 4227 35997 3168 16184 28666 8567 33029 22364 39975 13931 37403 31955 4028 908 15964 19968 17696 27291 18166 23068 10882 18579 38135 36160 7096 34618 38732 37051 35679 34336 37397 2012 39623 6298 9315 34259 39193 22685 11411 25740 19734 14283 30184 9327 22320 2439 13922 12051 37036 39982 1472 28817 37286 39313 34023 18377 14464 15579 18543 28795 33330 19744 28123 22754 12144 10702 13811 7264 33565 36283 33581 2841 36959 30122 28567 27204 25108 14939 7204 13480 25175 25433 6816 32992 22538 11587 30414 24841 33776 36172 29747 27462 8408 36389 36535 27426
15314 3218 5866 33257 24345 32886 20475 34347 30693 21185 33508 17531 15174 3498 341 15775 24043 36408 2447 13031 12507 21680 27262 30686 30908 4567 29118 35651 1464 13093 22859 35170 6 21921 18457 25940 30019 15866 3662 17838 18488 33755 36529 21211 16283 1517 36272 27350 16552 9324 6681 19125 6686 15669 2741 15849 27019 6268 9814 37537 1356 29926 31149 10464 30657 14087 9344 4443 9131 38805 24109 31488 14376 29333 21617 16762 32311 5405 11269 32272 24902 8722 29014 2918 22263 34465 30251 23572 6311 35029 37968 16330 22053 36302 30476 6748 3535 27730 32847 6371 7627 31269 4711 14066 28999 31647 6189 14178 33229 39054 39745 39243 9563 38201 34682 12242 25987 34944 5924 20702 3871 23478 17090 32640 18327 25409 19794 33053 22212 35933 27486 21364 13715 37523 23383 36679 9883 36139 14869 7432 19507 6862 1813 24718 1180 1955 37728 16503 27573 4693 26003 16431 10109 6872 21156 7522 11101 10405 36782 36508 11341 9027 19542 26289 39085 2907 34223 10948 22030 37484 7694 22207 24329 5643 32913 21078 20166 3264 3032 8496 27683 17061 18375 32148 18471 17880 33754 2618 7225 25042 31028 22514 24780 33095 22064 5145 17662 38572 7085 16024
17440 35353 14666 35566 12808 20093 398 32555 11729 20423 35117 22305 3732 7717 32314 34056 25766 2052 4331 30976 27530 10341 28781 6277 36495 31848 80 15467 34672 29718 37008 24430 18404 7103 36701 2979 3865 17489 8223 12369 38904 9627 21216 5287 13396 16259 15426 26694 35664 8665 30023 21746 30708 20210 6926 26188 23878 27842 32712 36424 39957 14794 5212 11055 7774 39361 31244 18630 15986 18359 28804 26456 32820 4512 30953 26896 5659 25014 25852 29165 15824 34770 2290 12085 10548 39175 28084 23136 23386 1127 16793 38141 33039 34063 29430 25061 18763 39649 39850 25957 28907 29142 5812 32856 11455 13917 38296 36760 8810 30456 20511 27024 121 14296 33905 20129 18258 2539 5689 11047 8729 11042 34358 27617 14062 27662 1841 37367 25930 32965 19920 13467 3627 23411 21349 23630 7362 4876 30776 34818 6757 39424 13436 22383 22733 31522 10793 10631 17762 34592 14533 13890 7401 5121 28895 24537 2252 20488 30180 892 30119 2187 32770 37892 37800 34458 3305 21411 30386 28570 26742 15605 33701 21440 1638 2401 36929 15119 25544 22943 34865 3366 8235 21258 14150 7857 9616 15626 19017 26141 20780 35567 16090 34716 16115 38104 3231 35807 18088 5804
21140 36740 14595 32861 34824 33411 17152 13233 25905 15288 31550 37406 15172 15529 21444 39271 8794 5319 31919 10074 32806 17896 33428 9274 2844 12775 6198 13424 3747 38974 9622 17100 13819 38707 35505 26670 25709 4217 28268 29994 34622 3568 32935 27122 11753 34134 35535 5495 1645 20650 13573 15879 26750 12016 8386 10905 29058 24390 25693 19417 30267 11463 14156 14798 22700 33400 12950 9082 38143 25085 5890 38935 30784 11672 37978 15102 39927 36912 4858 20993 21409 2670 39993 1766 14954 24226 29067 33101 577 32635 22639 4446 19867 30153 11116 36148 21494 13863 23208 19375 24484 4859 23923 36810 29798 20722 8239 25333 10222 32941 26427 39305 16206 29117 13827 7199 38176 32443 21142 11557 20420 6530 11684 21477 17892 1486 11286 18834 34724 13382 5619 11475 4172 28964 31495 37103 22695 8489 15226 7124 19155 31216 26238 19705 34233 22966 13067 35005 26041 16205 33523 23216 35064 30606 16446 35324 16648 23298 21833 32223 21200 8716 10576 24508 30427 417 36317 26346 1062 10741 11358 6362 21092 31704 36119 39790 7551 10812 5099 34389 21934 20176 20638 12681 22628 126 11144 29940 39658 25347 34138 18403 16564 4065 9550 17632 2031 14167 9269 7427
113 8726 32408 1848 20583 39173 35865 3745 26547 19230 34586 138 21864 28035 6962 1196 11299 21814 22425 5960 33518 755 8166 33209 9491 7104 39383 39906 31699 1728 9708 38241 10127 22676 12247 34332 20267 1396 33494 35840 31662 895 27066 28757 22324 28535 13308 13049 26920 15057 2276 17049 25037 38100 15943 17883 10763 473 34019 36496 31202 35357 37927 30762 21163 7194 12973 18627 31480 37873 24009 31215 16972 28705 18840 12561 32298 2309 36029 9296 12180 24740 17803 33476 21118 15928 22885 30843 15004 24000 34004 20438 33374 28840 15086 30572 24624 36540 21670 13452 2124 31882 24167 10226 37380 32533 24966 5054 765 26997 28014 25102 12060 35653 31563 20401 25392 19820 34969 13542 22853 11742 35916 25188 9270 19104 35538 32217 25558 15258 11946 21385 36360 33303 9089 7705 4716 20460 39133 35241 13739 26892 16435 33304 9576 944 36009 31099 25581 8390 14951 25212 37313 21643 4308 5396 30992 34903 35222 19630 12495 7921 18006 32752 22692 906 39349 29695 1225 30425 11105 26281 34870 32238 16638 37536 36501 6004 11629 22941 17724 11505 20620 12885 13702 27787 20630 14598 10727 7486 20916 11548 30407 21682 32517 32171 2890 9776 15532 16241
3601 14292 19891 26216 23666 6727 29621 13591 37177 35574 32585 6250 264 18946 38488 15861 17797 22669 31821 33349 1959 18617 29382 33624 9966 22335 29853 33743 35539 27596 18412 26371 2976 10443 17657 36721 38147 23172 24901 7088 2270 37958 25756 11149 10334 31435 18278 10762 6448 630 29202 26109 4063 3319 15534 15109 36088 25242 11512 25095 4408 2020 28982 30388 13654 1957 5977 9285 13032 23273 26928 14657 27682 6880 28815 33167 37862 33583 29608 38191 11733 1432 23875 18365 30467 6602 4598 31365 28454 27079 16976 27286 21225 36274 24557 5984 9621 2744 27213 14927 24604 6498 1069 10230 22502 20088 10071 34368 21538 3787 10843 23279 9596 16258 27951 19929 9902 24654 31946 38882 26218 18373 39909 24713 14945 11364 46 33933 25707 1973 18485 7437 11897 19287 29896 37019 16917 12386 18644 15339 5870 23492 31682 3175 14336 6909 9640 7752 27212 20200 19132 32289 34018 2487 8388 27135 18990 445 21016 38667 26149 20626 21600 26232 11469 26450 16956 10331 15629 28333 27044 14343 17189 33539 15827 34737 1085 369 35954 33396 22288 25745 31520 14471 9202 11103 15648 39122 474 27370 25363 7953 7896 38978 27733 10156 3635 23111 3344 10530
14854 12283 23482 10824 14433 2073 18082 2196 1943 29875 13897 39115 28960 36973 15097 6575 20763 4003 26085 25134 26701 2157 13088 21513 25049 8302 21405 23973 1998 30757 30399 1256 647 9515 35937 26667 16835 31596 23033 30986 1352 28340 25453 17861 31238 20152 28593 28765 19592 4358 1524 17045 21122 37238 20432 13801 4691 32486 36725 23749 35293 34064 32738 27209 20767 13146 17895 33407 19343 18376 18000 26593 27577 35321 30250 5962 31266 34137 17963 22233 32907 35238 8849 17991 25634 3618 32114 22799 34264 7997 13087 4085 38548 1792 407 5861 10968 11006 13420 2450 10368 29427 13687 14119 4273 137 27961 39302 24263 16410 35522 11465 34702 11272 14889 21203 5605 26557 37627 23741 13479 12631 26151 34001 22634 26771 37693 7654 27013 11770 2650 15000 36478 32488 29101 25240 14915 23205 38189 396 26787 34794 4685 4668 15963 16927 30500 32025 28191 24201 9635 8182 13368 16076 10360 29520 10601 24578 11468 28308 35130 5094 32028 5852 10197 6130 7221 31793 13505 21318 15465 10811 37498 14668 34205 31748 31123 18219 29086 30458 23568 2830 15382 15463 27585 13151 16163 34415 31690 24814 31528 12261 3094 34202 37314 34169 25055 33075 3756 9519
30841 11745 27085 37840 22950 8658 35832 30453 11476 22602 24572 25174 9648 26679 36493 26489 14122 17298 4293 13158 2463 26699 35332 24439 20848 35722 36651 36318 31775 20367 25653 24523 32813 33514 4101 8547 29760 958 11910 22220 33900 38263 29481 17292 29539 4581 6560 32471 13978 24927 26893 17989 19025 21498 39832 20425 33415 26414 24669 14832 29029 38273 5107 19517 758 14821 16364 27142 14606 19727 12810 904 28836 23499 25365 11685 35883 36895 25846 1253 30121 128 24907 5922 19829 26504 29660 35109 10732 27564 11971 16118 18619 3770 17177 2696 6449 13041 2125 39585 11895 24363 22496 11551 26543 10130 24467 6477 34721 12778 3594 21276 26641 38312 1094 614 14619 11819 33068 10669 6723 6947 16900 8797 34308 29663 29217 23982 35531 25827 736 2223 34979 12555 28395 13630 21610 102 30234 13983 33175 21945 32147 18476 19086 17343 16811 15213 22316 24101 37269 494 15209 30923 261 5178 3134 31633 21796 26819 31796 20174 18306 13525 35982 22891 1260 37883 27076 882 10077 19969 30907 5280 31644 21325 36698 37320 16499 24376 11429 4264 17029 2057 5382 270 21341 37337 449 12790 5993 12315 5575 30713 20766 30024 32450 38811 26683 38058
32955 14029 23284 6714 13623 6239 23362 12122 22928 14067 18659 29946 30068 19544 21311 34416 38210 32396 7327 5600 20334 26292 23241 14390 3291 35319 27475 8184 35252 13139 33347 16844 18962 33909 35281 12210 10744 20950 35432 29949 29084 20819 27638 35808 16156 35766 5418 1130 12165 37042 3256 3397 18012 15787 13942 4913 14136 18442 8399 18772 9553 32098 23070 9974 34309 27996 25313 28166 6026 4761 31390 17374 30566 32421 35356 36179 13730 4522 24165 3542 33246 27074 19643 29851 467 38530 38794 13745 6173 5367 12375 29668 10803 13364 10045 30468 27513 26213 431 1419 19131 30085 12734 39410 25981 30950 22166 6390 23189 4960 4927 30812 37595 26655 21673 3958 9493 11675 9076 98 36911 29572 6200 33634 26720 4801 27107 15150 20924 31011 37481 955 32323 20324 24458 30398 34887 1134 20277 18577 16630 20338 29218 5925 19157 17773 39573 1674 32464 1579 4653 34423 8588 22975 39081 24752 16850 11562 5231 28732 4483 39374 39593 35285 14822 12117 8830 32344 12980 30977 3125 20940 20289 3220 26908 24886 800 30377 14196 25110 36823 30185 10885 29751 11246 5506 19672 16697 26266 7855 31849 3505 18792 28027 33772 18435 31327 33372 17948 33797
7321 30469 16756 32401 19064 34772 9426 9618 17178 17132 2141 30248 12676 3630 13865 21299 19431 23623 6938 7267 15118 35457 21167 16708 12161 23806 17062 29745 27937 39599 13318 8599 27239 5420 28915 17763 23627 25064 19171 415 9600 20223 31571 23673 8617 8635 35188 12659 35830 27569 8695 30471 18860 22029 3596 38234 17350 18983 6537 37300 25848 12886 3272 16104 39979 27398 34866 15469 21980 36720 3629 192 36111 7160 1999 37915 36328 25018 38535 39024 6821 14173 2043 23650 28869 27639 37818 39048 17163 25706 15576 6510 15562 3801 29865 12203 30736 32475 32976 15524 2102 563 37347 12501 36975 38258 3157 14317 34426 29046 9815 17754 18241 32101 22133 33427 33412 31515 21128 22535 17385 15103 24474 30965 3577 17769 38027 18345 30437 16726 28755 36037 27955 2726 39567 9342 10912 2553 39485 19499 7570 36393 28967 26023 9816 32406 9764 27349 11196 24790 18087 11255 34451 22464 27804 3197 17028 25048 36444 20528 21735 20446 12126 14399 26318 32468 2819 4881 25720 5184 27420 5762 12673 29326 19317 7377 35619 482 8438 20335 33884 34888 839 36837 18950 23826 38324 15942 15870 2667 32682 12280 34809 4400 14749 1211 33404 26781 10689 26326
37616 17932 37922 17192 33979 17831 21132 27421 20459 2021 17538 357 7116 19478 24163 14689 8301 28184 27703 33010 16999 2555 1637 15307 1865 847 24447 5623 29454 13958 7220 4311 32134 19634 37165 31040 18388 15551 25736 8907 31059 36085 39663 809 19784 35610 17126 1488 27693 23128 4675 23295 28602 31729 25361 28482 34606 31787 32442 37240 150 34790 18721 38369 6635 31823 25379 38146 22478 28544 36073 22468 2038 34520 15485 17143 2802 34951 6974 14980 16649 21294 1925 17734 34161 34276 28382 20622 16335 27644 36271 13524 34832 21588 27215 16722 7483 4087 19374 23444 31483 8052 24011 30910 18235 16662 22277 14579 32519 24742 39950 25292 18215 37534 6070 36722 30620 18112 25943 31703 23132 10887 22935 22283 5975 5464 32377 33351 31024 22932 38528 21971 23702 30007 35316 27332 22456 11104 15597 9919 18680 2328 38220 29707 35804 8263 9521 13674 18189 19885 29345 30218 37324 25528 23374 10167 8698 38793 32165 17221 638 37499 14883 22054 23310 2795 16274 38884 37114 34990 33748 34097 10644 17275 29060 3355 33944 23330 10532 5738 13977 7089 21454 5676 19881 1440 25575 30644 12603 32828 3115 36606 36665 17018 28402 6044 32070 2644 34620 39168
34609 27470 33052 30949 15852 38843 2990 7662 32146 27040 18830 33814 28682 19735 14170 8770 24335 658 13828 29727 20792 13770 38451 21374 22121 39331 29930 1692 6885 789 26721 3854 17901 27629 5057 12466 9858 793 10668 31766 18889 26170 3802 24094 1785 3132 6762 22255 33291 15662 925 26974 12162 6504 27055 22739 5695 25063 34577 6503 2702 33463 9422 32835 12243 19169 5479 22593 30005 2691 1044 3034 4501 24519 17659 35834 28801 37100 37120 22574 30598 37089 12332 17066 15740 16974 18667 1183 26397 19846 10211 12912 38627 27960 10704 15750 6672 36828 22434 4961 19616 37605 13707 20345 21441 34999 25973 26642 15216 28350 24540 29186 28167 36850 33345 8783 33206 35312 30703 34437 39659 6413 5438 30570 37953 37101 25026 17136 39980 10447 37022 2923 39895 19914 26589 5711 6874 23452 28449 37333 8307 7546 4966 10592 8450 9794 33840 33593 39019 4291 18466 7562 25597 27329 11407 5049 218 31109 29766 27717 36159 25494 7874 33889 14202 22286 30639 15790 20594 34401 28175 32850 6244 6513 9369 23153 26222 27650 5980 9659 18398 16670 32758 14185 7500 14056 17611 27184 1769 2728 32722 36308 4543 15351 11903 6386 12079 25471 10878 3105
11222 9437 33916 14626 18829 4261 32428 30101 38515 2049 33917 1347 13677 10110 654 36018 35789 11114 7779 26678 21636 17386 24895 12393 37459 9827 6233 5646 17936 25587 10933 31872 37631 24253 5326 22172 2283 22680 16343 28288 20821 2550 29781 22930 11508 28768 38545 678 33902 22222 19742 22779 29136 22439 27984 30694 2629 6050 23164 8939 19679 34546 1274 39107 35888 18244 7754 32123 23017 18708 12241 24904 395 31200 23110 27216 21181 24653 37702 18350 10630 17390 13541 39220 32845 13998 18399 18673 6556 39866 23225 13914 19105 36117 7775 30381 17358 14052 36423 34687 8374 28065 9747 5898 16497 38780 25019 14719 36141 38495 25302 15088 34508 22095 18392 29238 23428 36079 15491 39647 34143 10 8029 22832 26550 26966 15916 6509 35613 13859 13053 24880 25190 4455 26328 22763 16256 23400 17885 14201 27759 26846 4684 39259 12090 36278 34815 30503 28075 3085 5562 36934 20926 9536 20957 1270 29361 22228 21100 11893 13499 11087 36744 34599 9930 19294 5115 37882 20232 33678 22494 9534 24389 18578 30161 32251 33356 24073 881 20011 32644 28620 36390 7219 7760 4243 14918 38661 1320 31078 29617 2405 15256 31273 14880 10301 14632 29873 34709 917
31674 19535 10871 31225 17671 39661 35978 31982 979 31224 24818 35254 30206 4631 35250 21404 36225 1442 33579 5628 385 25578 15260 31731 15839 29717 3999 8957 13662 16602 14763 4399 10430 34868 20853 19198 19295 23975 37877 39757 19654 20043 31186 25517 15212 9602 6211 26850 36532 25746 7523 2996 31555 4590 34881 11058 34601 35723 25935 26336 18514 10707 11163 34450 14565 7994 11391 30763 26187 9813 38222 4290 7022 7730 39739 23681 28847 7648 20851 8420 1982 13 30535 20299 21549 15206 1713 18874 21233 9279 29265 13429 32507 1780 9091 32055 3699 8341 18364 25637 599 8093 5555 37533 18964 34076 32297 10641 5150 16275 29179 19880 5948 7408 36349 31534 37730 370 7443 1381 35006 28591 3736 1336 20885 24735 22254 39462 31680 24788 12944 7202 13444 33211 37607 28930 1907 33014 1100 30811 9792 16547 725 18875 32980 37540 13112 30794 29534 9341 17044 29091 22394 27217 31315 18825 11318 26739 12986 13116 9308 24388 19878 2876 35864 3640 2652 447 35771 8971 26432 7993 22232 5807 9888 9955 23966 405 39179 10243 2466 6794 34008 18261 19877 28381 564 29392 23598 6241 9294 29274 6069 28506 3381 19823 57 10319 28662 33272
29802 26889 11590 28505 26621 19000 15449 32735 32867 12553 33183 32612 25753 18156 37474 36610 35914 39557 36955 14846 9749 17849 27540 27145 38626 26251 33846 34726 8808 17847 15386 12947 18994 25640 5401 11724 8219 5299 39969 4937 18688 19353 38073 7006 15180 6691 16977 11638 13412 15158 22710 30890 2242 17970 18767 5593 38409 14770 38149 3083 24708 5680 36821 7649 31002 14981 12565 7872 931 13121 13720 33394 16357 30287 38941 39503 10153 34102 18270 26422 16042 17660 25992 19865 9845 15296 6619 7543 9022 24867 12705 36395 1881 12728 26952 22717 17562 6976 37576 20077 32838 13289 38939 27595 36032 23656 8360 26518 1384 9897 14362 15302 23401 14997 2231 3914 933 6718 7787 18032 29192 20548 27884 26215 27158 9825 26359 4445 38152 1390 242 1418 6668 25911 35118 12403 24085 1619 178 21684 3206 1663 19693 34915 38497 27090 12524 6632 8143 36916 13365 17595 39907 34977 15809 10735 23251 8477 27394 6597 35104 31723 27524 35623 29614 35097 18455 24853 9561 4822 19236 20710 459 1372 8353 32341 18018 21730 18757 8580 20137 36937 11523 2781 961 11155 26829 36568 734 4818 35629 3796 34339 14553 39730 32466 9552 11800 30795 33152
14320 17263 22952 25672 2931 22674 11577 35854 13839 24237 8333 6238 39053 8865 12599 30801 36253 34752 23094 6578 21787 3087 34180 1660 23682 38170 38506 29919 1267 30993 20002 14078 20238 1860 14385 14630 16229 29151 20158 39976 37934 35036 10151 9781 32402 31475 18417 22276 662 29380 27483 32440 35234 38444 18146 14702 7198 30110 37777 5082 18058 10335 24185 7828 14609 7253 33969 22113 849 26437 774 5769 23593 23152 7675 11035 13494 29573 6950 8900 22106 16524 23331 6022 33660 30896 4092 5658 23089 22517 15051 23041 698 35659 35215 27245 20728 35455 26211 23435 3860 11776 35847 2732 10646 37793 13476 23908 29381 25710 31636 18042 37965 11099 29388 19663 24695 35783 36194 4202 39494 38999 1923 27112 35135 21536 39942 30048 2888 24925 34392 26389 2506 30177 7687 28670 6813 32287 6356 5067 34994 37291 34580 38787 25466 29484 5774 11304 11289 25842 22823 2947 10786 2532 23655 8276 4170 18228 19681 36027 5759 34878 25808 6894 25434 22378 1717 13847 18187 16125 8123 5768 26691 32319 20253 6134 14286 17154 24035 18623 12612 24284 3431 8161 38669 16706 6036 7924 1628 7699 10079 4285 39004 27493 12141 35469 5117 18765 10844 4780
1715 18386 23695 39508 12422 18243 11277 2840 36521 36425 38011 29957 4811 17053 3720 2402 27785 9663 23854 30114 24953 35037 13571 21775 36579 28364 24314 12963 35940 35171 36621 4831 29255 25266 24106 19203 36368 4076 24012 28942 13349 8585 16675 14105 27064 5678 35022 13353 36487 1868 3984 32525 13292 3583 20139 9501 6422 1502 13398 14966 21365 6228 1119 38405 30668 36534 20037 3303 33721 22176 29709 18478 18043 33849 22338 37080 3574 9129 17434 39330 15658 2243 30932 38123 13267 4835 12359 15334 13095 18114 33924 11479 39164 7145 23837 35491 38557 11650 19712 14725 30256 39762 39041 38561 21705 25258 12113 7986 10141 23423 31727 4552 20265 4228 11607 19708 25250 29595 36754 39997 9281 15588 9200 2137 30434 26436 36539 19235 13994 30027 36379 22679 35510 12639 10873 11427 25617 4678 36869 25525 34236 32920 13407 26663 19302 11642 36025 35137 12570 13173 35247 39446 15104 23722 25341 36842 35540 26902 32727 28204 12201 33572 39645 13894 17223 8207 29268 15969 6773 5416 16353 14514 37592 20717 27781 18978 30902 30807 38199 34242 5346 11257 34413 28649 26628 6318 38708 34012 13291 35484 31765 28724 3247 21853 1593 4670 26264 37713 33693 31664
17721 19503 38791 30605 25791 953 25652 29942 16902 24968 18616 38888 22664 4808 12984 13913 12636 2761 6454 30593 17683 5122 587 21628 168 38501 22822 4794 10967 2247 9658 1451 22024 366 21339 9002 25029 33820 29826 36773 22144 25041 29987 11943 12707 4216 1480 26159 20653 26858 26746 34190 18530 16093 23740 17800 28691 33522 3418 10870 37656 34372 28430 14405 27582 25607 21604 16444 37608 34314 32921 23252 15173 32190 35208 14174 35499 28970 32479 19993 5303 31360 32916 25561 28152 30131 39040 7216 32135 3566 26965 29440 6921 31738 27742 33825 19453 11941 33773 25475 23783 30613 171 32024 3326 26601 29137 2409 25788 32374 5465 26817 35105 241 4463 31679 33163 26600 36436 73 9617 6687 38121 27583 20458 365 32553 7212 39701 23503 17345 26250 15301 13632 2410 33105 31802 15959 624 38738 11003 3850 18919 28031 38289 16719 32995 18069 2809 32035 2407 23852 19514 4405 6116 12273 38600 9189 33200 32768 37043 30922 139 3401 38850 34453 39804 26745 30282 16707 12076 7156 9559 32703 35379 33845 25633 29135 25847 38516 23203 23022 27452 16134 4812 682 13749 11173 2113 35530 22296 29599 22141 34668 11663 7029 36628 35543 7702 33745
33158 32811 11024 15767 19180 19599 24644 149 39463 39187 34320 25390 4762 29401 32549 7519 10540 20343 25644 3143 4721 37146 1646 12038 14923 30313 36746 33326 8773 5537 4077 637 19788 5753 21671 9824 21217 31446 1139 12413 3029 3235 28615 37298 17626 32218 18848 23445 31208 29611 5512 12617 33279 31190 28972 20480 32178 32397 37295 19591 19338 32968 12092 10936 11342 8101 15280 34315 38903 12124 25647 12441 35604 25898 36452 18694 32888 8747 29813 24556 21559 21054 10139 6442 15357 16329 15347 36353 9335 21087 24141 10348 16051 14975 36430 9909 5612 15657 23498 34814 32883 33567 10543 36336 28571 14761 6712 30970 6151 10865 14032 19834 34509 13885 25798 30054 2248 17577 10288 35269 8645 24510 3593 18037 35477 17306 11466 28939 14244 6333 11276 9009 7251 8676 31934 20617 33314 14991 2067 13954 38524 4284 18823 32290 30400 10054 559 25281 10661 30237 35223 14669 11779 6125 26645 16790 10171 4135 3681 37166 4234 33778 15037 28536 15973 31584 29234 38499 36375 5402 10531 34194 20771 666 39912 20231 29797 326 12358 418 21599 14402 35085 34760 1319 1578 16030 32877 17627 16035 18996 30688 2139 30683 21451 22644 14100 14838 20736 36609
13129 13899 6289 7812 30103 8531 6618 28965 17682 35956 35630 19953 9109 18650 29765 2886 37798 35422 26994 38112 3367 10076 35111 36757 4663 27795 37112 6455 28597 24533 7061 25322 6985 7328 27362 34558 39808 21738 4271 2249 27279 29434 26784 5304 27614 24489 24058 22909 17805 27766 6098 25990 29635 11316 2215 19646 12574 14240 23157 7561 14897 28423 31968 24196 36814 718 22223 11711 3342 33669 23924 39685 7337 4407 38438 4068 9489 36865 4983 6706 36538 24709 16704 38370 39132 22976 39146 3609 38052 16572 36717 5720 25535 36859 16300 22773 5240 11325 33338 6887 7265 635 22869 12721 36142 35136 25869 8318 15868 14855 31405 10160 10728 35338 20306 24399 6573 39753 35833 24437 25480 37068 27789 39543 23515 2241 31420 26981 29444 22812 35411 36549 35350 1858 25849 34502 37906 11228 8863 10088 38419 1869 7583 37312 23459 31812 28533 8736 14005 20812 35751 28743 13657 894 6564 26630 30156 35333 12024 22881 1859 11552 4153 23727 29471 28060 1634 14476 29335 7606 28354 38285 2260 22740 33355 31697 15198 21168 18939 332 31227 5830 21922 23842 12752 33339 16671 32562 1730 18425 29007 27251 19944 21560 19587 11634 28409 38151 13510 20078
12989 12116 1648 39366 2911 1158 16599 197 29403 22610 38310 36564 13313 8373 277 37408 5554 8899 6550 15927 28643 29863 24882 33192 10403 7345 39871 10121 5772 21936 15645 27743 35948 12 28323 8261 2757 24270 29916 7870 26653 18689 22408 27063 14931 20031 26157 8376 22625 6891 34075 17381 24699 7065 36434 1179 13537 31750 17760 35438 35466 31579 37088 28697 7019 12233 19226 20250 12119 14492 24119 13710 25976 28375 13567 36635 10588 26702 6423 26029 13797 948 5158 15477 4010 27229 38752 10103 2872 25697 26467 17479 31646 35994 39328 39598 23437 7587 27197 27554 33734 32161 13276 13075 7152 32718 26088 9657 8627 27484 37943 25671 39884 11370 5633 39128 14907 6210 13878 23231 31256 25955 24781 9117 31170 30319 23523 20754 17939 21068 8441 2787 30684 35555 17482 31048 9752 3997 19089 33904 5191 32858 18293 10629 18712 32365 20720 13631 771 21771 17839 18678 33435 33707 39001 31336 13219 11387 30520 37860 34777 9268 28193 33536 32140 17139 7611 25969 31499 32851 21088 10246 823 31021 10966 1186 11437 24154 33540 38854 21293 21058 20759 15456 25202 17867 4385 19233 35673 14389 1115 31669 20029 25626 39875 39652 10467 28893 34715 11094
805 15511 20709 15366 12011 11248 36878 11018 28504 9004 33233 15065 36589 37794 15825 25983 33760 26723 1601 8312 111 33042 7054 33784 24859 24422 16667 13888 22388 29653 8470 16643 17266 1679 3781 27436 37013 28753 8605 12823 32232 496 27451 32124 33215 24761 32686 25654 22435 5987 8300 35785 33872 8094 6420 17539 175 8753 8940 36550 30142 798 24845 35755 212 16593 17194 9570 31252 32186 11425 29969 18559 10290 6563 39071 2556 24470 13203 27011 19162 7148 24044 31257 20409 32106 11762 32596 24959 4548 3512 28259 1726 11349 6559 26274 2356 23055 35429 12340 32285 26856 7080 12265 30859 26914 31910 13989 26299 29169 14086 27967 29729 21351 13886 32246 9275 11264 9195 33957 39516 28519 20470 15401 21997 19998 37379 18347 26487 6566 1503 34917 31374 29529 31774 26355 18752 30874 28181 6770 20645 20794 574 10204 16720 17362 38166 24304 15826 34528 5390 14440 8621 17470 20143 3928 17840 15141 30523 26065 32448 10733 37975 4383 7977 32534 35873 32529 7057 31399 29350 37867 17607 16851 38448 33141 19421 33992 38012 20609 17476 35730 1526 17635 35113 21179 7763 7142 8041 35727 30249 1989 13487 24294 13337 10562 6428 7797 39123 10884
17695 38094 7602 7956 20564 13389 32460 30804 28275 4732 3364 28307 2551 34510 25197 12013 37099 26990 21579 5062 17493 35694 14301 9492 29731 6317 10358 4566 39805 17042 27697 27414 35395 12497 33830 15820 15639 32030 30154 34476 33549 1265 6096 5829 39801 296 3611 36485 24514 16865 10450 13330 31148 39261 1931 27850 34803 21067 24541 13563 15257 19653 24839 2895 11344 7659 10608 5740 100 27331 38446 26229 14354 20456 31896 16688 21251 39936 29146 27690 6402 36783 19069 24961 32368 14680 28150 39932 21713 20804 32203 20523 35406 19084 26578 21566 28508 5271 8445 18839 14782 4484 7545 7111 3080 10353 28553 36270 16231 18895 37251 37573 11159 33761 15289 29365 11709 26186 37396 38982 21891 29201 34156 39214 468 3484 15419 32950 16644 362 37197 3612 28457 19808 25050 12050 19972 6761 24722 12178 5913 2454 4528 27982 29571 30499 31917 6569 38204 32505 9379 11361 13930 17623 27156 26339 16287 7470 17692 26138 6603 14263 4713 25571 22395 3520 3703 31538 31742 32303 35693 15129 22044 3819 20437 20534 36385 7287 22050 38239 7313 25824 18929 37556 30813 29247 3931 19819 19567 25507 38274 8732 27001 2762 2329 19719 573 7819 20240 20443
19060 4238 28963 15273 29469 39340 28345 34489 7481 7734 281 14003 35895 31417 27865 14028 38700 32765 6694 37411 28507 194 189 33594 31640 13489 524 27803 32724 1030 18308 17017 37446 26161 32497 20213 22445 24505 2634 3260 8942 18873 2256 35821 18665 27734 16340 32252 2727 30078 4166 8637 26419 14502 10947 15461 35777 1206 13485 11001 19638 36910 38116 30380 29223 39991 20070 14755 26989 28849 31150 22151 7428 10338 16238 27080 14720 16770 25380 32115 31408 14875 5101 13598 23815 33498 35202 1978 6856 25114 23260 5485 9736 27741 9540 24616 11838 13320 33212 2281 39203 24720 25364 5584 16077 846 29414 33107 20153 31217 31632 33885 36418 12505 32801 35932 34583 1814 5708 29299 31996 24951 18036 16043 32210 39117 39430 14241 10908 18015 29581 1964 19722 4121 23473 17551 11980 6644 34711 7916 22287 4863 35261 17495 31749 16627 4797 37355 17644 17170 13909 18256 34710 29026 39916 28236 29248 32057 8181 8657 13258 37038 33368 17937 19850 8465 24551 34544 17065 8494 15175 25802 13836 32021 10717 34906 6251 22234 13450 4519 10225 23247 3879 27207 12213 21784 16389 38093 16873 26433 31815 22917 1209 6925 37015 14337 28949 27086 31940 1287
19053 1566 2342 12982 11765 31929 23869 28231 11872 1003 5915 23884 20909 11486 24313 4396 12590 23521 20995 3012 6977 12690 14809 10422 38569 30601 7393 26335 39923 9462 19496 14857 17757 37879 6286 26071 37424 29366 16005 22175 26279 32830 26056 2579 39234 3528 29015 30597 35385 15297 24799 30816 25546 19577 21780 29109 3030 16000 36642 26790 19590 32116 34855 1948 16350 34642 26408 28029 10363 3341 17455 39918 6156 518 27188 39364 21867 13845 34353 33983 1285 33259 14531 37164 3848 28413 25579 35083 17068 12985 17600 27506 38962 13281 7435 7000 8075 32105 34150 29838 35823 30675 23816 3379 3590 29395 31307 6998 28825 33823 719 4504 22074 36631 17078 2855 21942 13852 37531 9429 20396 39987 14494 1926 24993 1540 716 16677 11199 18385 35607 8549 35276 13920 13257 11142 15404 14659 7186 29924 25768 20089 33135 8413 32692 38925 18003 14115 27853 11595 36779 16669 7113 13716 7968 15531 17182 9237 25793 5656 22331 26879 28770 34157 30959 15871 10722 20514 10001 31378 15723 28639 35366 14470 22339 26985 26239 39985 7525 16521 18953 1685 10779 8712 33058 38008 18222 31575 19252 1547 9801 19215 28403 23959 28230 30510 37809 29904 30670 37211
9490 24972 3895 29646 26050 18595 17080 17875 6807 24179 2614 21482 22174 434 9147 15114 11032 12229 19061 24108 6032 7655 10765 33964 28442 19647 13000 19756 32358 37478 4072 3674 18326 6642 19075 4588 3174 24671 269 11484 34921 14864 23957 13210 5307 18894 25199 22623 10994 39566 11097 35822 28887 19964 20360 8733 4316 23730 23985 8478 14901 28091 34395 21003 12235 22028 30193 37544 1727 25217 33226 16692 1463 2269 21700 5531 886 26026 367 18484 19231 37389 21101 30567 16714 16121 19771 28044 2824 29402 11843 3912 12259 3400 39160 13943 9056 20118 29909 24803 11927 3748 30366 13120 24436 27466 34002 8983 39743 11198 9976 39480 532 21854 22285 7579 36461 23114 26947 36488 23167 15851 15105 19303 39481 13690 8844 12473 26387 36228 18414 25971 39813 38844 27454 32090 8151 2940 25062 35437 27140 18198 8257 16141 28132 15783 2065 35172 4052 31692 27935 34349 12490 12031 25978 24361 7790 35528 35545 31226 16882 29594 23370 36672 13403 7431 13201 30167 17525 9435 29932 21516 27863 13409 29702 35377 34957 31263 2106 32037 11538 11869 12417 30788 38571 6953 23901 4489 36992 6615 20603 12027 8037 18263 17484 26269 5645 1286 15171 33164
4806 17941 36196 23417 37749 6604 33618 29457 25492 30115 30583 1151 24223 19497 21277 2315 5952 14777 10303 2745 19299 16758 12059 37988 21852 13046 10899 33237 37247 13614 27232 4062 526 22363 20503 1552 20733 1505 30995 24921 31517 3035 1718 28920 14039 7178 23710 13610 8560 6369 32670 22198 11984 6959 33946 1208 32709 17975 29601 15565 34167 8799 34926 26634 24983 4821 14930 1625 30837 10371 24806 13638 10571 5578 38900 33137 134 22309 2838 25383 38810 39776 38186 21237 34812 5226 237 32133 488 31433 19408 14051 7092 20527 11422 25570 36300 32879 30501 39169 4412 24759 8254 5789 34859 7972 8298 7370 26554 7875 32388 8875 3910 21186 8315 22130 349 4772 2756 31425 9042 36217 7612 23129 12333 20621 28529 23112 9088 21285 24252 1695 30328 2116 540 26793 3493 13676 11553 24124 9727 3562 37633 32626 12910 37074 24683 3423 10237 32366 17836 11273 34736 12661 33187 13765 2771 5040 998 16967 18769 17772 18434 21646 13900 486 23309 2337 28841 15835 27820 19635 1123 18671 27095 16996 28692 14861 33865 7488 14457 28357 17506 12710 10584 8537 9212 25592 11715 27144 5308 11267 24006 15006 31990 10343 33671 13344 7191 31958
28476 4105 30996 8153 28880 6302 38611 12224 4213 14899 26407 874 8009 26324 32753 10003 27883 12772 16596 8084 34232 8544 220 6379 18372 19700 23501 12889 23724 32576 21819 38192 8406 260 8647 14083 8317 21147 8666 9128 13884 3774 15983 10257 9927 12047 25583 16417 35141 33977 33385 155 32334 14649 35625 26017 8539 21459 24605 27114 10277 25369 24416 3208 32198 8334 23356 31524 38581 38685 12638 11181 23739 19619 12348 23257 34108 29235 14025 3682 18480 35798 25958 31429 26227 18565 37067 18162 15375 5705 22124 27496 29843 24301 2042 250 2072 7008 13323 17082 11589 23233 20102 3347 12401 6186 20887 30743 19002 30395 1995 32394 34593 4951 15335 18041 4278 7557 32092 37599 3151 21662 13624 29436 1895 3306 5125 14700 8902 33063 27799 34433 18602 31642 31554 11726 36416 12731 8398 24341 3531 5263 6731 15754 34457 20017 23348 31711 8828 22618 15079 37687 16385 9222 10934 28955 23425 25585 18322 27259 39684 13199 12382 1933 19097 373 18639 23147 11413 21856 9734 5942 36048 868 25586 39842 14096 2850 33882 7252 26590 18943 27022 30528 10350 13136 28077 29288 33547 21312 7530 18884 22707 13660 18879 26303 35415 38554 10118 12096
26522 1598 12779 20867 24851 18816 14331 11503 2956 39863 38108 25778 20294 4309 38632 1801 31092 28778 23472 4999 18575 19322 13040 9667 27651 8815 18701 19259 519 22808 4758 12811 1141 34036 19826 32371 3380 4447 28297 5976 32983 1952 28098 26171 7594 30725 32839 7495 3592 23402 37960 17828 30430 13230 3862 13869 34181 8743 1388 38517 10459 26949 5079 3024 9876 6072 15710 24036 34742 38442 31035 9043 9765 31752 6505 26806 4292 30800 18204 2372 17305 3325 28070 13274 25452 21621 24776 1672 27386 37546 15376 21878 28428 18758 39873 28064 13052 36257 26576 14253 35475 12533 31222 19466 31737 39965 23319 25501 23733 7086 27636 29902 5338 15219 21778 34968 1776 35087 16379 8072 6266 28272 25854 7475 10161 35145 23227 1584 4034 22675 29269 27008 33150 22532 34945 22807 27892 23742 31303 19144 34060 5041 10163 33911 32594 14510 1413 14335 34029 1824 19163 7910 2999 15321 34936 6391 24339 19031 7087 26907 26768 21307 36458 5997 12452 34106 12678 22446 23091 15961 25378 21823 1698 35741 16398 11540 9360 24715 8571 3162 18635 28171 31358 39690 12854 10060 34245 2007 12714 38587 8221 1750 15701 25727 15192 30984 25020 13100 9554 15290
20346 23895 31073 8355 2701 31254 22996 13833 13301 16681 3729 17809 37309 22841 22998 32137 20734 26086 28989 34482 1198 6334 30679 3140 23096 30624 9087 19714 24587 7094 21053 648 1771 15061 30290 30444 26342 4009 32571 26460 10860 13906 5369 20352 25605 18383 28336 39058 35593 33062 22564 20558 23350 37400 33834 28425 23360 24755 27062 11680 37 2134 16148 13377 2000 20668 6021 25780 18780 8079 8463 10847 9255 25054 22887 11031 4695 19541 20591 39723 22636 39796 22108 37181 1339 27304 34708 22026 1216 34632 38365 21360 32767 29389 34247 1092 21704 2576 21380 6697 21601 23431 11254 6169 3329 34639 17123 8366 36220 5698 38660 9012 12282 11876 9788 19415 30001 33578 23540 2866 37357 19856 6751 23471 2511 20738 16618 28729 35182 775 16857 26715 37569 740 12456 8162 29287 38221 12244 28316 28568 38932 18331 15679 333 29072 7565 875 968 19684 29713 16748 18641 34628 21597 31634 15095 20311 17006 36940 16874 10304 27372 28879 41 24640 17111 22588 25387 10162 28396 6246 19900 3672 35780 13587 36648 24988 18070 8233 4539 35348 36406 22080 22979 7826 4095 30803 17023 34512 3744 17673 14540 11708 31695 23353 32688 15281 32200 36500
6487 39069 9271 16771 6733 34331 28858 32501 24823 35201 2322 9516 12942 5716 35405 34727 6524 26394 34793 7489 2749 26747 28305 15794 3369 8488 16021 36863 19737 33104 37398 35403 18283 1624 38703 28829 13004 14978 17380 28370 14111 14497 15378 13071 12480 32733 29547 28317 22488 747 33698 33525 27459 39080 19382 19586 38377 3335 29309 2234 1060 543 4098 23090 18610 20651 29998 32755 36776 36373 30199 8715 39439 35900 11397 23201 15030 938 24224 20657 4046 18159 16477 15731 5517 38078 22493 12834 22796 39393 39812 5725 37581 30818 9057 31696 16239 17311 2554 18937 23732 25785 12020 28828 14199 6525 12474 22973 30045 26852 4657 38402 21926 39188 2060 27131 5434 11891 1781 36215 15196 39921 14970 38399 13473 37999 29590 24816 32008 27531 24028 26153 9234 26841 26800 27652 24280 35598 29090 20946 24047 35071 30075 18290 5417 27971 7463 4004 9735 36137 29175 2699 14922 5397 23280 31391 18428 8962 7597 5799 31794 36530 17846 35478 6991 12820 16302 1537 142 35633 4538 36605 27502 39667 3516 20333 21799 3741 1916 8227 25557 22000 16676 24729 15350 17151 26528 1570 19420 384 39793 11492 10408 22852 4655 6473 8311 13695 13751 11372
6557 23744 26695 14675 31936 35266 19361 7137 13356 26021 21973 22509 34462 25718 24994 19087 19062 2782 23738 19611 21184 3496 17961 23052 25244 25249 2369 27836 7634 1562 30735 32563 7490 22471 20286 299 2548 22785 5360 37302 28702 35106 30661 20520 522 12154 15052 31895 20786 20571 19575 35575 2398 17448 19032 22419 31355 36891 39334 3229 12100 34995 202 38649 35158 2920 21178 15510 22780 130 4189 17586 26373 30637 3337 39904 29997 2588 18382 8294 13488 35692 1280 15949 15545 20606 5766 29478 6878 20072 25161 39025 13825 31376 8118 33689 15195 13905 32436 27155 5083 34032 7446 6901 21977 32295 18402 22459 3102 9785 33657 18833 27065 33341 31931 913 6460 22760 14414 11785 25372 39679 38439 24175 30903 7946 19864 37743 7257 37714 30363 31017 2681 16693 19366 39797 34597 18160 31006 28514 2333 5111 13404 16131 35860 1757 12716 26208 15989 35003 590 31084 38618 18188 20414 17628 29609 5664 22357 24824 32390 37637 24125 12619 20927 30463 15443 10302 29651 4344 3750 32225 8332 31523 14037 11178 27725 19356 25219 3104 12951 6902 16799 21320 1425 4972 26473 36903 26174 883 10406 30554 14874 37284 377 443 37803 12521 29627 4302
13241 13022 16549 16958 29449 10679 14093 21024 4406 38394 7849 4151 35464 36210 831 8687 5737 29681 129 1405 2118 25831 36219 19046 20246 16833 2005 23119 10394 20395 6882 17251 20149 38064 10407 1382 7728 11683 16323 30729 28290 3991 14252 18281 9008 15752 19255 1099 14443 10849 26712 12179 5228 8248 17654 6476 3172 21180 23240 33951 10179 13744 28605 11157 12036 17252 37190 2558 24583 3155 16230 358 8725 11615 6458 10560 34188 33860 13993 13269 32863 25137 14582 30917 35745 13114 16348 20930 13650 10158 6366 29744 13558 9987 10827 29 15101 24804 16646 11368 9787 1368 21210 14996 7422 37916 11410 18282 6414 6507 35516 17328 20604 17894 1387 31304 11336 29001 19257 35669 9503 37335 3101 10666 13400 32876 35715 15346 5317 12296 12689 39356 273 14387 27846 33481 7314 30919 14232 27283 4968 28674 19937 4420 33718 5543 34275 39440 31279 20598 14480 35868 22061 11214 3878 17394 10056 34041 36770 3293 33681 7844 22015 6574 7553 2218 30318 22291 5236 38945 1324 38165 1375 21445 1346 18072 26569 8973 28040 13300 24712 24819 8449 12396 2496 19372 16747 38859 17833 926 7651 12306 30043 39814 7515 1033 23359 6242 37710 27976
12852 39411 9865 21975 26700 11807 36284 21290 15781 25695 3138 1182 35495 4366 2523 8841 5541 7928 22344 5478 11060 20157 38382 38223 18023 5724 11681 429 22889 4341 29338 13590 33079 11251 6964 10174 14134 19739 14517 15500 36761 14852 8961 13455 31461 13399 4247 22332 19362 120 28774 10295 37163 8417 24076 3127 30786 25070 2314 34636 20433 31036 25855 32666 17465 1832 10465 4608 6905 21761 36918 29043 29871 38671 2039 5452 8070 22348 31259 8038 34712 5901 990 20727 1433 15393 6429 19945 24938 32387 22371 23888 8349 15913 35052 21305 6759 10949 14766 9998 27246 31309 20537 13351 25948 21606 24086 12291 3573 33072 24276 28100 26520 3585 22076 6987 8167 21452 30187 12920 16872 15309 6190 19960 34939 18746 15254 22926 12965 33457 23439 25132 16490 3428 22442 10199 13185 6873 24017 14562 7668 27664 29570 35662 6582 8564 11298 30254 124 11956 19912 10148 1795 3771 22075 35801 16738 23458 27613 34828 9577 24033 31730 7465 39806 18180 12900 23416 36169 1837 33080 23918 5403 17004 19602 2080 31340 21526 38961 3179 8826 1922 35456 11808 9192 8814 28934 27983 4778 23426 10918 31503 1946 36258 25277 34253 23012 12191 7070 3114
20448 1568 11462 33945 2683 39402 36351 35132 3173 19059 980 38197 19088 12675 36354 6708 13135 16619 12844 36131 27663 14004 6587 28819 27041 39096 31010 16563 27183 21866 34369 16586 14577 9863 9846 30323 15352 8401 20608 6939 32417 36136 15481 10598 27017 6844 28956 14802 35126 7965 25091 21379 36718 30096 29378 5293 29642 36674 9262 24134 5194 27677 21637 17949 9313 16181 37920 7686 24228 9241 37912 675 16154 33401 38824 13806 18287 13721 11190 32150 32795 22752 16930 14130 24502 1308 31993 25908 205 21731 17404 17450 6612 36193 29999 22704 18822 25317 4779 9853 26198 1765 17076 6639 28528 18493 7782 2788 3702 39186 16496 10986 9292 22873 22143 10235 39228 27973 13938 31416 14925 9322 22934 32565 11123 35946 22635 29540 38348 594 21917 18563 17580 9121 8480 10862 21860 4570 10337 17419 107 24762 24337 34773 19571 20310 30442 35169 5159 25627 13522 19608 34343 39683 18735 31689 27535 28898 28681 977 7322 23277 18569 37104 35941 1991 12034 27611 32011 37468 15446 28429 30542 7402 25867 22989 13970 15054 248 2293 39007 12722 30828 12003 18910 14080 18022 25838 36232 1093 32631 27669 10399 19688 4211 18751 16003 1234 39452 31602
35264 32080 640 33742 34629 32457 17666 36441 2624 13838 34993 32714 12596 2697 1023 13058 12427 12677 9431 15528 25205 15612 31450 37428 21967 16515 24182 22791 36093 3656 3856 26209 30893 35695 26278 35512 35294 14153 17290 11996 38976 33486 2311 34418 24567 36130 14960 37186 1302 9677 20903 36221 7773 29933 16046 9095 37262 25658 14209 1839 24236 36622 23827 7681 34195 20051 18913 4128 27000 17027 17344 37659 28563 3054 38007 22329 36332 20315 18801 22375 33241 2461 11706 12670 14042 3502 29866 25052 11177 19911 1821 5352 24290 25488 39728 36654 21666 499 15697 29391 7876 19593 25370 18214 15992 36004 17416 34359 21995 686 13458 32994 24646 39704 35845 14790 14102 36860 35034 8146 36619 30276 36071 13010 16947 3882 4392 20019 35819 30532 33502 13468 17727 39010 18898 17698 3815 38089 35186 6713 34224 18576 8759 36265 8601 37675 29203 39908 28711 26639 31681 25822 15013 12858 27355 7879 32687 6999 10987 21839 28722 13928 27391 25960 30980 25459 14313 5986 25928 24452 37365 21327 10251 27234 14812 8837 20768 21998 19404 31757 13708 36295 20254 17505 15076 13006 25596 13423 7072 18580 13685 23772 665 36342 21492 31248 24421 38508 17521 28822
19022 7165 1114 26206 34344 4814 10751 25974 34861 35844 24296 21609 7544 15229 16232 39318 970 18492 9690 5758 11015 21350 8522 8969 14417 5981 37219 23938 29735 4843 33926 2200 36960 13807 1233 15233 32089 32660 33587 5654 32075 1010 11423 9767 23320 4926 32180 627 20227 28824 916 1258 28355 39184 27418 2766 29423 17817 39955 32330 4117 25126 27010 9045 21522 38233 35479 33927 35889 19387 12251 2429 633 1041 5540 8642 777 34080 36876 8262 24030 28212 34483 28319 17672 28028 29759 35384 4531 19917 2250 30573 8664 29673 35014 3977 7615 20712 6306 11803 26344 9018 7753 4025 38740 36343 38374 29370 28677 17169 37774 15583 17026 13002 27903 14943 7550 10265 8199 24322 30106 3614 36661 16505 7067 20365 24151 24152 13259 33264 11461 20778 19297 34808 24099 16687 32205 9683 10342 32048 17897 8271 27837 22351 24310 26375 22122 14135 7384 29428 3039 35740 4423 22447 8320 33070 34377 8212 15381 21902 29409 26290 39738 31629 25157 20646 26762 6176 6606 9547 4578 6920 27774 33526 6943 38613 22023 31349 974 24565 29864 1516 6545 2615 17619 30299 38284 14282 35637 2345 20358 10838 17637 5305 37768 5872 20209 1616 32292 8058
33839 12284 29937 18234 36070 28636 13137 2346 505 25520 17349 17770 9026 6300 33623 2094 31272 22256 21925 2344 20787 34893 8195 2659 4676 13311 13554 16866 28143 36947 2508 18021 33123 27408 28583 37322 330 29451 28523 1759 38294 20822 10483 37017 31396 38822 37130 4802 34955 28019 13803 27317 9711 8499 19307 18508 9193 11632 31969 24909 19556 26969 33915 12666 760 1058 22846 10122 21413 30416 28787 17825 1318 28067 28642 10059 15883 23338 14633 25419 10830 12410 25461 20258 1831 37292 9728 2642 7043 24779 25306 38812 36259 12406 28353 288 38229 9551 20783 19800 2478 28793 34663 17332 4601 25910 33336 30971 14583 32389 12890 37589 856 30034 13360 17748 14496 36505 3693 16095 39590 21898 24302 10032 14225 11584 17329 30222 20415 28020 26036 4066 32419 25588 4825 33802 29793 38989 17398 39702 27230 14006 16952 12765 38806 35288 16153 1485 39116 29741 34961 36191 6552 13422 858 7548 18250 38160 498 25631 20465 17610 30659 34346 37765 2729 33731 31900 3695 34942 39782 13611 13188 21612 33381 15886 6281 38251 13247 8201 13005 14161 9856 19955 16832 24078 22485 36376 13718 28253 3191 36403 11518 12949 9084 36699 14948 14849 32841 29024
22300 6056 9077 32999 27446 20920 24753 2968 37615 12500 32247 9290 7365 19512 752 14281 10227 21443 1961 36743 25232 10336 31521 30170 34120 15552 15724 3234 31193 5787 30183 14420 18090 30279 29799 22238 29317 28890 21061 30740 78 5715 12771 16631 169 38194 4150 31869 26986 13060 17269 29284 24133 7809 16344 2865 11400 13239 19521 13800 9306 17710 10654 18731 28497 23296 32439 834 36578 30281 8534 30266 3349 5127 24032 7771 15878 32240 8464 2361 36331 5702 15203 31183 38901 19475 14339 4020 33026 34490 37377 5760 19896 36239 3754 36051 31620 5688 5081 30771 2364 8622 30867 11699 20291 29448 19518 34178 11270 9546 29672 38061 12275 28250 35509 21065 27117 27189 3719 24199 3527 36105 6357 27151 31007 33509 39444 15890 6123 4468 22607 35442 8677 14212 15763 23839 9649 31760 24468 16725 26305 12946 3875 1884 23636 12103 9411 1417 34313 36894 27027 24075 27253 5385 5055 31245 26789 38699 27735 26513 32348 24690 31907 11023 10607 9207 34758 37578 4159 14504 10396 27905 21123 25164 28885 1052 16562 30842 10196 21616 7834 17083 19058 23961 4660 12308 36649 2852 17903 5996 23209 4425 23829 30685 35245 21675 28282 14665 16526 17502
30939 9818 5136 7173 8790 1976 22772 7319 36104 23343 25271 21089 26275 14845 34128 29127 18503 7846 2417 16712 20393 26277 12609 17312 39200 18330 5681 10075 38928 9085 17503 11213 17239 24858 37390 20660 18813 8324 35885 2688 15082 28917 3439 11359 5407 14831 37796 14068 14585 27382 39201 28838 26906 25584 15791 23589 27847 23081 37217 4683 22010 25729 20273 164 10897 14208 35122 38138 29095 6378 14825 16597 36704 27885 32923 7847 27385 25674 2037 33908 32537 4368 18332 29633 30423 32384 7407 39448 35079 24631 10854 26245 6683 12634 12392 32509 35961 21346 30071 32278 8992 31067 4940 37024 34928 4319 8404 26405 28206 25539 28500 9947 27087 36044 5261 24869 5963 39580 23692 27258 1863 10817 25859 25730 16971 15170 20629 17871 25001 32817 20750 37962 30356 20662 26560 24420 33532 36327 16705 37175 36226 10471 18599 35898 27612 39748 25286 9757 450 6800 33869 27146 36707 11754 31886 8631 6297 21457 15955 32346 31015 10624 25234 39681 31293 7126 13469 2368 26139 34725 209 6240 25926 38097 13434 36734 1565 11230 17007 15953 37121 31037 9444 6034 19159 7697 7825 11130 16147 9556 2601 2352 30834 35677 16735 21302 33436 26662 23796 19785
1379 36158 38719 18923 31700 19838 17912 36522 3849 14290 31614 35162 7601 3321 9712 24115 15018 9320 8210 9213 17011 19195 28672 7555 17767 30382 929 27497 2063 8744 33516 27594 17532 37909 568 2308 31312 33564 10729 29328 19396 14508 36988 35481 13642 23657 37561 25767 6055 30464 19527 28418 10044 27807 2536 7121 29839 9037 34695 838 6355 25593 13354 6284 28796 39222 32267 13265 26823 38397 26548 2477 13034 1335 1905 27430 13946 20042 2150 10511 23085 8068 26931 34270 2120 15377 24453 26058 11768 9028 1529 11059 36882 39427 11180 10937 23625 29413 7549 19040 19441 12793 1691 69 10992 20938 39822 5505 1150 10676 780 26811 36996 35314 11741 3859 8178 10198 1149 14603 35195 30765 10719 2476 35045 31505 33019 26075 9539 12380 34788 33460 3382 28919 16388 16990 787 33828 4790 36260 1761 21456 13297 29360 12004 6638 14384 21467 20580 946 27390 27773 31181 17969 9371 1172 25513 39358 17368 14117 22504 16522 247 32362 23288 18516 1495 23104 23604 16105 25818 18426 14279 11401 25259 29823 7630 21328 4226 19525 29009 24278 33106 3016 24375 18855 10755 11070 39891 22770 4544 26756 21589 26039 17863 18668 9733 11062 10169 30963
15914 16926 20044 38287 8352 8620 36657 12493 22196 12102 39852 33032 17222 26618 29683 8800 8209 16901 5090 29722 8525 28654 31881 39084 13044 6111 28929 18789 27341 23582 5857 37591 13240 25272 38553 37287 28490 17818 22472 7619 24381 32947 36465 36298 8633 29394 26155 5481 28546 15855 3450 21204 34830 18420 31635 23941 15041 26979 24829 27367 22552 17813 240 17899 36492 12093 4738 27288 8611 32437 2279 626 26212 16040 34199 13586 11398 19504 12579 15698 17103 5160 25828 10137 14297 6293 33843 29225 13252 15807 28619 16889 18117 29688 2583 38892 7691 12957 30924 3221 6368 4597 26869 38565 17317 13500 13081 3798 9375 37301 39102 17067 28111 9066 18409 27627 19326 36877 39396 35775 38117 30095 34266 37307 30082 6155 17014 39470 4664 15856 26580 38026 37323 23964 19648 28051 36583 9847 12595 14624 5607 6845 28740 29351 3734 25326 34435 5406 19923 15246 5000 5480 5218 29306 33738 15985 18921 14739 34164 23274 27313 5821 18081 17283 35735 37837 12762 2058 29819 24810 9626 39665 6542 3649 5684 38372 4630 32595 34963 35421 23729 37350 35921 12048 6835 8780 34471 32695 21475 36097 34534 1917 20087 27603 39536 2856 31271 9020 12412 19113
33309 38566 30062 28026 37754 33632 20675 39625 20922 20328 13439 13376 13543 14511 17893 39235 24847 4789 21582 39694 23828 25988 16652 15197 14758 38550 6077 5140 29888 37910 39770 3838 39167 3097 9399 26558 17854 193 12453 19778 10456 25097 39488 25173 16175 9895 39416 20177 11569 26999 12118 28263 16997 9993 1661 36337 2958 5294 9096 4111 27168 10950 37118 4367 8806 19904 18479 26876 25679 14754 23177 17037 20181 22940 2592 36192 34254 24031 24794 38128 28723 13857 23059 7840 7816 7417 32732 10879 8467 94 35367 32584 7638 18333 26770 18693 17636 20656 4124 21257 16234 2864 30640 30226 11409 33644 38471 12023 25100 7626 23619 19483 2232 31141 37823 8138 14752 20876 11482 20529 20464 8974 32875 37213 29811 25609 38390 17376 27565 17950 39750 5947 21099 11240 7289 34005 17642 31448 11166 8761 3960 9224 12483 5566 26506 23711 14218 32804 38726 22366 35878 28592 31432 38404 11660 4500 28224 6269 37986 3069 32086 9957 15587 20923 7441 38051 38664 30895 30025 1818 38490 37147 13964 24930 12266 18698 16908 39418 38838 243 23044 15073 23489 12428 12206 27500 7236 28503 4728 28710 22020 24072 22462 13107 20599 22539 26574 20512 19266 11830
17271 11665 2813 34364 22559 34567 1164 12515 17545 21665 24529 19844 15521 36116 28730 826 31038 11829 38465 258 9583 25328 28439 1027 6648 14774 8802 17676 13829 10835 36359 37178 14703 16950 25416 25787 32757 30438 20098 34652 10115 15734 15329 28401 25289 26514 9959 4861 15615 19918 29245 34434 26538 33878 39725 13438 25407 17971 4108 11080 35010 23334 20034 32063 18966 35461 25243 25279 4084 35275 21419 19605 23532 21 38863 5020 14712 33708 35011 30769 14820 2796 17085 12922 37214 22556 33759 36323 38915 27805 19557 26256 25410 3112 26067 17787 20507 12104 4173 12112 27195 24621 31556 6444 13159 28647 10266 24257 36892 36197 11139 19729 21020 3794 1439 32480 25621 7102 13372 39839 2627 32349 18849 76 159 14561 38355 25192 4235 34281 3002 36775 8032 18732 5395 17996 30010 38534 6850 37094 24103 23549 4130 15313 37865 36917 23364 31713 12726 19250 15561 26421 15762 33170 16457 1306 17987 39708 26960 35841 20706 22501 25701 1762 3820 2960 8781 26398 28069 22236 23242 17099 33305 4360 22243 36426 350 20690 2177 17421 29290 36739 22698 29390 30937 14584 29725 12624 12792 24684 26544 7012 13271 25603 16724 32798 23585 23644 38277 14116
10768 5363 35875 22758 20849 15071 26080 2427 14570 17375 26832 30551 1804 10913 25505 15125 10219 10209 22527 36304 33190 12257 32683 21137 13441 31424 21495 29771 23427 34322 26307 12644 20468 12364 24315 3031 11235 28187 37069 25082 32912 23577 24614 27848 21502 9488 14660 6932 7329 50 33416 61 9171 29472 19301 23029 11446 29720 11127 13818 37003 36157 26830 3696 5546 6978 249 30732 24849 18901 6789 11119 33614 25522 25776 7147 25801 33102 11221 20377 6196 28164 110 33479 5196 26579 18723 5529 6108 36155 19225 11078 23743 16741 30881 28085 13926 26615 4572 38676 38563 36388 28243 13168 38177 30379 18246 33228 37970 19433 5205 39935 30162 22077 19580 10052 23162 11102 17122 16830 15632 17442 32605 22011 9774 1082 17588 3294 466 4267 30531 31221 6411 38881 30591 36899 20248 15688 22278 27616 22190 19429 11315 35077 25163 29616 24594 34187 4749 32164 24379 38909 2320 29010 27072 5471 13119 29207 17039 34330 38817 5849 16370 6996 10250 4298 29006 27855 14247 5617 9497 18817 5587 27160 14964 4210 35552 4760 9362 36736 38470 13867 8314 2192 8876 27005 34860 10216 25344 31105 3025 21677 24843 19283 1163 6091 3171 32045 14658 33952
26493 15235 17433 2097 38132 9896 33737 5189 35939 27357 7715 12799 25945 37154 22037 15599 35361 510 14509 6549 4061 3686 1937 36807 35044 24678 8840 3786 11799 26782 27153 7926 38985 19938 35848 19650 8431 29516 8821 15513 22013 9330 33271 7243 14733 39756 10868 21398 1681 32535 9406 19519 38733 26035 15470 36305 22925 31769 39831 17951 11961 20018 36008 18315 39845 30089 22948 39530 24592 1722 16655 20602 3103 33517 35221 9302 6899 6264 32313 12654 17092 32131 1103 6726 10663 10455 34659 14054 17234 23760 10962 4450 16260 16736 34277 19293 29876 31570 19085 23562 7512 24321 8170 11121 35000 6810 39090 16986 33851 39436 35855 26431 10516 38914 928 6472 3504 17976 534 17986 34654 23194 24643 24026 11787 38479 28601 14714 4182 13047 28450 31155 15130 31132 3692 38084 31916 2163 24856 26940 33431 7917 11165 11169 36543 9722 18930 11489 22661 12629 15362 7182 55 39735 36214 39894 32504 31782 37184 39986 18846 1724 38536 29161 196 17561 5343 20732 22312 28094 32335 26598 3312 25612 15315 17072 36285 25538 19135 16240 2978 6623 31543 18786 12829 21830 29206 30512 9877 7479 30680 28566 8308 2434 945 30617 2633 10703 28800 24539
26995 30653 31954 13106 32022 21755 31884 7679 28574 32360 37098 23823 2581 24279 39620 26472 4839 8443 16760 8960 27606 1235 16331 17046 28099 27194 3023 2154 23210 18107 2709 37876 6828 37609 31819 13357 36413 29907 18102 28580 30521 31009 16809 6492 36230 35565 30239 32499 17054 37388 26862 22402 9094 38792 3789 31346 30968 25614 30516 27127 20156 32750 8948 9499 811 7064 18741 36759 5914 18924 319 22774 920 8446 27920 37946 19563 10769 33278 23907 31230 21900 1111 29659 6167 31865 17670 11033 29982 34439 16800 23088 12926 36590 39974 11940 28511 24979 27702 6877 35489 10484 31081 25964 2608 960 34312 24068 5187 29612 39705 12245 33751 13959 30139 5989 29910 34271 12600 32979 13684 36700 4031 18413 4871 5048 26749 37668 32158 3222 17444 3056 5133 39838 20958 30508 36922 29962 39966 18519 18396 29512 37353 22195 9040 28856 21255 8746 14215 898 21756 11542 9597 3631 22947 31389 19194 30118 4288 2354 5933 13727 35987 12859 24967 37778 24936 8047 28823 38751 8267 36637 28279 34783 1410 1829 2805 12407 27403 9851 15317 1005 12795 33764 26820 30104 144 31016 6221 5625 35068 27558 31045 29767 23898 17365 22855 29732 10875 25692
21317 38269 17566 1021 28298 36552 29553 33894 21308 23931 33096 21768 35968 39542 30665 4294 33121 20091 38306 7701 34755 32600 31816 32566 12618 24528 6534 13433 15788 15656 23064 32763 39332 34058 23811 1420 30369 21417 5613 33809 5966 7985 21743 33238 38124 31539 5174 8949 323 19560 12997 6033 21455 36506 38414 6551 15094 16486 20661 21104 18299 12387 34813 20563 19578 12615 22601 32163 10391 35002 18615 21407 25844 38435 10274 4701 1791 24919 16339 23345 575 17705 39518 12651 19570 22125 33483 35019 37646 9441 11981 6690 33763 84 19780 22325 29753 8979 17735 30534 10605 35283 37221 39157 20649 4296 11360 30865 27431 14858 38698 39385 14473 1468 23696 36200 1054 30305 9460 3565 27670 33446 8709 37510 2254 36181 4925 20071 23860 455 7218 22839 3772 28417 38181 32854 2649 31184 34240 16774 30799 21085 14064 9163 1879 16666 14756 30262 947 28790 4525 7340 17205 13096 6243 29271 11559 36100 4220 20380 19390 32087 14608 1176 36662 24732 21506 4058 18986 15009 915 14181 15001 34101 3453 6994 34527 32560 3591 13908 35707 39622 25719 13124 22096 18866 16803 35128 29465 20038 25700 34676 28080 37117 37719 9545 16126 5073 2018 15684
10297 23777 16806 13796 26434 29986 10058 12445 28510 7980 15492 30201 28487 7527 28242 31870 5903 22899 28400 2362 31019 8803 3117 1936 11594 28914 34146 37945 13336 31428 17631 23703 7009 1811 16129 8497 2654 24724 19083 28624 22210 3899 22522 23721 1215 23984 35088 24268 1984 4969 23785 34212 32275 25657 33151 37115 3740 457 17815 671 12840 9870 38460 5748 4773 3027 1337 32357 4115 39519 7781 32963 14844 33189 26057 10886 13327 12159 9802 11483 11356 39000 6767 17799 33901 32082 35243 11331 7635 16543 14224 17512 225 4735 37736 18887 10640 25388 32840 2520 16328 17435 7584 37209 21728 23862 1845 18056 25999 12782 25425 16650 27432 29905 27661 3603 14211 17134 25225 20578 18138 39687 25840 1251 24481 4998 9232 39467 36125 13464 31549 8764 34804 6532 39388 25170 38877 23232 20788 8977 25119 24046 5592 35897 12646 25915 4106 38857 7504 14082 2383 30141 30618 28365 38697 19845 19245 11791 28687 7151 5902 24657 39559 35474 21565 35959 3100 27870 11868 19886 1805 22828 30529 6028 9191 12391 11635 35650 18497 10479 27723 27714 1887 14168 21587 20300 515 31914 15146 18369 37593 12272 22189 36528 25156 3188 30498 9651 17366 29482
16244 14673 5247 18441 4787 2335 26374 9219 35624 28596 15501 35614 10670 22487 21596 34675 27249 18815 23180 29155 31194 9874 20588 27461 21117 33501 25896 39336 15003 19569 33127 32520 1359 37234 2236 19656 23833 1177 23683 24944 27243 36616 16203 1013 26461 33779 3284 8369 37369 28807 4784 9999 24501 36113 5781 36063 23539 17603 9697 21721 7074 4938 38142 35537 37078 30987 34762 14257 19172 21427 7695 39145 481 23977 36171 38623 23658 27932 30488 27597 13846 35227 32192 290 8025 16214 33093 37747 36845 9244 15060 15431 9975 36977 2195 1272 3839 28946 27042 25678 2922 10672 38880 12042 7892 39779 16636 16507 35030 38503 33357 3452 33441 17664 33071 30897 38906 39691 13350 8012 26904 3704 24190 15042 26698 36457 7379 34113 21949 20761 20515 18050 9674 15070 6195 4174 13312 27169 19435 31817 26861 5060 35924 3243 34864 31169 26134 1901 23403 11909 23537 37741 15793 17916 11040 21540 9463 12402 18587 21739 1572 24637 14353 7095 31909 31033 37440 11320 33891 10192 20389 10993 2816 23846 39399 17359 28792 28464 23032 19124 4978 18670 39554 5586 3648 9886 37316 641 34074 20956 36482 39392 21082 14398 22192 18574 33000 5258 30197 5351
29641 36719 37619 2826 37020 19692 30754 14539 12378 2349 28337 33767 21090 34720 22007 31261 13393 3922 23464 8213 14612 15283 32865 1627 38647 6103 35665 19870 16369 8562 22629 38494 10349 37649 37194 38044 18593 24854 19156 15832 20008 33197 21576 38463 34284 35270 1499 34591 37441 7286 6778 32548 16371 31710 18891 26773 34425 19839 15624 33232 7509 33535 35536 25427 24563 10648 26185 8901 9514 1650 39564 3167 15497 34191 34910 4556 8425 21537 27944 38694 5877 20831 33242 30274 4297 24150 4089 6142 15023 7388 39827 23272 28889 27321 24122 24456 30295 14729 12919 34292 22097 3436 11852 4936 6918 7385 36445 35059 3477 34811 30483 31371 14242 25270 32308 35597 29782 36468 36778 16702 16187 9926 20336 38157 39548 15165 1397 22972 12397 1703 16248 3042 31670 37093 12129 20124 24272 39964 8638 13507 12475 11772 23971 13644 34898 2945 21630 9779 38605 39799 5089 21584 2585 14623 11238 11068 6580 36875 38362 37419 2179 4869 16884 23212 6073 5536 36796 413 397 23448 1992 18931 36347 14806 15454 23221 21363 21198 10610 39159 36629 7793 6866 36650 2951 35578 23130 32736 36449 9656 32416 12137 29418 22333 34749 22167 446 26620 9080 37739
23031 1311 31580 56 10573 16219 27533 15231 4060 11700 8825 26180 19311 25086 30341 24067 36096 24553 19152 39247 26561 25830 18566 14512 4083 18106 22227 36280 14708 2054 21815 24010 16620 23834 16180 36435 10309 12209 29193 17446 27607 6784 30493 32301 26650 29692 18351 28611 23912 23184 37426 26971 24132 10989 25145 15012 13486 34485 21634 23545 37216 32656 12148 7755 17764 15665 26458 33484 5574 5493 14368 36344 18900 16658 12472 38992 5149 2759 23983 1301 37654 3169 38521 20145 29438 22177 22789 32202 18629 28386 10730 26231 18537 13275 31280 30429 2603 31618 6158 32329 24914 18454 34083 36640 20388 12560 12479 27878 25160 27625 37179 2663 37672 6322 10008 11865 30616 14450 29300 33895 9305 30 28117 20990 20407 26271 6439 3033 4946 5843 17437 19426 6875 24971 39900 15937 19145 2480 7169 8625 3954 33938 29881 25304 21654 32219 31643 11291 30749 10836 17920 5669 15578 33362 38953 9755 17592 27369 33146 8894 39711 1351 20616 10244 15682 17413 25591 36016 28034 5694 19354 4967 15716 14041 36889 36106 2486 28033 23894 20809 25526 30431 39903 23125 13798 9745 36233 26126 2949 5581 31455 25320 20439 29693 7454 39878 29541 18706 27521 14654
36597 33639 30064 18714 8226 21376 28771 3936 10440 23376 23217 26591 6299 374 35402 10284 14107 10813 10380 31403 35881 30402 20185 30941 2083 30196 38615 31705 29892 38801 9703 26732 13317 27899 5534 11520 10978 4905 27860 32256 37891 28137 1915 10780 35394 4286 700 22896 2105 18719 28179 15998 11725 36664 28343 37041 25619 4100 28578 940 19023 30335 29634 30083 31313 1842 16912 22218 8130 34916 15607 39874 1304 16642 28820 23758 19970 18046 17110 1596 24702 5994 18546 1709 16136 32066 34890 39264 8809 37363 38705 10310 39648 39091 4456 36245 26616 38940 23747 4185 20382 2563 31165 36723 20080 15265 29492 965 20773 29899 1401 13635 29829 15915 15769 36062 10965 30291 35903 28704 4143 17278 32490 2777 17188 39319 20065 17879 3673 31151 21231 7349 29131 3685 32993 9214 6180 14285 15020 18067 2643 20841 8017 21342 27020 33018 38562 20679 19365 11761 4424 4781 18309 22215 31474 19264 4848 6360 32987 25716 25726 262 4877 503 4109 11355 11307 4008 37838 36617 32837 17403 3567 22550 9633 17300 23158 35589 15144 16949 36556 19835 37903 16032 16891 28352 1249 23446 36101 7899 30326 33098 28005 39744 19403 37885 12299 25751 32597 13194
14438 34084 24954 12548 13837 617 9216 4873 13729 23434 5172 19986 13401 17732 5285 19423 3973 6232 28196 23480 34831 39629 26943 10914 35815 19901 7410 13102 18190 35587 28499 17730 7091 2482 6499 25810 26764 16311 6541 25246 8793 39610 2680 14207 7618 7744 24466 9852 17776 36826 1341 5435 12055 24893 10799 2011 33035 51 8769 4963 14355 13955 6886 4452 28676 26195 12073 25057 17852 9425 33988 15261 12457 38039 14264 23978 32589 14715 16842 35877 36614 3570 21347 12815 31031 10124 8704 31052 15344 30578 13761 26475 32573 36145 1498 9229 4703 34883 14882 27923 22251 35375 12744 5995 25490 3916 17549 21281 12184 26587 20886 18352 23086 4855 21266 26478 31759 13735 6665 27375 33360 38683 30144 379 33715 22302 4431 30120 18832 25860 25857 39867 22197 22507 19815 25936 22353 5798 20969 25257 17810 38301 34545 37880 31351 15179 7811 14891 743 19290 24214 11247 7952 5155 29815 33621 38662 18174 29891 25606 4698 33155 1774 3129 33694 16728 11450 23275 4976 34054 31444 2162 19099 21295 28183 24316 23138 769 15063 27716 17127 31457 9419 26855 26283 18011 29623 25103 24949 9591 27093 25991 25873 29228 39245 37942 3267 5311 21107 16285
32363 26546 12934 10616 35271 16412 1279 32945 35986 203 21410 13741 5639 19402 10030 11570 29028 2675 34747 10549 13074 20264 208 14099 28551 8471 23456 19015 39098 12936 27681 5682 38482 24038 2400 4766 35189 36804 38552 24896 30340 9260 6919 17077 38385 12140 2459 14784 34506 19816 31110 7399 10049 21273 3292 3905 15846 34988 38769 16531 39465 13057 18728 36887 39343 17228 30102 28012 35562 23146 34479 19416 36943 29824 25444 28448 39496 29254 27106 609 39296 12014 26766 33871 19211 22307 19291 8089 17405 3463 5542 36607 8723 11648 6452 1204 11176 10821 33156 11671 37285 20988 26503 4975 35251 30202 36075 2378 38406 14351 14065 38852 31903 36758 31131 4260 4911 1166 9374 9334 27950 31893 39870 6936 39576 14536 6375 29244 25206 26125 11998 38991 38747 634 22768 28446 18236 33266 8668 4026 21505 6255 29050 28318 6349 5783 27203 13647 7571 35397 11901 421 18965 1415 24244 10998 517 33250 26079 26043 1599 18590 34529 11048 19919 6396 22513 4845 7593 10245 25089 24197 12821 253 38214 25229 13072 30772 4602 13622 30233 9510 6014 4147 1310 11124 16801 29925 34691 5208 19073 10438 18542 16805 18264 6346 13090 39889 20963 21469
28207 1078 3092 31419 2273 20211 4992 21562 27354 32895 20472 20951 38462 13651 34563 8042 39676 15695 3131 6572 23491 6640 39532 15843 1068 11900 11588 25181 21910 29177 17378 1446 12098 36046 30346 28530 24471 16284 35943 15631 8249 38633 32814 25405 8196 7268 35205 27143 28437 36203 29535 35757 28335 244 6865 37548 31926 15647 11989 9637 36154 20036 38133 22882 5621 13421 35024 21613 14409 28479 17406 4394 35065 12069 21906 6376 6408 3581 33276 33654 38522 16452 38144 10395 16439 36884 26429 4314 5490 21041 8327 12089 3393 20199 12807 35912 39317 31469 16297 36497 31754 20466 16405 29325 35352 6154 4833 31473 11879 12588 35368 1145 20461 30809 17492 9451 29256 16473 33664 16595 16019 507 5298 4097 12706 6945 19217 5773 36695 479 16109 35336 18427 12759 17780 5627 8918 9119 10620 25769 35400 17749 3967 3152 19926 26263 4533 16361 34427 23676 1618 36454 3718 17168 33841 37791 31456 35392 30260 35497 14792 27274 30962 9769 37065 36176 29320 31091 16070 25618 35174 10255 30255 16286 810 22820 28404 32283 33143 27874 28904 29099 10976 14342 11563 26183 15732 10564 25478 6296 32044 2905 39668 37996 22884 9154 17264 32154 1213 18212
35519 9586 11839 26205 11582 24077 14114 25942 19251 29145 35428 14995 17140 15138 7718 22370 13369 6433 6831 14422 22178 25684 16383 6607 32527 23510 6883 38255 6756 21829 4064 23163 38346 12948 7577 36242 6115 25143 15486 1049 29018 412 4575 19946 30332 20301 36798 20242 31904 3784 39860 9458 12761 6822 36412 5859 3551 22958 39076 29102 30539 12040 38440 4310 19304 18446 28645 37288 37535 8629 28699 21395 11598 22072 17422 20892 7991 4177 11005 39183 15151 16623 36627 423 18086 13156 22844 8690 13726 7367 32591 14650 14226 17741 28903 37152 33408 21798 33379 30832 1430 18727 15680 17656 28331 8361 32020 9307 19273 28257 30074 29588 10413 33606 33055 20747 32253 25833 15152 18150 3339 32997 8691 560 31046 13593 24698 23270 2851 5818 27111 14886 7629 16544 11345 34578 23174 37658 22341 26552 10262 29855 9581 9564 4536 30826 10410 22241 25933 1885 27125 12227 36513 31911 11143 35472 34608 38959 21859 21481 11522 7976 3357 11064 25113 4862 16345 28287 24396 8044 36294 20207 13319 24324 27309 34103 16073 11439 14306 17396 1361 7174 37601 25397 1355 27393 32268 22027 8925 26927 22579 22328 4810 38140 31129 4401 764 11953 22269 21172
37268 31338 25899 38393 31728 15984 14779 29493 35371 30257 6817 37868 7589 19206 21992 7765 30087 16011 21714 8069 18989 15575 6989 29669 30979 20381 597 15549 11506 19101 12250 25850 36755 5713 12216 17681 4223 4395 39165 17237 32641 34218 22777 18902 18421 22565 23925 24665 25816 4614 8095 18302 34751 26805 20444 32617 3225 16625 30774 36292 31557 35576 5341 3361 30296 15929 5012 1571 2041 28552 24392 29818 10461 6516 13734 11010 11874 28072 9138 17128 13070 12643 36689 4914 14621 7653 35280 11054 15952 39181 27814 7747 24830 27849 5461 3497 27244 30128 8701 18060 38354 20452 24633 39353 9378 12725 4265 37382 24693 1087 4473 35073 22632 33037 31948 15604 24413 14396 34732 28655 37773 38252 21109 39710 21750 12349 25124 386 21651 22377 39644 28668 300 33254 12045 9197 11669 11022 27968 21269 161 11327 15414 23344 36107 16088 9910 36962 39547 13237 33661 28731 9804 11430 36126 17010 16061 27185 36392 34445 23303 8558 8163 11988 33554 27503 10916 32663 34904 18773 15058 17978 31764 35976 39734 15780 29197 30866 4313 27300 13767 15327 18739 26286 23156 9839 27738 21895 27049 10129 28522 37442 959 1161 21071 16436 30264 26779 20959 18292
38968 2004 951 15123 23597 33380 39407 33665 25337 14388 7526 1744 34905 19114 3201 4910 18080 30146 4155 32808 33575 20898 20669 23916 6601 22938 274 20354 13618 32650 24682 11549 3461 19336 6721 24184 22361 17527 11614 22084 29565 39755 1501 6010 34661 7309 5291 36745 38979 376 2993 3288 17238 11458 29477 22596 25325 2753 2489 5785 2404 35526 19554 32932 8492 21031 7885 37563 11250 13016 8990 36067 7658 32227 3876 24081 34562 23547 2131 39062 5779 23746 21718 38568 1156 12884 27886 34168 26061 3457 15789 2896 34061 35390 5570 30552 16372 27566 30886 1481 12212 22690 24139 26676 12295 19277 27529 30667 24218 29959 26401 17233 14934 14346 9033 7364 20680 23391 31487 38018 39639 13508 35092 21354 23010 18831 17668 24040 18177 18172 15867 35393 35699 33184 9005 1224 602 28330 32170 16802 11717 3804 22849 32684 29104 16608 12968 22315 16127 14634 38268 27858 37005 14507 23979 5342 28859 6970 9150 14175 1986 11952 31120 28169 35444 16177 38578 17702 38429 36396 3411 38421 33270 11396 8795 10520 6907 20854 36976 32711 24923 32107 1006 36324 14085 8532 22831 29494 10404 15726 4123 11790 31813 23987 22987 4006 35517 26657 27852 16831
14805 39911 21278 34729 22058 17314 38114 36269 36023 27659 7818 29803 38926 17902 8626 19308 18571 35770 16209 15572 13879 4165 17759 31673 25087 21248 5316 39468 6763 37776 23555 25789 33991 38620 3409 12633 22355 18997 32376 6501 35326 21250 32823 9155 12665 26564 10747 22181 28008 1312 9100 36289 20858 34366 37339 39005 14947 38520 31877 19807 23397 2181 7962 35560 17926 5778 25540 18459 38907 7520 34361 10195 18760 3847 7766 21458 3081 29220 20387 11547 8964 1939 9424 2537 2636 24846 24227 16911 420 31454 967 15920 29237 2160 36612 3424 7203 4075 26262 15177 12425 37254 9248 31574 25845 17268 18583 25963 33174 235 13583 21284 33576 12863 33130 1938 7729 25273 9996 1605 29676 13359 12983 18632 13245 16210 19247 2543 28472 9427 27480 21102 24963 1080 14491 23185 15557 239 29156 38996 29082 8699 10834 25661 14873 12491 16237 13181 11513 1783 19191 23720 35355 25673 29869 15259 5113 33649 20314 39445 15048 6212 2783 25690 6811 22282 4467 28013 26093 22495 7358 3137 25795 4932 15164 18169 23057 8848 14206 7784 5561 30393 3376 32893 33589 6425 11721 3126 1954 31223 4710 3008 3480 33986 26107 19328 10369 3166 426 38756
14639 30753 4263 12575 39046 33268 25542 20462 6409 39977 35449 19189 13453 31201 27330 23361 7581 35548 22867 20359 21344 23267 11504 25179 12135 9384 4644 6627 5008 25750 19799 23490 20827 31072 3935 4039 37657 1327 26724 11689 36330 15326 29597 28182 22492 14888 6412 1065 26443 34707 19498 6911 20076 38789 7247 9778 5050 14220 29337 10604 36184 29849 9533 34460 14143 35183 17190 32242 38614 32901 29973 37572 16818 16742 29445 17060 356 29890 18337 24368 22512 20192 9673 14643 36708 7014 39194 38427 24045 24764 11129 14121 731 52 28133 14260 1635 19405 8613 29379 29544 15994 13823 10791 15341 3625 5224 23949 10919 13907 23477 25357 32547 9578 14177 9979 24574 22138 27261 16581 4970 1002 13643 3552 15958 36512 22240 6689 12080 13363 8168 8703 9932 5869 783 6093 6664 13824 33696 23207 452 19397 19932 11630 8804 28101 20304 21025 21619 16978 2189 29371 25760 34255 25510 8405 33384 21291 3653 5239 30707 24333 32981 14484 5845 21702 2630 34201 3902 12019 23424 9382 34820 2380 17733 21847 8275 15075 11619 37676 10168 28998 7908 24350 34162 34850 3334 26572 24412 4591 17116 3536 9502 3783 2607 12350 38951 1600 24419 33679
22554 16528 38496 393 4674 31510 11736 20487 20627 37142 8109 35196 1820 36630 26200 31712 1965 18790 4922 16195 12499 10595 24129 628 35739 7542 38505 11823 1255 28471 33870 10502 11858 20505 2962 38411 22085 10823 33472 30489 8150 2110 1116 28493 2222 20968 9699 31020 23757 20688 11262 8509 25187 24787 21897 27379 26331 33939 9142 7636 10247 35851 30982 39088 32350 5170 34665 14378 28240 5582 32797 26740 39078 16961 1891 20441 27567 38584 32949 4957 37708 30219 34521 5257 37711 33912 12940 39156 22622 14365 16788 22569 37001 6984 22009 20687 32430 38368 15274 37330 16508 3993 32441 30778 31368 3874 1871 21879 27949 22682 19743 2859 12363 35218 26197 2641 13565 10367 36886 29253 8946 30038 4944 13332 16624 27763 27572 11773 3760 20023 33910 20331 23670 22466 26242 33730 20535 8577 21835 31864 6853 32607 18567 462 6341 18465 29108 39341 22982 35710 17129 25278 17494 13550 17443 6798 25284 21861 35345 22073 18467 27940 26786 15445 33056 32407 5887 21663 15147 39211 1840 9707 14137 8454 16450 1826 28877 3184 3478 18078 21083 37310 10509 23921 37071 5262 5141 31353 32502 22595 22043 7906 26005 620 26838 39499 3589 38513 10481 34059
533 36144 26539 38307 33858 31291 7678 1643 8155 19626 17584 8941 33603 27747 15287 37249 27388 34525 15193 34996 13126 34062 795 35907 17827 21808 24734 36316 37010 38645 12966 20551 9684 14437 4824 24042 23810 11692 35173 23880 38593 25625 9784 28897 30108 14195 36483 34305 7324 14272 37913 29098 19368 12814 29900 23306 8407 11295 25443 1128 36900 7614 21218 23102 9526 34612 23484 30265 26121 18076 25237 7981 25039 29031 18300 36984 17686 16280 13008 1898 14741 5366 5936 8954 24083 37009 17244 21227 23556 25643 25121 5183 25147 17832 39577 25979 34596 3150 13772 6729 7143 5556 39365 21789 12091 35671 20970 8331 30109 25247 11347 7049 15423 4239 37111 32906 9819 3398 20170 24293 13574 30147 36092 17175 34748 35256 12747 15007 19165 24247 19861 4636 4402 12335 8200 39429 21298 37487 24549 6278 865 17363 21586 32579 35966 7863 22649 30396 35533 22810 31814 233 25465 37653 19187 14193 2655 29432 6732 17425 8566 19814 1200 29610 14892 2572 31739 31207 39657 21918 31722 37448 13809 23318 37973 29185 22193 22965 10796 10580 11136 8559 14276 22905 29173 416 31177 14648 16558 7827 30733 17277 23889 18909 21006 36653 10166 33419 17794 35028
15761 12264 10178 19208 22699 24584 11804 35041 25576 15900 26358 33545 22603 20215 32129 8720 28957 14738 26068 14686 20092 37224 15156 32189 6871 3 1688 18713 12157 17309 29630 13315 17742 7806 15924 10600 19908 32639 17161 15074 25417 21792 6431 14672 12127 38155 9761 9766 8587 13533 12139 34126 10432 2736 4094 27147 16892 27645 19623 24158 3605 23196 3444 36658 3755 33036 36965 15756 5103 18720 26466 17508 6540 10090 17125 16146 22473 16336 37460 13346 35905 39216 21192 21397 37260 37532 19992 309 28213 31582 6164 13738 1756 19193 2085 18936 3123 14976 26000 26878 11612 20275 32698 27440 36924 26082 38443 33499 3867 27939 6966 20074 31377 8289 5306 11245 19673 36476 37928 19401 16461 17866 24424 22205 2006 3244 37737 12482 32881 15489 17554 33805 18699 37726 23534 3315 3846 35284 34911 37206 28875 6019 11402 29549 4444 36314 32985 39883 15859 6717 22806 14748 34500 11521 1389 28542 20670 4985 21843 31867 23596 32067 24630 27873 33758 5364 15255 3975 19037 21138 1640 18468 36608 13183 27834 7850 11328 11300 31345 20955 1221 18505 15975 16472 38335 20189 23675 13248 38845 35716 27515 19559 4090 8575 28940 38540 39140 2758 21160 20058
17273 5009 31561 34621 17859 22271 36174 37364 39568 31357 1520 28083 29123 8020 14516 4714 13597 27936 20159 34116 4434 2272 15425 37963 14532 17148 2737 22978 28063 39924 37612 9367 12758 2017 23414 14791 26798 35125 21608 13843 39376 15062 7447 8999 963 18342 15678 12260 33998 9753 37808 24334 33914 33116 8756 32214 2297 26501 12186 18531 29968 685 32960 32433 24303 17744 21770 12419 32759 10256 36472 18658 35687 13373 10906 4038 21164 25499 13385 3041 31997 34842 855 17552 38511 11148 27891 14152 23793 3889 23228 35498 8513 176 38590 23169 35267 14836 15262 33043 21340 3661 12537 35992 23117 16553 32426 15145 7667 33493 37026 18179 25489 11074 7737 21358 19448 17967 12534 3825 27637 22376 4661 35427 10832 7503 11338 830 25060 21004 24894 24655 13460 35518 38302 29340 5378 28393 19531 27402 2514 7063 22025 5484 37471 24286 4138 2245 3647 6112 14165 11878 24789 14024 34110 36020 22034 9242 29521 31641 31806 16100 30171 7535 14576 12557 34494 2661 4514 34105 25823 23610 18257 2384 19501 25882 35307 29524 23856 12238 11352 1218 30345 17942 38050 28136 5455 20322 2389 28560 8693 14171 32111 38621 33555 9421 15519 28549 14534 5074
18191 27827 603 15564 31392 25083 11256 29809 35685 2442 17865 23084 15814 11921 29678 22068 38045 39498 28226 12433 2760 25162 39008 35813 821 5415 25355 24554 1210 28066 20298 33468 27578 3919 37966 23830 33157 25046 8222 39534 34300 27132 13775 31970 6133 39240 7242 9918 24743 7159 27536 6682 26736 31939 21480 14009 11363 17499 16938 35649 16848 21649 3458 1414 27893 29852 17722 2289 35704 12155 15601 12520 24778 15124 34177 7418 34643 13625 28315 8735 11217 5959 411 10590 21614 31512 26059 23121 31023 39030 23339 12300 35197 9595 15801 27934 24608 20064 8893 22390 37566 33719 11649 35586 19995 35204 10147 33292 18826 9083 25622 28387 9952 16592 7698 30927 14410 10421 33700 19625 3918 37055 23784 19699 34967 22219 36011 8097 7170 32151 2997 8845 34933 38304 26313 32452 25732 33236 36377 7798 17246 36656 24297 2201 10289 33465 9017 24251 32415 33004 1140 28726 25865 22531 12718 8011 8414 37954 5044 39109 37688 17415 32513 32015 4417 5097 19281 25807 21740 22617 23968 20555 36659 28411 7556 4993 32076 13484 38749 5928 34576 15993 34235 31047 13243 35714 25059 23154 2815 33959 29546 36974 1428 11972 16188 15841 36339 18259 1559 4320
5840 5652 2668 32936 34411 1836 23264 7366 30213 23412 21330 2285 13921 9396 10111 31609 33422 5550 8277 35617 39877 3432 16386 8144 6626 31564 15043 33034 30270 39588 11519 28039 28389 8503 33750 7532 31101 8125 27545 22826 9760 230 12365 39435 26963 31044 6494 35760 23953 27672 14106 26233 23672 21727 2648 19150 1929 10921 5815 20979 39215 6538 5673 12601 35681 18549 14597 23486 7416 8760 35515 8662 32072 3386 34326 37950 37230 17331 53 7881 24394 17685 39507 11529 37150 1032 28518 16757 1462 21335 9483 36586 11965 30564 2313 4207 5249 20292 38654 8230 4895 4493 25324 24486 3421 6890 23039 11187 32204 37360 29848 20400 27435 7392 12202 38245 25705 24881 22157 22042 8023 31548 27560 18897 14548 17186 1549 34066 7941 16018 3727 21986 5604 34034 2773 38575 39310 8981 30022 20677 31147 3841 29805 12967 25881 20965 13559 4440 28812 26055 10647 7894 34442 18319 12645 32918 5775 125 30954 23533 35501 7604 36082 11150 9777 37846 565 24407 30485 38054 20634 38205 22354 21383 10084 9366 35086 20982 8696 9047 27526 11501 32248 6753 39205 35812 38207 8553 18862 24318 23305 30365 23962 13059 11204 29479 28594 151 3107 8409
17645 25677 23051 14474 3894 25682 4680 9182 36841 26457 18217 28886 36646 24844 23495 33892 30370 13853 32928 23470 10939 17352 21297 24962 18596 9518 34211 28986 5052 22725 35383 11470 33556 35330 33060 8091 3708 5882 17457 1597 21708 23517 19733 17022 9605 14141 29412 7666 39114 8479 34947 36348 19116 11834 10718 15199 34099 24517 20932 20132 10845 27593 27953 6797 37603 7348 29504 7280 34487 23312 18588 34641 35454 2257 17481 24903 14696 37555 37623 21116 7369 11936 25068 22012 22945 19199 26603 542 18473 681 38364 23249 34927 13789 4890 24497 24348 33864 22714 6132 11862 9402 32899 21870 22906 31144 6351 29079 9873 33816 36475 6043 7757 17943 23687 4462 25681 10271 26545 10462 2025 21569 596 12357 33332 38426 22964 26192 1720 6344 7895 14125 36908 2818 34982 27801 37391 32648 37413 604 21543 32139 17165 32352 36469 39602 6340 8740 31441 17650 1083 33887 31054 7235 17215 22967 31733 8641 16680 2291 2811 21698 11184 35165 35658 6029 22385 3808 31837 18745 26537 37851 28334 33487 19582 31762 25961 14819 15466 1855 15014 1582 2129 26567 23868 39060 25005 7244 23705 14594 25088 3481 4872 31776 14472 33932 5398 19753 7406 13079
311 21937 3996 29850 24855 9289 36498 39148 21607 31986 30916 5357 37029 38526 30478 2715 36208 30360 17999 5571 6124 24455 19213 23034 9666 10308 2989 25623 34290 29685 9029 3494 11146 28225 8680 14109 32871 12408 38466 36970 39517 12371 33667 32126 23885 7409 34028 13566 4769 20385 8801 33110 18916 21486 6740 13996 7305 15569 4989 825 33505 26710 33768 22587 17816 19107 23668 3050 20840 33028 14413 38475 37911 714 12657 29503 2557 7710 1912 18371 35150 13880 12988 34656 28953 24145 36750 24995 25151 436 39500 31422 27192 2339 31791 1825 19063 35297 3078 14309 2299 4882 33651 34839 1612 27643 11140 9318 32174 11701 2673 30706 13475 2794 7998 26582 30825 22032 17483 30088 35683 38969 12809 20764 19330 10273 26508 6579 33047 29041 26973 4616 1810 937 18958 38867 34208 25252 3266 37173 4624 39308 37394 29763 13352 5855 15812 13122 32825 9343 30704 4438 35098 2882 19812 34802 24861 27467 39028 5470 4074 25549 20024 25970 29941 27411 35551 4669 6605 6273 20165 32002 15941 31747 31481 2778 9513 31158 21013 38020 7440 37613 15031 37553 13383 1257 31075 18585 28798 21431 28581 33260 18193 33166 33252 31437 30744 33919 30354 25599
8929 5784 23791 33868 8286 28032 17537 33235 39315 23825 39021 10963 26696 2408 1095 21429 23773 11379 39886 8822 7815 10016 36944 19013 8103 16775 33615 16282 26956 19271 34670 27770 36296 36638 20769 13668 26379 7861 29215 6395 21449 1956 11209 15276 39138 2529 2988 11135 16485 17279 26597 22865 5033 33990 37529 16375 8202 21851 35263 33777 20762 27255 29562 7306 9885 23516 38004 28764 20795 26464 18207 8049 22750 22833 1434 1775 30241 32775 9486 31621 24526 28534 16310 37924 22666 27552 969 32404 11574 819 20123 35433 20652 12653 26327 15247 6215 20281 13790 4565 31168 38238 18336 33182 797 8429 31960 35194 4654 24955 11227 17297 31298 27948 3900 4634 2032 6838 29339 17047 28622 8460 30604 13985 24308 26395 717 25253 6035 21390 26291 5230 16647 3930 29212 17646 38537 17608 16868 15098 33724 20270 35816 16466 35945 13504 191 32897 21223 11918 10591 14002 13848 8086 38187 24418 24916 8305 13526 28834 39224 5377 38638 14435 13216 39562 37437 5547 12058 37267 7692 30133 28667 13115 24460 24441 18216 22962 4330 31880 35612 34386 37731 34185 20581 24166 27003 24530 2229 26459 2584 14998 28391 22428 12571 10552 25994 8357 3857 30330
13410 9015 3942 21476 19670 7949 13104 8111 33145 15244 6105 31452 35502 14963 29857 27161 2547 29643 22537 25724 1630 7491 24748 3992 13492 12671 26167 20569 7689 21527 2657 17856 34035 11507 9887 28883 22094 29205 19190 24446 32245 14267 7356 20797 23329 38577 5383 15319 18038 4708 34160 903 6860 21530 20161 11983 32491 3924 31025 20655 12327 32723 31943 19546 17712 27365 21759 772 17785 16009 28813 14007 37706 12862 16059 28865 25135 37145 18481 19562 20282 36150 18703 29832 5791 21202 34552 7492 29716 4529 3354 1297 21627 17138 23603 15027 444 37386 5268 303 355 6486 20562 33358 26240 19959 25422 24401 33704 22158 35667 7663 2921 20541 39038 35012 30720 2209 38640 31179 20855 23569 24051 25783 11329 29425 17793 25265 35177 38280 8913 16269 23857 458 39391 24478 19345 27214 8660 39174 16828 14329 24532 20194 37271 8655 26442 8065 39698 25166 26919 20701 24792 11982 10322 31096 2226 17410 16464 2178 27732 30839 4934 32536 2046 31569 6870 9055 28277 34532 37997 39309 24751 22876 13606 20435 31152 15650 31984 31093 22079 2602 36103 5916 39941 6527 31859 28728 12486 16988 860 1142 7927 26310 12562 7496 31013 23680 12723 28783
30190 17726 89 38815 1469 569 28356 16048 34754 8328 15092 1281 24513 8853 25231 5806 13589 24629 17522 20735 1867 35549 8338 21382 891 19809 16326 27845 297 17707 35577 28102 7480 14828 37444 18613 11066 19922 38080 30833 27157 12777 27038 31398 27491 15168 4419 31255 29133 29636 19841 26176 2669 22586 12914 14475 12214 35869 21386 8774 12628 33685 35639 27173 36571 32458 12893 21141 18747 9937 13578 15379 39191 1746 12865 17160 29045 31320 24705 12149 18125 12030 5699 23936 36561 37830 15385 8092 27591 11326 37401 11141 14468 6849 5410 16594 22089 38704 4561 2079 15614 14123 33699 16288 32051 3296 12518 18912 39840 36733 1313 20929 37359 32518 34449 7741 12822 20033 2051 23011 24730 26410 7285 39531 27811 34287 9252 18785 14104 11979 8208 21725 5259 11539 680 4715 28794 25708 3503 18584 38401 5549 35893 36381 9641 18854 30272 33124 18501 23168 31639 19244 16622 34495 19723 9417 16659 15774 12310 6074 27175 13519 38725 1632 32010 15242 9529 15218 39198 10555 38068 16075 17984 24183 5085 12274 95 9105 2501 104 39692 18077 1437 6197 39984 2578 31862 7915 29885 5655 26968 12578 13406 12630 21889 13682 29128 24981 2092 16941
4815 17928 34767 2171 34141 33244 15358 16559 17737 10848 36820 31167 5312 9443 1376 8183 20888 15548 15474 5595 4460 2901 25200 25962 38758 16942 7528 28363 12735 23594 36195 14050 11012 36026 17617 2712 9978 21158 19042 21685 36715 7643 3978 22093 25404 23291 12907 26772 8266 676 165 10996 1436 25902 501 4582 6684 37358 23479 1789 14555 19686 39196 35666 19321 24885 26361 15056 20699 19806 11389 11125 11723 26938 22847 12751 29264 1395 20172 19811 3956 11550 15084 39172 31507 39640 20961 5432 27353 2406 39042 11892 13305 33202 14550 37520 17812 1483 38942 16193 37086 31988 5030 14431 39634 13530 28122 34806 19130 37205 8313 27856 33770 14142 25632 4741 2475 36890 38407 37361 668 1977 25335 3998 28407 26479 13840 29152 32418 25115 17798 8855 4776 21748 10806 29377 10194 35309 27419 27507 8678 36240 22954 26494 26629 12002 6972 4593 23967 6418 19866 38378 29775 22746 31853 770 25871 25340 36570 31386 10514 35926 24240 12660 33875 23685 21170 35523 6184 28703 22981 8755 19100 4638 1932 19858 26424 37751 13163 3507 34438 14146 15291 23341 6193 36544 24946 3241 34517 38832 21381 24534 4679 37720 9676 9928 26726 25391 34764 16783
13849 27037 31944 36401 19449 25123 38185 31535 14735 29754 6673 31300 22111 13759 32119 28675 523 19364 26298 25149 33813 34738 26498 27666 4555 2191 12105 17498 29837 9054 8371 12115 18859 37182 19791 23887 13705 37264 27488 18711 37427 18395 22078 29036 35636 12164 11232 31164 16465 8483 12611 22542 21638 25236 31134 16711 6512 2312 21076 30518 33395 31268 28103 6906 28310 4652 10102 13260 32719 6520 35153 13783 11020 13295 22723 10366 32931 36414 31022 30746 24398 29497 16409 37625 16610 39787 29951 19949 19493 39022 13395 34251 39780 29034 742 14605 37091 31846 11212 3009 15667 29485 32930 32236 31671 10876 38830 36293 39457 5665 390 20561 24192 9921 12219 12287 27793 6519 29778 8838 2386 1189 3600 39111 10217 6417 29466 18349 28270 35380 6135 16296 9905 20492 8692 9904 3964 22566 24531 32052 15704 33648 27508 16717 18461 29210 18977 36405 13860 21581 20836 31363 20900 24414 12999 26648 22888 12082 15660 21987 11640 24785 5811 16207 1348 21159 31789 23131 23368 31844 3538 33643 35706 5109 23365 8827 30361 22209 19774 23290 25168 32167 6904 27979 18573 15921 35615 12215 24104 1104 37488 19547 9511 24692 16378 1676 4725 37256 27516 16998
23074 27075 39726 4878 2172 25875 20935 21629 8943 27772 35323 23824 25074 1064 34498 11420 15136 32017 2324 4745 16772 18247 18224 18422 14523 34538 33717 16471 28145 38293 14920 15328 3120 27043 30486 33312 13575 3814 28708 364 3545 11167 1561 3317 18775 21496 4687 35159 35829 39237 34511 3429 737 17141 26255 39719 2929 9265 35702 36366 9972 27205 23461 2678 16827 3226 30288 20356 4377 28922 27025 5970 30174 2730 15722 3580 5102 6143 20695 20531 10565 5856 12512 9164 24941 13474 6812 23170 11846 11386 11626 12297 48 1764 28295 677 21683 24635 21356 20412 36735 35236 6830 32788 26366 14248 28738 15635 26778 22117 16761 9250 12558 34323 30343 3198 6965 18550 2870 36915 5333 24805 28495 31851 25980 30228 36729 3710 9301 8325 39752 22877 10513 36244 23218 14835 17195 16272 2827 29517 37129 12945 31278 36358 7538 26033 20595 29114 18271 18119 5440 6206 35435 18959 8187 2034 1317 2204 10379 25602 33280 16510 16797 20575 33467 7234 9806 28351 2331 12185 35742 17043 32496 32152 36185 18196 15359 28921 18985 2003 14057 6628 12572 24495 33480 10390 15508 10402 17923 26032 6321 32318 4283 13472 10011 2001 15582 24672 25564 11751
4849 39149 17071 988 24493 5098 29092 19987 11219 33393 20753 21831 35200 2742 28441 36982 25589 34310 28589 6709 11561 1378 23004 8291 38768 2565 9108 29972 25098 38410 4658 35249 1971 9338 10213 20193 9724 2965 25423 35725 25646 8767 15509 19750 7381 36675 33650 400 26808 31558 15708 808 1819 9093 33423 38770 5475 37340 13224 2610 26202 9181 25735 31847 301 15642 28928 23183 6146 39844 10281 28254 36456 31755 11531 1543 20614 1900 28118 30405 34077 26541 17783 29239 17830 26873 15936 15979 37981 35737 26106 20689 16557 27771 27927 6336 35635 39127 9763 9323 10745 29514 32494 1129 6738 8956 30163 18357 14795 13856 16266 31423 34417 34516 29373 24660 16905 15681 30258 12975 17210 9795 33317 23578 15185 19197 8955 14249 20373 4868 5964 15627 1835 4840 25318 23629 2677 6003 37085 22892 36247 20506 1167 38744 32737 26219 31493 34055 5179 26104 10673 25359 7177 5265 33981 8904 14360 34130 35409 13170 34976 7020 12556 33782 7261 34493 26757 12788 38162 14701 19024 15049 6445 24797 32967 20875 5674 29545 33999 24440 10488 19640 31289 33383 24978 39033 27256 12143 38591 26480 24569 36756 8581 34587 13980 35564 29860 10429 39540 39250
39442 2924 3082 36964 2221 3873 39381 1106 6291 25130 6948 2964 17582 13288 2828 30204 12539 31042 34238 33656 39646 15160 15598 1958 11043 5796 1678 1518 11902 4471 15389 19782 30020 33561 20394 14677 14826 38955 20099 21736 6793 34589 25638 34693 35138 10419 38741 4335 12897 22672 24689 17964 32681 19962 14230 25721 39151 27580 26350 6217 25731 8543 7269 14383 38971 5614 3534 13294 17147 21212 19980 754 10420 7129 18637 23061 22100 27876 21747 19005 4168 21408 32603 17480 38710 34796 21280 26194 27081 28082 16921 9675 38248 16839 22573 8036 38790 30724 34376 17454 24325 18851 4433 2570 39479 33812 25084 4838 28011 30889 1476 6222 12969 778 14788 16778 27162 26349 35500 3966 3557 16270 36655 26254 34206 21146 9098 21653 24842 7498 22875 31525 38771 23008 19584 16037 39258 22816 226 37045 15810 2158 19524 19485 27517 25977 3108 38965 13820 27831 1353 3722 38950 6593 11620 4577 6957 7646 31470 8119 31610 26792 14780 24212 6745 21028 1793 23643 25925 10961 12337 19256 33577 12818 30392 37857 22107 16601 13664 27915 12190 22403 24591 30745 30651 13099 18523 7405 8556 10220 31195 6517 8919 28233 27344 286 5985 14328 12745 12409
29770 12549 12732 8717 21018 25649 2884 6405 18062 20863 28081 1240 36525 16984 22244 9668 13091 39426 5353 38958 26013 17590 7497 37218 5712 35178 22662 21077 29586 5972 1988 1292 24464 2101 9013 5476 21838 992 39876 27322 1796 23843 37845 31807 23897 3670 709 4632 23905 3203 27631 15143 49 24059 19045 30337 21196 7568 26499 16482 26909 21114 23935 16252 28022 37207 15462 10005 25411 12487 37491 21359 3214 35211 4764 15232 38896 154 30479 5197 39453 20280 8708 8906 8871 13371 28170 2259 18717 1606 38964 22474 12581 31070 17426 24670 3617 39129 32791 24116 29689 28256 28613 35981 5881 17598 39961 10656 6625 1611 35733 35298 4027 21471 14404 6013 5731 30533 23514 39141 5700 13050 34858 20138 23462 8027 16407 23761 9304 12008 5848 31476 28278 31438 39795 22886 20752 15972 18390 19461 4836 16414 35910 19652 4268 38120 18517 33001 31090 39277 21153 25630 39253 38819 16506 31932 9064 26247 27966 26399 8782 23436 2263 19138 33243 23956 13073 3677 6819 28151 15303 27568 39136 4113 37239 22970 31630 3707 36724 20881 280 26037 354 31894 30003 18828 15717 28252 2873 3449 26500 1712 11555 5954 27877 39300 8063 28451 24287 34381
3945 24522 38320 10794 13872 13686 2115 3163 932 30845 6637 18890 36229 27150 36669 32741 7726 16293 28853 29211 19511 32792 22040 19121 9899 20725 16440 39063 7518 28852 6588 38300 36901 25555 29258 16898 14932 25282 14956 29357 3818 16516 28944 8164 3521 26903 6062 2992 9021 4016 37222 12199 33227 5376 15370 14375 31979 472 276 14163 37824 23780 15882 22862 18696 19874 39631 29005 39432 39662 5154 21976 32185 345 15384 6017 16890 22993 18932 19532 22900 1862 8269 34072 27579 30588 38353 28174 32570 16413 11605 15644 32974 3613 23667 307 23728 9504 27918 30447 16611 14022 13503 39441 25420 32658 35107 14950 7690 19697 15715 17109 18594 16869 38913 37937 26252 17115 8272 2560 8530 27775 6533 19655 17087 34531 1466 4900 32604 11332 36524 30052 22135 34414 20004 7978 27788 17898 4527 32036 25345 8883 31014 20009 4615 16079 20565 5321 16094 17212 1962 9099 23381 39922 19363 7051 18334 36671 37480 11578 33716 24581 37028 28217 4389 3181 9580 22273 16660 38313 14690 39674 34370 30562 11966 23522 22182 8649 28248 7890 9158 8472 36288 39012 33695 20457 14299 32503 4232 28131 18186 10116 23173 13512 6087 35871 34226 38150 12979 21355
34513 6202 15777 31311 10954 13950 17553 38105 15595 27154 15117 25524 5372 21042 8502 37169 15700 1467 3610 28786 15169 1636 23648 11084 38639 21377 7716 8898 8758 26884 34607 24649 16489 14870 13639 13164 20639 39288 33048 18005 34250 1590 28190 12962 11392 16574 20494 22304 29224 5388 8768 36419 4606 17774 32705 6316 20697 11131 691 6584 18195 16447 5131 8628 29564 3307 8505 24840 22543 19342 5053 18754 2140 9355 919 35768 1121 34763 34854 23939 39843 5320 26978 30944 28652 4622 8375 4931 27023 15167 15331 651 34829 22031 8211 2987 20686 31706 5456 33956 37278 12955 19276 18429 26053 21916 35259 12928 4943 2425 8177 15349 29334 976 6059 18108 9530 15872 18068 4050 39913 33888 25887 11088 29923 536 34096 32493 24575 14315 7808 20413 24957 27780 22102 37766 14160 32237 22426 20737 17272 7098 20150 4246 24245 25338 7413 20329 22345 16577 25529 22184 4807 27551 39608 8064 39994 8251 31479 35736 29424 12798 30029 18394 17098 26998 26690 553 29649 27859 9183 19103 22431 16565 12320 30998 3646 15742 32462 37549 17674 30623 16403 19110 37244 29939 35818 36726 28129 39120 18324 19458 173 39070 8440 8706 28816 3269 3395 26622
7945 28791 39971 38035 21957 36473 16567 10037 30135 3322 6791 22691 38074 2672 10826 6079 17200 27576 4798 16443 3909 13902 35257 19583 27152 11929 27014 34468 16315 17156 20941 21546 21333 8434 35646 20814 2096 11431 31076 13935 792 11970 23766 24332 487 21029 12594 11886 36541 2932 11924 22913 19383 5227 30557 33461 25938 34645 7506 38062 10731 24231 11697 5203 23590 27825 3651 9695 38367 22098 10816 7859 12538 3485 2832 35606 5670 13367 23389 15746 15190 29455 10615 25051 23997 1125 38295 25645 18535 36861 16022 17131 17746 9569 32884 38784 36329 11174 4289 27088 16289 36576 22452 31460 6204 24887 5606 409 5482 18389 5810 30559 30216 4436 3840 36002 22788 34658 28057 39528 16262 35443 16116 28486 16968 15439 16034 11053 20713 18562 29470 29499 39489 19558 1511 24870 12432 6419 3571 12234 7820 21094 3944 8749 37917 20214 3654 35728 11362 36874 39233 30607 17655 22851 28633 19775 25366 31532 32325 6388 28125 6608 38735 36983 24736 5722 16327 10218 2600 39342 837 39990 27094 11090 25430 39238 10585 33923 16994 28689 10558 37790 35668 12756 10272 38570 39370 2604 12400 25764 23075 17162 16537 8771 16290 4857 24147 34268 27191 11456
1809 21086 15711 11951 11384 15967 30205 24976 31135 30560 2055 15517 18992 4191 32 13445 14904 25688 11850 10524 25036 9630 23525 32282 38072 19432 26958 36945 20212 3358 33413 32799 28023 31066 15234 39760 16673 38927 36848 32157 14827 13893 16151 10415 35203 19437 15918 13108 38122 13711 37241 4702 3389 8231 10066 15747 38183 4803 5690 7471 30577 17097 5671 31577 17202 39304 21326 30166 2952 30404 15015 8428 23390 9960 31735 4069 34432 2971 2428 38420 19909 18016 16291 1026 2891 2975 9838 32869 31551 22624 470 38509 26863 39666 12880 1802 7575 29845 39513 31985 32003 23073 32446 17579 3178 3412 4233 994 18361 16103 13477 34329 4510 38099 15828 16033 11399 4626 21399 4981 1322 33950 37002 761 2278 18903 7344 24717 31981 7677 37027 20906 3638 1608 39824 11958 20676 23804 37893 33735 16888 23150 31698 21903 9339 3981 27281 38059 26196 28839 32652 26706 32270 18338 19553 13019 32685 15580 592 31260 21996 19621 32708 11220 2122 14366 11841 19358 38807 24384 19772 12754 39761 25446 37629 39575 30544 30495 5169 19427 11394 29723 33852 28758 26062 24023 16980 36636 14706 15266 408 7592 26872 39252 19056 31701 36227 35146 24950 31380
26980 38091 7673 20619 38813 7396 29000 6459 12828 11546 4259 27477 689 21893 2325 20496 5489 19951 13039 25215 37326 7911 35289 15751 22871 36322 18008 7801 11283 17933 7361 31925 10519 21524 10152 38278 29174 27109 31667 39818 24835 9949 11454 32836 21420 30224 27412 21632 11691 28453 20229 23759 15786 14705 1248 6461 25141 3595 3489 35225 35971 17745 11654 17511 5754 27099 30781 621 32610 5161 15285 17680 26680 3348 20633 8650 29087 37735 27360 840 7785 22261 39082 13127 18687 1374 38244 5757 2719 74 16843 9235 317 14166 4623 25431 33343 18905 24370 22910 38687 19600 12662 30547 37495 2518 5444 35805 29281 39103 5362 34198 17835 37539 15719 31772 17193 39732 38518 18384 14993 35585 18872 39721 19222 19579 1328 31197 28739 35021 4612 21415 22497 3177 30037 4921 28607 21226 9217 3532 39372 25779 18968 31199 4410 22259 11596 38988 32209 16390 38048 24255 5068 23725 31835 33711 1403 12022 35891 14513 28621 18175 28864 27990 19637 27298 4648 16969 23003 32590 8057 17665 1941 8117 17408 31478 33966 19379 845 19452 38211 22299 14655 38995 35767 7841 32034 37402 403 30465 30885 26160 5283 32779 16975 22248 29878 37696 20295 12197
37469 14709 4982 12931 20196 30136 20830 32482 174 8751 5911 21749 12278 34857 2967 27338 38736 6760 25353 30372 36263 23192 36935 21434 31421 28237 33672 11871 7346 24813 8173 33450 33177 13155 32822 5539 10442 26636 34678 16362 12442 13491 24676 21720 6175 12447 24600 2456 2836 38933 36479 13278 11789 21876 33674 1641 18316 20236 3466 15374 13760 21661 33818 23299 28835 35139 23882 27334 15540 32892 38230 16590 38803 38539 17938 14145 29812 9714 36442 3767 22608 17291 20073 12252 5162 37597 782 24049 32224 31080 13535 32829 32857 21709 27278 29059 39152 9985 34765 11082 38778 424 35957 31124 26103 8667 7039 20586 23886 3057 34351 228 10034 15699 20105 8928 2549 29331 26260 18284 26347 27548 12220 30920 34891 37976 2240 5116 18089 33640 11203 23581 17333 25832 17641 8908 35038 20442 20568 29648 33491 19659 14737 10009 35279 1577 30894 35053 37518 13213 2779 871 4149 32544 28941 20305 7929 14973 21125 39345 14071 335 33337 28572 24071 7856 19184 34867 35093 8459 20560 36846 31918 13440 15267 32336 16438 10064 23511 6185 2351 7003 33873 3714 24434 25201 18325 34851 6194 31826 12437 36042 30892 22387 8518 36386 12175 35643 4842 33512
12189 23999 27311 25628 32145 896 8135 2047 20450 29407 29749 21631 39511 16896 25516 18266 32874 26091 17947 20224 19188 35155 6502 924 4621 24898 15643 15166 32492 10357 5808 23768 22953 4930 30698 26812 4865 13498 9981 38836 16993 10417 17070 19726 9603 16120 39003 36205 38532 7341 11417 24402 23701 11243 32887 39267 24636 38350 9030 7201 37501 19224 29733 870 30721 28850 31836 17248 39257 3245 17547 33139 28896 14921 2099 14234 39368 2660 11007 32746 6253 11377 26581 33726 16533 23634 1231 6398 9133 39119 12621 4604 23487 12996 14164 17768 12319 10701 2507 29183 23281 1705 10559 24973 39853 15728 31050 39765 31295 5885 26566 3546 23995 11252 19731 15157 12691 13633 29453 8158 38839 16054 28690 21384 11266 4782 25401 24469 36558 11704 2785 17040 34553 39754 29080 8149 38428 14544 12176 17982 13666 2765 619 10975 37834 9067 11067 35915 19029 3388 3821 38745 34975 13238 37683 33530 339 21940 18970 16363 20544 31861 37746 26352 13012 6138 20326 7395 1075 21844 38391 26101 25008 33622 34440 27296 20339 28987 32953 10062 33629 33455 1763 17972 16860 24807 37522 15221 11418 27550 25863 433 26370 7623 2169 23541 3345 9906 35268 5330
26094 12298 12228 4494 34196 25493 13160 7682 27646 12462 17555 37072 21421 25487 11757 34316 39074 8711 39967 9471 30964 13140 10187 37399 32221 1558 39185 33619 13717 9276 2399 38416 3980 33756 2490 36030 7238 18643 28280 7426 32291 32395 36409 37748 27058 36033 21008 28854 37580 10984 1610 112 19892 5990 9346 29724 14667 2103 32546 3283 213 1236 36410 34248 551 13723 18248 21052 29405 14765 23954 17157 34795 28120 7864 38341 35175 32176 17327 30926 23261 425 36281 1443 12794 13132 9389 25120 934 10904 38782 11314 38356 6937 33195 4864 20221 32952 30526 27727 9944 13683 16170 25456 21875 35738 19140 26261 7936 32667 34570 35998 36880 14499 14489 7073 22048 5260 14113 27100 9153 29056 34869 13769 10398 37787 14423 4409 34239 24462 10683 2986 18718 2396 19818 5237 29921 12160 26951 28198 17185 14053 11046 34273 1949 12323 22637 12366 13177 15099 22854 7171 37231 28555 693 10435 16084 10625 17091 39582 31658 4498 11604 16663 39581 22769 17245 5368 37554 18408 5878 1700 27765 15468 34840 36110 22083 4415 3742 13314 26463 31310 37897 30491 26610 27584 36797 19186 28421 22199 33462 10770 17994 18697 18218 24454 29450 14776 29587 34497
21518 31113 6131 3827 15543 6067 25094 21296 8834 7967 28269 25642 32207 38602 22907 30058 24685 25772 38297 30374 4131 31586 9661 17307 1282 37349 13142 21881 10797 23297 9997 15909 24443 16264 27542 17021 20532 5974 15464 4991 17819 17788 34111 4689 35657 27103 7412 8788 8719 14325 26369 4537 27034 13961 8798 29743 64 19568 29542 9737 4218 12757 1332 15965 4437 22708 34397 26485 30662 29261 5288 1693 11817 38379 33171 34781 10210 5854 3738 13299 25829 16970 35099 27463 11350 7810 16815 33788 19813 38567 13043 23213 26224 32633 18024 39931 2937 6783 33617 37387 13461 21264 25885 27218 7028 20047 15204 7807 26734 9156 24202 29696 20664 17959 19068 9933 704 31342 22570 12768 20844 21641 7226 16897 30111 20509 15800 23009 24261 9336 31768 34918 39400 37712 23324 22069 30663 1555 16366 36301 27031 20429 36183 37722 24354 18738 11621 38802 12510 26320 29277 5564 9479 15930 17430 23222 20775 19536 26317 1438 10577 5413 8861 6912 5310 25533 23677 16342 11226 24410 162 36076 17842 6590 229 28671 2213 7750 2984 2566 32381 9328 1652 9687 38767 2860 36261 23250 4546 37701 5439 3359 26674 28455 31956 22631 2740 39637 23120 15337
11786 32212 4610 13694 26905 30957 5375 7021 21242 5957 10134 19413 22642 36582 20131 37044 27045 3476 37528 38842 11049 19234 28900 11153 34049 13669 8396 36644 39724 4677 28419 24193 20915 32717 20918 10190 15720 13490 14439 3055 15976 16247 21111 10324 490 19928 28748 15630 8624 30650 39065 15214 2416 10278 550 7616 9965 24250 5776 13417 14098 22367 8400 14911 20391 29518 23182 19724 32643 4748 39348 26073 27226 5696 24795 5622 25919 11495 31196 32905 11092 38760 39737 29670 27053 36246 23497 35219 9829 27120 33903 7721 12817 24191 9971 25939 16028 2298 34352 26818 33119 14392 224 39888 37176 11687 29495 12672 8591 21845 22186 14515 39555 30527 32959 30576 34504 37172 382 36504 10316 20066 29075 33 10023 31012 35752 35430 37770 23820 27504 31987 28975 38126 27823 29897 35278 24457 31790 39338 11435 25310 15881 12101 7325 26243 37704 15649 11109 24504 29867 23642 31638 31323 31297 35496 17550 7297 39636 16213 1911 19665 38469 8598 23289 23229 22292 24642 26521 24056 43 3199 29039 19668 36599 25030 1406 20054 33275 7572 12133 36007 1118 11100 14198 12356 38840 18360 14169 1990 12246 10955 23564 11906 22171 5526 35206 25254 20895 22743
10583 22521 27325 25686 30355 3943 21689 2722 19698 7433 12874 4791 31484 31218 28178 26916 30652 12294 7582 35101 36061 5204 2211 14656 36993 25454 31616 9803 6944 21550 27078 39706 19991 3374 17401 34382 39035 6983 1454 37852 36732 22498 22191 3764 10643 21221 3792 2899 37527 34750 6583 7206 39162 3717 22902 33371 39570 3908 18131 20206 7591 35407 16753 3499 16462 6992 13014 971 21157 27706 19797 8597 35950 25101 37035 12546 34486 27240 39231 28200 11655 9016 25090 24939 4929 15527 28440 3602 2868 22515 37583 24929 5850 724 16694 29908 38125 28557 2350 17824 5 16483 26164 13901 3866 3370 7935 33363 37476 11613 36978 26815 26825 8046 13648 36161 10065 22659 12221 20902 27348 19459 14021 34394 13548 32386 14762 9230 27289 24234 11727 28938 918 13118 2443 3467 37329 11098 21026 11816 7920 34537 5080 9871 17469 28833 15518 4830 19903 19442 65 7966 13502 4583 1048 39586 1357 17848 32463 19543 18526 16242 7624 13778 25821 35458 23067 8322 3072 32749 5314 34114 19950 2820 14061 28246 24564 36383 36981 38000 1993 4303 30008 9746 32449 6252 29342 38484 3216 3240 9762 2367 21824 39382 16089 8403 25053 17379 8389 23756
8731 25439 11339 24756 6227 1391 29049 3758 36251 820 37797 27084 32908 28747 4909 5961 8074 4300 32771 25377 14710 13451 23524 18647 20642 24651 29913 16139 25723 33668 1137 4136 14483 39926 108 1666 18157 23927 34557 38227 5003 32050 8610 38828 27190 2219 4110 3829 35762 25858 2089 33434 9828 3569 14972 28124 22216 18776 34038 6018 17348 6764 34602 37415 20405 15736 7272 6955 27919 2991 31702 32013 3257 567 16212 11907 20249 1827 5616 10293 10232 19462 34057 25717 1326 30477 13459 32679 19047 20187 14933 4595 21110 12523 26482 12915 15516 36015 12346 20419 30849 15829 28933 19934 16829 37125 22451 21059 20312 10400 19340 6309 29257 17417 14465 23802 25099 19777 39291 32816 14144 35184 22021 10546 30681 36276 9884 32333 2791 37517 2943 31039 29209 11916 10710 16807 26396 22626 15263 15322 37571 24917 26220 36312 31235 18014 18053 1658 22450 7824 6775 1603 39558 31083 29312 21813 32769 30587 15838 7318 18553 31597 16885 20584 23622 15683 11743 38347 26131 5424 10714 15674 1154 19237 11976 4971 18310 177 14961 31335 37538 16257 18229 605 6401 31466 21352 7764 36825 11573 1794 33346 13208 16096 8344 37140 37780 11388 2492 157
22633 15808 23812 30238 6006 4107 8926 14311 29582 32602 36000 23268 7759 24364 39055 17052 17535 11511 3351 26625 19445 36466 18800 23934 39775 28984 35140 872 27993 451 1207 7161 7359 10798 650 1411 34554 24143 36623 5819 15240 9482 31381 26225 3927 30716 18448 30076 19604 8975 33597 21437 32243 30040 8887 24568 27657 23243 11884 22582 25747 28663 3913 708 25022 12767 14558 12532 26788 34145 30107 4201 22736 18621 13995 17543 5851 39379 35378 17596 9050 26095 19855 16110 4372 37289 31233 21009 37376 32800 30368 39223 7223 5337 5007 37272 7684 39538 9464 7122 9599 8048 22162 35425 17517 25207 24283 17289 8186 27233 7632 7783 2494 14058 8985 1880 35696 12256 25424 36421 5999 16812 36979 18993 9917 28709 30875 23429 34648 8523 2797 23195 13719 25263 3425 4017 1404 18858 4152 36035 4643 16573 9261 21707 34983 34176 34744 22621 17504 31364 5589 12173 9092 17142 20743 4586 15420 13145 37108 12825 11333 10170 33557 30421 27429 13704 4215 14493 8734 3327 20218 35935 15396 5334 30891 20217 32420 34981 4650 29164 27656 35644 37047 16721 38589 2959 17709 30112 22295 38213 3540 10567 20585 5640 27050 28086 32317 1758 8881 31691
11192 34455 2632 713 26340 15040 25211 34050 3147 791 8842 29694 22418 24110 26502 33253 38879 33677 27634 25792 23663 23809 753 21103 2030 34650 12443 33086 35325 21268 21098 18606 18969 4587 8110 33637 37236 38163 18226 8099 31619 19151 23347 17432 28147 12935 6496 3831 26325 25485 26031 39553 34065 26268 39230 21886 6359 26235 25406 22946 32110 27377 7842 7459 20605 21509 9840 22461 22944 13431 422 10317 37439 14326 4920 31897 26797 37807 19200 8045 2665 38853 2857 12879 20587 38622 15568 26722 9692 31855 31005 2303 16279 1940 10872 10634 7560 20262 6515 7554 28959 35192 39210 21821 31588 34566 22183 6236 38154 5827 25797 22262 38432 25799 477 30914 23599 9048 146 438 35527 10015 16689 17791 26301 1001 31604 35056 16267 7230 16112 33613 19776 32484 16960 10126 37673 28110 14759 1202 39147 6523 23909 35467 3554 12007 27622 8542 1482 23171 6126 24095 9964 13167 15623 11369 37755 3749 39182 16913 4183 31600 803 19691 12864 30243 27784 39584 4059 23867 8748 3471 19122 1188 10757 28155 3588 7380 12021 33221 12873 22165 14713 7672 33729 1657 30930 34 20208 25536 36802 19201 2095 28595 27581 5530 11985 26330 17717 36663
20148 11713 21345 38919 7745 19108 26709 6038 31518 36372 38283 10253 31795 31160 13960 26860 5631 9388 14261 37521 7158 36936 12109 24596 35373 14664 28436 31171 10048 23440 24079 34572 20495 19183 32924 17625 15738 1220 40000 14691 16332 39556 15522 19958 33736 30603 14090 22903 16400 8506 13652 23179 684 28286 29559 10021 34467 6749 22091 38911 21010 9240 13463 10418 18289 16053 16081 841 4530 36503 7711 16333 38403 27729 34265 32432 15573 25105 13322 7232 17845 646 3440 32320 6457 1544 15948 27630 27537 28324 3976 19983 30581 4091 37725 10215 20113 10512 16320 38196 25455 23474 20777 25311 2950 11623 27339 17661 30974 14017 23408 12626 37919 27492 1284 6076 7740 22756 38083 29311 3122 18733 492 5016 27133 32689 37982 24707 28157 4513 246 24289 28138 15544 28434 33335 35972 39037 17921 11051 1124 19696 21766 30635 31831 5979 187 29712 16245 21322 35795 1289 36824 7709 33787 22755 25154 35942 34849 85 6855 11532 15891 21245 3308 655 26654 22541 39784 12739 9608 35556 4662 14557 14092 13226 23994 18083 27608 12878 30371 9416 5206 4886 22266 5469 17257 29344 514 3539 4574 14074 4706 29901 19008 24188 19677 15713 33775 35025
21664 24242 35901 18341 6554 33097 39326 24005 37077 35778 7472 16102 28588 3448 1399 17420 3500 18206 9494 18415 5648 5419 30608 32878 20966 5983 28918 11415 12917 28347 12262 5272 10736 15441 26737 16023 4589 36299 39546 15591 30316 17196 13228 10713 5579 14744 10810 18411 3217 32286 9430 6971 13063 26257 34171 34325 24747 8991 2381 6744 17121 28433 618 16731 22188 38712 30748 30646 11643 19927 28996 14860 31140 24580 39915 36832 30215 14834 15567 19134 16794 26517 35965 19094 2687 33582 31064 26976 9303 10386 18506 30454 34013 22391 7196 34740 11641 32627 13263 28878 12567 26559 2233 32372 10687 15956 38136 13564 28923 36094 17778 27179 16943 5891 18761 22571 19975 36001 5327 4237 38977 16263 7738 3232 30555 20866 20600 4613 22612 35701 24204 34355 39471 19769 15390 27713 28916 17322 33521 1924 2053 33848 19327 3765 28577 17739 30779 1192 34847 14016 22154 37640 21811 9820 20046 1729 13945 36311 17716 7898 17059 39946 15089 9653 606 23155 18598 2230 39484 23197 995 2070 14863 20636 6160 13699 21984 17339 13077 17910 36858 3811 26409 15210 22429 27931 23917 18433 20283 5638 30752 14949 33078 39454 2894 17084 2377 12035 22798 23661
39807 18486 21541 38729 27223 38247 3730 7617 5709 26172 3751 585 8713 3658 14179 16429 15816 4896 24331 30619 22326 30589 4603 17997 38866 37971 463 2382 12248 21595 27751 10002 29266 2599 24449 30568 32068 33218 25941 18660 31656 18099 30796 8141 21782 38993 34431 32095 23679 38829 18686 29719 7132 34989 2754 18073 35853 17548 3788 24400 26635 15298 16420 37317 8850 11281 25590 34991 36591 25220 21394 24990 11025 15536 20949 13456 35046 12786 8383 9601 16324 24084 1629 28882 27092 20925 6399 32583 4509 30905 30985 38098 31879 14653 28640 15822 11052 39520 24477 27271 32168 32181 5100 16933 39660 30436 19613 36677 27441 8648 2321 16478 17466 14469 11081 20666 24766 7814 39189 24542 34020 10094 2391 7027 36957 21389 20501 8639 6841 34333 11964 38616 39820 33109 35724 36690 35214 24248 2214 31029 5594 12627 17490 24947 13195 21767 21574 38980 12684 38256 39858 19033 21040 36767 19160 9058 32260 13462 37461 2317 11188 12026 36252 19618 2284 15306 59 15641 22486 16765 4390 20116 18677 106 25066 21037 35626 15966 1708 25080 15 18755 2453 6824 35439 28342 39297 34383 2769 38586 3971 39741 25148 23083 14627 8882 21810 13024 14000 36135
6320 25666 9478 11752 14742 24259 27555 12717 28416 18886 13388 26181 11731 8689 24463 23421 5899 21367 3096 25396 14222 33005 8193 9102 10040 10068 23430 34296 38777 4816 9644 21406 17784 15444 562 4490 13347 20228 1945 37519 10545 34634 39032 4894 31972 36021 26664 26707 33940 21001 12471 4633 5084 39447 1996 34761 8916 7869 6535 26666 1864 35582 1079 8997 19694 9862 9606 17441 36010 4214 23186 4796 7831 17384 33377 31924 1369 27731 28195 28734 25290 20162 26002 38400 39394 38874 26693 6674 16814 18976 38342 20711 38774 17988 24476 37409 6049 23902 33198 13405 14856 32574 30884 23580 14371 4690 33552 23841 14611 32781 37006 20201 23393 8935 15447 118 1153 7081 25511 34279 34873 18066 14985 23652 9810 26925 16789 15782 24210 25144 24089 38551 344 14460 27619 35331 23586 2879 37509 4627 950 38276 36527 7725 10439 37985 38893 12923 23518 4361 31241 36006 22454 26802 5336 20748 7748 39713 23321 16696 11722 27890 32561 2306 26392 27510 10025 22245 34706 60 32195 23441 2436 4056 21120 33370 22606 15251 4441 37196 21314 6617 15779 13834 19574 1614 27710 37861 13835 29376 28000 22499 37801 20540 6039 15217 30792 26733 34950 2504
30325 26300 22990 23911 12494 14377 3952 11826 15771 15428 27048 39269 20307 1667 4964 4439 34986 1245 30301 5296 10618 15270 5024 14227 32542 23881 29229 34940 39279 9075 5043 2955 20593 6739 36847 8945 8343 10377 14757 10883 13157 21373 8282 39415 21668 29074 7954 27809 37057 15305 34228 23814 29737 30857 37738 25293 172 35690 6229 33642 38754 25442 13148 31032 18868 26098 5736 8508 35286 5743 4470 4549 25421 38041 31089 11566 27904 16152 25506 25034 15353 6915 8113 23493 38864 9227 14587 23799 38366 34931 31871 31649 17882 33971 1431 37143 32155 30524 37331 19770 28188 13596 26060 29227 20865 6403 16281 29971 38242 23588 7 30415 19409 28653 27640 2620 16265 33417 38249 30666 29593 2925 5971 32182 19595 36741 3669 35908 1877 17906 17240 27974 28232 36120 360 9329 1560 26511 37685 16374 14745 7271 20100 13655 4334 24442 22003 38678 24319 31724 20607 21871 19035 14393 21463 16940 19339 2533 10983 7101 35341 25023 9680 18676 19454 24029 884 29240 33968 36714 29487 4524 30505 19657 6385 9180 32304 15594 33165 22549 15310 3800 6743 31677 12383 32056 23606 17424 1398 39067 28623 11696 1535 19996 34094 4156 3739 17560 30009 1522
24037 4573 38423 31874 6737 39613 5022 32194 19502 28527 3517 29584 33803 34430 6304 12145 26525 36177 13673 30810 28797 7190 15634 19893 11639 2594 9386 26681 12517 18064 3762 4328 38800 33020 12791 706 9891 24241 34822 29053 7376 18197 28050 36548 7149 32393 14182 9409 23691 15028 26025 23103 37727 5746 27527 21908 30649 15770 34526 35051 33453 5576 36588 25016 17153 12784 32173 31542 37723 10387 26430 36562 30548 32721 24768 8304 11864 15025 20374 19888 32853 10662 23082 14370 3158 9412 26585 27721 3139 28606 24703 30718 39307 6670 31876 29822 30195 13105 21734 24558 7136 22878 11317 32254 27925 3665 29285 7317 34694 33443 25554 26911 34155 17924 39715 30375 8393 30697 36112 32012 4828 4253 7795 16404 39594 33844 12444 28113 19300 19384 16840 36639 8232 28688 35144 18253 20721 18819 28912 20839 19030 27698 36904 32327 39970 5492 12390 25339 21036 5400 18892 29816 33066 23311 4955 20546 17032 30172 37638 21165 1980 37819 16539 3311 21724 33154 12106 8105 8035 7595 18498 17259 27002 36510 24415 9509 20378 20691 8646 6434 8136 11170 36830 35396 10269 12231 32451 16474 5900 31034 20411 26918 38910 39651 8540 145 39118 37356 37901 3262
5447 11666 9203 30789 15186 3006 32382 9991 39036 29459 12812 29820 15571 19701 7478 14458 18545 30738 35134 1768 31290 19994 10988 24897 3443 10551 16955 24349 17621 23848 19314 30737 8993 38433 38334 29886 36792 1497 9134 31041 17876 18211 23608 14407 24351 39560 4342 23819 27384 33769 31591 6383 18748 9438 11050 10851 17777 17701 27021 33442 35663 3697 13990 28600 35381 32511 21722 2616 19921 26835 20981 16817 8194 38775 13214 21760 28427 19842 27073 5663 15586 21060 37158 19741 18301 28172 10880 33982 28108 29008 26718 13082 26046 15845 8000 2338 17462 34420 16924 16487 26445 14767 34984 12028 4480 10423 5828 16068 9209 22577 10434 9704 12680 36702 24784 38637 20454 30973 8565 15111 4435 9725 29184 29172 38338 81 11120 4718 28564 22045 30664 7514 30632 7050 29509 36925 37661 9869 35645 16816 27757 5309 31324 22748 3813 31720 1506 7414 9309 21334 16426 2014 21303 19460 39956 7609 35054 949 26400 31509 24426 39627 24641 16346 9958 21162 24686 39656 27324 16065 7338 27260 33638 35524 18181 39569 5923 25327 26837 589 39176 34821 29773 33488 13309 8836 18126 3636 18144 13545 7671 15243 7224 7185 24461 34964 15191 27586 31888 15968
34037 30409 36872 30426 30309 21758 20667 37170 17041 18093 10154 10426 8122 11027 38137 38612 38929 37775 33785 24022 17340 29638 29788 27490 25660 15714 13465 13290 12460 8062 39527 11720 26469 14019 34154 6178 18762 27083 6896 24069 10504 18208 20247 27679 23659 39121 6613 5601 2694 5450 20375 26383 32235 10991 7394 10953 15625 17575 20724 28030 7792 14830 25321 34475 38573 549 29884 14381 10315 26799 19341 31247 17501 25668 16200 28683 33265 22792 34092 21913 2651 25437 37458 30424 17729 1477 4897 23027 10789 20350 25547 20808 6470 10574 27997 17242 19628 20860 33791 3118 13078 1696 21323 16880 38595 20060 2871 23234 4030 24002 16358 16091 24548 23704 9173 38872 13310 11801 21149 37315 17181 16078 9717 22016 33399 3146 22314 27866 8022 24838 14505 20862 12305 2373 15559 20256 27299 13940 16981 35867 30981 32557 36601 25180 30056 26555 29004 30148 8536 10424 37420 25274 39219 2625 39523 32375 15997 10006 7464 31978 18853 20770 24203 9915 18666 10355 4448 37482 13561 15277 6053 794 16031 14683 35634 28410 36692 29278 33588 33064 9672 25362 12498 674 3336 39864 6814 31827 16914 35554 9149 8996 33562 23237 29558 7256 4515 37473 29858 22365
31121 37717 27295 32476 13812 39778 1528 7118 12504 12128 12450 35904 2415 1563 29178 16010 23527 38032 10775 17281 39324 28779 22722 27879 10384 23293 23960 32299 24516 26495 34884 23166 38358 34230 512 5598 39044 24862 5679 37106 3048 5252 26128 8115 35599 32141 19666 33655 289 10628 26465 7487 6653 10491 32074 32201 23442 25616 39286 33824 21012 10960 33879 12576 3974 16271 18611 1665 9350 16554 39937 26586 29383 4771 39306 20106 7588 3938 22438 2568 12477 9590 33382 7931 6777 20715 1053 33963 1333 6254 27654 3149 34688 30747 10463 19275 31213 21706 6506 36953 4067 5508 17464 34334 10527 39899 23181 35989 5847 28526 21763 14919 30470 14526 5502 18570 26054 26343 22741 37311 22358 4594 31234 11499 39617 19506 29847 29363 15411 8824 30280 20410 12941 21288 5295 15702 7889 34241 25440 22594 3887 24615 38331 24638 9730 12107 1421 6332 22562 7969 18918 12592 32528 9169 26137 21556 22870 9249 2341 21948 4299 19014 15592 21466 39206 12309 21150 27605 31906 15690 11451 17576 31788 12170 19465 31709 39981 18192 34894 8001 265 37354 10270 9175 27952 20436 20704 23817 31447 13637 28227 22737 5028 10942 34786 900 33234 33204 2086 7477
34073 39930 27113 22817 21448 28562 11016 6145 34210 28906 25901 25761 38090 35802 35156 34845 23877 30169 11673 7988 30767 23013 26637 26677 16591 32922 28358 16476 31741 16849 24340 29576 9549 10107 34626 31661 30445 36742 31992 28162 10078 22362 3186 4704 19039 21503 5143 31801 20490 11652 21190 26843 22475 8527 4018 24992 33454 11134 28756 33365 32889 24326 29230 15230 18031 1569 22231 23805 1187 21882 37141 4879 9636 9702 1876 35233 3979 9588 39337 35157 336 16511 12867 17423 20319 11837 15876 15162 18303 7712 7508 4021 18255 38630 22696 34404 31142 3853 1894 19357 4576 32455 36313 26323 1190 7552 16607 19821 14772 17288 9331 29276 30490 17533 26882 26244 3959 19044 27887 3252 21247 11928 27726 34229 35584 18525 16347 21401 11788 28627 9900 37429 2130 39363 31927 27351 38847 24207 13109 20942 6283 26019 28943 4453 19388 7813 37470 2711 27753 1288 37060 27171 22890 16906 17330 24964 23005 2750 5276 22652 12303 11810 12974 10203 6688 19732 38282 10946 20225 14139 27587 4759 27163 15405 20296 37423 6165 30099 1742 23546 21514 29490 13517 37642 20003 1471 35300 17679 20175 10759 32239 37564 36087 36831 23689 26146 37802 32649 13540 38871
16276 8651 13813 24590 35825 25075 35147 35579 37507 31592 720 35958 8858 32338 13737 18199 34480 7990 29629 282 16373 30633 23613 2426 27069 8920 28055 15725 31191 17114 11798 119 38833 35993 7511 18850 24687 38081 8552 8812 17640 30212 23579 37836 3383 31672 2422 5876 28392 25024 14120 2121 39355 32177 38281 27835 34357 35043 26214 15399 16700 13912 8892 12905 27797 13944 35826 2858 23367 5412 38948 19989 15437 31928 6136 30741 2393 39293 23535 688 33405 22118 11775 10397 6954 17230 2485 25861 12232 5026 11158 14223 3323 7424 4132 38458 30496 1278 26886 17930 283 1063 31100 21590 18661 25436 10020 20082 9731 22340 29301 13182 37443 17740 14988 38190 15278 10542 4752 9385 30138 26977 15044 6702 18311 28107 28799 23669 39999 34838 16387 28610 34342 8859 19999 21497 11597 17124 13065 18827 9956 27268 36411 19434 14647 19720 13725 22560 33439 922 12753 9587 34655 35414 29626 13877 25171 10106 10072 3246 25176 28296 31566 30691 19337 18048 24090 20220 21923 36997 29960 30021 12702 30912 38175 4354 9678 7275 19371 5834 36218 27404 36815 12849 11414 26644 31426 3067 34946 32079 33089 2208 4596 383 24007 18541 22272 21611 9291 2980
9543 33856 34696 31159 2078 22864 27647 23065 23443 9798 975 12943 8630 19765 18141 1168 39094 25125 31626 29574 8246 3855 2111 26563 19894 4208 26122 6840 16135 38288 531 11827 16138 18533 15671 5061 20756 279 4163 15415 37122 11171 27687 6149 29922 38624 30940 16992 3109 14957 33449 17488 26446 25167 32121 38603 38960 18867 6415 1513 39064 28001 35521 5940 37878 21097 15128 3513 33706 38922 5563 4899 22145 35123 13080 26444 30877 11880 29282 26638 10970 27978 25765 30574 39268 18652 31581 12254 1788 16395 2561 4280 33568 28361 38483 10446 38631 37061 19984 7302 21446 38330 28462 14751 17965 7279 15453 19941 32215 6884 11453 30966 39529 2897 16500 38396 25495 9575 37664 9445 29330 25309 29411 15424 8529 13646 12832 25895 29557 34569 8817 26362 11990 1366 1067 31112 779 37144 12700 8959 3983 17487 18952 39 26640 5632 38763 12896 13086 27791 10678 483 15135 39746 22399 37405 30676 34846 38182 8551 18323 28761 3713 37758 25224 4990 33012 20681 11459 5755 37977 23286 32925 15367 18649 21719 14303 31770 31761 33297 38533 23970 37246 3548 25851 2671 13196 28265 29154 26556 25610 6609 9413 13335 17678 7180 14035 30852 18527 14591
824 2127 38834 11645 29303 15154 36727 13713 20125 11274 39034 181 33142 32166 10340 19280 20917 27758 8148 10437 33059 10242 13629 3706 20817 31547 29882 25127 16316 30300 30384 17000 4371 21215 12463 10200 20654 14103 5193 29738 34791 36565 1602 11904 2267 437 21487 36420 33941 28303 12239 2168 39642 1772 33546 29575 18362 34615 3261 8596 17491 33947 812 34941 28046 20796 15737 6381 31587 22762 19610 39857 23246 8412 4391 13592 7559 39618 15434 24149 5392 6928 16158 8910 3509 12930 23140 38652 96 10173 30116 19227 561 4564 18489 6782 14566 34689 27308 22038 34733 6490 35632 6237 39039 12325 2088 36415 22508 5118 25496 19740 22971 21880 2132 9922 20685 5991 38003 31868 10767 33635 21508 3886 36109 24356 36204 18101 15324 36241 20173 5036 7357 4885 26391 31771 12509 31912 6652 21378 35746 17853 25418 2465 33967 9664 34280 20384 38809 8387 16703 14148 34924 37327 28006 35008 21129 16791 14876 13144 39170 27176 7724 4656 12271 8350 12461 14807 29308 20376 10180 14190 8846 23686 27810 25343 23460 20474 31192 6720 28872 15365 35894 20085 22551 38363 7283 28754 12172 7880 39026 16633 23071 26105 3124 14040 24330 23797 828 37952
14441 5687 4506 19070 14154 8281 3251 38127 1096 23175 25594 24996 34900 9310 35977 16792 28322 33559 14559 27269 24409 38908 35431 31008 19439 1113 16050 28327 35120 10449 27242 28909 10018 14909 8059 3011 340 23664 930 5466 5752 19424 11656 28521 27675 36687 5229 36795 19392 32873 32696 23323 4458 13570 20800 17102 22600 15503 39836 7531 27821 31726 10671 33040 38357 10043 5863 15902 11955 12181 14027 21126 39125 15892 28456 30209 9671 7803 14940 21416 1655 26402 35342 15372 35508 21954 25479 1830 27954 21939 38174 3310 14552 12230 21696 19824 26991 20067 21962 26280 34647 30060 34491 28775 1878 36224 13427 11611 5941 36676 2725 5222 30699 8934 2170 6275 9125 21438 33120 37610 26412 10202 21523 25238 20947 39587 14646 25600 5266 13149 35463 15784 10979 28180 9567 15402 38314 33081 2530 6843 11380 7259 8335 12345 35661 22230 7296 27600 8710 702 10792 28239 35124 32159 16751 12121 7068 24906 15818 39154 28390 38689 25921 31977 29367 36693 37641 5253 31962 19644 31276 10233 12559 5246 5274 9032 28062 6037 10053 7055 9990 39227 14217 26284 4640 8745 6090 18098 36427 18695 18802 27290 822 16732 17166 26162 5185 10135 35817 27172
11755 18603 34387 5051 2498 17758 30320 4553 9408 29195 38134 31511 38033 20059 18391 35887 23028 850 17687 28515 36334 11403 14885 20471 15821 18509 23457 33610 5800 22303 31453 39718 6818 39989 2700 27193 10660 7884 2698 21015 13923 20910 12361 9645 17956 13471 14652 2540 27471 8124 13179 29105 33136 12301 1697 35563 3903 6539 8292 17150 23646 4359 3643 36499 4757 30217 35191 35814 39803 29289 9833 31553 17756 36883 29347 292 6047 8833 32538 31603 2035 30263 12544 22268 12598 17106 32001 19606 327 38371 31388 2251 12395 8056 27319 9097 34603 7117 25071 19936 3390 8930 27303 1022 39506 27748 16396 34938 13746 3479 2846 37568 34043 7134 33262 2262 13379 32326 33390 34907 12995 14380 10888 25457 28637 27059 19890 25178 2481 27381 22059 4269 24763 1719 29441 27361 22702 17669 5741 12891 11335 2637 13303 26304 190 7273 3955 36580 22049 37955 16639 7231 6570 30246 14811 10234 1474 36443 24053 9395 25429 14184 29560 31832 8538 1550 93 32726 24773 15435 18380 35880 6916 22530 12742 34257 32461 23419 25762 27816 10802 14486 37938 5151 13419 31822 23006 38983 19627 3396 22052 19298 29655 19082 1042 20974 36460 10748 10055 9187
14478 24714 17911 33771 20912 29315 21593 31852 14810 19480 12827 8229 25184 18522 21235 30294 5686 2385 37265 10082 36404 22480 3725 14293 11275 25128 15295 32831 13534 4558 33973 10674 5075 30645 36237 13103 22697 7301 11319 25965 12414 9218 38582 30584 32042 15205 1025 1478 22558 5120 2938 31287 31176 19292 13242 13791 39421 10120 19966 3360 3584 10294 25367 16039 14044 31414 39501 28805 32852 24288 32927 9682 30418 5037 39419 13736 16453 11201 13117 26795 27273 22611 346 3791 27472 37757 27907 26241 11008 15078 14895 3917 2217 16157 15178 29984 11937 10451 39561 24606 28990 14734 34779 27824 1009 28576 34701 22247 9264 26166 12593 9732 36382 4157 18444 23463 19687 29115 26505 5597 38937 4499 22819 7183 31687 30580 25968 6435 9063 12610 24595 24136 38019 8895 7769 12857 20397 24355 13084 7796 29996 22139 14200 12554 14616 9439 727 26828 34575 12531 15392 28222 31062 33485 11695 29730 6406 9892 35448 28241 10212 20016 30935 31899 6259 10475 39887 38601 20055 38472 8927 35949 3514 19469 24208 21262 39490 2464 31344 22800 3202 20134 34980 2704 30952 31568 27541 5862 10738 5692 14785 33702 24912 25944 21272 10205 4700 24404 5917 2495
28299 34014 38113 2912 9006 7938 10035 27933 27601 27889 28713 37634 7665 35787 13892 38006 20467 24786 28426 33590 7342 11044 3515 27343 28540 39100 21468 10268 24300 18944 16307 11896 39192 25922 33132 37832 10682 3687 746 10014 11603 9069 32691 26074 6667 25210 8555 10359 6466 13277 22242 4305 27482 29624 23736 1942 36893 29698 6267 16932 17931 20553 9822 30569 20835 31467 2472 26953 13302 26738 11308 7363 17387 19158 20013 32031 21488 32016 13889 30200 27685 21695 18640 12602 22142 10982 10945 25009 1500 28160 22152 24411 31809 10557 25262 19262 20079 12204 13903 24100 9114 39059 21096 6054 20499 22706 23488 5426 36516 28539 19428 24706 7631 9920 27857 5803 17684 9773 33935 30145 9266 17377 12293 10749 8085 3715 5764 24582 27720 37095 12225 25300 13166 15712 37472 27358 18275 13742 28349 12052 26652 17113 34321 4048 21920 2050 33196 25889 8931 11107 20944 6900 11236 23998 37416 28002 7042 21647 9468 32026 30514 34204 18027 14704 21892 35973 32785 39327 4599 39073 27400 25949 27991 29103 37786 5428 14363 15155 18984 20390 35641 9070 5437 25568 20643 27018 7105 30785 5650 26530 12438 22937 4229 29703 36439 5657 3633 33510 18934 32969
38326 15693 30232 26571 4236 13236 7853 14740 5515 23734 39802 11564 11471 20789 723 5329 28541 36459 1261 29917 5780 19289 10325 3036 13515 4950 2010 18297 17647 5706 14333 20135 5528 37352 4692 8019 12070 10182 24113 20913 26090 23077 36595 31331 7059 29447 26964 8777 23035 35861 14221 29647 4637 21279 10534 17519 8607 17357 19916 12464 34985 27068 29384 17979 37848 23099 39068 13675 18129 29180 13552 19685 1298 10143 6005 13793 36054 5374 6489 36941 17079 4974 8040 27700 30575 19805 18280 25006 13428 12698 15706 30739 28338 21953 21602 7644 22540 27522 25656 30383 29181 35401 13755 24274 26526 8724 32184 4763 3586 10046 33205 12737 21754 10039 18685 14379 22572 20108 35337 26089 37651 39329 32821 2255 9934 36335 33425 1461 22711 28891 10698 8377 21941 7016 37772 5618 27980 25989 18406 3769 1457 28214 3637 16580 37636 35410 11698 338 8988 21080 5386 26575 9480 4884 39218 23699 15691 38558 35362 28892 33527 7023 8714 11930 37018 3700 7932 3830 37066 19407 19671 22684 6219 25790 19034 8385 32078 18844 36340 25702 10690 39525 19274 28326 2577 966 36600 32316 13234 26651 12360 31974 13822 28042 31889 22956 17108 36486 8264 28512
27371 32761 28306 13284 30513 33960 21899 31055 10971 26144 28884 14783 9923 11705 30714 3392 34837 10258 27035 25498 37579 3099 26420 3079 5223 6057 32222 27817 24888 26632 30050 21532 36730 22951 30960 15059 17609 16822 3688 31536 26887 1857 18513 20107 16201 12848 12385 25118 28379 18663 6225 27416 19052 29508 2265 24704 33073 14338 20884 17019 21907 7400 16468 34771 30000 24884 31451 238 11225 18151 3462 5238 23993 36598 23560 22895 35388 39469 21679 24883 8423 15589 21512 7192 37870 38179 38148 6380 25946 29348 29827 32429 12954 14151 4295 15730 39512 6257 33007 38056 631 20757 14887 31442 23595 34953 5734 12826 21561 21547 204 33213 14604 23822 39099 34704 21369 11151 36345 10920 34319 5404 23520 8108 17703 32996 21804 20781 13251 18926 2747 23561 33533 32027 7476 9808 10597 21115 28855 26165 37303 34170 18220 24482 10259 30327 28569 35465 5389 22744 15911 8839 11447 9357 4112 18724 6285 4491 29993 7120 32228 15766 18167 37192 29785 19286 20482 17658 38670 21310 39075 31018 13976 11991 4375 7767 16304 31394 38668 30389 22765 558 30059 21066 21563 32481 33918 20379 29963 28985 21826 36400 19313 20392 23105 38376 5071 33474 25470 12911
34274 35363 11935 10635 36849 3810 6482 21842 4114 22561 25897 3561 6728 16934 13621 34303 4557 5635 31319 5144 27987 5211 4033 556 18030 24716 30311 29410 39505 35902 30186 22861 3541 31631 17907 25448 26378 11636 1686 38290 6127 30582 22379 328 18540 18820 1903 36624 24745 10347 14341 38088 28873 12836 4667 2690 33256 18774 22359 343 23635 14060 20874 22609 28116 17261 38762 11128 32642 3604 15311 18268 18123 6063 890 16513 14760 5365 26078 25685 19801 33310 5509 23496 31541 37584 24848 3377 14969 7001 1797 17541 4819 2716 33601 480 29062 39475 6837 8862 30126 17232 30439 25837 11185 23283 24701 10720 17851 5956 14386 11707 35970 17973 33928 5344 31057 27668 9743 406 13712 39638 2108 17914 33645 34214 39905 6746 12192 36234 4154 6045 11069 18700 9190 25096 28992 29525 19315 26253 18025 21765 19490 9243 804 11041 19010 8757 3906 37245 39855 23328 14599 36575 28664 29138 20597 6260 25351 4203 28399 31901 401 29460 22738 33126 39351 20648 4727 23618 33970 15493 37842 30011 11302 36871 16406 12053 17568 15638 10715 21659 9654 15819 11443 31975 31860 3207 7923 19393 38325 11390 5596 6680 15703 8410 29777 37635 7298 10675
8354 39232 15417 4475 29543 28870 17472 27653 29398 19092 2452 30482 21791 33544 27999 23256 54 25553 3309 31778 5839 23640 34042 11526 1527 32274 11792 24423 12470 15530 39002 28374 8090 36673 13757 2395 20321 14908 25483 34477 18507 35023 5842 20740 5894 9807 24987 15308 23940 1429 6107 8259 17199 11137 24765 25771 529 22955 19754 7866 2370 37187 9354 21220 1305 19505 39244 36928 39933 12508 15905 9706 12860 37366 13143 32250 35892 39654 36954 21912 24879 38846 38825 39835 33821 31246 33103 1530 38776 4449 11393 4054 34579 39551 9535 9316 24162 32231 2927 23835 16128 24382 33607 15478 19789 35127 7573 31498 14046 30913 32500 13483 29758 37161 4363 27374 18185 9321 2808 6952 14415 12071 24479 20807 160 26894 21112 5841 39607 13984 7860 38938 21999 11847 19857 33208 35503 2519 11849 13896 2128 15368 19907 18353 13764 9345 6614 11340 13092 8419 1951 34973 35100 7494 4379 32096 12964 36822 31103 17638 27119 20287 34463 4804 20184 10393 15653 9954 27641 17253 11464 7524 30348 19288 16352 17808 15252 24543 2542 11659 14049 30182 11493 14 10239 14155 35310 13110 4428 27977 22322 24374 27364 12892 4620 19736 5300 22065 8205 32263
37872 22749 8147 29513 12421 23418 24744 19394 10249 9821 19209 6030 14881 6598 1787 12426 25786 28104 2810 1342 15957 17900 32465 22705 18702 38328 9311 14069 3365 39697 19639 8791 9786 32085 36470 23974 29577 13786 38022 34299 22963 2916 28630 21462 26776 9467 14965 20453 16637 38413 14803 29833 1875 15735 1350 19243 16029 21234 24659 12806 39095 33306 23612 5660 29807 30621 17227 19667 23684 30870 10653 8766 11323 24383 1407 4322 32060 16013 19757 21073 19596 10320 20353 3482 14449 29943 25342 21038 9962 19090 26184 24320 33680 26258 33311 18225 39018 33874 2066 5146 14126 18707 38674 23879 25866 6655 18423 14596 11424 36956 22308 17335 3969 26135 9555 26803 4592 15121 23200 38079 29393 31998 35446 8326 36038 3049 19728 15333 33948 18995 29810 26705 2421 32891 16062 33837 5770 25323 19456 29830 10639 17585 23605 24063 23449 1340 10013 39929 1050 37157 10645 22417 2228 32715 26329 29021 33327 16026 15673 12637 2424 17338 32651 23351 6148 20805 8966 9505 23262 30127 21572 35420 26660 26874 19470 18045 16254 15002 34484 19933 15475 38195 22597 10185 36440 14651 30711 18095 39811 32694 38944 13457 5457 23141 18145 7742 34902 21321 8644 29619
15796 18704 22726 11175 24560 34776 16057 23467 23800 5167 37171 5552 12376 13979 36 20022 29654 36102 17284 21868 26510 37198 21240 38886 5242 1934 5499 31283 17731 28997 26669 31240 31773 17149 34540 31655 4841 9843 38876 6361 28701 38544 12903 20261 7350 2147 4193 8953 33333 27839 20861 1747 14081 6262 15342 32531 22270 31412 39163 3970 2541 18314 34379 911 3159 351 29507 17934 30678 35703 31161 3537 6934 12377 10312 20340 17204 15471 15988 13919 24618 11664 9071 35627 13366 37869 17334 5683 31751 3076 17955 32848 22126 27575 26937 16963 3316 9433 38015 31316 37063 27840 9146 28148 28344 7274 2969 27851 21187 39673 30925 4775 24746 26011 11646 29764 11599 4659 26570 30271 33161 17870 33713 22604 16421 25683 5072 14487 29755 6931 31172 14356 16106 12290 13394 32704 11809 20525 1112 30304 34705 29213 8917 10801 23697 5139 31937 26012 23714 36384 9624 15361 25261 29208 27302 32973 5886 15383 11354 39213 19367 24673 25550 38921 39998 29420 11509 18915 23832 5441 30080 1897 39722 20700 32621 18558 32939 199 33091 34461 833 38855 5025 23357 87 25742 35013 24802 11554 4534 23831 1185 23717 9120 19296 15889 25891 37841 6922 20063
24612 29011 26001 23896 31714 38759 15633 9423 16661 17983 26312 39925 10374 16845 38339 33652 19939 30674 29111 19629 37097 2188 30069 29776 8950 17510 32783 38270 38261 39522 10373 7940 14176 9373 19925 2831 7541 27869 25834 27210 23378 31905 35082 38023 30211 17158 18841 18340 35303 37110 18009 36235 2900 26388 11917 21473 32766 29077 20741 19248 30134 9178 27389 9160 12513 36167 35698 21259 30975 23919 36952 2237 17254 19981 23502 27248 5186 29506 39943 39312 21534 653 7974 6471 20823 25967 34422 26827 16495 1620 29701 13832 378 29687 19373 36127 6339 16852 9280 34816 26844 14034 24544 36696 28071 35387 15126 1631 35647 14722 712 33489 25722 35391 32796 16192 15507 9039 37839 33670 27225 4256 21175 22729 28483 1088 27833 37551 27356 1653 36789 2596 27590 3098 38579 24749 22735 23015 1870 2015 8120 32760 2706 39825 22840 22420 31902 15616 22897 5521 7434 22343 32740 23718 7944 23142 36250 2867 34301 469 29458 21548 2336 20838 34657 33515 27396 11686 36243 310 5023 2468 34159 4103 16301 33620 23688 5697 38172 29157 1586 28684 32855 13509 2185 35494 23712 6596 12205 11716 26428 12279 35152 23060 26606 22081 6643 3215 29463 4736
15659 13250 32818 25914 3037 26577 33006 33231 4040 30459 38650 31891 17155 11657 6397 1435 25900 29012 7241 12913 17369 38109 9834 11445 31449 37923 27992 12789 17622 23465 28284 38464 2227 6903 20842 37530 5138 10275 9405 8080 12367 28556 28197 24004 3690 21911 22433 5874 23592 25403 1733 36297 20469 27301 38316 26851 11861 39431 23315 669 25402 19270 9879 1456 7139 19482 34780 18026 14348 7066 34505 12993 19464 26360 2861 19260 20045 31281 2071 9361 14110 38502 17935 37279 21176 131 30390 3901 14613 39880 31799 39869 19551 22224 17877 428 2444 13514 30585 20095 16837 19028 9358 20983 31708 9811 21970 26783 15550 19473 3010 32410 12330 37496 24387 29501 31688 19883 763 16983 7854 29644 30945 25711 5462 583 35370 12977 6790 25806 19141 33611 30775 25426 24913 2064 19457 14903 29714 36920 12685 3089 39412 11999 31740 18091 39771 36643 6946 20245 23851 39352 37384 25468 9716 6207 37031 22525 21332 39433 19440 20140 39563 16066 37200 15933 4478 10839 23933 37907 30310 15432 14298 28459 31829 13810 7214 1358 263 10117 12188 31873 29250 20493 33886 31666 3052 20104 18 20144 8772 816 35594 2713 17167 34871 25567 6183 28516 23840
26015 14231 337 8112 16317 34844 4962 10238 29066 26147 39409 18100 21694 3460 32742 24172 10095 28054 36645 32774 27200 22156 31885 32606 33867 18483 11535 10339 30728 20962 4454 36853 33471 14238 13202 10378 30768 2792 8856 22689 1459 3205 10603 31863 28463 36898 2220 23230 29190 34856 28424 10132 22147 7762 862 6177 13609 32747 18065 22019 32919 1197 2318 22994 30654 10431 6555 36864 26113 38216 13026 2582 6969 11651 37212 11534 29153 4541 30692 24225 24970 10286 9748 15380 11348 20349 11567 23340 16899 21640 28385 12286 17822 37881 34664 38897 4082 1090 37570 18274 19176 31301 19177 14518 24088 32699 10611 34741 13437 33114 941 7332 29757 13929 24620 629 32456 8980 34488 37994 15208 39139 22237 5387 13358 22615 19632 58 39650 3464 34901 25879 15977 11873 3616 21343 3587 7131 31734 36799 24726 31332 1515 21681 20566 20611 36014 18432 24362 27737 29051 12566 2685 23224 20592 7598 25509 13042 10414 29861 11516 35482 28438 34127 39404 33302 34024 11408 6456 15982 6693 8215 35040 28745 37854 5134 32084 39134 31166 16542 23947 17613 25699 28346 8606 19781 16351 9383 20641 13054 1960 38487 9194 29055 29352 11814 6110 7300 6677 19316
39616 35930 28988 21048 10267 2119 15850 7897 801 22110 9940 12484 18407 37227 3455 35386 39089 13904 32833 15773 19352 32306 17889 24144 6734 16007 34680 30334 19695 31004 39600 31798 35110 35544 19755 22239 4580 25469 26386 11986 37344 1416 4365 26675 15369 24547 147 27975 3161 14011 36703 1135 21888 13620 21081 7056 359 11844 27165 20972 29375 18628 37193 13089 1424 19050 17569 12086 22060 23244 7466 35058 6199 39565 23301 17267 29071 25773 14254 11261 17663 33560 20782 15515 13171 30844 31133 17821 5108 31337 5163 29528 8426 7914 6724 8078 35452 39707 9370 13531 35062 22105 31576 36140 31299 24491 24585 9272 9941 39450 21366 12436 35720 10114 11182 39006 28007 14521 1847 5701 2708 26743 38351 32558 10990 18201 33922 37669 25107 20491 24346 20203 435 18669 14503 36554 22694 5087 18561 21837 13987 566 36319 26948 15050 2264 2432 5443 38145 35129 14429 25368 39290 35246 36039 5608 39664 7128 15448 1554 38878 10940 37153 3417 8287 34104 10149 24153 16150 21465 24511 37887 27115 21368 12583 410 26833 20760 21275 25886 15668 37983 35291 37586 36931 31375 22988 29836 18845 5347 19725 31180 39545 8309 16338 37202 3200 34082 33159 24711
11732 39387 7670 13150 20120 1367 38895 25428 36206 1987 26810 17231 20147 4079 29017 15526 622 36291 24291 22405 6068 7030 23382 18564 19533 3176 21932 21773 10852 34853 29578 28249 12842 3676 695 33725 26425 16944 15459 8482 37756 26022 3986 10535 32099 863 37149 5565 5797 22795 33720 13051 14569 11490 4730 9159 16123 9394 8976 36615 27914 13747 10123 20857 39510 35351 12616 29874 7195 21507 35759 31516 36777 880 17373 26935 26993 4995 38967 6893 11065 26988 33774 32244 5202 2674 10814 18869 13539 2019 23654 23980 31486 15433 19263 182 3330 7704 5373 8356 39910 24812 23048 12339 32000 454 24877 13967 448 15834 4122 10842 22838 37137 15917 21575 38816 18551 24801 25728 7294 4357 37721 4355 37588 26883 7082 23946 24623 11944 3950 17752 29355 19676 18477 22372 11434 27783 10276 11674 21993 3880 28721 6088 14059 27539 23220 1195 39316 33274 16583 16922 18232 18750 7141 2022 12446 18238 31719 6007 28686 6042 29666 3803 33216 1147 27104 35882 19588 36166 11365 27667 26270 9685 34970 13094 20226 14538 12430 14593 22002 34739 23406 3634 2611 6330 2261 17211 35886 17073 20484 38076 24597 14982 28981 37132 25839 5919 6571 8258
14482 37503 22821 26018 19359 18560 25794 28598 10186 28844 13975 34473 24664 19523 6214 33676 37782 1604 38890 5642 19548 8765 14937 22915 33318 31648 36932 33082 24871 4277 21520 414 32162 16224 23570 18431 34021 35800 33424 33529 6263 10981 32632 21428 27649 12613 116 4416 16494 35376 30061 12072 38070 14542 12292 33563 34785 4352 26052 36572 11057 37769 33077 30342 25007 38659 20530 9565 22453 30904 23049 35179 31898 18726 16002 17218 32206 9453 34256 1174 19347 38240 17471 9573 3737 20449 8131 8835 3624 30726 14278 30695 18766 21697 28950 31114 8014 17310 20302 26875 35476 3268 23821 9942 22298 6220 30517 5284 11939 1247 3543 34895 38257 38947 28384 859 36371 15608 15373 32868 21818 36852 3953 34297 34158 9790 6620 8515 35712 21193 16402 16047 27009 13130 25117 4793 30173 11618 9257 8299 12785 19395 9162 32966 19767 26099 29246 5449 31370 33289 34221 36678 9349 20190 23850 30428 20799 17974 10038 14786 11194 29488 21978 9168 7449 36634 8225 32453 34549 19076 34625 10655 13532 13626 1551 11676 6118 39920 20998 27315 25611 31567 23327 7217 32593 36594 34373 35151 27921 27736 29107 4901 24737 8422 32257 36834 34153 10596 18920 28444
16903 6153 29977 12801 12338 2503 28153 37148 37258 27574 33287 29978 36065 20936 22843 2183 17909 34825 39614 135 8473 9970 22127 2238 38243 16915 26333 37336 18202 9893 21618 39473 17528 29831 5017 14271 38851 28830 9720 33961 6216 11845 39443 36064 5289 5451 18313 12713 11822 16656 22319 2268 19515 11234 32545 18401 5132 30840 28993 4600 25239 16322 1184 18317 4397 35686 37455 7839 5219 39823 38690 10716 4347 21130 3728 27366 1732 32516 19747 36309 25952 17209 33684 27818 36019 23723 39190 10323 24014 29961 13392 10490 35358 35744 22250 16432 715 34030 38010 1523 7970 32427 31189 35447 35713 10086 30077 24507 13605 23544 25552 27336 31922 38656 26411 32581 9848 33854 3891 24428 29416 39014 21239 9035 10657 29704 30558 25754 6387 19564 22745 17096 7731 30297 39339 14938 34684 8238 10085 36897 20590 11077 24791 36618 31718 24817 7660 22136 15923 32678 10737 18729 31533 14397 11259 16883 22150 23789 30777 6599 6701 29112 6331 36752 6012 33899 15137 7411 21174 21337 17962 12663 9841 9401 3402 12937 29742 3280 3405 15113 14424 24138 35305 34371 37853 17954 33429 26672 39830 7157 32915 33173 25382 17612 7845 16481 18814 4902 21022 34660
18604 31384 35235 7805 9086 20251 11766 34784 27838 10553 29052 11866 26619 3059 13722 24487 16739 4834 4469 2081 34564 22645 1512 1803 24617 11496 28788 13083 38580 19305 10926 13254 32049 29417 184 2889 8106 18705 24169 32638 13048 18254 19443 34093 26474 18265 27930 3227 27252 10070 22036 20554 27514 7943 31275 14525 1899 19487 16683 442 29496 24826 11095 16616 34390 35042 22771 17864 34380 807 7193 39717 20772 37058 20363 1617 38887 38481 8873 9140 18948 30230 21836 20297 31106 7502 14537 36531 6209 25815 38237 38695 8003 14688 28481 12481 962 34817 27091 2647 10538 21135 17287 17837 28144 8857 4042 31146 28368 39777 22803 23438 4251 39417 15705 38119 3255 36114 36364 25537 8593 4274 37967 34378 6933 29880 20479 15655 13641 38014 26081 37167 20640 30876 12695 38721 21805 31856 29967 4169 23020 9259 23395 17001 23410 15400 5691 35114 16853 419 11441 21657 25639 20785 5039 3420 10354 27270 33799 34010 7995 37644 26689 22918 6839 28376 10279 39495 1701 13235 22449 2812 22086 26096 37936 20846 21148 4204 18633 36123 7633 36168 28470 37516 31122 318 27938 8285 25635 11367 4086 33786 9866 25749 8100 29421 4180 14350 552 30129
35133 20357 661 13324 35492 14432 3298 6245 35103 35717 20570 30820 29141 39434 2197 24538 37699 25129 26030 33456 15343 4495 37064 7707 9517 35009 23109 30682 15792 25013 32998 32220 9434 38757 26617 5092 14442 38202 20062 16314 8594 11828 1883 23107 24834 15842 30727 12683 32391 36315 39854 32578 8998 27790 806 1739 7114 33687 18662 1426 32498 31959 29422 35919 10999 14097 18572 32748 21007 36273 13511 11543 2664 11609 13374 18715 10788 15797 29591 23063 3852 23559 38766 30457 30236 2966 11662 8727 28832 8486 28477 18893 34172 7460 8358 8394 6478 4015 13165 32510 13246 19093 20504 26363 36626 2597 38096 15795 844 24613 25303 8972 35112 10680 24096 32359 23751 2526 13493 14519 35416 33880 28760 13951 1615 25015 9465 12458 23253 16964 12674 3295 21669 21529 8139 17718 22580 11038 1607 29025 28245 29734 4846 28680 33709 39384 38596 5982 28694 32447 28978 33897 19450 2638 37750 19447 7622 10047 35944 11949 21400 26116 3897 15877 20486 29914 751 35049 1509 15764 33111 39653 37489 5817 27728 28447 22598 14522 26626 8526 15823 1675 1036 14453 26961 4276 25890 9669 2817 21189 35620 18055 24960 19463 35119 9277 33688 34098 2567 7664
33558 32230 30289 27221 19763 27275 32043 19179 39359 14265 12057 7751 3622 39199 29519 12347 26163 3655 35317 11075 13821 13968 1723 7578 7135 3812 21699 38653 511 20718 914 12591 3780 17747 19120 15282 39881 31163 9072 17677 885 21772 31999 27658 13608 29273 29480 30967 25031 36913 19738 16199 22960 34183 37811 156 30098 12488 29989 34912 23624 16198 11947 32700 23454 9167 2433 750 36236 21418 25714 29189 9719 38129 14914 23591 20716 28105 6647 32321 4774 9890 3716 8776 39763 38063 27392 23282 3560 34507 17206 14180 852 34085 21551 26885 26704 30938 26523 8684 13992 9823 9742 1144 12994 30504 25314 1219 21955 28360 38153 10494 12704 38655 22427 36854 33862 28980 19603 7228 3689 6851 26716 14308 18237 20386 13817 17050 9210 30631 22281 24935 36771 11258 32474 4164 30909 34261 15523 38912 15354 35096 28221 11197 12748 29671 30492 13785 610 10829 37935 3373 13205 5181 15356 21177 18437 25185 32926 18589 6658 1748 8447 214 1283 9741 33044 4451 6128 16821 6421 23798 22444 5243 14926 21348 24723 23719 12041 3578 39670 10026 7960 31617 17605 25782 8514 21238 21489 18808 9670 12067 39280 6000 22654 25142 28314 22483 25182 22055
22087 11395 26761 16846 37056 18515 39260 33296 22818 19913 6089 37266 39591 33331 29674 38332 5216 33683 16183 910 18134 37671 4719 15409 25146 32113 11091 12953 39124 38025 11017 39425 6329 1165 30723 35879 10627 11593 1888 4827 24982 7386 9831 9053 13706 32262 6497 21005 21968 37781 32608 26607 19077 9165 19285 33131 35799 26584 38702 39837 25400 33537 13111 29966 15139 26297 17016 36049 22658 18194 19467 23690 588 4651 1444 25574 20893 2445 28372 4740 12802 12959 5361 23866 11428 29944 13175 28025 12620 36969 23093 19662 12207 34182 1985 21124 30594 8336 9251 28604 17219 9226 88 20049 12147 33240 31463 27395 32472 25947 9177 14723 16695 14607 18620 1690 32261 28586 16273 7215 35485 3869 34047 18725 16965 36365 14622 16541 30538 33440 26028 9113 24577 14459 12527 10206 19 5907 32293 22510 25153 11602 21974 5620 31593 35571 29579 29295 31321 16570 20130 31098 11764 6265 25204 1314 14055 17337 9705 28818 26497 5324 3394 22400 6159 35983 30565 37502 22641 18682 9830 30671 16488 17540 5590 18529 5137 6666 14479 32495 31980 748 31362 31185 12845 8952 1738 13355 34031 9231 34885 13339 2877 23910 9380 37939 12434 30634 23616 19804
21564 35951 22916 35514 11760 3170 8256 17355 27796 27469 2059 20171 538 3550 26673 1507 5350 12872 20195 15675 32347 12049 37407 20623 8039 27327 27051 14401 35569 38380 10466 26922 227 27813 27378 36780 7607 38785 24114 29915 33995 9326 2878 37456 33084 18469 19048 36089 32196 1393 33519 11942 20665 15421 24515 30955 6895 17981 3968 2995 7326 4979 201 32772 28432 37373 14391 34923 15093 32956 30901 31594 25393 21127 25725 42 38425 5802 39714 24371 27928 7505 25733 34237 15672 36731 28388 10725 1673 38856 33050 26413 16441 29374 13272 15622 8165 29302 30066 30411 4611 7735 13038 13883 37290 25177 6218 5710 15032 27655 4986 32047 34789 31967 179 21687 16587 2194 7947 6192 20751 33285 31653 26685 18321 4024 30460 656 12502 21752 10909 39093 12015 11334 21011 13656 30827 32370 10694 21648 29800 20237 39466 993 5953 15091 33584 30227 22356 17599 673 13178 15694 35655 14194 3861 26602 36080 18355 180 20719 15840 18597 143 8295 9751 13270 11330 21191 24266 12253 21710 20684 22830 30951 34179 12847 30100 10889 10831 13999 5096 22491 6562 35032 18998 16160 6997 32172 22401 1263 18896 26659 33896 20288 12312 35090 20371 5703 15987
16641 19205 22035 26129 5278 20971 5273 20567 33953 13680 20692 36175 33937 28517 14695 9938 19526 2909 30773 16012 829 32112 18536 4002 12017 34173 11537 3907 12138 29956 30806 11586 11583 19112 18861 30275 2002 19258 16819 5175 22484 37294 13482 756 4196 33239 2628 11644 6774 36216 8265 24989 19977 8557 21436 32175 3239 25954 10837 2437 40 12123 2484 2686 21286 11813 13097 6967 13030 23038 2517 17855 27102 21388 29538 13001 32467 14501 35680 554 11739 15039 27282 13962 39015 11637 6075 19484 18004 10863 6536 31243 39948 18452 1008 18049 17604 37784 34717 21045 24157 37961 27549 33747 2505 1921 16168 12701 36551 30629 28545 26524 12687 22202 34919 17700 17107 32411 9880 14635 26152 30734 16864 981 25245 30550 1850 15899 3446 28289 9689 2145 34734 25664 33024 25460 19128 29589 39413 21474 16227 9049 3165 25376 30178 25687 17922 2954 20121 13131 29974 26519 9754 10351 4426 3145 11994 34874 10917 18213 17615 37844 38607 28059 12641 24828 33591 1557 29705 12167 25820 8347 9157 36805 16479 13496 6484 29662 28294 23372 7484 36350 17058 12448 5286 1545 18904 5354 4502 10412 34499 37993 4891 2295 16058 35440 25332 30760 215 22409
26942 35791 4161 15858 15149 5142 13123 25371 36968 23127 4737 3957 32942 11545 37338 6669 19633 11215 12605 14631 16027 36980 20820 26816 17616 16502 13186 6052 28089 30712 19204 4605 9665 15227 23326 39504 24323 15077 22703 2544 16764 22511 35295 3678 15484 14697 7150 26755 21183 36881 4805 23 39195 2994 1806 19349 10853 28520 19766 33596 36774 32613 2666 33553 34025 35609 19192 7069 12317 47 38635 21485 34166 35164 18806 26910 25541 28846 33881 28095 8303 3845 11421 22712 30868 27868 7237 22797 39939 14592 24875 22677 539 22432 7746 14322 26381 31077 38279 36766 36879 5005 21533 6201 5104 27479 5421 20188 8244 32934 8129 316 21062 13787 11608 1953 23847 12855 20967 16261 24275 17589 34588 36888 15596 31964 267 27958 11524 15676 36467 27417 12586 6576 19516 8643 36266 38720 36787 8891 35803 3407 33466 3510 31265 11894 24675 10638 27499 20179 7044 836 36686 25530 36811 35689 15547 28693 25703 13572 17843 3723 36163 2590 20550 13948 39996 28467 5318 25484 8188 28646 9476 34367 9024 10499 33122 38272 24525 6392 9566 7436 7258 5442 20483 24211 11373 22567 20673 23238 13581 21267 29132 33662 2948 17649 35969 21622 19979 13555
16172 31945 5723 17826 31496 14131 8087 25811 1383 29498 4928 17653 15038 2942 34306 13582 13965 12755 11096 34360 10935 12607 15898 5281 11995 38772 27167 20081 5399 27180 32032 39919 37694 29346 39601 25413 17507 11208 10416 19707 6857 8896 10957 16887 21592 39579 306 36711 7002 32862 9436 27265 39272 26491 31361 30710 39437 16433 30164 527 1089 11738 4482 18877 23794 1778 31526 35542 1532 29894 5504 1484 39712 37410 4481 26888 9372 9912 30229 20168 3782 32580 23976 2123 17003 29125 30928 7720 4257 5978 8670 29199 9995 10389 23665 38715 33459 35434 5893 3939 1294 39325 13855 36453 5771 34908 30012 32674 5458 17945 20169 3142 37021 34374 32019 9589 6771 26527 39731 26996 10264 12960 18980 10537 17468 28802 26365 24473 18184 24020 38898 11154 21336 28154 37425 21874 9447 5201 12908 17282 23145 3530 3790 34692 36083 12416 5538 36768 14571 10458 31030 4535 34362 13180 9079 8453 15664 5164 19202 38891 1854 33520 9487 34872 21072 8077 33108 31781 38642 37679 8618 25532 13285 10083 21500 20549 6705 30793 31236 27778 21797 12440 33133 15108 29862 22103 10896 24639 4362 18938 36099 18163 21023 33389 28935 16381 19990 13128 14205 1109
4212 20341 37525 14327 14731 10997 1047 31049 24327 18882 15884 32053 738 21393 17995 4866 37814 14159 34835 31339 29222 2571 32515 32061 20239 34419 22619 2207 5027 25451 5503 5173 19689 12435 28808 34590 9078 3795 38723 14678 20793 37674 21764 24235 3196 16519 21371 1651 17587 20369 29828 4262 19127 37742 13692 1815 19561 31443 27026 7421 31397 39973 30273 37039 9652 1136 36563 35347 37229 32353 36896 1291 36128 19882 35967 13316 38718 24271 30406 30385 21988 27345 33722 17285 530 12656 9782 2340 7374 11322 16334 6364 3621 9797 22802 34348 6780 15133 5667 13701 141 5031 6788 24754 9010 16657 26273 3333 14277 22663 30097 22759 26728 29214 11113 37863 20933 8245 4559 4485 30537 11406 9756 6719 21194 13287 31087 25349 15865 15554 23906 23388 39791 26072 13497 16097 7018 21034 21834 25985 34133 30298 16925 18458 29042 39703 21145 9982 10898 25903 20010 15709 4860 33608 36857 14014 62 28114 39020 29726 24065 24039 8615 3362 16174 19011 19185 29368 13381 18079 12503 254 23735 30609 5904 3259 26353 3183 616 32271 5065 26302 6230 11301 7867 32730 33506 38043 33658 34375 19680 17241 32345 26588 28090 9935 15476 31288 278 23405
15677 28302 39626 11833 25122 32982 19117 5290 26293 460 32745 26306 27116 27235 36681 24782 11488 644 23552 11211 2692 10956 32671 2460 17620 22997 31294 15618 537 33792 12568 37237 14718 8570 20323 24025 17035 9924 18154 32277 35557 20485 19833 32187 6621 39720 13776 5998 11818 30719 19249 36559 5119 16044 7513 28612 32434 37670 38360 36790 3071 11601 32288 12258 4712 6352 24977 34474 10298 39108 3044 30660 17536 15692 14434 13696 24233 30401 29148 32866 27236 11527 9898 9775 5599 6710 35670 29408 30207 5513 6600 16025 12804 19474 1237 20478 7567 38002 16337 19133 29990 14204 14319 26962 26462 2388 163 22071 4686 9364 39031 18439 32859 13266 29486 4618 17751 32379 12094 5046 887 25140 20000 5018 10790 16325 22318 35354 1735 32713 22731 14867 29762 26890 2474 10305 5532 18118 24857 9459 25203 24120 39968 7848 2167 10858 26719 15316 38604 7168 8484 26813 34848 27624 25531 34033 26441 38931 23422 33144 20370 39362 4893 38454 10572 32004 8247 24827 24256 34550 13814 9337 19761 31834 13293 33013 36747 4126 35774 4321 18097 37767 21841 13667 19840 18638 18140 5381 4923 25189 2527 12373 5749 30515 4158 28762 13947 3989 27776 34131
30030 22301 37155 6122 6923 17953 18764 28468 15268 2720 6372 29639 19218 12043 12368 8512 34165 12240 8504 20021 24205 27346 2198 30936 14645 20383 38103 7333 28673 20784 15757 6716 29981 21753 17093 3273 38107 4134 22006 34147 31439 24352 23737 30143 34039 31800 31650 21166 18954 35618 17766 38082 1452 15330 37508 35876 33245 10327 37812 9901 8380 33798 22546 29070 22519 22437 37813 29249 34149 32309 6660 2277 4767 39958 8679 508 33831 37582 33692 32885 17458 18634 26114 8171 34163 28814 34405 32896 11481 13025 3212 14564 6100 23000 7878 30751 1755 2835 16145 6432 28951 3427 24674 12870 773 19436 34610 7368 29768 26276 745 32984 8274 17295 6231 10307 7913 24064 16303 22257 1710 28961 32199 21270 642 1799 547 3735 17765 37450 28750 11679 37804 29561 34079 28209 5864 26849 8671 2387 26179 30093 37395 28408 7425 11975 13408 4520 1553 6772 27456 24431 13585 18618 17159 26744 32870 39773 29664 13659 705 5744 15391 19129 2926 1935 3045 5786 24254 6343 36355 38956 3113 26440 32882 31513 18381 14983 22346 29100 5497 14382 19828 10508 9455 2833 31529 25763 32586 22686 39335 15407 13740 29706 16768 12664 30861 29661 29527 36199
1126 16525 30044 9420 516 12163 22477 9740 21131 35856 4348 24492 32554 26 10684 17917 11195 16392 24602 45 7112 16176 38648 24386 38224 35595 16365 31540 31343 26848 13064 15727 26230 11419 2026 29927 18888 2061 36431 11440 11324 39180 38381 26933 2133 7046 7547 34289 21605 29887 9679 35026 33739 20274 27898 4988 4398 23387 6854 9152 8636 35911 18947 37992 21324 7343 22616 15388 2919 35242 39333 18496 13636 24358 3040 17346 13678 31598 580 23844 7229 26367 33324 2784 30397 36238 36346 37208 30081 26596 23765 16194 15299 29530 9363 31249 8947 31209 117 5507 24931 548 30391 1330 22421 32006 7429 964 33464 18346 19988 7293 26048 35947 7800 34304 5254 8176 22423 21848 18474 35339 3556 19351 26314 17250 23139 8546 18857 12372 26972 4977 31519 22605 28056 36706 30701 4720 31333 21074 39056 37034 7288 12696 21822 4545 528 17256 12344 36919 9710 1997 23890 12194 27425 31065 18158 10664 30307 34070 31783 19978 26190 4301 10140 31552 38253 4874 39276 24117 9340 20801 16117 2814 10311 28947 35230 16041 28496 36489 8741 8228 14698 11811 17675 2862 15363 4186 27867 21075 39606 8578 34324 13154 9282 10523 39255 7909 11268 7657
19386 38315 12668 10593 1194 15176 33985 38476 17960 37871 36190 29298 32315 9700 27046 18132 17634 2552 21776 19335 24367 2662 25012 27016 34470 37972 22949 33507 30627 10299 9615 2488 37558 20422 34547 3368 6736 3518 10711 18419 25675 32489 35327 14936 5921 722 14426 37506 5557 24627 27749 15275 1670 636 14048 11029 12766 30049 28608 19318 35824 27988 5332 24940 33580 31383 6624 7830 8096 32843 2935 23795 23236 27211 13390 29200 14033 13952 38235 8958 34683 1822 20318 34148 26435 35374 28134 8877 24217 37370 33300 32780 16222 18581 38957 8967 12835 25445 11926 23678 6011 38067 16626 5093 5331 25198 3119 8885 10108 22293 2244 18111 29736 28088 24948 5832 12074 28700 11793 34278 2883 33129 17884 185 31369 26201 14726 15345 20989 11945 37412 4370 39217 38459 1731 20659 36839 26711 23202 39016 6852 34899 35513 10004 31341 10098 35213 7794 23526 3597 10181 8572 3893 14590 35520 9300 28769 17497 21983 35483 29950 11147 27178 38343 25269 18155 9709 11913 31251 19669 38457 31237 10252 9201 11375 7891 1252 29003 35163 35070 12614 24336 29085 34269 9660 16161 504 8707 1264 33898 39572 22898 37565 20539 2186 22063 33906 24868 16605 6663
38286 9352 28291 8368 33313 13189 38820 22132 34410 1479 26455 29988 11156 24309 11781 7650 36604 35007 15817 907 32778 28678 16737 3948 17137 26311 38260 30636 8082 33308 18462 2848 14128 26453 11572 26868 37447 4941 16856 5895 5816 35748 20901 8284 18690 18645 28255 13068 23871 37305 12525 31462 2763 22252 34288 10119 25226 3153 29690 18756 3491 15971 35793 37874 33354 4554 2917 37452 4430 11631 29872 35573 21047 17431 10614 36091 20057 24836 20705 8500 36428 22033 13752 33069 33943 1849 17360 1143 14045 32033 27494 28203 24277 13758 15593 13528 29473 9059 36666 9812 13874 11568 13756 35580 9805 2287 22330 4045 37829 10112 24691 18143 35224 9914 14274 26839 5021 13113 26857 8432 37663 29294 38412 39759 9353 38629 152 5946 14157 23023 13925 33286 8468 1721 31367 31995 25629 30689 10846 18130 34263 32473 21035 33284 19009 34568 31108 23513 22732 16064 22455 16377 38963 8363 10877 25298 10036 22665 20094 16763 16584 38130 16808 27123 27263 37076 7537 23621 26512 13689 34388 14732 23144 3777 16838 12783 3422 18781 33160 30497 26130 34833 2008 39959 36462 13679 19884 3779 23764 9875 18348 10010 25003 4908 2589 35015 33495 25518 8903 33626
21801 17216 873 34016 28285 8104 31277 30612 19718 6324 3598 9613 13768 10941 26941 19614 17412 19760 33883 14848 15438 34174 31508 2689 17601 15759 35048 21249 20146 25651 13698 28866 18051 33829 19355 27121 16422 10980 15202 5988 8681 14287 17276 34107 19931 20833 11412 17887 6483 27323 14444 19710 28163 21904 20582 8521 29551 4078 33806 27752 20538 21439 29170 38711 26246 17226 30376 36946 15922 28979 19520 38795 14797 32234 29911 8116 6806 20361 4832 21979 32690 26282 38748 18797 10544 30579 9913 33451 8890 31717 3615 1309 24450 1585 11544 38455 11030 20180 6319 21525 34631 30869 22214 2469 22813 24173 2090 5269 39671 4353 24561 520 26867 31930 17771 25183 4918 28842 27422 20241 3419 15215 27909 17618 39178 8604 28348 7979 39749 9111 32117 13670 12899 16036 99 23007 7353 37362 7015 29489 26308 20463 27762 1677 15348 20806 363 28460 26945 2983 38994 36906 20497 2440 7485 20596 7146 29945 16979 8541 12411 11957 12800 9916 2136 22874 26426 3915 27843 17583 33409 11517 8253 8944 15505 30836 12125 10874 35108 20053 3904 22001 4904 23385 34713 15896 26009 5255 17881 28548 31063 15558 20163 7517 27871 12156 11533 33290 35210 21313
18170 32255 3469 4190 27222 34399 38917 23016 5459 24021 6868 4345 34365 31468 32508 12352 19080 28158 2998 16935 25841 33348 24408 8619 7210 24937 17117 25256 26372 23573 37261 889 3028 10104 18061 28156 29680 2913 29372 25853 39612 28867 30140 7706 5123 18657 35149 34613 18397 25216 34863 2623 37431 33251 18475 34542 4139 38431 32160 21825 3459 29221 3403 8805 17235 27397 9907 21672 1455 22767 10133 33647 4945 21064 35272 34638 16786 29406 37655 6031 6446 30655 2009 14246 10776 694 38610 8870 36282 6659 1181 16640 31413 5765 27913 30047 3650 1262 7907 5486 36182 28924 10570 21785 29721 36902 27061 27563 5831 15053 22381 15237 30628 3683 24837 18917 23308 18203 21528 26477 3712 25458 2892 21951 13937 15581 20403 14416 22313 7430 10556 31506 30586 22557 14446 1273 35473 26791 34356 21491 13748 39456 20834 7564 14958 30220 12924 11374 6799 29032 19143 34920 14851 18787 36587 14556 18807 37052 2174 29464 26725 14989 28651 19658 17690 32409 21300 37921 9612 18554 18592 1736 29554 39346 25641 23779 35340 5391 23698 37282 7821 28501 7375 4694 5693 14615 31119 14568 1623 28261 18963 28274 33600 32294 27538 15864 34090 15939 10470 39688
6846 649 24171 22999 7708 5672 15778 38692 22443 16858 6310 13866 1908 28584 18864 16893 37843 38111 25077 34227 11452 10833 5860 35187 15888 20330 16056 34017 2739 34633 19887 34219 19123 5823 21136 37096 29313 13449 122 16679 22479 27006 11498 33727 1487 20313 9568 6848 22713 15253 7964 7461 21863 13709 27767 20997 15005 31088 206 23133 15460 28706 8013 8886 39846 9542 8033 5609 26377 6144 495 5888 7172 34965 8742 14018 25713 4014 24405 15525 23336 7563 31500 13527 4916 2098 26870 18648 36769 7354 19576 35346 39815 10381 10460 30758 12182 3445 12573 27228 27105 11229 3555 12694 28902 8614 26481 9145 28717 23108 39403 19749 22164 24111 25486 38902 17347 14408 1538 7387 31590 38799 29191 18999 23126 17850 38597 10057 26272 12760 16576 18691 24952 12489 39131 5038 33334 22226 22317 30887 10800 23214 9215 31694 28737 5192 25288 4739 24552 8397 22311 17704 33258 25356 1331 20513 39423 39851 1229 4609 2446 5235 7786 27443 28234 34112 7060 29462 31318 29020 2392 1364 12901 37050 14554 21577 12012 31404 13873 29089 9558 38384 12029 35418 7469 6468 1970 22194 27562 24905 31840 2470 8189 21265 6205 35708 31494 20612 711 5514
32423 25874 24091 11280 27071 20994 13601 7628 28185 35063 35290 9132 25228 29711 23337 14769 10777 10907 26042 8024 11795 23149 7025 1246 17461 39461 14321 29143 6404 5359 16360 256 6881 38946 6910 6654 24186 29163 1385 30344 4279 2842 17857 19853 4729 923 14316 546 1222 26356 27694 14581 16060 35700 3885 35020 37430 22782 23188 25559 24328 251 29397 21521 6544 24658 17208 29548 9592 22306 9721 18136 18835 14345 24417 12667 26692 39693 16785 38765 37680 36998 30672 1386 36581 32872 29682 17361 30223 32077 12655 1175 313 37577 10985 14787 14866 19495 2371 38808 11200 36788 3731 31678 9718 36484 10518 6166 32435 2353 31825 23944 2235 11922 27844 10895 9986 21862 9572 22090 31753 4959 34441 26583 15153 31957 34307 136 3135 38761 34778 28218 25464 24997 3807 32064 24285 28777 27 18502 30039 16354 18876 25414 4388 15504 2074 26236 34581 24874 12925 22310 18147 14318 3416 9115 13551 23778 18951 25450 4746 27724 27433 15010 18205 35436 28973 23407 15225 13017 12622 4984 35262 27182 21598 9723 30014 14187 29665 35938 29918 4240 16568 4726 18556 3793 38415 15553 14580 4875 8152 27826 4411 11011 12478 31079 8485 20945 15184 430
34948 15207 7213 11747 6407 5217 15844 5168 29353 12711 20406 32241 2944 14361 12142 3371 15236 35423 23024 33295 8461 22201 36095 4171 17904 3488 19282 20351 16796 18109 32040 29792 29033 27602 34282 15122 29078 26731 21717 38598 17639 28719 36680 7010 34769 15183 9842 19350 31654 17940 24061 9691 12193 29536 31605 22883 26594 22766 461 9052 3285 9531 9333 14349 37705 33364 2164 25892 19817 21786 30394 16847 24889 33925 36502 12000 31137 20749 10365 23053 26809 6114 5200 26084 23287 17229 4465 31322 10505 32332 2534 9051 39166 12831 34222 2202 39289 1016 15938 7451 24220 21472 3228 18636 15907 35934 18153 38943 30540 19573 3753 5824 18626 11381 12545 20083 37621 4200 38658 24969 19615 27610 27929 8273 5588 28932 8415 30798 33321 14906 37630 10771 90 27754 39320 27489 15067 7033 17130 17546 20151 3671 7442 13448 10547 334 29279 12550 27897 17946 9878 39144 25223 3544 20545 5056 26064 30546 31589 5814 16699 9625 7209 12005 6187 19148 29931 39487 19940 6188 29263 14994 12169 22225 17447 23002 10128 33373 4258 17005 36231 30031 9854 3053 34728 15458 14428 32552 29700 18908 1521 14256 26322 4474 14551 29116 36034 36613 2275 14913
29603 31745 8545 14036 14747 39177 25835 37054 13147 37259 8498 502 34040 38739 1031 31785 31560 15100 17265 14112 13380 29844 4413 18294 21884 27832 18139 24610 4795 12153 35311 35306 35788 19412 37201 14118 24873 36451 2457 6104 32655 27305 207 5035 10692 37826 8242 10159 9104 6338 35572 20342 13286 13298 10807 22969 26982 35931 14001 13862 8612 3858 17427 16727 30347 6101 30622 7419 3077 35335 19067 24490 9014 18295 33631 952 20027 1753 28725 29065 11915 26069 35198 20447 5939 17567 26376 10027 28141 38086 24282 26754 37789 20939 35955 32425 15940 16504 21817 30235 30990 13362 35089 10282 33855 34792 32543 9983 22004 14149 3204 35253 30947 32805 26759 21079 35301 24378 7036 20776 22814 375 14986 34220 36994 26092 26735 368 23079 29791 6191 11491 5944 24393 8145 37542 31991 115 35372 3282 3148 18883 22128 1972 19971 32668 19455 19376 18168 34121 13033 6657 8995 3709 11351 17509 14547 10781 3154 24177 26249 8421 34559 25294 39283 37989 24048 24710 13808 1694 31843 32356 13973 26834 7778 24102 29354 5431 20216 4892 4947 32710 30805 663 4459 11756 6747 15880 17689 10081 39375 19385 17262 35656 31317 25758 4942 38430 10881 11969
10724 16514 33147 17247 35842 7420 5349 18557 36632 9520 27798 38452 8220 23014 1019 25194 26051 19973 2153 14671 31440 38773 8114 9457 1293 25566 18655 13731 17325 36862 38232 5858 14266 1098 18600 6803 19847 20119 14872 9799 402 36933 23092 9031 19253 20729 36907 13045 3068 18749 17968 36652 10433 9759 25698 20005 17225 3468 3836 13665 25759 20069 20204 7951 31514 32211 1201 2613 29500 632 6152 32764 16190 1191 6463 27342 31182 679 2045 5763 39952 33162 1223 21375 37341 5647 33169 20921 23706 4619 33249 16798 1866 5880 10489 1519 6531 20883 13152 27427 9548 24866 36987 7996 30972 35729 20952 35828 22168 18368 14545 36660 35792 16561 20040 18105 34193 34363 6592 6249 1536 20308 2801 29126 1575 37414 6634 12420 35069 5727 15926 18528 16133 39493 6671 8718 27882 11133 10743 26451 24395 36474 12623 5938 20344 8507 8191 29292 36670 37825 24305 29970 20987 11653 8340 37485 38031 17581 16393 20234 36856 9681 33222 21846 27438 16759 10568 36585 4382 29868 22369 6348 3641 39819 31069 29740 484 12846 38783 12039 21676 3972 30349 7722 14871 22968 9574 32702 21981 37831 8288 12054 32127 27199 16016 36047 29139 23254 39459 16204
11783 27739 21919 33781 23920 33067 32398 35296 22109 38298 15482 14013 38305 38681 15332 31153 26175 37463 22718 4625 3406 27864 3065 6223 35850 38030 18734 15452 1097 7903 19334 18035 38556 27012 25929 7311 35061 1024 20266 12833 11647 34746 14124 14463 6271 23601 11013 12183 27908 6147 25078 14133 842 18972 7391 38599 11207 26769 1514 39477 22384 31625 1307 21057 28016 38734 27129 34943 3868 10642 31262 34192 13941 28806 21169 32522 26688 16855 22824 20481 17908 25595 27688 38924 10089 37220 22914 21723 38115 36118 29814 23018 16197 441 26785 11525 13691 32961 7674 8554 3415 314 34600 9793 39239 14023 8154 1969 5626 13986 35809 34745 2166 23380 34877 29889 1266 33723 17074 21517 30783 851 36248 8279 3233 26608 2152 38265 1853 27561 33586 24579 22500 12898 28078 37081 11627 35600 2024 1334 29332 22516 37334 37667 39689 15609 10739 22115 16087 1159 31229 8501 11239 32972 7733 16603 3644 14917 31612 24860 6102 35299 572 10944 10602 27906 27808 22829 30225 19051 9698 26627 27691 24758 37113 13556 15220 38075 4751 30823 35493 37575 37951 33329 8697 4717 19021 6323 27822 25002 32957 37622 34295 8700 14541 29431 23716 32729 35862 26483
21535 8909 34604 21788 8663 7862 8224 7873 32046 36402 28575 12703 21501 24876 22734 24499 1011 18017 35451 14959 7982 15785 37647 6528 10927 32405 11460 7590 9859 35863 15533 17743 8868 2159 30278 33430 5188 30016 21929 10401 32864 9758 1370 19066 37185 31352 26821 37759 27828 25909 26406 11954 21952 10448 39789 16149 21414 3743 16734 21246 34209 7390 10964 6295 13184 34337 11442 19106 20052 14902 6382 16895 6787 38688 8752 32754 27101 20850 24998 11759 18279 39767 26296 9855 14663 1138 35525 22039 30648 30481 5210 14928 15490 24062 6662 77 24019 33822 28488 27247 38386 35990 27916 37715 34959 4954 222 10497 39856 38016 8053 3015 2646 11039 10000 21959 4856 21504 29936 26826 37131 36352 1295 20731 16733 8345 28968 29318 38606 25512 33859 14642 1007 13227 17781 33890 39229 34697 10069 33551 16171 25748 17925 15499 38344 35237 11160 4206 19147 24697 9170 9461 34095 8694 28074 9506 37505 16545 23466 20948 27220 9410 33794 20899 30292 39686 19232 9319 17633 39476 37418 17243 28461 38997 252 30244 9297 7456 34934 31407 38507 9239 34200 38178 17913 25472 20837 18651 37567 24016 32014 33433 7403 25438 13296 18029 10705 38546 12321 33482
11777 2752 27786 2077 8589 11086 33850 38188 12961 13868 3923 1354 28626 23219 21144 15248 544 19137 30854 37248 33627 36806 8034 37821 8831 3883 31743 1193 16416 35148 17593 31707 728 21161 38267 11305 27359 15021 30880 16132 18625 3019 31784 39113 6182 12773 35790 11962 15506 10977 2898 26193 659 29019 17990 36399 2734 7053 28927 2545 33027 2274 15116 34646 7339 7457 34252 31811 14427 15854 33705 5045 27678 30450 25109 39209 21442 29879 3275 21946 29980 17353 10454 15422 7138 35487 7167 38827 3884 18121 27972 5234 21737 1816 16682 23399 23019 22114 9537 37598 25864 31920 22894 10923 18967 1589 10869 1299 22553 31082 5833 9428 35167 11938 19716 37159 29054 35846 13972 37959 5793 5510 31117 39158 23134 6940 16182 38057 16668 7262 7075 14637 7608 26045 30168 30179 16579 29426 6163 9400 24918 37223 10019 18438 17691 24369 15238 20980 12868 26605 14425 14990 5498 986 25230 27415 32751 1668 9137 7975 26751 10507 22929 25648 20897 22070 37136 8586 16251 37109 21909 5446 37087 30942 13244 35553 13910 15304 6157 32340 6766 38 11309 11576 35975 489 14661 16278 6453 11832 16017 18304 25932 34826 6350 21633 31198 37497 11231 1642
21585 3121 15590 17606 37590 5932 10721 5739 7373 18305 18730 5637 38617 28247 28707 23042 19246 30367 2184 7107 32990 19746 27250 10866 21742 4023 21391 34630 15520 25208 37466 38788 26668 37692 8015 20408 22547 4569 16773 25093 31915 16918 5908 30210 38250 19399 22585 27956 28159 27708 33826 17693 28665 38468 5126 12152 16876 33490 28910 32958 18084 11449 37156 2684 16989 11292 20110 18034 16571 17802 4799 12485 14687 6120 28894 19175 26923 942 28052 25582 13370 31056 18367 17213 25712 664 26727 6594 34100 27959 4477 22845 20222 14560 26613 26549 29081 27149 18722 12304 39544 6099 10176 13253 27829 5585 35616 10501 6769 16220 33975 2640 295 6485 32826 6577 14984 23776 25360 23447 11993 36017 32654 31314 1028 26285 34071 7372 6827 18821 14817 13387 7739 17391 5853 23271 2591 29631 25047 5301 8293 7315 26713 7099 593 2902 31686 18975 888 6465 16111 13762 31401 35532 31489 2394 6752 660 16217 38246 32789 32102 37281 12075 17544 26656 1000 15068 29531 26132 19446 17439 21478 34619 5423 28415 22056 3130 24435 33033 19607 75 15055 11624 16191 3193 36286 30480 22984 10345 16546 37342 30046 198 35906 35216 37257 26957 37524 2176
11510 16548 16223 22670 10362 7140 25017 25737 20164 19212 10468 13966 18856 16491 3075 13560 10861 4912 6898 11152 39369 19609 3356 10818 12796 39281 30293 22185 11514 33804 347 36697 24681 584 8785 14839 5846 32623 28718 19261 32018 15908 7719 525 15893 27986 23198 20372 16463 35550 37828 16629 24180 18164 12211 21032 30412 11112 11161 13932 13957 15394 18252 33178 15498 21499 13304 14307 24181 11287 6695 37805 33172 38318 38069 3001 3434 3441 14865 7179 15570 20845 2068 36547 4837 37226 29168 22860 33955 11321 5323 9939 34997 16460 36967 30159 6678 15875 4517 13911 31434 39266 4275 11914 37139 30600 18622 10856 11073 31725 16710 8442 8002 12174 38641 20543 22275 28229 35364 2598 33176 13215 38336 10938 22693 13023 10382 16936 23818 30835 16052 31645 38998 9729 2292 34801 14894 17993 14942 35274 29715 210 17224 35920 25931 11889 5275 19598 11000 24599 1621 15954 21744 17438 10476 5411 18443 16319 2441 24194 18110 19430 32367 26534 15652 4192 24666 9525 16939 15895 34787 38340 37650 33191 21692 31607 36422 3877 31282 25819 22959 37422 6082 21019 20521 23507 25299 16484 28312 35558 1707 13162 32009 36387 24142 10493 23571 34421 18612 31732
28475 11260 5735 32628 2915 21214 34972 20198 32572 39828 33185 15996 27709 1494 9381 18988 13430 27830 33531 8160 6495 38236 1017 34086 13446 9908 20818 38724 3941 33744 30002 28656 1892 22336 3238 1906 39902 24991 3797 17302 24480 20084 8031 36012 23775 3190 31858 24986 6086 2528 13200 29150 25503 12370 4756 471 11072 16014 285 17823 20025 28587 6094 33168 19622 37902 14804 20233 37119 21263 39491 2569 24535 17811 18524 25241 18307 5569 7957 5794 32307 9639 11357 16881 27481 19054 3088 2323 21894 26881 18973 10306 17323 10188 13212 24427 37560 23377 8851 21493 10091 5088 31935 21686 27424 37189 4035 29167 35621 28024 7291 10809 37991 38156 19228 12314 8933 18230 7382 22290 29251 31810 26595 20271 27680 3144 30983 31983 14841 29592 22206 902 4847 38672 12894 38017 28036 8107 14357 35413 27335 6565 33534 23151 39482 5460 20890 24 31410 17024 20547 3667 36429 7335 7865 14662 21306 33697 28480 14314 24662 2963 31258 37684 37617 28041 31715 32898 6141 26741 6137 39414 32807 30324 3274 14868 15483 32989 3263 10503 30004 12608 12328 33978 26775 4179 8297 5930 37904 6447 9953 8054 24343 35349 13536 26901 10214 1238 24694 23611
687 2513 7307 23900 19974 23519 9001 6170 18013 16854 2910 12535 27943 24445 36310 37545 6129 1449 21915 39422 32917 33179 625 22067 6804 31427 9961 29182 30999 27589 29958 14280 22520 7007 1338 1029 4639 5086 11737 20115 12200 20683 3192 582 25556 11288 23124 8306 1493 17094 22163 34958 24483 28641 39472 12249 11763 22159 11925 36124 392 26204 5207 13343 22153 1296 38225 18881 6078 3290 16665 10697 10579 9356 4697 22893 13584 24731 6823 12270 2525 10857 32091 8495 32815 18440 12763 1412 11558 11530 8370 23030 5496 38713 18122 4266 38798 38092 23223 21134 34768 31385 8595 31683 26319 8623 5630 3576 36173 3442 13222 23790 12939 37475 7208 7637 35781 37779 13634 35389 30259 8316 32229 10951 32849 31359 30242 17038 14618 32910 23607 37007 31267 2296 23043 9293 37325 31001 12956 39273 33352 2316 22657 15617 16167 34429 13176 37866 39398 11478 18286 35638 37392 37925 9864 33344 16782 28367 32739 38814 4888 10740 35116 9686 26516 19279 15805 13035 35622 8126 16445 36829 12268 3522 8879 31830 19704 2731 22396 34067 31211 13529 28749 7127 5603 30918 10145 15323 38873 9475 37243 24161 4118 13348 39841 34879 21873 39736 275 10612
31253 11580 16948 27208 29746 38171 19871 12803 23333 29550 21362 11758 39672 25316 18653 27895 22747 27363 24472 22217 13378 19683 15033 39628 25073 36545 16411 9238 32144 39740 3304 25473 19795 37626 21353 5879 30484 11932 25877 28397 24924 26671 24107 29022 33115 31366 30934 28954 4949 6450 19098 7900 24292 5002 10681 33273 13221 15990 14364 20986 15228 21357 38549 6443 38731 31138 15925 7041 18791 1963 6290 39849 26076 18251 30543 29088 16836 18285 31347 4272 13658 6235 9414 5029 25169 27782 18183 17985 8938 13594 1045 38899 3073 32777 26393 16225 6085 14312 3187 5704 6808 23557 3864 1035 28948 15131 32844 34144 35953 30053 17578 27704 16749 11948 16074 13204 34669 39772 9507 29677 9254 13617 19019 25615 22149 26217 68 36596 37835 26199 9151 15398 20516 6410 32707 15935 4723 897 7832 36817 39143 7130 32539 7211 36958 15729 26599 36189 8937 9000 36520 20362 19530 37760 11290 18880 25953 29124 39783 15495 31854 22590 32559 22908 5926 13568 35546 2904 28876 32706 30191 16469 17775 28380 38865 19717 13771 11702 5973 11296 2193 39898 36838 29076 33569 35642 15187 6956 34875 13192 14801 33299 9019 20723 19057 16813 15555 1782 25784 26173
30814 19196 30312 12110 8133 7683 38434 8823 33003 17145 8609 15034 1232 39978 31409 27070 26880 23991 9936 3799 25319 33420 37763 7934 35929 35750 11432 645 39389 21232 11021 23313 37462 22505 24488 6424 9074 20183 5091 30847 22858 17782 7901 36751 23113 23813 14073 35590 1239 33666 37432 38352 18343 3724 29750 38477 26484 4907 2448 14262 32977 18370 7580 19219 12632 30285 27444 12738 19545 33994 21271 38686 2786 6646 38029 1930 25689 25738 19827 25139 31162 16550 35719 28650 28547 16294 15161 9481 24008 1157 31214 699 19043 29893 9041 29096 31188 13936 26248 39792 9135 32615 25474 25104 1773 38746 12195 30602 26006 29710 31637 2479 3249 29343 14946 31329 20573 6518 32530 39153 16169 19216 25608 19675 11703 31418 21624 24003 12552 27287 15811 9123 11959 38164 10142 34207 14430 18510 5967 14192 30321 4617 30817 20001 24566 33118 27047 2500 31651 26145 38228 6226 17172 35918 13802 39766 29073 36187 22650 21055 35764 32414 38786 18200 33893 24815 27292 25467 32693 19500 32183 24833 13013 24496 3250 30041 35779 4338 9631 7037 25888 30764 7973 22904 16498 32938 2117 27626 31622 20431 39862 28638 12033 9139 2774 32122 20698 15455 10637 35811
35995 4844 28590 33015 21855 12451 1659 10621 6347 34617 37815 16243 24864 31820 37990 14879 23080 32142 36122 17524 16698 23433 35581 23855 30105 23199 4127 10890 18679 12569 15857 9283 8775 14334 21182 17478 29415 25694 148 10784 37128 4952 34555 24750 12933 38696 13225 18103 37995 2676 24865 1633 17602 3657 10314 39137 17255 10473 38675 1171 29502 7304 33962 32444 37274 33188 18544 34962 25563 36793 32582 2721 17573 31264 6543 20197 27674 35328 34354 9688 12764 16919 15081 4666 3823 6474 13982 939 30150 9860 14273 9003 32943 39882 20048 36398 18759 12439 37000 16384 12682 744 38049 18642 21872 31573 24269 37135 35836 27985 26066 33391 8987 615 24159 10296 24178 34690 26390 37102 27405 25984 854 36523 7255 30160 5813 12816 8008 23808 15408 9236 16953 7078 21292 18675 9571 19178 19391 857 9103 31387 22506 8872 11438 17453 22533 32143 28489 38862 14452 36515 39265 6711 7035 1012 1133 31125 29483 7510 23637 18949 1872 15862 16394 17474 39298 11987 24307 22467 38555 12177 17101 37435 24027 28 31842 12528 440 27387 14294 23845 36827 24298 27457 814 5750 12642 21287 12991 25770 18173 29013 14944 27266 21678 19954 3338 22 10480
29121 31445 13279 17299 12099 29359 7501 12399 13328 27237 17720 38493 18664 1662 32720 14047 5355 29895 921 7621 1 15686 38254 4013 26403 12797 9377 27994 7833 34118 1394 32361 38949 25329 10795 18922 5805 11693 8510 29772 22730 18267 25346 19444 3185 6980 19411 7299 4551 34225 16049 30302 38345 18779 39050 3111 8683 22022 7207 31058 29657 15620 21392 16454 18092 16140 35220 25058 38975 39092 464 39285 6384 7439 2825 2062 12217 21230 12536 15999 39086 22518 36357 38673 11037 24359 28096 14670 37764 31472 9772 6467 24126 1244 11494 16784 35399 13187 17201 33757 25038 24222 11805 17301 11285 36592 27347 15338 6722 16740 9950 13774 34671 31833 10928 7696 34756 28766 19414 6522 11812 2531 8673 1741 11019 35193 13672 37889 5636 1409 35654 4788 2363 36162 37195 38585 25043 9715 39043 27036 35709 802 6796 17388 27623 31531 19713 19346 14012 13991 4378 8278 15560 14546 13607 26959 158 28971 33965 32653 37817 33392 26917 10902 4521 26288 26119 9726 27254 31878 7277 23494 32477 21387 18521 17064 7599 5965 39699 33298 8763 22169 33604 12871 37957 7736 37979 9598 36684 34501 16233 10563 21261 726 31504 32964 11502 37762 12423 26123
31348 36031 4688 21745 29461 21511 24767 3920 20577 26020 28223 29620 16664 13141 4919 6416 31071 21139 15502 28614 7886 16268 17057 17341 32914 7017 1091 36480 3343 25227 13864 24312 37092 22793 38485 21809 17786 15951 8511 2973 26631 35909 6805 11977 5429 29194 21567 17112 30553 14573 28087 1510 3410 12869 34841 38180 36986 23269 28251 32258 35094 33836 2934 39299 29920 35273 31302 35962 6097 1595 8004 14971 37004 28048 35682 5909 17286 22137 35896 22412 35091 11297 15026 19522 29979 21850 38168 11920 5047 10506 15960 23176 6815 11968 23123 22458 28281 34496 5719 24087 10332 39709 10022 23322 30709 1725 27719 37703 28010 17574 6092 21963 15887 22407 818 35927 3141 30830 29684 4242 11353 30846 16871 16130 39641 13779 1460 7024 14549 39155 18456 39995 36682 37707 13546 9332 18085 16904 38037 21655 34091 25920 3843 12998 5729 10472 39226 19798 32310 1360 2471 14284 22170 1101 10734 7163 26448 38392 17 23285 34011 27841 33085 28258 23633 36738 19641 5077 33690 39696 13613 35212 29327 5935 4709 23398 17452 24189 15584 24727 34543 8444 39284 30472 13763 15046 1061 20476 2093 24128 21017 17736 34469 17063 22578 24168 26341 25862 8451 27458
4973 17919 5867 16613 37180 39550 9130 19006 2076 12362 39868 39455 6234 16298 16226 29061 10191 33732 14682 13470 38529 29817 8603 20943 36507 36058 23913 27660 20758 27947 19102 26223 33406 19849 15995 37273 35776 27998 38797 15223 9118 25972 1920 13743 5611 11860 29991 14684 21660 30124 26143 10041 3372 34699 36593 37228 6342 34714 2499 16424 32588 12222 24311 6174 37453 25196 6869 26127 17755 3074 29341 22592 38266 33281 9454 1102 26507 3340 12976 22584 31950 39401 26083 9124 31952 34819 4532 36446 36537 37639 28509 20279 1767 936 13411 35217 20061 25477 6924 27373 11848 29511 10772 9 33340 10370 5559 21741 10841 20891 29439 9528 36794 35936 12929 25624 36491 10061 14300 38001 3890 19703 30065 37151 3470 21927 12424 26845 16781 1714 9903 19223 31239 32265 9783 14900 22187 7887 34446 10894 8102 22957 23904 4889 29236 29640 22092 33074 30933 29429 27946 28874 14162 2280 123 4996 4160 36519 38208 36369 1702 31328 15064 16532 25951 5958 22620 17326 32378 1918 2510 5488 21635 20825 578 26930 20985 37378 24200 32659 35343 33800 20572 325 30915 24080 4672 22410 5124 37896 16787 10825 2288 1110 22687 15663 11474 6742 13334 38337
1427 23054 23876 36542 312 10652 17207 34519 33473 35344 32645 1979 23617 11780 34026 15873 1377 9593 12108 10452 14369 35859 30509 7534 2906 14412 18539 24377 26612 26967 5730 7829 23366 31627 25917 29947 14467 25354 33811 14764 18298 39727 23190 24863 19552 17753 19565 13481 29324 23602 7871 20364 22294 37514 32109 5032 7838 10708 14448 21935 17371 18182 29510 18260 24146 29232 30387 8430 16863 35426 36667 21594 30717 29533 23753 11859 13003 20026 1567 10840 20317 33017 4019 13416 21044 321 23647 34184 7992 11600 30125 13273 19027 3242 39768 39323 3659 33907 22728 29604 20366 37073 31074 19873 39105 34753 34089 4384 35674 18568 22868 20015 16538 13693 18955 37827 25106 10599 37914 37225 29995 34152 4487 16165 34560 10321 27599 17336 36791 39057 21199 23653 38309 22490 34624 29129 6353 24127 18870 28431 10536 5190 1745 39112 12736 32971 24656 14095 24536 14676 1711 8978 4629 8702 15480 32636 16309 8362 18809 39521 9233 38005 25781 5910 7843 27187 33088 39949 18296 27409 15563 15542 29187 39150 22630 16308 24057 23587 12171 18843 22787 2645 28809 18737 11106 22922 2210 28076 39605 11749 13442 17402 13580 23600 1974 8051 17485 6475 31841 11854
24741 34966 36966 5430 39322 109 38560 7922 37385 20999 13974 37270 1886 9073 20502 36867 25569 36950 25636 28744 1734 14304 18927 298 33128 7034 2768 5001 34800 34536 27635 29906 32380 3892 9611 39451 33445 13553 491 21580 27297 12418 4333 29752 32071 16185 10063 20693 30978 21552 18039 37604 19370 20097 12223 31094 29002 20843 18124 22751 27052 27718 30137 30123 24725 6888 3698 9470 36149 16448 24820 19967 22563 37858 18928 39947 17715 26924 17779 4826 1226 38538 27707 24093 24013 21933 16946 20455 10943 18040 9948 701 23567 29870 5279 13953 1752 11628 26777 33418 25218 39769 14158 3223 26774 26191 14640 21733 22155 31354 3426 1205 11575 1975 19242 31210 35928 1108 10436 37255 22334 6567 2135 16875 22709 15760 13197 34327 15707 32743 21490 33500 25913 2225 11883 21712 33612 34876 34396 11164 15637 12187 7205 11306 25415 15831 25924 33609 23122 36463 23504 1492 6370 11863 38066 19329 28696 3408 15222 11667 27181 16501 27166 8250 9619 15045 39619 19319 6801 20745 1277 38209 25307 33570 11284 10575 24809 39885 24850 38588 21084 36517 34998 1199 8433 39142 33293 1117 2036 8616 32276 10525 5634 33976 14916 9223 4854 24055 607 22289
9312 20404 3026 2748 20744 10696 8006 9881 30435 38691 21049 999 9450 11856 24438 18878 23528 18178 38682 18262 4393 7123 28837 9247 7097 13217 32259 3675 28695 6842 32343 2970 18672 33319 5076 5889 19284 6119 1689 32400 31115 22961 10850 15606 16512 30862 6008 11836 12065 35884 9817 23883 6394 38764 20911 14814 22406 10092 24092 20976 33138 9161 33294 2143 30441 7566 23782 36971 29323 7625 14589 1504 23715 26900 30474 32188 14235 8169 32005 24825 23788 15945 17571 23639 2155 36333 24958 11126 8550 5677 6765 21800 1639 29854 37127 38489 14912 13501 4511 22837 19344 32728 3933 1534 38053 30408 13220 34677 14979 14477 24680 7423 12971 8829 2903 11714 38110 37160 16458 20285 19221 26926 6897 571 26038 13342 38449 38781 23160 4939 14750 29037 17514 11467 381 15300 31938 10758 25817 37645 14816 11172 30240 33630 31086 24985 37716 15224 27312 9452 21143 24728 27901 399 26929 36464 22397 18605 7799 39635 18378 37587 9186 22017 27478 4312 36045 864 5801 17184 5927 17293 28905 38981 8437 33710 32208 17294 22555 30590 26897 8884 37464 8061 5624 24444 13616 39938 3526 10376 12331 10028 36536 6179 8787 18753 36873 22465 26983 25248
20879 27015 1823 4563 35074 7093 20337 35913 33350 14641 30643 25213 29948 30787 27756 20320 36277 34464 33876 30221 23097 29310 595 11730 38077 6436 30669 4129 37204 33220 36942 11242 21924 25308 38486 20032 13649 28092 38706 26840 1254 20714 25826 34472 18957 16189 35726 11056 3705 7756 39077 35838 3990 26932 23396 308 20160 14239 10012 14008 32802 7404 16585 39583 39603 28784 20798 36186 16985 19229 9392 5483 17820 31828 13724 25670 13232 31286 17055 34122 37299 15340 18366 19752 10782 37319 19802 2239 3014 31118 9141 20473 28293 30352 32564 766 34757 27862 7507 35640 27861 33353 36803 22919 26136 21484 13794 14291 14724 579 34685 16038 29270 30268 35460 11485 37012 26895 7240 28276 26529 28018 21470 5339 25334 7984 27701 35988 39380 29552 18312 8754 23660 32412 16937 13547 16556 28603 16718 5011 33497 9107 23165 9849 12647 25295 5519 28003 30858 23950 38594 500 15442 1751 31431 5384 29063 18249 33838 8021 16672 20263 7162 34880 11625 1913 3253 17451 11960 19897 27219 387 31174 20259 27777 17957 37016 35199 25534 27238 35559 23891 32619 972 12972 31395 33307 14129 21827 10287 35185 7714 32824 6561 15320 23930 28292 22581 17051 10131
33438 25927 19528 22936 18991 18836 20678 21832 7533 18240 16124 30410 14310 14456 12311 24372 17523 31758 2148 2775 14203 18974 15440 34051 200 10773 20167 9286 15803 23453 10356 30073 30931 19476 18387 31231 20202 132 38848 32328 37806 19509 15479 19843 12114 1120 2029 25395 22099 30308 21883 25165 21620 15768 17591 28469 1812 25880 31583 5328 22872 5214 34810 12009 19624 2033 27615 24922 33255 9068 16523 22342 19810 5427 35360 37850 10609 37980 12743 13015 31875 21645 10901 34897 813 26553 28045 15066 8067 29474 8897 2799 35398 32138 14367 33477 5467 24601 35870 36808 21051 31615 20430 19534 20813 8592 1856 6826 24611 9449 11579 29583 22528 30851 26496 26562 8435 29650 10785 4230 9314 17318 1043 7680 9122 23755 31805 23451 14172 25497 32978 10007 35810 21795 33283 2821 30364 38966 14132 14197 33217 22933 3287 23754 38262 25386 9038 18971 29600 38831 8005 21433 18363 23045 21965 32399 38923 24915 14462 21762 23187 12351 23392 29645 20524 38527 31292 25331 11794 97 29569 33913 11183 1808 24148 6325 21555 9387 26488 8462 17135 36749 26913 18795 35232 16632 38131 4724 11457 6203 3881 28115 1851 22781 8738 34585 12749 3456 19055 10569
5244 14728 10231 24156 17020 29048 18863 38646 27546 7918 30214 12322 9931 18552 4903 12987 10915 22123 2982 12866 37504 4044 32880 34045 2853 31941 14289 30802 6858 20624 37761 23046 38934 4057 25447 9500 13871 32784 18982 17315 9188 1084 11668 38219 1904 27310 2348 3106 26842 21309 31501 1581 4099 38894 2493 5251 2109 10241 30630 16 29856 3437 29840 36380 37660 4915 9980 2374 9101 39535 20103 31736 24140 10550 9867 6973 12916 15610 35786 38742 8439 31232 10427 39751 19036 1656 23932 12492 21623 34914 37345 12597 16995 5199 27126 20355 27198 10207 1316 5560 3606 9800 39204 23468 9198 24774 14905 16991 30994 27962 3136 19943 39023 25385 24648 21806 5675 13076 36024 8516 31746 4432 30522 19660 5653 6696 10529 12158 35365 10760 34611 5058 32940 37083 37820 2881 37404 14529 22160 31205 2347 9263 4329 14898 33113 10292 5761 1392 6080 27410 35541 33269 8520 15412 9325 13418 30032 28991 8832 4823 32819 5325 485 28628 35322 37614 33842 31652 9850 21985 28017 1073 9638 27689 10240 22280 15546 14524 30194 2258 25665 15090 11870 31676 17526 3619 21370 11824 34135 15830 33375 28908 24221 1242 30961 28617 23215 31947 21794 37894
19312 15241 18075 19601 82 24258 19012 3180 14893 14495 29691 29198 34428 36963 28888 4427 21213 7448 12648 30017 27453 31204 24344 28142 33025 7676 39360 389 2294 27989 11769 10815 4141 19026 11835 18487 21152 24700 7077 12431 1081 37665 29120 997 2327 27620 784 36765 6521 33513 24607 14461 36202 27628 21793 38158 11536 9634 14091 3620 31546 11162 13340 1843 16529 6589 21960 28106 33633 28845 30997 23726 31908 38531 24974 14411 28994 24562 13588 37822 7200 28097 23072 29625 5896 16755 38217 18113 26987 39347 30899 31611 16178 1315 11661 36138 8994 3430 4734 29555 23193 14089 10283 39027 13604 2823 20427 211 1682 2656 22589 35806 30815 6776 8517 35180 32793 27760 29280 38728 29796 39539 37733 31965 35287 22321 9299 27137 2807 3599 8889 8140 25381 23631 34673 21531 21901 26452 20637 36326 10330 27264 21667 25562 8816 28585 31544 7316 3003 10958 13338 16080 18335 24317 27039 32523 37648 27285 30284 29801 6834 2961 9496 7133 15397 16715 34836 12237 9208 5822 36972 13138 12063 39992 1268 19207 9011 4924 8452 19065 29162 4560 31624 33598 29437 34922 22526 692 667 25598 7323 2764 18161 24647 10693 4731 3679 39110 23563 13255
36022 35529 1300 31976 16959 12805 26946 33866 3363 24852 33835 33752 33808 25813 2 37785 32100 12078 3828 3070 26611 352 38474 8268 36040 29748 10113 18961 27280 12316 20755 25878 8236 11293 9522 29992 20615 25934 17804 1132 17761 20579 12699 37046 12727 34189 39733 36514 9557 9650 5644 7266 27806 10578 35471 10891 18742 23483 16870 5525 28851 18692 21644 10136 39716 39301 23226 34937 5013 35769 8911 612 4376 815 32630 767 18804 37929 12467 39901 32601 33223 15944 20402 14506 2839 19310 8466 4403 15022 8535 19182 8912 24832 39680 6986 2491 36448 9925 14707 15755 23928 16651 23708 17015 28149 14638 30378 31606 20873 32810 20517 3660 32485 30350 23509 3761 29774 30449 26357 21027 38918 33301 27722 11688 24273 26760 2304 2751 3004 16982 14721 39781 29784 9992 11748 1056 24559 33402 28038 11967 733 37964 4120 8796 28216 697 33863 35782 5014 36378 33936 28412 30466 15395 16155 8159 34700 15008 13435 3414 22082 25669 991 17095 5726 29400 1228 13361 4948 30208 34735 36043 38359 39809 31989 7558 10146 23476 749 6631 19268 5809 27029 22724 3995 25883 5884 25577 18871 11224 15802 14372 38299 1914 10364 27964 27307 27509 17456
4649 10496 3937 37600 14829 36844 6526 20260 23922 13826 15537 11887 7100 34623 36078 25065 23307 23354 20518 29607 7076 10541 8007 3211 9472 29467 9166 38447 17217 39865 14183 39747 9789 20871 30731 39774 5078 22927 37652 35753 20811 28868 3628 21625 4224 35424 8240 38693 3834 8924 11028 6679 23584 35080 6585 19764 39344 2411 23865 25150 3680 9693 16709 20779 13858 16067 39893 28194 29404 11767 33815 22148 37434 861 18885 34681 23874 31883 19149 12208 28383 7371 16114 34213 29110 35078 26380 15749 13697 4783 16318 17414 18914 39275 20498 35318 8255 20155 35231 15798 10528 30824 37895 39367 20973 2375 18799 37062 31051 13754 14436 541 13029 30700 4496 27712 1259 17515 19952 34302 19214 5282 28831 10691 39262 7882 35076 16186 6781 13766 15651 13841 30055 10409 32624 27800 36052 33469 37318 19146 10177 39963 14685 16305 23047 29435 36620 20252 18681 9628 19472 18805 32786 39072 28803 3265 27241 22786 34132 39303 21674 7227 22360 4349 39742 15733 32665 30561 3851 32550 12978 14746 26140 320 6963 29171 28561 18500 37677 4364 6294 15336 35592 16277 27316 16520 25350 14275 13603 25752 12388 34492 28321 13918 38841 10995 39589 10099 4307 493
9448 23990 27108 34249 3277 14481 31966 37348 34743 8864 15869 27224 16295 9532 37477 3987 37479 5968 6041 9284 31 13876 221 18002 37025 34595 33057 17992 14077 18654 5340 21803 9610 26049 12010 27942 29789 10665 16752 32279 34805 36338 32459 36866 15410 32986 8081 6083 5302 23001 3270 30658 22671 5414 22389 33369 16142 33765 6213 10756 7905 30507 17750 3090 24593 26234 1465 16099 28109 29134 12196 12839 23632 17418 13153 16425 38701 26007 25251 3301 12563 29040 19139 36625 14999 31212 4287 21171 38036 25358 31684 37438 18744 31154 3474 36077 25500 32725 4387 8923 16916 2360 10699 39988 2516 5019 37956 5511 34286 19377 32264 6274 24550 21453 28767 16459 31107 24928 9287 2621 12958 24650 23409 29159 7904 29204 10805 11497 4744 20991 867 39826 19438 38916 36748 17806 32842 18063 30855 35756 10650 1169 2206 17858 2593 30315 31845 32266 29149 13506 10236 9081 36819 6879 34598 14773 9844 27556 5790 35797 31060 17008 9110 20424 21554 7605 10125 30336 4093 5871 25280 5128 2332 935 31104 25803 7770 2013 25027 21095 391 19751 13645 37740 20096 14771 26573 21961 14188 28629 35857 28582 4646 14575 103 7925 27559 15919 34444 19879
18794 28009 6981 21229 24249 23161 38422 17500 7110 31545 15457 3066 2723 19661 38574 16518 16382 38753 7397 38333 3988 8600 19792 19555 6610 23178 29898 23574 30872 8026 17814 33496 4870 12543 17270 9946 2084 18784 35999 12046 9738 7295 10746 34766 10093 23101 39983 7499 34007 23469 38387 19041 16173 25515 8476 39794 31562 5006 20872 19768 22131 27941 19422 29628 30189 17834 3946 34436 10150 36602 14602 11312 26438 18424 16685 38085 3925 20919 12841 28977 1779 6861 21885 21331 6649 28378 25551 23536 13939 17886 20309 15072 21732 1241 34627 34345 20255 10042 3276 35209 27067 35547 33673 23838 30641 17411 22783 31127 19898 18906 14189 13784 31187 757 29349 19715 12750 20815 37232 21774 28266 11202 28414 1066 27340 18104 15906 4851 21557 8050 22815 2837 6327 17807 38013 23807 8218 30462 1893 33100 30231 2735 37550 18096 6172 2091 1699 37368 39872 4421 14031 6725 24121 24910 7383 8329 25744 22413 19540 37174 38905 17249 6258 6046 3116 36066 22146 8134 26486 6993 19793 30357 38021 22267 25045 5518 30911 9205 38755 13331 33397 24770 30506 13513 37810 1669 15436 27902 9256 7038 14753 1683 32577 23432 25072 13443 2413 17473 2451 7474
6288 25573 22834 17697 24215 35441 13681 26780 32599 12652 30018 27648 38849 37454 28573 4245 28660 31721 9404 8469 20870 12236 7963 33653 17324 23707 35761 39221 20856 2512 7040 28952 2414 6328 35055 27487 13516 27423 36059 20832 29305 25800 25950 23645 23505 10469 16313 3465 2658 817 29794 26287 19489 293 37908 29329 19471 8185 36923 29656 27881 6892 28037 34123 12454 16098 25572 26337 31471 39478 27460 32153 13174 11383 37011 23294 13321 28119 33041 12887 5533 22398 4742 17364 21931 15833 114 25463 20864 1160 799 37526 23384 17392 13521 25462 35181 9750 12876 16236 35866 24265 3785 26975 24034 707 39474 7284 33065 4022 34556 17841 37697 9474 7468 20114 27007 19830 6469 35075 7415 37541 23996 1754 13134 5165 27518 16367 2397 36800 38046 15418 24808 2822 3985 21553 8030 2586 33199 4792 15134 14789 1800 4747 23026 3051 18646 8180 14421 11682 10820 11565 3832 10700 19538 8573 29176 26614 236 9911 18942 20519 6292 29841 25814 8416 15744 27495 2893 16255 25796 27981 9061 23371 6656 10619 22545 37084 19479 31061 4642 28911 19153 12468 39241 38106 24338 22380 31971 1687 1423 24760 1203 33682 3182 32776 8819 25000 9579 25235
17258 26354 24509 14563 12097 37596 20347 10778 20526 2790 38480 18463 16617 28974 20847 24546 14485 23671 14808 7883 24524 35511 33448 12693 2724 17197 1475 39079 6864 35018 37899 35608 34291 22857 18379 2880 14084 28201 13306 24769 1671 14890 9245 5277 3219 6836 20869 38625 29336 4682 2358 14674 741 33524 3752 3508 22775 29975 22129 14679 25268 26226 26729 13375 12650 26871 37695 12018 30475 28121 12088 11206 25548 2829 30958 39354 33793 24018 21188 10031 10554 18945 1448 38467 19862 25543 17146 6168 22440 10477 8922 19239 17516 10952 16391 29769 39083 19906 5148 34518 12540 304 9607 21206 5747 5728 34698 13933 32832 25812 11026 21568 6616 7727 12830 3487 26063 9977 29216 33641 36921 37014 39464 25667 21219 18716 26633 25441 35561 25741 23135 32677 29859 9418 3091 33605 15080 24527 7641 36147 1704 38303 28658 33810 18019 19572 35773 12384 21244 25755 25662 35308 10138 11426 28632 32469 32069 8175 287 35747 37188 15200 19631 10911 34522 30549 14210 17409 2069 29386 5573 16101 8427 28741 27715 4071 31143 3763 25069 11193 18941 7902 36786 23302 33267 20219 12992 21519 8811 67 33833 15188 13037 4786 1743 22923 30638 3921 36855 26004
388 3691 21106 37059 3490 12381 20133 37700 30028 23394 22051 22591 7576 30451 34406 38779 6730 9298 18979 35488 34551 33746 15279 31325 2798 39879 1250 14447 17463 32954 27455 28235 6071 32803 18176 20398 8632 28735 29834 26133 25916 1303 39097 25982 27692 13282 29147 33470 729 11911 28300 5918 38870 37753 3965 22253 11385 31145 9220 3934 39197 15535 35142 5553 35313 32305 5892 34775 11263 11118 34175 14935 21228 22983 16674 3833 32902 5835 19468 3757 20434 17304 16408 291 36737 33538 32324 33616 37984 21282 25296 3524 11774 16628 34117 17958 32894 30091 25996 32827 7493 34115 3872 36991 6117 14295 21857 10482 26476 12341 6863 3164 29928 37048 3558 10787 21119 26027 34234 26111 36397 23420 26944 4492 1173 14862 11622 10924 35923 21802 12514 29297 23700 1162 6081 17119 20368 32104 19875 4081 39821 4049 32385 17475 25650 14186 27206 24459 8914 26682 13283 476 5500 27512 6704 28746 39934 9144 6951 1664 6287 12774 33972 23508 19173 7181 30079 16954 28189 11111 13223 18152 8367 11992 32744 20576 38418 12838 6270 24822 19997 13898 12921 18547 11253 36772 33827 8365 23926 5527 8237 4306 13782 21315 26024 19126 19594 21545 25613 6161
10903 14251 18788 4175 12851 16966 16020 18987 14588 35490 24239 31628 17104 7276 28394 35631 26752 37346 3816 32383 34217 6256 16428 7596 27812 6106 38987 36784 30351 25116 20325 28484 22653 22980 10925 39106 6308 20878 17389 34186 37864 19976 13653 8283 25305 19851 23040 4956 13916 31887 7281 1496 15096 22430 16621 7640 25374 4755 1371 19550 31393 34068 11122 4584 17629 12875 32890 38231 11670 12877 4221 15036 21361 14620 20276 28073 20012 6488 12404 20316 11241 28685 39861 1077 4254 3495 11115 19790 394 23314 166 5095 3805 26097 72 7239 25394 16780 20631 9614 14629 4281 4765 983 17171 9391 22046 17383 21887 5545 26623 7851 32637 7188 26509 23481 11132 12405 2107 10594 15874 20647 23750 27528 7723 11313 643 19331 7467 15748 22627 35121 9768 7639 17321 23379 231 219 21688 22347 63 37215 14778 33790 12166 33728 29113 2330 19254 23859 20041 34913 2423 1214 7282 7482 26665 13780 31400 18128 23069 17187 4055 29160 28435 22352 28727 25734 11218 22757 989 28320 33550 35996 9582 12302 18494 18956 7516 38722 31608 79 8319 6491 35382 15364 8986 39357 10709 1834 9541 28173 5069 22327 23863 5929 15718 10764 22880 9060
32614 33201 38445 35843 10867 28238 11740 22544 22776 30750 14400 29783 790 38491 18555 38398 31716 39785 1737 380 38373 19001 1290 6529 37512 30882 18242 32794 7254 22614 20269 31890 25491 19620 478 21990 11784 2974 1564 8321 25521 27544 11110 2693 10388 8010 22101 1034 28301 7308 12551 3314 13851 16920 21711 17869 39514 16306 33877 33328 22274 35462 20696 34317 14617 23355 32118 28311 27779 25868 36249 24984 20186 20205 13007 4505 8936 26316 36290 12394 36433 23276 23853 28049 5836 32097 22678 9288 26295 22005 9994 38441 32081 36785 23981 11825 10329 24130 31482 33931 18812 39552 27896 27468 21274 5425 36567 33571 37662 37792 15029 3563 28420 38796 18499 34125 259 10318 34272 21121 24520 28565 37941 32911 3375 10029 2418 30151 16589 36306 39397 27318 372 33847 17530 7045 35115 32355 8519 37690 17927 29196 12269 31296 1644 28228 28763 15646 16810 29242 29443 29912 35991 25079 13733 37594 29293 7930 2082 12724 39945 19759 10686 36764 33458 17176 9973 8418 2165 13101 18135 28860 36685 14063 22246 19783 39847 3224 36134 16399 6061 33008 29106 1070 35711 22827 432 27592 1542 33733 30329 10224 2156 36003 35039 37900 10651 9832 15628 13333
27969 9148 25186 22721 30461 12589 29475 1861 22414 39287 38322 34053 18269 37383 28127 10221 36927 34731 32514 4997 11978 19166 8561 35691 2524 5110 7334 35794 7246 15132 24164 34561 17236 8602 5232 29790 23352 13268 11890 30715 11881 39729 11063 7955 23148 17486 11974 30094 33153 18770 37417 30149 12374 29606 14500 4198 34341 37421 20068 30353 27097 8342 7656 25975 28473 2847 11515 7804 315 3733 18837 18071 39817 29679 17556 2606 24738 14578 22424 30303 3007 37082 20613 37682 25998 22842 36709 32809 305 329 34258 12455 35568 2301 8847 15585 15894 19004 38542 12587 7119 35404 7971 4422 33282 21021 36098 21781 2710 8382 26939 1491 12888 13924 38823 21402 38837 3318 6016 17191 957 10626 38743 26536 17723 31595 18464 35603 18591 32734 13562 21972 22416 30595 24097 30455 13795 15087 13956 232 10677 33659 19961 29286 19709 1038 38161 2282 38329 23455 186 11436 38139 10344 22524 15024 18586 34000 6027 24050 21424 11560 29515 26177 37457 12120 14451 7942 36574 38101 21994 26169 39311 11898 27174 38436 4381 30873 21751 25691 3062 10582 29314 24663 36254 36833 35229 20136 36213 29622 5523 18223 22548 37280 30033 17708 38087 33766 28772 10859
21254 3472 272 16359 7249 29321 16249 14020 29739 5015 26891 1587 31130 34215 16536 33023 36268 38559 34827 27320 26345 6511 8330 24243 28715 26418 1749 16886 3949 4429 17075 36267 36212 453 27519 30359 32903 8198 28659 39161 5661 3438 22062 26315 11310 35765 36949 12882 12895 12025 10606 4346 11 19118 31485 14952 14454 37724 4241 14527 16654 17179 10172 32342 27794 24667 17013 15249 19072 1647 7360 7083 25659 15621 18001 8656 30063 4270 20829 4282 25158 31527 2679 35660 8071 17173 36712 32483 9440 15360 31411 19748 6058 5567 5063 19822 710 35963 11934 7004 15371 32191 20533 27696 5491 4705 4442 28215 6935 33225 19730 35602 14574 15753 31116 5707 39395 35095 6400 1981 22161 876 322 22503 16434 12906 12952 6547 25191 5577 3511 30864 39282 5685 6820 32339 24571 7768 16604 16555 24465 10425 15813 6377 5795 37620 1344 24070 877 9225 27819 36868 27406 33625 29938 18793 10819 17056 28525 23159 18624 20399 36262 8339 10586 24619 32233 31372 11585 24900 33819 6066 6171 19020 1533 30819 32782 12813 36763 1546 35081 20663 5135 12881 26417 9882 21583 1798 24890 34452 15541 739 21820 16442 34539 11205 13133 2376 28538 15019
17651 16113 7155 35102 4547 5112 31685 24500 4699 31744 13229 15743 13640 6958 34151 4047 32470 28422 25906 1807 23583 28810 32541 23548 28465 22203 35688 28079 9512 31613 13261 26267 38047 32672 8574 24365 29786 13882 22211 33207 3701 13391 15312 6636 33325 3352 26221 3666 23767 30848 22350 30006 14601 1269 32007 27465 25715 12584 22482 39541 9295 37493 23651 30831 11853 15239 29637 4205 8127 23870 29219 7669 23558 20889 8174 26804 24811 6020 6929 1944 21316 32197 24555 37691 25028 26449 15451 31053 9415 30165 37374 34447 32083 20542 34974 27004 5315 6312 16246 21430 18233 31306 9771 19965 2430 10973 39615 13249 11912 13262 32929 15863 5473 24586 13256 31000 2379 38206 20658 26338 24719 12083 36909 36013 22920 11610 19477 18674 26697 6481 2212 18344 17888 33045 12081 7245 18842 9253 6546 25856 19825 26228 11500 33762 34006 16691 26404 28871 25959 2355 30530 14528 2789 10478 25297 39373 13887 4516 30929 18165 21209 28899 12526 29094 8984 35334 16355 15566 29119 19167 36939 32716 33789 26112 4906 21991 16430 3384 9791 1046 34797 11145 36995 10742 36683 38860 2224 30871 27498 14358 19398 25918 28862 10223 13875 38984 24260 32731 7620 8157
38868 7685 1716 17977 16122 37371 30556 17496 8784 21812 18504 24206 5292 29158 32673 17025 10248 32136 2854 38349 13326 22901 35166 6968 34582 9206 10352 1706 35917 31464 22942 11036 10761 24281 37105 16419 4 39225 27139 26423 22716 6942 39609 13055 29433 1490 20907 21403 37856 20880 8337 31530 16645 16162 21715 11882 23025 7031 7645 1152 35675 19651 17174 17630 9484 16973 31326 7452 3759 35718 23915 12856 35734 39758 22688 18277 22179 32933 28161 14030 19272 23078 22536 11009 15182 28325 31953 35190 17220 20109 38583 37884 3210 14842 16951 25904 13193 11093 4096 37168 4414 12918 28271 1473 38952 14302 36055 5651 32598 29027 557 27474 33367 31663 15292 34408 33703 34834 35161 38679 4850 16614 24098 30563 26592 30026 30333 973 19115 22404 2390 13728 10346 30072 17354 10096 2587 13207 7877 35588 14681 33993 36813 4162 15106 21224 832 32322 29304 34443 24793 9623 32506 23614 12168 25287 10485 28491 18288 28165 28969 25195 23106 36569 18231 31767 956 28211 25004 25825 3013 31178 22651 9696 29319 2104 13426 23786 10444 19889 14711 5221 20816 9221 32860 34087 3328 30420 5788 26540 31102 22119 6750 11581 33783 16108 37886 8487 32269 25159
18811 37134 39632 37890 1874 23958 17557 39126 29267 6661 3297 6464 20020 31490 17542 4994 38395 19079 13218 38636 24652 23335 35057 31933 30898 37492 32900 11744 7777 23258 16575 2144 13971 20852 33954 7539 27082 6301 268 23943 32661 33989 35084 83 13209 34686 1525 24074 38212 33528 14332 23713 37328 29233 4324 11806 33996 24118 9267 22057 7788 15272 3302 21479 730 10165 34653 36201 15387 31792 35239 19905 15181 3061 33796 4461 21133 18276 8190 27118 38709 19389 39571 4777 11820 36713 18416 31250 23972 29699 23316 10498 10051 5721 26898 19323 19425 12037 30790 8659 24451 21858 690 12307 22638 27924 18400 27380 21938 600 12604 21422 25021 38858 26853 35480 37833 35960 23143 27880 1777 5176 11734 15901 5717 37467 17565 32622 1051 12077 10932 25876 28260 19406 20428 23955 35763 23375 27272 10929 30829 27306 21464 16069 28398 36577 4665 4707 7310 16159 7462 8260 26814 3663 8685 21958 13414 2326 70 6927 24306 15981 25133 2746 33117 24506 21396 6095 36511 36222 3399 29756 4647 20824 27177 2040 6914 5356 1380 66 23346 15556 9584 19796 13753 19181 23893 32038 19711 21869 31502 4867 8951 14079 24739 2146 24137 1574 26259 4733
13329 39294 29618 10581 21283 1276 6363 5844 12068 33219 14847 22041 26859 32647 6675 28616 23363 29779 21426 37133 19095 37905 33861 8654 22481 5433 2190 36036 6441 20896 12313 29491 13600 28789 7983 11728 14250 2772 37023 5147 14699 5969 22393 31892 25937 2800 11061 33099 15472 26321 1684 38102 27098 23745 28524 5225 10587 20477 11004 18935 37126 19320 28140 35852 5610 34078 29761 15970 9495 12064 22660 17648 26471 25291 31406 34231 5270 37252 19915 16859 24775 4987 2714 14373 6786 8252 39390 19963 29596 14466 32039 5233 6629 33686 20418 5380 34573 38514 36753 24475 9407 26182 6703 13325 36108 24123 4125 9023 1020 17711 29262 32108 11851 2793 16250 9176 30452 13432 24783 6303 20960 34052 5494 1059 37718 26542 22349 16451 35684 4540 37940 36170 5905 3549 21195 19956 11633 5535 25481 2175 6508 24232 26117 5114 35974 36307 24082 33636 2635 8474 11282 3994 21260 34246 26168 827 13619 38040 32540 36407 21050 1122 36647 20007 34614 35470 5245 19597 34892 25836 28599 26708 7732 167 33087 19360 33248 15294 10822 26334 22323 6979 3086 92 5059 30766 2319 3533 33749 23628 257 34009 16356 2199 23529 27505 33193 6140 613 1230
32526 5379 34267 33542 12336 7187 14288 37033 5487 17089 24267 11034 21816 39515 5250 954 4671 30759 9826 6641 36151 28128 4148 5445 44 29505 32629 6867 39917 4188 16929 19642 23769 2403 86 7445 10930 37732 7278 20191 21928 36341 13009 35315 34930 25399 3160 19508 3642 17303 1896 26865 34667 10750 14352 29316 13792 26609 17929 13815 36560 14727 6009 33949 35964 9836 28373 33795 12087 31659 19758 16909 21779 32120 28061 14600 28168 5409 9809 16082 36710 36611 17316 29307 1588 17873 16551 11079 27598 18149 36209 19581 10517 6833 38198 38970 11376 19210 14530 16467 38727 23255 3553 13663 32369 8652 26854 13085 8192 8083 29965 15804 26661 22986 2182 28931 30269 29047 2023 13011 2173 10280 30117 16211 14543 6248 7789 11189 3022 37987 24238 32300 14567 24796 33090 4187 35591 27543 13842 2908 5951 11085 19537 14075 29369 6876 3254 7378 5551 39052 1362 39428 34932 5949 6040 6438 39526 14015 8381 101 37611 2509 20964 39524 475 19678 8197 7529 14625 22422 32169 39051 25111 18656 7642 12853 38024 23731 2305 10175 11404 5992 12787 4327 30487 36914 31003 16086 31492 21905 36060 2928 37643 28821 11735 1453 12132 7693 14910 38750
39655 22469 19381 15980 30511 17319 11083 16777 33929 26714 33316 26156 22489 768 14038 17086 1212 37875 14138 20774 36367 15654 15416 5313 29259 30878 31921 20904 8579 17320 10254 31866 8384 27642 20672 6768 6645 10974 3451 27523 30443 3898 18209 31095 28283 1890 5010 1155 33585 35131 38634 4418 11265 27894 29358 39386 24696 3501 37253 35047 39212 5130 13211 9446 7108 1349 23531 26915 25260 34594 30525 32431 39087 15836 1967 39350 1321 18047 2849 5955 3575 16729 27815 16527 21840 37557 26921 12697 4209 7347 21950 38869 5516 38218 28962 34640 32454 26210 5943 28126 36951 16055 16862 19161 39675 1402 21510 2431 20101 30822 37898 26551 17436 32620 16001 5950 33478 4001 16716 27761 16962 24366 18436 24155 22761 15847 3093 1408 6514 18245 17308 33452 36153 570 35072 32179 2619 11378 3870 22668 1373 17699 35849 23506 18328 34759 13538 2449 14243 8436 36180 17370 39611 30626 16701 26532 28406 10900 13069 33447 9647 22804 10050 35628 19410 28811 14929 4754 27922 18534 15577 39700 2546 11233 23861 9393 25275 25449 14237 16750 31330 24425 8378 21460 14394 29044 9466 18339 33180 6314 17559 17460 34718 18430 23864 14395 11311 32403 22720 30494
33320 25076 28492 21650 26102 4404 18608 234 18911 2151 36041 7700 38684 36223 8779 17570 17614 17133 8582 31585 7919 16795 13264 33646 27033 30770 9398 18810 16006 10893 26148 8778 7084 16746 3435 29842 38525 7836 7331 19895 12902 18482 6024 26154 23037 788 19018 27970 26439 34954 11617 32073 12062 25221 9835 13799 22415 29821 20117 30536 15269 37233 16820 17382 3632 869 27407 24187 32909 22647 39045 6586 32675 34244 4248 32762 29456 3607 36494 26807 32551 27376 22386 30286 12277 36090 23265 20426 32226 28966 10383 9278 1947 18120 29322 28053 25056 3684 14228 27437 36870 24380 26647 8055 16509 35050 20559 37203 22583 39962 33134 36129 6698 24926 10144 2682 16535 33315 19985 34651 27473 18171 17905 27276 4037 29585 4325 555 31675 16841 38321 15574 23100 8016 12289 31537 31803 30696 17728 19786 17694 13066 33094 24688 18054 23530 26087 33712 10589 26150 38818 13703 12932 15083 10658 127 9065 38504 29068 5912 9185 2412 28995 34454 8121 32944 11877 15538 28926 255 29093 1770 7574 24229 3281 12708 17719 6961 31491 36553 27293 2203 27872 32273 28558 36121 33426 8869 14406 33366 10774 32213 30092 30130 4464 30057 29016 23914 27557 8204
39405 23565 20589 13280 4880 17036 20826 33566 15860 34823 14520 18607 13844 37276 4526 12429 2733 37107 1994 4194 28736 34515 6581 36450 29097 3005 2161 26490 3332 20182 15148 7852 31027 38643 2776 1531 1057 33921 31786 34978 28782 5436 5267 8128 11343 7222 6109 34644 36818 15696 24588 13520 17183 33741 5215 19779 19902 35731 25233 14445 33942 39764 2981 32058 6440 15429 23748 17688 34081 8728 1852 2705 18320 3822 11138 14101 23500 1105 32676 4965 12134 15670 15815 28445 38473 4029 29260 16923 39274 15974 34298 26765 38547 1583 39574 16164 19674 24347 25514 18798 18010 5042 10910 27769 20290 33492 19451 8661 27401 11875 24391 8018 29615 29825 6345 3209 15799 13028 17280 23554 22529 12730 7521 17563 16423 17048 39486 23056 8458 38118 11487 7888 1458 21969 5371 12522 35732 32664 28881 9473 20618 38821 36840 33398 893 24105 19935 16744 39270 9403 25035 7052 9632 5070 7802 21573 36356 27130 23566 5182 27352 36053 35980 2302 10632 17399 38920 5782 9739 10326 785 1613 35676 4472 30413 8241 30155 12111 28661 29144 30084 20030 7822 26077 38835 16004 24677 8608 6685 37332 12580 33277 28776 7303 2887 3726 19136 24262 23948 21304
24603 36477 33002 34384 13018 19142 17829 26382 32970 37053 32312 8874 3940 23235 29243 28861 27571 1576 14216 16517 23662 18450 31458 1072 7290 12542 3929 30863 31565 22180 4041 4488 8843 20141 8963 25482 30883 39371 29522 26794 8137 39677 17796 33740 27110 36279 8852 36843 38972 1889 36533 7058 15142 21070 17105 25301 3133 18838 18449 36438 32062 21338 25010 34391 30545 16492 30614 26014 1146 37321 27060 9044 21461 30175 17874 11694 2941 3286 16380 38167 26008 38609 14147 4503 21372 35925 31777 14813 14736 6832 22701 20510 30838 2467 14255 5477 20090 15903 28863 26568 17274 4585 8737 19513 9485 39944 19860 14108 20928 13671 13466 15293 3842 3645 21222 16253 36050 37297 37574 16779 8491 36325 27449 22448 1654 2087 34852 33414 24872 37734 35067 27511 15910 4250 1489 371 2502 9376 4568 34503 2366 10067 37393 1910 7791 30571 28625 7355 33011 27138 14815 33832 10087 11337 13161 25352 35027 2939 37624 20508 7776 35839 16767 33359 20703 2767 7197 21989 18740 38383 25476 38009 13415 12130 19267 22173 6650 2149 6960 28901 23781 39406 38519 18538 12970 8481 19164 19038 37795 6313 34283 21155 13949 15611 32041 4562 17342 12146 3835 5408
15488 17397 14636 1902 2885 16826 3506 16823 7292 9034 32512 3046 28618 23858 22673 13891 26831 23873 17572 8214 19930 15473 27570 24980 21757 20086 25993 4011 6595 27164 31961 35450 35872 30331 4770 3608 9984 38717 13384 25601 10184 20694 2286 28733 14878 427 7079 1790 21542 33573 3324 34109 21173 11416 31838 6279 37049 10500 26368 35412 23211 21450 2718 16957 28015 20035 13413 29708 5463 27553 10313 25264 7772 506 26470 29385 17144 16861 24357 37744 2609 25025 22991 20746 22476 29537 10526 34293 24503 39604 33263 16907 10533 22373 36143 3064 5153 9629 15603 38034 16653 8688 18358 11867 14768 20122 26385 36198 25398 10155 33388 37304 10726 32556 22441 11571 23803 28304 786 1131 13963 19109 23095 6500 37783 8982 16931 35302 34340 2631 11179 28371 37037 24628 21896 1609 8372 6754 8721 16745 19645 35176 5064 21205 25032 38592 30687 9204 34723 9701 8762 38986 37918 26684 30261 2455 12541 34798 1071 18133 28648 38226 17429 21539 30432 35369 4550 11294 39953 16743 30943 216 10522 16179 34799 39420 20417 4255 15745 2216 29697 586 35985 23992 29780 14837 34584 15758 26877 23774 25336 37494 39798 2977 31111 26040 2707 30921 20803 24353
27957 2048 9662 513 23945 23058 16008 8568 13661 1445 35984 18490 27632 6373 25011 30906 33432 36471 29605 3473 20859 24498 24945 29083 18273 23373 30448 23259 4339 18028 8490 28751 24170 21329 31951 15318 29953 26984 9655 14498 9199 29468 39047 32618 4133 987 29804 30888 6365 39592 9184 11216 732 17445 4768 3258 29903 33437 38291 17477 13628 25655 34216 26416 38510 25155 3058 36072 37277 15245 26992 28130 27745 6630 33214 8076 1927 18052 36370 7758 18782 26753 2359 26836 2580 24264 36668 26767 34530 7987 39624 32438 22863 26801 16723 7661 32302 33030 37283 39596 7062 35207 4146 12084 13988 521 18291 33930 34015 29364 29632 4167 35979 3951 6084 170 38861 34774 5105 22879 30782 24545 12459 8243 25209 18453 37628 22924 33181 30808 6247 23989 17513 11303 8217 12095 1450 1343 23770 7263 29808 20006 34393 657 34649 23118 16609 11405 2930 1170 29252 35258 31284 31923 33054 28759 7047 24934 35260 12715 32812 35244 29602 23986 28752 2738 8456 21849 16368 14967 12746 19049 34048 11168 21701 39483 27665 39833 28366 19238 27744 28554 13969 26643 34605 20894 10486 5520 39816 3664 30152 35605 11210 19325 26203 37183 24831 4222 35445 16910
18532 32988 2100 34119 28273 31157 9456 10300 38264 26468 33421 14586 10164 15496 16540 34136 39458 24174 15047 25956 6699 22727 20050 18447 12288 11677 29130 29566 28513 223 11919 20635 26492 37490 9273 29476 11885 17597 24230 7817 6949 21726 27030 11528 8970 2521 17966 13773 30761 22368 34398 39249 4326 10521 4635 23709 30541 25330 23929 14268 19721 30042 6802 29442 28669 27326 23512 11802 29877 28531 26364 3300 1968 31913 735 2914 23036 36081 6337 23550 17915 16560 33261 29976 33140 18852 8792 15765 32130 7455 26899 37849 17088 9390 16292 16776 24066 22120 21063 34952 37681 23542 5166 15514 3817 2936 11556 2044 33046 16045 28313 36728 24908 20014 31559 37451 34949 4012 15017 13788 16063 23278 38826 39829 12658 5106 21729 5454 2717 30373 32249 18925 4005 33224 11923 9744 27186 4933 36546 7823 7438 28925 33714 331 3299 23951 16215 29563 16769 30722 12819 3652 38608 39236 1594 30473 22742 16401 4722 20327 3721 34197 16635 36835 39449 20726 33230 18354 19876 5718 28262 24772 8563 11249 17790 25775 22014 1556 16456 28635 29652 71 28135 18940 25384 12776 4953 36481 23937 37998 37799 36321 20421 27926 32351 28498 30283 17393 12449 1039
