200
2578 28116 35528 31337 9622 10565 39124 18258 16126 13408 10713 9553 13208 30392 16032 9691 16971 27999 36199 13568 4042 9443 2228 17834 18233 37107 36565 1579 37705 37628 28764 33088 7545 8642 21577 26864 35631 23231 26222 34474 38446 10464 38403 16321 14180 2882 895 36587 36096 19254 2214 21882 30040 8006 34720 7763 28908 4113 17476 12810 7003 6434 13304 31859 13928 20868 14984 22139 36838 14884 9836 19197 19835 1028 16194 20672 30942 39069 8315 15199 6085 21621 12713 23185 35653 193 15110 37727 39715 32280 1862 27773 24559 10282 16739 23573 24040 24038 8537 8787 39945 7909 29234 25136 3545 19377 13083 19669 21082 17622 459 30308 6280 33368 7866 34514 3921 10932 37320 26470 19531 32918 6466 38466 19004 26063 10141 24752 35119 20981 9454 11504 9817 10186 23738 32027 33949 6533 17931 29570 19033 26238 25017 18209 21817 27176 2777 15576 38204 25627 872 7882 4328 19168 2183 12111 12650 29014 21598 1572 32083 23030 9329 10252 4635 25032 19376 16943 11008 2227 6969 4276 36562 16055 39556 12472 5456 18774 38318 6130 20473 37376 23392 13302 10886 13515 177 32316 1203 24714 5687 32054 39768 29682 21490 257 18135 32160 37367 31607
2911 18916 14203 3900 35116 17070 34210 17155 11178 24233 17716 30153 39073 31190 12088 39675 26312 29335 3682 28541 28168 8610 28557 35556 36370 25786 25649 31913 28346 1372 38930 20544 37445 7173 27540 2740 30828 28710 7535 29647 27607 633 7651 7326 15679 8951 13473 2649 20548 12859 16306 7072 27268 13277 6403 31264 18692 2550 28976 11268 21757 14208 3265 8677 6215 6347 29539 36802 32049 22291 38780 3911 23882 34608 35109 13493 34540 34271 18970 4881 9172 22841 17448 10189 7130 1731 37562 9468 9155 33109 27262 16845 39214 6987 38236 3517 9825 9936 2832 28495 20431 2157 33332 28699 23492 36711 5291 14190 4037 19040 25022 29490 33737 17607 28859 9407 36170 16354 38795 2405 3011 536 16799 30627 17111 8106 36524 30349 16874 7125 16074 545 34253 14315 15128 23653 24434 659 5874 27139 38669 24351 21965 35307 9375 11549 33408 18995 17526 1662 4005 37145 13127 34579 19919 26146 10747 27673 31459 18025 3639 8258 35248 16961 31079 17281 37155 20711 20340 28616 38779 30827 34395 13779 7147 1630 32439 865 7817 35625 33121 24314 35064 34924 18723 35695 8944 7238 12694 6369 25366 63 13931 14169 26101 19066 34306 36574 34373 18608
8849 30157 29507 26490 4793 31805 2694 27741 28184 13076 16041 12278 6382 12759 4300 22237 30665 6625 7947 17671 34216 25821 10563 4909 6235 28720 6517 20754 38416 1421 20664 13435 38913 14004 30026 38316 21150 392 13827 5094 33614 10643 31577 33467 38692 38121 2507 7549 30855 39403 17695 17277 10629 5098 1562 26631 38936 9479 21869 21894 30362 5286 3427 37257 27328 16781 9634 11309 30485 22922 10774 4340 17068 29746 37603 21899 1611 8030 34977 893 17509 12218 37268 7224 7782 19885 34392 2208 4639 4032 28889 33092 27344 19256 10587 34685 4057 38362 14140 20722 4072 10997 16160 32290 21549 33633 23940 12398 24285 33361 20869 37420 7448 21622 19292 35492 14382 14588 13526 32587 23596 29421 9429 37507 791 3806 26790 31484 35767 37086 31361 32215 36526 30379 13311 21450 26555 22350 25172 18188 25409 26862 14062 20932 19941 742 29085 23408 34826 34881 13060 2061 373 10485 23243 2908 1078 31956 11012 13066 12950 36258 24675 28915 1844 30459 34417 18462 15931 6026 26508 22945 14397 14622 9959 426 32028 2244 39041 34030 21553 35140 27904 4599 20322 36967 1176 34243 14351 10457 32869 4858 11829 35810 12601 5414 2303 20937 33457 29185
16607 35028 2624 39132 19691 35805 2045 28136 23716 931 36271 28633 9122 34859 8942 20466 22000 23381 11503 27217 23446 12641 12707 2630 23541 28746 1270 10220 21436 15994 27439 24923 37915 17149 36154 25870 36163 15647 35677 37910 9732 6320 31057 13595 14344 8283 21871 2655 34084 39404 10934 19283 29260 28197 35756 13350 27594 4967 38959 3246 4687 10957 14538 29108 7551 34365 22238 10416 28944 12867 17592 15230 12233 36356 24514 13800 16750 38022 15743 14001 597 1771 13895 12977 251 1658 29040 26202 28228 27376 16674 24028 21610 37935 19130 34001 11398 25920 9915 8479 39051 20644 10283 4533 15053 18657 28824 38537 27985 25489 22152 32570 751 16318 39372 29645 20318 35273 32202 36582 8028 19855 35070 19338 26510 34384 27908 5810 1142 7050 5829 3030 38601 20379 21912 1707 11715 4742 6241 3003 38139 24891 4232 6198 34869 13724 18678 23746 18508 7139 27460 11820 4556 13965 16624 8197 35499 32786 25201 18441 18036 25734 22303 23771 23001 39620 23591 5079 3118 13789 10494 26316 35385 5466 37621 30461 5852 39423 6375 8063 14082 4228 24294 33448 27122 29089 16111 1367 12885 25515 4623 28525 9876 30624 28966 26718 4926 37259 3209 27528
14235 29594 24797 5943 31615 14194 33486 17503 36280 6841 34017 32921 15469 33721 4684 33773 27477 21470 10795 18074 37212 39724 23479 27976 25163 39838 15276 16243 10888 36426 38279 15117 39346 17203 32728 32671 11035 10018 14126 30012 39094 11797 33764 22368 31215 9927 29747 28361 28796 18394 18593 3045 479 26295 3085 2304 12243 11538 14542 6906 19390 5557 31306 24835 17323 25063 28474 7460 11691 38948 32934 10725 17020 8530 12893 32927 26649 14809 29749 30510 32952 4637 5481 14641 6069 7676 34311 2909 6207 1762 19659 15541 873 26148 39654 19754 13390 34632 17299 7679 23477 39591 13838 8858 26832 18198 25602 30906 36593 11748 33738 4167 14836 33612 7079 10697 18144 37551 15340 23860 10374 19667 1826 29989 10640 33713 32032 28243 11667 15664 5179 11425 35535 36784 52 6669 34109 21633 21169 22645 26608 39749 1750 4412 18151 5750 15616 33892 16692 10871 13149 11019 18460 10638 23509 6989 25973 12548 5413 12410 38942 21898 11091 32525 4449 37482 34637 18177 17015 16635 34290 26993 37896 20768 15810 6234 26438 14914 34317 19296 33016 6878 12953 27530 35634 34714 9326 21187 907 1276 14740 11624 13876 36944 38187 24751 21802 1313 3090 697
36450 10478 10214 6526 35434 1291 30511 31374 32278 33162 31807 13506 8773 28358 23199 35008 31360 14679 12590 13318 12876 17488 9514 5871 38063 33072 626 5805 14089 32429 32159 15152 18061 4054 1939 7846 28434 10358 11179 36176 18719 31784 37717 5989 1068 26600 19701 26915 32752 5476 22745 8703 36625 20460 23356 9808 11492 4028 22600 37344 31363 36549 5681 28482 16865 38207 5448 32304 21665 121 3236 27808 35127 30724 33232 25372 229 4986 36254 18172 37736 5001 37287 23561 22978 18094 2705 36785 15417 1715 38017 11839 7429 15251 3599 11029 2040 22324 36228 2499 10667 22114 15734 27485 24150 15082 34649 33537 18990 15436 9910 2107 21275 35563 32590 18844 20771 21118 24153 6478 8468 31611 26441 15167 20367 36090 27398 6165 36890 33487 32305 33953 3350 10307 23865 17559 32484 36337 10049 8634 23216 29742 17706 9943 26320 34355 20305 23864 23988 26140 10276 6166 39224 19543 27903 26933 9194 15642 33934 38530 125 39361 6175 9930 7734 38345 20425 23970 15772 21574 15182 27692 13316 2993 8247 25667 28968 26792 29571 37936 28763 26664 19565 5798 2574 12833 27542 9751 9238 3569 33127 6111 38612 17110 27101 26331 1339 34558 11318 18963
31544 3168 35523 15311 35071 28732 21554 8388 24529 31937 28297 6383 37945 39330 33998 4999 14695 36839 36027 13868 1264 37983 16085 31669 1945 25259 38037 15208 23879 24374 37205 24020 30927 26468 978 7872 8765 13867 10578 19387 33824 10738 31785 30535 31660 13840 10430 10558 32475 13211 15201 17199 14206 10070 5673 27970 3461 10269 8196 28054 7840 38173 10432 16836 9636 35133 12372 9022 15018 5756 15968 24228 15549 34 35977 14305 13914 3309 33194 11237 17549 32398 31833 31578 19675 20232 32279 31761 30430 31343 29420 4756 8671 11926 36404 10203 34035 1687 27900 22353 29158 18494 981 4857 14816 31043 6196 8685 17762 15644 39399 12388 15554 5934 28173 39274 20916 37401 22311 13189 35511 31508 16440 36761 2346 6893 21021 36181 34010 37302 34581 7299 12475 17966 19575 21785 14868 8831 17291 38183 13244 4550 4920 2481 11205 25148 7610 18569 1470 22901 14420 13712 39534 7842 2631 253 7861 7768 7294 23705 1070 20051 12268 39735 1906 18901 30591 33042 26299 4081 585 25496 39161 13047 28947 36727 9196 22131 11118 18513 32592 28768 24499 18545 17672 27536 4777 15684 14155 8101 10864 18555 2584 24170 33861 25587 4680 29248 2996 33580
37079 1527 8080 3173 15101 33728 27380 39777 8721 6589 6362 30798 14526 36729 22495 7438 31008 10596 24013 34551 3718 29664 27860 30155 18084 25365 3554 17933 34972 2284 18066 2523 23640 35795 9251 21134 11393 14662 6599 14896 19927 23386 19676 3608 8173 20248 7529 20253 28588 12418 32085 34452 28135 7018 9718 2930 28062 19155 31926 5904 9916 27407 34756 25712 28872 17025 18969 16383 18362 1793 30389 32244 6881 37596 26233 21296 17063 25061 21626 32288 7856 16524 1704 13374 14449 22199 21377 24557 11531 20226 39581 27061 11644 3134 34283 12087 37300 39921 32673 11930 36211 27238 28348 35488 39736 38109 14486 37563 16209 35114 37136 3683 7518 3842 21097 6080 12862 21445 35957 2328 9814 31014 33993 31736 13403 2546 33104 6826 29006 3129 15179 9656 38533 35188 4872 15329 27145 6307 21045 38180 37447 24803 5911 30982 18856 27527 38677 3832 29844 7409 11136 3229 24187 8124 34634 34741 8452 29521 3945 10759 25700 39184 36795 3754 19429 1482 35219 65 38309 19883 6204 12138 22757 26211 17821 17067 21069 5033 397 34909 1580 3267 30210 3924 35659 27798 4258 19874 6604 13616 29389 8055 28753 39691 5974 18259 37557 38305 38282 35978
21107 11420 936 9357 38265 10771 3785 31920 9369 19779 16507 21365 25387 18283 28575 38340 21664 20728 24380 2651 15965 4880 11883 37426 31339 10101 25840 17331 17962 7456 13956 15682 14476 9087 5229 21492 23601 4812 32550 21691 37512 14680 38308 20984 2620 34840 18601 33262 35520 35603 15879 17724 16352 16830 31195 12466 22524 17728 22862 29487 10323 37284 34153 9089 12569 13128 28439 21229 7006 11754 32076 38690 29924 23326 34727 10492 13121 12334 30891 3817 9670 27836 6996 21137 26877 11047 36383 15077 11184 4849 14976 37956 15981 16088 11272 26824 30536 27301 11437 550 2129 1943 39145 30404 31661 4400 27057 24860 29394 36362 22774 18946 12615 5488 10495 15298 35482 21011 23405 8293 28653 27652 9564 9844 23665 22095 3052 17906 11799 32148 14092 11405 33678 35656 38742 15613 17867 29145 11802 37092 14601 27603 20554 26352 27021 9771 16107 28041 19812 12120 8228 32053 26319 31377 29433 26511 17422 19661 32771 33503 38299 20843 37218 36543 19109 4091 32298 32171 20331 9655 30030 30780 3305 21473 24270 26910 5529 11633 2545 25171 38774 27382 37643 33242 38088 23413 20806 38511 26780 1085 25306 3204 7250 15821 13335 11000 12147 9980 33763 17919
39745 39573 33910 33500 15604 20588 14422 7756 15260 32295 20507 23643 18568 22853 38179 1222 34170 15999 36953 30530 14464 30580 4956 37728 31107 32859 33975 5754 6683 38434 24651 26845 1456 15379 19364 27451 33685 29051 24834 10219 19568 26616 18055 36039 17817 37806 12117 5771 15739 11634 36238 20123 24899 20233 17656 26293 16291 12325 36595 2426 26817 4230 11962 30230 740 39084 35 5841 19637 30570 33496 19477 11561 36248 38998 11893 29458 38889 1112 38555 23551 33170 21298 25986 36363 23899 4527 8366 15945 32784 9970 22601 11971 22332 5168 3431 21331 4392 15300 1039 2190 28050 11385 29095 29811 15170 3573 16293 7841 28010 31261 16476 19170 31865 1549 16926 3621 14843 6150 26003 17723 19215 749 28438 36569 12146 27647 8871 37624 22505 26424 20375 16335 23854 7296 14119 23754 19842 12447 8775 25564 31802 12652 17212 5137 11852 29305 15774 22337 26199 36878 33281 401 3450 1899 30747 10904 29544 1065 23657 23938 26084 20078 21350 15973 17974 10891 25304 6458 25116 3486 37778 23782 13095 20889 24756 12257 37490 13639 10314 14981 4180 35047 29441 32262 9424 4119 16129 2068 29191 22540 24612 23525 29453 15767 33066 890 18287 33061 6281
6668 28871 10714 29557 38312 7303 26344 35628 26071 36986 10059 38770 12092 29537 28714 15299 606 23344 25507 8997 20366 39786 4354 38162 31887 1103 15888 11515 2883 23093 22374 39354 36902 36769 30245 26109 21913 36150 8113 189 8751 21348 23293 4333 20208 28620 19733 10692 14589 38649 13697 5636 26802 13039 9989 28532 39037 18026 34735 36168 35089 15499 8541 34100 6093 28938 5232 18426 14076 29642 39089 10393 25516 30948 9434 29714 33652 22149 20068 35614 21438 22313 29627 27625 17510 38002 34971 10469 27019 32622 28674 38743 18141 13081 7328 15915 24508 19780 651 1431 33842 21186 8389 31211 19190 36299 30729 2701 37387 34855 25435 34681 36464 17953 31909 18168 7096 1694 30758 35560 22365 13313 14 7969 4722 28799 6703 4607 6000 39072 24769 19529 38871 7346 11579 1938 5074 39522 33191 36392 14803 12342 20662 18443 39445 18622 19787 17425 32563 1460 15415 22270 7647 31146 26061 20094 35364 22968 20 33755 13810 20760 29854 7356 7251 21139 27723 91 21453 32113 25859 4401 8581 23004 15780 37913 5397 15089 4003 36514 21631 4697 18839 27931 9724 32317 34926 38647 27277 24007 8280 2884 5327 18688 11872 18560 30439 29239 30491 18339
19799 25144 28779 16137 14373 734 38003 5556 14790 21194 12001 21227 19354 35419 12578 34707 17709 33799 39935 39956 1647 11551 10097 13355 34767 37958 16994 35108 19207 39028 34647 26551 24116 22985 31116 15933 18331 20792 5277 25000 26860 917 26881 38520 5193 20691 20530 38321 23931 32234 15095 29451 34323 23079 28145 29414 9115 24649 32409 36638 13849 17814 5963 26336 16341 18978 16437 16348 1358 26710 37951 21463 5627 12110 31934 26324 3095 22840 38467 34493 13915 36056 29423 35186 6013 18802 13310 24214 2960 18278 2454 6402 8085 27787 7813 6728 16946 26351 12609 1957 38841 29910 28903 36942 13891 36931 2272 38786 13974 11243 24008 34834 12132 25597 26782 8345 38117 17175 2754 32636 11616 5996 30469 36622 38062 11379 5167 5964 26223 23868 17567 35143 8122 19508 39657 6232 26056 24717 37745 12944 19655 5329 5875 6133 21361 39324 13961 9325 15676 29675 1671 35386 8059 10944 38738 25245 36341 18882 2059 19776 7765 1436 3359 12642 1391 33585 21356 30561 11894 14213 19561 24063 12572 26903 29784 29807 17165 13976 32698 30825 25922 17069 29392 15155 14051 35576 34508 2076 36495 5239 6580 10068 23762 19064 31161 18423 39895 26172 38534 30260
33151 28704 9231 23061 21698 38809 30116 15366 21408 16229 22074 16347 15763 30673 1788 3205 13504 28186 8992 8935 32890 19640 31078 39756 9730 22004 14314 27154 38513 6905 11415 8320 10674 26562 11830 19388 9362 42 29618 33746 8870 15719 5598 8943 16182 23242 28483 19328 24087 544 23034 32768 21772 1410 4419 19330 23289 25239 19404 37918 37797 6065 15272 6334 3419 13567 1805 32591 1290 9210 24226 8281 38862 9207 10206 16044 9650 18181 12837 31119 33041 1446 4396 16005 24123 30028 18668 32100 5960 5837 23574 9138 35996 2382 2891 30421 12107 12563 39048 12882 14289 14654 1488 8980 21606 28585 8088 38517 31573 39162 16372 8857 39545 30786 11887 23 20493 37217 3077 22180 10628 23905 23629 4399 3377 25972 21546 18998 28606 37731 12134 9281 30656 33579 26048 35966 37453 4833 30716 11096 30762 30560 28777 34207 9098 24474 36301 10089 8152 33924 24682 17845 25835 22771 37280 6103 11505 33992 21865 13138 1325 35626 10017 17475 36083 27373 39173 36516 31827 19881 13632 23704 1629 33819 22658 15240 36979 33994 34570 29951 770 6941 18007 1263 24479 34518 38931 12046 8907 30300 13067 20125 39306 34195 19598 36118 20891 35713 4366 15180
24633 13428 16564 35709 39730 18150 32296 34915 12493 23333 38380 10950 3753 15559 22933 32201 27819 15066 37060 17699 624 17545 3232 26417 37101 28299 15954 30466 28365 6214 26951 18444 1964 20816 27621 25065 26335 23179 19689 32495 7306 3357 2472 37321 17521 30394 26644 6314 23619 25827 33145 30267 29445 23846 35244 30397 24225 26811 23554 26971 24537 37053 7743 27795 31089 21130 39974 23628 899 36438 18930 17621 5077 18988 29299 37516 31694 37535 25815 32165 34976 9236 15503 39917 32129 34379 21563 36239 11827 4339 39614 13009 19922 10211 33725 24942 38826 14331 29317 26816 26655 38202 33153 15274 7594 12952 26122 5140 8299 5504 25949 34137 9199 16866 35994 8726 16762 22555 32697 19506 34985 12219 5525 25436 30123 10825 5813 6955 35376 22057 29103 25134 21641 8941 34255 31819 24036 33463 22312 19368 20215 27736 32647 33071 12022 33710 27671 27178 7311 19156 39026 11210 13666 190 28849 34716 29891 38447 18943 4719 10895 5559 33933 9598 21110 9146 9108 6767 16323 34769 21363 15205 22217 4322 12332 6203 15160 608 29582 135 29136 37737 2933 26734 25612 25317 23276 12035 33293 20153 4554 24528 28912 25495 16700 210 38661 32943 5880 8316
25630 28461 36777 20944 37069 20103 23176 23807 8487 9136 23447 18947 39339 7253 36821 30797 11948 9143 5583 7459 39282 10848 8933 39164 34543 25905 31323 8723 19595 8798 23667 1666 26900 38736 29901 2350 27663 33756 19074 28593 35425 20154 255 20396 26787 16603 5830 10071 21485 145 4120 15894 27946 17349 9923 32791 22254 24823 12084 16317 6779 10367 30893 15799 20714 16273 3798 6774 8114 27662 21924 6608 8145 4818 13099 19860 21545 36694 39859 20134 30484 35009 16070 18579 27331 26401 39512 22144 354 30229 3512 17996 24234 5614 37662 32960 38005 27619 23374 8612 26834 34577 32020 7755 25207 2158 15171 2056 28845 8664 18632 38206 19722 30041 15209 6854 3014 11079 29562 798 29259 5216 26675 2470 12304 4489 9862 35989 32731 38961 21456 9268 7913 1946 1651 37815 38267 13331 6717 22389 20410 9929 24662 10566 7857 30321 6490 33381 37800 32003 34299 17211 26700 19027 38877 4422 30332 21727 35067 24117 28031 26251 37756 35228 11465 33319 1932 25738 25868 9767 15775 38438 3909 22102 27274 8374 32851 3999 14514 409 20240 29504 8825 3562 669 23434 16743 2453 35851 2140 36850 12440 5897 16726 22493 14244 22850 20250 7421 16803
23065 11899 21879 34167 39787 4158 12124 21744 9508 30981 31347 20844 23797 21988 21486 7025 38732 14913 4860 32245 36342 24747 3934 8020 27729 11928 5014 31263 38868 28745 19982 14875 37021 19227 33267 15281 4165 18514 2320 24097 16382 12585 28394 34655 35428 28666 8709 24878 26224 21960 3807 25147 22025 13805 3866 27555 10579 1110 8044 9009 9501 2362 10642 9164 13898 20446 11932 15653 34965 36544 32561 8846 27801 28671 20543 23220 18898 15461 24884 37088 17544 13029 8255 6978 20264 24202 553 9232 19150 26186 26650 10119 35534 15806 26521 32810 14423 16879 32991 30975 36148 13381 15866 15637 256 11145 22213 34666 25109 561 9881 3870 31715 15108 8440 4355 18164 34569 21203 33166 14268 21629 33632 16093 31375 36413 8409 4799 6738 13953 9988 21810 35481 1890 38574 27921 17333 8812 4866 35929 33129 8364 24809 19876 16020 26193 25641 22920 25167 16421 570 9853 34683 32431 5091 9348 20033 7522 36145 34688 32476 33101 7858 8090 33161 9062 8856 37754 19946 11613 3289 32323 33849 16896 12409 15326 18915 11132 3872 31613 13006 23285 16285 24542 30736 16769 18491 1237 10923 284 5632 1076 9040 25025 7428 11744 16344 37608 26986 37633
25831 36226 33126 3551 31145 36430 29302 24955 2182 1641 26789 38039 26796 29865 4975 27634 4977 6437 21437 35177 18616 29098 28181 1331 12832 22622 30685 4115 29217 34532 6894 37457 17998 34560 28420 13193 6294 14332 8797 39747 3382 12926 2271 12509 39569 22322 2953 38705 32809 8267 21600 1105 22271 12288 27461 20979 23271 14425 34912 25263 9687 37158 23169 10470 16752 12947 16458 18229 26124 30567 36316 6691 4129 12719 622 18587 2786 664 10074 39703 37886 25083 25270 750 39036 3244 39928 19940 20150 11410 18127 25211 36104 3018 31906 11331 24093 29957 3605 24079 4769 35059 17387 22153 6673 2393 18179 36767 12438 15925 14582 32460 37508 35862 35539 7445 24505 1060 6786 11542 24494 17515 7902 26055 30563 13707 21667 22194 12940 39794 15571 13620 8555 29463 26744 20901 39782 21327 7752 5724 7391 31857 38422 18156 786 26129 27574 16403 16357 30816 1400 7971 2528 11363 14706 1474 30686 10116 2865 21326 3811 377 34770 19516 1183 39760 28751 33068 6935 8505 36143 38012 39483 4008 16222 9436 3186 11676 24590 34895 25237 15788 20772 152 11494 21140 1690 35579 16757 22222 7393 8334 12582 1150 35056 9131 23813 17340 18348 5778
21505 20557 37718 10166 103 6112 15322 38174 6873 13598 8146 11150 23757 23219 25807 39734 1195 4329 26874 15410 39972 26205 38763 29116 29603 32891 2189 27588 31823 1639 9125 35552 11085 18917 1437 20136 29512 27369 29604 37242 22963 20095 26250 17841 22950 29149 13163 24334 21282 32586 24362 11383 1919 7612 21771 12763 34425 14371 30200 5065 36812 19302 29454 23676 20372 22466 21904 6966 30874 11815 9578 18921 11049 14778 34040 12358 28183 19753 31490 30804 19250 12059 38756 25675 29402 9722 31348 33253 33437 846 1327 33735 23290 29828 31667 38140 13022 35384 22500 13864 12221 33909 20459 34272 15858 23402 8764 3584 19681 32273 39288 36506 9310 37396 35026 14692 34687 21820 24876 11959 7180 22432 20877 39526 21907 6100 8633 16733 2907 8379 29156 31053 25150 10419 27399 28295 8573 26180 35039 36836 30987 27646 4059 10529 28914 36132 33895 9297 9510 7598 19546 28399 4613 17194 25187 22438 18848 19586 2184 6381 31982 36164 36872 29800 36496 26517 1879 11277 31572 19515 32556 24231 12781 31703 2000 3318 33142 25252 21614 5138 27392 1485 3458 39205 6136 14874 3858 3365 3480 24288 31992 31575 39096 37802 23286 11885 27620 32300 31239 20160
27879 15261 27147 17034 10197 22127 12025 27934 24096 11337 10633 25707 33305 5245 19106 24392 14066 28700 6632 30227 7963 4268 18237 25441 25677 35761 26646 24736 3202 38698 8554 31639 24240 26001 7140 5040 35533 20546 27426 28298 8529 21840 30541 12789 11050 10027 28389 17741 29157 36026 11222 7047 9404 27242 10935 28311 6034 14962 12901 12234 1876 657 3929 35436 22009 32685 2984 3867 27479 19257 30097 39335 38372 18729 17525 2120 17961 4983 22394 1081 1365 15225 38245 37055 10959 20950 7017 3580 32308 32665 14403 20875 36820 39677 14352 30850 21770 1636 19019 20663 971 6684 7458 17305 11076 34124 19340 10213 15754 16918 30136 13705 5494 16579 26450 13924 23149 19157 15405 12306 18510 21142 8847 12045 6710 26830 13923 19128 12505 37095 4724 7980 14460 9129 18145 3049 8137 5323 35288 6228 14640 38288 9668 26970 15723 17218 1830 6353 12877 32178 367 8274 5926 15501 30779 24144 24686 6788 25490 8208 7141 16190 9340 1287 35672 25657 28446 17552 37406 15393 32576 25388 5942 4470 8714 31867 38490 8236 17214 11904 18015 30868 24075 32497 18938 14123 2037 16855 26662 22844 2893 11824 3315 28459 32257 5722 9607 10445 18750 15584
30272 33490 25671 15307 2619 17714 3380 32682 13267 21585 20896 38726 22196 13188 7601 38950 21684 7108 28032 14907 2127 38503 1959 6081 39718 38788 38646 14418 27868 30676 12116 31813 38645 18041 3626 16207 8018 19184 33706 17106 35178 1096 35979 13063 15490 33648 33122 6811 21252 32436 12895 15969 25423 2843 9417 19646 6569 6696 11093 12607 7987 13990 18267 1533 8093 11811 37383 31429 17258 10561 20965 38840 2234 5695 10006 9373 39867 17918 22857 13902 3724 33587 34344 11721 25660 18878 5269 27676 27778 30641 6051 30322 2800 17938 17971 39434 22782 37674 28130 33278 30197 22609 29797 33657 12360 38439 9697 33308 38214 20587 5641 37577 31675 38468 30049 29076 12463 38243 7059 18562 17201 26290 8525 37762 15432 27609 17913 12467 10528 36306 8438 18505 29251 17036 4721 17469 33779 37654 18224 17029 27168 34423 37716 14580 39932 30021 29050 6867 27998 26462 22833 27467 12103 6958 23268 11972 33792 25617 26578 18507 24947 37880 1853 3406 29179 1058 7082 20508 25722 26883 3643 17204 24003 36956 19047 23096 16508 26768 35232 27890 20201 10789 38108 5601 32905 16652 10202 22685 33747 13170 30847 3141 12903 21660 11969 955 25281 29698 8698 18402
5340 12251 37075 889 33395 36743 23731 15511 9835 22030 34538 16980 32195 8917 10029 14220 16660 12404 14684 5054 9167 15224 21435 33559 38637 13636 4648 32935 17512 11292 33790 9595 19208 38240 37615 2039 9909 13648 20686 2411 1535 27682 14415 11066 14709 36901 5143 8436 27084 2071 1741 29044 4537 20445 1981 18440 27759 15391 34148 6982 7028 15635 21648 3710 13866 294 27210 15508 35566 14748 29428 20014 3673 5489 29541 38775 39988 10924 17470 2325 18681 32453 25531 27354 15971 31811 16369 36592 9449 23635 35792 12755 22108 20440 38987 3262 18706 16886 36480 19416 7183 24454 39825 19887 27672 36265 28332 29188 26030 36147 26836 21476 36616 36421 4536 34076 24485 25174 11982 5125 21387 8693 16153 1101 1777 7678 20378 477 1918 38940 14284 6243 10947 12924 17356 31154 10151 10505 39496 23756 5312 37903 12908 17976 5493 26042 28357 31964 1848 452 25261 9575 34190 31792 7930 27329 14429 5337 11965 15192 16704 24502 3967 33048 24421 14813 35741 1051 31677 39499 26228 15848 11592 14461 3495 26795 38033 31570 32817 24958 21052 35736 31535 18638 18707 24608 18734 7766 16102 10047 16359 17244 15943 11520 38049 13207 8932 3497 9212 27885
7815 27917 1934 16459 3097 1220 1116 31714 21942 23385 15609 20229 7818 10813 18672 6839 26394 7490 13107 35819 2767 17682 17316 28521 25926 231 34712 26901 14712 30132 3830 16376 38955 31326 25026 9264 36398 394 39536 21837 38443 12028 32082 19217 2833 30920 39711 24698 6790 2974 8978 181 1187 37133 38280 8758 4306 3660 12843 27546 37438 21128 18647 14505 6477 16960 694 2727 33989 10460 2471 32199 20210 7982 22635 22420 23572 8915 23511 26714 27358 25862 11680 14102 15228 25217 26368 2413 6794 26153 4130 22172 11441 7873 24400 12192 21654 515 39603 24980 2713 19859 26693 6651 23298 17206 7440 23516 32825 662 8578 14856 1713 9403 12586 31754 36319 3100 30853 8962 25334 21269 4597 13057 8465 16000 17648 29026 35674 26311 18111 27198 14042 16973 23604 21818 8549 2463 29262 35025 1329 31734 4052 30989 21081 35760 10078 35458 17856 6913 10687 17385 13905 22598 2918 29506 411 12339 33877 33962 10637 7411 31836 19999 35808 22433 36792 16812 25369 18420 9273 39228 16613 22486 3917 19271 32397 20329 34414 20748 2860 24336 11831 34326 9941 10154 10016 31989 29443 39390 34404 16261 22718 37157 17319 28467 22118 12954 28201 37117
26691 20758 38046 5820 25056 28485 31775 21847 22701 23144 27420 14022 33599 379 1792 3690 37863 30684 27034 14782 35457 22602 28663 31399 7638 36097 35597 14879 27949 25181 38994 11384 7611 26573 8921 24869 9888 19792 21954 32110 24298 12631 22758 34090 32374 2404 24009 23334 4020 39792 13357 35832 10761 199 5418 38946 36830 9982 12906 33294 14658 27319 24309 18346 34110 9760 19915 37440 24871 35256 12734 4352 26107 27216 22919 26298 6007 12780 9152 32125 32449 22764 23709 16947 27677 37666 28214 15997 6522 1009 18361 31914 11989 38388 22331 38278 3591 36353 35449 26819 16727 23162 14271 4626 10717 32040 20262 33 3514 20008 3201 25190 31457 2726 31250 8245 19161 5243 25592 10773 30109 37738 23218 15443 516 34407 38228 24715 23113 14440 30171 36647 23145 37744 2986 39770 7092 16570 32491 20314 23297 15736 15362 32951 27639 20926 14592 13825 18416 2669 30857 35971 35339 23249 24018 38149 18189 23579 25357 13309 23153 33461 25379 30280 4281 17874 28852 29786 4456 10844 20750 28491 4367 13708 6409 4429 4566 39237 6329 30597 38659 35773 37673 35688 1700 915 38952 62 13475 48 22442 17231 22487 22887 17917 8496 26402 37294 39057 32284
26857 27850 23425 24554 19684 22387 20148 5235 29177 38843 14866 4425 22193 11024 38061 6538 17161 38972 12007 31431 22654 11727 37093 9546 24824 1487 30422 13113 20155 20112 23576 34402 36433 35519 7229 26941 27159 29430 9981 1755 19492 33918 23120 35105 37641 11838 5160 2194 5794 26117 8919 14002 21615 34906 22916 11659 34510 37782 2198 18962 38595 13647 14967 8279 35348 25264 36490 34278 35569 19192 3552 25324 6753 27929 23421 27359 33903 20968 23104 20855 19652 12610 10815 14755 20394 36698 22626 35010 25231 8931 31915 9220 29676 25639 36641 36575 12614 12831 16468 32936 34473 13501 34398 18236 38414 23481 16029 27337 25212 5295 6840 30365 5465 18735 19818 4561 380 27240 23844 7081 28303 22124 11037 11090 34139 5157 28567 28718 8769 33464 12114 745 18023 8766 4659 29987 36783 18991 30802 27437 2215 13379 34240 8517 6340 27832 39632 10502 4474 3414 27327 35075 19687 1733 12636 2122 4161 28755 3408 22187 17811 17772 17713 1230 32481 8350 33036 35505 31864 23916 14917 37959 1233 32758 15758 28164 31406 31149 13522 33000 5003 31486 34433 34113 21381 9180 37128 28535 5539 13130 34822 15846 29397 28086 1243 8678 27074 22657 8033 20752
21122 11314 22103 365 39272 20566 24303 2001 7084 30318 7854 8560 13322 33617 4308 3521 10862 3023 16867 28600 34154 13478 18124 22595 6999 35443 19141 3468 24914 11941 848 31102 15034 39422 2823 33973 11837 19303 2421 13362 4105 36165 24401 7335 18153 15766 32006 15619 24110 2164 18792 28465 27372 24475 1764 6079 34263 31258 39386 26269 19069 7769 10090 29995 21658 26937 36133 801 35772 11002 27855 20355 3871 37714 25034 20823 22772 8964 10791 37552 12503 9566 19916 25960 7471 18897 31497 21168 15454 15046 29345 10308 16693 26925 9678 2082 1637 29991 19159 23530 5849 17397 35609 16873 3865 29409 36505 6365 3006 18176 21041 6888 36554 19917 20966 12934 24615 18718 15204 13328 22536 31231 36649 20417 10599 19044 2824 6484 33254 2896 21646 35516 11946 31800 8649 28830 37373 6132 37074 26944 32925 38617 2599 20181 7682 13162 47 1922 5759 12626 29735 1623 37866 37018 33976 13945 1865 14412 8051 14067 32169 10272 22776 25091 9112 2618 22323 3507 22134 11435 2002 32967 1247 4660 11577 15248 39442 35073 23714 25368 28934 25328 20282 7424 17875 6041 38458 37144 25 33662 33584 17270 17771 27239 38829 18383 1646 37496 38056 29065
20436 26263 28627 9996 18612 3165 31335 25654 14731 26730 34342 38824 31746 29717 39418 17643 22336 32524 39401 3985 32503 20497 6657 38285 13887 14892 30863 7747 372 30206 33552 24388 30340 12006 18180 17635 21152 18115 27731 17178 21293 17380 31121 21334 37353 24330 7542 11944 21215 25776 18556 28776 33846 9474 2370 34522 36875 35430 22805 6688 11327 5381 30358 1449 8219 34484 26292 13025 9193 3960 14728 5939 17436 7723 689 24046 22357 2161 18281 34694 9953 1145 17460 21197 22423 11635 3268 7560 36225 39645 4256 28267 29988 17661 18687 34742 4433 17382 28715 6351 39092 30381 2457 19746 10593 6566 38477 12205 5067 6211 16246 36437 1162 32011 11985 34445 17981 39733 27097 244 14890 14508 2559 5472 30429 16150 323 29697 36186 27201 36166 27744 9843 2256 34531 28988 1502 12703 3138 3443 27466 18973 14356 11355 2031 4313 21739 2118 23304 9074 24598 6830 24883 19942 15485 9545 15710 33346 24130 23761 24906 7675 23642 23781 28169 7287 2789 4645 29167 9296 1952 31212 13737 20239 24447 17253 11206 3295 24431 14822 1008 19183 15819 5301 13340 8165 17461 27381 33952 6915 29090 14139 11078 38159 13411 18100 1467 29382 29439 3235
4164 30055 38462 12206 1846 23476 27408 2278 35518 16118 81 21198 540 39208 21687 13574 21129 1255 39737 14610 3103 2095 8670 25613 38391 22587 37646 3794 25302 16523 21688 23891 37288 6156 11055 17572 5702 20143 14849 39824 33919 28864 13223 6699 31851 17157 11239 7899 11810 18693 38130 11560 32146 24311 9105 1223 4123 24817 6242 34005 15720 39898 24788 37084 22556 3755 31579 28970 38834 37446 6652 23052 35049 30542 26209 21578 2571 19221 21068 8052 29837 27350 1991 26274 18070 14971 24730 11886 38625 34108 25631 35312 17398 19122 5281 31074 34051 37190 38588 5901 17557 34630 12738 17125 29275 16026 4603 17257 36119 37054 10096 20687 1197 29665 32206 20393 13784 8019 23674 26541 23178 17388 15715 17970 13775 2838 25300 15002 10030 28937 36998 12198 12411 1523 15112 905 5836 34698 450 33265 18971 30334 1104 20591 31464 21893 10828 25692 12468 3404 4891 22379 19862 28617 35711 14307 32231 2659 11562 6464 24523 39039 11223 7232 21555 3766 25260 3275 34659 33917 22354 37479 32878 7039 20382 25614 33277 6021 5144 2338 27556 19146 1624 26784 6035 8795 11671 1303 16574 13772 17783 24729 1306 19413 26025 15972 38733 9665 32613 10120
11263 19325 4214 3376 16195 19729 29727 4934 26073 3767 29799 14236 35088 14584 20689 24465 6766 17162 12183 1550 38641 10956 32796 20695 4601 19003 23486 19579 11244 5860 4895 33908 24405 25347 11539 10778 21403 32114 31439 33606 8776 17308 19721 8002 36589 12661 3435 35934 3791 15986 9643 15057 30653 22702 31875 14210 988 33884 652 39258 39227 31620 27608 11787 25577 27757 14270 33425 21848 38342 8837 15254 23526 29690 25381 39947 23765 13298 20185 18279 20164 34360 36677 16256 29347 6123 37965 8252 37585 17873 33483 4636 38008 37333 14032 21371 32782 38475 17364 24520 9796 6073 21086 38515 33113 17775 18391 21966 13430 6998 32649 35433 35259 28324 19717 14540 17837 39970 39055 24771 39527 20443 444 3044 1122 8075 22679 33894 27582 22525 26200 37564 17006 27207 8761 35230 27952 112 12282 3188 28392 32191 10080 13826 12853 21571 36794 24776 9879 26994 32427 24650 6641 19370 2806 440 32009 4015 19861 37526 30773 37410 31414 14266 17616 6015 39101 17140 37371 18637 30774 34621 39751 7714 9777 14125 823 27024 32310 23611 7774 8636 4319 3086 16072 24610 14388 23024 30811 35562 20986 25892 6617 36765 8484 20118 4797 36385 23622 4499
6877 25578 21328 30728 38943 10952 17462 1360 8814 32461 13125 12274 4939 17564 36852 29935 38798 5034 16677 2957 12305 11345 30265 30464 22604 35981 7711 3448 9464 11271 15154 6183 29658 17999 4279 20876 31162 37169 14080 39448 8804 26752 36606 2041 14903 280 39523 27161 30042 22630 20756 15837 21939 23394 11638 20520 6266 28838 38895 31054 11821 10556 23982 4954 23952 18122 1342 10788 20409 30512 29348 19194 150 35985 460 27118 16324 26848 35336 34940 13053 24213 12957 20668 3381 953 1240 12162 14448 30768 34219 6237 13778 32933 21995 11575 9815 6750 19403 23809 26737 23671 16450 7361 6339 23215 39447 24274 24161 29652 32425 32989 21581 15355 1003 33818 9278 11939 7348 23423 2069 25422 25954 36598 19609 39823 22715 28325 18157 30520 33967 19447 21344 14633 7965 21279 29999 23689 1114 2179 17280 33303 28122 12041 33825 28100 19550 18827 22042 36570 33870 7097 34553 19137 36650 17122 19386 19556 18337 30693 39456 6267 1021 18948 5833 27335 12260 16091 10263 37317 36605 21657 22948 4578 8528 18308 3947 25679 32154 13841 13794 17958 1258 22533 39574 14650 4463 20733 1489 14149 20819 30792 19238 14673 11510 8995 24770 14549 23816 22358
14510 26931 13831 34583 19242 26635 24426 22138 2587 35753 13858 22837 3111 38983 6870 36443 20995 2028 20195 19071 39114 5532 12128 4794 29048 24926 14093 13846 18000 28986 18014 2719 13205 23985 34672 13766 17543 14570 16146 30080 767 38672 34587 18610 7482 35969 23843 14612 13908 14124 10918 683 33991 32756 12397 31282 25197 17840 2257 1429 31157 6018 27768 18371 26231 31451 38058 11064 14491 5858 29680 1491 23870 25650 20369 14998 10631 28417 31333 1229 16223 32302 6640 37057 31623 10372 24544 13882 34354 2444 25554 37174 25782 25407 19336 6441 39904 11761 35555 14241 17018 14252 34418 22876 4181 6062 36491 4439 20481 32404 27082 21864 24497 38476 29656 30186 29330 43 2402 8533 26613 973 34171 7983 24614 11232 21880 25589 5403 20924 3383 6296 15231 13860 26049 17045 11908 19767 1124 37925 25400 36050 27148 31474 29037 30890 32662 8654 448 36486 334 3092 15296 23773 1198 8203 1706 31767 25007 11742 4359 16019 4929 16361 6263 10145 20579 8322 12627 25223 23222 35585 37436 21247 26155 35199 2845 36042 19464 14900 5282 33591 23143 3912 16018 31523 30843 16666 28801 21085 29736 21032 30221 463 17438 2150 9958 28954 19014 15072
36242 39831 5999 29448 9999 12262 13878 23383 4103 3394 25363 24760 27587 19191 27324 33974 89 10397 12212 23089 9127 4552 470 15109 25011 39416 28767 3429 6903 30562 24462 12628 2702 16819 4820 31498 39201 28536 18957 6650 9899 33255 14433 15236 39080 38013 12156 16083 5132 2495 27553 20273 31652 37645 27417 14144 22435 31128 14880 26609 18252 3456 9992 4751 19928 19365 28199 8650 7832 16765 14958 982 13692 26952 8046 15903 3918 12786 15351 13977 4728 10301 14942 5009 39599 22372 26418 26846 38213 28377 27711 37638 23339 21023 15032 39077 37026 2840 12739 21051 26810 24192 20052 19852 32415 6567 21147 37931 34969 5640 3240 33760 4296 10946 14703 25731 36221 39742 8873 24384 18474 16899 28479 1951 2050 12247 19241 11650 7718 29401 910 836 34376 4371 10892 4240 2803 7318 11598 28016 39998 15067 12921 27852 16957 39267 21998 27727 29132 38116 26345 14672 4451 1272 21713 23471 33186 19263 13947 9711 17666 19342 11595 2358 8340 38565 19601 32216 23724 38566 2365 24339 1282 37824 9154 32418 35571 35881 11117 1190 25224 20455 34047 7412 35592 871 32152 28247 6037 23260 19597 14754 35476 8193 15630 1803 13479 30074 36537 15889
18883 38131 35098 2399 28501 390 759 31301 34905 580 1609 30338 37127 11290 8009 283 7970 15357 8807 34260 22957 20776 39819 24255 28411 8587 28901 7152 34776 35118 34809 16664 11182 12207 10088 13291 16878 14097 38126 34331 35176 36463 36980 29549 27939 2638 8207 3671 39246 13027 14474 31390 38556 11323 18367 26142 22817 30479 24578 5682 15150 38597 5977 7237 18397 28406 13412 35949 6023 10827 19163 37175 8891 1561 11620 34302 36220 24691 17001 26742 2636 20867 1366 407 30764 37742 24346 18607 18299 4825 30495 24069 18043 26220 12579 3638 2094 32062 14260 35639 30575 27843 31442 26553 34340 9445 28305 11442 27041 29518 16578 25449 24135 6619 13549 34104 38773 16642 8038 25830 20859 39804 2708 9483 31842 17148 27346 15955 39464 4501 33583 6054 30127 16611 491 34611 21973 31453 38614 9541 20457 19599 12203 2447 28581 5569 16685 13674 30156 4301 4515 29628 13012 25335 36261 31384 10987 1490 37006 5233 8672 1807 19285 15631 6462 27683 6261 12531 17946 13811 22469 20423 17198 12034 9586 37593 23779 3417 29563 10294 17909 30352 38248 25991 2144 16445 24868 37750 13659 20416 8713 37649 31769 30547 18058 4957 38545 24089 16610 19828
19450 1418 3547 33340 18808 11777 34505 10013 2969 30606 23861 18529 38879 30937 33420 2932 29827 34511 10329 32940 16474 23330 7707 10196 24151 37503 23401 24323 27496 7879 7357 17164 1546 37350 19466 37037 36445 30933 35277 15949 7419 12987 33843 38170 26777 34043 18868 415 25208 38250 1061 21343 15194 38068 23193 18876 38246 36427 5843 34088 20054 4837 9683 24308 20100 1481 432 39971 12457 19410 38590 3155 36842 27365 38727 10182 39176 32406 29554 28046 2983 35362 19770 7228 8056 38009 23066 34908 22356 258 1234 9044 12072 18490 24229 11719 37964 32109 1973 26666 13657 24157 12808 27550 23438 13164 13085 11731 27040 3261 3334 30008 24589 10647 32328 2279 21628 7655 7750 11340 23862 38266 34468 10958 12294 20692 5548 6386 15359 37432 8393 4250 10851 8548 19537 12560 11922 5259 3065 28488 7226 8876 6395 8822 16389 7466 36361 23042 3613 21992 28807 10242 22161 32166 14426 2681 32237 26190 22391 15285 18904 14131 12638 39579 33677 32549 26577 17358 19994 22122 5280 22272 4026 23241 23719 11014 7205 17171 17040 10807 29464 18076 13433 29868 12145 29147 29496 26038 587 21224 23322 32981 1435 13591 33767 17711 38287 10508 34431 23037
20432 35407 24551 2169 26252 29395 17026 3535 31632 11077 31542 35724 12767 8564 26426 7645 16645 1988 28256 24811 24396 11296 15528 12091 1131 16661 2963 28269 27845 3313 4411 34957 12326 30765 23840 28652 37969 13933 28310 12473 31395 25040 37141 14743 15374 39549 26033 38478 37443 31698 37581 20474 4541 23419 11428 921 851 7520 208 10400 38586 2456 6209 13896 30954 37510 3741 36782 12549 25803 1373 35238 23670 32640 2738 14027 27430 34535 35686 35729 33261 6925 11955 17612 30217 37865 23684 10718 34295 39131 2541 7816 24260 39419 13671 4316 13159 31750 38675 31556 31039 21496 10741 1989 39611 7760 20716 17389 4083 34225 33572 34202 24990 37468 30837 13252 22557 31473 22208 12165 9473 3939 3442 27192 8035 17401 20312 31352 25115 17077 37541 21947 6685 1461 25322 38247 33611 25058 12362 13555 10532 21503 10627 35917 1606 4267 23342 24495 13224 35712 33602 28498 6053 39112 6276 21955 18624 15530 25781 29154 6667 18366 36834 16852 14931 23869 24881 1726 6419 16196 5578 26822 5712 11988 28363 16365 9061 35602 27891 31357 37082 28049 31644 28370 21949 19882 39290 19784 9111 23748 6586 7900 25802 29406 4514 29125 14926 35992 27969 20777
36678 1173 5055 12783 30599 11089 22481 9592 1100 16343 31186 34815 25102 26746 9900 4869 10907 39731 28428 36989 8656 16737 15704 39554 23770 19145 3647 27636 37161 23236 4828 10267 23483 20298 32720 27480 20345 24178 34930 26015 4523 6049 38784 37001 20478 2265 26639 18266 35775 29904 16931 7641 30246 11302 18379 12119 853 1165 15213 21716 19454 30198 16136 25101 13329 35730 29532 18800 20043 28251 21746 23357 781 37968 34680 24019 33626 30791 1783 38175 32773 25581 37735 3198 27684 31791 24327 12101 39135 10659 38258 13505 9437 23495 6808 744 27705 10832 11786 21519 1977 37528 16580 37186 10526 17118 38821 26820 33950 35662 22621 38461 26481 8605 32884 1036 13110 9948 35787 27166 23974 21726 27342 38867 5030 38523 32485 6609 7622 34671 29997 35774 30622 15597 35873 8566 1193 32849 27833 16425 38643 8155 22373 31653 38700 26634 15755 3112 9265 5870 28329 31492 5133 23702 31646 24800 18326 34808 15777 36965 39029 3398 22151 6027 11310 1242 4385 14079 16466 2217 14994 22905 11532 1751 23398 25454 39863 33983 34257 5572 11219 31191 5571 6063 935 12130 12115 14399 21434 23703 35082 31512 628 32865 19072 12823 38827 30022 15195 6833
34460 36826 10140 35204 37883 27816 31241 25268 7981 13581 38715 4946 13457 34185 2579 11813 24667 15309 29996 15897 27444 24549 31882 11399 11253 17238 5205 14744 18760 28073 26954 7345 12829 7772 39769 35422 18824 3266 14500 14839 15314 2314 1077 13944 1986 11713 20996 9255 34002 29643 11694 25724 13 38872 39451 31931 17042 36949 31858 6697 24540 3301 29327 13003 36586 10546 31830 8285 13761 19470 11390 28599 37240 35696 6671 2771 36995 38381 25488 37397 29631 9746 22714 21457 31879 527 6994 14626 16904 29673 8683 28449 19177 13740 37388 25875 33581 20841 21511 5785 1196 18345 4133 20940 14503 7484 22967 36604 20837 32420 13483 28318 22959 36113 22101 20619 4186 19576 34146 18121 39800 9168 7894 9052 28454 14181 32688 36855 27910 36060 29565 35606 17117 39915 7674 34984 7475 37909 23032 12322 5460 9710 21483 24450 28018 12317 18401 37779 38660 8989 30138 22248 21055 20909 24326 16708 33780 31134 11654 29986 21035 25262 38161 4760 8263 22045 26019 28723 17406 28717 25013 1674 8412 5501 13932 23158 26325 38195 25651 19665 20759 27604 2159 24304 7485 18392 24430 32416 3975 11736 25456 25967 35849 8585 36599 24442 36868 710 31554 18245
7602 6494 30005 20212 34812 17606 39710 7383 24017 8747 1362 33423 17317 28831 10555 14498 21773 32090 19650 10357 31097 18602 18619 845 18591 34566 24518 22501 29813 17142 27225 19232 34950 31752 19593 20468 17530 16953 32029 167 31024 26975 12421 25687 16255 3729 24163 39087 15937 32551 27297 30578 26050 9826 14613 17785 36691 28240 4896 39441 26709 37083 32541 2989 1850 10909 13793 38152 23504 13359 1427 14457 20297 28082 16485 20933 33314 12249 31112 2007 11655 36411 10942 30781 39022 13117 39383 23435 4845 2489 37941 36744 11582 2757 12356 16420 10786 26473 14537 9435 35205 31379 24538 25408 6592 27465 32329 23575 28676 13463 21849 12672 36054 9248 24934 14311 29301 11257 27924 26342 21378 5987 24413 5395 9556 36000 12938 5998 39239 35950 19465 29666 12483 7880 7823 8963 6435 819 191 32660 25460 15487 18406 16319 14296 12657 8445 23769 32101 36017 10216 12923 8227 37642 39943 3632 24212 11734 17193 7170 19075 14023 6879 28497 38364 25953 19759 12488 31388 2652 17181 760 17064 29415 6064 2761 2388 614 36288 32609 37165 28458 26916 26858 20945 36175 6125 31279 36477 28743 29183 32888 13950 31747 34877 30003 7835 34220 39066 3902
23685 12904 13460 24831 21805 34136 14178 9392 29434 14846 38014 27255 5896 12747 12845 28405 19986 3616 38621 17534 5676 34357 19610 21570 26105 21823 6089 20905 3310 39382 29906 706 12329 31137 33695 4118 2005 17081 13762 22809 11149 16516 2229 28589 5593 5417 13704 1420 32585 30168 29829 35032 27412 5692 25206 24167 4266 10229 1944 27115 36629 24068 6595 29637 8565 23926 6718 14353 26355 23687 9395 33240 3678 26194 4848 34887 10881 38751 5872 6585 1797 22869 12374 17878 10385 32157 2192 13893 13629 29653 230 27494 18103 19143 35141 32048 38343 573 22747 2699 35902 23410 11765 10760 34612 37123 2240 6601 6501 2483 31315 37597 37690 7020 10567 12137 27370 21984 35877 12019 1007 16526 39297 33356 24977 16513 31044 33809 17864 13168 165 13593 38067 36386 2357 8183 17800 28275 35557 39391 616 14400 17941 39492 8325 13989 18128 32468 29950 39929 3513 7363 2111 11980 36654 9886 34194 30649 1239 32606 12246 14945 22189 20517 13052 30420 21301 25356 9854 24929 14902 31308 2054 19686 24259 32667 2135 20106 22942 38274 25733 28665 23245 15762 13842 7204 7950 29002 2478 12726 776 29810 24864 503 18936 33051 26898 25914 19200 24953
29435 10602 28865 8557 39541 18574 11940 9371 4770 14465 5293 16272 31478 20780 3284 37331 19452 26946 30056 24100 22710 15345 16228 10425 21126 18740 12683 37726 38291 9833 30077 3331 21795 28140 31028 11082 11467 21500 1518 4466 17905 1125 1993 27507 25339 3113 22603 33576 10736 11125 3802 23965 11298 8181 28708 28000 14780 37256 11240 35452 24626 14730 23491 10601 480 7895 10531 288 2429 29399 5721 36734 30204 24467 17369 19082 6476 35693 12558 18456 9680 38146 16236 1730 31007 13465 34648 28327 30452 13594 23067 22160 4931 25674 92 33830 12371 33462 3537 23535 13676 9203 5399 17467 33898 17254 2022 16120 13633 6384 39873 27600 2055 8073 10535 36741 9294 30017 10568 17480 543 31109 3961 12245 34897 26957 38415 38778 26174 8602 17434 25183 7464 14393 12991 33771 23506 20939 21136 6524 25520 5828 7995 34693 17275 5625 34288 35004 17079 38097 27576 23874 11841 13710 21815 2046 13173 3627 10870 10164 140 1359 15411 2745 17790 10009 18102 26083 28847 18288 31678 33171 18728 24349 33383 38681 25828 26682 27065 17009 4369 934 19433 1754 23171 5276 17689 2611 13613 27384 32473 24029 2642 30141 28687 20163 27089 7794 2956 20408
12387 371 29602 38065 17424 22338 27645 27050 36731 2615 34094 17578 35236 24895 38804 39379 10077 26529 21372 21291 6539 1202 18793 37023 10056 35655 30399 9912 21123 39206 16622 15465 37103 30202 1308 28167 3880 25501 39985 1211 28957 9447 30183 5249 18382 38491 9320 21353 22800 25713 36079 1273 39260 3577 11672 27363 1267 33047 16058 984 17208 29194 2065 38099 17023 37684 28989 3770 19088 4507 6397 32568 14768 3756 4910 21199 38479 7657 13590 3615 31084 30992 17511 39622 12751 16925 1638 28786 16460 2581 36058 4789 6319 5257 1476 25878 12573 3777 28876 32514 31790 30892 9512 39070 20439 28285 8176 3780 29734 6908 18207 19606 14483 18347 31804 25385 23547 24395 21891 21914 36903 1249 8660 33269 31568 31815 38495 14494 33398 2311 20631 1206 9415 16340 14122 30959 36405 5706 32910 25772 19702 23851 37567 27960 36608 7467 2026 6847 17227 38237 6942 13382 18797 1725 1004 36207 13807 35833 22913 14177 34863 12811 35162 6991 19794 5575 28344 39896 35096 33726 22534 34502 3834 26601 21970 9571 10790 8852 4095 22768 15546 29884 5113 22725 979 38632 32770 31494 38945 15599 25394 15061 14827 7910 7111 3720 31947 8993 34975 18068
20287 22814 25596 29321 27772 30343 455 4912 28677 38876 36775 1353 12097 31394 37275 9963 175 29222 34750 24982 26493 35355 18566 6666 39608 16849 27310 36082 36245 33476 27022 1083 28180 3263 32506 5654 282 10746 34954 32249 12051 25175 35196 32072 15864 948 2557 11917 3193 9647 22743 17332 4056 27907 35513 39687 22398 7625 20779 22697 4298 35497 32923 17003 30499 36733 12005 33687 4362 875 10373 26948 17780 30184 16889 1950 2656 7175 23099 39497 33640 4114 34901 38791 1795 9570 39517 5225 37163 27033 27926 33705 20706 3773 3247 15523 18871 19918 4198 18987 32690 16747 8918 33804 21379 16854 39662 25805 7281 22906 27826 23829 31680 3005 8282 10945 33005 14365 26458 5827 4853 19218 35066 17354 16371 23599 5429 7390 23412 21013 4643 19162 38512 12184 29671 20001 19428 27249 27259 33787 10929 20184 19483 12630 21714 39671 13955 33966 37760 11733 28402 13262 30278 29128 29313 39658 35396 15188 26314 14499 38802 34203 3728 33348 18859 11003 7091 19036 15346 36232 36925 18369 37469 13135 30577 12419 17372 39643 37838 21184 6185 11176 37394 15802 34120 465 19693 31048 38563 12939 20424 36542 36559 684 4815 35504 11307 12291 30823 21367
22333 11335 11569 16528 20894 16919 18842 5685 5265 28441 31359 15741 11803 25179 12381 12624 18250 27124 12680 15726 18390 13797 38799 38081 11366 5659 37981 4280 31881 25054 29702 25282 9904 12925 22409 28509 4944 23362 21844 14129 5058 10174 17570 34071 39194 8901 20765 3897 9872 13540 34214 19473 15673 12446 37425 33494 36684 34491 22997 3907 213 34801 19555 39840 39815 17777 6301 10847 37844 5734 16515 5710 13726 9559 39300 1990 34797 6812 19563 83 4078 9934 20414 33249 27670 15381 36028 29520 33672 20418 4085 35705 6948 34692 12982 37068 10983 5351 16689 2862 11007 9060 11208 20308 11252 27665 7131 17352 37599 27701 18822 17200 6732 36074 1620 12782 22992 9763 30856 4824 21672 11033 29273 13272 29929 5135 5855 28649 8930 7812 16520 34485 2116 25797 16776 32828 23135 26072 10484 221 2142 14891 642 6863 27107 27012 31645 31260 23682 25697 24183 8123 29704 21526 33231 25332 25714 8476 5192 14171 10086 32990 36504 4670 39265 32594 29280 14437 20132 3885 26253 34016 35587 26658 29121 26349 21923 23111 30645 14776 34799 2795 18067 1864 39291 5708 16974 14928 23165 9095 16351 14960 35930 26268 32978 24239 22148 14721 8489 23331
14248 27602 9376 24828 36921 15893 20838 3325 17828 33881 38725 18598 19558 4272 35694 1118 28431 37412 1092 5743 17625 16715 31994 32265 28733 10998 8225 1298 14567 10179 434 11267 29481 33295 11401 12224 34353 5878 11817 25346 12851 31332 37328 15852 12455 1469 17849 19439 37148 27849 32997 11251 15129 36439 18940 9477 30037 6322 22492 38532 21632 20216 32569 8109 38070 14823 17830 36327 14997 35500 8414 22105 1774 4135 19251 36305 363 32572 16916 26800 29681 29980 32703 16976 16075 4235 11165 22202 4224 34719 22418 4772 32033 20003 39635 4201 37932 30376 32841 7321 18235 15964 17813 15978 24340 39829 34830 9113 34650 13139 37693 33619 954 23275 16009 35401 17577 20438 37696 32902 6921 8143 5036 2385 3843 15798 26235 2009 1735 14232 6193 9161 18110 7795 36693 13007 26630 3396 37291 27697 7404 19160 34032 7143 15238 15907 38634 3238 13251 26660 11726 22489 38077 29288 30749 24664 27126 3072 13688 6084 5972 39340 1868 4783 22864 20284 11111 31000 4727 16964 362 15452 34847 22335 31756 7616 26627 32022 7389 9759 2374 11300 31521 21330 15581 12552 33160 31706 5484 29024 16662 11381 14750 14507 10834 11788 19273 27414 32434 34633
30518 34036 37884 33387 35027 35235 18477 4170 35405 1949 39053 12722 1785 5741 30032 23360 10590 3895 8865 6174 39878 22696 31477 3481 39708 15624 28540 9630 26092 39638 13790 16832 13649 17336 26906 10850 19979 34264 7855 35480 29360 13002 26099 13760 5302 8512 27577 9717 15138 37386 17083 39329 37595 13673 23035 6900 958 29309 26935 11913 632 24948 20727 18941 9091 38619 7746 25980 36801 8669 13126 38567 3494 33454 28410 3147 22128 6425 1123 4035 6980 17819 21886 1018 39686 27336 8544 34629 36798 4043 25993 21683 7037 17086 18069 22062 24504 36848 16230 16188 28058 33512 27129 10941 31173 14989 17046 8868 31147 33680 14603 39650 11594 9270 6813 780 10436 23404 12998 10580 16327 35161 34129 38303 27371 4658 22884 71 5552 4315 1796 28798 24592 4731 21978 21575 32892 4678 38234 10728 8159 29684 32445 4685 25505 18342 30775 36032 24317 32827 1569 31998 32644 2731 20562 39941 19013 19635 36371 27105 1262 39981 35900 5354 24616 20778 6304 16649 5122 4647 37073 14919 25511 20458 25565 37045 37542 24109 3043 2504 12896 37840 594 35703 38514 31739 12126 18571 6407 4326 15669 14832 29814 14607 1598 8981 30271 1667 23273 32156
24258 6109 20036 34296 19011 3028 26754 11508 9596 13615 7667 22456 22914 36651 31421 24456 17409 17062 21499 674 35836 34858 23650 5480 5370 19164 10349 11018 8331 1544 7401 15881 32908 16387 29846 4212 16270 28471 38431 8777 6189 13330 28252 34839 29792 23045 18123 25970 31946 9779 14651 6328 218 27895 4053 6737 7247 5212 22277 34048 61 833 6902 24866 25513 37780 29940 4253 346 487 315 4576 4786 22553 7420 3908 29169 20115 31016 31267 33426 22597 37173 19085 12474 31242 31205 7193 7696 29748 3473 23729 4265 4621 1465 2664 30887 968 13551 20590 2339 9257 25380 15892 1887 3245 20717 32608 1555 39648 4590 13690 25959 30302 6128 38741 11484 37 10856 39374 14922 29265 793 3294 22473 10860 11080 34415 31943 6217 3493 15424 20111 3904 21441 26286 5202 8017 19436 32410 18446 30410 26516 28507 22558 35486 31996 449 30813 36809 3180 8788 28891 27367 33355 4690 17459 2982 29508 10092 30025 7670 15582 39661 36869 3025 7245 38392 15843 9946 5924 22056 35920 10345 1455 34813 10142 4335 2067 4390 5374 14795 13046 285 29705 38441 11285 37250 22370 26766 18522 13336 14201 9572 38667 5812 7883 38426 13236 114
2315 514 22450 9272 16042 10069 4049 12817 15890 19904 11942 19206 18011 24607 31085 30347 29709 20531 23815 23085 31773 7799 9918 20422 5952 8477 39129 26893 39233 16850 20574 12749 6050 32542 38684 12407 34242 8516 32225 23669 8175 37833 30533 31449 25976 33707 30608 13306 14008 8341 20341 31019 3169 4844 9530 28836 24051 19458 4634 20713 7162 6832 10954 38823 13042 2017 25785 5611 13617 1525 35034 12244 34654 7198 36073 15161 28283 9635 26966 36169 7121 17507 11392 2498 33244 28176 14772 34165 38031 33765 35892 32447 11259 29855 21171 4640 29393 27500 12167 15380 27722 38602 23359 8826 35045 2684 31866 37085 32330 19736 1294 14939 2355 15827 21111 25710 2688 15480 16331 4879 24992 6858 26151 39120 27152 1601 5201 4619 3137 11020 6992 34042 9538 25693 33065 26093 1024 11626 16548 35691 10439 7700 35744 18461 33860 30330 38141 21421 1742 22921 8979 1994 32844 23166 33372 24560 1618 31619 15574 7086 21106 16601 9363 23043 11294 19396 4842 7852 31999 13650 18261 38296 12271 3523 25723 18617 36043 36130 19493 30412 24370 23929 32458 20886 9345 9696 34441 24978 16486 10612 31060 35216 31045 37110 6960 23577 37604 29124 24357 7637
4415 27142 35937 1425 11358 27961 9761 27539 37199 37689 26715 30593 8284 17368 4450 9576 22870 1972 13217 18183 5419 33850 19307 21369 35948 30205 88 29657 20657 17835 18929 9663 5511 28643 11119 7668 34622 12762 10785 31874 14439 16547 22327 9905 37774 12725 37523 16329 12929 23969 2901 30931 25450 12464 34779 27612 18954 27205 38352 10649 3224 8741 7923 15006 35670 4127 31559 18086 11804 12030 6370 6880 29367 13573 30839 2658 12070 898 34545 3420 32236 16415 27738 13387 1499 20914 37515 3498 33358 22276 5838 13975 6944 8370 23856 13032 32715 17655 22236 22744 13684 23077 14749 12704 7722 17907 21057 15674 23521 17264 7528 32889 29743 28775 19850 471 38172 37975 725 1633 37506 21710 32307 1702 34211 8688 29370 5134 28101 24657 10098 8928 10939 30790 33686 35933 33789 9614 28958 3303 3536 23501 14547 19841 35254 30579 21982 13250 4656 6030 34397 23890 11546 7859 1941 39428 32275 22173 38933 34983 20757 27717 19249 9145 10715 39472 10949 32546 18772 23568 31413 2147 14322 15324 17153 14041 5372 38662 25514 20498 25851 35373 20411 35750 4582 2788 35107 1208 12864 25016 26111 852 28770 11541 11367 8049 25530 5686 15595 39154
34998 38114 9303 13181 356 36900 12113 11334 17710 23321 4222 31755 27254 4764 11646 9335 20364 4141 16829 31362 25184 37616 5044 18175 20641 28782 3433 18906 9010 34513 19901 28293 2477 12608 16639 39602 16470 36668 24553 28466 36293 34019 15738 28154 37783 12063 20363 26057 12277 6412 5063 17092 32802 14600 24718 8256 30722 36917 29706 5285 11878 22429 10260 38271 39065 25919 15803 20679 23662 33550 4278 17076 30930 9166 10138 75 20528 29711 21290 11709 36397 2331 31539 34571 27482 29640 24252 24843 35390 8515 9071 35282 4299 12413 32350 35613 32393 29688 26981 26465 3955 34343 33745 6693 33225 1894 21722 5994 5319 38984 19449 34430 3681 9406 19205 37455 25103 32717 5617 3370 39701 30947 9492 507 28024 9975 14175 3734 31600 18373 2042 22834 15012 8854 19158 19319 16166 17634 33275 9812 34955 3983 23251 10604 38891 17939 37368 9013 39572 35353 34961 13926 31712 9153 28009 12850 8507 9327 18677 812 15713 25458 13101 16827 35429 24146 26559 32356 6094 32392 25331 18285 24568 30406 38190 4484 16887 17977 25863 11854 8752 11039 3384 29061 23814 18730 26808 15693 7085 2794 24394 26484 12125 37619 2538 30613 7223 26537 3410 21791
13150 3195 12254 28529 39462 25799 7024 22925 1355 4534 6508 38674 15234 25350 20352 24620 2743 32504 18714 27017 8042 3316 10181 11394 9608 13577 37467 25619 11639 32538 404 38251 30476 34593 14521 8135 37519 36406 25958 32597 27185 24000 34000 22731 3935 2610 31749 27039 36885 30441 26569 20866 4814 10353 11105 34427 26740 14196 14841 5865 22990 33125 3864 7901 12292 6692 10489 19420 35251 19542 17172 15553 25039 37620 15403 8355 28231 30131 28837 39515 120 7819 8906 32354 29307 3217 13243 18975 3343 217 22742 21173 4829 26955 29336 345 12139 33670 36087 28206 4972 33286 7265 24483 8349 24493 11341 16712 38085 12602 23520 34775 4446 29019 35340 2501 33206 22880 27937 38499 10522 4766 30944 10130 19276 16651 31781 420 18696 15884 14955 30534 33193 21323 23786 31167 8838 30095 13246 1086 14577 31041 1497 2373 17793 33175 23692 9890 2856 20116 14014 30367 1697 23790 14710 15993 1094 10740 3932 18169 17384 16838 8624 21478 22246 39732 19954 22078 16572 13498 5462 5270 32653 6781 9773 8415 8994 36343 6512 31061 1519 32010 5366 6663 17588 33432 3073 9906 9645 8802 39773 8872 15207 25517 9012 33696 26016 35444 37299 26799
22766 27252 19062 12241 6231 38138 36476 17915 22973 7292 5811 37400 10838 29560 28382 20319 31465 14088 23465 26726 4002 12301 8126 21358 34286 9537 16143 17932 11739 9810 4445 22706 35723 2828 8174 20620 16729 38360 35630 31693 23849 3386 29835 6239 8665 2424 16452 32269 10167 37032 7107 32811 22397 26587 6896 37067 32347 25635 28582 30487 13461 11343 11163 34285 6646 26114 3783 31270 3352 18572 7465 39841 27829 21931 14775 11848 9913 27066 15252 11326 15015 29572 37791 25784 24098 97 19656 29205 18922 29329 16936 7197 33495 18273 8387 37715 5887 35215 541 4918 10230 2978 14091 19662 179 7339 36987 30812 12653 11682 36579 26978 3286 17782 6115 18378 35423 6172 28079 23528 35090 30709 22090 16872 1841 32041 12504 11906 36639 39580 17553 11061 27774 23259 16235 28707 8094 16059 5187 22848 4223 15050 32864 21838 37610 18835 5136 37928 21989 20818 31322 5204 29585 555 26698 35367 31284 11534 16028 38504 9378 37459 6352 5275 10656 14228 2634 6316 22086 9769 21202 37827 35041 22417 21709 12651 28151 2709 16813 3146 16289 34254 17141 30179 29286 23164 33343 9529 31314 5515 28888 34362 38102 2572 3196 29973 26850 18691 22262 20483
37504 4376 24734 27042 24889 31557 3392 34713 281 6821 23966 15106 20189 13154 36134 10351 3508 11743 24376 2285 36194 2975 31152 1594 31818 10218 8502 29841 28698 5679 1385 27616 34986 21831 6727 12796 13305 4700 16678 18240 19414 14764 12279 37648 237 3231 15216 33536 18205 33103 10665 830 10250 33915 15105 9831 13883 29455 3590 16788 9134 30940 2976 9387 27271 34223 3484 5824 12248 3618 29480 29713 10639 22812 661 17135 31174 16930 39857 558 10854 1908 37872 20880 17279 18741 25244 24712 21718 4013 14889 18952 15662 21623 551 21866 20091 28716 29968 28059 9384 5752 36188 3896 1829 19173 39630 22077 31189 16535 2521 38971 32004 417 11927 15594 2294 20299 35469 29069 2844 36754 4342 16938 18374 24925 26665 34967 13971 20640 15751 3162 11999 6711 26597 19030 33400 10429 28409 16320 11526 31224 24251 4839 2443 33562 7275 22972 20980 9962 12049 33588 38095 29470 35279 5524 17885 31614 23983 26515 9271 166 36286 33853 7555 31672 26549 33459 34695 11892 16955 13104 20612 22513 7211 28762 22424 30603 14502 3276 15136 4226 24205 32710 9336 30650 17235 27749 31789 32678 98 15544 6660 9367 33636 7632 23654 29229 824 29848
27317 36066 24491 37554 6282 4830 20577 39817 35938 16977 6644 489 37416 34183 9840 24282 11933 1843 18997 33362 28241 12225 19642 7314 24250 27930 7052 4932 26461 23090 29893 1681 28387 28352 25686 39905 24865 29524 33039 15446 24513 22037 21968 325 11637 15796 37630 35092 17995 16525 26673 11728 13980 28223 4336 3787 23690 6480 24369 28795 8616 14006 17603 28306 28355 28316 6558 24162 39529 24264 24938 17760 14561 9352 25792 15505 19800 5196 6791 8240 8243 11207 10311 23817 2562 25079 34028 22983 35903 18704 36978 17420 13835 30443 26701 5925 15294 20024 28291 31201 21967 5630 2306 17979 15219 13018 18660 4937 10696 29072 36053 9332 18577 17298 9488 24546 9925 7447 13916 16152 16764 30482 18636 22767 11200 26907 7069 16040 6341 37020 16412 20199 19427 37831 24418 14221 7451 20499 25997 5997 12691 3300 20278 15022 25817 37855 1921 29946 10454 2661 35652 38284 4444 33229 9370 17360 24061 31647 34737 12436 3151 17085 18739 10377 6836 33940 33693 13743 13969 36990 274 21897 35415 35263 31131 28562 22550 14583 25084 18080 7575 2345 4549 39138 21755 6541 3981 20700 15698 33260 20472 33879 31230 6119 23252 32822 7925 3712 25015 33207
24284 39665 31080 4886 34798 36151 5541 25711 31977 17479 32299 10467 20002 39479 903 27643 17376 36919 35372 1144 34169 20899 7741 17329 23417 34530 37464 9565 15315 27187 26187 24665 29696 34292 14269 33019 29609 33017 37644 37618 10034 28496 22298 13109 39186 34829 12769 36294 10618 31310 24534 22283 35791 1790 7206 38485 29939 17726 3862 32127 4426 35152 13209 23328 21758 17647 20126 31087 16164 9536 16999 38883 22909 28729 14543 13941 21305 12393 2029 24724 23500 22974 36157 16754 18091 25200 16787 19674 17994 8805 17405 7876 7156 22385 14372 33743 17934 2336 21322 15765 12996 1965 25682 28077 27009 26096 12163 20685 29067 39090 29449 22726 24367 9547 33116 30279 4448 27352 6321 4759 35493 13626 33052 11038 10551 16313 215 11087 30170 3519 32776 18329 23845 25838 6045 31924 31610 5677 20368 19549 7828 20903 6206 32403 14444 34077 17708 12760 15694 15458 30776 33492 13559 17546 14771 18315 10840 37481 6611 39938 18238 38960 9944 15005 29110 23598 39319 7579 19789 35211 11681 6116 8470 15548 10032 2772 38078 14477 6972 27298 14685 31648 29738 31793 39393 26239 29611 9 5885 8853 24976 2376 13544 35087 25104 21999 25198 29450 11640 14520
20173 9901 23819 32430 30924 26409 21059 15705 11902 5357 16239 27888 15444 1226 32883 16490 19284 34293 21040 20180 30815 24550 7644 12098 20032 26346 22362 28613 10178 14249 6082 16309 7479 26246 13625 3526 38451 25790 17490 15036 34069 3470 14628 39071 20764 6892 29979 21489 25193 3130 3115 34864 23503 12521 28481 28272 30514 17478 26888 24885 4154 13757 15494 21520 15295 33419 19632 18524 18850 754 35298 2923 30339 22117 20911 184 7450 20374 7604 36384 18376 25031 21749 11859 292 17037 33872 22143 26018 37647 35321 4058 19931 36857 38561 23531 28268 31487 22751 15590 28982 33268 38315 14873 18409 17484 35907 33856 33649 13425 8081 30403 35872 36681 25523 32639 7249 9035 22087 13351 20044 16552 30995 20549 34945 34893 6038 6940 13417 18538 4663 18136 8025 29964 34949 26619 39721 1904 17653 19299 35037 9441 18351 5258 38898 6421 1207 5042 14611 21659 36672 31742 32737 35063 34279 8189 18653 15685 35928 36078 7563 35648 18112 20086 32821 26497 35595 5631 13263 33280 36088 36899 16064 7710 5726 6148 13844 38452 21376 31491 35708 23078 28678 15264 32795 30398 6436 11374 12004 32973 30323 21635 1151 5652 28229 7868 26206 3272 31987 7844
16501 34363 6780 29247 5475 34175 6973 37992 6845 21760 29263 11979 32616 30831 33438 5491 14338 26229 14413 28904 20074 28234 6891 4743 29780 18715 21523 34015 15783 29485 4782 7994 39600 16751 31385 11974 16924 39860 24420 30355 25982 27505 23022 723 32617 37253 8356 38333 38518 6004 6043 37414 15592 33299 1363 20871 18583 7501 27290 1479 38425 829 17170 8744 15983 24033 790 34106 579 22539 31037 2246 21394 26827 20304 35301 21565 16950 20647 31595 21336 21855 30121 8462 31077 9218 35882 38356 330 24854 5718 13399 16988 2855 36874 602 6330 33820 36034 37137 9780 37306 2243 14516 882 8451 27348 34234 9124 31940 31194 14341 2674 7290 36244 7365 32021 17113 32945 1408 8241 12894 5961 24571 30889 30087 20602 7652 17004 8558 359 7319 20571 39636 1292 34668 30285 17256 4193 11489 33875 23496 9390 2351 24805 7000 24873 11599 33921 26567 20449 33279 21449 23361 9998 17474 18702 17968 32177 20479 10493 25413 4200 10540 32656 10680 26773 39816 7580 8952 32600 679 24949 29990 10936 29617 6346 37033 26182 21981 18098 20327 21384 36256 27897 4774 15908 33571 2149 38921 11685 1117 1575 30915 9000 38339 31625 35517 37682 26085
37185 29353 23195 33667 4876 23128 31985 16426 1307 16710 33741 28230 6801 7153 19971 8661 27054 241 32620 18107 36233 27575 7041 12971 38301 31118 107 25727 5297 35574 33339 11536 8770 27087 35671 32232 22625 13988 38489 16539 10606 18334 1971 19715 38106 24779 36022 26659 28308 22831 33025 10157 9603 21645 8215 29558 31976 5913 37849 34778 37419 6571 1175 31795 39631 17412 28040 31650 5443 23600 15202 16808 5248 34446 26363 20703 31551 9543 31963 23391 18439 25845 29678 30354 19837 8510 12340 25794 10240 38551 20461 16253 35129 2482 12589 26381 33708 28315 30401 15042 4503 38314 3746 19578 25240 1301 34947 37012 20890 27391 10026 35904 27559 10146 5471 10739 25338 26681 39959 27112 36210 34800 34988 19149 32292 25576 31820 23305 31285 27889 37821 39868 8973 26323 12674 32788 25957 341 13663 38082 32845 8780 24125 28158 2342 22267 12974 8437 19210 10095 39880 28416 11548 20710 27108 32017 4317 20518 37601 29994 17147 32544 30771 6577 12711 20555 36564 18690 34944 24813 33806 7582 13589 22605 90 13527 10955 28090 27133 35716 12765 20884 4327 28027 15383 27874 15319 10644 19133 24703 17675 20469 28583 7200 27245 8867 28400 39116 16010 36824
29636 39126 24644 11967 20401 16125 9425 29992 4545 23130 33643 5482 39505 37147 35197 20774 4520 22996 39836 37345 22328 20564 27702 13001 25811 5701 29981 1593 35203 13638 20561 31002 8652 24022 25704 20135 28038 7615 20857 11034 2606 18590 13467 29066 25988 4088 2639 7583 10893 16604 962 28288 5507 34833 7214 34759 27076 21050 20491 32684 13862 25567 35470 20550 5146 944 85 4543 8998 36067 13352 30646 29703 26445 7687 2251 21209 39982 3541 35868 38535 412 12335 34096 13312 4575 6708 25493 22733 16333 12774 158 29160 25161 1443 18190 26656 13245 28636 13353 10809 21943 33018 21219 35164 36664 8567 8600 12916 18630 32778 38922 11895 24945 25640 24403 32334 37182 2119 34586 34070 21513 39821 28347 20064 18710 19025 12465 11357 18448 29900 31034 25837 22264 22929 34894 4334 16566 14384 39729 39755 16405 26705 9036 6945 32819 23445 32228 21248 7886 413 1827 4363 20881 30515 24894 5012 25518 23647 36086 32333 25955 15408 6795 16483 19524 25141 19774 26448 31455 29840 17825 8912 1217 9442 25214 32854 4485 31445 4494 19245 34734 2081 5568 28455 25118 4137 39493 6785 29080 37249 4417 21697 19100 4364 26383 32790 35955 7388 5185
8010 623 15776 39765 5543 2997 19581 30865 14142 7441 23456 13145 19823 30059 12990 32268 29896 19116 37914 23384 5574 18933 9184 7951 1350 38582 11397 32145 22089 3304 16937 11521 30871 14617 18862 203 8655 930 33742 26807 19925 13005 30545 1582 30963 27191 14010 34294 25932 8308 20955 13432 2703 16345 807 6274 35974 32401 5930 24382 29925 1983 11610 862 39716 5613 30468 7239 3745 26159 10433 31952 4529 4074 35015 28596 16546 18795 37889 16537 23753 3891 29378 31630 12170 17702 14320 34862 6828 25036 27610 3894 17337 21015 14616 25445 29584 6453 3099 13491 28307 319 32483 20785 18158 14615 25648 38129 16265 7798 28808 21332 17 36116 15253 7814 32438 1097 28659 9640 35641 37584 39475 5267 25418 33971 12402 16122 23460 31380 29295 29052 9337 35612 16078 18079 31283 234 17431 19682 22807 39296 26524 39185 39779 9433 32785 27623 23472 20616 20276 19478 16657 29578 9023 33510 24965 25836 26288 12643 21056 27000 27314 30861 35956 35811 13450 30614 11507 34083 28207 27162 1352 8936 17997 30442 12016 10111 25978 8172 29059 9072 29867 28397 16172 10044 20015 37986 24815 14956 21976 7889 13922 28983 26598 21962 21185 4723 37972 6690
26891 6229 5090 183 21177 23198 11920 729 24393 17010 1900 9391 21564 3126 16868 29757 22551 23138 22347 25467 36972 13021 26607 28216 10518 810 2920 27045 32138 16017 22281 2117 3277 11474 30193 16723 20494 15047 33290 9054 6807 5967 22581 6469 1510 39890 13535 21102 37996 25929 32242 5010 24092 13654 5725 30458 28302 5244 29359 38793 37062 29778 5780 20211 36243 31255 20514 27840 19699 11833 21827 32897 24305 36806 8188 24764 10233 31221 4827 575 20217 23755 34575 27385 35531 15024 28450 16244 10304 34729 947 12364 4213 29350 2378 24602 8498 27624 25825 267 24281 11333 35052 10776 4755 8226 17021 13881 7821 10651 4984 25979 2368 8880 676 3661 7944 6391 35863 6743 12733 1548 10883 7078 14434 29715 31702 21397 32618 27441 17912 22806 876 30528 21308 269 39656 16171 19504 8116 4512 9047 1336 24193 3664 16399 30384 19105 35931 16135 26113 9302 12489 31709 2568 3940 32426 38349 33418 6572 16104 7280 16214 10337 21162 3826 31179 37262 25006 31808 861 31760 1614 1168 2422 7230 25321 29264 29429 8792 29795 22008 7002 31899 3087 14541 10362 21512 30787 28304 28088 25730 31810 37017 8640 30033 7397 19820 18083 21706
25482 4538 15634 28380 33709 36500 36844 35841 22976 39978 23675 1531 27549 34625 25996 16048 7849 21239 23467 2089 12171 9385 11758 20427 27080 30182 27993 40 39810 5746 18353 33235 30402 25202 36763 33043 19596 28323 27218 38253 14454 11553 21405 17868 26204 25534 22617 4345 39571 10583 27150 21289 28555 5910 2858 11412 39722 2372 16705 26855 9042 16322 5320 9266 31495 21242 13069 12226 28085 12802 8278 6077 13907 28015 11404 31246 39366 34597 34806 16538 31424 25383 34686 22577 16035 5210 18623 11784 38728 11952 2435 17965 3805 6612 31935 24509 12564 39323 23618 29903 11264 34902 37143 10853 32238 20205 8824 22859 6287 109 25661 17109 16431 7496 31574 16481 368 1613 18540 38924 31686 35704 25744 31696 13672 39397 35189 36237 14324 30666 8390 2685 13885 21034 38781 18244 27008 32361 39652 24363 14572 16503 21723 23191 26106 34938 15334 33731 38598 12735 8888 15441 6182 3411 36871 3252 27355 12032 1049 17005 18881 19045 10112 21528 14649 28634 18038 21189 1644 342 20350 21156 16921 2517 39767 26872 26483 34025 35876 8806 36700 7333 16159 2290 25833 23250 13389 21620 3477 15148 24241 19039 28319 32207 37977 7662 23397 17052 4650 19628
29501 6549 5610 17375 25071 1902 36940 5666 35157 16575 27675 28166 21276 10147 23917 27630 13010 6387 11768 37216 17667 22565 39976 6162 18724 21395 6290 26149 2623 20969 17747 20652 37308 31404 33502 35746 21867 34628 12230 33370 9314 8129 13234 16807 26596 1423 22615 24350 22898 17245 9829 25462 11583 9672 6096 6682 20016 31090 15226 1937 36204 9994 3164 23980 5149 13525 22910 25909 26526 389 5045 20755 20506 26442 39925 26863 31838 5412 32957 21141 4502 34472 37230 26076 21630 14763 8820 28350 27498 11723 14936 8746 19775 2047 16030 36674 6199 35944 6976 25625 22163 14777 23157 13133 14274 33497 9549 11752 25143 24570 6326 12597 34345 16625 12349 33712 24904 12665 5966 2706 36756 3974 5762 2733 21765 13358 35017 37339 24624 34098 34082 9850 22971 24903 39802 24638 30782 38155 25473 2968 26520 30532 22229 29912 11476 13869 2343 35002 26177 31604 10447 8883 30076 36107 2563 4389 27165 19213 30368 18458 7654 19017 7395 20552 1136 30701 33874 22804 38054 38917 24378 18833 27881 27944 3140 30928 28640 23827 28853 35527 13254 25117 19201 13588 35945 22529 27892 27913 31960 728 29200 39594 2575 30557 36865 23204 7956 869 29967 25740
17408 34828 39692 8707 33808 27820 18812 84 22951 15297 17560 7259 10972 17944 30434 35131 7992 22448 2542 24946 34557 965 3701 23718 26475 7026 39275 36576 20999 21286 22691 19866 6721 9032 26321 6404 8016 30908 13553 814 2057 2811 16608 26599 21048 23182 39395 35826 38185 19997 21964 16612 5745 821 7110 17343 28560 31513 38331 808 19361 31633 38671 17642 31213 31200 26940 35113 17904 11032 7914 32723 11630 17414 16197 35035 34149 20586 18758 13038 2218 5182 34046 25563 18419 10488 21754 33143 3 11261 272 5782 35905 4381 10281 2525 17156 38454 3017 35487 816 22464 23116 15232 31197 23592 29036 32637 7132 29172 38735 23858 94 5331 19196 26094 25977 31764 22011 11458 18018 2250 35323 24706 23534 31013 36184 39088 32254 38757 31766 3717 21813 21226 3874 32803 29459 32186 20973 19742 26354 22802 9861 27534 33499 10779 1312 5671 34196 25048 8310 33429 1913 36643 30833 2841 29898 33714 5261 36451 32369 28881 15991 35733 34009 18533 11847 34562 15686 6284 29290 1999 26390 6676 33896 12772 38249 33201 26525 2386 34057 5528 23588 35866 24262 38186 34500 35963 37271 11953 10413 36789 12612 38893 12966 22049 8937 33539 3751 32164
15425 4539 418 37602 15608 38048 7347 15080 24586 31022 10703 844 13343 33622 29921 30997 35619 26574 18541 937 19664 28356 11301 10099 25043 27125 4826 34193 19297 8108 14293 32513 37059 17573 2556 39482 35698 4911 22528 33517 36787 25951 11174 39700 11535 14753 17719 16210 18557 32528 19234 18708 19622 18325 6420 11213 37613 12299 9299 6422 4875 38856 17019 4073 39693 36488 33335 36786 28524 13265 1326 39592 22479 24132 20846 20740 22367 25049 2900 14077 28340 22027 37974 38111 23791 10905 27838 26372 37276 4019 30201 22567 30767 10031 23295 26385 3892 12390 1159 20035 29916 9158 1330 19274 5527 33409 8786 1098 16505 10396 15237 18255 2807 4919 13431 16641 36314 34931 12106 26201 24713 39685 23678 14908 36307 19572 15579 16391 13218 16770 7754 15159 13406 4873 15820 36139 10075 35359 26642 35409 10296 20031 19879 30067 36759 8287 12083 2919 18202 29384 7934 23949 38550 33230 13968 16304 2445 30319 9957 29023 24750 19495 5195 25440 26059 27898 24149 23613 20802 15007 1860 27779 7430 23545 9892 13004 26558 3465 35740 22934 11992 36541 1772 1833 15040 12907 30 34274 9712 35837 16443 17173 35267 3032 29094 8231 26207 3449 8827 20083
14401 29021 30241 5624 24519 30348 19475 16011 207 28513 18372 1113 16932 14585 12033 28568 38668 37429 36403 39032 16772 29178 35941 28200 6545 26478 23364 21428 12705 6564 27873 16828 14713 33749 14037 2407 9750 18918 20607 5563 30175 24851 16987 20193 29634 6758 5982 9058 14638 37187 30218 39987 28393 23775 29424 5565 16427 13485 33691 31240 1858 5057 33723 28334 32659 10548 6225 5691 33283 26622 1650 32487 28520 27227 21566 7935 17039 16205 17693 12576 1927 36503 39144 12337 25093 15243 17132 14783 35350 5531 35095 7370 34478 38954 11348 30984 15056 32898 4961 17646 39993 764 33312 7672 30474 25107 5800 22698 19772 11407 35675 29622 28097 38455 39317 3793 18370 23961 28963 28012 22740 13062 27475 20660 36958 12099 275 34063 10707 34962 17261 2749 23226 10369 27295 13143 37882 10346 16157 8938 38300 32338 3041 31728 24342 36690 36187 23296 3444 11850 23121 19421 2058 23458 1587 5148 36180 37342 24593 28980 22380 29001 23368 8375 15914 9534 35848 4092 23086 4416 39706 19485 13256 29791 3738 27093 38076 3234 23307 22022 28142 14376 22825 10882 8796 34547 37846 30700 32539 27751 4380 6757 11679 33317 12555 3413 36945 31806 7308 10200
10417 4616 37572 916 4378 17497 14732 29890 970 10780 29862 37999 27989 36138 4291 33690 6468 39473 4580 13610 2952 14387 3757 25137 25465 36686 2492 11800 10050 12492 8194 30674 24814 34865 19703 1167 2033 19236 35908 34717 2003 32532 1954 38789 37680 8286 20146 1332 4672 17073 21446 22069 13584 19460 27509 25122 13388 2225 16562 26460 8367 3233 20735 1444 31262 25739 22926 39539 10380 6928 12213 17011 13035 24345 27601 29620 10286 16079 38560 35150 1622 21686 20200 5071 16192 5024 38220 26912 19647 20847 29732 31188 290 6634 10161 12506 21862 37801 28783 27299 27226 23981 7884 1685 2125 9736 29192 6363 17850 35879 2691 29281 20398 10648 27160 21170 34675 4467 5093 311 18592 22286 21164 19958 7504 18139 36760 2937 18924 1911 35858 38508 10152 5330 8643 6374 37917 22166 33059 34403 29861 2967 7686 37997 26668 9515 4490 11180 18661 31031 37181 9788 7702 30073 39286 30620 36602 15875 27360 24555 3093 25095 5407 19359 4586 17949 30118 3898 13370 37517 3699 31849 17495 37878 2540 5142 7 11095 29831 16245 23409 3822 31342 7916 18511 10646 11471 30304 8629 34091 1812 17236 696 33900 6552 39676 28011 2446 36808 35262
7284 22261 29244 1413 8850 2317 39067 26833 33366 21828 5623 37665 39936 7399 29055 12297 14699 30099 36703 36957 32683 6736 27564 24844 36877 25485 35220 156 35717 27364 24156 25994 38272 21148 1925 38486 24318 6046 39027 19174 19022 1770 6011 28846 5618 19522 33836 11747 29765 19697 6164 441 8742 14774 12623 39221 31896 268 29977 6355 20434 8561 11148 33374 13982 18363 36014 26195 8551 7530 34619 32360 16716 36750 22741 23262 20227 15556 30128 18078 17250 7808 7552 11879 11100 391 19046 31748 4344 10577 20172 11196 29693 11276 11499 37313 9244 7874 13324 31499 1414 25688 39388 32820 27875 2253 29007 19323 19070 1689 25606 9497 30741 8659 10321 19624 25737 23161 2999 21612 15039 30195 15951 19692 36323 35895 15709 37631 19367 11416 35951 33954 2516 27323 22294 39351 32375 12603 19079 15737 32324 38934 6068 18747 772 26051 5101 33865 27289 1351 8845 35494 3677 10188 31329 27132 21401 3119 19723 13050 3034 22543 6637 28369 32915 9940 2782 8039 25813 21922 22239 20923 33477 20595 5551 25010 4307 34546 16877 8447 23894 34443 10067 678 30848 34604 35839 8177 22984 17924 22713 31553 2008 25373 13728 27193 10796 34424 39924 6492
6954 18352 36029 27945 5318 36095 32421 27232 32748 10366 8546 13903 4611 19605 10386 27184 30600 13845 842 24654 34229 2266 10065 17044 31177 860 6157 9031 24741 37441 36089 7628 32332 16290 22019 32789 10863 19683 31444 25918 34245 5128 12256 11950 35137 8663 26189 36983 4128 34882 5173 10083 15037 18246 27046 12644 38754 28526 15269 11160 11006 18276 23589 34232 6719 25419 34178 18320 7187 7783 12814 12815 9604 19446 39316 2667 21018 14287 28942 12315 37719 34059 2737 20023 24328 3403 3457 39564 18040 31366 9983 4638 31908 7493 1302 6837 378 33985 24745 24427 7762 4649 26328 16193 10764 4614 31649 15867 21003 37993 611 10383 10876 30296 35804 39141 4343 14216 14835 11591 9863 3369 15851 1982 25371 24517 29762 29949 36497 28844 25470 6616 211 3499 16533 8186 6713 15181 23789 37971 38908 13219 737 14909 21180 23595 9764 39772 18241 18648 25414 10062 1430 856 21232 38919 9931 5455 975 31425 16568 17920 26348 13749 13619 26566 35050 26869 19193 38980 26466 8402 19121 17880 23784 10139 15697 22256 1773 384 29824 39798 5350 16910 13202 26060 30213 12048 6101 20628 24842 35501 1381 31942 31783 15289 9690 1768 27650 3651
11447 33350 34498 19710 11493 37950 25133 14895 11835 23737 19978 4290 10899 10858 11496 5499 4925 32850 14593 38353 38927 24438 23336 37796 9866 7362 19077 28611 7288 3192 31259 23097 18395 32363 37733 27613 20665 34075 17733 12922 31618 39368 19009 31932 10621 2518 7744 28375 28985 5584 21073 15404 23639 28390 3930 2310 15010 22392 29269 35697 31832 4153 4808 1714 16167 27813 26447 2914 31321 37724 15360 25685 826 21393 6302 3588 21910 4763 38417 16489 14152 20852 30878 27236 19730 23822 15645 26670 26803 6359 24385 39820 36766 21088 30351 37851 35084 2941 35239 10927 15255 30471 16696 9128 23832 6834 7952 17679 38873 6120 21243 23237 22253 6513 18528 271 20605 17152 22770 15610 22453 20012 10471 2318 8762 2629 34248 18659 5804 1023 5973 12961 16934 37450 26923 14735 1966 5704 32197 778 35679 7500 17274 3471 2502 6036 8301 5697 38680 23740 12236 7733 26749 26379 26212 4163 19583 7661 24352 3903 14925 33782 29373 17185 38896 7919 8229 4110 21832 19580 26034 7646 5714 17493 7195 21582 6433 15288 35338 19813 1044 22790 27811 37848 7512 9527 9995 36689 16922 4 2835 17302 36614 17024 8894 3906 27416 5801 22902 14513
39158 24371 30949 4183 35550 14509 28960 22941 30212 31476 1631 12002 9950 20085 8866 16736 32233 9059 9692 32052 1170 24221 28894 34509 18675 15535 19503 12753 2998 39814 3361 7984 25112 29851 30658 38043 15498 9600 15959 4323 33304 7336 18770 18860 38607 8680 28331 38488 5979 31291 4405 25911 34352 34804 25985 13927 3425 2696 16206 18408 22918 13641 19829 10650 28953 28791 4162 16569 7837 10751 10215 36577 8233 35325 13282 37748 7543 7483 23855 21281 39373 15342 2486 33021 36485 6303 2066 6957 33291 10224 1025 3629 27972 29505 17094 7157 26358 22797 20119 133 9267 34661 8394 26474 33838 13264 6406 39136 10020 13706 686 3589 26977 38923 27458 5430 35972 14854 23872 7015 9659 10284 5783 19482 34943 14898 39847 24991 16375 4518 37587 13134 4823 7567 20056 24435 25130 28631 24254 5373 25701 25319 34053 4709 3472 6489 3388 3200 2534 39321 37708 19740 15707 30698 9453 8801 8013 14355 840 1333 12497 625 15598 13667 32365 35171 10742 29035 13605 29907 10293 34349 23013 15385 20333 19067 26854 24095 31605 31918 39818 9051 25871 34367 36295 12255 9689 6707 32880 1596 31745 22330 31344 14255 27455 8875 23735 37138 3107 23732
23159 22449 23751 30734 2034 25642 16809 20839 31904 6851 6752 17210 19375 12740 31319 20547 6532 16506 19706 2145 4510 33034 35472 8999 33776 20261 581 17087 28926 6104 30748 19933 21916 27854 8270 21957 30590 11199 17581 7589 31720 28287 613 4795 3439 27442 11234 10473 5021 37239 29838 5073 520 36671 29082 8353 337 27792 3464 31971 9016 2686 8622 36558 10180 18658 20251 33128 24290 14966 14957 8986 5433 11081 2292 13552 26419 13422 36471 34656 12536 22454 9448 27912 9926 30896 22013 37188 5402 31905 28979 12216 15617 30405 30551 31325 29892 39709 12963 7235 32111 12770 18841 38181 17289 16928 11042 18646 14215 8112 19312 14819 5851 6472 12639 1348 26021 25073 4870 32176 34781 28178 11319 454 34471 5111 374 7546 34599 11809 36085 28614 3641 14462 8550 10290 4099 4878 18191 35891 28162 25351 3482 25725 23826 12983 37994 32263 26008 29975 38154 39663 1719 11338 6590 14222 10063 28270 15566 28042 32651 20912 32511 8007 2488 12264 34186 28675 39780 29467 18403 15406 32084 17851 33978 28744 6952 4948 9627 1901 31636 6970 1403 17786 31229 26227 24637 35844 20949 25416 39270 12520 28766 8886 17826 37752 23350 30750 18017 1274
29860 17098 23349 4096 31732 34487 33357 20197 16543 13445 25176 3282 20707 36453 18380 7201 33988 16241 29783 27448 2570 16336 23888 36222 13292 6600 15363 28941 7273 2440 31461 2305 21743 10755 31705 17662 10481 36106 6001 9813 39327 20004 12679 27340 7936 20022 14725 16891 32008 32023 12805 15660 5933 18645 17447 7877 31006 31293 10699 23586 5369 18008 36546 15176 11417 17000 6147 348 39033 30357 7685 18431 13984 1804 29798 25715 8425 3022 9709 32896 21717 22775 35888 6454 28175 25484 21425 22518 24067 12318 32669 6659 25461 9849 16461 36973 23369 12153 27537 36216 5198 32579 35337 16527 23106 18035 11227 12681 16633 3013 5450 33447 19374 25092 8065 10011 14821 16307 1137 35104 22491 13281 33703 27685 3194 13822 4487 19660 14652 28991 10046 757 7633 20198 20990 39217 16061 13196 5653 36241 16984 25340 1791 8105 36030 12459 26840 9786 15745 36774 15759 9824 5 9674 29230 23512 22031 31185 22431 6933 3447 27180 1508 25157 25376 38596 22465 9821 11242 24459 70 29899 34366 26560 25367 6835 27183 18319 23656 5637 18223 16853 38892 8504 5289 26027 32781 31721 33469 15123 4257 16439 7267 21001 15437 37957 26330 28084 39953 9482
2062 142 9707 39506 4295 35416 21155 16418 25952 12566 11350 21841 15587 1310 3131 18133 1155 17082 15096 29087 29495 13634 31759 32885 3951 7503 9991 2415 9503 34843 12792 4730 20245 14733 38627 672 17778 37314 8257 9574 35357 13517 32709 12746 38580 11716 26133 32474 6059 37817 17012 28092 30788 1607 20915 39544 1590 29801 16430 11342 12539 5353 28814 10253 25887 26538 24804 3808 1716 6071 13380 15529 16822 13395 15787 36633 19343 35624 773 23720 7624 30945 3540 35495 35149 38227 36709 4666 4309 35224 25434 15097 15092 596 29632 15203 14745 14579 13857 20182 13579 30120 14911 15378 12417 11375 5669 18869 5663 12819 35438 17377 457 24998 32766 37777 39590 1577 16914 19171 11543 8111 39083 25645 38089 11211 8100 38189 12617 15211 26586 25901 17956 14804 24641 33144 1316 10204 29241 23131 26694 36080 15369 2448 38006 1462 17416 1052 7124 31503 30635 24596 261 24839 37418 13449 26135 8803 12979 24473 25289 4546 4887 22724 11924 13952 3360 6621 27592 12123 28379 30548 35179 32677 24659 7705 26377 18806 19463 884 28774 32362 7719 16598 14608 26477 39019 33556 32508 23913 32126 26733 36939 30588 11106 24113 11772 10466 17251 14571
29388 5432 27825 9215 31003 14366 39521 34217 4521 17863 29533 31277 20061 25643 7513 15456 18791 39189 30564 38989 13545 904 34359 17736 26581 14459 19373 1836 5774 23430 6356 33097 7959 27116 23068 17674 14878 27111 34385 34078 39344 1882 30720 28075 22326 24177 14644 31354 22780 2736 26588 6022 18799 6670 28570 39277 12058 14047 26747 4007 36434 28505 28566 21347 23443 29566 690 39406 17049 3158 24005 29526 2354 30596 15924 27617 19167 19519 10273 24190 16782 23550 13484 35720 38326 3687 7373 26373 11451 29802 28423 34749 31584 8335 5588 24433 10438 14421 28144 16839 10921 17207 32962 30670 33883 5005 14242 33901 7089 18116 16848 37044 35456 13356 4693 26281 23209 29857 5683 13682 1304 37064 36730 39727 30180 38807 19658 38782 34132 30387 25132 36697 8592 21053 21271 30390 14443 13089 27581 5656 31438 30527 30962 24347 32757 560 30502 2423 17812 35360 12803 38575 2332 11495 30016 10221 34704 8067 35192 7805 25869 9935 29661 1574 7165 26708 3422 24704 29151 7592 3727 39190 15049 14883 31524 23557 1718 36799 21725 29203 10491 36617 39664 36441 21580 11062 10896 17890 14807 38816 2078 38622 16478 34135 22890 7508 22329 9394 30094 9342
26171 15464 18588 14627 9359 30822 9616 24932 4624 35738 33941 14594 6647 36454 23701 11209 6042 15611 34459 1566 15575 23129 21798 28604 10503 5660 12775 11919 6032 31251 617 15445 15352 22958 18599 19248 11255 15031 22403 10149 28689 15733 321 37659 13970 19685 26550 3026 38390 26823 8967 16869 14151 28962 38295 20539 29551 10121 2166 2394 5208 25721 439 37670 33851 32182 7860 37273 1345 29833 25417 23857 27203 31664 9008 13391 37454 2013 29593 5422 36510 24406 3491 1778 19836 13958 29140 4535 11718 1445 12347 34281 27229 11673 4145 16286 39023 23774 5324 17853 10645 214 38347 27543 38098 28879 15542 20832 6201 36540 24582 9080 29437 32038 9884 22662 2432 16455 25989 25064 17569 36055 33435 32066 25439 10390 8163 37369 8503 33811 34432 6158 5442 22560 18333 25087 27982 36896 28057 17942 34620 6272 6317 26300 557 12144 38815 22192 32807 4662 27233 19600 3740 20551 5346 6756 12416 27 35783 6457 14159 11766 19834 19814 3637 23934 25233 13198 34121 27248 18711 23736 17379 15671 21354 25646 37168 33388 26098 5380 8057 39435 7149 37104 33205 39352 7548 35231 24966 1817 2425 32598 6575 1225 11580 8666 18296 19811 27901 3853
16184 38298 36492 39624 18053 37529 11897 32711 4310 23889 25248 4568 7176 31100 22781 18880 12756 12809 9175 25560 1393 31907 31059 21267 16112 30601 794 10655 20704 1041 32521 7261 26444 21653 35975 3228 18989 10298 3546 38858 29730 12646 21283 28354 21895 789 21940 39192 3622 13550 6547 22576 2403 19900 26334 29093 36366 36487 16920 6058 14158 13523 19500 7990 24535 26422 34011 2211 20842 14705 34618 18310 35184 8712 28128 4963 27283 11460 6882 37632 21146 20719 33430 35897 306 9987 37626 3886 19028 16388 29180 19293 28221 37024 5776 8960 32747 16442 2744 38505 2181 31096 39256 11262 11485 26188 21932 3120 10757 10394 5376 11617 5806 26539 21918 3698 27446 39827 36270 104 35081 31114 15681 15540 25402 22154 30713 38025 37803 29993 25401 20009 3106 7692 28473 15016 30794 12702 39443 34600 6916 10360 29540 20674 23811 16250 34205 21836 30174 30314 18759 21253 14278 19570 13074 6400 38211 26213 19532 20403 33519 1300 23803 9846 4388 5152 12026 18213 22091 15426 33451 10384 33798 9253 12743 5336 29096 10428 9985 9368 30072 10401 8990 886 16734 25062 13372 11651 34495 9423 10524 15496 21325 33416 3956 39411 7034 21537 10291 19180
32030 24845 5197 23866 196 9450 8305 7988 37900 19953 13718 19907 9803 23984 31894 27425 35344 16509 9632 13080 26968 32389 7122 35803 18580 4606 15749 36352 33573 11981 4630 15389 21413 4796 27927 38790 13215 21794 14882 3385 38949 23060 20658 39143 6176 28990 20936 38383 30450 5789 2926 1376 33100 36502 12821 38766 18843 24094 8400 12499 27134 8835 5444 9526 6937 28680 8839 13664 23777 18836 10365 26440 2888 22136 12476 4595 25886 10822 5948 36788 34151 10208 32340 16036 6368 31067 644 4431 35060 6259 17673 8099 23449 19838 16616 22709 9004 39349 36193 3004 28249 31033 2467 21166 10662 10246 31889 5076 24237 13295 6168 25628 30556 1891 5649 18280 76 3840 11053 10249 38137 5120 9056 3314 17075 36466 3249 13293 31233 26386 5013 2180 13289 1866 36310 31225 29365 10716 3706 35666 13026 6782 12527 26347 16218 24689 28114 29794 26719 23029 1141 6312 17219 28874 34738 32162 8232 8265 2678 1305 20102 36888 21167 36128 37556 36895 2469 4577 27243 39888 26982 8570 21856 31483 32965 37065 20219 21230 37805 33390 33474 33595 37707 35651 4036 11278 27694 10442 14857 13000 27522 8431 12857 950 31372 38734 30525 7933 38071 7163
28662 24910 54 29236 29287 8298 5172 13611 28190 20925 36473 35209 4413 19117 9269 2810 2465 7431 1066 7453 12645 29621 14814 8668 37771 19437 24922 15100 147 14701 19113 17330 15706 35227 2723 756 27867 25342 336 805 8743 25009 22048 17407 15014 15471 5634 25318 17351 24015 7486 29561 11413 1265 27578 33833 13423 11581 7094 691 24532 11697 39108 9292 21046 23759 39413 24186 27004 16451 24848 11973 33333 34732 9070 11101 30126 2790 29629 27044 2316 11143 39289 5715 12915 19481 37710 4477 14039 24765 35258 14306 28177 4293 2383 31192 6505 29974 5622 9219 33801 2319 25196 23125 25082 5550 15483 18125 37202 21010 3070 870 24707 32258 19139 21304 37248 2172 23027 36501 11195 7449 16277 14817 38370 35921 5608 30015 26774 34763 31441 26949 8899 20092 38847 29548 9573 21065 21669 17954 36003 29948 12870 37209 34131 1554 28333 32986 18270 34758 35275 31126 19832 25316 35053 15449 11408 16972 10155 18256 9938 34757 5547 132 24716 3691 9658 17303 1288 27018 6367 30283 14993 24428 26904 27395 27955 3882 20565 7510 31993 17698 28202 30763 18733 9721 22175 10303 9917 24472 29025 27032 38557 21643 34383 1885 27605 11311 27668 10025
10136 31065 6122 33515 13652 6025 3428 4481 22903 24134 3067 21602 35240 34174 23288 39389 22949 21536 20482 4888 10212 32917 35268 38433 10244 33527 3181 160 28260 25151 36959 37472 36818 6523 20228 7400 37511 39360 19120 5371 16691 36561 29005 16038 5953 26500 34595 27827 5668 13837 31609 36714 8662 23011 32650 15019 36969 37790 5263 33937 25719 28965 33015 34405 12999 9638 7684 20597 30955 22852 29075 20034 25800 16199 29595 15578 22636 29763 27573 19910 30336 10158 26488 23274 630 16173 34718 16303 29511 36277 16590 6714 21411 15420 35541 18811 22517 8110 33485 35018 23087 39975 34928 37237 3731 33656 25758 5787 12787 23406 908 24211 6336 5792 11202 21061 20381 8008 35460 19327 5180 16025 29941 30644 2837 8169 28930 34375 36127 23723 17285 5490 16089 38765 6371 26847 26011 5728 38739 32870 33905 30697 38744 30103 38338 13119 31651 24849 16015 20545 38968 13492 33475 18982 26727 30785 17328 24798 39495 38886 8696 12580 27566 13229 22904 35932 26548 693 15094 19781 16846 16433 31876 33868 30160 3046 37203 35506 33813 15678 4898 26081 31794 21857 9535 30683 22242 13592 17787 35086 24057 28152 34182 1338 14523 16559 370 24354 7300 39889
19924 604 9749 37470 16117 26131 24859 24173 7642 34533 19195 31218 11890 5069 18944 31911 12453 5083 29574 30704 34235 32672 21191 25834 39940 31127 29077 19582 9188 35102 1585 36255 24930 13221 21448 77 32743 25411 26100 16898 3184 30655 25027 7154 37293 33234 34128 18187 9908 21312 822 38453 25341 37751 32408 38593 26843 19380 17284 11603 1099 29197 29733 2270 28955 20140 4890 39331 18549 6623 31302 5304 39830 33158 10376 27387 11189 12155 29826 13640 23679 29314 14637 10048 19223 25336 31055 22881 33266 20526 12647 19807 39213 12852 38631 25055 17639 11600 18173 23590 13152 22111 20477 22206 9408 34066 35757 16962 36408 21131 25075 31004 39808 18129 16447 35780 11912 3768 8500 21444 37573 17202 36791 10835 20581 30159 38052 37395 16463 9700 31206 130 19239 14447 30965 26044 10332 12414 8572 32629 30504 11406 2775 31049 21149 17599 6843 33704 2965 39247 37938 27871 35799 5587 37907 11103 9555 22065 11457 4900 31770 14787 11060 26054 5256 7573 38539 33498 14245 37627 38999 36498 21119 32611 33073 27531 36320 27651 39834 34541 837 26226 19793 9857 20648 35112 7608 29431 20254 537 5124 1603 26722 35627 1822 22759 29880 24822 26661 26310
7380 32325 1668 1886 80 38212 27006 17609 27333 2905 2564 14072 33327 14760 8234 18081 18838 23261 1215 13471 18819 7368 16884 6075 36251 15696 35399 8021 16110 32170 18434 23266 5761 534 24445 14606 36920 13458 31304 14954 38748 27667 5147 22162 11540 39015 16429 19539 34939 28866 12978 14383 3623 37051 19511 27512 28578 14590 9790 6006 17133 13424 17861 19132 22652 37812 17781 39156 27958 6012 19395 33827 29597 30675 17888 2110 28747 20812 1840 17410 21595 32942 13875 3819 4365 22953 30985 26988 20055 19261 32253 19890 19281 204 9649 36092 25925 19032 817 7650 37574 18655 32926 34439 7488 5892 13852 12993 8583 34480 12834 18167 4097 4065 13758 11653 36114 35317 28426 7012 21117 17115 12308 20904 8972 20617 19671 13829 18335 24918 1521 13999 33564 26375 16021 17442 4211 31566 8230 39604 7403 18716 30418 13578 14704 22125 26861 15131 28065 26867 11993 7040 35850 20487 6070 17774 11183 19991 34406 17704 25481 36706 30922 28731 1179 24001 10769 27088 35912 11028 10127 2779 12517 25981 13257 17224 33984 35594 18671 11509 36928 11882 31358 6098 23823 20359 12721 31198 8167 33033 8716 15747 10968 25695 38712 1409 36160 4863 13785 29355
1831 1600 3069 38350 31468 24855 1447 4067 33402 38470 15651 30841 37474 7507 37739 21807 38367 26967 16065 34515 475 10318 20994 33220 21990 4372 8522 3062 36420 24627 12943 31226 4332 9323 17802 36302 27812 50 10300 8925 4927 18012 26247 13587 24188 14286 22670 33055 29755 6044 11306 233 7103 11472 29781 38861 33156 36071 39177 8753 3522 31273 22855 24344 16090 5279 26575 37868 30478 18472 12441 27321 16247 35295 10525 35515 28574 8490 34554 675 38900 24847 30268 27170 27302 14146 33913 38702 2233 3322 6798 10207 38932 19629 25854 38568 34836 22572 31717 38761 28537 10105 26643 5596 23641 21268 6946 688 10500 25005 21742 27064 23000 31731 13182 9516 13405 34267 23785 12668 8449 7043 11072 16979 13655 15818 13404 4009 26570 26017 20519 13520 25820 37942 14363 1227 10223 21859 18709 21025 14578 6614 33970 17522 24152 11889 14530 28419 36016 28919 3612 3959 27529 31883 32080 20130 17307 7891 32240 32099 22993 29695 21858 31612 2600 26353 32999 15797 7681 8926 32988 27403 30150 33863 39968 10076 20670 24200 4587 17872 59 35079 23717 10969 36262 19990 15677 11194 26485 39916 14485 4506 12779 14432 23898 24025 29209 8125 32098 10064
24466 18292 15275 15259 28706 21720 3759 641 38525 36494 11137 30743 28051 32798 5038 33273 11903 1171 17587 381 27775 9618 21315 20450 21092 27325 36530 33224 14689 23395 15283 5497 39812 7907 36843 37895 2277 22043 28033 17014 26886 33561 23095 31576 31418 29181 31562 20447 25042 25477 8140 7384 31466 701 14834 26115 39514 15655 24690 20535 4241 38564 5449 16394 36644 526 29033 37362 36339 31788 8658 36435 18024 19134 2783 12426 11291 36891 4374 29106 35986 25804 22705 22346 34819 32985 10313 24131 29081 1428 3505 39325 4980 2576 38151 4574 2171 22404 2598 24198 20026 14370 6907 29249 34669 4393 6354 131 19246 7071 10228 15086 32243 37180 8908 621 7671 32610 33452 7699 22878 11299 9895 17072 7264 38592 3846 35048 4231 18137 38144 37688 25194 1224 19317 35847 28880 3520 27886 13376 12816 24595 17338 17536 38281 7342 33137 14623 25396 2539 6335 13514 19666 32699 19765 9149 36531 6186 27800 20632 21479 38907 15913 33302 27013 34791 15543 31772 26112 22097 31136 24536 37660 12935 27143 27454 30799 39038 6236 25846 4862 5739 8192 5383 60 8882 14170 24669 11868 29482 7472 20584 13569 34677 32260 23963 18242 18422 37921 646
21958 4000 33558 33136 12100 22047 31204 6527 33568 27915 35821 14233 7942 9157 16100 39882 3744 20307 38325 4125 17051 32272 5889 12383 1564 2752 733 16198 4572 37505 11297 4758 14719 12427 24954 33112 27535 37220 33862 3693 33228 2665 7796 39058 3602 28669 7588 16242 8833 36057 5186 4877 19344 39104 23582 38297 36214 30654 28372 22255 20742 20827 13683 1495 15985 14694 5950 39980 3654 13601 21915 12078 27445 19826 11070 4479 35647 38967 9312 2895 16675 2849 5594 15139 28191 32527 2130 2670 28712 1867 12511 13071 17869 23154 30463 34911 20144 31545 22845 16897 12690 5533 31281 4713 31708 32535 21993 6544 8413 35781 27802 19517 15832 37131 7527 8307 6537 36394 34856 32039 6658 1962 35926 30383 17703 15457 31967 498 27175 13122 11597 26487 9848 13015 26315 27204 21359 16632 9118 20047 25598 28044 23379 31726 36328 15168 39501 37384 6936 33114 21789 28840 4950 25866 17373 34789 10804 7155 30275 8637 34411 14762 4182 7269 16683 1661 16109 11964 16606 5764 31528 19362 5470 21803 37066 21936 19966 2261 1473 6061 38483 31130 35299 30203 2112 34416 38849 31582 31180 18684 24940 19123 20471 9500 35326 20178 1043 30934 36479 28848
39263 4089 23487 9338 10783 29379 23883 29529 32378 26265 7075 10338 10745 31723 27267 2503 11585 22675 5334 27492 25942 32763 22100 20058 25188 39298 22585 36279 35426 8818 2797 16858 13756 4994 20159 33788 1251 15640 18350 6057 7745 18062 12933 25378 10980 28916 25902 35642 32831 32037 36142 10134 2134 17626 19502 17060 9374 5260 25763 19469 6315 24243 19921 32765 8675 6927 36418 23429 9132 894 5428 18010 27223 24111 23337 3243 4443 24099 33338 22344 33014 20621 30611 25629 15025 34309 8380 39043 35290 2605 22907 14279 34968 29721 293 32992 14272 29031 25045 37311 10735 16494 9002 32941 26343 3596 8092 30918 3476 8300 34130 34061 36597 3854 27699 12208 38679 34173 19334 5818 13383 831 12989 10168 13586 35991 4377 13049 9845 5344 7312 17502 1377 36739 34760 12377 635 19975 38666 27083 38197 37304 25832 36520 22 1859 39570 25168 3122 24863 35477 3662 33722 23493 32583 27658 36185 36012 14342 2938 8855 39930 5667 37734 36762 21797 11450 29226 31328 38336 37967 31765 7596 11402 14910 25491 7461 14949 30023 31700 36810 23194 24898 32405 8384 347 10588 19418 29812 31164 18344 7293 34282 12515 38938 24821 2494 30163 23693 8441
5947 12729 21638 18515 4558 31405 37352 24908 14824 12881 10575 26170 18613 6268 2299 11230 11601 28740 4454 39962 29243 6305 2390 25774 31470 23021 39103 14707 19097 7833 1536 7358 15942 12826 17928 32149 21569 17383 2493 29936 30732 26087 21792 4930 34524 2173 38723 34097 28721 19501 39232 33124 15750 37916 3001 20151 33484 10571 27725 29805 26191 28694 32075 33131 18888 10616 2280 37952 1040 38378 27072 23699 32351 36387 4874 8136 11828 6413 2154 18650 39509 18840 27309 31616 501 35622 34981 25497 30137 6151 20268 38716 12408 19125 15593 27503 34476 20030 32745 21597 4134 39538 711 7572 33237 37356 21103 3889 13238 9084 25585 21383 16295 1311 23700 32857 19678 32835 35379 9459 6095 4809 23396 36393 35111 18002 34266 6700 3646 5156 13488 6701 37475 21767 28220 5549 6598 20464 8096 36804 24837 28645 39476 30524 11247 18483 21900 12501 2288 12860 17527 20883 22245 11362 28345 24112 525 14621 10534 36235 22081 8593 22614 1050 34762 13739 29113 37349 38153 39854 27940 9775 33203 3582 16339 29049 19472 34470 13153 19102 26815 17916 32092 22216 6108 4395 15829 37112 25670 1810 13561 37132 6747 32168 26546 38020 14065 8139 6990 20972
17649 28897 36909 38210 5389 1296 14183 3163 32767 31208 14906 15568 20720 16308 1261 14257 22634 29591 32533 14687 25499 6792 36425 19456 20639 26584 28522 6416 9075 38136 36994 23603 12259 29573 584 35834 29220 13398 6899 27880 32545 38394 9411 17195 14698 37839 19178 17295 17294 30341 27119 21075 17421 8365 25226 9147 24048 1696 18640 16986 10482 36247 19233 15531 8210 3363 23758 3076 37998 31220 8836 29396 12201 30488 26434 17310 26454 2673 34027 38024 23109 10678 38457 10003 14265 23727 21077 8066 1632 5473 28885 35755 24677 29272 3542 18548 5735 24722 26821 4778 37041 22707 32949 37091 16237 16619 14348 32446 27341 27413 28695 3060 15680 5693 32912 30604 22228 30288 22763 6470 7213 12121 19603 38125 16817 30550 30312 1309 10808 922 35942 25393 17365 26788 26604 4559 17766 10737 3837 19947 31083 15920 26950 36584 21883 19182 9978 15268 715 30181 19042 23227 13942 795 35793 9287 4438 14678 13967 17047 7875 18821 3857 36861 34606 30286 10712 24080 31666 24446 149 18909 31009 33436 32213 22729 26406 30045 14642 1120 8466 6588 38554 21972 24356 21547 13575 17630 36897 19989 33902 19903 15560 4452 32641 39139 5898 36155 35735 11142
22441 2406 37722 38148 16334 307 10126 28019 26716 26614 32395 16491 12313 36201 15099 21888 4464 35660 302 21762 26868 35965 35466 20075 23711 38837 18891 7217 37005 22908 8372 37758 12395 38377 10885 4011 820 36738 38421 722 14481 26648 31778 1979 29514 19115 8929 24119 6797 35526 7476 39121 10536 29874 33938 5262 29752 4856 16254 33844 28757 21816 30544 31070 39444 21634 15395 22468 24238 37891 4677 5046 35389 31409 24083 14568 8499 17131 30581 12172 11961 31517 31448 21835 8848 6568 4525 33200 27864 38032 1186 21941 21300 26157 473 15325 2955 9798 13044 17249 15222 13548 995 34916 29920 25678 39150 24527 18387 16551 6681 28492 15333 32488 35667 35600 1132 37337 7473 2205 14781 5219 1712 32073 35954 21105 25500 6754 8014 28531 11923 7270 28289 20339 5890 9979 7630 29311 35871 7118 35237 7739 8297 11724 15103 19926 15271 2121 7656 1737 29538 18210 19300 30101 36884 24506 5775 34904 18725 18872 7639 35252 8457 3397 22863 37098 15831 29352 3094 22552 10510 2485 12266 7726 14974 33285 16008 3730 29338 20388 35640 39377 26973 5866 23661 25549 22599 33928 4147 14811 38230 29086 35762 38624 27753 13401 5844 31115 8443 338
7123 37588 19124 38797 266 7126 30648 717 3856 8641 18304 20405 17842 21443 15455 3393 12038 28447 20696 33931 13414 19626 20946 929 33972 24277 31831 24381 38962 22632 2902 8488 1967 23314 8562 28341 32793 13713 13874 35489 6447 33307 21517 37111 8971 13184 13972 37198 2032 19771 33401 37819 11619 1744 2044 21410 1736 34105 11785 38746 34064 588 35147 5949 34919 33135 18826 28435 21780 25153 30058 11324 22164 5029 12452 3686 1615 33671 6759 29267 17925 12820 34539 25538 1708 21800 39524 32916 27790 28995 5602 17411 14789 37946 7444 8444 25038 26078 38528 4264 22754 23084 34284 17538 38225 6238 39726 10691 24631 20395 28273 12287 1875 29866 14661 20739 27769 38351 32735 3963 37013 1402 10512 22014 13748 36224 13079 8494 9195 743 26243 3888 13225 19716 14855 23257 5454 30810 11662 2929 38958 37105 2990 23793 26305 22381 39983 31058 37543 15507 14145 5929 10669 32727 33040 39305 15435 23203 3323 28750 17618 23655 24441 15916 22821 34434 7967 28945 19324 27635 38087 35605 36324 21751 15876 32976 8224 25575 10328 39244 19393 31567 1019 20290 35168 35530 31743 2964 30301 21925 32993 9261 34157 2400 5530 28225 19757 22813 10509 14110
37058 28502 17876 33274 25572 11524 25442 38322 1335 36461 26144 39850 39264 3531 20878 4604 39251 22390 35125 12434 6543 26552 17669 5154 13741 23453 28239 12430 4168 34451 1053 15667 17964 18493 29598 5378 18737 37898 20259 7703 30467 30784 22889 35924 35266 23315 22141 21587 15185 4982 7437 26962 3008 37238 34122 16484 35435 39933 19366 9107 14860 10476 20570 23903 8949 29403 16428 15586 23533 8909 39320 30472 3463 6039 18414 22321 33172 35170 11336 1006 19725 18146 13410 17265 32553 4179 18117 19977 22897 35734 35739 5441 31713 16408 15071 7316 11315 4203 13839 15347 21877 720 19346 19998 16482 24373 8657 483 17862 35968 3503 22872 12217 19313 39302 10305 23594 3312 29497 27872 1576 30681 12131 11193 29182 29266 39311 4745 360 9521 15043 25360 10487 9438 35864 38261 11308 10519 33421 23332 26004 30742 21373 11705 35243 26748 5856 37837 8983 21495 2668 34350 6428 2060 14686 31025 16314 35637 4030 19311 32057 13301 11945 28063 4478 33449 38658 23210 19617 37463 36521 6020 5363 6178 27002 35099 8676 24874 2529 10897 24935 27029 20190 36841 11625 12406 38616 38051 39833 21017 15440 25444 15944 39313 13273 36044 19054 8160 2500 24510
9977 5226 14070 34592 38413 28007 18506 14511 36992 15193 38355 2742 37152 12839 4542 39588 28679 3239 2165 1483 5886 18550 4765 22041 9984 28052 25192 35241 14064 5130 19908 20179 33110 3824 4040 6187 35632 1815 29235 21409 14326 27027 11044 3068 16585 18171 24101 26798 2607 8104 35867 37537 24646 33351 1926 34703 12363 6153 21812 17678 39939 21538 14961 22183 27959 26835 5483 39216 39853 39452 26663 12600 408 36162 3792 16004 38286 34447 28262 30019 17016 7113 20989 36991 29465 35845 19295 6733 18736 7016 11623 26020 4062 32826 16023 36679 17404 26624 26572 14968 28730 31368 14985 29221 4702 28047 12178 6825 7634 28160 21769 9785 2543 12069 22700 23238 32899 13691 3460 15652 26717 21127 677 23225 14310 35463 19788 6144 37845 21592 13175 33176 23532 4047 12667 10153 36484 13276 29712 30494 5940 15953 4044 8651 28185 26984 22655 34536 20532 39553 31965 34559 39174 11615 17483 21157 29422 35649 32877 11287 29240 27896 18981 38134 34845 29462 25637 29483 18786 22508 21357 21145 6292 30360 20485 16189 769 16970 18316 31176 11059 19951 9920 26892 24672 30717 33147 20527 15142 31411 35475 9783 31386 24818 14556 36758 16407 7577 1909 29349
3492 3893 4798 38143 17096 29344 31863 22099 28002 14385 26289 38127 25823 33139 36469 25590 10137 28484 32959 38217 36914 16544 27755 33013 17435 6252 28594 6177 20504 3009 6074 16640 10504 33627 25057 14604 3587 13290 5928 37434 37570 12232 36131 38196 24564 30065 37208 17550 24335 3581 28936 24974 32875 30772 29614 3848 15402 35786 26 4593 4750 9048 35842 6499 36627 19400 18045 16774 28280 24979 15249 17102 25159 11400 38880 23783 38759 27472 23933 2922 3982 24490 28935 21218 25421 568 20693 26479 27197 39024 36525 25155 11231 35830 5629 26283 39558 35155 4612 34844 38226 6783 13144 13539 35187 4208 38760 10975 18398 10709 33914 18879 20066 29417 1130 14050 12348 24359 9085 20697 21896 838 36712 20421 10297 24389 33084 22969 37114 3574 31949 21074 19347 26793 20724 28833 5362 6345 23006 12757 32133 17822 29324 499 26413 24216 24065 2237 18546 38713 11606 7802 9907 9819 36710 15607 34774 31122 11707 36745 26043 17650 7320 296 11284 29438 19554 29444 19988 23892 3942 38846 20149 12296 6247 16280 4383 5900 19016 31626 35865 15870 37757 6762 36790 16843 32293 22795 16212 21944 14539 29477 21240 32730 39616 17696 10131 20063 2249 29166
29499 10312 2260 11498 33417 14162 38657 23073 1398 1679 18203 33091 3487 24819 37382 23672 5540 13925 7770 13297 24492 27975 16859 5922 17395 1128 22288 12698 1665 11714 14458 3668 17683 34494 32212 18340 16797 23026 37278 11801 15088 38376 18837 11805 26152 1649 6449 12460 7694 874 20858 18863 20430 38544 35638 20797 4806 31139 13886 16045 19002 16637 31415 25129 35343 12379 26097 2203 36814 31738 32470 6213 19409 20515 15371 13100 23365 2924 13855 7587 3863 1422 3788 19914 30075 6394 27859 11455 34181 18955 35763 24679 16842 3012 1477 854 30166 37379 19865 25717 15079 25234 5834 35522 37685 5287 14231 39250 10869 37415 93 19322 20021 30289 16702 12795 14083 28818 11812 8682 18087 11862 8961 13661 31892 10038 29608 30047 34549 10317 1916 24740 4261 9380 28143 29385 22563 18782 32808 25479 24165 27632 37263 34598 23081 5020 17229 20062 1156 13786 24666 22230 8614 16379 15826 35807 23925 28457 24158 1209 28006 7824 634 22582 34635 31603 3570 13394 37901 33037 8250 38594 12995 8029 11782 31334 12062 38354 37893 23767 32732 17007 2566 36266 4744 25931 37192 29371 24127 7926 549 8959 8493 38167 11279 33577 19867 36229 15068 17967
12284 39465 38276 28115 3438 21430 19739 14234 35970 16885 14619 18312 518 25946 8397 13332 25816 22931 27182 15583 24034 19672 26279 18424 36103 14991 9177 13454 32255 1734 8079 12149 12428 21392 4851 20800 768 37196 8984 13621 35558 35101 27127 32320 8808 21345 26221 5174 10797 36024 13562 27641 16862 12800 5310 39845 10609 22899 10564 38653 6511 28701 2369 29766 17278 38263 1464 4505 6060 31111 31120 8238 3047 35601 33105 11440 16732 25669 8343 27877 31181 20326 10199 12423 4785 14714 30978 17027 26612 27997 3178 19031 25219 19840 34356 29039 12320 22571 36257 14820 2602 10236 29398 13016 26002 22443 20745 38553 8861 29599 15011 19431 31665 2682 35437 25276 27464 37753 3226 6920 1496 25428 23522 34667 15370 31855 17585 32904 29484 32163 13806 10914 528 32754 24705 14113 11241 28673 2784 2632 33284 31376 11602 36886 12793 22029 21591 21682 5731 34116 16332 10732 30877 7011 17818 14826 8239 2958 23649 12892 13462 39426 8749 19280 3029 34168 26415 22018 23063 3762 1328 36431 28099 14044 8089 22396 8336 16050 6117 4124 23763 35715 21391 18621 9653 31364 9397 14894 21488 4859 38583 11751 26395 28440 21737 27172 20371 17124 24680 7524
20961 20635 29141 481 16933 9679 11456 9427 31 20655 6297 9317 33802 16864 32882 18794 37076 18400 35110 11403 32153 3735 30733 28219 39318 23269 6487 16240 11286 33003 14953 27151 1189 34529 31549 22894 10965 32068 718 32344 37843 11700 1591 20222 10450 476 7917 21317 17444 4196 33213 33668 20325 30208 21799 14451 30259 963 30013 11157 39364 2238 39093 35498 37940 16699 32437 1027 20826 20982 6200 4169 24081 7716 28978 30712 18749 4048 16670 36963 17730 37612 36313 28921 2947 19748 39874 9189 35424 28028 37973 37435 1324 13300 3378 23388 39230 33770 22226 31809 7848 36796 22366 27221 14629 27284 300 30854 21603 3374 28841 9713 15120 5290 3440 31951 37140 29662 11346 39774 37483 7190 1955 37856 9856 7964 17768 946 19631 1505 10623 37087 25684 18113 29771 28668 7847 20360 703 10051 36660 14527 13804 11741 23354 6482 32627 28163 15214 967 38538 11185 29410 27471 3881 32007 17651 30938 39470 33096 10982 27094 27186 12396 27579 39025 26467 20108 27988 36666 21426 35083 17718 37000 7957 31529 36935 18161 37223 17865 8711 37215 6988 18595 23954 16435 13151 4686 6385 17237 28550 23957 30444 2301 16760 15850 9046 5720 761 8354
37902 27737 35453 13966 28264 18787 33298 3345 22399 33555 20206 37080 27941 39597 8781 15407 38311 21560 8473 9241 22195 28792 2254 16814 30621 8694 12043 887 27532 15075 30634 18509 3716 10515 37063 4177 23808 28043 38233 24605 32621 35123 35202 20235 18536 37749 34134 13415 21221 12469 4387 35615 35980 23098 31933 5579 10497 26897 11571 26761 249 15967 29155 22204 24337 9612 31923 28898 13602 29722 36105 7830 2241 4500 29718 10617 35065 39193 28829 15287 22703 32422 8497 8161 19468 22382 18958 14350 13437 18712 32012 18148 20079 4403 21786 30894 31701 19457 27486 38973 16144 32370 11046 8076 29274 36063 2871 21980 1254 27822 21539 21497 14174 15489 22410 24875 8628 21236 30718 29641 26626 2580 2870 18663 11432 26412 2151 4585 9716 36696 5959 33858 3081 1680 3467 5404 8728 1819 26998 738 16267 3743 2258 3091 39647 36354 37634 18199 31069 25527 19752 36191 10981 15257 9066 7374 31094 27526 15130 35899 31217 2646 16417 7946 13653 5023 21364 8501 23427 28238 7767 15862 4287 23646 3697 22503 20807 20938 24964 13880 21948 37189 29545 7372 28883 27986 7593 27196 8719 24768 13013 139 39560 32190 25584 10395 23124 11477 15135 24196
26317 38074 10852 20794 38341 1552 16805 8377 1753 22641 3048 24244 4835 24232 38395 1417 12785 99 24591 29206 8591 264 28068 31088 9782 4341 10255 8371 15337 1794 4087 22300 35766 10995 14309 12592 19510 33010 5214 26126 35001 33270 10001 2431 4189 19424 35320 1399 29008 12619 36583 36460 9539 31268 9523 13622 36046 22401 8947 26909 25308 10705 7331 15963 20293 12663 23570 2324 26058 22411 34333 17300 16169 18147 18046 18216 37251 33508 5095 14192 15808 23697 18752 18890 24422 15623 21154 15126 27095 17705 26828 9937 36624 17540 18847 21458 37559 33535 943 13700 34231 4894 24471 30761 1540 24364 10104 36870 9139 26130 5356 24896 30723 26890 27053 12736 38570 39966 22765 14546 2985 33620 361 18960 4933 30678 18311 1985 11254 31462 17558 10084 11303 16296 33609 22761 15344 34676 7178 29493 163 39992 11657 6901 23442 25471 15078 21531 39797 4491 31029 14576 25108 23424 18535 31184 20192 5218 8220 8003 23505 8324 18309 24415 7851 9602 22965 24753 3454 26669 15527 14017 34883 12887 29796 12484 31159 14172 21671 8674 7402 8877 13055 3801 8195 4492 33379 23668 16875 13814 11533 27533 5755 997 35621 15416 4152 14663 1346 18262
34280 20224 857 27922 12031 12435 586 15700 22627 1184 21362 33431 21212 26423 8378 11246 3330 9288 36932 2101 30185 23092 37919 3726 29498 37499 3901 9144 24460 7260 16940 29885 21121 39284 27884 18006 79 19783 9339 27943 6943 21196 9133 34585 33775 32412 5523 30317 29516 13017 31294 6884 37826 22612 30917 39568 23228 811 39694 35961 30971 775 25906 2439 11750 9551 7248 11203 35910 402 23039 24023 15880 22092 11122 38317 4080 10984 12858 17846 23695 1032 33324 24693 2410 24877 2139 2511 32094 23680 21532 32435 9064 9731 20480 13694 23440 30018 33222 37764 18798 31861 38905 24971 28641 32643 34544 15691 35335 20882 8027 3567 19142 7986 16565 8319 2773 9414 29510 32342 7953 2715 6076 36772 4318 34605 28095 8254 23987 1160 12910 37533 16599 7332 16929 37252 23788 35253 5767 18977 30247 21927 29782 30647 20279 31959 8386 16587 37571 5126 29300 25673 31853 12500 25709 37899 5853 11359 806 24037 12382 28691 4027 13288 5542 3176 23542 9386 33675 530 30690 38273 12290 12899 36340 25305 26388 2531 4893 22355 19756 26712 26308 34658 25227 37159 29419 27687 36906 29760 10964 4629 6607 14512 23710 11819 6143 6181 6240 11956
25447 39 29250 32657 14779 1248 18073 23795 26256 16816 15327 35000 30957 7129 30731 5022 33893 38966 5716 1506 10176 9356 32746 19049 10359 12055 25747 21929 15450 29832 14240 37094 25753 17078 9055 32529 26404 24710 4458 5114 16567 32824 20158 15714 9201 18071 10391 38208 3007 1610 25582 4017 19020 15638 22788 14323 5440 23744 16796 26340 3253 25633 10468 18195 9399 14317 16791 3977 15303 20006 3725 39203 28667 4016 34396 39954 524 5516 38231 14380 37575 9793 12269 12599 13773 12179 14253 26686 16148 16413 36532 34347 18994 12494 19709 25504 25420 26414 36615 33384 19471 33740 25235 21210 17844 18200 1756 19592 35374 27745 39707 7740 26769 5007 34684 25608 24957 37179 23580 3021 25741 25314 33942 26241 4061 7759 27544 25867 27291 26245 11759 13519 20187 10857 291 492 20419 16488 38259 28878 30086 23536 18453 1426 27244 24617 18099 34346 35588 32858 17963 30192 32547 39653 34086 25769 35507 8599 9939 33183 2334 14566 24960 30513 6662 6742 12510 30539 35180 29775 1599 6226 35542 8171 6288 33154 36740 14133 7989 7704 6974 34979 27424 2536 14043 13400 36951 12220 7771 32383 39007 19165 29325 36968 20853 21266 35342 29648 30050 23964
24489 29297 15717 26767 2676 12546 9997 36778 18451 26980 3362 26620 38747 8246 30211 3154 35210 24576 22028 38028 6273 9228 23722 18776 2408 20454 26501 31132 32140 35144 2904 16631 3299 30939 6170 2175 9772 6163 34572 14756 30020 6964 19136 7658 20495 20976 20196 12267 16563 30149 15760 7870 24870 30235 17136 24629 1970 29978 17396 31050 23725 34891 31428 15423 17945 23415 19181 1578 4244 7046 31711 28188 25472 24661 8594 2857 23944 25429 1878 15430 23876 442 8472 11380 37962 29761 37636 7732 1789 859 24120 15500 4754 26571 13529 22496 31312 4892 1042 17628 4608 3166 26471 35998 29356 7150 18698 24355 39187 87 4517 33684 200 27400 21104 14528 29469 13511 11486 3868 28478 16140 16498 18039 9073 16422 33752 19329 15601 12825 20737 33968 16251 32919 34627 6631 22485 29276 13940 39670 5274 28635 15732 7359 17296 33965 33990 25358 6318 7462 4810 24398 6724 11818 30806 29878 35381 4519 26403 29842 5039 9247 26338 29639 27260 32567 28967 31962 24862 23196 10037 34297 11901 6091 32866 12023 866 33772 3329 4710 20744 10721 9182 31063 26842 8635 27068 14595 13402 21431 13037 6279 8475 33373 1468 10574 38609 451 21811 25221
19649 22712 16003 31782 15278 37678 23853 23148 31688 18298 28790 21790 5153 27657 563 10930 27558 29963 2764 9341 28494 36400 8887 36803 36862 32059 18104 26887 1434 15974 3524 13521 6503 18722 30228 19817 27104 29174 28637 29625 3183 12066 18979 10054 39605 13112 22015 22911 15076 23556 39113 38132 29883 24924 7351 30345 5503 5777 13087 39606 19932 37370 2160 32050 9675 13111 24793 3459 11844 20500 16768 38361 34854 39062 21747 25330 16561 9250 6275 519 22098 38683 3185 9505 32119 6859 30152 7106 22339 20606 38007 36652 16907 26463 35193 8757 3432 16935 10600 19589 17848 58 32931 36424 24416 23607 14665 3644 35165 19849 2300 25908 25209 5749 10906 2979 12654 36446 12229 29148 11511 2544 13686 7570 37681 10241 32455 17715 21418 3703 31995 28444 12869 37853 26010 33238 9896 16181 911 37908 26095 33188 992 1405 11663 31973 7056 2722 34526 17952 38405 22190 27353 35680 1786 30046 24 25135 20786 37466 20789 1571 10913 9030 10420 35139 839 29955 38463 16718 32121 13344 31292 37219 24558 10902 28117 27716 38670 2822 24695 1723 236 2592 28056 10541 32035 29589 22981 23975 38176 24458 2074 20885 27724 30187 11880 16944 17272 20942
4468 38091 9864 27950 10172 27288 21474 36851 7240 3000 4831 20037 6016 6289 12478 18421 24613 3958 27767 12433 23930 37224 26364 22504 37871 23217 11656 12587 16203 23267 4596 24432 34429 39280 17065 12634 8789 22297 31945 39619 11918 28210 10187 29115 31010 33316 8621 25992 7730 11421 36129 5908 35759 14078 23083 32856 25971 29012 22688 17823 19490 39181 1199 5242 32515 11678 14747 16615 631 20861 26527 11587 15970 14147 25390 6137 39931 24449 38995 23132 37875 22838 10486 8817 33309 14408 31371 18700 682 37862 28804 12280 34239 13675 27562 16453 29773 10880 26400 34873 30256 35591 5230 832 9792 29135 16052 14647 36359 33958 28549 37712 34995 10514 4480 23287 13326 1652 1344 16591 35351 6911 18985 25145 8547 3859 12462 7338 1686 25195 19643 25609 22979 37456 24944 25089 34867 11763 31015 21307 25126 5166 3321 10336 1779 32536 660 33837 21178 39269 37221 16495 12682 14630 25524 26647 17658 22554 30836 5859 25939 18887 19808 4746 15805 32924 5393 25881 34645 7196 23101 32707 9513 31531 30808 2548 26067 26876 22250 12173 39961 4190 16302 33628 5944 10421 27504 6300 20523 5487 36685 1289 19087 11430 35922 3838 33197 482 34166 22677
5278 32626 35020 18385 19634 2894 38839 18407 16363 6993 33911 6557 37255 26972 12804 6635 10036 9714 28080 11260 29190 39430 7584 4274 7597 11453 11444 35583 26217 27776 28584 32311 14263 37439 14185 31073 32903 18220 35145 26297 2100 27292 29377 24402 25123 9560 15361 6087 194 23433 10641 23893 21447 3594 8151 23694 30838 16779 23955 5742 7945 11470 31692 17107 31454 21432 24478 6596 7382 32454 33292 26166 9682 15175 23378 23007 1896 32749 33566 17562 5719 21284 36930 11056 583 11124 27258 350 4949 18910 31978 6332 37115 11139 20269 12534 39350 16894 19035 38163 7414 6518 39002 5768 30269 7202 39042 30290 4453 12333 27674 19514 24257 32689 15431 32832 29569 15190 6961 3685 21655 30537 31419 29914 32358 14544 39762 24670 2340 28512 19037 6872 32466 35080 11461 17516 69 26225 14456 22059 24987 6895 3625 16454 34399 35033 3307 27911 27173 12807 8329 16968 1299 18257 3739 9069 9179 14018 24522 14288 27739 23960 23372 38651 1500 21881 15921 28118 5988 22693 20441 12009 21084 26214 14929 32227 16132 7277 34663 30897 30735 27457 30407 35311 27918 23014 567 6698 29304 33601 27419 28542 17542 21590 4655 25974 5888 2593 9462 29863
6083 20131 33394 31500 3327 37897 39044 27228 35554 35657 7720 27251 39562 36124 5839 31928 12354 39220 26786 38290 18496 216 10381 25391 31936 1484 3992 28414 7219 38402 26731 9715 20830 37071 18544 35999 36259 22944 34753 5744 22017 39893 19713 11166 38997 33404 20104 18813 437 30092 17468 13023 32769 34497 7629 9522 34191 23805 5365 38444 7166 9624 29849 13532 32911 4698 23207 30659 13247 26554 38319 17750 34722 35824 39343 8519 23240 12836 22112 19875 34520 32872 38375 32419 3273 13409 25370 3966 21834 14605 38882 2555 19540 29058 21182 20017 5517 18561 33604 13191 36374 35683 10201 3298 25024 19512 28425 24366 14736 28294 27194 26953 29850 11288 24175 5650 9225 12276 17694 29030 9306 2138 3182 21329 37979 27114 25080 17801 10698 27974 8107 6751 35310 21851 19821 2839 32953 25430 20604 23928 12068 11071 38685 12533 35817 36388 23224 26735 36152 28196 33719 569 35375 24321 29596 28469 1854 134 39585 4530 9563 20310 10831 16915 34044 5857 19305 17489 22234 25165 29227 695 22035 26976 22773 5479 7985 2950 37912 38223 12174 39074 18983 20927 3367 11652 31307 5647 14143 15008 7566 15052 33341 30980 32664 22879 4086 22854 22285 9104
3189 31762 26706 20808 34301 5305 36849 14164 9789 27393 21114 22123 15562 39125 34490 8264 36845 16644 21235 17668 27627 25068 29296 1472 9333 39266 39407 39261 1664 33075 1802 22301 7136 28170 18761 5877 1322 892 14074 4987 20267 11608 23859 22032 1213 24685 14034 7276 739 9577 15887 17565 33980 1401 10058 13453 16771 25540 11235 19253 12159 7222 18805 30615 36084 25745 31890 34525 14693 15770 15740 30146 39960 26392 31628 28254 36636 9966 28096 30970 29869 18306 16185 14529 4210 35813 21398 10451 25286 38752 34841 7677 4958 26249 36049 31822 27995 35421 7664 15041 19425 39353 15895 22575 13160 28558 36040 37820 15221 10389 38203 34320 22649 24820 35707 26116 35206 35068 24004 29047 29804 32291 24399 6912 15692 35183 847 11411 5086 18155 15811 16274 37776 11391 37056 17341 23223 22451 15060 38218 21619 13607 28408 3059 17899 18359 39712 33002 36858 15909 35440 13227 18618 38365 22126 17032 28517 202 7758 5307 31532 20929 20486 1984 31289 15157 26615 29902 27362 24409 29022 6506 17222 21263 18211 36069 26391 16312 39151 16594 30663 30895 11434 17765 34910 32691 24808 22738 33956 14533 1765 29745 39550 26671 34702 37028 977 39179 1825 5017
11373 6516 30869 19138 21782 19092 24743 6887 28246 517 22663 20300 1126 24601 33945 39681 31416 2537 9349 31238 28877 38986 3944 32589 30629 15838 21730 26736 34163 23133 27296 3104 34748 36563 17943 1374 13834 9739 18313 1109 17870 22664 11295 6804 9350 12133 6787 3663 28129 34980 28646 24561 7831 37622 20011 21396 2776 32658 20622 24541 27266 28655 32975 20974 12148 36889 38642 24543 19291 31254 25963 13582 17150 23766 30496 7777 6530 13983 35687 19244 26685 23428 26486 19614 32198 33673 11479 13286 24039 10248 13832 31550 16783 37930 15790 222 38110 34018 17767 17660 5315 29606 36125 36101 27906 5105 406 35103 9484 11371 11558 1628 8991 32937 10021 36673 15083 6555 9921 22546 19384 2193 17288 22498 39127 39254 16298 11832 6389 6705 11798 38073 1439 20964 7568 14864 5037 16577 34499 30538 36219 36108 8559 12545 13935 27429 39468 33102 11557 26024 37247 4588 39789 31569 12 22268 8843 1757 37870 33904 38201 21616 37879 33916 18656 18482 17386 21093 31345 24850 12556 36331 39412 12773 28396 38450 34923 30519 32666 9379 27411 29073 10437 2491 2847 19098 25856 21663 22104 35465 30583 19796 7806 18831 34224 16542 21703 31580 37651 14534
5332 14517 20385 33152 7164 1181 39199 6931 36916 24203 37990 20127 16634 26947 39016 31101 9472 17623 26911 18584 21775 37099 36376 28952 33981 16271 38626 14109 15196 366 30167 8 9018 1551 24936 39235 8904 13631 30007 10234 31303 37295 5582 27848 6844 22819 20897 6734 21586 16605 18701 37378 17370 14237 5674 26013 19231 12606 3051 39615 4202 12042 3042 33079 26779 182 21534 19288 14059 32411 24280 8460 15331 34022 4215 23648 33996 7544 38029 20397 26393 7468 6951 15557 23673 30060 18631 10683 24219 4711 35545 29927 25569 10963 1458 913 25258 17418 1612 7701 37381 28554 15569 20428 8536 5941 38264 9372 11866 687 16939 431 36982 8446 39713 21561 36663 11115 32093 19383 38656 33547 17796 25203 22342 27626 21529 14506 18149 21543 8527 26254 26934 35061 21676 16626 7268 13093 7255 36252 35843 20738 17517 762 7785 38673 863 24118 39914 23907 25355 24825 19534 30243 36444 31274 364 23387 7578 32947 39259 36533 25962 6493 2802 26453 31594 21876 33392 29587 19118 13628 14262 27010 20919 39525 7869 10169 880 2073 22383 21987 10456 21200 27470 34269 4219 3836 13957 3568 14550 38235 5306 14061 14021 35496 18305 3696 9451 6311
29651 19152 28386 35784 38255 30586 1963 7074 35765 11856 37759 32056 9666 21339 33511 16411 38711 8607 36635 31412 15573 23173 20541 39060 16871 6531 13606 33665 681 31367 2637 39577 25099 17681 39371 7663 8357 11438 27796 33310 4761 19790 22502 28828 10 23707 3259 16620 30342 20895 25819 15656 28788 13158 31602 25210 3123 38492 17809 26568 34878 6286 38899 28943 31854 33330 14842 20223 9481 1354 6583 106 15701 6438 35952 10749 30609 5343 39231 15448 37661 27199 22892 26350 24148 17743 39759 37149 17627 22053 36692 28421 4914 11949 22939 13129 8768 20967 23911 14940 3965 31519 20513 20510 10598 30238 12798 7088 25672 21116 36628 28189 17604 5699 5729 38407 35467 5717 23839 28735 26399 28737 35454 3424 6956 4571 28171 26041 39408 4973 19639 23681 23812 3711 9015 11745 24296 3050 37611 21310 3400 12199 31135 32564 34773 23282 28771 9922 17590 16623 22672 29819 27818 5006 37489 35514 35445 17746 5797 4907 15735 31481 25768 38494 21806 2509 37671 26242 21921 2520 33546 34262 13375 126 9102 23558 27642 35831 20209 1012 14924 9119 37305 11312 8087 2427 18713 14597 13913 458 22219 25950 22201 29374 29877 25897 34330 14223 4995 22646
755 2461 26143 23605 25242 10128 1046 12830 8043 35005 4757 39109 3839 35324 5498 18669 27804 30219 14947 33987 39061 37351 36377 28909 20442 9768 7757 27434 17555 20070 10682 13496 32490 23367 531 15375 30350 3707 27661 9489 29452 6744 2672 24744 10427 21179 2798 34691 37700 9532 23478 37545 5895 22680 33653 5823 8577 7603 7920 23139 34850 19853 32367 34226 8432 30626 7789 6072 15927 15525 8531 4493 6270 25880 29839 21205 20834 28150 2892 22623 25586 39157 3121 33698 30264 5468 21385 10922 23346 6450 30303 15029 410 32063 28198 11473 1185 15801 32229 5620 36735 39134 15482 29339 20496 38254 16366 22155 14016 25177 37492 3159 25216 14872 15035 12242 1675 11776 21732 5008 6578 36344 32248 8568 23713 3997 17139 36695 26531 16133 15377 33641 7297 7463 35007 13114 22643 7191 18928 14598 36752 25561 5191 34486 19061 30292 22304 2023 4943 6922 9053 6452 35394 22436 10537 4373 2302 34337 27821 20958 15860 14859 32806 1029 11658 14737 1457 30662 19211 6106 5234 33318 7327 14111 17792 2868 30737 2083 4899 18042 4071 9279 31124 19278 25019 22461 25775 2230 22616 25403 35391 33146 20302 21666 8097 28547 36213 26506 11596 38041
24618 28510 18466 3782 14769 636 35995 32762 4787 23070 3600 12176 35785 20900 36065 30011 35973 20910 6636 14167 26778 30594 28719 36013 39994 38652 33834 2036 21072 28821 38536 10388 23742 17205 19939 15063 37366 30625 27916 4682 13226 21909 3116 12670 36458 15054 14653 22145 39487 4791 4379 33603 12081 37034 14392 18790 15817 9121 33736 8383 19445 22414 5375 12273 32693 19348 33618 15125 17988 11269 21316 32124 11501 22012 6448 39684 26430 7298 14367 27640 7343 23103 5758 17453 18468 31235 7715 13518 4707 35159 28300 17143 24603 1246 29340 35802 22140 25543 10996 31787 7100 38469 27453 28137 10605 328 18825 700 20203 38072 7595 9974 24047 19341 26633 8273 5188 28534 22068 15752 8626 14596 7070 38925 11488 24411 29699 12093 521 12303 4176 5821 33878 9174 15956 26996 21796 10412 33688 12655 14090 37296 9360 38459 4024 25964 2704 25680 3437 37836 33442 6184 19228 7565 36835 17217 8272 5538 28490 31598 11909 1809 298 30873 21627 12594 32755 33864 30976 28629 11564 22480 19084 9949 9520 34118 17984 9223 353 23431 15364 28385 33256 22828 36840 34866 34318 38902 32464 13235 15242 3084 11396 14660 32319 2222 20928 28286 36171 11112
9611 23935 26361 12543 1872 14374 2535 30492 35247 9076 14045 29175 39242 11462 36182 9811 34811 28538 2084 17346 32204 11021 12550 36230 37442 6031 34817 38215 5678 30875 34922 12443 29293 14643 4305 11683 6664 17273 5971 7355 7609 30497 36770 17017 21151 28412 17089 27452 11762 9400 39188 36048 11427 17160 19816 37139 23867 23696 17644 15312 78 35195 10973 23229 4199 1703 8540 19972 32250 9382 33796 30489 9641 3010 5109 38107 18726 34542 33526 7030 8423 27487 3057 37403 14979 33826 32480 9882 3979 36333 8277 15628 39308 32297 27219 1480 20053 9762 36936 35857 35269 30085 653 14554 2128 39508 31799 34788 15330 1626 27883 39378 22340 22142 13232 20252 10816 33491 33209 6473 14428 6818 17287 3560 14668 16301 37359 28026 29710 26791 13011 23993 25843 15365 31510 6498 27096 26425 17138 38120 31182 17481 11023 26750 7102 940 4854 36572 14424 2881 7954 24121 12741 2496 3223 26534 2760 14364 39332 30378 13166 13678 3462 11229 7266 20902 28835 28913 24993 30998 3110 9006 25044 37920 27484 33761 10877 21559 14321 25424 13172 9159 22076 25506 10325 9601 14959 11593 12386 36534 38884 10560 26459 15534 11642 35451 25865 11448 10570 25185
35886 24501 32968 20624 5190 36831 27390 38521 30595 35770 28515 3933 24419 22647 16557 34250 37014 31163 562 10806 18644 2863 30148 12052 39680 22827 29119 6124 16053 10302 38219 32070 30669 8128 33067 1210 39204 29985 26783 20690 30039 24010 16815 9839 27762 23272 24272 20188 14786 6827 31840 13618 12283 32573 5041 17394 31798 34238 20773 10310 591 9531 25756 600 20324 25483 23630 15313 33082 38465 27189 663 24606 12649 24235 8337 4006 22205 29142 35593 30879 2879 31824 17445 29478 36008 4175 33509 14030 20169 29938 192 9583 24443 25566 38719 16130 736 25853 18182 5561 25956 37534 26396 20954 6842 2695 12629 25218 2903 996 23627 10874 12708 36202 36529 23686 7751 10285 35596 1271 26103 32266 30134 3905 24928 5436 25140 26929 30061 37509 7690 27025 8290 9092 36018 37431 32558 11771 32751 27037 18201 12204 2458 14165 12444 2732 19700 4971 34879 39952 28401 666 5605 24122 8429 31207 414 33689 22811 1090 25002 36933 11647 24476 18034 5268 3421 6874 6923 15565 2212 33939 2210 14472 8115 945 34249 27478 32143 18686 19949 16786 25296 19965 25037 34793 3760 4243 11753 16798 949 31591 22836 17960 11668 4185 25888 10118 4475
6729 37530 34787 10339 27596 35993 33443 34206 13008 23490 26965 7997 21860 5915 22877 3860 33995 7007 38729 33123 4627 37309 39440 645 35431 27473 1905 17186 5665 34276 37814 36846 5506 24731 15212 20572 39633 6113 36923 14938 9625 21525 27766 6822 2106 20166 13609 32452 36149 66 34956 25987 2019 29425 5396 35054 27079 24826 1520 25348 39278 25904 38753 18433 19220 4462 16446 9694 8750 36793 7055 30796 29793 1524 8518 115 16414 7304 1669 6467 38252 34453 33466 19633 11578 15695 23202 29057 13073 3054 14453 29672 39047 29707 21618 7013 28533 9026 19060 36688 22460 38104 123 11172 5108 23624 28126 9301 13185 20920 38050 2108 34102 35042 18056 12344 21675 11344 22734 20803 19913 4424 605 5589 9756 24774 35395 18377 4644 32217 19559 8179 16121 20533 6271 36908 13583 27655 38216 31458 29193 37698 24107 8828 21644 2396 39076 8408 21707 19889 28887 29513 11040 30819 24791 14515 4498 5031 31929 25546 28559 29822 24292 21552 36001 21143 23019 9747 36177 11764 4803 18092 511 38581 17843 16690 21975 2778 33315 32071 17371 20260 34765 5657 5445 38587 6333 33629 2751 23180 5129 6562 19435 19455 12712 13614 12085 13098 35797 36061
25539 15905 26064 2090 31526 32679 23976 3466 33871 19888 39334 21390 18609 23278 33724 38547 31537 3557 16658 35417 32566 30996 9518 4107 22439 26378 20941 10274 5937 4218 31834 23937 21482 14555 12351 26382 9706 6169 33797 37408 22849 31564 28213 4589 7225 26595 19911 14696 8689 36509 32686 2693 37829 17737 33655 12912 22040 12180 38947 10113 3142 1396 31968 7864 17084 3258 17457 32507 4741 25754 37527 20634 14211 33208 7561 22810 18625 32680 30867 8690 37183 9221 14726 6295 34370 19566 20082 34607 2309 15873 14282 18682 9096 35455 19541 28868 30703 10354 29279 25698 14671 11317 24956 12361 34142 3337 38133 18949 13909 32380 29971 28034 14336 21280 21719 10251 33794 37793 22211 18517 27462 38177 39155 38991 30098 15220 7912 32274 28204 20343 2809 39617 38953 30904 39167 4811 763 4084 9695 30546 29535 7903 3769 36120 19548 33377 9852 36780 4070 24599 1147 30973 29871 2416 21468 17440 11356 39490 33887 9316 279 1378 5738 18526 36938 38497 13901 14933 23877 22860 15421 23621 17361 18260 4271 39000 34119 33739 9065 39519 11725 20822 33590 4732 10833 32193 33501 18396 39287 27149 14893 12640 18801 15904 36209 7607 16818 30883 38853 7941
33376 6815 33406 39753 6285 3878 8069 3543 2819 14115 13123 19571 22566 12813 37038 23959 37011 25938 33427 5348 16338 20793 39990 34871 38910 29375 38848 17450 27055 19976 28192 28843 22177 28374 25096 9620 20402 19430 5420 7044 29320 35874 2875 25362 25178 13538 9034 20563 28619 32668 14069 13427 37210 14569 748 19091 774 21501 33081 25943 10817 25852 34060 22306 35464 18447 31729 1824 32479 12104 4725 29122 1541 29719 29331 28551 21504 8598 25771 31400 28772 29326 39563 39119 9823 9637 24455 30066 27638 17789 4194 21793 28884 12086 9293 39642 9865 7010 1597 639 13386 34970 39362 23091 19983 32706 8133 13962 1880 18552 17119 15386 19252 1678 38332 23752 22036 25326 8920 2935 8620 39601 5241 28956 38648 32812 14199 10431 35062 39461 8011 26739 2021 1828 27841 31460 30605 39229 26621 37430 11760 27742 25889 13715 34138 22988 18974 10711 11717 27932 18375 8595 8184 12228 32804 37785 14697 1834 34054 21222 15107 37377 15030 15517 32853 10521 11123 18518 32719 29170 17472 31641 34603 37433 8217 15929 14587 27863 1871 36594 25915 31676 16991 818 17959 13283 14930 5405 22589 33829 38080 23941 37315 37460 12496 1059 5639 25895 21502 32414
11152 3655 4140 35745 31346 36669 14488 19760 17464 16067 39884 20575 6249 14927 37451 10908 24044 9431 37569 17492 6550 8692 35398 3943 23708 547 37568 39107 37260 18634 16262 3971 4142 26427 18467 17038 11660 24377 10165 8745 31253 37236 31835 21609 13296 14645 12112 29630 22520 25274 28227 20614 36725 20060 5733 5914 24984 28039 11283 6278 32738 21890 7554 37664 28618 39678 17225 26908 7955 33106 19306 4617 19144 8421 32264 20040 5672 17529 9405 36297 8878 31657 14463 38168 5061 16890 39491 32417 9200 30091 8860 28725 32128 25615 3483 39035 5651 29102 157 36779 33582 7221 20373 3152 28803 32267 23850 4246 27570 3230 12920 31546 38935 31958 15038 30899 9947 36961 26428 22592 38572 18755 37484 3849 39200 3723 37025 6139 10731 34890 17900 28724 26653 26329 37380 12094 24468 3293 35388 27489 20380 4337 17189 28602 32303 30715 11609 29223 33530 12327 15930 6748 10256 3474 9165 21945 6865 27992 28499 37102 714 4669 9086 25292 3098 2087 29577 13275 7977 23927 28683 4560 15923 2264 29724 23461 7407 17187 37767 29456 28605 14176 16147 15338 32929 19438 32271 22704 34428 4968 9569 19189 8705 16012 26029 7060 17537 20845 8545 7649
2718 10477 9183 18417 7243 38613 13530 13730 39252 6066 16084 6360 6706 5747 11512 27361 26805 27499 16841 28284 35544 6398 26410 33001 9011 22661 13420 5727 6971 37270 38192 14934 19262 3479 39348 538 8266 39746 2707 15649 4594 38507 7172 39198 18778 37669 18920 31683 9787 36123 1370 18534 24102 2552 14691 24630 15081 30135 20309 11701 9657 31990 24338 26086 8771 21576 23747 12018 4917 1745 35800 25718 30573 25288 250 25746 1089 3220 24383 11722 18455 11929 395 14876 24414 18926 19407 33683 35812 2163 2329 14390 23457 9822 10694 37789 30234 28576 36816 35030 270 36023 33195 26629 17692 26267 26261 30133 16215 31640 21241 9393 14105 7735 369 15459 13689 18788 30361 30293 15812 29913 262 2910 8000 22748 18816 24291 12742 1942 28964 39869 19873 14634 19602 9173 15001 21070 27996 12013 5246 35859 29888 265 35664 5902 7829 10356 23519 19957 14724 20317 25736 34085 472 31878 30453 32792 1504 24721 3214 15522 39948 12324 33805 7606 9729 37385 5096 16373 17449 9568 13508 25877 7182 101 4269 31536 20059 8940 7067 1852 29905 7212 6349 21728 17571 25066 26922 14361 23265 22930 21588 21213 39995 24647 38600 9794 599 8213
19269 38844 3280 29475 16378 7286 5359 38471 5862 35684 23351 34724 14304 2729 5644 1528 34112 17259 10919 7531 15400 32998 5116 12526 26919 31514 19415 24545 8211 33615 2103 24424 26583 28959 508 33134 8271 27345 31432 8791 28973 34664 11365 21521 2768 8844 21234 25728 19131 21016 38516 11749 21349 14445 27491 39969 111 31471 12913 13665 5586 30960 11497 559 27788 29070 22223 2755 1277 38371 494 4408 7161 14468 396 28069 7697 22651 15401 9932 34489 3500 8185 21089 27092 6709 20747 5247 16655 9344 15470 13850 21132 33729 3124 9797 24701 8474 39285 22455 39128 25559 6306 30481 39964 34740 35997 20917 34322 15822 16368 30966 4247 12581 10217 29882 18823 11011 2547 13319 10408 27157 7215 14402 25160 36402 34782 18106 17055 35706 26985 4075 20993 25665 22673 1218 22846 3256 12884 10320 27279 24348 31991 16142 29195 37486 896 31155 35128 33450 38411 12513 29700 13495 39463 18097 398 25839 10010 8064 26879 7939 37225 31245 1340 23610 38487 39942 39168 30991 36399 37687 36580 27422 38346 35484 34933 6358 6131 33569 27947 11881 17030 39593 1509 12310 443 3058 13199 24802 16438 18905 21605 39466 609 10673 35676 33035 25464 1565
32463 7099 14328 22314 26594 9388 13921 35722 27476 16861 7562 4979 36380 33070 22671 38655 2597 23279 37444 21174 26272 14519 7966 18858 36837 10012 32860 6559 27690 36099 9470 37135 16268 25295 17262 14963 5893 38064 29740 39020 902 22110 12295 23721 505 39543 21685 17276 34463 37672 11834 16948 26785 27824 10258 24556 18964 34176 598 39014 27925 38445 30324 23475 5847 1975 32956 21019 16518 27760 21412 33560 15519 15233 18442 22784 29852 2886 5495 1020 39307 2114 18021 37963 13258 13681 8667 5266 21596 2281 12794 13900 16665 17594 22678 13271 22737 5772 5985 15995 19444 27171 34420 1286 32602 19408 35665 16211 8206 17665 9669 10243 28628 30374 34221 33198 23480 31027 26692 11855 14299 33433 13204 23939 31520 6856 12686 31435 30845 1084 29003 29028 15350 3875 19530 38194 18318 27554 25924 33762 22233 38399 1839 30112 3354 28493 16521 18830 13533 35771 13843 10875 8381 10414 17255 15781 485 9419 32312 168 9902 13865 15657 37245 31123 17520 38740 17638 37847 12902 6488 22210 3416 9198 16909 4255 2912 25310 12487 29146 6534 19101 14801 10824 12498 6210 6618 35616 29790 23615 16155 16099 3271 20862 8611 12854 23072 12321 33328 8427
4312 37637 12669 28922 23838 28972 13627 16573 26545 37635 29440 15618 10933 12745 24830 6914 1889 11330 27401 24032 28349 20775 33150 38410 16073 30081 37600 35198 38704 34143 25571 29856 18050 9719 25343 36070 35586 12293 22221 11445 23902 9254 21724 35314 32493 31873 12812 7748 7045 25844 37732 37027 24021 3962 33645 18972 38510 11197 27287 20931 21190 28157 10513 38464 27261 1711 25620 5645 7023 17731 7643 8996 29564 12625 4631 21462 38157 27106 1364 1153 27598 34172 9704 4338 30311 1411 9660 5891 5255 24777 980 35234 31210 14905 8735 31005 7712 1404 3088 15282 22249 6802 23324 3828 25003 24341 12378 18649 17477 36322 16742 18432 32451 22521 18935 30507 29 32188 14784 933 8269 20174 20213 33812 19738 3237 197 4563 533 26139 20678 6560 23197 30079 38198 32322 3071 11321 3778 1588 17494 3288 23071 30411 19237 29004 25512 32847 11249 12060 34199 5784 38200 25965 5879 10614 17727 27257 17632 13738 32575 36389 2349 1759 2330 15778 4945 31317 28626 26339 10110 26637 22094 7396 24887 5447 33734 29268 39920 7749 19805 36452 20120 23183 15392 21639 12565 16080 31082 18861 20956 24429 30817 27508 35294 33473 1677 20723 19612 21853
16127 9737 6730 13034 24464 20736 18185 37578 10135 27968 30932 19110 301 15984 14545 13156 15349 19615 5459 39034 27923 14156 29357 15164 22594 18027 7940 24668 26751 18563 14635 21704 15376 6528 34007 27035 5056 12312 4488 24525 10750 33157 33094 19076 26969 7031 18033 14417 21541 21352 7540 33085 35194 8458 32893 29659 20077 37949 27075 30517 22241 4136 22960 36621 29091 32218 8242 7192 28861 28927 18473 15163 29806 16231 6145 29909 39644 2363 640 2612 12175 23538 15979 11140 36317 18077 8434 565 28598 14277 31763 8859 36954 30093 6160 9705 36264 2361 35584 13788 34372 7415 16402 30190 32681 2889 10624 6415 16840 34761 1253 6661 32582 13334 25020 3931 20406 8779 19352 18001 2859 18877 23726 6129 19199 35982 5770 14345 16082 18828 2590 4150 23335 31228 5049 18914 35329 23585 21906 6380 8222 1851 16529 2105 8783 1883 36135 654 19734 25705 26132 39743 18680 19695 4565 14087 17973 14281 198 33663 34568 22947 27572 11120 4108 23452 11517 22613 6102 12900 39338 37961 37153 18908 23466 35016 30142 11422 5846 20292 15761 2594 36020 39567 6392 8202 6805 38708 23992 10005 35135 7134 33468 29723 6424 34026 19129 8237 19391 27761
22674 30616 29519 35852 24526 10156 36367 23739 38640 29383 11566 26118 5325 33336 12716 593 33045 32642 26037 18430 5793 35382 1033 941 13911 25595 7227 23508 12984 7695 6723 22471 32103 33399 25876 21080 31436 13727 6909 30053 33567 30274 13068 33533 8321 39248 9806 33586 2852 15786 1011 38979 7838 9873 32695 6222 2604 15438 9456 6269 1080 36483 16738 2675 24070 18143 28132 32132 14536 30687 9837 18264 13796 12728 27164 2644 23122 24105 10743 25041 38928 28974 9389 34747 25230 28586 33692 4459 2384 36653 108 26169 299 37544 21950 29233 5884 4014 29416 15186 35983 19870 17753 22016 17441 26066 23616 33783 12633 8131 37944 24674 36815 34783 30969 4752 13190 3941 2679 22793 17126 31707 34555 33757 34733 39312 22711 5072 26895 39900 34305 18004 38811 34230 33360 31223 2561 39241 16108 37589 30770 27750 1849 22739 8103 16882 2820 22588 174 26128 5976 2720 8736 34192 37540 37004 36474 12491 29408 6613 35478 6056 23049 30500 29961 4100 21133 39222 29667 22801 2064 31440 33058 21721 29032 16472 12784 37348 186 18829 26258 24227 18866 15814 37867 27235 11502 17123 18425 35578 38145 22150 30490 29887 27664 23283 6929 12010 5730 7189
23234 35909 648 15495 16441 29083 9652 11674 12437 8399 1640 31092 19369 26593 18694 17761 29889 16596 34388 15789 22407 38382 8800 25284 2991 17059 27270 2603 137 37097 31168 9883 2831 18159 39405 25604 23743 24164 38262 21047 30252 5522 32462 2356 20420 428 4915 13230 21670 31437 220 2944 39110 34335 957 169 11664 5981 17722 4998 30143 33935 30446 38016 20400 17568 14493 36349 26234 21125 2475 8482 12074 9205 11823 3136 18742 2075 21674 22058 9346 29872 26732 33472 5907 23201 24628 20161 17640 37547 16825 33480 21607 14297 19621 8819 6963 20124 30064 38957 31272 24988 10399 24827 28932 36934 23208 18547 3606 11780 37428 36365 22198 39844 25966 10704 39883 17241 35122 1293 19955 23347 5296 17350 3153 16227 3296 17641 5075 335 12554 27250 37390 23473 32326 22668 27565 25522 3954 19272 38903 4970 20080 21761 23432 39477 5643 34777 11588 28546 33090 19057 5314 10820 30885 8589 8070 35167 28456 23127 36037 34796 33549 1621 30223 9291 31430 4347 2252 23772 31872 38522 32150 19758 31685 35580 4642 5760 12917 24711 39791 24927 5068 27728 32043 32034 39163 17496 17355 39117 36192 11846 32829 33920 4652 34079 24404 33239 33926 24103
30569 1438 13444 17820 34814 36249 28014 12692 23312 11220 31695 30919 20488 20638 13278 10403 23248 9509 331 17267 10122 6224 28758 21231 23909 5131 37894 34021 28076 13637 24299 16908 28827 38584 13303 10677 14377 14950 4104 33023 33133 17700 14049 19058 30818 14442 39226 758 25377 4225 18293 30832 15073 2505 32982 26045 3544 11604 4094 19644 6223 5164 21250 19560 5986 11905 23787 7329 18162 1216 19747 3922 673 15256 32874 18214 16492 23407 7492 24916 19959 23150 15708 27876 7376 26068 15017 21355 13733 39764 9496 4496 37411 10517 15121 21036 24191 32517 39575 21238 17764 19166 16951 16077 5732 3976 8376 20721 24780 23017 31730 6105 35673 2799 36646 14565 15621 11459 21801 9889 31030 27585 27599 15753 21302 19419 12621 19209 24530 27516 13934 926 3803 3649 6055 1166 12429 39102 25119 10102 35828 4883 31378 2830 27174 29615 21701 1442 32079 22684 32044 19476 19724 827 28648 21261 19140 22251 28928 36375 33325 25293 30951 15247 1682 4394 7738 21402 25541 39546 36631 37234 27763 3812 12258 24197 19073 27857 36094 18284 37243 24742 6817 36645 9562 39996 19406 15912 15552 4673 5222 30144 34180 19996 24333 30096 23852 21370 2948 36950
33631 39723 28250 37323 23012 31496 16392 22917 5437 11212 3139 32944 7618 5025 25621 13646 2645 14254 36292 24091 17220 39537 16767 18873 37375 23498 4689 16740 2586 17860 35894 15183 5931 28697 12948 34442 14825 19029 4482 26696 27156 7392 21233 12391 33730 22732 36662 11794 14441 15467 9307 1256 30498 14095 3761 13366 9623 9383 10266 7301 1592 31670 34700 36748 17539 9249 9972 8182 29737 31581 18604 32823 14727 18289 3061 7349 16496 4509 39628 23922 4427 39097 11957 6171 2826 11825 2851 24773 2966 22467 31056 25021 100 34942 3855 13996 28855 4082 6396 29436 30753 30069 39865 15174 32089 25166 13367 18343 21593 26672 14720 28654 22320 6331 22886 17513 39542 22209 14455 25752 3764 2588 37119 20603 28516 1392 28395 17454 27980 27431 11954 6430 28587 33960 34504 16432 14765 29312 7497 28388 11605 21313 8927 4423 5026 28911 4311 13480 35201 10322 29576 39082 18773 8579 18605 11631 17631 26797 9021 10501 34012 22073 3795 35764 16191 29626 21522 19945 34031 35383 27614 671 20918 31398 35207 19523 13487 9001 13854 27386 3078 5409 21193 242 17832 14904 27823 603 7386 23411 12664 26301 35577 21845 16444 24207 6677 30710 36550 15728
6672 7049 3170 21206 29289 7619 4916 15223 2360 19791 34784 27070 146 11712 22408 22830 12040 31682 14182 7559 5537 8778 20959 13877 15263 32800 22165 16409 38205 24053 23958 28809 22686 9504 332 17566 6761 16694 36348 12454 33574 23896 1214 16356 24372 7474 20809 33365 17463 9661 24684 34831 11372 31036 32105 10948 27984 27247 28037 909 24224 19513 1892 27438 38428 26657 28993 8829 21321 24249 23126 15844 25309 36632 23136 28378 35599 16847 27275 14450 26651 13979 25519 27213 39481 5070 5753 38307 3752 25934 22130 10055 24879 6561 24387 6563 383 23140 9708 39587 34999 1558 22200 18322 7822 13108 998 13339 34874 30643 5740 8261 14285 36447 36346 25842 22452 12588 5064 38771 16398 18635 4548 22275 10544 34973 37576 24515 23848 13059 4302 9126 24574 19773 5321 13747 19827 22629 14301 39910 10829 32863 19613 5648 27905 18130 4947 28906 28869 7054 37550 39946 1201 17948 5368 3910 13816 35044 14829 3031 19690 24757 25415 30983 30475 15488 14920 18119 19525 13542 5284 35261 24024 16745 7117 38327 19871 33210 32588 18768 20042 35769 3772 39547 36713 32058 30803 29013 13499 19289 6246 38976 9631 17838 25466 32837 6975 2897 2392 14773
28686 34304 16097 18248 13369 37078 26074 22083 28748 8851 21741 6251 27307 1924 10607 23972 25327 25275 25773 19912 28946 5819 2666 30501 23515 22034 4706 37072 5946 6497 14137 29150 21662 39153 5386 11273 18500 21839 6127 15874 34589 15442 37730 25760 6408 30400 34959 27402 21144 4472 18307 18689 33422 17619 6949 5882 20426 11767 15028 24683 22360 36462 12865 32964 34861 38357 13645 31316 24806 5861 9304 13959 34884 7137 24782 25699 37706 1095 11378 32086 20050 15901 18907 5469 39655 21875 37784 32394 33869 29616 6078 38852 17754 23345 30961 1038 117 11069 19078 26839 32357 29958 36962 20162 38480 39021 3358 33927 31548 37200 28805 35710 19545 4447 31590 6014 122 19847 26535 6862 951 37002 30652 19021 6002 6726 27276 24477 4513 5170 25900 24300 1935 30967 27155 22266 14136 7169 22064 35820 9381 21087 25663 34835 18405 15878 23036 19620 10261 1729 2527 15668 38663 35700 37003 38057 1968 30465 7262 22871 24253 32185 16014 25457 21091 29016 4885 6107 13752 22943 34482 13680 37491 27919 16795 14525 25051 5434 9101 38611 1961 4233 20356 15468 39872 39738 11568 26983 12937 24786 24278 35365 19968 14438 9160 27720 39918 37405 26176 23625
37657 20152 9290 24108 5486 36952 5519 13090 36726 2286 22932 11931 3488 34507 11943 23420 33507 35315 34886 33650 25128 15419 33008 33410 405 7627 27506 14354 31327 29214 38694 30408 589 39679 67 667 28328 28276 33080 22687 5573 19240 9422 28317 32794 9748 10087 30273 19857 9885 14009 25425 37201 513 4414 1054 17066 5019 38066 8024 8150 37816 22785 11075 4251 6173 14033 35911 30691 21487 22578 11843 33543 34462 20874 15502 3675 11641 17579 7142 2096 22416 15210 1595 13502 21060 19422 13384 14100 38036 36240 6967 4432 32862 35742 29104 7246 5612 37494 18089 39885 16315 22885 32625 1608 12727 27807 26457 27713 484 33334 23527 4156 16479 7381 27547 15396 36941 28257 12732 39402 6680 16349 17602 11054 13644 702 28120 29184 30335 14833 31320 38506 20186 28134 21740 12445 16682 12891 27109 5161 12880 1371 17240 16820 21613 5816 7605 34391 4473 25749 3475 2024 25547 24709 22317 16106 13668 1501 9490 15636 37233 37312 10951 13537 5995 3161 34521 351 38437 12928 18855 6606 29820 39799 14574 4749 7417 1143 32930 8214 1775 17031 27269 27490 27320 12648 4633 7061 20568 9894 36742 4861 28078 22402 8142 26032 28371 6622 31541
6257 9967 11677 11181 15950 15537 5736 26756 18532 32512 11270 33506 10671 21175 18665 22290 10821 29153 64 39894 3748 4205 20234 1570 33848 8428 21969 10872 35038 13338 26429 20280 20654 26544 38430 15794 4988 11015 11884 19623 27265 16057 18197 1387 35289 4457 20221 19451 6947 29515 33759 13036 20629 34610 20538 39530 3576 15118 29788 592 12029 33711 17806 22499 33063 24597 22319 3624 16297 3927 19041 19651 7845 4368 11164 6924 4941 16 4441 2113 39004 20218 5803 26164 34438 10729 2093 2038 32721 6197 36883 36723 34644 30964 5514 36267 26141 24397 17690 21680 22569 17344 20675 22185 16284 4353 13938 3033 25502 8958 1903 36999 39551 13711 13997 34371 5906 14276 6679 10093 16802 11898 10173 21207 7673 39907 7660 37150 4132 8733 30316 17799 14103 37982 22129 29555 10382 30862 19653 24775 16095 11984 26932 32139 32615 39054 1635 24625 18486 35987 8945 35265 2995 17130 33925 6309 16584 12656 3208 16475 15318 17620 8410 37211 39439 23382 23497 31893 26580 36493 15926 3446 9699 27273 36717 22107 16917 9805 6003 23264 12710 7991 15111 10768 11386 18576 38615 4569 14559 9753 1542 2185 23167 12530 11159 4964 12561 33179 4705 22986
14796 14558 22640 10962 9524 4455 9629 5406 33932 10235 2497 32645 20288 23583 18349 2268 30250 1407 8625 38496 37606 3634 15197 39149 36442 20225 5919 39172 35663 8461 25729 1129 25028 12346 26674 31046 1134 21542 23977 10163 21843 23799 23233 6919 2513 24986 9169 33093 19897 30866 4245 36960 10023 29426 7706 25861 30428 34925 19728 31961 36298 27410 12044 1063 3038 37261 15292 883 32661 16954 5288 7231 34313 5606 10292 38001 36011 4668 28462 21153 41 15143 12848 25998 14346 23831 7334 7791 19848 3250 7457 5864 15526 37743 35345 7279 36971 32873 2836 35331 27303 668 5391 32413 31953 29751 34237 4952 33608 28727 24215 37355 32281 25826 7062 34072 4294 4610 26165 8251 26818 32314 35182 29500 8617 31420 22405 3747 16679 22310 39326 11720 26240 26938 7896 32938 9156 5951 2759 10426 22050 4508 20790 5338 11482 9911 3877 30266 3254 23319 24267 6445 19630 10684 36771 32024 13446 30936 10814 29881 32726 4286 33076 15280 27580 16353 6427 9990 17074 25944 27067 32886 27427 15013 19902 12542 38812 33297 9353 3356 37329 13385 6745 9605 11104 28781 17056 26446 9720 39432 23912 14614 36910 27794 30173 18662 13091 29926 27545 2152
11621 34291 14683 22218 113 26703 10341 32510 18620 37984 25114 32580 36511 19235 27557 7943 36111 20399 30840 7781 24302 14715 22847 5347 15779 12350 3695 34755 10693 31844 38418 2698 9444 24880 1673 29232 30929 25279 23677 14057 14120 32441 10352 7541 27005 21467 3936 16998 16654 13140 24583 6793 23914 8934 34917 15394 3125 4430 10459 10132 31300 23134 20729 37031 19557 303 12724 25250 7199 18864 14132 2397 2650 9610 26022 19402 27081 21078 3311 18476 30090 33241 31397 18354 26210 14303 25616 14848 4420 6799 22369 4966 28920 39433 7825 34095 9275 6981 16711 326 2353 35387 31679 36873 8204 3053 31443 26367 13216 20529 10441 21533 13677 6313 8312 9354 38650 34584 33214 12571 18851 24658 27332 14316 29876 16423 17701 11245 2834 6716 29769 835 25475 25611 2939 26495 27681 14081 1030 16134 32120 2419 23175 33793 28453 13783 9467 22079 14358 6695 34436 21584 25359 31040 4227 13213 12914 9834 35751 33115 35285 27525 36015 5513 3630 28899 13722 27502 28632 2220 39641 11936 6515 34479 32210 7776 17901 13777 25822 29343 38571 7532 21071 24676 15003 10542 5992 22085 26028 33637 8121 37274 28113 36309 4729 26812 31026 18523 16684 34744
35121 17990 16499 34751 34006 25573 28112 27669 36415 21422 522 15934 8911 4151 28650 25903 3833 73 8330 12140 2398 20019 6570 32220 14935 13856 10094 39091 26082 14722 29097 34516 17756 11198 17144 24245 30366 21440 9334 8454 9298 39876 6656 33520 30447 1643 20073 18247 29043 26825 25142 38238 11266 24619 28784 24160 28290 26496 14202 35332 15563 1394 15267 17215 5535 29776 25389 36052 32141 12964 6491 30299 33623 21389 16883 20699 37566 9364 32211 3452 29062 29364 21977 3175 31391 20522 3810 421 22158 36876 38040 5520 6418 33831 20908 17504 36368 25205 19331 31108 1660 31974 39822 38745 12127 5917 13853 19175 32909 37852 18697 23005 36948 35856 25451 19526 29543 20669 556 17654 6152 1507 37823 23614 23455 32339 17129 28761 20013 4522 7897 9214 25253 18886 30719 15795 6546 23082 24907 16149 35057 21095 15065 9282 2753 1545 30449 9252 12972 32060 22866 37015 2476 31585 7289 16404 19764 31047 11274 28098 28023 29277 339 28543 37531 37769 20559 9322 20814 15824 19694 31381 37561 159 2262 2255 38384 39122 20283 31489 2878 12425 32192 37614 17266 9685 6712 15561 18364 31202 6918 16161 26743 33396 31064 13808 2263 2846 24276 30630
39498 20476 1553 39142 12270 9230 15980 32181 26273 2223 5927 8303 3219 29486 17128 14391 30083 18919 34662 34731 34013 37461 27659 20191 2970 13809 2006 4263 4618 36854 9502 1191 9528 25067 2769 15809 30329 11481 12136 23108 19081 37772 35748 10183 34386 29038 31422 12613 35962 3489 33057 13178 19815 17600 33243 18459 30188 37365 31086 16180 4570 22444 32187 31148 10106 5401 32373 2466 20175 31252 19898 39485 2635 33407 23998 37266 25691 17582 28105 17104 31383 12777 13364 36860 4905 20957 22341 29381 39171 20475 25601 11934 19005 14496 12096 32424 15841 37539 25912 12151 25655 35936 12020 16680 4229 956 21314 3511 28580 18911 13642 29318 295 8311 23015 5883 4173 29461 10976 535 850 7133 35629 16863 25243 13031 9799 38498 13363 38310 309 22583 3102 26121 22648 15127 36315 13771 612 16390 34512 12195 5791 24939 39740 19899 13656 24002 25588 4667 33800 24902 17601 6852 22760 25594 35327 5840 24533 38449 9757 30287 20257 680 31222 1813 31663 12945 14853 2626 15872 29947 35607 23008 17677 17430 17304 13702 33397 25553 26866 26218 34055 19673 10630 22779 6262 11153 20170 27893 12577 33456 38699 7352 16287 15000 14013 28577 19804 18009
9216 22280 20811 22287 23489 11773 39557 18614 17456 39424 37524 10626 22619 1026 16060 2582 8506 5909 22720 2043 8464 27263 39839 31697 8970 28067 37166 15506 185 25668 3160 38268 15206 36126 23651 314 36619 29101 33212 19825 34287 495 6414 1732 16288 24487 20626 35212 21244 27994 37399 17879 23206 28929 13732 19063 27389 12730 32239 30233 37120 12154 11618 27780 11121 39778 2414 24566 22278 32687 13299 692 10407 29644 33839 2162 26992 39197 14877 31408 30846 38767 8922 14631 22708 26284 12697 5935 4090 30068 1441 119 17228 28278 37692 28569 38618 5345 1948 3742 9561 13939 1923 29547 3920 39196 14063 13459 12003 36566 2148 23463 2030 4628 36478 14028 21708 6033 17815 21008 3633 4252 27099 30164 15602 26173 28259 35242 38221 8784 27979 30244 26781 21292 6591 16628 4157 974 22067 27700 33320 10823 10652 16275 8597 33087 33403 30778 22207 7244 7631 35880 22620 18464 21991 4149 10335 34426 22514 15070 16895 17922 19229 29607 15533 39085 37151 11775 13670 27551 11108 20321 35413 16119 27748 29581 34825 18512 32200 4428 14075 3640 27091 37857 5664 15514 12480 35840 24735 4350 31801 34188 5052 32900 37493 11469 39744 9366 24758 3993
29254 16996 8864 7724 3530 39223 13643 11162 29954 5252 25883 19024 31365 15626 1717 17058 24139 33174 10045 7423 5326 8526 38717 38369 29064 39358 10727 8294 6643 20582 10839 7731 19498 15217 6024 12671 22458 7797 27014 15834 11098 13476 10926 746 16342 33866 12593 32694 4646 14852 17137 21787 35138 17884 3402 18470 34393 14524 34746 5705 13524 3676 22568 3564 9727 30711 7073 16893 34958 29351 8351 3149 29256 10081 5364 11001 26104 29919 39183 23841 26031 6378 32516 36970 24790 14012 27488 4242 35303 4375 22822 13165 5751 34256 35403 18766 19225 15666 20630 37781 16912 37676 12039 19007 24919 23023 31779 34158 14343 33359 19459 22719 19521 4692 1511 22523 6372 30010 28451 35661 25607 2221 26536 24890 33331 28017 3174 39165 34638 29253 16851 26326 35714 33204 35650 28503 29612 37036 5200 23733 16115 18452 3775 2787 25808 10435 15672 34903 15184 10194 8178 34141 5085 30027 12181 23177 20636 29918 32448 16687 30313 26509 12632 37579 13141 467 12842 6809 16066 33570 27234 30807 21163 31939 39813 25537 14688 26420 1811 9735 2560 35685 37222 27304 25480 6615 38808 38335 11706 33845 24325 16367 5826 8148 31209 9809 7564 38011 2352 15323
12715 39609 9507 37398 2035 21237 28110 38543 5016 26741 37346 38239 24719 6253 27648 20618 35163 29502 37228 32714 21778 7285 9587 34857 35572 17748 27954 27521 31244 7614 37283 36345 37953 12080 11128 3351 10686 36217 13180 1035 20599 14479 30440 23080 7698 1493 28472 26936 4260 33029 37332 39273 32574 25780 38294 17473 388 5213 16806 35827 19401 37594 74 4060 22826 5300 6379 23801 39449 32581 17247 32364 23873 21159 7804 17013 32646 34653 39460 21777 12863 4270 13317 20492 22167 3852 24635 20934 31737 24358 36161 15021 19372 29767 36158 9123 22755 11099 4361 29701 732 13186 24795 28422 16448 5361 16800 31232 20202 13474 38348 4784 32775 9117 26513 2898 13092 9227 34576 1529 14870 33778 35749 26999 26528 30129 18945 506 35397 578 5831 38636 4407 17335 25535 28337 4654 1855 9430 38604 31900 17486 22975 3614 35529 28765 3326 6040 7367 30277 23835 21642 20781 13987 17955 2739 12109 29171 26576 26080 8314 16276 35896 19371 1368 4903 20963 18204 24840 15869 2344 12095 13696 4805 27584 5991 32450 9593 31719 2977 37206 17937 28858 7640 30884 31774 38424 35646 34989 3631 25548 34614 39507 21020 20113 38079 25410 546 34038 15646
8453 6260 13349 6504 2621 4921 23507 18016 32814 16449 1699 11976 30642 34588 36975 7779 39957 15744 1653 10361 37100 16905 19895 35919 721 26606 4573 4254 25961 27660 16310 30882 38387 4781 11361 4738 22413 36391 8156 33169 23100 8032 29556 29176 22895 21054 3347 8048 39052 24951 35410 29983 7736 35051 474 1284 36423 31771 34868 10819 37214 38755 29928 21256 36414 12352 25287 33795 36776 32087 17190 1347 18846 22070 16536 31504 32868 17268 23441 39345 28443 11436 28992 17248 11325 25933 7761 38094 35644 17327 3190 11218 35013 18895 5089 3055 34422 17798 31001 11527 20156 3128 26557 30057 10985 607 37887 28752 24210 19718 10225 25255 23375 32235 36278 15807 29870 29196 15977 11632 9413 26360 9308 23009 30540 30667 21414 1547 30974 37699 24660 655 33642 11004 36436 26407 20076 7233 16792 27865 24838 13600 25487 37264 34768 33173 39049 13486 21745 35100 11217 28233 17903 14335 21715 33258 11735 36591 5965 16761 3133 24045 35174 33885 7807 28061 173 21624 12706 8248 20589 10589 21759 35752 29931 14404 6535 1031 36275 38500 20661 1111 33625 31269 4598 29956 1259 5502 36825 25169 8924 6443 17471 16131 1619 29045 32096 11573 11466 29060
33049 39365 34689 36704 35069 9875 9858 6118 16746 14522 36600 20311 28722 28074 8463 23160 13354 14815 37850 37193 12791 18961 39182 9213 22606 36764 33078 38562 36409 36749 36701 28048 23317 8730 10668 17482 9744 37437 24588 35883 16114 7242 20509 12988 7422 30295 796 29231 39063 20270 23897 39646 5779 9328 17177 4358 4838 1816 12824 32887 19111 26309 28427 22896 18892 33493 2508 57 18274 6439 36634 25605 36378 15140 1172 37213 15551 24012 36284 8391 26376 13929 11552 10841 18254 24563 28780 1334 3765 28153 12365 10342 34065 28672 13906 34378 8897 12529 6930 27747 23313 27809 26332 20093 10060 14888 25503 37462 11191 2282 4284 24090 8511 9178 30721 3075 28066 3694 37121 38944 30612 38785 2756 32183 17533 33855 28187 38440 27805 27316 33030 38527 8339 6388 21245 12298 14718 33847 34673 18243 7302 24114 22777 22842 20099 10227 28236 33753 14419 14806 18194 10191 38906 2137 9150 37427 14632 31957 35085 10052 11483 19886 15098 24365 20281 2680 4780 19962 22548 8147 32384 25658 13439 7669 28445 34920 14659 23323 13195 37372 10453 28320 19720 16248 26913 713 9733 2601 20089 5087 12678 34590 29319 28215 20057 27237 22783 11860 2616 8601
13943 17286 20987 27591 34004 9855 16502 29386 12622 19050 735 31986 699 6342 28003 12075 24176 26776 21604 16294 8045 3451 23484 9838 9100 5962 719 12960 17732 11670 27090 752 37741 14757 16504 29536 16393 20659 26974 27215 21461 6846 39359 39437 14977 10569 3257 18956 15948 23617 30657 2724 21946 35411 25644 12265 20930 12666 28693 6299 20694 23462 27396 29010 25579 23804 13986 33859 11265 38059 6565 19153 13870 16350 1655 19751 34838 12412 6442 23986 25097 32045 4547 5048 13791 32638 21601 35604 25898 19969 37786 3619 29292 37725 17145 14886 30744 21651 7905 7119 8031 13698 38890 572 21753 22723 11201 6939 31744 34640 37522 32173 387 22318 11127 32203 23355 1800 3373 2235 28890 8914 37160 13899 1235 5536 22952 4497 22463 16717 141 30994 35006 376 13347 26870 27001 22005 19219 656 13833 31733 7295 17749 22999 110 25777 10129 35371 24106 5607 39862 3538 10434 34795 39855 15918 7937 23320 26278 11556 15639 36357 27280 14682 23436 13106 16465 4349 23284 17334 11555 36707 10690 30986 24700 23555 7350 17940 33369 29029 10008 22351 12309 14197 31502 28918 20121 13701 27436 22888 16714 27726 27862 18404 28702 15910 8985 5500 12662
885 8317 28839 68 6399 38222 16653 17399 36274 26123 12799 22133 6432 32387 19943 8821 34073 30752 15218 31417 10277 34952 38814 20344 8539 2687 11529 15510 20323 17687 35521 15538 29473 31509 14246 9965 22694 30294 37709 32774 30952 19230 30565 3916 4981 30526 35115 24220 8881 39752 5299 6167 3336 27920 15084 13448 3074 31370 195 38881 30108 9887 31355 16556 34934 38714 28182 30438 34481 8785 17624 7931 4436 858 38724 19188 34125 26687 30826 2816 19224 32948 30835 31997 39030 33199 33948 21752 17914 4187 18968 22316 17188 10594 35732 36680 25012 7511 37532 9410 13658 2295 14791 7257 26512 38147 34127 8405 14130 35233 12771 13859 35503 38703 39314 445 28263 20490 709 25526 28060 23539 39958 9209 7234 22021 33393 7065 12370 15147 28366 21934 31203 14313 15277 12980 21027 27047 20048 4209 13889 1057 23698 29610 29683 32879 37514 14794 3221 26491 27272 26918 7590 18639 21979 9017 34308 39510 30739 12677 31901 21930 38323 7826 5000 20534 20537 29777 2735 33250 20749 21006 730 4908 4726 19397 30451 15911 30111 12968 16208 15990 28773 23566 8939 36659 37330 24970 33554 16328 30140 38150 1389 12840 29853 26405 14752 20241 6009 1857
22547 11293 18705 30702 21063 11563 27714 27049 23181 8276 2949 28407 14656 3996 15785 29332 8950 17855 30640 2917 18554 24056 22527 39528 34465 30834 20038 20365 34062 34492 8588 23263 39045 15304 22359 24448 22542 38289 12160 178 27016 6950 10830 3670 712 16663 1419 26729 36330 22497 18527 5711 14609 17314 25732 30925 2942 22352 25720 36552 1670 15641 36551 15702 12188 37363 21887 18767 8037 3418 11871 18923 30249 12930 17717 1928 35293 27230 31547 17947 37888 2961 23626 6768 39758 23578 7144 28561 13248 21573 36033 16911 16731 20804 33371 938 19961 22475 3763 26398 19618 32601 1285 38813 21846 22422 35296 34307 6597 5642 5385 17561 9224 24861 10890 36035 3355 33777 30910 37787 15178 13755 30705 28709 21049 23518 1395 16384 35561 22182 27300 12338 12658 19484 28072 35553 15859 24794 15328 13973 12073 27771 13102 22296 34449 36620 5059 11170 34348 3665 33251 25913 2048 12202 30320 10443 13693 22580 26371 14243 12341 37954 16519 3516 6554 39955 13132 8763 7008 24480 1721 14943 31919 18478 9476 17824 13936 10319 16047 24577 8260 16753 30587 19006 10270 18105 25014 34710 3611 30151 22477 17326 35918 19877 29446 35731 27256 5560 8760 7708
12507 33744 38869 37354 8249 9818 6390 10315 14379 26757 30130 4865 13764 25333 26120 39689 23943 5110 27330 29471 25748 24027 36382 13161 28359 20090 24573 7184 6417 27121 28812 13884 19974 13751 38638 11388 28045 29959 15690 5577 20698 16204 30214 6542 38993 13848 10144 34794 34339 13019 37449 19382 11687 28159 29303 31563 25085 8648 21216 13321 37106 20242 39234 3539 747 36198 3405 2131 2452 39926 27963 38093 6140 37598 29316 14230 1415 4139 20512 10953 10040 14851 4217 21038 22961 422 9914 12373 9579 38818 18222 9644 9141 24810 26679 11554 28895 17889 6444 37923 28261 39095 28785 39674 29139 34880 32846 670 11332 21491 2721 32559 27693 14978 13781 10239 13815 9315 9090 13709 26623 8948 6702 20277 38374 33715 2988 29934 529 8708 5920 9343 36338 4767 37167 29105 3501 31305 4555 21368 31608 33682 19761 17233 37677 6090 9506 12456 510 17911 14739 28021 24512 24289 3679 37307 33986 34258 17664 10479 10387 4106 20027 15033 6678 34080 32996 31165 28194 26618 32505 35623 724 34390 33540 10695 11684 14381 15165 21690 20237 10409 31592 29020 15600 9120 29228 17230 18578 716 14975 21971 20433 8815 2020 25968 6245 17103 35306 22798
698 10763 340 34321 5092 2818 21874 12986 38915 17645 36539 22274 35462 11960 18410 35358 17584 25267 39875 16695 10676 37325 24055 32135 24172 24184 3628 21821 38854 16701 19185 30257 5628 27406 2245 18072 9274 39596 26849 34726 15113 37319 13714 19358 7547 3549 20524 5100 34580 8491 10859 5477 32331 9428 1221 23363 30082 19984 15187 2366 12596 18628 26885 14212 5097 2553 9067 28556 11649 13830 24636 32353 32065 21919 29322 5737 5203 34690 33528 28091 4206 39207 13624 10990 15144 14980 5066 34953 33732 32055 33578 34327 26565 8691 10326 14339 24248 24133 46 2099 30373 38055 37265 601 12237 24623 35439 36396 21465 24425 1231 11328 9971 35278 11869 31821 6765 14020 12166 38 25947 16647 26303 26882 15293 11146 18641 27060 7620 19316 12522 19318 11565 23837 36907 10170 665 23174 30328 25930 27784 8420 5178 15939 10123 24049 10937 21952 33138 24981 24242 4902 26804 22137 29202 24137 22995 24201 14987 18633 19668 33784 27418 19489 14118 29215 3566 19279 25448 20165 1758 28518 26053 6248 33415 27351 10748 13434 7174 32352 2191 5509 2648 38184 14357 20801 23115 5675 39322 20168 10375 30009 25098 3333 37142 28413 10679 10889 36507 18854
19604 23028 1177 7387 10533 15353 19008 37911 11708 12311 37195 14068 2333 19755 9552 32954 31895 5043 8575 8102 11643 4025 31066 15665 35548 29674 38034 12399 18226 30346 37960 35689 19479 30426 5788 5534 33276 36468 31393 23399 23821 22893 38404 8632 13070 1656 39669 13136 5786 35737 7623 19202 14805 27224 310 17740 33597 15516 28933 19964 31558 21783 35322 24452 32881 27987 29186 27190 17166 10496 21911 26089 26542 15659 12776 27007 18217 10586 386 6019 36547 1616 39455 12502 22946 28222 17617 17605 5360 12191 7505 22425 38697 24324 19704 24905 31338 9487 27653 25427 6741 34270 11853 19803 21689 3990 9093 24732 32134 2712 15151 12227 11052 5603 9778 8419 17921 4715 31637 3412 33247 35378 33363 23306 6694 15932 25812 2765 17501 21652 35727 7892 24781 36929 34187 9609 7138 3818 21884 27830 20593 32459 23389 33364 18090 38122 27856 27497 17180 12604 1818 28301 16709 30694 20840 20435 13798 19265 39453 3518 35853 18488 20831 5047 19417 7181 5555 6429 31825 30226 6735 2484 38524 20680 12528 4544 30253 13116 22063 35814 15966 25412 2959 705 21417 10584 35549 36282 39879 2109 16837 6048 6731 39699 24694 14863 26505 6496 35173 26296
12888 20761 12240 1107 39866 10226 5510 11419 9458 7927 8879 33822 3714 17108 82 39696 25634 10114 34739 35014 1931 22257 21033 23633 21260 15632 25023 30651 18912 30456 17770 26543 34678 7128 3672 8083 16039 32634 12135 12328 37246 2206 28124 21997 36189 33344 5435 28703 14290 28506 1645 1684 22260 6645 37721 20610 8483 3248 2104 35885 19441 3926 32251 16512 38688 9377 17745 2671 35040 16517 21423 29917 9237 23499 24796 28688 4239 11711 5271 19491 36009 39454 289 12482 37407 39480 24073 24407 26592 17691 37656 2627 2589 32520 30364 31091 19068 34820 3937 24194 17583 38540 15830 28726 14990 7291 25702 4029 23920 8168 22506 36140 6377 15712 8841 32734 7725 9942 29583 10184 32950 31129 9847 5175 16942 34145 11826 6553 23623 8574 34660 6763 254 8302 28644 31816 20087 29668 6573 35302 26652 27474 13801 5107 22075 9418 22003 4714 29210 4117 9114 31969 20594 19095 21294 36007 1958 22966 2259 23634 13872 2102 6630 29708 28211 8521 12222 22179 19399 5382 8144 24129 3938 32277 28572 26306 28961 10209 33661 29333 33785 8756 17992 16511 7093 38358 14501 36864 2913 36699 12514 33674 14729 32069 29725 36943 14168 3572 26697 35284
33651 22676 15861 610 16178 20953 18699 15849 4410 5903 14035 35887 14038 14655 38865 35953 2867 34823 13413 35420 14700 22494 29847 3884 14912 36828 2487 9734 32648 38832 24985 22980 17556 11443 12879 10620 14019 37146 26365 30309 8982 27567 19569 8725 1161 28029 10766 14360 34147 4762 3800 2946 32 4651 33118 9029 2641 26216 26476 18465 13177 9233 23915 37226 19169 21567 23117 27967 3652 37277 5592 39949 1845 30638 19591 7272 22293 8385 35668 138 2569 34708 37549 24307 17318 37653 24572 30558 18249 27383 10672 18582 32635 33810 23728 34099 15158 32355 22928 14054 33638 12766 18170 20157 24892 26302 31141 36523 4188 31704 5206 4346 28615 15547 15137 32224 9045 14837 12071 6848 16386 28338 23559 36156 10449 33321 27611 2267 30582 39826 21022 18519 14106 13828 15539 26814 3339 30084 6507 39651 20271 23352 38493 38982 8201 12431 34617 34889 11094 14470 32051 38559 19172 12150 38320 29137 32526 14114 1538 26813 22440 23741 10171 27415 35214 96 10334 36395 14247 39877 12806 23057 36819 464 983 27128 31941 26859 31171 32922 14275 18052 18321 34932 960 26389 18028 24126 15 15250 13608 11559 37010 30117 31593 1752 15605 7958 2213 19896
22803 34642 39276 9050 21442 10666 27622 5694 28951 7021 24319 10663 35368 10530 35468 34913 29187 28081 1034 12951 9540 28138 27181 10994 13651 33524 31183 37713 28364 825 39191 20650 11067 3692 30239 2011 15938 38026 914 30740 20627 34450 4051 31410 55 28590 243 12941 14828 21508 17779 14127 32619 36449 6869 31684 39459 21506 1433 30916 4819 1245 33664 14117 31266 29489 20138 23280 17633 31387 28463 5512 29224 36173 20412 39951 6610 31166 5238 36072 38639 15629 34991 33177 9976 1969 13489 512 28816 33482 36281 14677 32979 7523 30088 19741 35404 10966 17466 28109 2298 33644 11977 28591 28279 25432 18976 35260 34218 38964 13723 33840 11022 7962 23327 4951 15020 20429 9077 17433 6256 27326 37991 8987 22377 27394 22132 39398 31786 11951 22991 9519 13767 27882 37679 21388 27586 30958 35274 7521 28008 22868 7186 22343 1832 37553 29635 13214 35818 15262 26640 37765 11628 39540 21419 39294 986 28055 6674 31480 31467 16588 35309 31740 20763 33930 14798 23946 28822 39763 16735 26163 30416 26036 11576 38178 3847 18745 37773 26075 9003 35153 14797 35012 13045 33164 20097 19944 36038 36610 5956 7713 21668 22470 30139 16777 3328 4978 18003 33289
11110 15064 12015 16713 34527 21311 31472 11204 14186 8360 24279 28923 20684 31689 9795 32704 28476 23422 39561 15332 13563 14218 11774 36519 11449 6208 18539 21044 37177 26873 10781 4460 10960 5918 10723 34049 15358 14742 15091 17636 9554 21540 10603 16001 9597 34764 18095 25779 22610 13660 23075 25761 20018 24516 9973 1532 18184 39922 13948 24900 3779 10775 17390 36719 31296 15302 1466 15398 14138 17755 16981 33521 32196 5984 28870 349 22400 15291 3225 33532 20732 19381 17169 12302 39552 14553 13157 13951 10670 6191 180 5975 25694 19389 32286 20813 28563 28330 25890 28083 9081 38888 12709 24580 19952 31803 21351 19766 3109 7993 39967 25050 17936 5082 6715 38696 39474 29908 28342 10490 20833 7506 31463 29466 5298 27102 1672 34123 23213 30263 14060 14489 24783 21067 9740 9621 37668 15625 29123 12239 3308 37558 39793 1835 19509 31450 9800 22395 16406 18436 12405 20139 12872 35581 10162 14982 16748 919 11589 2204 9162 14209 14490 344 19810 19216 39438 31724 23645 10190 33248 31776 23571 26154 4602 28612 15988 11544 5106 37129 20238 35221 38689 10554 18165 34615 33882 30306 6898 24886 5905 35610 20951 27520 14495 37788 20362 24058 8582 7032
8809 19412 37413 212 28353 1087 9928 30147 2010 5251 30232 32772 21246 9693 19315 19935 19743 25791 36736 4736 18834 31533 31587 5341 20718 39623 2925 37605 23794 8060 31216 25257 20892 28564 33969 36512 13993 9463 33439 37988 26005 6338 37267 8956 31627 29078 36358 8618 27253 7867 17610 33027 30327 10991 9416 23863 28274 25204 11030 19744 19920 2853 39923 16636 22026 22447 25213 26009 30907 37703 31922 7168 17028 11755 33306 2219 21375 36702 33202 17839 14746 18934 6886 25431 28854 35719 9137 30979 17403 16978 27842 18937 33751 33382 33886 17426 24043 1450 37052 22243 30632 34023 23340 33563 19749 37818 26271 1075 9028 17252 7538 18232 14751 26203 14436 16581 22955 5163 18317 33342 8975 7305 27730 143 12866 33854 30196 9226 27293 11171 15058 19187 22559 34437 38912 30372 5224 31237 23632 39218 8328 25885 17491 24077 2633 286 26956 25215 33727 2153 24754 7432 39008 16464 8638 2931 17191 19801 27563 28630 32477 21475 9094 1045 12275 21360 6584 23523 22954 38792 29873 37832 17313 22080 39589 13991 31297 29380 8157 32596 20556 21736 3620 38427 26556 16804 9421 28759 18643 16145 32230 34780 5062 31271 18537 868 25170 8327 10675 32343
30432 3919 35287 32534 29447 26237 19535 24952 18597 32381 14941 37811 10364 25778 23353 8406 7151 7038 13314 23529 32675 35914 16260 23059 18893 16801 24180 14674 13241 13725 29787 24996 8508 13274 19186 32750 35272 21454 25550 19648 16457 5139 10448 2524 26924 1648 27343 16780 27202 35213 18291 35255 7469 1204 8433 27113 22690 21994 31446 3991 33766 23054 38654 22412 3089 27696 10237 29306 16216 13443 14995 22244 6097 753 2591 27179 5773 343 20025 17221 22829 39133 22039 36236 8627 13516 15928 13536 32106 10545 18757 27140 32151 12450 22178 25510 31843 38060 38086 38473 22531 34222 2359 26232 17923 38242 37290 34020 15793 23904 25199 10562 32221 25818 18126 13397 31845 29118 39081 2209 20328 7613 32994 20810 27740 10765 25545 34754 17505 15532 3527 24436 10654 31020 32047 12252 10499 3899 19326 25941 22203 2337 2510 38442 38682 33716 10573 5410 27928 24584 3364 34351 27141 8180 7764 21451 4076 5599 17415 38965 2417 35432 30708 30145 39427 26894 38749 35094 37501 25154 19379 2442 7433 25907 21551 29945 16993 27590 13147 2595 12189 13507 34996 27313 39531 22526 14411 23948 34567 17458 19357 12841 3995 14831 34329 37607 4733 19735 26333 6180
21004 23581 1728 22875 37989 28218 31917 30298 12481 8416 11790 12064 26090 6456 38589 3211 20770 18820 23010 629 8084 12909 33551 2364 34241 19448 30672 9590 31975 25249 24026 20613 19551 37286 27936 15116 14040 19544 4262 11352 33337 33163 25882 20114 39741 25849 38974 4708 33167 12919 277 24973 28519 38435 3796 8289 15567 21903 23292 10061 3251 30809 30220 37948 13220 20391 32131 10634 31955 32046 9170 30584 20828 23308 15119 3666 3645 23076 21920 24488 4553 34870 7514 28639 31038 16549 22428 22683 27887 36553 23921 16541 33613 23824 24368 23768 29283 9485 22263 28592 25251 25857 33807 5355 24759 27015 34994 8704 35031 35589 20835 3529 17795 21650 38901 12969 32478 35441 4131 39068 37338 7076 15906 17877 726 24181 7208 11822 24293 20943 35148 28321 11114 22564 31423 4850 15756 9498 8913 18064 17532 37364 20998 39842 24412 35721 29246 10547 20907 95 20615 37675 21181 26275 38678 23833 20303 25636 36289 15306 23151 21498 7586 8275 10035 24343 32702 36817 9469 33445 20683 39739 38306 13782 10803 32805 22116 11513 10845 8141 22002 31403 27733 3040 8262 31051 38474 19872 32386 25173 33050 17810 23212 37873 3571 34699 8373 31324 9525 38777
1897 4773 19059 22484 17950 15996 7898 17883 33287 37943 38337 7973 24611 35223 23560 10912 20263 12958 20688 37197 30725 7495 25074 1801 39396 37232 32214 27409 14838 17547 38635 13774 25708 1781 24071 25047 25556 20921 5670 5035 23192 22415 8774 29729 23074 23951 37933 34578 18013 39637 6431 3371 24155 31341 22682 25536 4691 15936 6776 19992 36813 24064 10238 23380 25923 7721 27853 22935 39881 37049 2077 39503 29204 35923 30821 14056 14758 27211 28739 38630 14478 21346 27421 127 19785 11770 18573 38519 32674 10422 39634 24746 24941 1738 34464 27449 25361 18489 31797 24050 19243 34657 28896 28625 38552 20992 2748 11570 29962 1121 18756 25916 20386 38623 19443 37322 34745 22511 23184 26230 35479 12367 1498 36190 22815 19987 7636 33288 26689 9860 8439 29088 4906 15718 9318 164 28174 24762 2512 20337 13750 30409 17312 25285 11429 27030 14163 32987 2662 32612 39336 9615 32652 19856 14999 33236 10940 19552 10884 22730 8001 20796 14915 6789 11756 11702 11622 31501 20444 39075 1503 12693 35200 8292 3648 6159 37810 39140 7377 14845 27195 3145 7553 22184 37655 29201 3320 28309 28487 16530 741 39500 17158 8896 28900 38605 19108 11126 39086 22109
13373 5103 3510 29605 25269 34268 36667 17759 26110 11084 23950 18817 34251 19657 39610 7418 35829 1375 29144 20358 5228 38548 17891 35106 12557 32932 17183 24663 4924 18939 22384 37934 29654 23584 39471 19099 8684 11995 3063 30031 20633 25975 4314 14333 9646 7999 918 18166 29859 33889 10843 39010 12331 9807 22927 14670 906 16532 4191 10327 38695 29982 23543 32502 21076 19398 21109 22446 29100 21649 10125 37289 17297 12253 4897 8190 36227 37694 1314 21272 32112 35788 11858 8903 4841 38373 6850 16220 4320 7344 2583 39123 14646 1106 36379 6230 486 28819 14369 28258 24911 1188 24440 14988 24453 33455 1236 14000 3565 19277 27063 13981 37683 235 33031 31257 4868 23593 18992 18903 37480 30473 37043 33282 27524 1013 6459 36197 17528 15229 37860 25265 2780 14844 13118 12470 20888 12788 32016 30172 28905 34324 22512 35635 18558 20357 29689 24989 27978 9859 37244 30769 10299 11793 39728 15842 29362 32540 35229 20255 5576 34951 30353 28856 27167 9258 17598 25864 23658 433 1048 25610 38709 22476 24209 35393 9079 39781 18667 12927 30589 35305 15961 23366 23031 13200 26856 6965 14799 39304 26638 32494 15484 19308 16766 7693 38406 10462 37695 15463
2016 9163 35925 31151 27374 34401 15784 29361 31318 5217 23886 2640 28104 6803 28999 6875 13560 21748 15497 25152 5463 35304 39520 39979 29575 19905 22544 15486 27306 31098 18 3829 35927 23448 35218 20623 33411 36853 12490 28820 14280 28149 1064 11840 13960 24206 2573 39056 11661 16124 24832 118 1722 25236 8062 37303 16139 35846 32158 37478 32843 18096 23792 15124 9176 2683 3595 19778 23370 16902 228 7177 33375 16123 32301 33630 15687 8965 27973 36609 35777 1169 13279 17788 14318 18984 36996 6461 24222 17366 7525 11238 33054 38531 1154 13201 3020 15896 21734 22746 14173 27312 1412 21558 8563 19467 37617 39649 7425 6149 25398 13863 14937 34824 15792 38293 13792 29238 27732 38124 28527 39754 31138 18603 24138 35779 14808 32283 26416 38603 10931 5207 17508 21636 38199 23806 6423 25278 12384 29834 20651 7167 28123 31722 20275 26690 36208 13719 18427 2170 31671 11523 27120 20334 19301 15069 13407 23299 13565 30161 31751 3781 15863 25894 35835 9409 18481 1102 4068 33453 375 7218 39295 20783 2177 26433 4321 3206 9110 38860 7341 39009 21963 25060 15447 15577 29138 12538 26871 21779 22618 3415 8953 13451 1740 13720 1881 29655 19795 21309
23118 27583 2313 7256 17882 36612 900 35185 38191 35559 27666 27793 19707 30385 22156 30977 23044 20784 38481 35347 13717 16945 18208 16676 16730 13255 26927 6938 21090 17090 28368 23901 34466 9202 8966 31012 34907 34807 37154 6904 16183 3786 37580 2433 34752 31880 26219 16583 10041 9020 36005 19538 21258 22349 14573 22915 31392 27117 39392 12197 10079 12737 25751 24594 29728 39099 32482 14025 18365 12540 34089 38541 20935 35146 36290 4969 14562 29758 2549 29531 10245 5253 33107 4942 17589 9082 10971 36904 14810 7307 14295 29739 17427 22010 13419 25474 22762 28107 31954 16326 5921 25557 30333 10231 31278 8191 36100 3037 20295 22561 14766 26771 34189 32729 2379 35270 20007 6675 1386 36308 36076 36912 32359 20854 31336 25891 7576 28314 5184 7058 32472 22727 14259 35611 31839 21319 8422 2202 38275 5562 35947 29107 22665 31687 21002 509 27938 3708 5492 4567 22147 27902 3332 8681 28148 13028 1349 32518 25156 37116 10324 15855 26762 16963 952 32920 30380 37841 19533 25158 727 30036 30391 22181 11138 566 9140 8318 30993 14581 13240 21374 8969 8395 12392 38241 29042 37881 12844 16469 10350 4289 16266 14325 5863 14104 38101 35300 28907 16989
37939 20824 3737 35573 16554 28548 33607 39328 36335 8509 39387 30805 9361 19584 22375 5680 19086 23235 30508 7515 30756 766 34037 5084 36412 12047 12936 3375 31848 11113 490 206 16385 39919 2692 34876 28111 26865 28071 13742 38838 33006 1537 33647 2864 33979 2239 31068 18585 25990 153 37652 4747 14094 39489 24503 5957 3973 20065 35794 35011 6227 31313 11525 36833 31023 7252 36993 24937 29323 20286 29358 36832 3702 38918 7158 19310 38035 19496 35022 36064 38969 16621 24246 28125 14986 38894 13048 2167 24062 36051 31552 29034 10591 26645 20128 15134 37360 20609 22573 29670 7489 19487 27679 21062 8223 8424 9654 72 37191 23403 9260 33681 28925 27548 2434 39891 5854 11808 34111 14430 38330 28475 28312 2293 37194 39991 38701 34039 22113 22474 16116 27615 14308 19981 12376 20573 4836 19619 9217 34213 34900 22669 9068 23488 11665 13020 23968 1823 30102 39806 12616 3978 30926 32256 20336 3804 8630 32836 24893 29143 13949 22637 12752 27136 28810 12553 30462 16794 32175 32335 25241 28987 11305 19762 21996 10653 8072 19711 577 32423 13088 11842 26502 31276 30801 39908 26384 27469 1814 25076 18885 32523 18265 4121 36527 6926 13823 17088 24174
9868 5954 29056 34421 31673 18384 37089 38820 19878 32122 4160 29588 37452 21204 22212 5151 3597 959 18874 16724 10664 19845 25716 4720 16560 16006 38576 32876 8347 14531 32761 21527 15301 17437 27689 32377 1915 35485 12161 15321 6739 399 19636 20864 15141 6979 2617 33446 16749 30222 36657 28811 21731 24841 38693 34537 24975 10911 1512 33185 34413 33733 6017 2197 24451 16105 37476 20585 6216 34624 10072 9083 27135 34790 19320 13120 30990 23745 4992 24261 10295 12846 16154 31169 20249 32172 27212 25783 36417 2677 3210 25618 15513 18438 6410 6502 24316 25443 31156 797 12524 8715 11051 14157 13176 17223 15177 19486 9752 8401 6556 25509 27523 28429 33190 29937 1974 12164 30282 18932 20390 14112 15941 400 7442 23540 9057 31288 12541 4748 19588 16643 24725 36283 1567 2921 16316 9960 16668 1119 13570 20204 16778 7364 31624 36882 39293 15491 6639 17597 17071 13072 11545 4804 5590 1380 8615 16282 6820 29068 25983 8590 9208 7961 1127 38209 22989 15428 36077 8673 12286 8613 15145 17652 23371 2647 7717 30115 22378 38313 18502 28442 12890 37424 34960 12442 35448 36964 15853 9078 25077 15992 23002 20947 37548 11695 27347 3056 26370 430
8740 24218 31158 2247 17151 24909 16966 8576 32067 3987 7101 25770 136 4843 27831 9256 7569 26262 15957 1278 16671 33621 8426 33155 25405 32839 31072 3923 23636 5993 37030 16835 11414 24042 24562 20625 12451 22488 15336 23973 2766 35701 2519 14188 9280 30660 26794 9580 12508 15603 30814 11874 36976 15748 17093 24486 15372 14283 10811 13285 31248 26482 13261 28950 9511 25094 10363 17209 438 38408 34679 1321 34115 2506 23348 5309 18303 252 39100 36312 38875 7375 7904 6205 782 25146 39146 33391 20825 23979 12818 8199 9181 21183 10465 29546 10622 36373 13348 2962 21335 25935 17929 21481 37077 38027 17886 16811 22434 36172 18814 38103 9517 6212 20567 26889 6114 17982 13585 10506 19688 15512 17381 13468 864 24748 14812 19267 9014 23895 5616 22430 19611 13497 33038 6393 35333 21556 36682 5658 15412 24816 16175 30480 5240 39805 28802 18275 2459 14466 28381 24076 28477 29933 12975 14881 18651 11368 8609 31979 12535 26683 2554 15654 15825 8834 16063 10582 24375 20171 16719 13770 33912 30281 14134 15227 11986 14217 24500 31236 13685 18753 18338 38916 14394 33149 17734 4461 29568 9222 39160 17657 2887 19356 12973 504 9945 34377 21935 37184
16471 23918 11530 38794 6838 9924 31812 26291 25899 6376 38401 21579 21868 32407 32537 19680 18913 36800 37639 28013 29559 19282 37858 27688 25438 35021 37204 33322 37343 22835 11320 1724 10082 30240 12169 7127 31447 31482 33774 26145 2409 35782 20667 8338 23587 5220 8326 5461 5150 20731 12400 9870 27518 13780 22307 39059 17443 26313 33272 26960 13323 16870 32137 32015 3713 23881 5223 928 32744 17455 22168 31948 18429 31930 35363 39903 26387 36603 24223 14334 1069 11590 26023 15836 38096 13371 4985 8968 23155 15898 20028 6529 30194 26636 12067 26530 31280 25325 31227 9893 28539 26723 14250 4996 12012 4701 5769 21320 7550 37096 15731 8082 20071 26853 28948 18857 116 37473 21870 24739 30909 36751 22084 31518 9412 15729 2174 36456 16688 920 9599 8874 15588 14368 3399 16031 37864 33977 15173 27058 26917 34766 16279 19423 9969 3553 5452 5662 26147 10734 35540 10002 30633 20558 14330 25256 1870 20039 31299 21524 2657 16305 15572 29619 35692 33701 28271 15558 17983 30639 19884 8767 12659 2291 19048 31076 30224 21208 38038 4679 14800 24585 2940 29218 31596 21262 8486 39776 14150 7317 4615 12330 21217 4143 23989 24437 38004 7477 8790 7881
8036 26725 35491 2770 10538 33816 3349 29284 27951 24199 36737 24737 11464 32840 23602 25873 9478 17452 2785 39848 5439 34596 23712 7626 29368 13703 21415 39849 7354 9550 16650 11875 11426 34896 19831 7435 1108 23978 17926 37007 10511 7398 9465 15422 8164 30162 38800 4357 8823 32252 17033 17991 22462 37937 9116 19360 21416 32741 10107 27703 27357 17548 21764 31434 5215 18277 28917 18005 16362 4109 3445 11614 38975 9262 23156 5790 20353 18341 5766 13998 33694 20656 38870 36581 20122 12486 27719 28035 22681 18746 31234 260 32432 12568 5546 33545 3434 5032 28205 32742 4516 14636 496 28971 23310 33182 7394 6689 15265 25593 24171 3705 15885 10836 29164 34336 25277 31052 33955 7915 15570 25858 30177 28504 11167 5236 3255 12768 30209 5958 26266 6514 15466 13695 34201 17301 28108 32906 2906 24217 14238 31286 6581 18140 35618 8619 29716 8722 34888 3636 32984 34982 38914 37746 18118 6551 643 32001 35568 20805 31199 16531 38047 28373 21515 23393 33168 3598 26702 32760 1980 32705 30902 31178 33700 1055 7938 3144 6350 29503 10887 19052 23469 19894 36747 225 39363 8495 22882 22596 9324 34885 38926 3035 31972 38585 25406 3080 39152 31349
1440 12024 34197 4674 6348 39420 19259 28647 6028 28147 17446 19335 11221 34198 24031 4465 30110 12336 14375 10608 1837 38573 13174 2 30236 39977 38379 33227 31725 17283 16995 12856 5581 27031 26469 4166 11041 14708 11454 17957 12512 18567 16956 10024 38796 7371 25525 25433 31826 5358 16888 25921 28656 15891 36481 9284 18120 6141 22964 38783 32696 14098 15102 13024 8323 28924 23652 30872 2750 20645 26127 23232 7035 36590 17378 18503 36137 38344 34892 7064 20347 29212 29298 31561 30913 637 7220 19043 32739 19851 5458 12300 39255 24897 38920 3287 14389 9891 11627 39431 12037 33557 38160 17413 20560 5554 19679 34550 35175 23612 33259 16672 29041 14085 20107 31103 15335 10333 6655 31621 3509 34743 13222 6220 35446 2063 12764 1583 33817 33060 1275 424 5078 6138 14116 10516 33117 17500 14741 21303 18295 27914 28336 17159 35884 20879 21776 10701 7865 14395 17105 12385 30051 18925 4077 29669 27966 39548 16258 37525 16401 2854 32074 3191 39788 358 30154 10124 25528 3601 39271 15085 3430 30946 18142 37966 5119 39559 26753 4031 11083 37905 28940 21439 8699 32852 8701 7786 39795 14086 25910 14300 23064 18272 24643 17773 4802 7315 10340 2813
35490 35483 21192 39516 30572 27318 5237 16113 8166 30255 1212 17100 38859 12828 34029 32194 23459 34041 29692 37310 23437 24569 37035 10861 9613 33184 31846 26959 37417 6325 2289 24066 26439 33634 35508 33544 19698 22717 25847 29354 21530 16219 9471 23553 19286 27552 18832 13333 4285 33132 16151 24552 30886 37485 36407 15899 29960 33514 24999 21406 2049 9190 36596 29018 30445 14107 1072 3548 12485 12142 27026 19797 1861 17575 36059 16758 14226 6255 26178 27758 21617 25299 21083 20971 18499 19891 3215 24943 18785 19494 13377 4397 20505 38460 21583 27379 18495 5688 5183 17260 10801 33028 35459 3583 29720 30297 33444 5478 276 4116 5595 26102 27428 10798 8418 1315 2473 3506 2981 11983 5400 12077 25111 39079 22716 24463 18357 23995 4993 35124 10073 26589 10758 33380 27786 18215 1432 4297 16419 10148 8134 25345 16226 26875 23050 14497 17112 9313 6277 25478 21480 36205 1617 10849 13105 3563 14847 9874 38386 17554 25521 33504 34152 12102 30664 10264 21101 144 37324 8957 2532 22667 11387 11876 38836 12054 12532 4504 24959 36153 21471 21735 20437 30248 1406 36075 31153 16002 17054 32189 33489 24236 28728 37347 23377 20681 13477 9039 25999 1180
8604 20335 28384 23997 36326 20346 13635 33944 26026 17311 39357 9802 7068 16202 18762 39380 313 9130 18457 5707 16540 3604 27056 22865 38044 28500 9043 20376 8538 15215 32444 14690 29472 27935 16213 6 23047 24408 8480 5781 27957 571 4922 435 13469 1760 39385 23105 6254 15093 12152 18328 30898 7109 2053 5825 8306 14932 11036 2653 24720 30070 19392 10553 2126 15815 24016 22215 1257 10053 22832 11968 32388 16358 31017 3721 7323 39566 26884 27450 27023 26699 29691 33592 34444 8905 1486 27834 19349 12875 21872 25498 26248 1148 18666 5970 16165 20856 10744 8221 28670 10660 37423 2226 31642 7778 12158 31898 23309 36807 27942 24266 38232 3722 33679 27322 12369 26431 38526 37723 25113 27799 18294 5916 5814 5698 4098 26236 2980 3297 28398 14548 6855 6749 13030 13259 24331 19038 1556 18520 22106 33929 24994 36571 24361 16043 20767 29315 39375 5088 38030 6778 18174 35547 37740 8523 32142 36557 24972 19846 15782 28736 36174 22628 27003 39417 39446 35943 469 16397 6343 16179 20243 170 22457 36432 10961 2196 14302 2015 45 36422 22258 26287 13266 23734 18297 19426 2522 13543 35878 22426 16186 20962 16510 20045 4688 3593 263 15982
33936 30636 7906 3156 6283 39436 32914 1074 15475 37766 36607 25690 12871 18731 1654 22284 27589 7850 36601 34314 13345 33180 24961 11 30104 4204 5496 16346 37590 22923 36863 25459 34275 3528 23880 1978 38721 30795 24390 10371 24738 17353 2971 30284 1337 35825 223 23691 37285 12449 20511 29479 5165 37775 19663 16627 35330 11339 10159 30730 25762 3970 14969 19065 9025 297 19051 32222 31389 25323 34918 9319 25297 23316 26880 32614 8404 18748 20887 39584 10818 28573 13365 333 23847 34160 12061 8344 36955 28 31433 12168 33148 22851 37126 11452 32713 14386 9396 30169 8034 11233 32603 3733 24872 18950 10549 5604 31133 18450 39858 25995 16983 20649 23485 30035 37892 21673 3132 35875 14518 10000 29376 25124 37301 29432 36887 3988 25896 34184 17041 18286 29163 22159 28797 31256 26610 23239 11699 10992 34565 21814 29523 26000 13500 11586 28826 15048 28486 3980 4696 33329 28404 25767 31142 24785 38850 1960 3994 33541 24812 5145 17269 15153 9186 13946 17485 26759 27286 13378 19026 15348 36499 5028 33660 17893 4801 29418 29530 35078 7753 23842 7066 39639 20666 10916 28552 23211 1133 21833 28489 31891 39202 37729 27858 14298 2283 26464 34842 8058
38750 2654 34646 8403 11065 10999 15947 26337 26806 36045 12461 12874 1194 357 5384 12849 37592 14759 21459 26758 6968 5176 12477 30359 19864 39886 8946 18060 29525 11636 20306 6405 22608 427 1705 1138 12761 27397 6885 26197 1534 23468 19567 27560 17894 2441 4583 18114 11781 12420 26327 38329 19204 13342 7470 777 15460 32584 25676 16773 3797 37809 4421 22240 19802 18196 1709 11130 128 6775 26452 25755 15305 9426 4172 25110 37207 16330 8456 25492 26775 35280 16534 35690 8411 1015 28362 33233 17531 1581 37792 1873 209 10288 27222 7918 28313 8138 15703 26979 34319 4904 36898 10700 23258 27493 30395 4935 27815 18389 30034 29808 37583 29211 33440 38762 35916 5424 17975 29165 28787 51 27964 38328 5123 14473 16069 4675 16673 39666 31635 38941 6099 35447 28754 35225 21094 1863 21424 28862 12389 1319 27209 16170 35654 39511 17487 34050 8910 39864 29522 35915 6849 2927 7077 15059 28742 39906 4657 13556 11519 23048 9993 16037 16027 38904 28875 34467 14618 22530 9871 37108 23214 19151 24006 24833 13361 14036 25494 11861 33596 36947 39394 26711 7340 3949 7209 28418 33020 29084 33593 12366 2763 23246 10091 29252 2793 38482 39965 38831
10309 8974 6366 20452 18674 34328 19434 10198 17595 16763 4718 36304 8916 29109 10039 28195 6264 16092 33252 16467 36924 8571 7878 24182 32246 22308 28994 24634 24917 39897 30842 23800 33600 16775 8492 15882 32002 23376 5544 7811 11896 815 3667 2133 4991 14329 461 8586 1232 20467 9688 15200 2747 38023 38939 964 29460 8631 28025 33659 1369 18867 31817 33666 23688 3642 23552 31309 4807 23875 4562 25706 4304 24622 29474 6605 29009 10370 15545 33676 20601 28235 20005 24913 8469 989 34341 19147 39429 4717 28794 18323 31105 31035 22519 17797 10879 5703 33828 31042 10347 4303 18553 27637 27571 17707 33083 23953 8584 25829 26721 3964 8644 22586 34626 38224 30071 31193 36253 3851 19705 2730 36618 30516 8556 38158 25186 15620 38135 3387 19587 35169 38963 17518 17987 19869 28789 36109 23802 32306 20766 15504 1163 25928 24189 11491 38992 30063 3478 21064 15044 9742 37022 15418 37877 18589 7004 32955 17095 30521 7278 26257 7893 25311 24185 23230 37231 5822 4330 31469 11669 27721 39147 7885 16901 9544 14427 38400 31643 12210 24652 26175 36658 3989 21273 18492 18300 18765 24329 17551 1992 9952 5081 21257 7793 10910 9024 14532 15241 23294
30988 5189 38822 8889 38558 30941 10247 29930 2199 23887 13054 8739 12021 30114 23631 2380 15769 18849 14552 18629 31757 26167 27756 28760 25053 23546 7210 25893 9701 20145 5099 25229 2480 17417 39667 9684 33702 8352 22157 35132 10702 38188 37697 37663 3039 1318 37794 30393 31927 19474 10271 6624 28815 39018 14840 39488 15390 7324 21826 36144 33513 2817 25392 3203 36410 17213 466 19488 35525 1379 26772 29282 17234 33610 11228 11158 4716 10004 16299 436 3684 36528 29189 33857 1297 22273 17752 5932 647 11433 5303 11873 13249 30727 20258 1000 24755 23414 27447 30024 16086 1451 12797 33044 3015 1343 33264 18356 25180 14225 39913 27011 19321 31402 20503 30375 27909 6642 25182 22232 924 16725 4965 38591 6548 15453 24567 10812 12701 12235 12314 31668 30602 34803 11025 27869 17091 18302 28834 6525 16487 26563 2367 6932 20072 12050 27220 25353 4974 2746 6770 39212 5317 34162 35816 38484 13346 34506 26926 15840 16949 19083 24656 18942 39111 16821 23474 3260 26270 6327 4221 6179 39137 16138 30477 30315 25872 15773 28179 14135 12997 28253 26185 3117 155 1940 37341 26522 24688 13818 20952 1390 33296 26138 1657 37874 15472 18703 33565 33624
20725 21678 19154 2987 20313 36021 26181 29895 32014 21477 29753 28523 8729 9765 28022 34921 8359 39211 7313 33758 24807 37565 11031 39748 25059 34519 25382 29400 27158 12827 5815 4404 35369 19677 31172 38304 19594 17402 36482 25312 4882 21265 27715 23764 37318 12635 26523 32972 5832 18393 33032 32457 2558 10007 28460 18399 27606 39410 33300 13963 24692 17629 38833 19970 26088 37869 34652 20256 38620 5621 21160 3353 35036 24852 33699 5367 6582 25018 11666 1766 37927 28432 39457 8639 8553 24915 36195 22883 22639 33026 24696 11423 13179 24315 36881 12008 37046 30707 21176 8118 15791 14869 22874 18206 18899 35334 15413 11349 8687 22176 9726 10767 20081 33053 9898 17985 27366 30628 31868 16311 939 554 11304 39640 1093 23706 13061 31560 20096 9774 26411 36721 5421 28545 22789 22060 9234 4486 16703 21264 11151 5387 39064 10331 8647 35861 29407 25726 3279 13873 26987 5765 37327 24687 12598 24801 5600 38676 12353 15162 32604 21288 10057 19247 39986 27764 11370 10410 35354 21342 1821 36988 15198 36273 12898 18504 34816 24263 10177 25008 2375 29198 27847 35471 35349 21058 20598 6769 8862 15650 34771 12570 1062 13043 37518 24230 35003 9851 10878 33245
24208 5585 201 20244 19809 15397 1244 6860 18497 6495 13769 23152 4356 31426 12562 38069 39783 14198 20109 3490 18388 11574 27541 7792 38787 10028 3108 12696 35097 29363 30830 13056 18048 24086 18626 27375 16071 19453 9919 16396 22220 7557 29328 18360 28004 25759 26611 21694 37471 24799 14239 468 27698 37477 17613 19266 4386 12574 7591 7517 14676 9628 23300 16200 32607 24088 783 22225 18449 23517 12027 32382 5873 20330 21214 24967 19995 36091 29592 13078 27956 39809 2052 37334 12976 8333 10710 8362 16881 10192 25029 28642 19731 15919 7784 17697 32309 27311 3835 34477 1808 28245 29663 14219 2710 21763 38718 27264 26047 34709 36355 32261 20167 15427 39612 6760 20870 1776 35565 1605 37118 25750 8050 3409 16833 31350 841 990 2412 11779 34177 12949 25652 10379 7976 33963 10475 14398 28193 6195 627 4753 2915 33389 13604 19226 37763 25841 16593 33534 15290 28242 10423 18418 35536 7932 39478 28203 35725 30100 26489 31081 4022 9842 38171 21548 9049 3950 1295 23549 22794 27510 4402 28850 27734 19732 1283 25004 19461 2762 15270 10754 26625 10275 16051 16325 22364 15051 1281 4960 19107 8606 23659 12965 6194 29492 12931 26617 24511 6440
10689 8754 26192 13564 187 20516 28367 38720 35669 29677 18810 1780 26678 24524 13892 4174 26755 30829 34101 27718 36428 3036 38042 16493 24702 26602 9830 13447 13327 38981 6603 26763 38529 13985 27086 6823 21637 4990 8481 28403 35776 23444 33815 20715 38885 3550 31407 36457 15589 16959 26738 9242 24726 9633 14916 38277 8840 16958 16600 37842 26745 5467 31369 1164 27629 24195 36285 21484 34458 9401 4238 25574 4102 25246 14396 12495 36656 31170 31117 31516 19843 25788 7254 39195 27971 22752 37536 36115 25793 20265 17114 9088 8078 34081 4001 19089 15343 23683 29054 26603 35855 20791 9954 10989 13803 36536 32147 29843 21510 18031 39613 24145 20315 2187 10772 30448 19616 36332 13212 1320 10613 6244 17725 33216 15683 26455 29726 31095 18101 37389 18586 36568 35901 16876 31382 12090 13699 4600 19411 35754 13513 24074 36440 28212 27110 34435 21399 31540 32440 18853 27618 765 10066 21656 29694 35726 813 13210 2533 20893 39169 20361 33226 20898 36183 22656 8358 16283 15596 6602 21324 2741 3199 21824 9446 26244 34818 36926 29845 1987 23390 33748 12748 34369 22537 11074 23663 16103 16252 30344 11947 30216 32467 34338 5112 21611 25375 27710 28103 5004
34310 34997 36687 18951 33405 29613 26046 36545 1361 34014 11696 8012 20462 36642 27644 38053 26844 2885 29261 21679 37995 3657 14410 33099 2781 11446 26215 14793 21161 23291 15688 3879 38363 15828 11996 16500 14414 26260 20332 11068 30113 17322 5474 22998 36746 124 19936 33605 32577 17374 1250 39159 28139 8645 32633 13763 429 18487 28981 38105 28530 12516 11528 19440 30124 36019 14551 19053 31143 21270 38128 9877 39796 15308 19363 24784 18227 3016 25508 10289 25453 38664 5060 7413 9185 22507 36296 12448 11914 33768 6479 36334 6633 11686 39626 44 35126 38156 19769 15742 26564 28508 8348 33803 30680 23038 7406 18415 14200 25809 39341 30619 4959 7236 31330 8369 27789 29590 7027 36459 3222 1178 7537 30859 3269 19507 32115 26837 8608 10792 13192 32894 34381 31925 2232 969 36419 318 33098 37495 14084 10344 36522 23186 26688 7325 23936 17451 5051 12238 23620 37755 25271 8153 12056 37625 14267 11161 37761 32700 30852 38448 34024 17742 7036 32966 7979 21594 36578 4768 38887 20913 39006 10903 685 2660 37229 7455 23760 35743 25301 14504 13231 29969 10355 15689 20348 15316 38768 22371 15661 27137 9192 16810 11730 619 29411 22856 17794 2136
16158 18253 9493 28931 23110 4288 35570 10719 30911 38691 9880 4324 10043 27814 9358 6985 15074 29679 500 29915 11698 32379 21625 2954 1453 14073 17591 29649 39458 16101 10472 33718 30377 29816 32042 39927 20384 22535 38737 34150 34469 2335 2395 590 30078 15266 35838 17989 8061 18743 33108 27631 7839 6871 38257 24772 24836 14951 33832 3816 16381 14620 26362 32088 10855 34556 5881 7104 5867 4004 37039 16630 17309 15132 1884 5968 28996 4079 1397 10793 20872 32963 26318 32813 5408 7968 34114 26684 21711 26667 2928 10109 33349 31862 18594 17362 21225 1002 30158 38502 23884 32496 13745 5273 13169 2663 24882 33089 13416 22515 3736 35286 38776 15922 40000 15009 35402 20230 20133 2231 31837 21647 35524 4557 11280 4476 31113 2287 19980 28624 985 4442 14096 13729 6814 20849 30043 19726 2014 16617 4435 11911 27839 25600 33301 31525 8218 18381 38423 17735 176 34159 24681 18530 27078 5308 18521 16997 6824 33219 26760 11994 6593 38956 34503 18386 7120 1091 11970 26961 12017 15382 9206 8772 21908 18676 901 23277 6202 2273 13287 18469 33352 14312 22522 33326 22633 22388 17120 39702 3953 12223 30849 29225 15716 29534 29342 18219 20247 23301
11710 15317 17432 10411 1727 6853 39450 4609 9007 18454 31981 36381 29687 18581 2801 4197 25220 31243 17053 8120 10794 31631 27817 24888 16400 2195 14261 18239 35029 27423 1769 35633 38229 38629 13239 37502 26724 15279 22924 21005 32939 37609 24265 11216 19103 13580 23281 32946 30000 5655 6052 30864 10424 4526 34277 28778 34805 7378 19844 2866 17541 6997 11851 30880 22295 39835 16300 31768 13510 30427 30433 13503 6725 32628 20046 32623 3285 35898 27628 28255 6910 34200 28882 12537 27806 3426 5566 25765 16784 19018 17290 33548 4184 26183 33957 6959 35414 30119 16480 27177 37156 36325 2734 29120 28296 3342 32025 1014 20320 13813 24581 548 27131 7742 31021 36025 36985 28651 24547 13736 5570 30044 8977 25191 32282 16586 13242 20682 33542 17898 9027 6067 13612 28998 9033 9229 21535 9440 6486 4277 28335 26456 7369 36922 14625 21700 14204 19518 16141 16234 478 12547 30460 5416 1260 8895 7194 6883 7974 14205 10115 25291 7773 32327 29984 17057 38045 33635 3558 26677 31214 25272 26162 239 2462 38412 14591 13315 22791 30800 17951 31543 35245 21043 3771 6653 5980 12471 5177 15975 20850 33140 33181 37340 2449 13623 5700 8459 36401 18059
13418 20392 34929 22119 38864 19405 32287 37404 31829 32779 17243 28690 3784 28511 22052 4012 8731 38758 23609 7480 14716 14471 27595 7112 9548 2326 4792 31727 38577 13307 31488 4220 3441 31966 39555 37048 25632 33922 3436 22611 4683 11313 25533 28661 7080 13124 22940 9211 849 17196 17347 31885 34974 37560 17348 7014 38803 32971 1514 3264 6953 2455 23119 28734 12723 18479 2609 17080 14899 30231 8890 11675 18484 36004 32107 2216 35406 6471 27803 20542 30844 21562 8717 29553 12118 15115 10280 25228 8071 30793 19104 33424 9664 29731 13630 28621 9594 15730 32861 20821 29258 1515 17116 30189 29162 4331 10523 28851 3027 37458 33311 27073 15055 23942 37465 10392 4171 21861 32605 13396 658 24136 23253 27977 34454 36937 7574 393 23730 37828 35870 5283 24247 1073 13558 4066 19577 30585 29442 37392 22406 35297 12108 38166 8893 27735 18654 6521 32818 16416 12591 3658 35427 8869 5426 9617 38432 21469 37808 12878 27899 2308 36260 18559 34298 2565 14179 35575 19287 13183 15320 27783 11612 39175 6626 17563 16514 29864 27077 6861 10133 24273 32740 34993 12605 4531 2348 16377 17857 33009 7105 31921 30503 37582 35142 36231 9816 39757 17986 13861
37171 7426 35222 25070 17757 21195 16163 16667 7600 9869 22170 23341 11789 38772 25486 16648 21029 9285 28102 30576 22695 38628 1842 10193 18993 800 39627 32599 3348 13197 25139 23168 13819 18542 1642 37272 802 30242 5609 6323 29638 18030 16016 3105 39950 18804 16656 14161 17097 32961 10205 37488 32180 320 16681 25850 34948 35246 15258 36179 4050 27138 966 16824 7159 36757 29245 35959 9703 30777 16975 15854 2276 38100 11016 4579 4641 35990 17685 39180 12357 4591 11746 22023 39912 38633 22363 1929 29759 22051 24856 3821 27468 31507 14992 4360 39532 37904 39012 17524 23051 14191 13765 2717 30745 24723 25088 35643 2401 34419 33165 28769 1743 11133 23451 37279 7908 36573 34721 25078 1956 18411 21285 7803 36372 6772 29764 27404 39253 13086 37336 3561 37859 1416 28867 37134 3101 32554 30029 28842 32815 35156 18551 34389 6401 8727 32031 5141 942 20246 14865 31522 3171 24697 32500 28232 39535 11354 18818 37720 18852 7788 27285 29686 34563 27146 27169 29117 13268 6540 8304 34273 22591 21277 2387 34935 15800 16990 27791 32372 10770 32725 22292 25046 38396 34846 3850 39828 26928 20865 11849 7617 31796 881 29823 7834 32443 17910 5763 10543
11937 542 3984 1341 9103 18160 17363 31295 2323 33821 28696 13597 32995 39688 16669 2842 15536 17050 23439 39668 6764 5955 19505 2436 15768 34730 15663 16128 37393 15835 10681 34368 16462 18783 11475 22252 7145 30592 13534 15883 24297 20922 1688 5545 34259 6629 27781 25225 20712 22653 35590 39682 11550 25283 26997 33189 35055 9903 2551 23147 38706 2577 25580 36336 33011 38929 16068 37876 39148 12675 22325 24632 28224 3179 26052 18212 12143 22590 28036 9019 4471 25683 18683 5427 11010 1847 23464 8734 1930 26930 26480 25127 24671 25081 22584 19432 20991 21961 6509 2916 7648 3002 11045 25395 32983 11480 15373 23088 8455 22660 14264 36321 18531 33516 19993 17061 30695 38115 4384 21699 31910 37770 6864 22345 16424 22044 10974 4661 7405 37170 24963 7558 9461 14160 38665 20342 7353 21854 27069 11987 2236 27483 36218 18221 35546 20098 37498 11791 39303 35790 24469 21452 21788 16969 9676 32313 20291 53 25879 19198 39784 4813 39625 30968 38977 31140 17192 20702 16789 36640 25397 23906 33263 11611 5398 32833 33221 10837 1893 9642 5053 8653 22305 38018 11215 18088 3669 22024 17663 34209 32097 27495 38878 23967 30706 25266 8520 8198 24761 4620
29427 11329 10463 4249 11732 34914 31870 16087 12307 1701 34334 12955 37113 11807 9828 2004 25860 35758 13167 22778 19768 9567 33697 25247 21299 31629 28208 36200 27691 5807 21030 33867 14121 39660 13994 34832 21804 35682 25798 33470 7949 18870 23221 16436 16034 25069 38021 8346 7019 2827 34246 17791 37686 32764 21774 26958 39243 16571 27206 707 37976 1784 34582 16007 32624 14557 13233 12355 12835 39219 10330 30457 8816 4348 34247 9781 39381 15606 29943 39937 27654 7519 39017 11865 22490 24306 39621 18301 9784 25399 30431 33460 24386 7787 17896 36364 24142 13146 12323 15474 34325 17523 20470 34161 13721 37124 36515 502 12720 33347 19527 19950 3496 11418 23137 15699 6594 2821 27597 21956 9766 29494 39695 30860 3338 15146 20580 13541 23172 8532 15244 27481 22459 6483 11537 26264 23825 6796 37955 32555 24147 32018 25189 26851 24609 12883 35940 16618 26829 23163 31401 12458 36159 36062 8187 30419 25303 33412 26989 9063 29114 13360 34364 4928 34966 31980 27933 22858 7809 14207 22055 21809 36661 28020 33367 23637 32692 36675 13260 21640 38397 37125 14970 18763 36347 4437 7921 22427 10611 828 35134 2451 4248 18368 4237 31841 20465 35538 27308 19350
3925 35319 26503 38092 28172 35681 24763 20906 6344 26012 21464 28226 29923 21386 29580 29633 1625 618 21902 37701 16602 30858 30531 32161 6995 37241 33217 29601 3172 10418 29133 39811 29112 27538 21259 13429 23750 12403 35976 28977 26285 22259 21572 21696 18575 4790 3379 36715 31062 25446 12343 11806 13572 2207 25125 10615 3674 3750 38359 36753 10810 20129 1559 18047 34003 37640 1998 27282 13490 23016 13237 30089 34827 30677 24444 22289 5181 23311 34837 16176 23513 11102 16049 10195 31884 15341 4370 1749 3776 3525 532 23564 7053 23373 32000 29922 8697 39046 39115 6784 15813 15823 246 34457 9187 26942 32078 22066 31970 7434 29779 14664 21000 3317 36773 17008 2080 34380 12942 17847 31104 35801 9109 3213 35271 5104 15865 2297 19948 8900 7665 15746 15433 11026 18670 19880 19337 20576 3814 11316 34058 24867 39415 8552 21220 30623 27709 35356 24030 37361 39852 18679 28001 5894 13269 37623 33786 15026 39565 29836 34631 33999 1452 17858 34990 34140 26532 18282 17263 11214 21366 17659 36276 21702 35283 8253 22642 4216 8448 12886 16755 6005 26964 1692 9639 34475 29770 32368 36508 27515 27338 21028 8543 16076 19830 13821 4775 39870 34164 24391
403 1914 11192 33386 15245 35869 15976 15515 39801 3650 6308 30237 26179 14944 1589 39299 13097 28658 11689 17615 33257 32064 28070 26369 27765 32901 22115 9432 16177 24457 34591 7283 32209 18931 3732 11938 28464 19080 6451 9466 1152 21974 3815 13871 32799 30820 7863 26728 26079 37391 37987 10398 18057 8706 24295 6047 36974 38123 29391 38083 14187 14101 497 6233 38164 28749 16257 16592 11769 30972 34899 16249 24548 18314 17593 31479 16880 39705 23597 10581 5264 28281 8435 3278 8430 30692 13735 5983 5411 6628 29952 18134 21108 1888 13470 36676 28322 17392 13851 10865 28997 28601 16903 39370 29754 9582 37555 39078 19148 32928 34978 19806 32753 11978 30631 33064 26322 29457 26443 24082 16720 28383 33378 18769 1877 29126 21681 14058 8149 17854 38569 37520 34987 15434 21278 17174 13817 2872 28623 8382 188 37704 22579 12424 26437 23608 6250 38686 38244 9588 39785 20231 37650 4664 7836 19332 10160 37050 226 32219 30607 29488 227 38951 28939 17580 17197 23567 10103 650 36588 15917 11648 804 26208 25814 33899 30671 4852 6086 37822 11572 12889 13995 12911 39607 3177 11490 34332 34315 19923 6746 1698 13920 1383 6638 20708 13820 12688 28949
24642 13776 32970 843 2711 9671 26514 15399 39425 4351 23885 6868 7454 22799 3083 21544 27315 12956 20484 1056 13455 26014 39714 22666 27810 3680 15339 34440 12754 21254 20413 11169 7978 704 32655 14492 16337 31356 28468 27743 20592 12946 28161 34936 19607 15757 22169 21340 24846 4283 21306 26720 35658 8732 8954 32123 25626 17167 14897 32396 22224 8782 3559 15045 22970 22510 21112 22121 37813 10685 39301 17499 7416 21985 30888 24301 15169 25696 9589 30386 9662 26899 2124 7478 26136 37795 22541 35442 36665 37985 10402 26357 6984 22796 3617 37922 28595 33616 26504 8738 12082 14681 18022 27844 14639 27356 27678 23548 8892 834 9286 10550 8407 18815 39098 1357 18480 3291 34228 5580 16756 2613 4540 7360 12905 12196 23524 18358 27440 21223 30388 18777 7436 37500 16982 2514 28093 12676 36630 6816 25086 30270 36121 14602 18627 36098 27777 317 25090 25927 30006 11963 24410 3469 9968 14624 31493 2242 24052 32241 19135 36093 18413 2596 13596 19304 32486 27511 9961 29953 18463 20798 7729 23055 25562 31718 14052 15877 30755 6481 39342 22593 22721 36110 39118 784 2814 1539 8580 12375 13270 29966 5848 18751 11431 9986 36538 1471 26838 31534
34033 37830 37178 385 7666 31530 25795 16965 2176 25656 22820 28756 28969 10222 30004 13812 1663 37924 22699 13669 13557 10019 14193 37538 34056 8695 27214 30305 13075 35512 39578 2943 11144 33385 36822 5635 31071 4821 14292 37906 6897 4940 10100 33046 22135 36623 22631 29387 15871 9491 9295 22038 7171 21516 34133 21905 29334 10143 20142 26035 38019 12200 32509 15367 26507 28433 4816 28553 28094 24749 2027 31196 30038 3831 30225 14965 39268 22437 21274 35822 12422 3114 27339 27712 24320 26006 17712 31511 10232 34087 18230 34212 23956 3609 6008 5564 1806 19268 36755 30371 8467 855 12838 12992 38730 38874 20453 17803 32816 2450 1200 21889 26831 21768 9191 25757 8478 27052 4735 39245 9277 9495 16609 18959 13065 11916 31847 4997 13155 1115 10452 6806 28544 8054 8755 30901 25273 30529 33982 18020 39698 19714 33086 9686 14026 23062 31888 13890 6500 24995 28692 22007 23146 17908 22227 36585 15725 37807 23189 26920 34853 24708 18764 24587 19012 33654 39414 33481 22532 36722 22299 4483 456 18754 20553 219 35046 6983 2156 16187 28448 32907 6265 33720 10278 16967 879 11692 912 4962 23510 23400 24787 7048 33522 2690 4901 39215 39166 19929
24417 4800 22728 14702 25666 33434 33750 9311 22689 25937 5451 29308 16545 30610 30914 6810 25558 39582 23834 12855 25468 17357 14648 5335 6665 11795 8313 38398 6426 10085 35768 12970 25452 27754 3890 27200 28064 27463 10988 10938 36146 20583 19000 8047 11891 20815 30688 24678 36913 13744 34937 25789 33947 24269 7188 36535 11275 36892 22823 2012 25810 28030 564 13142 23900 6088 18485 17993 5431 36708 10977 33069 30903 4694 19212 6324 5011 28741 16892 15451 6704 39861 238 30470 33923 8296 24767 22393 447 22756 4840 20820 10015 32428 13746 17182 17895 7009 22977 11478 15246 30754 12758 24035 23256 17400 25940 5392 19442 3082 7146 37009 12673 33187 20836 24496 11225 24128 27519 29369 35226 13320 24041 12281 28813 24143 19956 31106 14416 582 6373 32712 13836 39003 37691 15771 9246 3579 9651 32102 36984 34528 3969 22096 24168 32562 5457 17048 18032 37422 10802 6192 799 6110 16278 20709 26809 37834 4788 21750 24084 31175 11487 30178 9494 9475 2088 36448 39902 12209 37861 1720 13847 10185 7337 2274 30258 14535 21729 21842 4704 5799 29789 13187 39283 6986 20501 34602 27153 25570 3844 16473 32716 39909 26198 11424 21863 23666 29579 17596
38419 4564 25384 22033 22361 15658 12053 39210 5646 25917 18986 17720 13464 34711 17168 5117 21120 35366 32708 27028 23418 32349 2972 32005 36196 35796 13888 31690 31456 20274 28863 22001 21599 27085 29099 3241 29216 25664 33313 5526 13912 22861 16826 5169 19553 28609 22736 39989 36246 9743 8398 12272 20851 33056 29803 13452 2585 27656 24655 14946 16013 4712 30766 35400 39704 27983 19763 15952 24673 31856 25426 36781 259 8200 1782 8514 17614 32777 18673 33890 36613 12918 26156 13768 31617 994 25035 35264 6587 17339 10799 35281 4779 17686 27435 11998 10898 10943 14885 31565 3366 37081 10316 21986 16900 19345 21550 31869 13679 31599 30509 8392 2689 12700 26991 36291 17101 18082 2825 2312 22071 7001 21509 20787 1820 3607 11058 9245 39040 11907 24531 21507 5869 7499 25313 11547 26280 20873 31032 25105 21695 21830 26801 7728 32578 20272 14258 4681 39887 10752 28800 8091 13546 12618 1140 3079 26676 11377 11757 5802 8309 23141 18498 23188 26168 4884 12177 14048 22891 4039 34785 25623 18355 17611 14563 16054 1323 2567 22982 10873 22197 10404 24332 21012 13096 35316 8542 792 19798 1082 26161 22006 39333 28610 35074 20677 14291 649 20671 10480
10632 3302 22072 30191 23056 16033 17784 9648 26764 39005 10777 25532 29152 38334 15062 3774 32867 33465 13918 26641 3167 18967 7385 19839 8450 8863 26654 13440 23255 30423 18290 10406 9099 26294 35564 21892 32108 10978 35208 20701 32376 29310 10576 18501 15493 6485 38118 4834 21115 7310 5018 28984 20448 5845 30437 32848 9455 35091 14378 35043 25315 20743 24653 38409 1739 21382 7410 29600 34898 33823 5619 20608 33964 9933 34103 13368 3368 25583 30757 11057 20370 2614 38855 34523 15476 14657 19670 20642 12157 20067 20782 31555 15555 21677 33961 21937 31353 39683 23114 2143 25232 20110 16370 8442 2490 33841 18695 39367 29130 6092 17892 27443 20829 35257 16233 18606 1920 39720 9142 3372 33959 15384 30876 35172 1568 39934 39369 6740 13456 22818 15356 35798 8396 38509 23778 19645 27368 9755 11688 8737 21712 17306 11175 30382 4532 3928 20673 37970 17246 9204 11226 22419 23302 14359 30552 34233 4046 30415 15191 22516 11005 13438 34821 35935 28886 12250 17804 37130 9956 35392 38112 25884 26533 5379 20536 11043 9533 22786 18178 12985 20351 33192 27513 27294 17465 35370 31373 4440 11364 6475 16793 31011 9791 32977 12994 27241 14830 34651 17852 35939
787 30062 27378 38501 28873 7452 33458 13426 3887 19520 25568 16264 30783 14029 13041 26704 19001 11256 5597 34067 3389 39999 32548 2899 35072 20788 22483 31583 38817 1135 30261 7888 21100 8244 33488 11027 32733 7309 37042 7887 382 18744 9243 10150 7659 27797 21460 32276 7185 25138 4018 32565 5485 7022 36518 13662 9723 6686 21024 29542 36031 1454 993 24275 19096 8023 35598 6889 8923 32519 39595 36472 29046 21287 9439 8842 11864 11857 22348 36670 2168 30331 17744 34872 30522 32155 10461 31886 11500 1563 151 7581 13441 20301 7737 2025 36728 1182 6977 34534 36117 22046 19351 14861 932 31662 24912 21705 6579 23112 1279 1522 20960 29257 36318 1071 29858 28106 14669 7571 37978 29774 3914 28823 35699 36718 34852 1799 19574 31505 36081 26091 10343 31160 1557 27246 36002 23046 18771 15122 21493 34252 36268 34045 31944 35946 19625 3659 30506 19985 28660 22082 34179 38324 12847 37335 21693 5171 32632 25945 8098 21251 1748 32247 21455 32718 2296 39803 11915 35567 4771 8832 11506 17439 4665 2474 11322 26695 1478 9619 38366 34810 12345 37448 33354 5723 8288 25386 11935 6455 11975 29219 11017 23606 9702 20489 9289 34483 28237 13930
15987 12695 31571 2051 32315 22054 8040 30002 26902 36626 30696 11740 36223 10867 31588 37281 32834 39518 23450 26356 18268 3758 20415 6831 39629 30543 2973 2792 14983 23003 11088 31710 16646 15478 29027 3344 28480 39533 4041 9801 30953 36724 14251 9741 17292 25033 9283 5425 7203 32091 16232 13599 31452 16790 15439 11522 5292 26137 15235 23660 10498 15857 15614 24621 28608 7379 36732 4126 29972 25290 35890 7775 31716 26561 13084 17359 20105 24920 25796 15711 37658 14469 24353 13131 33523 27043 3861 5002 28351 9557 523 10415 16168 35058 1252 27388 20611 26150 22478 33062 8793 23830 20997 7322 23318 34573 29199 18085 19333 14153 23020 10636 34236 9259 35019 11738 22334 36041 36475 34204 17514 13512 1463 32184 19298 17022 3019 4045 20285 38142 28244 18412 32019 2951 16595 21429 26943 13964 25936 29815 4409 3390 16759 37040 23303 19863 24286 6771 35217 19973 31780 37316 4676 35967 19394 21926 16941 11347 12718 1604 23878 30106 37019 2622 20643 2804 2341 34358 27746 32116 37358 5349 6293 20176 18642 38863 36141 30455 10986 22769 19638 38830 18980 20389 35361 11737 1898 17833 37929 11107 15845 22749 16834 11156 15156 19737 35509 4822 24379 39178
26421 36927 13064 10925 16395 7599 3845 29830 14487 7366 29552 17816 36203 12981 10894 33211 16576 36880 8603 34244 18437 17154 35408 24078 34068 20600 9499 4148 17576 29567 5796 20970 24310 6800 2628 4776 39618 30425 12394 10928 39309 35620 21113 2092 13799 17978 34034 12122 29131 18784 1384 308 31699 16582 7427 6648 39807 26939 34208 13802 38731 14046 24600 28910 23338 12401 12186 17972 11141 17776 11870 27686 574 36827 10595 1910 4703 9770 1280 26125 30682 3592 15090 28860 36915 32118 28156 30363 29092 25352 8898 36856 11516 28832 24921 32842 33178 14406 11092 24482 23254 6520 31351 15627 29944 2155 13494 24933 33575 4864 24778 33119 154 34736 4469 31110 30923 5748 11463 32366 15564 15648 11704 3827 16629 19819 8700 18218 3823 24204 30048 1317 1022 35291 6519 8268 32144 24699 23454 7929 5969 20795 6188 9148 6155 12583 7051 35136 28902 19497 13897 33639 6627 20101 31018 17002 33943 37799 20177 9300 34696 13481 6866 29285 37591 18803 5809 19708 15462 26852 32522 36068 27514 26707 24901 14788 30870 9606 24140 14128 5661 29079 25072 28292 9745 23247 31938 33323 4622 34361 9420 24640 24287 37227 24766 23094 21873 17871 16477 25222
34409 15960 34155 1767 25120 7135 4398 21124 20676 232 25149 9041 32492 35678 14887 38996 1174 37513 30738 12432 21433 29809 39384 34674 19822 31735 3306 5162 30699 22269 31290 5311 4325 21427 20296 19056 11567 12750 1010 4292 12065 6154 28277 13280 17519 36272 36705 7005 33414 20316 13442 23796 32871 23514 19355 20817 39944 21338 32208 22093 20502 18132 27981 8295 38113 16927 30751 37586 13337 28705 16597 11778 12079 4511 34092 14435 36977 25787 24521 29624 11048 10259 34802 26995 22214 2697 16522 12620 25603 1933 13576 5638 18596 34715 12822 10520 10446 4855 16856 16722 13094 36206 14319 8368 21829 1584 7033 12285 6620 17321 27991 14003 21472 28087 38687 24312 19294 15847 162 30559 39871 7680 3290 20860 11796 31601 11224 15633 23962 26397 20069 14053 26158 32104 9355 18428 961 14711 1228 32179 28430 33196 21466 205 32442 36894 27870 27100 21885 1543 12089 26585 27965 19222 20948 5209 28415 20041 6576 6773 16497 21822 248 33873 21188 4923 29111 26366 17043 20753 19536 34636 27990 2371 9728 36122 23715 6221 23908 9151 12479 809 1047 26277 4953 36250 18738 10661 12263 39355 32321 8361 1005 24969 13472 27059 24792 5102 26591 30417
12231 15479 24950 35582 8799 20029 8342 20799 3340 38472 39690 32456 19314 7116 24268 19641 2377 11190 35120 9106 576 4418 29623 32469 39771 34215 3556 18721 33271 15612 14224 1953 7516 1746 6934 29053 30950 24461 15284 9309 17506 17729 32371 34701 7439 25703 26878 24322 8291 3096 6755 10900 12316 34552 16046 12584 37798 4889 8095 36867 30052 25689 19786 18269 273 8212 26519 2072 23494 39750 5272 21066 1459 34964 17239 9878 18900 39513 23537 38866 27071 39843 28579 38393 23780 36946 1763 21938 7216 4734 22445 26494 35151 39337 15622 39672 304 30505 10800 31850 16697 37747 32543 2796 15518 33880 9097 35964 35077 12368 17836 31654 12182 6190 11236 34410 5757 6819 2186 4282 8596 10572 23919 14723 26077 18138 7494 34382 20220 17498 10733 38256 14214 34126 9452 16659 10268 15958 2805 5388 34992 30571 25320 3876 13528 33906 15833 15839 34705 1573 12744 16162 16707 8074 7996 29366 8154 34074 18732 28376 29074 13894 9738 18884 1560 423 10042 30689 10730 23058 23205 21808 31860 1634 29291 12105 28470 23638 2418 34639 2869 19833 31753 21518 20734 17146 34848 2468 38000 24648 33141 39469 12559 20848 5689 17586 56 27770 14599 12523
26069 11134 14973 1761 26436 22279 13759 22570 28682 19547 3915 30254 28622 11116 5333 3064 4625 38801 9626 6460 324 488 29646 17121 8205 20214 21959 5684 38456 26547 14349 37702 2464 18775 28282 16238 4913 21407 19963 4406 22309 32552 19564 18044 25659 18615 8068 11073 14099 22900 5250 11792 21079 29911 7924 15133 15591 10657 28155 26713 35551 31506 7536 22421 34941 4739 26307 18192 34501 27123 24645 20387 10175 20653 14964 39583 925 16360 38825 7928 27038 28436 28248 23910 11109 34265 39846 17535 39837 39031 11289 14792 28127 1869 9585 13531 2728 16589 23932 7498 9460 15962 6029 33077 779 35510 39719 3709 39356 22247 34725 14031 12595 34946 17887 5936 37926 30325 5626 7063 305 9480 39775 34594 31814 3869 5080 1691 39484 39486 11900 5591 5615 17271 10348 27456 13571 20407 38084 18780 1516 11888 15886 20863 23810 31656 329 34303 18865 21031 31658 7491 21341 13137 2861 7282 30999 34963 37497 32285 39911 12660 21514 17324 29237 9321 30207 20769 4063 19270 37711 34300 9867 22824 37980 1 31638 22061 12962 16081 30001 4273 10507 18896 22545 19094 1907 18109 37090 32724 30824 14007 4846 7098 6876 18225 30199 23820 7042 35158
1917 16434 18163 33951 10444 27894 24539 13392 15273 27231 32913 19255 9698 17315 33479 39279 35191 6142 31298 32294 18664 23343 19934 32013 30122 34561 34772 22186 38897 15550 29527 22936 21608 15615 37297 35645 31311 22191 29817 14405 29278 25742 539 38368 35181 17134 5505 12932 18131 39997 49 36212 6962 36918 38420 8679 17758 32797 28528 38937 17127 28603 3841 15477 38842 17393 9820 24789 34227 38851 24968 17680 3270 25437 36797 14227 32345 11147 22088 34448 33669 15804 10625 15388 33754 25121 18600 8810 27501 24115 17423 14347 33218 32223 24271 5938 13194 3515 30307 29942 3957 16638 25254 21568 4938 6649 22562 18445 5221 5211 27163 32465 35809 38010 3148 5159 35461 38722 35778 39790 8209 39673 39659 37122 23190 38710 37235 14409 17935 9457 7509 3820 4382 24104 37109 3799 25801 20988 2248 5850 32780 13421 4259 29550 37374 20000 26540 11382 12190 5199 19090 22867 8811 34613 1747 18789 17684 18152 30618 20540 15387 14407 30356 4055 3135 1912 18327 923 2200 32402 23664 15286 28738 1996 35747 37854 2515 32136 10706 25280 31515 34564 19906 11409 36997 32654 12129 17429 22753 30900 1602 25131 10610 12685 13341 28437 27752 39717 3715 39409
31852 12873 37162 27036 31622 15114 9276 7330 23971 38075 29271 16410 33598 4021 6357 36311 8259 20463 29011 20049 24141 27846 27048 7621 20294 29208 38970 33120 19126 36047 25349 21738 5453 19214 26990 33074 31427 33529 18063 19824 4101 4207 16217 13509 20726 39725 36637 10585 22750 7148 34400 20762 8748 7274 8569 11395 24507 20266 5015 25743 14484 13547 29341 18875 3066 29337 7090 1676 17688 10559 38857 4976 17676 3719 33538 14850 26255 10756 15027 14005 22574 1494 34616 25824 897 39856 26282 35154 4584 10117 36611 708 16156 31150 8535 12897 5377 24256 26259 13115 23470 31597 32081 18054 25294 7114 18231 37326 11086 7271 8976 32501 4155 10262 32226 4605 21135 595 17419 14666 12959 6291 26184 20741 23923 16380 32787 35543 39238 2880 9804 39106 23924 12193 11584 35352 25681 31527 287 20289 21661 34456 26374 1513 5027 888 31265 35889 36136 37070 36360 32670 17226 20236 19260 23565 10368 731 9832 34574 15856 35617 10805 15481 620 28452 39225 2758 17176 27835 1238 21917 9776 3187 17739 5709 18966 13754 39292 30165 1037 33223 29785 8363 38542 35718 7801 33012 38549 16555 11468 14560 26380 30905 34496 15149 15509 32974 8332 39598
32390 36351 13393 18611 6510 36560 38909 14575 3825 19275 24124 19719 12544 6126 28360 7443 23994 30326 38978 1874 10592 1079 29756 38810 11187 1219 14154 36 20020 1838 16224 148 29161 27704 2141 27051 33022 28265 39697 14480 15643 11925 31674 5912 425 5696 14482 37254 19114 26914 9402 16952 23871 36489 12214 36263 39504 30921 23945 34312 7975 38283 36036 24014 10483 5508 8902 37667 19119 30637 19590 15520 9558 12525 3586 35076 14867 26304 32399 10405 35789 22956 7800 34488 39262 34792 39050 32801 29825 9037 16913 22376 26039 30291 35913 35823 1149 16292 1205 11877 26492 39586 36287 20569 1693 35023 29207 12194 4832 14785 1997 12319 13734 12185 19385 22020 24857 4236 22912 17927 8162 21756 5868 38988 37402 15524 13554 3218 2428 22839 4093 31396 38828 26435 8053 3610 7502 35160 37546 20183 11353 10455 2625 35450 11863 13919 32259 30454 19892 28165 14071 8119 23836 30486 36716 38119 19 10265 6010 38015 32676 19023 7688 4632 36369 24011 22302 19712 16844 27707 24484 20746 26896 25984 26582 25374 12439 8004 6890 23107 19378 14189 22644 29821 36548 13731 34412 21901 22808 2992 2091 20194 8988 30414 5127 15585 24159 11282 26590 39236
32318 3533 18796 32631 3813 7526 8534 14901 13325 39310 8524 28806 4275 11097 14818 22509 21228 4234 37409 26276 15368 4434 14327 13103 29894 4528 30851 11607 19015 30566 21 21042 102 30759 16706 31606 27680 6654 27782 32630 3281 25542 29768 11814 4936 16741 32783 6829 7689 15998 13206 7890 1710 23482 18845 39001 10527 23270 7533 28424 39984 16614 7972 7843 24983 16225 2526 19034 19353 2098 13937 21318 785 6411 23170 11729 13171 35906 1627 17637 32336 21026 17769 12187 20088 2829 12731 25001 29476 30554 26007 3998 25552 31275 8130 27866 20978 29517 39421 6310 33897 31093 18263 36429 3127 34156 16744 11360 12215 20207 24154 30105 4144 25364 27861 23644 26921 33852 18049 25599 4195 18543 12261 19893 17866 12380 13058 32663 31777 4192 2307 31287 8022 1995 19909 32130 5876 10915 21333 11177 11131 14294 25404 13228 7179 36178 5518 30714 13566 24604 2812 16906 3790 10474 32341 36859 8077 29998 15004 36465 27208 31538 19930 13077 18037 788 24575 33130 4023 12611 7029 39376 18781 23996 4847 36847 18065 7263 5342 11155 23142 36811 6337 12011 27568 27459 2347 30574 24072 6463 1517 38769 39892 15946 27561 36683 24498 28817 22638 7241
5464 30661 867 31897 18186 31681 31249 3704 26432 10440 27878 312 9542 14564 13904 24439 34706 1382 38599 15354 13787 28975 21009 23329 34117 22315 6917 22787 12868 35313 26518 6687 22146 453 3391 7408 17184 25647 16281 11867 11439 26680 21784 3502 10108 7653 8417 39105 29875 37282 2085 36567 34643 26108 17367 38165 34723 20404 36513 34052 18251 12687 6536 1526 30483 37947 35958 36911 23033 21933 16823 38985 17805 14738 8216 11514 13795 2608 11966 3952 4524 29660 25551 9235 31125 23325 19010 31075 21096 2714 39502 23563 29213 3283 25622 21039 20596 36556 36648 10866 10784 27706 29412 15473 32433 16698 24166 33769 552 37804 4581 18570 26841 24962 32593 10658 10708 18234 34641 39013 14141 15521 8041 3555 26065 32595 8710 4955 17831 23102 3789 11910 13051 37061 10033 3968 16860 21400 34548 26040 28638 27962 23947 6135 15722 2890 36517 21165 15189 15172 29000 35502 14770 15310 4038 13482 27130 1424 25848 39576 10635 35276 33004 9754 35860 2774 29173 30215 24169 2815 31099 25591 22792 33589 2530 20751 1266 1448 23502 19854 23818 13716 14923 29242 9305 36866 10842 36010 3585 5521 9347 29879 25544 13040 38385 17808 927 4699 38579 2438
36269 29404 17827 24059 13992 16094 36102 26770 32489 16374 21766 28825 23562 36893 34728 28053 23069 4111 28711 18564 19179 25653 2389 24060 32348 16056 1695 15935 17163 13203 14858 19858 2086 5339 35702 29650 12036 29509 36829 29586 5842 2420 11135 7083 30553 10726 30054 22735 26945 38610 5294 13879 1158 12801 3335 1139 26632 5158 38608 34316 14184 7911 28326 18902 25463 9351 5118 8623 35318 37885 29015 972 10210 19562 18271 26628 36215 35250 28793 35024 32385 10967 11173 20985 28684 32571 35166 16174 21380 21255 10257 38819 2178 9240 32855 15087 29818 31902 37176 8117 5978 6722 32980 10552 31984 35093 2934 25298 21953 32061 14011 7481 17345 2850 27098 12699 18051 5899 24858 25337 5423 3809 15023 38805 11921 18075 36303 5115 24733 16785 19093 20977 39851 11013 35308 17930 3453 38806 22722 13466 24054 20975 32289 36416 16831 3653 15764 10846 18685 27144 38389 9005 35341 37258 4033 34623 17320 27708 36905 9584 35806 34107 11997 21158 1001 3395 13436 638 16728 18435 13014 22174 28005 31916 19528 878 8724 7635 18927 19745 987 10970 11281 21138 13148 33159 16558 29255 11376 31691 25344 891 23187 39281 11703 3274 9038 33525 38911 33907
22624 24179 25662 2269 24728 28514 17829 7207 4112 37298 35960 2700 3292 18652 30956 19480 21098 19654 28209 7960 22692 12778 2936 2097 105 26963 31655 18019 3749 4064 21404 19264 7871 18717 2430 27569 10254 38606 37016 19112 36966 38835 17179 30337 29685 31950 1146 29294 27837 31828 35854 22120 27405 10688 15902 3157 9955 25764 29744 21211 33791 35377 13753 3197 38270 9365 21692 30014 21172 15940 4178 23018 13824 32759 86 19339 1798 6218 493 36720 2716 18193 9486 39209 21781 18727 20451 39899 13603 17608 32969 10753 12637 7683 14340 327 28119 416 38260 27695 20147 25307 6857 38578 5050 24085 12014 10917 4871 25162 2115 18965 3212 28391 14055 12289 21850 4989 17738 27785 20117 18154 8026 1895 4867 2874 14948 12057 3534 25638 5553 8170 37768 16721 33215 3986 24997 976 16985 23991 35474 33428 14431 16096 2808 25164 6777 6574 34374 4671 991 29468 18330 35532 20338 18093 11154 31758 26605 31912 11990 21201 14337 33553 8830 35249 2460 17881 8513 19462 27633 14166 22650 4138 13687 31741 7998 33095 5808 16857 38429 31331 11186 7534 5328 34455 34289 5713 29932 39832 3024 34860 9897 7487 17670 3341 10306 23123 22659 2322
19573 32337 21819 2275 38990 13294 29129 10993 29270 5633 35473 4391 12211 21878 31589 355 13082 22472 28217 34394 11645 5567 31187 39130 36300 12567 247 36555 22282 35636 36234 32722 33345 14675 5322 4495 8015 38090 7556 18779 7115 14148 20141 14273 12790 25455 8884 17428 30943 16992 30125 7820 15429 18999 29134 29372 29772 29970 11783 25855 29976 1586 3207 31219 34408 26826 30746 30555 7780 26134 5352 30760 17216 2321 31988 25329 23569 18516 14952 14761 3635 28343 35728 34144 9681 5690 2146 22386 35412 2994 9171 38845 1157 36768 23544 16062 2188 29528 14586 9841 2201 12551 25030 1976 16456 5316 22607 20354 12714 32838 7585 1530 32701 2643 34851 18807 33531 19258 36390 25806 30107 877 17099 35328 17859 33505 8158 16201 2391 6474 8485 14717 15409 22231 20646 17391 34609 14452 10826 35815 6446 5558 1683 4122 32095 34682 17763 36006 10787 15727 3946 19868 2945 30436 7057 25106 1388 17574 30176 15104 33441 30396 30370 21928 27593 30310 17897 34601 5254 29897 20456 5121 31247 9581 6146 5390 24829 17969 37172 34387 35190 25476 32830 2437 7709 34261 7539 13910 29127 31871 3227 29405 8794 30413 36981 8813 12689 8955 12575 22538
23426 21494 32499 9135 21951 24639 31340 20705 16269 2327 19960 11168 2479 10979 20983 322 5313 23244 28089 21589 11693 27278 35418 11958 32471 8471 14467 25969 15900 5795 7160 3143 32117 8720 26579 7810 1017 37269 11369 23040 20521 21249 3656 14229 9673 22816 12717 37292 10597 39347 15816 2381 34461 22265 224 24931 4010 13978 14972 9667 5835 5446 10378 20010 19967 8759 38764 38193 18228 5194 129 20383 2079 37890 28893 17325 11248 30424 20730 26905 28664 14015 7853 18525 21557 10458 30251 11816 2877 6121 18471 32400 37047 32270 5923 26119 25354 30523 12518 24579 15868 161 36467 14802 4159 1856 5415 28657 18809 14024 6720 3972 34849 38269 14921 29886 27062 3324 11188 13954 10022 37825 7948 15580 12684 999 3242 13308 37521 28681 15670 34875 6258 33814 4653 35292 26341 24313 14195 5231 37164 25624 419 4592 3423 18475 10539 12359 2876 31903 4817 6134 6219 11389 39240 16923 11129 771 33246 18720 30262 3689 14667 32895 35117 12519 19176 33111 15492 34517 37629 4069 25238 9964 26359 10901 4740 14767 23990 21037 12076 32391 33717 12861 10619 28607 30881 6364 11836 24470 28133 15721 22482 38707 39963 10287 36655 25735 23200 18996
24360 31475 19127 28131 8646 31877 23416 30598 26451 27188 5438 27433 33781 18108 2123 5945 21014 17035 19608 36167 28146 30369 33353 7727 7790 10920 10279 39170 32736 22987 6298 29965 7087 24853 29413 1492 16550 35537 28857 28597 19055 8686 32174 5817 9827 28266 3603 3401 26196 27281 32530 6361 8702 19937 33658 24727 4034 19938 9331 17232 36112 29491 35608 18336 1268 32531 15166 19203 16553 23999 26472 39494 16686 22873 2848 33876 38436 1016 39766 19499 16364 9263 28892 30276 13033 16263 2070 22962 33835 37357 39901 13253 23053 7258 28571 27103 10722 24565 278 2791 21297 20525 26499 33888 615 36329 39973 26449 22549 23025 29168 31586 11518 19696 25766 38546 171 33471 1269 32346 34927 27649 20377 18889 27305 2873 17980 21007 12141 20349 12415 27349 5155 11009 14256 4551 27828 33594 3455 22938 35380 32077 32560 23749 30493 39761 19627 8235 8885 172 36805 30568 19782 34008 37421 1659 1192 26070 28713 17807 1787 27953 31634 21825 28339 31485 3948 16355 33518 16022 1067 32205 33413 36470 11991 29390 9677 17751 37487 18029 35346 19585 6161 2132 7095 39315 26765 1475 34786 33478 32958 11258 22994 2018 30617 26408 26062 9591 20137 3485
15239 12967 3883 29750 24423 245 17342 29346 38182 28121 37835 24481 3346 39400 19309 23358 30435 3216 3700 30935 35984 18332 27334 4695 36455 3575 15989 15414 18324 23041 25555 1241 3873 7922 14918 14446 30549 19727 36350 5990 9725 10720 7827 29071 446 29741 14475 29159 17282 32557 21295 21099 21983 17242 18953 29063 30912 9330 1356 15675 33997 33946 9197 25948 10762 20084 3532 11629 352 27851 39011 19290 21420 36823 11845 3913 8132 18565 5227 13284 803 3688 1947 32498 17293 25100 33007 7862 2224 26160 28141 34093 22235 26498 19777 12000 37008 33024 35988 35893 2725 17902 23798 28685 21733 25052 39249 9398 3407 27377 31983 27517 34697 31144 23776 25469 1088 32167 16098 11351 30679 14862 14734 16024 7446 11250 38169 30668 8005 6465 38302 25874 9951 32026 38644 27432 11063 29017 19750 20637 16221 28565 8086 22937 10724 316 18894 22171 30726 34665 27948 22843 34670 11690 37029 14108 17721 39467 5394 8718 33891 8127 32036 3578 14996 7691 10782 240 31659 35130 27020 14362 36879 25529 21337 10868 10014 39257 21852 3150 24283 3504 14871 33646 4737 9758 1936 20578 30789 13917 4146 23828 38292 462 10557 9239 15724 16259 3319 22188
