200
13424 22353 16783 30147 4628 27898 23012 7336 291 6660 21887 38015 14917 8311 17234 8064 16108 7758 7653 7399 20170 10924 36597 20901 1966 31273 19011 15817 3954 10268 38903 17152 2034 2361 32757 21406 2956 739 13187 23373 18777 13996 38188 24430 11630 38685 5694 18859 21284 743 3264 33453 11022 938 36634 31993 5887 17336 38808 13985 30568 13344 30894 5573 39645 24507 25509 2988 36657 3100 5580 25822 32801 38303 8549 34842 7190 1774 767 21748 28284 34142 2849 6292 22614 1470 6726 37598 3044 14624 17222 23050 13850 38665 27018 1896 33257 21041 30558 19213 7317 2821 8483 29384 38776 24767 29466 32943 33028 25677 39065 27455 27803 19428 32488 30101 5322 26909 38732 13274 12077 19486 19881 3882 18623 14319 23096 10241 38328 13032 10572 37251 31346 9552 10338 21506 5249 27486 1538 31936 22641 870 26807 2753 5477 2575 15278 22359 24366 13359 31641 19240 11306 12503 20835 20111 608 30003 18177 23744 16766 39223 28669 13819 28990 18764 31200 1611 19081 14606 35723 37316 26418 35582 5104 11218 4834 38480 28943 29123 19974 25577 6039 20382 16813 24144 38632 10499 4505 33425 39381 17709 16570 35147 11565 33292 21917 773 21347 11264
20999 30893 20903 35570 26985 14952 12956 38858 38155 3501 9046 32604 11950 14447 26767 6198 13999 39692 12753 37835 18601 38588 10009 4480 13724 4774 3751 8967 16432 24116 20837 17838 22774 9015 39177 3344 171 15597 5310 22420 22439 9213 10886 25093 1808 11074 30905 8164 10329 11430 10963 21749 1044 16794 7933 34381 21452 18707 6275 21767 5400 25866 26398 34331 39947 6057 3249 24642 11767 18305 1139 36424 6331 13455 23552 6795 16873 18877 13975 28299 17117 12427 28070 21537 22245 34074 7976 8048 20312 34071 19759 8104 251 5664 36931 17826 23165 36228 6033 1646 39823 5802 26349 3571 6741 31480 3934 29575 27582 621 35464 5531 16923 20242 36567 19750 29739 12231 4785 28147 28746 30701 7451 4497 39986 2406 14365 9663 22482 2841 12919 14871 22877 26739 35479 3150 14864 10399 30594 14619 32028 33329 12236 7198 29248 20239 26274 33860 32336 34844 21239 18704 14424 21552 22337 23734 14446 33729 32149 29399 27707 24965 19387 32382 23663 8630 30596 4805 21201 13710 35423 32113 11329 3806 10125 27173 84 34978 22957 18765 37121 22559 37807 37038 15095 32263 17531 20931 18253 23778 4793 3535 39163 34725 14688 28737 25720 8988 19518 31617
2383 38086 39995 640 23482 14975 24196 27791 20010 11842 36891 9247 2076 33270 25299 25814 25020 11549 23763 15011 2919 27774 10311 20553 14698 35777 14379 33143 33725 9619 5421 34 23948 22437 33488 11202 18133 23265 4806 27510 7043 37103 32100 19304 7409 36364 4383 7397 12983 7535 6919 32736 4167 30403 39942 13005 7171 21262 4979 4777 31587 38718 38482 33226 2902 11487 15006 11626 30336 5527 23009 6675 25401 5882 32446 2910 4951 30142 23738 13444 4130 24078 37468 26974 15033 15073 5746 17286 14886 35078 36741 16002 35242 23175 13150 28704 17731 5453 26026 22944 14127 7654 10555 19413 34640 9369 6674 21086 28668 22878 11812 18032 12650 21320 37332 9912 20033 14105 218 20870 32281 12997 18658 7853 21998 37005 9481 9580 10098 11345 26523 11003 18319 14849 8380 14269 25318 27392 14134 4012 545 23945 7184 19774 3191 17333 34988 25443 9385 34239 38571 28017 17202 20340 29205 23151 37865 31525 24055 15206 30157 1088 5437 27573 16367 10543 31555 24337 17447 552 26572 25574 10546 16308 30797 37392 34646 33911 19242 39791 22124 37115 17423 39508 36923 32329 27808 15977 32064 11486 30960 2432 10242 4905 35486 34145 23454 12813 20457 22343
33177 15472 20407 22417 16864 33602 39856 30253 5086 12037 6431 39046 27667 3326 32153 4980 21245 13362 32751 39321 17904 36756 28767 3517 37069 12582 19124 12573 32074 13019 14114 25173 32607 36812 4122 35131 19072 16756 28978 13366 28923 6621 26224 35556 37472 7789 26635 10979 7720 37378 6398 39457 1909 20497 37066 4256 17232 14094 17819 26464 31649 11298 23588 36642 38129 26210 27938 6725 27765 26144 3965 9925 33233 14741 15753 19594 31248 4039 30324 2390 25402 33841 32832 8693 37126 20240 27515 24742 2590 15888 9558 36759 11581 29645 27816 23869 37824 4491 14050 30506 26126 12388 20983 17240 19489 29219 19716 8146 36002 16215 7954 23874 12597 26260 13809 30844 25790 7651 34774 31470 30944 25317 30545 37628 22375 24616 25087 8101 9220 39879 37686 14409 20844 5950 21306 7721 10160 27317 39526 18354 6069 35890 13956 11452 34805 31823 27850 33286 22398 35152 8020 19608 6324 19141 7052 9371 7555 16218 17635 15778 13998 25832 32166 20993 38411 4916 34700 13696 38920 22766 22530 5233 16589 27325 26997 27913 3777 33789 14836 17960 31911 32625 27302 25821 35626 37100 4400 30136 13376 20211 9330 26812 6297 114 16808 19772 29376 7893 12999 27903
34233 16562 39008 2874 5657 7637 28443 13068 33265 36553 21458 27049 22690 10435 35892 18724 18906 31004 37647 21004 10667 14202 39254 24865 4754 31621 2027 20634 37028 3914 22681 4435 18415 26077 37416 12315 28998 31744 22894 36944 31246 38380 31818 18203 12267 32800 39143 24801 16548 7250 32390 26101 13828 29429 33697 34747 5908 24322 30977 6936 28407 11023 1408 12762 30102 14994 6835 39363 36459 5470 35907 23115 5213 39425 10994 20323 6492 18583 29201 168 23854 10261 15152 9657 34511 30751 28093 19403 2173 24701 268 36543 27101 12932 4946 9434 32957 12628 26915 4941 25506 7949 31307 27622 3721 11378 14427 24386 25772 34315 34445 6800 6867 25111 504 7429 7842 27223 9028 28152 224 28257 21053 1783 38785 39447 38218 13867 4358 24302 20122 27848 36335 18766 1652 15654 33686 15908 36251 7460 25060 20542 26282 12325 4897 10872 28376 26003 25796 28880 1118 16555 38537 10105 241 37128 24977 24869 781 175 26111 9676 3568 32331 28136 690 26944 979 9968 28589 6117 38117 26032 1039 16025 16510 37201 13037 15397 23891 2709 16742 637 7035 7594 29830 3210 32373 21967 20472 19502 32380 13798 25388 19107 20011 5501 36663 39674 20469
1930 21808 16603 18862 7079 24266 10650 33279 38253 36949 12505 10264 14964 20879 6986 4885 18279 36611 18869 2808 31073 23232 9959 19884 24395 38074 39044 29364 24024 17952 38737 28563 35011 33142 27921 9031 13381 16199 18087 18762 12004 20996 1046 3323 23121 23672 39319 28987 35901 10629 28775 33445 38441 26443 14237 37967 3088 14022 5883 1983 12906 26657 11864 4024 19828 10019 38526 2151 16611 27644 13593 8220 14459 20573 17464 26338 4877 23566 8392 853 15377 15890 8511 20735 18537 26829 16392 5706 34507 23004 32371 16008 12272 6683 20140 30895 16975 25566 10165 7061 30120 39563 1038 2040 21029 34845 26600 26671 23652 6933 8770 2267 13410 33092 26407 39832 37489 16826 17786 33750 14801 32910 8550 39828 22750 5090 4041 6977 22352 25217 34446 20734 29250 39772 24708 34792 10349 4952 23342 13033 16682 18688 34618 28785 7287 39405 35948 22719 7932 39849 39817 19499 23451 17536 37611 36698 9440 27292 23649 8287 9947 32688 7862 9948 12800 12228 30263 27655 36196 755 39898 5974 9233 11857 758 36798 2087 12091 25545 8372 37929 36780 27497 3799 7440 6079 2282 17740 22893 38427 17552 22056 16703 36617 25187 39053 9085 2039 38667 9127
32391 39814 2762 7422 26380 3519 8652 11918 30654 17216 27379 29889 32912 15013 23251 34318 26218 13624 21039 4801 33995 13306 32204 39523 21399 28913 24150 13051 32643 1676 19214 18665 36162 16669 35895 39984 22145 39566 11983 31231 28406 5640 23719 22040 17526 36082 11913 34235 30663 24215 34261 8708 35068 31644 31059 32078 11710 35932 9473 26642 21392 7222 25275 5639 15973 25752 333 36057 29078 22746 13566 9973 31061 37655 1669 3673 18326 10031 33075 10044 641 16497 4426 12063 16213 39870 3318 28344 24915 32994 21932 25177 31028 19188 1459 38509 27495 11030 19892 20149 5292 1067 31668 18484 3239 22748 19391 2103 14152 28155 6363 30898 22856 24011 37078 1210 3419 4511 30650 8270 159 34284 26409 8980 35402 15001 23949 8043 888 7139 8238 35133 13329 25583 8938 33440 169 16292 25153 7000 14416 23770 10204 35730 34480 23351 14852 3027 30104 17246 6306 13136 21057 24335 21357 26933 3824 4994 2591 11063 3720 24131 9446 28850 15244 28884 37502 16401 10580 4817 26890 4068 566 28327 13513 38591 28263 36044 29477 15610 39615 13621 31593 28497 34971 28623 22604 21131 2624 13138 22698 10892 24699 3608 10029 34135 2594 12237 77 22607
34363 35584 8931 27861 38266 36806 24301 24089 9898 13780 2313 20008 7179 17910 28946 7062 6844 11884 14025 12970 6071 32979 21612 13620 10730 9383 11571 167 31292 6652 37818 5456 24607 22023 36709 13470 9084 25994 10757 32930 1658 9334 426 11919 2757 39025 22964 10099 6814 5568 19185 19511 24048 27004 34751 6563 37029 18342 25756 4992 25963 30395 4219 31486 25035 14573 10803 1005 9493 8257 33630 3956 39050 1138 16547 35644 21701 13334 16583 18550 27799 26384 28166 19577 36490 14342 31878 37247 2105 33897 9726 32296 18301 21761 23111 19540 8120 2611 36249 31837 36807 6002 33805 3875 34878 16039 18695 9168 10449 17993 7030 26475 38603 13133 23095 38140 2035 25776 32230 2895 1797 38622 18049 13961 34733 39009 19513 39739 26548 26177 5648 35946 2756 21846 10215 25017 13472 34024 22694 11243 2400 39663 9976 34238 33529 7269 17064 21292 23361 18717 6369 21484 18347 38462 12485 21202 16759 28986 28830 24303 25686 19902 6410 35125 19990 33081 14509 37405 27614 23706 21513 5525 33571 2803 14754 15571 7633 24456 31299 29788 2446 25065 3026 25576 10464 3271 8284 7754 6651 4779 29618 9195 7164 11163 38194 8723 6157 763 5816 22507
14218 28483 190 26063 15114 8600 30673 2316 20326 35625 20970 36899 26208 32200 6027 28150 25122 38336 34779 36105 28542 17664 39478 25405 18456 1109 38327 3693 34157 3752 27309 25135 14519 11157 20689 17494 16622 26759 34627 17901 36555 33326 10557 25152 9455 17414 18670 34981 28092 6298 39926 776 37313 35065 30548 8702 38948 25289 9971 34114 22881 14205 24128 35966 10143 27790 7358 17484 8140 18074 26744 24033 30406 29544 36146 21387 30326 12383 31342 2516 4181 21567 20181 12659 7366 28901 14897 37265 31867 21698 2162 11161 37131 7369 34311 7060 24675 38211 9954 34538 12804 10648 26712 4427 33323 29103 13660 17948 8578 35171 15144 7344 26381 24958 10532 32597 32619 10583 17317 15045 32173 4481 33858 32664 25998 8531 33846 30470 34763 37306 15532 13259 33737 16096 2338 20517 3078 32522 3106 6994 3494 5656 18245 1051 32780 32636 6155 3148 4042 39671 27888 33853 2918 9495 34266 34143 34072 9417 22737 6385 10721 25150 11113 39922 16673 14291 8590 28187 15703 36866 39449 1126 15563 29783 14841 31141 35747 30631 15283 22230 34830 37003 672 29177 21355 18236 5553 29856 19273 5491 12395 20525 21281 6491 35142 29013 39875 1936 17976 37881
25853 12380 4589 10197 31438 2251 20498 30715 39690 38104 20513 10910 7679 12772 21443 35828 22537 30163 27642 18542 9643 26052 7279 38734 23207 1429 39378 30484 15192 28533 2492 32890 23632 13592 11599 28313 19112 30628 30795 22270 16069 27312 34810 9059 4465 21386 13445 20275 32568 14295 33311 22432 19066 31281 39934 11362 17143 21624 16349 38696 10060 25315 12563 20972 6438 2023 34834 20384 1537 18758 22849 34953 3079 6549 30772 10662 6011 17379 35188 20377 20564 3306 3120 18202 11726 24659 36744 39481 12173 22303 21662 22481 7258 7433 24282 2881 18530 15823 5067 1260 21217 20677 6946 23648 5979 39770 26690 35698 8961 942 4169 34434 38840 9566 9097 15942 8685 1472 37401 23019 16630 31229 10972 3775 22676 33864 38668 19211 30464 19961 23519 16088 25928 7616 28217 19715 24106 14880 16057 14923 2875 3197 32755 1448 39101 1424 19485 20254 30831 37228 6531 33931 39086 4862 31792 25719 17985 39945 3477 11566 12322 25382 33238 11352 396 9503 8325 22918 27316 37797 4458 28201 2344 12523 25560 22663 31325 29357 17010 18257 15476 11904 16365 36452 32009 34358 5114 25283 18009 35886 6386 28570 24868 37614 18059 30474 19037 27673 34513 15626
21080 6371 9720 17546 18998 14092 4103 3627 28897 28993 14359 9221 37238 23212 9064 35023 32085 13214 21670 32612 36284 4232 32007 2460 1571 17289 29269 35533 36918 36117 461 7739 4954 27638 27961 19254 15391 10497 23718 8919 38227 1907 499 21632 34215 17594 10310 8092 22911 17649 717 15078 39389 29333 26123 34789 39060 4989 33429 6177 30829 20698 22463 30110 38153 33289 30874 5060 20721 7480 17868 27833 18920 32869 8663 36672 35768 28281 17811 11743 25944 13606 723 32674 13670 597 14940 25904 39210 31746 8476 28873 15361 9596 1020 11923 31935 6114 35138 1984 3331 3261 29688 7822 37729 24511 33533 18333 34409 19427 23729 21482 4380 20839 24844 10613 8177 11167 264 6815 29654 17480 21058 39078 21272 28520 24148 29925 22409 37189 15143 14146 7296 26175 20625 16022 34090 28364 12883 10371 26030 1122 17096 33058 3202 14349 5561 20128 38112 955 18773 38257 21677 32557 11762 38273 6901 15093 30655 32191 2963 29458 3076 34139 18104 1229 38978 401 3790 34436 4572 31775 17674 12785 2552 14844 11252 12698 37535 15224 9559 33094 2622 3615 38959 36283 23214 5085 8710 3204 11677 4949 36058 37772 2954 6747 5360 24775 30743 24203
11675 37781 31598 38394 13315 32029 39156 12197 26676 4618 12646 36442 27156 37947 105 17920 26321 17799 11927 20967 30074 16961 1412 1695 34437 32408 7670 23481 10351 28243 7753 36421 25843 9026 6632 3909 10057 14765 28763 24294 10129 37441 2198 9692 15910 15718 18293 31233 10729 26232 18892 23131 5212 29326 39535 38118 15480 33532 11038 4567 35662 14045 30025 36296 1526 30462 9 2921 35715 24601 26699 34198 19327 19887 34218 33399 21339 12856 25900 29028 14595 15747 20005 5324 6664 33082 31767 13580 26862 25005 22720 13537 34297 16452 11526 32494 11129 29095 3056 28039 5263 2913 6730 21674 19416 34875 17312 6016 19272 23234 29229 9260 39402 25989 12328 27163 35782 18183 19460 4906 10274 22402 35843 39786 4983 34848 21055 16105 21193 37486 12150 39913 27928 2362 33321 3357 12146 25356 225 29558 39910 23969 28296 2190 22280 24926 20788 39662 14752 9547 8925 14912 5015 36667 2712 30275 5006 8673 22088 23967 25972 29206 8677 1199 19751 7036 6983 1230 32871 30876 1551 1826 25827 34423 32730 7831 34336 28953 18102 19290 28707 16930 24197 17007 32277 5220 6974 32570 10598 12996 4191 31711 405 5867 36426 33684 1315 31705 772 34375
38330 7322 615 4520 13642 25691 35873 13087 6164 39030 26080 4091 17149 25263 5150 24519 36694 32833 33078 1307 26427 2782 13204 26220 15199 3655 26476 33493 9063 17046 30717 5731 32694 25753 20438 3139 36740 25976 12003 6046 36531 10832 21341 2320 7220 32754 26531 6153 3195 8794 23261 19101 30108 20272 5199 16847 6574 9725 34926 28352 32605 3632 1712 38108 37283 10518 23368 15871 7066 5703 5775 27568 26255 25074 9963 595 10095 34522 19388 14778 29968 25068 29494 24079 35614 38154 5601 21583 12822 5317 39051 33372 13617 37075 844 36106 26780 39056 37206 11835 26259 8209 12600 26343 13594 17958 19318 16341 27524 471 24205 36378 18783 33438 28473 29759 5936 15814 21132 31906 3852 35029 20162 29723 7437 37956 20362 34942 8812 24755 34422 15592 13252 15765 26283 32881 36414 22217 27449 25709 13264 7470 35465 19641 25861 24458 20600 39266 9607 36069 33193 7456 36223 31319 5836 15677 7300 20423 21915 16205 17113 20562 21367 879 35090 12697 1281 18323 22749 2717 19288 4504 30924 26748 33564 3732 16041 29195 32443 37799 4750 24917 35490 33447 31882 5874 17650 24520 33296 38596 18694 39216 36505 25881 29773 19785 35560 35806 9758 7054
19439 2565 17829 32969 20761 26354 39574 17319 14026 21205 5250 24034 18572 22071 25754 28122 9651 22470 38857 34360 3994 36635 31666 27925 38278 20130 26537 17210 6773 26102 27813 12821 38912 21135 16790 24493 2389 31442 35216 19317 6691 34403 25108 26445 12865 22669 20998 31260 34260 38624 26535 37746 10905 524 37703 20002 2028 13374 10582 13139 5499 18879 20368 6181 22351 29667 11372 38385 5335 29283 2941 36420 32172 4289 9073 1531 22140 12462 23914 583 15044 3901 28146 11294 25591 1320 2014 6973 6720 16845 29208 33878 36678 26463 12002 11008 24753 1871 32168 28512 1604 23708 24287 19133 1812 23075 25130 9644 7587 24171 2453 13825 32442 38617 15843 7576 16948 35322 13776 5917 6857 19490 11846 7851 5676 38260 19858 37908 6910 3036 34949 32991 23982 34401 2094 161 33579 6543 7590 37052 33873 33194 12179 9465 13130 10921 38169 12364 7223 11660 28204 15469 37365 8950 16504 30777 3549 29977 21211 6794 28080 1149 13200 9548 27711 12482 124 31580 37833 26040 15785 15673 4976 30407 34438 6005 2149 6276 25226 6724 14668 32962 6909 27213 38864 35751 15169 5621 9299 39374 10840 33487 25267 21000 7021 26655 23994 25926 16053 2085
26083 5061 20883 28601 19421 25932 3288 25113 38150 32473 33687 38146 16909 18699 7861 4565 38172 8459 39197 8915 20397 27105 29978 16522 29722 36032 24087 37327 33961 37925 33370 24405 31697 32884 37471 9550 1228 9228 20502 23076 38357 20325 13216 26857 21288 31851 34288 17304 15757 9714 4474 3579 10345 3392 31431 14486 18353 18114 24744 36984 36975 27776 37918 5914 28087 22054 17787 28935 6127 23997 9819 39327 12330 14082 32763 10723 626 17437 39762 36224 39553 36540 2497 22091 36715 30055 20806 19822 24488 31757 28797 10664 12853 28863 32176 693 24007 9840 1715 28098 26311 14091 31937 17514 22296 28663 12657 17215 20412 18995 11561 1495 13506 4415 31308 31814 38361 37823 13363 39767 21375 27283 240 24866 28681 21839 22801 25107 32880 12279 6196 26493 25244 22187 31194 4673 16170 19313 11401 15440 17344 18966 16712 39010 32591 31712 14353 36805 25480 19960 38822 38262 36173 11718 30049 9208 12730 6478 32259 32581 18201 3304 30159 6360 28546 1536 34479 6661 15456 806 8421 17129 14811 33480 290 29426 35502 13904 14722 38413 29146 19860 17288 27868 14219 20331 10301 31368 3108 9803 17293 31703 31321 4549 8729 21374 5919 6144 15745 22546
2012 11221 31090 26799 6452 32815 38844 18700 18156 35799 21806 20964 34056 36454 22868 9573 24244 24752 13578 11059 37070 13418 25541 8185 33637 1428 29448 34623 24517 22188 37757 29152 5396 24853 25372 19140 16074 13391 38739 22672 19015 32160 19268 18079 30170 32698 26459 30096 12465 4003 22381 7425 21089 3584 2920 27539 11537 32286 5136 26500 37097 3883 27780 34895 18578 26416 24768 25763 19854 27994 12087 9515 35294 16686 12489 16604 1259 39618 27305 30790 36968 5281 29468 18487 11206 8668 262 31730 5809 33251 25571 35007 771 28179 15309 29021 32842 19118 19921 13591 28596 36970 21819 3452 11375 25927 25604 31974 34851 16608 9924 18644 37245 30058 35135 33243 36302 35773 34404 13388 28262 7674 14530 4814 21064 20779 7094 30424 10593 9218 38775 25786 20926 38976 33304 27887 38219 27418 26501 17223 4890 19130 2466 19600 19465 8858 22867 16347 39092 8836 4177 36440 33891 16652 39946 5810 34464 31190 14978 27929 10676 8559 25452 37217 36690 3654 18237 7252 5097 38245 10220 27360 21861 4457 39483 659 12018 292 4655 38873 39251 5316 34775 7722 35663 39298 30988 6829 15334 4739 27846 37433 9822 27459 3731 27953 15682 13868 10202 23327
26410 13801 17034 1370 13338 25361 886 21757 31550 37679 10727 2160 26477 30145 31374 11661 33918 13945 12259 39982 2676 26074 10936 8036 17161 7944 19281 19557 32422 36615 25554 7833 1598 21731 14375 13099 17792 17661 13421 10360 11288 5533 36967 23986 27068 24283 22989 37147 10189 37418 7357 30678 27802 16190 12774 23779 9129 22311 4540 34229 29154 29501 34449 4588 25569 27194 19361 37662 38628 30331 12810 38490 16378 18464 17631 23918 27620 30937 29058 33890 32629 39975 20194 36810 601 13832 19801 2177 27984 11496 27034 7129 5752 33140 10011 9255 39111 25511 15780 35192 32692 5141 13341 3263 12088 11527 36952 21036 9823 33011 25952 38783 23954 15678 5103 5624 18275 5678 761 4973 28106 8059 22232 5890 33032 24365 31503 4017 5039 7093 23571 29681 30965 24372 8383 23680 5610 3170 2208 3556 28910 21599 2706 12266 18696 23278 24803 29209 22586 17465 16417 29527 4183 20519 25659 24694 14861 17757 33642 33146 31150 38400 29957 37735 39983 2228 16397 18963 12917 14411 26400 27860 34308 45 38954 39226 3160 4694 29155 36736 37816 12229 18442 4423 18749 1718 4071 3273 26242 27465 32321 877 23366 16906 39393 2973 3412 28042 32066 27437
23574 30153 39596 37362 34038 20613 22084 3061 422 15023 467 10307 27398 590 18775 14788 36451 5903 1699 8351 36018 2156 21231 8644 12234 9567 70 12192 18633 20654 34809 39464 32670 16303 18181 34641 37398 9396 32773 26789 28207 3385 16450 31075 22499 10466 31534 7281 21615 34316 32936 39148 39777 22161 18880 33993 21223 16557 24263 38984 32749 23928 21270 38305 29217 14621 34362 3464 31394 27086 17261 39151 7985 17481 15777 21207 28393 15918 25879 8417 8665 644 9426 38144 32938 35690 5171 37454 28294 38748 14760 10370 38165 19978 10378 19572 37262 34699 11598 37236 9279 22869 21643 8843 4189 4717 3759 35767 35894 31115 39658 995 36401 30645 33698 15002 24173 7003 11446 30842 10873 17471 29528 32110 34051 29964 11958 281 39291 14646 28742 6458 34593 34247 9203 2530 17730 1182 1223 15294 3878 12712 9724 15699 9259 16872 12375 32704 38799 10529 26904 24627 11725 29490 21826 21437 36907 19941 688 29670 9762 12477 37764 13514 9689 4635 22418 38854 14254 5637 29380 12271 7836 28964 19022 7218 31850 29222 17329 19432 26544 6672 11671 474 8551 33466 29610 23637 21913 29837 11890 12944 8001 36687 33333 12441 32831 33828 3302 12962
27061 10516 11262 14497 35141 35876 28108 28608 10411 29091 19501 25015 5484 39486 28361 34103 4356 7432 31334 10030 19354 13986 11024 19164 23338 19539 6073 24350 7221 28892 24859 10071 25916 33057 27306 23008 12314 12243 24886 12156 25537 14391 15896 20053 22582 2101 33631 11585 38606 6890 6535 27415 19325 25276 16768 14969 15441 27094 30986 14583 2974 4795 9083 26815 5012 11739 28184 32498 10881 27874 35191 27743 31104 8737 10770 25992 17996 35446 1040 9012 10260 17468 32627 2654 3569 31463 30294 18531 11744 23206 7860 30838 250 5978 27219 399 3948 33449 24935 26272 12492 1266 16715 28592 34761 27087 39013 25160 3730 22397 6607 34713 34804 22218 23881 11042 25795 19036 20868 35476 20082 13497 11185 6893 24479 494 33263 4202 26710 11414 16985 18584 11903 37964 16677 16060 29328 35299 23033 9781 25245 16305 38255 36192 39498 13017 14074 24640 9766 12908 31685 4577 38406 13292 5243 20300 39630 29354 18732 37393 22947 27987 35745 19515 14821 27363 38762 24044 26038 28828 39928 37993 10135 15700 14559 34703 15481 8134 1682 16419 38595 6766 35708 3011 5365 20709 7383 33155 33242 14184 14877 20590 14003 39896 21032 16679 130 20110 7353 6255
10638 25241 189 35572 25684 3103 7530 23628 34075 10804 582 8249 23529 31740 20864 25930 29892 4021 4083 37632 39929 22201 1635 22931 31859 19161 39024 37879 27829 12491 39131 11441 33499 5164 28723 38923 15494 19367 14069 35884 8361 38879 28804 32835 6243 32289 31014 1111 33126 35266 17238 17754 32997 4064 38460 5132 39788 34836 12361 30141 36271 34658 35772 19552 19305 3641 36781 39780 6497 29841 13515 27235 5279 35525 12005 32693 36387 1588 32649 1066 603 18482 35702 10072 27002 3622 39421 26031 18282 17752 37941 6573 18515 4245 4492 1882 2588 1310 38608 7420 9143 35044 19122 17298 9470 16014 18585 2388 9344 34164 21013 26662 686 21107 18488 24890 34598 3350 18264 1563 15191 39841 1557 37280 20511 35947 5863 22122 30805 1729 36775 16660 706 24360 16399 35263 6928 9992 33084 19512 39793 16124 1262 4486 32940 24836 12129 14960 33224 5837 21744 27397 29777 14461 23285 19481 24481 39212 24703 4335 19647 6479 13181 19741 22822 13370 37721 25609 1043 10000 23973 35909 16067 6188 19147 18905 5055 8960 1731 17065 6657 34328 6874 27323 26069 7997 2515 22326 25652 10556 31310 29570 14555 24 17651 34259 14131 2168 13678 22186
22338 1800 12101 10815 19969 13510 27285 28925 18720 5592 30567 20817 18814 21752 31261 33365 36747 5622 36040 33353 6471 17190 35054 3633 32587 38425 935 324 14570 5004 38694 39950 24369 13276 7863 24296 32032 21874 5128 4579 39912 12478 3081 37474 9311 36182 20301 18498 20824 3166 20918 26839 28641 12241 18558 34002 19905 37625 26549 4210 38044 24613 639 861 12666 39179 6834 30144 38353 35179 38945 13916 30863 3038 4417 28538 6758 12389 7426 5056 34688 18928 2164 667 9810 2074 26247 20007 36286 26542 23059 17559 29397 7710 15482 29261 21197 32150 7593 36371 20688 31612 30836 7589 4464 12720 6178 28218 28068 2262 37172 22237 28490 12943 1817 10388 39654 14332 584 30459 37319 14286 37109 18895 34169 429 18509 2663 1436 20 7099 32218 38663 13715 24016 18931 34178 17341 20171 10858 26782 29661 20359 8214 24381 27262 23795 27383 26700 28077 31573 14611 39260 31116 5754 8793 6041 32707 29153 11795 5769 19665 22809 28349 8548 17069 11492 39575 15253 29070 29388 1460 15297 38113 31492 29787 13671 9174 26639 9555 38972 28316 35298 38307 10422 31764 26580 4764 26217 6765 30535 29504 21943 21814 35618 10433 38259 23244 23929 1848
22479 7482 22924 39973 38541 38806 31489 17625 37848 37874 15437 269 33854 38707 9637 39949 39474 36911 26841 27908 19532 36135 7075 25358 38501 39981 24314 148 37400 36728 15836 19190 29454 22262 7871 17646 27664 39318 1628 24247 33427 15848 21785 21973 38376 9789 21786 17245 2358 16516 36338 34531 14439 22541 13225 12979 11700 36340 1275 2675 4118 3118 618 37458 11325 16552 16475 16798 22406 35508 21184 24749 31824 16736 35513 35361 39655 9106 13066 9864 15216 5606 18099 37336 39773 29557 16640 23702 34044 39904 7475 16893 21511 30364 8158 37560 6769 8080 4051 1013 28832 194 21780 35098 24389 37577 32903 21505 18648 33200 23074 29931 9245 31488 6380 16741 26078 17416 24166 23615 14456 9315 8248 17172 5585 17653 10331 36399 31516 3902 13611 35667 3371 7708 10102 22609 18950 3436 14350 23935 961 2385 22576 4786 5879 27242 31258 35176 12080 16332 14310 575 38585 8023 31089 9538 15559 2364 8777 6217 5442 37278 25165 19006 36604 21872 15255 24446 23745 23230 10634 31401 1341 15354 25154 37383 20671 31578 35944 11188 9652 11272 9367 37541 9146 16498 17351 1128 7892 26315 38549 7391 6929 14068 23319 40000 19948 7819 19136 26698
4744 39651 23190 39181 8631 4387 28183 15316 26453 27891 30576 23536 11448 13233 21372 2013 4813 35577 33811 22884 4783 6175 15168 38991 25701 1568 36520 22992 8269 35573 38374 13527 22309 32450 7740 17814 13243 28097 18135 20196 14636 23890 29745 5223 19425 11632 21709 34046 13265 25980 9731 4856 5698 1264 32856 2828 17894 17101 1045 32555 28726 19983 7839 15649 5906 26595 30781 32669 288 2210 20013 16390 9584 34768 16084 28044 6090 30281 38444 15028 17781 14662 4141 13498 6900 39576 10353 1928 16211 38951 19383 1934 12212 38498 22033 16752 39484 14745 15327 30522 19322 18037 32487 31211 23873 26094 26425 298 23466 18261 12118 1622 37692 25769 25458 6969 24787 17178 24549 32236 9494 19767 4820 33845 11784 13618 18611 15289 38538 122 9294 34017 33923 22891 30132 36578 14288 6597 7912 7804 15098 20667 1147 36234 28500 23498 11459 39281 14468 33652 31803 32135 9702 31723 7488 24871 4627 24354 35161 31577 10813 31256 21317 16316 25138 34268 12344 37153 37202 19021 14812 18569 26240 11740 16776 29338 17527 37701 1674 20995 28821 3904 24201 7224 13530 26792 23966 23786 19766 38919 23697 34175 33308 20105 1137 39573 13598 32526 13009 9994
2050 36324 32731 3896 34419 6278 5166 29974 27211 29191 22421 32156 18071 20270 18258 18496 31929 3930 24194 32976 39661 33420 37357 25026 38455 8107 4125 6244 35296 38869 17639 4889 8715 31584 5057 17501 3182 21408 3123 16725 26619 29898 27867 359 33974 35848 5357 12694 15516 24057 36908 38849 25825 19246 7490 30917 34093 30477 16446 27026 22308 9261 24911 9604 23879 15761 5095 13096 6493 20144 20484 39317 16134 3132 9570 34252 24047 1949 17255 15575 37900 24539 24633 14503 21331 34442 36522 4176 23247 16037 8454 18520 39598 7177 37124 1291 32044 31239 20165 39199 1655 24964 38594 19788 20703 20922 38201 16628 5634 24058 32567 10223 8834 38941 34481 7716 32372 6939 27821 17450 29227 7780 5272 35831 21778 1734 5728 32203 20690 39080 4220 21766 29041 30328 4613 13377 27717 20978 11140 27602 5539 9386 20318 10480 8553 14916 12701 5124 31043 25343 10939 32984 932 20180 26838 12691 6342 27148 13308 35347 10526 2099 29933 12210 13984 34411 29480 18639 17158 7797 37296 38974 26149 22919 26469 28698 39528 7069 26704 19004 25082 37358 11138 32668 24780 24764 36317 11992 16377 36038 11071 32728 10173 23614 12054 30956 25723 247 1298 11582
17537 14827 15342 26552 21447 11480 36220 4642 20017 581 32411 34454 16501 25208 5942 15764 28982 29409 12724 23299 36961 21063 13968 5315 38198 22557 26486 35965 36413 19341 5174 10419 27567 8366 12811 26686 14889 13793 10495 17784 11680 14484 20875 3833 10314 19746 31024 39797 10612 8225 35 486 22837 15231 7012 15905 24411 37677 22498 5072 27713 22531 31416 16916 39139 33963 3012 17187 11943 6475 33061 8419 1732 23813 13355 26332 14198 33182 4866 6322 30666 34723 33344 21082 6313 9723 20965 33703 4555 39756 15689 5239 11949 37976 1028 17959 32661 22941 25052 31279 13771 7039 27612 37556 31655 18575 22039 31340 35400 7394 38646 26978 32851 38121 39584 20250 32621 28148 248 16648 9014 31496 21678 24345 8786 28479 18681 4382 35962 1435 17765 5472 2523 9286 1823 19700 8586 20891 14784 38338 829 27097 29867 31588 17961 5406 33110 36125 15847 1401 35258 33759 24444 34487 413 19564 5945 29232 34200 8769 27313 17231 11061 23089 23622 26365 18945 31961 22131 18131 10693 10567 13004 29600 12891 19216 6630 5176 27626 17119 32758 15906 23850 19560 33605 10132 7008 2979 23357 36252 31444 15498 33607 30684 7607 26622 34552 29986 21297 25777
19853 13173 28119 35200 16613 21885 23168 2218 32654 13743 13944 20208 23474 35195 25013 25785 18306 14661 29959 30708 7903 5643 22302 30421 2096 19148 31637 2366 9759 24924 20852 21625 33970 36232 4525 38997 5133 24018 38301 37747 2326 6790 126 39293 20125 35247 20455 14474 14329 31449 24919 6396 5963 3320 29240 7028 39246 13782 6903 30255 3491 38292 36447 28078 22046 11349 36026 26761 30182 11181 8635 15720 6087 4933 20252 22955 39341 32706 9984 22331 18311 1489 21981 29616 21529 28810 38871 8307 902 5107 184 39475 29882 13075 1110 28947 25642 9190 6821 20139 31079 9590 20522 18255 15811 35580 2628 5214 22333 28731 34488 6932 30561 25632 2882 2058 8303 24778 16148 9460 16610 36189 30280 33513 20164 36791 30284 11451 39458 22304 8979 3940 9048 26236 35859 6461 18679 22983 23690 16829 3531 16411 4156 32770 102 22990 39236 17426 18933 32921 14568 2429 12183 9458 20764 10247 726 35493 22763 39619 23146 7134 1647 28645 33214 25637 2671 23506 18787 19996 29727 21790 12392 5454 36624 18976 15993 14271 21403 17324 18377 23730 10984 12310 29518 28587 28661 6990 20213 27408 8560 31574 10172 5570 11853 2659 12433 18726 6094 28962
22016 12934 18918 35588 3086 10817 35249 1348 16416 15379 25871 35303 25309 37467 25517 19231 16799 17989 37012 20963 2281 19371 22024 18909 25784 1073 35045 37961 6848 31427 12370 36697 34655 34094 33074 39932 13772 1468 28750 4111 10704 16709 2807 1569 8971 88 31472 33153 10087 22578 1890 38248 38057 35864 28436 37963 31793 22651 9884 34864 25079 2224 11318 11822 16426 39343 15291 12300 9183 279 4482 28191 4908 18528 28409 39351 36254 38724 326 31972 18689 22769 38359 17035 682 18160 11810 28866 36107 31351 14884 8542 15070 30131 29792 33385 37197 1072 25305 23340 18148 31779 33439 35986 30413 2940 4040 28580 36535 1737 39218 9732 34932 8760 35785 36243 13333 26939 21877 9858 18222 3541 4466 35134 8484 26756 30881 5680 30301 14102 10432 10647 3292 15398 8499 13823 6635 9832 3395 2489 26726 17301 27641 31771 28495 1037 16495 24428 12844 12235 10927 13467 1904 8318 19377 20576 13502 25869 18014 39294 26353 29982 33596 39842 38022 2255 28819 38881 31082 8926 12849 14031 18058 37773 35875 17394 19883 9343 6825 21072 6756 34376 15680 12230 32182 19480 32713 33692 10628 6667 2356 28029 15100 32564 3157 19031 5428 1100 29067 33047
8085 212 25044 20611 28530 29831 25351 6609 18855 6146 36476 39146 26511 8062 36006 19073 38018 4612 16921 24120 3920 4838 21818 36913 25655 39382 4055 10814 33405 34361 2458 39763 39211 8155 13689 27514 17927 24126 29312 35359 12134 6752 14564 33187 24994 1600 16252 38841 16565 6268 35319 4784 9442 38688 31981 14106 29395 24380 22819 36947 9288 32721 26603 19713 27996 27000 14990 15884 6879 10514 20163 24830 21884 34502 36257 6004 3690 35940 25141 10379 30544 18706 26275 23707 29988 22129 27949 13154 9433 34080 4239 5155 39248 26689 27230 26922 20283 37714 3396 22087 32232 7996 15082 6434 12281 14186 23654 15405 11944 21919 2278 10490 26485 13584 32061 14504 3488 37499 8605 30669 1751 19678 12746 27428 2764 29942 35812 35930 15698 31477 1318 15127 11166 16443 30612 4249 8130 3402 31266 35565 6984 35155 11173 4352 19857 14874 11280 39185 1290 11539 36789 32427 32683 34553 37183 35443 28380 39126 18889 37260 20267 28680 16394 20308 4671 12927 680 10265 28435 36862 10305 29991 18789 14663 9302 8031 16945 26604 13219 5297 3705 2401 35950 20708 28028 27775 10736 18755 21745 28138 28815 12161 30455 12860 6696 36292 13277 4079 14176 22212
32928 12596 7419 11112 8015 26515 11393 37728 16685 31701 21077 14355 30149 2572 7304 31768 35915 28169 14692 12768 20443 8018 19598 11866 16851 34903 32486 8190 18832 12950 39066 3700 38244 17027 22358 9050 33052 4166 17640 30930 12826 39250 7206 2738 14739 2662 31372 20069 37589 32469 33404 5269 33470 27416 24526 12587 27598 29923 29341 36614 37553 31739 7864 11737 24563 34781 5192 6650 19770 17259 2347 37272 35339 21266 37009 3828 26927 15964 23634 21338 24934 35529 30398 19973 37751 27498 38769 34066 4757 31341 9743 2802 24570 10381 28277 29055 6673 27967 6952 11338 36619 17273 36009 8425 11015 4836 29828 498 33949 36675 6601 24788 36045 36277 35008 17525 7684 27410 11742 10084 9527 15370 25736 31476 6586 6184 16580 38649 13690 16455 11525 26185 3894 32657 20078 37478 17030 11143 34867 26998 6594 26043 4043 14311 1359 15347 12801 12466 23437 31751 36608 22945 29862 23109 38481 19138 13888 3699 6470 34069 5474 20358 11297 36616 4207 21792 38767 19800 7486 18408 6767 38918 11929 1878 12783 18850 23567 9549 2596 18668 3682 23249 11696 20064 32906 24489 16740 21183 2563 19370 13091 22922 6182 22444 5855 12324 32737 7107 23951 17402
8759 18220 21084 23099 17346 33171 35746 16476 17508 5403 33424 38943 8400 25492 34079 26441 30999 22899 23161 14273 24722 1515 19889 36571 37706 37331 2883 21697 36361 19694 11787 23787 22797 15110 36386 16010 5354 7618 32121 2438 36369 4598 36579 31386 10639 9066 35019 7004 2639 17791 17211 22447 35365 14655 32774 25250 25920 24475 31329 33127 8431 31409 34386 31263 16765 5251 20710 20248 21042 31855 37448 25739 21756 12852 4697 116 20652 10773 13426 30307 3561 37031 9444 37558 1381 36457 18816 22469 1543 37289 24874 16311 27339 16590 22982 19417 26697 3354 8803 27409 15350 35627 30850 5797 29 9453 20968 2165 27100 20246 12338 17732 27098 14711 19784 34246 31507 23132 13002 31068 855 26129 21400 14337 28527 9354 34465 34349 19805 19933 24328 29090 14432 36031 28394 11054 39404 30425 25117 9977 34321 28032 16437 26298 4263 30267 9923 17859 22141 29857 39358 34108 36091 15784 6959 30415 30657 24730 16194 13372 10203 10064 36095 20718 26646 35436 11406 29282 13565 1007 30004 37221 12965 17495 27474 26097 30563 38071 8851 11851 31001 17391 23802 36920 38468 12459 38543 36769 21049 36909 18291 39620 21735 4327 18746 8864 33179 27955 11522 22898
23656 11019 4718 33443 20559 14352 9729 7998 18559 24680 32063 90 15853 29805 25441 9492 20422 15276 15730 4362 20206 6061 20802 38953 1772 11212 14697 19262 23428 27759 24382 21775 496 2148 5382 28808 448 7436 12297 7927 2929 29290 15976 7783 32311 19972 1508 32048 37509 18207 35693 1897 37902 8876 35302 13271 2713 38465 14757 34202 24037 4705 4961 30194 21255 6277 7290 28799 18345 26066 35353 15743 26342 13070 11433 21214 21556 29481 22820 15594 36333 33322 30397 21349 16843 24306 23449 9169 8409 18004 10671 21180 26840 30471 13151 25264 16641 30787 37986 7174 12340 7474 31610 38183 11045 20719 18393 10781 29107 33601 19570 1595 5089 31524 164 37826 16818 34182 26170 36589 21736 32990 30523 8128 28852 35978 33976 14977 24557 19478 5253 9677 17407 21684 28940 30816 871 25019 24878 27050 26953 22393 10421 7396 6524 20684 29113 33863 10533 6103 232 2636 1899 6570 18434 7144 25142 5161 35160 29310 5764 14687 37605 34126 13508 13807 12318 18549 30818 29432 23919 744 27923 1673 26499 3998 5305 24929 24355 8280 17693 35506 2352 16586 22384 18162 1698 29613 14704 14985 25572 2826 30045 14187 27572 18240 38564 30293 6141 26888
14931 21294 16582 2084 16655 18383 18031 30449 35905 30991 30204 12448 23955 33924 20087 21652 17472 15631 17167 8306 29414 23541 25432 7533 8566 24956 32637 17121 8021 6687 16618 35180 15185 2644 22220 38713 34661 11062 5376 3422 16195 9616 17612 34206 15010 8309 26788 39694 14775 35271 32714 2710 1929 39745 32972 21592 9081 2384 34609 14338 12052 24339 6580 13685 26694 12514 6018 4217 38909 10158 31419 33183 29030 4046 11171 28529 30138 5298 7083 29934 20876 5791 12001 27773 22178 25712 24393 34876 39461 29502 7948 35245 3607 30855 11641 38287 21130 7595 38032 38484 30873 55 9955 20230 9187 16457 13212 4714 34123 38344 8335 38176 10578 25103 4535 37093 2345 29444 10888 22480 28545 31189 15957 29245 13248 2088 25671 12542 4867 29241 18343 7010 21222 37868 24191 13263 29785 26438 12875 7981 30231 24169 31881 14260 18358 37920 19360 18534 26654 30117 32503 13666 35343 8544 37910 14266 22695 16330 5466 31313 2827 3244 37237 18230 13346 14551 33769 3599 21628 2548 26176 33702 35003 15284 24553 25830 3235 7345 16304 12166 16480 5282 38426 38270 6778 32528 30692 6433 21350 19146 8276 29150 25771 881 29917 12070 7342 12331 35018 2418
26860 14430 18580 6293 3557 35934 10049 27728 35939 18911 27128 14813 22202 11183 23611 12784 1431 30219 14330 36808 18951 1384 15669 23756 35707 24621 3525 5636 19986 20661 11453 4462 39693 4582 32911 35186 31664 15306 34999 154 19794 39003 27475 9002 24808 12096 17377 21155 34256 11976 36706 31037 11687 34533 33913 6824 36089 7569 31914 17392 14779 8316 1733 17009 27586 11421 37610 22937 16983 26586 19419 33664 37428 10839 6895 21171 22691 30069 21481 15211 33627 29361 25675 38792 11517 11313 32481 1136 12593 26844 15121 28919 28496 3972 1529 36029 34115 11385 1461 38983 9157 33073 36691 34045 18113 13123 19567 34801 26731 22505 13950 30990 12634 34320 24068 7802 23013 25858 19312 18425 27680 6864 12044 21006 11560 23596 28079 3778 22345 25211 36544 7751 13351 8100 23215 29083 9312 38913 25611 6010 7897 22037 4595 26573 36513 2806 9393 13403 9282 11127 35418 33625 31828 32211 25409 26563 31530 21985 8705 13978 7289 5819 25262 33806 9827 10534 6082 35049 7103 5007 39968 6158 13545 29171 33295 16820 36676 18691 23584 20072 23080 28606 31170 22089 7330 36662 35628 25033 22553 27942 10978 33207 10679 30175 3230 26747 27161 36430 9805 8413
33870 4496 15134 25280 37970 6886 756 31724 9861 13970 9773 32624 38479 24545 12796 6785 23140 28112 18900 7120 18018 12911 30123 26975 13679 22735 19256 2936 11021 30710 3295 39480 25520 31285 17120 10666 7280 6556 13373 20175 32060 34352 19412 33467 14145 1476 10348 1820 30529 9813 23093 11319 28266 16065 15527 17934 39936 7448 10826 8336 32804 30445 32937 28970 39599 23370 32214 37895 37784 12986 20501 29158 26878 31385 32894 35425 14018 22927 29189 2851 37839 4957 13090 276 21191 34307 15046 28186 1902 13562 11689 925 38613 12216 5301 13761 33407 15084 7307 33665 22274 15541 31315 35975 33486 22113 17360 39863 23984 4145 587 27537 5394 6336 14491 13495 14732 24075 37187 37462 28118 38533 21126 13062 1762 3544 38031 5202 2908 33705 32462 28149 13142 13310 26473 34216 33904 25027 13716 13178 9266 11220 13754 38111 29289 12951 19656 26104 3334 33633 32620 23062 4234 8162 11428 14389 32963 29316 10336 34629 12689 16748 35348 28475 22548 27859 16853 28857 9307 12332 4206 12287 18095 8594 5409 9381 38001 9684 27152 36042 37275 17608 18454 28783 27481 36438 39696 39725 14467 6225 12470 38235 25222 28311 20120 8067 19695 35968 3591 29305
9123 29930 26231 35097 8393 25856 9961 11193 39305 28060 29737 24751 37396 26359 29822 22506 2917 3596 38513 589 18266 34010 3662 33246 5204 34278 37087 39794 24227 35589 35503 28776 29712 37134 13180 33359 12048 37177 26618 17928 16931 12770 35957 4419 6358 35185 16550 37444 16591 36050 30369 8210 28743 6764 3493 19280 38230 7646 36512 32215 16140 31513 7461 35793 11531 10251 38139 21931 39951 16482 648 23953 33640 30475 36711 9423 19916 14567 36842 7617 34818 22101 12778 19099 21853 12122 13955 260 13813 18367 15706 12808 30262 25366 24238 14171 20314 803 4623 5092 25449 18163 11118 14601 17884 2914 32224 10304 14126 17788 20727 30146 14466 23352 6361 6693 2171 12876 30543 35022 32899 23257 38205 39992 14540 31569 16901 30635 20393 37351 3919 10663 7150 20157 15595 12522 28249 29811 30130 24090 13461 10244 7308 24968 22288 5070 25180 11261 8637 20475 36878 18943 35851 34269 31826 8047 27370 14658 4720 30009 24635 25238 16363 887 1349 16606 23337 9272 37380 24045 1696 21543 21825 28769 35431 4013 15055 24262 12870 9163 17828 3829 39021 17199 13193 22830 1494 20433 2415 34951 8982 39844 20114 21680 14164 7301 21359 24771 15509 29491
1069 9262 4551 3189 35069 20602 38996 3114 22171 16717 10949 19739 32809 37295 20494 14691 24721 28083 18872 33706 16885 14520 4550 5701 28350 37893 37139 26265 7788 5915 39132 13155 13336 23673 29938 21924 666 26214 26806 16787 915 26095 2010 23470 27890 15922 33616 38185 13636 1054 9582 34227 17540 32578 19333 1539 3754 30579 13558 12021 32807 11736 17397 27234 8161 20449 37568 33973 35880 13304 18127 7680 2202 39376 35516 28206 31423 11111 131 25389 39309 12794 13161 31728 21534 16187 5460 12751 28959 35405 4248 6598 3364 23475 5165 35867 35704 6239 34168 36395 29109 9105 17192 32252 10183 32012 19295 5232 22231 8026 12532 7316 29461 32171 36455 12276 25696 38723 30945 39801 36917 25291 11763 4323 39350 29133 8194 16995 29651 28768 26286 24884 31164 38174 39285 39314 8984 14341 15561 25781 22157 5970 18564 11402 30832 15428 1440 38845 5602 11934 29635 12335 38635 11366 29365 6637 13042 18242 9534 7937 38428 11248 907 7481 36397 11072 9500 9708 11666 38419 12205 8914 1986 12043 6866 12168 37068 17614 36481 37637 32101 21788 23264 8884 18022 21912 35903 31925 34933 23043 16445 17303 36552 2795 23959 39017 37725 39830 39157 28640
17584 26670 10041 428 2833 6663 28469 14241 12994 37774 6473 25801 4311 29911 13883 23246 17089 24331 25399 21908 26339 34047 37506 36708 38662 2768 7203 35750 13722 10696 9565 38865 13586 24757 16719 17053 293 5844 15040 35942 15779 38115 20038 8545 34967 33433 19823 3010 22371 11263 15870 15197 37939 6526 25362 21427 33782 2593 5303 9250 32421 33237 6251 25099 19843 36098 28537 22647 23549 10484 37430 2625 38793 20365 6008 3260 13254 5248 2463 36679 18294 33164 27429 25865 25151 4896 34840 3410 16835 21946 20948 37602 8689 17422 9513 39779 3340 5129 12552 15190 19115 14578 9345 15111 13976 14848 4732 10520 30172 29476 29912 35366 17455 16181 5591 11546 22550 14679 11759 23287 16137 6051 10954 6944 24584 35437 29632 17887 1898 6476 9602 34166 25990 37817 28557 18940 32935 31397 24370 10830 8648 14921 11011 37759 29628 19451 9825 4701 28280 683 24773 28522 38141 23920 32294 8346 7248 12341 21238 19441 19524 6653 3414 3140 34073 34606 22653 19384 753 27016 19110 15911 2178 39014 731 4542 29622 29969 3406 32102 9938 32901 17745 10472 37207 36415 9115 11286 15692 28412 14501 17496 21647 25564 5567 37439 18851 12377 6593 1784
1464 20571 18373 21428 39998 37766 37389 10275 32428 17630 5852 33619 28038 20805 35175 23119 36229 31900 27058 37111 39140 17109 31857 15458 7395 5054 14943 12400 7262 20249 19151 21212 29147 14039 21971 34425 31100 13878 26579 31119 1561 25813 23365 6284 15064 17706 22925 35697 1377 34519 7936 35916 21271 7338 4605 6799 23980 37253 32317 9979 9786 8438 33114 17490 27371 1082 22574 26494 19063 25243 2670 1312 15348 9280 39629 3375 8355 2207 34892 32829 19635 36938 26716 9024 12678 34254 32237 32050 16718 37384 29321 11646 3484 32015 27543 22913 7969 36121 19302 36331 8814 29019 37492 18692 29705 17575 15257 24653 20549 22009 31717 26539 22392 2715 21144 28113 32645 1102 20277 16373 15384 16094 34179 29437 26508 16890 37914 16129 3296 30621 24094 996 21779 21360 38030 9488 18854 28975 16032 33341 4682 15331 31989 38130 36857 4868 14056 5902 33507 38939 21234 29552 21855 12556 24290 13799 5197 36265 32561 14246 16228 23710 24707 10811 6706 37734 25911 16483 23313 5410 12407 31926 19616 17040 35842 33444 18391 3587 32315 1634 21423 10933 17618 16857 5205 37113 38823 30718 10658 11501 16727 29148 14516 35309 2185 37483 23972 34314 15092 10807
7603 24214 239 29756 24981 4847 11627 36953 9448 27361 29752 7196 37480 14695 17395 37346 11529 28088 11868 28515 26011 9909 6891 24041 27697 26200 15465 3002 29268 10297 14627 23748 5934 7626 7431 12881 20541 14873 17714 28165 8611 29105 22628 23236 29423 307 17908 17131 25325 33751 2966 9060 12960 14926 24080 23237 18047 21319 12023 404 15409 22781 11077 677 19365 20074 38383 22993 13727 10191 35358 5320 30791 6120 1485 28717 33901 26314 31677 16592 23465 10383 2533 12372 36061 24264 13750 19591 20569 191 13934 33932 13741 36036 9831 14785 31323 19172 19699 21524 31913 21142 35099 38657 29630 14323 8405 33966 33714 21962 12124 25204 13652 37314 22041 13791 8377 28818 15740 9454 12946 28869 4288 36971 24896 38787 15921 12864 27665 28792 8699 26239 27577 30800 1892 27187 35868 7566 20637 10898 7846 39136 8620 5198 30193 20739 14476 11910 25761 7550 34004 39783 16374 2703 392 4537 20512 908 38081 10574 27464 3619 29374 9835 11017 33334 35981 33151 21301 29763 24843 21337 30047 35034 1807 11839 31103 30272 39269 31209 23328 24610 35202 20185 5185 34846 6585 11253 29784 3781 26 12948 34680 35763 24129 27659 22078 25854 12894 5505
957 31831 17100 34955 11735 38738 24257 29985 21102 13769 20092 39175 16577 5767 27232 32720 1516 13860 19349 19471 25265 8230 6770 32429 15925 23843 13889 23528 30955 35733 14769 5900 16003 26207 35664 33646 12114 24719 9591 24731 28793 13449 16576 36477 32734 3628 6316 28598 28167 18292 526 26641 11733 32667 10127 7515 16183 39466 38802 34248 26669 28974 12526 14905 24132 34054 6474 2551 36148 37281 16387 7741 37730 17258 30173 25982 2283 26317 25285 37088 23905 572 37613 13168 38392 23558 16174 22210 1894 10188 15497 28826 20916 24988 33842 7473 12839 38820 2927 7471 38088 8234 17935 35042 16301 36699 28824 15657 29306 28868 39607 21566 18939 22107 13886 32006 1086 20124 34687 23819 11993 25298 2587 3873 21949 34739 14203 24176 10507 34485 28979 22156 19923 16907 36641 18461 30833 10028 38161 3450 5689 15322 5152 19755 18033 16255 16769 33093 11594 37274 13475 27276 25218 17430 27501 30285 1473 14455 31970 18374 15400 2296 14814 20357 28823 36972 36120 31651 9787 12472 36901 25549 39741 34426 15264 29455 9042 10564 5909 2407 27140 15182 24009 2209 23886 21162 5631 18769 14906 20742 15039 30274 8896 31347 18856 38907 24828 27752 2138 919
17028 32075 25367 35334 25681 4685 33748 11699 37926 28144 23087 27945 8653 18834 2336 5848 9576 30536 9532 1832 25096 10845 25140 273 2317 7672 25834 37619 4950 23603 29694 2495 23796 384 37547 21558 17477 29761 27950 38157 28178 1619 21639 35825 21380 33213 24174 27499 6902 3704 5511 27104 4077 39882 22515 10806 35883 110 11589 28688 4747 20668 14277 27530 19763 4373 76 36591 20001 34626 12534 2724 20495 567 2853 8744 36743 19574 23806 1049 5565 29583 31120 23130 27758 31964 10469 22215 1530 36990 10916 6953 2726 27656 39539 1154 9874 27181 16933 11966 20280 38600 23513 13548 34153 33097 18743 6875 19423 18173 24575 33957 20933 7714 21091 18898 3794 31707 16992 37717 8596 24641 32492 27897 19108 18308 18628 4430 17840 37287 33753 2834 11906 27796 25721 892 14417 9432 27769 17049 32319 39349 27359 7511 24522 22386 30810 39682 21860 32405 15368 4230 22108 6751 18208 321 21922 26931 25328 15938 19261 29156 22526 20756 5051 14515 3945 39227 10843 19662 25778 1246 3053 15958 75 24498 3929 12702 15443 24138 34674 14489 32885 27400 2335 14938 311 35920 34559 7926 30837 11721 1053 5018 3366 32836 14019 38049 39488 16795
26193 21751 6449 21028 8288 38542 4921 10833 1574 12299 37464 27662 11330 27073 4833 33980 23455 9634 36012 19497 11075 11034 138 39534 36890 37599 1602 11717 32527 19676 15658 32848 16179 7264 9222 27542 458 7717 29074 31622 35033 6125 30608 31501 39491 9292 32139 32169 24691 21327 2271 423 34106 14863 30555 32525 3031 23396 15119 17677 11381 18299 21609 16863 5831 10474 7878 39613 12624 27015 30826 2655 35337 28101 25826 783 12863 34570 32902 16569 4633 4789 30286 8875 24577 33982 26132 37786 15453 34690 34714 8271 28567 10444 10591 1661 27956 1921 25223 14078 5172 21711 35983 26738 30632 9338 23530 34820 11991 2950 3691 31049 32909 11972 31500 20946 39316 21588 26142 6453 14396 19271 25872 27270 551 39138 7421 5254 8951 21561 9414 30053 34849 25465 26302 38036 8492 8477 7006 35639 22224 6307 32834 37482 2015 23094 2116 16614 6143 2898 11804 22977 15426 6513 18927 9001 15788 5411 22185 26636 35331 14 12139 7352 24548 16584 2707 39978 28745 1267 36081 2090 11303 104 34451 34630 2353 35466 16015 27326 25257 31142 7543 16368 18731 7050 33795 30050 14414 37322 31627 24679 29353 6133 15691 34551 13420 36658 35718 6846
34815 33907 17719 36768 16297 3550 13729 28375 34326 5723 4891 10222 8044 24433 29940 810 31428 22445 26616 27084 29505 18669 1346 12412 18412 2247 732 716 10217 33747 9153 14834 4050 20777 38203 3090 31631 31166 16908 31058 32148 7216 14802 13855 7571 18539 487 24439 27351 2490 12827 38021 2745 37585 30032 37391 13342 28837 23330 22889 26029 10246 11650 6830 78 39809 18061 12416 36536 6842 15213 6762 5218 20674 35494 13645 29392 26412 10112 25666 24172 22929 21631 14507 9752 7311 31136 10200 18826 998 15260 4680 16688 2680 33181 10711 13512 29464 35297 24125 16317 30115 9648 16160 5045 2325 656 20391 18450 10225 18077 6329 34745 36201 34209 22909 5607 7806 29121 31467 20937 35149 1702 9836 23995 15511 22660 25841 33565 32580 32456 11681 24800 7962 38275 11180 15615 27723 38705 18809 27934 11025 20271 39880 31352 6372 38766 19994 11798 21601 24324 24462 17139 35453 17987 23058 27818 12525 26092 12861 28102 36547 27909 18480 27744 17979 17032 17977 33954 24273 31781 25290 17736 27012 24923 15885 17605 35304 6997 27255 33757 19628 35919 18212 9215 28279 38828 894 20127 25322 25413 22685 37922 10186 28354 28453 6246 1735 30983 18171
29952 36750 31450 35196 31111 15752 10774 29516 14298 14191 645 32283 19462 19790 13714 39716 729 12282 10644 10116 9271 32651 1757 33379 32423 30330 6191 38254 34617 12169 8415 8113 17794 19761 11321 2018 32648 36653 21456 7151 10538 19316 39359 14818 10475 15042 14348 25433 34567 21455 7187 17739 9418 32342 3183 25425 1027 8252 14043 22194 32513 27257 19308 29077 38256 26386 19530 16058 16946 32900 6820 18591 8497 12763 20791 185 11439 39320 21178 13752 14368 26421 14766 35091 23039 10989 26817 23405 20076 26863 18647 20532 28476 21918 24204 13361 851 26770 10652 6568 7899 8986 28310 4107 3463 10081 35689 4067 35074 245 27070 26952 15574 14942 28041 19955 33754 29425 5 36659 12705 2798 1010 1148 26133 14685 964 16865 17925 20928 3740 11521 15900 35949 13726 38193 39468 19436 13488 16414 28318 12188 26481 39894 17233 24932 36268 9711 18048 5612 32951 22015 1033 22986 26955 27425 19827 20666 10706 7351 12415 824 8381 30862 4860 16934 27741 26325 14421 26889 26558 11607 17274 2194 28256 2946 8922 11445 26042 10741 16623 34477 24404 32356 30233 27576 18774 34199 31440 21672 15767 11731 39578 29658 25470 23692 12181 9641 39557 1623
13003 34026 39727 1891 35102 30510 8176 15915 600 15375 34028 6480 28273 4708 35071 37718 21282 10369 18159 10553 17062 38670 35106 10983 13228 29517 36673 37573 19847 6086 11239 20040 15230 507 31065 28843 36550 20243 19585 10323 26296 7267 8629 23500 21787 14248 4344 5510 27914 20874 18404 2083 24486 27566 8441 23006 24723 13100 22838 23353 775 15436 14693 30768 38965 34790 22236 11308 7724 4587 24252 10788 195 8291 22022 6375 6827 32941 23280 16288 38229 37889 34240 26245 27823 8192 23321 26450 11648 38627 22271 31039 22266 5099 7965 18767 987 6522 32995 35741 10966 17247 27345 3979 31844 21079 25381 16161 13114 36692 14962 35207 39290 32155 11324 5944 10527 7403 12396 14317 30841 10937 12964 38242 17279 18227 19401 36925 28732 33401 20009 30501 9856 6590 36085 15728 27005 38527 3564 39827 14283 21854 18522 944 13785 31373 19042 39116 29598 1486 32095 9881 10743 38268 13723 19382 29122 23522 7265 35789 37899 10289 5897 9095 9147 12872 9945 13427 16379 35321 3151 15830 32532 36793 9799 17933 18394 36464 24485 36086 19522 16490 30350 35888 19971 23002 36435 1194 16141 16866 4498 31465 33884 16654 3322 21196 28727 1680 20199 1289
23134 1081 25970 35284 37185 38164 4231 19453 15562 3600 16994 26999 21477 38675 27252 22798 31328 10838 15877 7371 28235 24525 16911 4963 13721 2092 3444 21525 34657 29048 2329 28021 33656 13278 23546 3228 10439 11211 24741 6104 36446 3445 2788 7188 16217 22850 31000 34391 28891 7700 32278 12814 537 30417 18615 12873 11198 13501 18842 6289 33526 39170 22036 3612 4958 4493 31889 36458 7885 214 15462 24029 4054 24140 33300 34150 2656 2307 26492 39029 25338 8256 19372 6938 950 6676 37540 12764 29017 28140 17124 31535 5870 33905 9478 12510 36951 27422 5032 12848 32719 13910 26335 9535 30089 1449 24580 391 16441 21154 9051 39699 10876 3351 39315 31536 838 26864 39872 3986 27272 13698 39067 13122 19849 19547 18579 356 32387 30847 13226 1958 3386 12679 33739 1000 35381 6949 5216 11800 28237 11056 22788 21850 34085 31897 8429 30380 6926 8283 27250 19989 12676 12176 13452 26117 9568 8054 35235 22184 35820 6009 18770 22745 12030 33186 36407 5683 23090 2733 23377 29733 8453 28514 7901 29698 1336 37794 7826 9435 12511 24464 33708 27571 16079 6332 35439 38312 15258 1540 23488 32877 34291 34457 14676 26885 4681 4363 2640 15579
21783 18210 21535 13757 30981 24560 599 2840 6506 9876 38846 13770 22282 18130 23226 28817 22477 28599 592 29512 2097 25735 25725 15104 12878 18397 29129 22495 4527 37545 30271 11676 5812 39094 30854 12866 35010 27643 22103 32611 18005 2038 31642 3 19442 23866 10104 8446 9150 13408 9804 322 23412 13865 19243 27856 31887 27767 2152 25144 23772 23485 4688 369 18625 18806 9815 39171 29924 6481 12223 5633 16788 34861 29624 20464 20396 6882 5222 36467 24624 34970 7865 8424 13554 17156 9918 22895 8253 36469 23117 10482 11570 7858 16754 18980 23446 6627 16694 12618 13790 25862 3671 22915 28798 37130 3915 9659 24724 580 31393 17008 32355 1292 36346 15252 39385 15739 30672 25902 26954 6266 20514 31750 5121 22575 24083 15083 17405 9760 29303 24222 1566 7624 30338 29151 27880 17140 14149 30764 18231 12346 29602 5462 1287 17136 13106 9004 17622 19680 39996 26048 4799 13928 33548 4670 25596 2147 17488 38186 33669 424 7712 35927 31789 28085 27795 1323 5666 9356 14622 37180 5817 35157 34098 37252 24134 30492 19845 37792 2900 29199 35089 27941 33241 7859 5432 19874 34112 5794 15314 7801 16350 383 13383 11471 31422 6912 30706 29749
17692 38598 39277 31892 8801 35531 9283 29403 11697 29379 16077 21509 23229 11128 33984 9989 17130 27264 5183 27797 10120 24702 37911 8739 38967 10367 23518 4393 1992 1220 39206 35635 4765 15273 33156 16237 24532 26902 2789 5989 23091 15709 19634 10627 29994 17623 30639 8747 34065 21890 25102 21249 34744 21883 18577 32644 24534 24950 25365 10718 2291 10407 35887 38195 5507 9209 32841 26305 26921 27738 20077 21219 2582 8556 25025 5566 19588 19026 3225 10947 25474 33065 33205 25619 29348 23316 15474 3245 30920 19597 27989 35410 35468 12384 3937 11908 24795 21267 3810 33216 5430 35611 8626 32002 39097 15630 37143 36932 14108 37921 20386 32904 38134 31081 33108 23055 6955 29781 21324 670 27483 27570 28721 38706 36128 11834 37537 13378 21829 1300 38019 19335 28241 29571 26294 25078 4964 181 28053 2033 6099 15974 4495 36119 33406 29790 521 33145 2187 31904 30753 14666 9436 19117 12654 440 7910 25036 28020 33585 35485 16757 27225 33398 24139 5336 26536 23594 25192 27720 6588 28003 23974 10856 22851 35712 28635 26923 36703 26018 5255 34429 1581 910 11667 1662 27812 27169 34940 3657 16753 29343 5445 29265 14911 17342 17201 30234 10614 27268
12417 2790 13581 30852 7249 5913 5946 26329 37847 14600 8754 8489 9126 31158 38569 38814 38180 29887 798 13107 37165 28226 16782 14817 36365 27423 4959 29799 4629 27605 3432 18204 28258 4425 21944 34735 27332 37697 34544 9523 16248 28878 3348 24353 15816 1012 32003 129 10073 7531 21970 15920 6354 6359 18929 16219 665 19753 37841 22491 24109 17284 17371 19661 4075 27112 26899 19059 22639 5021 17909 19934 28478 8804 24879 30519 17582 714 8890 27007 9100 11941 36946 35520 441 10722 37403 31821 13311 30260 7567 27904 20043 31986 39517 26658 32185 22257 4005 15383 19357 33722 30473 4240 15451 10384 11907 29786 37768 39442 22007 35615 1781 3946 12957 9179 9347 6783 32077 28424 26328 7259 4986 36724 7370 34060 33712 22826 4317 16257 20673 20452 11752 121 13677 10 7014 25586 23172 27523 4509 36380 642 20204 17598 34042 8517 35797 2621 35921 34270 33337 8479 9739 6346 23658 18449 35599 30752 20330 36160 27870 8202 20969 16680 23145 30653 1911 18521 14347 35280 18993 11396 14970 19865 2373 6305 14419 7907 4279 4678 35391 16245 28952 39366 16699 2295 24164 466 20794 16344 29149 9533 31654 29498 29631 24689 21365 31835 16278
18714 38872 3121 28678 5030 33089 11146 32729 6314 8603 13357 26774 14609 23666 36840 30959 30037 21009 26452 10291 21351 18592 27277 11612 29318 5005 6159 26627 10820 21453 37435 15645 9154 28833 25249 35885 39082 38601 35417 7175 2978 32107 28458 30339 31286 32545 26430 29356 1388 14194 24856 20741 30457 37309 24837 31620 30389 16481 39283 14878 27604 37668 31810 26045 31523 7319 3668 33358 1915 23302 36919 25121 35816 9868 2440 13917 32226 11889 14438 34146 35332 3142 534 26130 16328 21141 14451 34120 21148 34263 19166 7990 39930 32227 28096 10855 34906 33979 6629 37453 27203 26794 37777 3134 636 9427 31207 26813 35954 37968 36685 3054 24682 36817 21760 32671 13821 2855 10395 9176 10236 3128 14095 15932 19057 11301 32052 9071 21682 29056 28446 21156 14037 39798 32542 8308 29998 34635 28778 23290 29826 7384 32860 3886 23256 15628 24297 26413 24093 23957 36609 27621 15149 13909 12034 6407 4932 20485 26628 6508 35860 31107 38068 15652 10659 24469 21129 28445 14615 23640 30129 39746 23773 32916 7967 98 11764 13827 19652 29347 27017 4007 38966 37324 15438 29608 30508 5614 3391 6544 37381 34152 4695 22102 32184 9480 5139 23468 4143 15118
29492 13237 8807 2922 30915 17176 35935 22697 9030 36605 7605 36241 24473 12834 373 38518 5720 25352 33000 31978 33666 30429 1794 8235 25414 25199 36063 35646 230 23305 1132 29984 29322 4698 21215 20663 13016 11357 9775 37479 24237 21407 24248 36309 15754 30235 24611 16959 32114 12829 8874 38397 31660 33102 12217 11049 36011 6379 31045 28171 15140 29450 33969 37891 2525 10657 6319 18513 7191 5832 23242 32517 37622 6321 17393 12781 26786 25838 29415 28902 5235 21177 29369 36305 35941 28809 10986 22845 33268 31245 37212 5393 10403 3846 13149 37654 31019 23877 1169 1609 1391 23281 7219 15844 6774 19554 38686 13328 22939 3020 11554 38971 49 23456 30614 21841 24186 1743 14079 4162 19392 25870 28730 182 8263 28583 35798 28234 20636 9175 39544 3045 764 16997 20624 2011 24760 34653 4447 22284 11187 18827 12336 22427 12050 16936 24438 39299 29257 30183 24564 15916 1638 18238 24586 20067 21848 13490 38621 14954 39736 10525 8321 36568 20291 22239 23426 25787 27727 8240 17335 23852 30900 39282 10541 6236 30569 6399 16546 35103 18118 13031 8706 18445 3145 17504 6230 29159 28536 10187 17779 21302 14236 11642 1166 1670 3989 20612 31311 29706
33902 37240 22181 10229 36055 27508 38083 35870 28455 2 14654 17432 420 32548 37516 14437 1150 12193 1057 13648 31161 1442 12615 9399 15835 13891 31006 18218 35380 11044 31169 20460 19837 35620 14652 21124 11875 23079 27496 33169 7253 5502 25864 27090 23452 3030 28470 13059 39677 5544 3423 35818 14206 31080 26928 19353 8639 4543 9201 21495 37745 22734 26609 14575 32310 2211 16044 83 10361 35991 16594 21630 29523 34776 16176 23527 27342 14096 17509 687 17018 19025 38282 19707 24184 19241 20789 36471 13324 8328 19815 6001 4969 6643 17968 13499 31468 28898 15621 13434 2435 35024 24003 38771 7697 7922 14518 21250 33968 1339 9824 2175 26783 31367 35849 15208 22792 12832 35609 34667 35865 18216 3305 35320 35457 17476 1455 33519 8200 24259 8701 23164 32947 18439 17943 32021 22910 26681 17400 15683 22038 701 1881 16230 16910 23775 9624 26079 7367 19592 37783 21490 3231 5447 13104 30935 1932 10025 15540 38638 12449 16513 11788 5043 11172 9569 30674 24598 11785 9753 33380 21318 314 29615 32447 30354 30712 39230 26734 21054 19510 4664 17067 3762 37041 4773 12562 2132 15748 36212 22713 25097 26340 1071 7041 23746 8992 25773 4086 20090
30585 13402 3802 23999 22780 12294 15232 2232 4000 30092 15448 36713 35823 33986 1637 13903 34753 21768 10271 20339 30698 25333 7623 8700 13375 11317 13348 11292 7565 32854 31553 36903 35308 11799 14783 12060 27565 31585 34138 29100 12575 34746 28942 16370 2543 16107 9866 18195 37641 11114 17535 35093 12211 19131 20369 17857 36053 1549 19426 26842 1720 25385 39821 19306 10728 11691 31600 8102 32070 31608 38497 19123 21728 2685 15421 36548 29675 13482 29689 9546 25518 14920 25073 13781 9406 23011 30943 19740 35470 37476 34936 38451 31836 31688 27052 24313 9499 15367 11150 788 36023 17050 32308 28992 34987 11766 2885 5559 1664 31700 19533 4601 14071 7718 14898 14403 7392 10643 22112 5340 2620 32978 32866 17875 21859 22045 32771 10153 36723 22684 3449 30556 37861 34228 7516 22190 252 13608 38035 15773 36565 38539 22391 18193 13464 277 22759 5278 25314 15146 33302 22730 13496 3401 29001 15352 3715 11954 38170 26417 4192 23701 22193 18910 8554 27348 15401 9834 24285 35246 1507 21923 28918 26790 5063 5508 31203 208 28437 16142 38915 896 12780 32718 3764 12451 15827 15034 23114 30626 18949 22052 19946 4186 14845 31603 6941 722 3722 33360
8375 30648 31917 52 34369 38890 2876 34904 24232 29211 18265 23731 1996 32399 21937 11374 20360 10032 13077 19440 5329 18262 2681 38979 16175 11548 38512 4361 33799 19479 6839 5163 28034 13561 6511 31098 29410 16733 20342 27159 3624 32788 4620 14713 25605 10990 20217 24983 17145 8493 33434 3659 14720 28422 18942 28413 10313 2488 10940 22688 22629 8940 20036 39740 13983 19297 7314 4842 11707 9502 38110 30279 13650 26652 17415 17163 39391 5886 21087 2448 8051 35687 38656 16761 21687 3546 3313 2069 32464 28928 29999 18431 11360 14883 34236 11702 5827 39709 27521 33578 37104 15288 34948 5169 10315 39825 16293 31133 6304 33386 34107 13280 3489 13261 27071 330 11513 34546 15639 4180 19915 7924 32530 10036 24258 12742 6156 38434 33184 9109 38747 19631 2299 3496 6514 28242 5372 10400 35128 7745 14471 30996 21409 11967 31272 30216 9379 22121 19046 15222 21328 9232 32709 25188 1833 37915 10891 2995 31462 18617 10455 29866 2993 5600 36389 10938 28236 26454 36974 11135 22483 4376 13874 3458 13567 22751 19352 33202 35101 32104 349 20260 30189 5630 35165 692 36969 3215 36797 16896 29467 3034 22573 31425 1117 20827 39322 26749 5850 18848
31426 2619 35756 30296 33307 5542 26506 26732 36351 36596 16101 8072 36100 3369 442 34281 18925 33391 36898 36289 3768 20812 35973 22632 7430 12147 28322 5257 32846 35995 22435 18790 6633 8169 19178 38944 34991 36245 6819 36580 39902 14927 30587 5780 17463 37057 13257 25616 29791 6456 4658 2865 4194 6714 19999 8233 1771 24086 19137 36288 9649 35694 20403 11870 32175 19150 27610 16988 15221 4603 27749 11174 15201 9466 12636 37494 30961 38715 17569 25490 6745 2256 35232 1671 30059 29334 8859 10579 32676 39117 29619 39755 18914 33593 33039 26661 6644 19542 25618 29253 19097 3749 28072 32685 33580 35275 35776 22062 2549 35031 2813 9270 11698 18314 20572 4238 29541 23345 5219 30222 35898 4972 8645 15965 12413 15892 31680 12286 10999 38089 8762 2004 37375 24013 31794 34478 22105 19094 25512 6887 27777 28012 36785 33868 39765 14665 12099 10269 6482 8974 37740 7462 37176 17513 21966 36041 11444 13570 24614 152 3119 20436 16932 18812 29815 28921 16420 16666 21422 97 971 23515 30184 25340 36181 3791 32426 7328 16500 18313 14316 36734 3112 8024 35607 5041 4283 26779 36914 23486 26269 6993 20997 11392 39301 1916 31845 17648 25923 7966
9309 16964 35037 523 16574 10748 22401 24063 29473 13164 39274 9611 8041 2811 28656 14678 23315 12068 8985 22857 18259 275 14478 11309 2999 39818 34928 10205 17557 19970 12850 28193 31743 28989 18260 39600 19709 18941 31337 5256 8713 29386 4374 33250 18491 7711 4151 14313 15653 18712 3808 15484 38151 15198 34672 31243 2637 24178 12607 5982 33448 30360 35862 30611 30949 32529 3471 28874 20943 22655 20441 5856 15062 20367 37530 9398 9575 25010 10585 629 23311 11654 34025 36071 37644 12206 1893 8173 6681 20856 38548 19343 38826 16251 5302 6228 7073 3041 188 3522 14851 9778 36398 4262 27606 28430 35289 29691 21759 29766 9800 4470 6031 17864 1592 16169 3229 14458 24656 35377 24882 8848 7541 36132 38354 31856 4228 38461 4368 34860 21733 14894 27830 12529 29545 16126 28274 10941 23211 15744 11900 1951 11411 11709 18703 32268 17579 38132 14838 6934 21024 12430 28805 20994 22443 22349 12402 27965 35530 26158 19199 21062 13659 21224 36896 25931 34650 34503 14099 3818 25988 16626 37739 34489 19545 4272 16881 37043 36618 12369 7044 18346 22278 5929 11588 26683 32402 39530 20851 20370 19028 23306 30083 36280 10286 36515 8563 14089 7207 7879
7792 2318 24193 19565 173 14925 33893 13425 13658 10300 29417 28691 23292 13738 2355 30178 29871 29319 30174 11604 3051 35287 1710 19938 4702 4261 21834 28314 37460 36811 19995 14899 8609 8216 4060 28967 36049 5381 25958 2294 36686 33779 2464 24590 17893 38095 37490 14397 39734 9742 39703 30264 24190 18512 5943 8391 14111 18793 974 11078 26701 38902 28320 18466 12743 31973 21586 7775 10956 35608 6603 38768 7469 1254 22953 30319 26513 27957 36320 6520 16852 18106 33150 27390 12242 14107 17717 9052 32681 10157 35055 8414 21725 11817 7362 13250 20927 33442 25195 34312 23118 2667 17077 456 11685 31455 37830 4310 1387 4790 37649 1357 30531 34738 11776 7546 33339 24042 8464 22496 21797 7564 31122 26647 7077 80 1518 6923 25228 32838 3499 21960 16221 2894 39581 21758 28298 11981 5789 38797 7870 39750 24971 2478 35726 37913 9091 6613 33802 6264 1629 7522 31606 2972 4203 24813 5341 17282 27962 19415 34886 22854 32599 18698 29884 31415 34566 19087 26046 31564 13132 26319 19519 31753 28903 39776 31493 27414 35896 6100 27768 10739 7798 10796 33361 35650 30794 25069 24005 18833 6796 33742 29264 17381 9412 26180 26209 18010 17041 882
19582 7983 20882 38740 27893 15648 9380 39943 37408 27222 27189 16164 7247 35393 10637 25641 38644 27512 8394 10357 12518 5384 22999 26187 29223 5557 26867 9601 3939 8486 493 14327 17123 2442 19085 12629 34140 36551 20752 33561 24231 34819 206 33775 19712 9274 3877 33693 15012 36884 15557 38152 29059 1181 18576 31930 34931 941 5000 34455 2846 6152 3448 32952 31977 31924 8083 22408 29956 23545 25434 23120 9170 15249 28633 16587 19537 19838 30664 8068 26798 1120 5118 36007 38988 36727 16157 12685 12024 23477 1331 20133 8746 23332 21472 32292 19207 25890 21043 39852 7260 7018 10836 26966 32767 30882 691 5699 23135 10691 2699 18060 12356 23630 1446 30914 20831 4761 4434 3586 24835 10318 17235 11438 904 10277 21722 15052 22888 22846 32816 19487 18174 7676 18645 38986 815 257 6605 31597 31078 5280 35501 7904 18983 15139 39626 38989 2868 38407 26000 37466 17358 25820 14221 15416 28076 27240 211 38604 7096 17168 24955 17659 12125 6541 1857 34675 26757 14339 1610 31220 38784 31424 34614 14030 15989 28365 39989 28632 18600 2227 31676 37241 28867 38077 28075 11986 2416 29566 25431 30151 21424 29503 22065 19068 11602 18791 27186 30321
4700 32309 6134 32922 123 14767 8798 22562 9664 25733 26376 24494 16714 31097 26161 2708 39340 3146 16286 1739 27113 14780 39886 21227 6713 18161 8601 8053 35551 2111 8016 10906 16339 14473 30946 10670 11519 24814 24053 34572 15866 12707 6424 33880 24218 34997 20025 8259 4138 33650 4241 4887 36773 21799 16144 7097 19186 11084 31511 16406 28254 22291 918 7162 17512 10133 66 2838 6577 16071 38515 26313 10755 31647 13447 28861 5560 5346 10417 28523 28402 4165 29036 25469 36993 3849 31060 17313 38666 10216 1095 35036 13699 36668 37235 31009 36524 31769 31619 29495 36600 29948 30557 35720 2443 35004 19319 28957 22811 32430 20975 19945 14517 16114 20390 17735 19230 28908 9519 24505 14823 39093 5878 21600 34377 15290 5399 10977 11921 4898 807 13293 7661 19374 15301 29872 26562 35046 30606 8718 2700 28363 35623 12244 7011 20645 22912 23440 30807 24622 4997 25034 26617 10138 17607 31690 914 8867 17011 18973 34977 30134 24831 16270 6227 26017 12588 10688 18590 2091 26100 1620 32418 5325 10167 10412 14675 19039 13859 28997 39905 37410 17367 18476 39089 8722 23415 28384 23125 21585 7918 30099 36215 18730 30845 22783 23483 22554 2145 11897
12445 28276 7563 11348 5730 25698 34808 11224 11009 12371 1782 38387 18467 38403 25705 36404 13039 33473 33885 20425 30436 27932 5367 27627 11364 29009 28175 10584 13937 29961 28392 30896 711 10957 22645 29274 30891 38452 5025 35491 1427 9665 9693 6330 840 22779 12667 19402 4663 63 866 36325 19797 19559 1204 17126 2601 25533 9160 21313 22717 10510 15856 3606 4034 3188 25704 14630 16880 1985 12648 32132 17428 3111 5654 19080 18341 15588 36900 27632 22292 34373 17839 36539 17558 35250 26773 22790 34985 3537 14860 14731 15365 18544 38710 39272 23015 23840 13725 1299 34610 36301 36496 29224 31625 26835 22796 11455 15982 31301 2468 34020 5312 34986 3207 19873 26316 5652 28595 17076 33306 25802 32088 35219 39927 4296 26238 1621 30128 15403 16393 34299 12799 10641 15259 34116 16422 11567 27245 7059 16659 22724 32924 26008 26345 20034 18386 21996 1127 1615 20041 18709 7630 37182 23375 11213 32147 354 8576 24728 36545 15183 12265 14305 8166 14180 5616 2063 1134 36795 2031 1868 23569 27263 4142 37425 30646 14479 31023 32650 1910 18312 23583 37849 24202 30139 4804 7545 22476 31605 27162 6202 27117 18459 29212 15271 37733 39121 35544 38007
20859 6559 2904 12579 10272 28795 29181 21233 7309 36832 34447 361 14538 2831 36755 29463 34643 36851 29748 17308 38142 37581 8344 39813 28848 4070 26372 19890 7153 25166 11577 15500 19193 37276 39555 23284 5321 19782 31776 3298 27589 6402 35288 22322 4559 29839 33068 19483 1714 22540 36628 2723 3037 26007 31085 10322 23911 33752 9378 16090 21573 32847 18123 12293 27288 10136 13044 4398 8872 35814 287 19 16784 33758 7914 2398 9588 23084 14496 4513 7662 3782 1250 26963 35496 12633 23856 39193 24861 33563 1692 26942 4286 14335 20623 25294 3728 38445 30738 11749 37254 26746 34582 11110 31896 31030 21739 18329 15308 18217 5898 17230 29746 27835 5581 19626 21802 33070 35429 31840 11871 22235 20153 22413 11645 30191 39603 25692 32291 4719 17492 29180 18713 13028 3573 26496 22864 32091 33422 23472 22001 20595 481 38039 14554 27131 8905 3007 5221 4293 13389 13915 36776 21907 30731 19720 38467 17809 19165 10194 31880 27583 22799 20544 5522 38852 17063 1829 4768 22793 37624 30601 22382 11192 39031 997 17907 23429 14251 25882 13869 7986 14686 5385 17675 27304 33792 29329 3869 12771 18017 35375 15262 22752 10655 28697 32435 16104 8628 18035
12902 30499 37884 24398 25563 17005 460 35666 21880 22164 23992 24104 31186 20900 11368 29166 939 10763 13936 1608 12564 19913 10414 3831 33967 16538 7494 7943 18081 19506 18175 1972 27831 21584 1838 8012 39054 27976 10694 7791 4639 2065 20885 27466 12283 7713 23409 29182 1506 16993 23189 26919 29987 30615 13331 7803 37533 20773 26836 33418 20950 5240 34402 14104 18684 16749 8898 36532 29124 23807 26912 6859 22762 35052 28008 21462 11043 5318 30812 34908 12131 3370 13712 26793 16558 24605 34189 2732 4454 24102 5148 30897 9452 16019 23700 30186 26883 949 22246 22361 6355 4018 31191 10085 20736 36748 35324 9529 20315 39829 3285 33540 5458 39443 3319 21568 6207 10062 34040 34943 18002 1482 3947 671 24646 29644 31681 13140 6610 21335 11754 27406 9673 22598 1159 506 5868 22247 31362 29721 4879 8137 22 26695 8449 39208 30975 9581 39881 19114 34968 25929 1872 3981 26264 8791 38545 7047 2346 4472 14948 29905 710 1509 33369 1170 31223 2301 26892 15768 19871 17361 17747 35030 4243 28190 5339 12940 15395 4711 25969 17545 23798 8698 3603 35172 4728 8829 29767 34958 23607 32410 4630 15326 14052 1991 28788 8771 26910 26873
8094 35086 36347 37708 21645 16848 11765 30079 25271 25679 9439 25697 8944 15263 27918 14378 8765 6980 16796 13287 29197 9038 39883 2952 34032 16127 35642 18401 7957 2123 32179 34891 4119 15433 11069 15024 34803 5026 7621 25573 29980 32540 24905 28488 36239 1483 4271 30953 36499 10162 36155 25194 36581 22674 3865 36893 25880 20566 19846 39238 28104 26310 9792 13957 2348 11119 31923 16935 35105 11716 609 8329 37720 20638 16697 18361 36179 37317 9405 6757 9403 29451 28074 34509 29588 27280 9885 9613 21081 7453 13646 30586 36718 38409 31549 35467 11484 15385 542 17118 17611 18223 23790 5068 1821 17386 19491 32187 4611 5194 6260 21067 1994 33912 37965 23906 15478 12809 15412 21356 24544 33738 17753 16351 12455 32782 16165 4088 23543 8725 35317 38342 38333 8906 16747 28610 29335 10416 3798 4574 36263 25139 2901 16366 21718 8455 11186 39515 6412 38720 37004 13777 6694 35178 6501 20048 18750 17115 18012 37366 16040 25028 7108 5659 6606 16320 3850 29175 28890 16307 5137 69 8575 11514 15935 5083 3725 9223 28812 35752 36332 15173 25416 25946 16823 28889 23389 1989 17017 24325 21664 1160 37239 34203 39005 37878 13971 10090 3102 38870
28502 2244 16979 38565 22675 11595 7241 36184 34856 540 20592 11883 25966 1759 20808 26733 38693 35699 12045 4935 34431 35563 27334 13969 21983 6975 36880 29636 38754 15318 12255 16468 9061 16235 34059 16403 358 11432 34866 31332 4301 29323 4131 4904 19232 30068 36696 9802 17370 16953 13298 33839 20233 15507 36303 26680 11533 17466 37578 32340 39962 39519 10034 10523 23660 33814 22199 31695 14423 26307 28062 18690 9394 35434 34456 23812 26211 4880 38562 36962 30188 6105 2996 15923 15387 26285 16980 28725 14577 27381 26308 20659 10002 29943 37371 24431 24275 20454 29060 9008 27895 16012 33043 32360 37859 4285 9733 15937 26987 39128 31216 6572 35279 13538 2206 26637 10857 25037 375 12456 36151 24399 30043 145 25949 16989 14602 3949 5579 28636 32318 1789 39556 32045 33020 5603 39937 23516 24812 38004 31706 24127 18410 31326 16770 25442 19169 25403 99 15766 22757 24996 704 28710 13816 32956 21784 39386 18553 3155 9628 19300 29215 39118 29243 33743 35442 11117 7508 9504 37178 34333 17548 26524 30169 34693 985 8835 31304 15459 2221 2887 20145 31284 8598 12073 16707 28836 22272 8457 19027 38063 30624 20224 6223 12357 21732 39203 32385 37942
11506 28229 30335 22761 37871 25868 36593 12178 19637 18352 23158 23751 13477 30154 14049 1644 17356 10674 15582 10016 26887 32279 17726 10425 1125 13332 1356 13861 5697 39753 14580 33121 2371 20811 27258 26570 20334 25689 18324 3558 19850 21251 8343 16762 33170 34952 8679 19529 24652 12589 34177 13988 39232 15056 4828 20294 16092 23739 39501 39537 20786 13105 20228 1404 16737 15536 10377 33744 37945 28094 7665 19086 19786 17220 29983 31862 31384 23688 33506 39846 33227 1114 26246 29469 24228 23279 3018 36124 14212 23563 38204 36276 13653 34729 35092 33831 11615 2393 19942 39569 33301 20749 20536 9577 24571 6669 14428 32163 2290 5383 7100 12501 23040 36368 31458 2357 23538 9763 3124 3534 24260 16400 36763 18786 22175 30512 4112 15343 11136 31940 7098 4987 37844 23127 20853 15664 27135 38752 30680 8077 34279 18835 2475 11827 17498 39485 33861 14101 28860 30240 15340 26605 1672 6444 33003 39052 34594 2223 10505 23458 2000 36870 37092 23600 22700 26682 21646 14556 5808 39853 14086 34920 28449 30051 23184 10618 21765 2484 13525 13851 35088 8153 33090 2634 11774 4501 35416 538 9888 24909 29524 22264 25286 15837 22017 18912 30607 14179 25581 38880
27800 9848 35824 24217 4675 29762 22374 4432 23355 1296 16150 33180 28883 5973 32640 37517 416 22139 31762 12202 8065 5080 24625 26362 21258 36039 26346 38572 36116 15041 26148 19789 10772 25085 9069 36183 14174 26085 822 1856 17104 17930 4617 29015 10908 37025 31791 9600 10175 31658 15838 1492 39997 26395 29941 21982 3623 16886 3991 13693 707 4161 36530 6625 34441 4379 21516 29185 19008 32188 14748 5288 17449 25161 846 9017 36758 34413 36167 22731 34185 37001 20655 13953 30870 24524 25540 37340 27493 7005 25672 5157 31784 1325 14292 23186 21667 39084 19811 34974 8957 23400 12453 912 24574 23056 15332 19167 22842 36994 31017 3390 11928 17773 13098 39689 14027 22806 36554 6128 6872 15734 18821 37719 23028 18849 32949 33362 15123 23333 36983 6504 6884 36372 7504 37793 9019 12431 14385 27731 37565 5987 31943 37515 36979 6856 23335 25676 30116 36134 8958 1209 21475 35815 26692 8246 30500 21015 39354 16334 3625 4530 39552 19744 36157 2607 14293 17226 21634 39752 17033 7811 39837 21815 27660 24696 29288 34826 29996 15468 3223 37650 30613 26054 35346 2465 16763 3917 6340 25473 32944 33817 14972 22320 2658 6083 17038 29915 31894 21048
7526 33661 18267 23834 25731 1869 39804 29937 26357 5405 35631 4456 25454 11994 15 35349 23393 37671 6259 23742 3879 17485 11268 15027 1815 35808 29220 16047 38901 20539 5865 23964 17097 2167 24099 12288 20499 38 39120 18462 14582 20515 32346 16903 26375 17403 9243 29401 2574 11679 27243 30502 685 30247 17087 1084 2635 2765 6701 24002 17014 10731 34885 20293 25448 19968 36359 20833 6367 2405 8401 25694 24827 17938 18000 13974 1660 13054 24152 27051 36655 25628 20728 6295 24229 26213 37422 558 14890 34520 24422 10230 17702 12159 10224 100 30259 19250 28774 7380 11463 16277 37812 8822 20780 19395 4753 19030 3211 19894 1786 3783 20748 39036 16593 27784 2550 16526 22678 9130 13289 10235 24315 22770 33095 5493 16131 14258 22179 11088 17999 16139 19351 5778 25016 32106 2863 15020 15359 24409 3416 8217 14103 21165 24453 32639 15246 336 32476 13901 6303 22183 3982 7657 25129 27279 33899 6711 28674 22096 27820 30433 19825 10144 36963 35224 7677 4553 9894 7376 2609 15695 27452 16093 16647 9928 27551 28575 1083 117 2216 7627 201 23457 21938 8179 36613 38938 17836 34343 11801 25234 20743 34063 29108 5534 34244 5912 21252 39494
16314 27020 4650 34383 38171 2269 13367 28343 15944 27793 6947 2477 31040 26179 3812 29660 4104 19681 36985 26932 22536 6527 29639 35166 24655 4391 39610 12454 9238 14192 21708 24163 16954 7581 15719 22457 21247 4440 20897 36171 24790 8782 27745 35316 3780 17068 29470 13288 32726 21845 23112 36966 16086 106 9505 2019 21810 5127 38250 34223 1750 23275 28841 20523 2862 19558 22564 27504 3376 26764 166 32229 1437 14178 26143 22940 22747 18108 29456 19043 28629 10719 9020 18718 14000 31474 619 4484 26959 39560 7329 34929 11395 32129 6326 37582 26156 12031 3309 20641 16750 2791 15188 4886 36449 1684 12307 33038 34823 32219 3460 6631 28245 38810 14705 20510 27616 1679 6964 7029 17264 15690 20526 9694 4558 3903 27601 24860 31083 31259 18271 30165 17291 22740 25407 13668 30430 15646 32724 4037 35874 15525 32098 38514 32735 11276 14148 26105 20085 3486 39706 7715 35963 30327 3760 31558 6870 27884 18368 16627 28739 7685 23644 13876 6659 36927 4061 33638 39169 16117 31726 37145 36076 25380 31338 2998 33551 144 35449 3774 33282 31457 8407 15551 6560 34847 37960 5333 3610 4631 15966 7104 39122 17451 22130 24502 37776 5468 33366 31296
11668 9754 22765 15951 21921 19158 25468 38993 27198 33599 14989 5002 19484 16488 28789 27924 23936 38073 2642 8889 12541 16361 28600 7110 35053 35198 9114 38006 14904 38390 3737 12838 27663 29894 34241 1948 24651 19389 17195 7514 10465 25741 18251 23627 35050 1738 30696 38003 5524 20914 1361 31798 4370 32781 15945 9025 20821 22077 34989 34007 2181 12278 25817 5995 5334 14067 15302 15625 16629 10208 3889 15285 9878 36887 11353 427 11545 19779 6401 25118 33745 25126 9005 19732 18407 36187 37149 2186 15204 1179 11358 14866 10440 19568 19769 2518 9929 21278 4791 13900 29460 6113 31195 35735 32449 7457 21666 23444 4455 21955 37349 13669 17777 26364 9927 14358 10864 35658 8532 14710 24711 35717 31118 38742 12256 34718 12736 21236 11055 27597 37828 5940 35286 4224 25912 3430 16940 17331 8019 11176 6707 18321 980 30553 13906 39231 14777 33441 13318 20617 21542 24435 25115 37667 20500 6728 26624 20614 15602 10808 14988 15807 17932 7410 3359 17776 24059 1096 15380 39810 6253 27824 30211 15086 15321 1156 39525 6464 6894 13485 30093 16291 5102 16282 1500 899 20912 12642 5347 15389 27116 12366 25973 37846 4408 14557 9447 23900 30404 19226
13158 38395 30637 5972 37345 13789 30766 7649 15806 25909 15372 31778 30904 26091 36603 24671 13764 30361 663 38346 38209 7982 14324 12675 13134 33837 25663 38798 25220 5741 39076 32845 12311 39670 8371 7374 12473 2508 20379 22189 3347 11987 8883 17592 25347 16329 12490 27376 5236 31402 20177 8897 5644 337 27889 16644 23380 9044 4295 33022 36394 37946 24015 21369 23255 12765 14791 13364 11096 4399 6907 21145 25877 9349 522 6780 24895 30890 16383 9322 36598 39623 39570 26608 33215 23939 6443 22411 28429 11369 16463 23469 24743 22712 19200 17369 37609 21069 31519 28851 18365 21813 6548 7600 3555 4590 14771 10506 10067 30312 39909 16601 10022 11275 8728 34535 18129 34659 5574 16066 30799 22619 36096 32638 5604 23464 27536 19328 23917 4436 3684 12626 34220 19064 7045 8091 9965 17737 5724 8579 18607 22354 26241 15382 27085 39200 5854 15447 30249 16469 15772 12854 15638 21570 23977 17037 28460 13162 21361 14038 3514 9486 38064 35469 10651 12635 28133 26203 9967 22500 28456 17159 10681 17001 20388 26002 20521 31356 37154 10786 33298 13792 10611 11963 20509 37853 34173 5672 1993 23759 19157 21052 978 5948 27315 32073 29850 8501 39647 37300
12219 20744 8436 31939 10250 147 31005 1400 32262 19632 35326 34852 15281 20981 33384 34330 27792 12061 24400 11843 10110 30590 22814 39410 25063 28069 8362 14706 14452 5327 22310 28381 3757 24676 12754 5733 32882 12015 32927 13083 5736 2648 27517 32556 4315 3646 25711 3070 8589 16904 1227 34814 3246 11746 19287 6035 6518 37503 29521 4878 2008 19331 2118 3420 19775 23815 35510 23728 5386 19044 29876 10386 12302 33644 38167 12136 33922 21110 30067 31185 15596 283 5691 7434 125 33573 29902 35852 12901 27341 30393 24716 5145 8079 5348 22890 20992 13718 3589 4184 32413 24669 18495 9278 37473 16098 22252 31848 32201 4170 29291 33063 17004 9479 28100 39107 34432 18885 24004 30771 9867 16824 10214 12716 6413 6221 12145 11732 13479 13797 31269 1961 28659 2217 10968 403 5554 14522 23833 19527 26206 20317 31138 9125 16208 7212 16530 36460 33822 15004 15672 24907 26458 25094 10047 22468 3214 2487 39855 25959 7663 20505 18613 19736 15978 7255 4625 17125 22879 2602 16856 14097 20683 4746 21688 15759 3270 36122 34545 22452 8956 8837 1450 6215 15696 14736 1593 8498 10512 22932 25230 14782 14608 26093 14193 5498 15275 36570 33920 1545
3745 9366 1562 33502 30468 19745 39112 38261 17667 9217 18055 39308 256 5755 37924 36114 5618 15859 33204 27670 36373 25114 27500 4809 23082 14794 34008 39845 34727 6209 32934 2433 38408 32083 17578 2334 28716 37144 23210 17107 23110 10595 26986 6483 18735 12269 21904 37122 4855 3098 19286 4174 29537 37974 5645 27625 29591 38876 24893 30689 6203 26677 18110 39958 36894 1151 10539 6496 17966 29949 20410 39325 7350 15187 19523 35624 32403 29609 8540 3837 39437 7040 15060 35844 29006 15112 21602 2773 23404 17532 38053 37044 34783 26152 20070 5397 22493 38957 29852 15985 24802 13450 9622 23913 9751 32872 4850 3425 6136 16807 20259 9921 38505 17487 34508 14170 747 22620 15824 36620 26497 30386 37146 15667 18552 25109 22816 235 35095 11647 789 29487 5422 19702 32089 30682 39430 3916 29687 26566 11876 31412 880 17963 16690 11458 25815 13547 28882 36005 37629 35640 8636 17762 4815 25953 15802 18398 15296 1242 17241 33463 11989 35041 39133 38744 19644 22366 8995 22528 21260 10932 10437 19067 14835 21344 24293 38124 38593 21903 27282 7764 13185 31763 36024 7102 26574 9011 24159 30540 3676 35534 31145 25603 18745 15274 9767 4876 15157 8734
30454 11686 36461 16561 25287 28786 39273 31567 31747 295 7850 28090 26014 4510 8073 6965 34767 12789 37657 36242 20936 32802 14993 27970 30225 20738 20530 12953 38054 38921 27023 15452 1741 32859 23241 38947 9094 9451 14900 27608 33591 8968 38319 11510 30387 26781 16905 734 11532 10547 34305 26905 25076 37660 15609 2246 1544 5296 11356 33629 29659 2763 4825 16667 20740 19092 33412 14453 1613 14472 30511 32038 17082 32875 23684 39388 12011 39790 25162 3787 13546 15333 7213 17603 9655 39440 38417 37670 39979 9240 10330 8057 7823 38450 8404 37032 11470 13097 5201 35731 34684 30405 7137 6173 13758 15889 17507 20337 37580 5811 21548 1451 3147 30691 13285 11609 10851 28534 21755 28677 7126 11502 19283 28025 35077 32920 29079 38135 38777 31177 9709 31965 26424 27858 23003 24344 8507 16380 34555 22529 316 36479 5407 28675 22090 33476 24535 11637 19826 24985 16809 18587 8052 5793 11469 3513 9068 21111 18867 29807 38045 5677 17348 4733 17774 21935 3000 9707 3153 29102 6781 2360 10051 5283 19466 35561 23643 14060 32210 16182 39834 10089 13435 17775 16023 39495 18748 17899 4930 20935 33720 20543 25360 33331 453 21715 22464 23851 6194 16439
32233 19684 33305 14524 13395 15145 37017 39103 15624 16663 38780 36034 7236 25004 17366 17307 13556 24417 8850 15697 32632 736 988 17253 22019 6397 26322 27509 13662 7978 33501 39114 25706 782 13654 6085 26881 29690 11342 5623 35912 4028 17260 26223 12909 27992 1042 3184 23295 20346 39234 884 34523 1475 27212 12825 25948 9882 16075 30901 34890 2250 746 20503 22146 27652 34615 9791 33515 18219 34911 15528 16302 11915 36448 37526 3952 38014 17822 25507 11940 25070 29336 23940 10226 5859 25039 15546 2107 30270 32158 8927 10066 14197 32146 13314 4338 37808 39831 24121 8638 2482 34351 20408 30008 36304 22334 24554 31048 32164 30830 6642 5293 2884 28141 21204 31193 20908 5991 11590 39167 26809 9691 8027 33254 8030 9248 37155 19337 650 10831 1183 32509 32768 38347 29194 6003 16544 5109 9554 9173 4204 39684 25484 38504 2585 23435 23817 25357 14786 16016 3454 16751 23383 27603 1824 9053 20355 37821 13210 27443 4827 22448 28709 14306 32585 1372 39811 13407 19189 3932 35445 18598 29643 2735 1825 34035 27394 14727 37016 17688 25182 5589 25535 39470 23047 7542 3892 9166 9040 19422 1933 274 30076 16271 35026 34799 3931 6516 24253
25748 7866 22035 12363 7341 11474 21863 6148 19952 8500 29389 19223 34036 12812 7640 11350 2830 12735 36310 13505 29445 23810 8731 22362 1124 2309 647 27668 1795 29853 2749 760 15371 38521 17493 29707 13471 6123 39016 28922 22585 36068 12630 33807 33218 18751 31912 32271 24885 37307 9496 11730 27114 11382 36235 23512 26358 5154 37643 35656 30776 34945 9699 32506 35094 17995 22021 2931 13573 7987 25308 983 17153 8703 30526 22328 15554 11815 7133 20447 16348 8135 12885 4538 22027 29851 12246 19315 37132 14737 27175 29287 2744 11257 34597 11747 7092 22399 14545 366 16819 15351 29073 4429 21436 14768 35330 16955 6187 39524 9205 23979 11504 36374 23423 24406 13720 11703 35787 26763 25214 14594 19645 25378 25623 11365 35711 35292 24397 8005 16919 9257 11189 33496 7738 28859 26189 23655 13899 35255 15196 6224 9242 32759 32493 8181 2510 39243 5260 36752 21746 36801 35005 17950 6054 23661 11467 15193 17074 37693 17554 27618 10911 33906 8621 14132 150 20518 27183 32054 7809 33865 29320 30124 1089 38070 35792 5806 13521 15414 3152 1730 11407 15537 18581 19500 21007 3933 29024 31963 24497 39766 39144 15552 24776 9121 25857 12233 12991 22901
34345 14683 23358 20599 12942 7513 5933 22160 30931 2598 15607 9072 2755 31348 1078 17294 4691 21377 14381 7427 36453 8657 14719 17699 39660 5535 23864 37498 22228 29816 9765 23063 29714 12548 38803 24188 11674 16822 21241 14113 24484 39469 17257 21541 14670 31520 20306 31661 26645 39858 22648 39796 22794 35471 37514 3065 31766 34317 16285 25823 25831 1362 13081 23674 34371 9420 3324 9251 19841 7172 26934 10761 37994 4281 15364 27866 36165 27615 29908 34592 10812 28700 19168 24792 35111 27346 29136 24272 20582 10622 8095 34796 27436 29313 26393 14937 19132 3847 21892 32547 22800 30290 35032 30375 39868 21965 24401 32049 9630 12029 28933 5146 8131 2166 17209 23450 6186 32808 2264 8274 30755 35067 30311 33896 23579 25296 22275 3788 28468 3592 11442 26212 2873 3942 33096 24230 1231 15141 34677 350 8740 3243 38678 39795 28617 7245 15526 3747 23493 27178 14672 19180 10259 17060 17025 26028 10841 39959 22979 33992 31289 20737 32559 7141 11761 37449 3962 16034 39184 31691 31841 25965 39336 9635 35293 23034 3367 13656 22008 28000 7906 6169 15981 29411 23884 17921 7058 30385 36258 17881 837 13442 3345 5395 23508 35153 15774 15094 27143 13853
36307 30652 7643 30641 24678 31483 8191 10912 35879 35836 18164 15238 26775 17821 28614 5815 16539 28650 11259 8815 34105 16011 5242 4187 19016 37801 19197 10690 1665 28670 4329 7025 17834 14740 30054 35596 4140 13400 769 15090 24243 17359 33671 33212 13484 11753 30460 21295 28463 29757 16111 21315 27811 1725 37659 3643 30239 4649 4669 385 7838 17906 29449 19639 6030 22350 19820 37620 12699 33400 25582 17417 39183 289 23149 11199 10169 7318 12426 4901 24726 19404 33375 11478 15108 36559 34374 23934 30809 19429 22423 24206 39664 19981 7953 7934 25981 20894 5268 39258 29014 9304 8686 33328 2815 2514 30759 20632 26581 5605 17874 27179 19703 4953 12557 22373 3862 12711 28983 4524 20039 17375 22584 27298 34569 3200 26103 18463 13756 16734 32205 31903 37923 25200 31624 1777 10137 8075 1747 7824 2800 16159 1185 26442 25411 21105 14066 34694 37872 12653 36491 10874 11961 3542 39267 16342 8014 8002 33987 5939 25197 30002 18443 12967 1244 27997 14262 10234 7389 27716 19754 9124 26851 28270 31363 12213 28501 35795 14647 24761 11269 33347 34011 38296 31320 38750 13528 27275 14657 8845 30887 24832 16133 10190 9196 3237 32888 17590 21099 3180
28058 36935 10692 7157 27442 20924 1225 8879 35444 33959 4500 36926 10252 313 9113 29520 5287 35118 16409 9531 12674 6356 10461 24501 26802 39037 19821 3009 27072 19005 22410 33972 2991 39839 35743 25812 23682 30774 21738 19438 12515 39675 29174 3487 23826 5889 29273 455 28781 492 27367 20417 23831 4276 20493 22823 7827 2445 4324 11917 27347 30934 25901 7112 34121 35990 23363 32524 5443 31748 32409 34562 21451 7209 18763 22616 10024 6455 6525 14511 30598 4712 35755 16515 36510 34250 36484 31333 9526 3459 35713 16186 12263 8285 8538 11583 38200 12663 35840 3505 36336 3804 11 28390 21430 11461 33508 495 10889 29363 23173 13935 8870 5881 13249 18970 22943 4367 35000 809 18478 25559 39644 13994 33354 23252 2129 27593 30909 30402 26195 17641 39018 29847 18953 6261 16543 11831 32364 12574 37957 2542 4822 16615 21648 8247 33787 23586 3159 14702 9660 16336 30792 10491 20863 34663 19638 652 6564 11246 36784 13025 10441 12893 11528 11159 19917 5038 32195 20183 10012 36637 11948 4045 29717 4410 30803 36647 38721 2672 35277 12450 38027 27695 15684 38936 13703 17362 14172 37978 29087 34264 29817 34541 23341 37542 3105 28749 34893 32378
21044 30351 3289 12295 33006 8266 8063 38928 17609 30822 22991 12262 13734 34619 34516 17296 30091 30111 37504 14255 4019 31361 35669 38314 25393 10171 19111 11783 36080 16990 18448 7503 2036 19294 27892 33087 329 24838 9949 7844 9768 21619 22624 12859 12062 33830 33185 33005 22501 35568 20681 18249 18423 39899 38418 13439 7085 16309 10973 35545 19803 26723 25229 4975 20675 13451 20483 24027 16764 39346 24028 3997 20160 13651 15366 28248 28227 39509 8109 35392 22623 8903 37437 15632 23386 8261 5483 9852 20765 24269 7725 9854 30090 7331 34510 23943 24823 10347 2196 33343 38041 27712 4476 39702 10746 7506 19897 338 9540 34764 12817 39001 10733 1879 20285 7642 23157 28115 11568 7416 32778 9508 28345 25201 9536 7994 29976 19816 36062 4346 14257 19098 35398 29577 20320 18788 9603 38544 13041 2891 30997 31671 4499 33816 19020 21450 19814 5875 11509 11310 31052 11250 27979 32892 4422 35571 12583 1603 2770 20776 32142 12792 986 27876 3398 37550 35992 9459 18519 31945 30478 24582 17550 7532 22848 35838 37264 8136 11964 19643 34137 25353 9594 20389 23687 7761 29231 23181 4922 30651 4343 36118 30525 16289 38584 513 27944 8374 18541 3500
27654 11656 29120 34082 37181 4674 20148 16792 22315 12842 3840 10406 9351 32090 2298 39450 25489 8353 3743 29921 37571 1855 16894 5503 17441 8597 22673 28253 11982 6581 10228 9662 34061 10174 20439 13892 14426 19109 4205 15634 9226 27032 32157 26850 4637 20029 33643 28773 16214 536 37870 27532 6801 15493 22588 27286 19082 9264 8171 19668 38298 9189 25984 893 15178 19927 37442 23956 13810 1304 21655 39394 13625 12438 36858 18150 1761 10764 24198 32960 2182 24765 39800 35126 28672 24824 16778 9199 22298 8262 22665 12148 26995 37423 3284 10248 20957 26583 13436 19877 35748 36208 32046 14867 12137 33221 4724 24277 17678 4615 25350 19177 21228 3868 33781 3723 20799 7067 32896 5261 27634 39399 21821 21348 18725 16721 19620 8808 21075 9595 18975 6561 27093 20533 433 23570 2025 35062 4756 19309 17378 22324 20988 18151 11227 6288 26611 16556 20288 541 35762 18062 25156 20174 12151 20448 13585 28637 35509 31360 27518 10675 15952 1667 10844 19685 16189 16861 19252 38232 13286 25475 29685 38757 17749 35221 5711 2381 7614 33730 19033 7277 15857 38103 20815 4929 39806 5062 37477 22342 12376 8561 33309 9402 32893 5210 27788 30783 38422 32565
3524 24136 17057 38811 22233 28373 922 22666 25269 32042 16687 7628 8334 8694 39522 36376 229 24779 29824 33557 37188 32270 36059 35388 12929 22086 8332 15021 33117 16435 26137 32192 37195 35199 23675 24490 13103 27477 30236 8350 15899 33740 2003 36408 39864 30019 11905 2321 12175 9818 31518 8398 35928 10778 32257 16206 31504 23828 36954 10975 6966 39955 4564 29176 6646 2774 29798 25503 4638 27630 2692 24177 31686 28145 14492 11555 30593 13266 17354 36674 15950 26258 14001 8990 533 2544 37455 14340 10211 38756 31795 21812 30762 28685 6055 11932 34697 24579 22029 37427 19543 6283 32511 18167 9551 12351 8009 33763 22754 23837 14309 32401 19156 15485 17219 503 18662 32600 35784 34415 31364 2399 22172 17102 33232 16073 15079 7251 140 7923 24897 26389 37952 12806 33583 26917 7968 32339 3711 12094 13820 18356 6287 8437 34807 18169 30073 36895 23213 31883 2704 37958 31623 32115 38323 6373 20881 19045 30737 10528 22567 13675 36833 33355 19906 18272 3095 39313 26940 10868 1418 11436 31987 24883 15050 31140 15135 8675 31282 16212 33590 21469 1924 7340 12903 32375 30711 12805 35072 3766 37196 17456 11347 31267 26139 1727 25438 19468 20310 32022
25986 4337 32518 31679 28777 5845 21741 28961 30031 38834 23036 17679 16264 5370 296 3784 11092 32873 5599 34475 4229 38238 30546 1094 38653 17962 17686 20783 11083 34969 39331 21243 7065 27907 31165 30860 12187 21604 26504 32988 23598 33927 36172 7375 35110 21606 21972 33163 2623 23540 18897 29210 10950 24187 34716 625 33299 36633 28125 15850 13356 31886 7501 27959 27115 35578 32082 21030 7444 36143 32190 26666 38839 38700 8900 21833 34771 28872 32242 17127 11201 28690 30207 34571 11953 39635 24414 25660 17891 10787 12508 2909 36498 16708 20608 13964 32732 25255 22646 29202 31441 4909 31084 16549 1353 33874 411 24450 5523 14733 7295 31270 38633 28814 25205 35350 12594 23014 5669 1523 34158 26419 242 34412 9908 25516 13034 5985 34192 35738 12349 3640 28135 36762 21161 6211 960 1452 25805 15489 27995 30408 11169 9098 390 4812 36416 36826 2534 35139 23621 21486 17208 11622 23975 38393 5356 1453 4829 13110 33041 30133 35282 982 18122 26846 2300 5143 23480 1288 18971 27986 39428 19076 8569 1395 37627 32419 32867 294 24993 39081 18143 29789 29966 657 3763 37334 34887 13431 27444 8720 19362 32868 28362 5175 17576 6429 30530 19929
25083 19731 22543 10500 578 25553 11400 29818 13230 26660 24810 4031 17533 11134 10930 5439 10900 28387 33376 1865 10600 4843 22297 15705 12182 35643 22133 7282 13802 25330 31954 7178 3649 32047 33813 13270 8159 1187 20006 15508 23195 8842 33536 11066 39749 28487 13992 23722 22670 35672 21137 33889 34274 39441 27558 14971 1206 33152 3325 23376 14770 17075 11408 26675 32354 6743 5497 25344 34463 36103 5186 15172 36661 34954 26768 31407 6377 21074 12222 29993 39398 12035 33397 17663 24052 21984 39074 35116 34474 20902 3013 25055 31825 11001 37901 12123 35764 25023 39149 37164 4349 37953 7031 24903 889 27053 15461 3265 31125 39073 23613 334 3087 36561 13201 13137 8139 21121 39302 5244 21906 24394 29169 16360 37588 847 13465 5953 13258 22424 10284 18427 37000 6450 3770 29891 29080 19809 27470 2363 16335 17563 30514 33437 10768 833 12524 23695 31865 20628 6048 20829 14803 27391 14137 19236 15854 22204 24183 15762 4035 34053 30888 23694 19346 20028 12904 23298 24284 38956 4560 33815 16527 23216 9956 30226 34414 20409 38636 2696 18196 10121 36291 33040 2016 32016 33388 15153 9998 20516 966 26147 17992 36425 22657 10805 13746 34342 1752 4745
8331 3853 17638 2661 12665 19264 38128 22612 17483 24578 14806 6924 4944 5088 5635 23987 5705 20841 25664 32857 23208 25149 31008 35323 30082 3626 20309 29005 30423 37737 25749 34450 23771 10026 11233 1355 35810 2682 20000 9772 15543 21494 34009 30565 37804 37850 23616 2835 10332 1618 35786 8809 6345 5860 14535 39604 25253 13779 20058 32635 29648 16777 28849 36772 30118 28321 18344 25224 23491 4913 30248 34517 34595 26098 34757 5378 7675 18205 26667 13808 28194 35636 6274 16473 23669 34628 37601 346 6533 31602 18121 37527 24727 12704 19714 5583 12469 19336 37576 4153 27208 26064 18747 28271 6991 380 1402 10942 15839 24930 28240 37107 2002 6296 32455 7784 21411 9035 9730 39217 31283 5457 12713 9474 22865 28772 16464 21415 39957 15218 9182 31820 36035 33645 14215 26361 4453 35988 17684 20660 1409 24634 34089 21090 1392 5033 5976 35481 29913 15591 39668 24822 38239 4357 4632 38519 25979 36003 4431 39110 17309 20343 38789 8145 36385 24155 36079 32955 13171 31135 4078 9807 2044 35061 5031 38087 20268 31202 11672 31255 24142 16362 34576 12488 20406 18351 926 18235 21781 34695 8125 4445 30289 11720 9239 29843 9397 36854 2547 4216
34091 26326 16671 23504 5814 15355 3675 15360 13630 38076 35839 2688 36412 33252 13582 22097 19903 9940 5990 25502 34282 5749 18992 37061 36383 36126 30097 4154 26047 23478 15304 1422 20051 1466 23551 6998 9812 21376 24867 34234 20349 21517 8640 27502 36168 8901 4144 22436 29696 16982 25101 30196 14135 35647 7735 36885 32914 24931 23045 32458 6837 7315 21771 27628 29130 15585 20730 37230 8520 28607 11617 25190 28066 37979 32313 16072 32633 31271 14614 28312 39194 35262 6392 24645 30675 15319 6749 15599 21051 19696 27739 2630 15116 12719 6878 33452 7016 22873 23521 10848 24597 33790 19580 26397 19956 28474 28574 30973 32221 8933 36016 34561 11265 18460 38398 9525 7493 142 38457 14561 39130 17517 1728 16196 24550 34865 11601 11290 31790 32533 14528 21488 27024 5363 25487 7536 8567 28205 37083 20307 30925 35427 17832 33228 2341 11524 5196 11168 27694 18536 29895 21056 20184 15644 34574 15132 38435 4002 7560 24596 19509 15207 16928 21333 33934 7105 29489 9703 34959 24483 30604 16423 38770 9431 525 32400 37760 36688 31947 27822 4291 3583 17587 24959 14304 36874 20095 35710 29697 38614 11447 16965 4213 19756 8978 31251 39401 29750 9321 28796
8422 14234 10131 27651 12390 1760 17941 35725 27158 23344 35362 33350 32220 17626 38446 33419 9560 3502 3645 36217 4160 5391 21464 24200 28621 36815 6538 6920 16070 36934 14815 4364 34186 5947 16238 31149 8615 33942 24374 10424 36875 32014 16033 13924 19610 14820 28293 21045 32553 7170 11593 38952 25765 31276 39348 7181 408 27001 3443 34034 38448 32822 4846 38310 15074 36142 37522 7124 29910 2007 14122 6592 20966 12227 35492 4208 6865 15407 30269 992 38927 3578 21657 38234 5796 15955 6782 24914 35780 31400 4260 15613 1301 36066 135 11058 7263 35987 33558 24071 4159 33054 2191 13871 21515 39371 33964 20227 37603 8844 34062 38348 34027 30616 7210 1164 35212 4371 5807 9779 18089 25284 18866 28109 5217 17728 26277 13533 22177 30603 12928 6050 28462 18924 9287 37343 5758 17801 32602 8207 24976 21025 33113 25155 18364 35301 35621 31056 34666 4716 4614 12551 24251 36238 36129 38815 29568 38791 37689 35507 15529 3716 14510 12347 38891 27366 7552 5355 14641 9234 37325 10822 26252 27505 14173 30094 10885 36216 33225 39155 39355 24175 29377 26530 26471 26703 32853 32312 20915 7363 12285 28073 28129 27041 30315 4168 28838 13597 6729 28565
32134 11603 25978 20287 15998 32634 3165 15533 8732 4025 15815 28666 8433 17720 18376 21206 37623 10077 4816 8899 36583 14807 25570 12343 20643 36751 8197 9350 3813 15550 20361 17912 5891 24657 25799 6428 24529 33067 36358 25636 36599 13224 14153 18274 14953 28051 30081 13588 25324 31345 23924 7671 29874 28086 38904 20427 15499 22128 16621 14156 26765 3083 21629 28040 33944 26253 29140 24279 1831 8251 11628 9903 27099 39383 13683 16444 32105 7063 18514 34290 8533 6534 10895 28230 32679 26348 24518 21418 23025 119 2984 13305 38898 35336 15711 10784 19900 9686 6454 21659 21416 3388 25842 36526 4740 2822 20527 26906 25202 22360 1224 1997 2120 10926 18946 38163 2678 2199 33285 34165 24054 10392 23001 4377 33978 31011 34100 24503 30948 38080 34568 2728 12354 37529 11082 19514 6583 29584 21521 20071 13736 2668 5926 5872 1690 28540 36541 1302 29751 2506 6576 1939 30951 15941 13555 29221 38985 4781 33392 6523 26268 591 26540 25363 20402 23273 26735 36046 36381 27609 859 9747 20044 7766 20444 26879 22870 13169 694 38788 1689 16800 11516 39160 20428 19017 15220 3547 34494 8250 17094 4696 10447 22732 12923 11460 32541 6235 29258 3028
35325 12616 1026 28638 13952 8129 18852 26010 23720 8480 27254 28585 26847 5750 11109 19077 32987 29281 2057 25590 34956 17764 1215 7652 28181 5100 25999 17804 28492 20504 11939 14804 5653 23619 23463 21828 22729 7698 11596 315 14743 33818 36264 9670 12020 1205 34855 14336 21364 28339 7466 11086 31682 26994 18096 4110 12775 22825 13713 22255 29860 14992 37626 28059 26327 28915 25067 1237 15919 5921 32560 38998 19806 5655 28955 30551 5191 25647 6118 21167 7115 36094 1425 15572 8564 27107 39190 6906 31121 2526 24632 12013 13399 26107 34418 10124 37246 25702 27200 11635 11863 20232 28807 3394 17373 37675 6063 10373 696 2957 13486 15647 31180 7292 19463 3797 4919 22784 13887 9749 25607 29625 25833 28576 14253 3437 22659 13453 3923 22383 7156 31388 11859 25633 39819 10545 34835 23760 27778 20678 15432 344 27358 39580 8582 22379 1158 10653 24602 8060 4163 38576 34207 12723 38284 18574 1605 5658 17971 28667 13739 32799 22497 37775 11782 7321 28385 32574 20344 30440 28655 11175 8340 35174 26141 9620 7829 4907 28423 5938 11882 18968 31630 20052 33500 2126 1522 25231 17683 20942 29251 11468 7227 155 883 37880 39063 34524 20118 10656
1070 2925 29462 15345 18947 33783 37510 26688 14882 36779 2204 17454 37755 14138 39751 2643 13681 11998 627 30434 35352 39038 25674 27756 34721 20561 7382 37117 38249 5349 6789 3593 23503 23896 18795 39764 7348 31175 25957 9449 14634 4606 19603 11723 36400 6172 32367 33719 35035 27386 10010 20366 20586 2569 2483 31556 267 2934 20854 34898 2694 7940 21259 37163 21900 25143 17574 37691 18596 2391 2434 14987 3957 15812 8491 16625 3040 13301 20803 472 38102 35164 15250 550 30849 29732 8934 39420 33512 12358 5529 27411 24857 17676 32666 38553 17931 22874 21997 8058 12274 26766 21803 13524 1313 33462 26119 38992 22689 13211 21914 11101 6709 32448 32353 21754 27554 179 2554 24421 37023 31731 11971 22687 128 38503 17793 32260 7507 24962 21504 15612 14165 26521 18560 31471 30574 35676 30217 24913 18901 25859 34159 5674 26538 35428 5020 5081 2100 16007 28154 5805 24636 38196 38650 9216 25846 36879 29359 35047 562 33850 38101 5029 7909 31718 26403 18982 1121 26434 4175 32330 17459 12092 17616 37820 12046 24673 18890 8633 21772 5313 588 30813 17164 7491 22521 137 1074 28268 22520 30667 20284 35237 38148 37519 30627 8368 11403 26965
29097 270 34862 9313 13253 32010 37919 16745 15512 16424 37142 29573 10988 16152 36869 9468 9658 30578 655 39657 22836 23893 4971 19493 28924 374 28652 16043 23801 4736 22450 16224 36566 5512 13803 35351 10596 2184 8682 15947 26820 30819 20603 16241 13113 33823 27166 32451 36209 9801 19771 18551 7246 318 8920 11256 28927 34505 38557 7777 20037 29233 16898 11203 6383 39967 4123 11210 26235 9736 7163 33007 13172 36996 4859 2193 18263 36856 9107 3453 5526 26188 10502 12945 35211 19350 20991 468 25273 32983 15381 3826 34113 12869 14209 17 35683 36221 39743 11020 39137 9860 2967 14386 37985 14362 39454 7991 23046 19198 1804 5371 16870 37930 8110 33408 21865 12972 11613 23971 33168 15131 813 5082 7880 31575 34300 35943 11975 11476 26612 37583 9416 16797 10341 13422 39147 994 1295 869 22259 20431 13920 16956 19692 31339 15236 15103 9120 9355 33262 27439 31041 779 12116 12090 6905 23431 33210 9830 28899 17564 35781 15087 14208 2161 26312 33458 30912 25700 18802 16055 34015 2540 12882 20226 18020 5229 38405 2892 8641 10928 36350 14541 26373 10775 17555 6786 37315 20664 9437 16132 27901 17206 4677 38096 8764 26333 15894 23842
30323 31241 37095 25816 26518 16536 1745 10955 4233 9986 14819 26159 39583 18535 16405 19944 21724 4853 26087 30629 33413 14020 1239 38672 18290 24499 7364 17189 17988 22758 419 20445 31406 31554 33609 2924 23641 10709 13733 17853 2287 30409 7479 634 18360 31018 20225 36839 9808 19538 8506 19128 21608 39165 27102 12787 36922 34588 8530 18469 22209 20723 9062 30533 7921 19275 38930 10668 37600 5059 10566 13476 15570 26929 6689 21824 10626 36344 39463 24043 13939 8572 39669 31648 23726 12290 6149 34939 19293 12899 11838 33297 3149 9899 29547 31640 22634 28912 24192 29142 17544 4532 25803 6845 21001 13933 10039 17815 15903 25987 35251 35960 18298 25646 17383 17969 16676 30432 16359 15339 12442 8292 34742 28439 1678 7549 23653 36027 22886 34101 34579 16018 36480 36113 18289 18896 39889 29479 33587 9438 86 13217 22428 35918 27151 13272 18447 12484 24816 31359 38642 20692 20220 38838 301 22147 21827 3792 21461 30821 1277 31396 16755 5931 39897 3064 18213 32253 5053 1822 10617 26096 20784 22511 29465 4015 1487 13102 36379 34298 15394 16773 24084 3963 21562 27040 3212 12836 7496 25860 33649 11951 36794 16633 2760 15741 26529 28202 37630 5851
26456 24670 32124 532 28036 21673 30252 18366 29900 38855 20091 27216 18965 11099 26989 4517 36933 15420 3839 17643 39326 35688 5362 26804 28591 10146 4912 3656 39836 20492 38191 33772 14190 38631 16395 11316 27046 22571 8983 15217 12696 38329 3280 5935 306 24709 21371 7109 17184 2989 20166 32304 29886 23676 398 18554 25556 9193 14648 20189 3129 2912 16971 24948 36888 22265 10559 35114 32326 7398 12142 38331 780 29478 11462 22596 17355 24118 10128 38729 21483 339 12232 20137 19379 1534 16143 3613 27985 4195 12110 15150 23202 26451 12373 6350 8029 36538 35440 18063 11653 11793 33505 33608 11705 11597 14875 5575 28374 22981 29962 10434 24629 8730 2870 21108 28751 21963 33598 27633 19737 9384 25259 27545 1364 6107 9482 14738 35450 946 12100 4646 36433 34466 19985 26638 9911 14793 16154 3476 4403 23088 33741 28578 6119 25836 1272 12329 115 29530 20626 18673 21720 38246 5373 22488 24873 19418 22114 21563 35517 27878 31092 14450 32412 37116 6877 16775 28705 12655 34170 32863 36726 4821 6539 25428 39061 29271 8998 34384 5690 16502 37936 1801 4995 30412 37505 28505 263 39824 29802 9331 3983 29918 32687 20103 30206 15180 4452 23927
1532 4707 6775 36130 36738 2059 23051 9606 8670 12708 820 17790 1065 1564 8376 6948 21454 8410 18573 39826 2631 31042 15833 24677 30515 37168 28559 10033 10862 12887 19399 26162 29778 11643 33495 25311 9722 16259 10997 9237 19470 35190 23289 4113 14100 12795 29406 38294 16533 16299 27344 16449 11885 4845 6201 2748 39917 6988 21220 19534 37966 898 15614 26653 20867 6072 26620 8558 36677 14297 25878 37702 39270 7619 38231 8831 6754 27251 35063 6390 24620 8509 9389 1017 26740 10605 8472 31539 22355 12815 10904 26278 15466 25066 24704 27238 9879 25613 39529 27503 18817 19247 29676 5916 29082 7867 3336 5660 33567 19452 24309 18891 34868 22125 20774 19366 15702 29671 11945 11013 4610 39916 65 10776 34883 33689 32678 31293 29715 3786 26461 17263 35878 22975 7477 4451 31123 26525 9915 37033 7517 24379 5182 37709 19852 14984 12280 31772 31863 39000 10462 705 34795 32240 6238 32775 614 26488 18065 11450 31050 4133 9605 7147 30869 33866 3372 11530 34683 34421 22364 30746 2017 6670 31420 4446 19093 12637 6282 12304 18705 4001 15014 14051 26021 9506 20451 38370 1791 2560 21208 360 21420 22725 33803 39559 24117 22225 31280 21426
11713 29115 37496 26797 36356 14949 22368 7992 19882 1788 18172 20524 20395 2962 21805 30469 17945 13413 20222 31232 1146 38875 3863 10740 12429 14406 17689 6176 20945 29317 23021 38856 19563 37007 484 38703 10640 3213 7810 39726 19842 31907 39965 37636 3208 10649 9186 26911 22283 7505 35338 7578 24875 2045 23562 3093 23638 20047 25693 38888 21891 25896 36194 16791 31990 29515 2805 5515 28153 14553 8923 6528 1024 10068 5960 32250 28174 17586 29514 3250 32241 27837 27623 2459 4990 15608 19380 7950 12036 31236 24769 16738 8671 12954 20136 4652 36237 13638 10118 12399 9387 19813 34226 20929 14265 15031 13692 32094 4539 1212 22433 25206 8910 11722 7902 14887 34322 14434 432 24842 3898 20216 7894 9623 18436 39771 16831 31417 36111 20255 24658 30384 20327 12461 18622 17236 26916 24010 33198 25260 19672 37166 24179 24242 7925 15590 7385 29738 11293 11956 20923 30824 7349 1386 12910 12516 3661 37971 4968 23205 29683 38179 22523 6578 27248 27393 35757 17043 11542 21849 32705 16701 33276 20604 30201 30571 34221 1058 8680 17886 26462 29427 25935 12773 34050 33985 9327 38056 11629 9161 17148 32424 28304 10943 28417 16879 31421 33522 24999 34636
10961 18090 38677 20437 21669 32416 6666 9740 33044 18597 6961 14913 18419 9919 7064 20584 34183 23324 27561 31074 23937 8189 17695 7033 20117 21716 8133 7840 31702 28278 3977 5178 39310 1145 4437 34285 13560 15655 4947 22012 13626 23533 20952 18635 20953 5692 17761 21442 24762 18320 23868 30127 5049 7276 8485 11553 5326 29040 19593 15463 22871 3851 928 29325 33541 33017 16728 16385 29453 37019 35233 38895 38051 27926 37712 29569 23167 35104 19091 10061 21143 8622 34759 38968 37013 3434 377 3174 35498 38281 28507 10256 3975 12535 29092 4999 24789 39944 9688 16276 15226 17636 7286 28355 3176 17419 27168 39667 39368 25824 5765 13686 5076 19920 39587 32196 22928 8465 14562 37010 34994 3523 2219 8478 213 30227 27241 38396 27862 2701 3466 33856 26086 21579 38550 11779 21618 10402 36083 28562 22866 2354 36867 39867 21617 17585 16048 3664 34289 28182 21322 482 15315 34938 35562 32120 4014 9171 21398 22906 25615 33755 37806 2404 5997 19987 14259 23595 26198 13072 36178 17986 11828 12072 4094 23832 21022 37554 22756 19660 38133 662 19781 36465 27177 9140 21203 11328 27843 31953 15600 36259 15586 30038 1922 20245 11664 27237 26184 21195
33834 19040 823 4477 14245 35548 24615 28341 35497 33960 39124 26306 18405 14974 3033 37067 28615 22594 18413 24376 36873 30017 25266 4563 25408 13925 17320 24065 22306 37566 12051 22079 33511 33189 32954 39445 27875 33732 21816 3950 28854 35150 30859 36177 18954 21188 23159 10115 29396 26125 20200 18072 5596 7561 2137 8696 11217 22561 16700 2024 6871 24412 6026 14933 5492 9133 23534 43 15085 6226 22524 36396 18239 21978 23709 19135 22715 1248 19833 5716 5476 1235 14445 3408 7489 12660 15934 27982 10221 18209 7185 560 29293 30372 14196 9184 4350 3912 10285 14800 14759 14566 34965 21611 16453 22558 21823 23853 4662 5839 19139 38401 14924 23277 22860 32097 16597 31129 18722 15637 28211 3032 22716 20729 34858 4411 34560 33621 28185 3286 31956 31460 16246 21353 19683 24982 4661 3746 27492 28508 594 21213 18874 26404 26251 24220 14136 22344 11000 29178 3368 28099 28564 19009 4888 13454 7127 35184 35937 38555 21809 15968 1191 20335 22658 6249 15578 22485 32186 27375 23899 33879 35340 36992 24038 7636 12750 19722 4523 28442 16937 8745 28628 24654 6798 16082 23494 6970 8954 3709 27546 16097 27840 24946 17721 22083 21502 30282 17486 9164
17134 21011 37851 25038 30572 23912 24820 39145 19520 1021 26262 12177 721 36226 28195 23887 19893 9999 3179 23750 35295 9910 12871 12938 15129 4597 22267 1240 1880 30075 143 14441 28692 32337 29216 18387 32159 39397 32793 2195 16322 26526 23897 12157 27349 36850 7872 34039 14005 28405 2519 29854 27569 21366 23398 13981 6671 33936 38149 15584 28317 22226 26800 1142 31984 31349 26752 37118 16951 24594 16353 31015 21847 30215 3251 27762 4679 26151 37040 26490 27274 34131 5353 24338 38486 20694 30660 8750 14536 5799 25661 364 35581 24110 26426 14959 3085 14613 4709 1397 38360 3609 8042 21901 12115 7799 28486 23312 14407 8082 19458 24737 11215 30374 36594 13079 30962 20699 24920 6808 2730 28568 15162 331 7143 1405 8224 14217 30659 22533 28332 39551 36803 38937 15113 27998 21910 31298 26632 17685 37593 19408 39 26776 25587 31062 12521 816 38341 33497 1029 39536 25634 14973 4428 28057 8305 10607 15858 4460 2886 5625 4449 10632 25293 32677 35158 24841 38577 17292 36502 26875 22510 15790 32762 8397 16692 34512 13297 20834 26385 10481 27881 5548 22905 28801 18027 29950 15569 14290 34087 7537 38554 24051 19220 36871 38599 2524 5464 19355
28896 11284 16636 30729 20558 11456 21554 23318 13760 27735 25529 23993 17196 30703 19963 5203 30602 8830 1090 21134 38698 28027 18232 21175 35679 11103 1654 17870 10232 3379 9530 14589 37463 23425 7666 8118 25185 2134 16386 12961 28328 30633 34874 35936 11662 19735 19175 21439 7683 5818 28330 32999 33435 18115 9457 9090 1376 28110 31734 10816 668 25091 36287 18873 25718 3254 35575 12458 19394 33066 5478 12209 30947 16638 20630 31410 3688 18179 17470 30707 12889 15891 33383 13826 38977 30218 9267 12215 15960 2796 25766 5518 27886 13198 3758 11102 32655 8887 5545 24500 36945 21150 16793 12107 17112 16265 10485 2229 2520 24952 9148 32433 7240 27091 22568 31026 28351 27118 32058 11556 11235 10754 5646 35159 32119 24103 15504 25246 15115 39396 6968 35964 29699 8526 12761 10209 28301 34366 13529 28588 16981 1920 24288 29907 14531 6833 1700 39562 32573 11579 37270 14901 29914 38062 13208 24471 10560 32660 15036 38529 19182 33478 118 5412 11425 8127 24115 33756 23612 33553 34346 12662 14207 36422 5641 16862 29742 15225 17902 8667 15810 32958 11279 23657 17147 13914 16000 27271 28297 28613 17687 11974 37525 6614 568 3193 681 7393 29104 15804
31184 13089 5227 22430 26886 34529 21334 16832 10750 29486 473 11760 12752 10114 14235 12026 6414 19238 20401 4372 31628 33166 19038 21774 22965 13416 28329 26157 12968 33704 4395 33125 39400 1798 38023 14850 26037 34525 38847 19531 15751 23983 4529 10164 28626 10550 36582 34174 2310 13473 6942 13574 26893 14240 34897 29922 1480 22474 16858 13163 32479 7007 19776 31868 103 14175 27600 15505 39632 792 27547 27467 27685 32514 13854 19649 20376 8219 24745 20338 33611 13343 18233 1590 1582 35210 28586 30967 13800 2455 15880 23122 1031 33277 30283 21690 4762 34443 1263 18147 11376 35871 11678 7284 7556 33109 22706 20905 7544 13551 31157 13834 20209 249 14081 26230 1511 280 21683 4602 31446 26832 37259 35700 6682 23417 12533 19184 13531 25527 31148 13926 6151 31873 28491 20151 7762 5737 33733 22829 24717 38587 2258 22802 7495 27291 8893 34712 6248 36462 37184 23602 16511 28856 19629 20264 23597 36392 33330 19278 5823 22935 29192 34901 30291 6817 5729 35779 24739 35183 18327 30166 30171 1850 11010 6876 39808 13731 15580 12855 8543 2452 33141 7510 14282 11090 34692 31783 26263 23303 13614 20435 23411 39792 20215 9265 1308 36342 26197 2337
19840 18651 37288 1641 36185 4182 16261 12195 3016 30014 4386 26422 9021 21832 38469 34676 4450 36282 31226 31303 33255 34204 9843 14747 12939 13030 33903 26810 19670 508 14512 25743 12585 13663 18225 22967 39187 36101 17876 28757 16938 4875 39742 6499 5274 34935 30418 30938 39173 26837 30705 19584 14229 367 11105 6804 30788 24961 27751 23618 5451 32925 22082 21641 23057 24536 20119 37604 1219 20910 38105 956 33348 1755 36721 26884 8112 7558 19071 11914 1365 12040 5106 17694 7946 22301 13365 2512 13830 38753 24740 26672 39011 13719 20959 31452 22254 29612 19605 24210 31838 33271 10683 4385 35858 26720 17106 12520 30299 1433 10850 27145 5224 10902 39125 36956 35527 4309 17137 1103 9117 2965 21700 2372 9636 34130 19835 11060 21020 20753 20182 31025 11258 15735 37361 12275 25047 29849 10056 3580 3665 30472 3428 28516 30952 1276 15233 9642 21240 36255 36707 35356 30634 26378 33935 28030 23535 11600 26593 19375 5398 32840 9013 20190 3015 20550 33691 2473 33008 33416 30757 20212 18634 32282 19614 34833 15808 15534 4441 15005 1479 11148 6755 35291 8865 2172 27520 1257 35169 18964 13893 8868 7728 14121 22517 33836 5035 2351 30223 23520
28267 21999 38782 13321 26090 20607 20594 37328 24111 34802 21235 9780 12027 3252 1189 39935 30699 23392 643 18214 24487 28864 36783 20610 33715 33122 30010 8952 9103 15471 9149 12747 27119 34788 16540 34197 17634 12312 15712 18701 33862 2454 5768 9360 13126 11081 30761 6038 38615 37218 34482 23022 10702 24451 22795 483 9462 26330 33938 27742 26234 26068 28209 22970 27149 36636 10931 4903 2959 17340 6816 2121 33820 4837 9497 38237 10429 24666 25710 32298 8347 4506 21553 33312 33991 12833 26191 3029 4870 1135 29972 25522 14967 27299 21279 14763 180 11331 5024 1382 15758 32358 27771 7211 36684 28357 6395 25889 24756 32020 372 3259 2981 18631 17269 26138 19932 11070 15996 38485 37771 38438 31153 3855 20065 18270 36180 8222 34344 29442 5928 37211 38109 35675 10113 22636 36978 3446 31967 13015 29804 801 35140 18145 28985 4218 10337 18640 7752 19430 7205 1765 3429 15902 26708 6206 16389 24881 20414 13309 2731 14382 12683 24437 24966 28203 33552 19376 34286 6269 20086 17672 17429 24072 21730 36037 12095 11241 30112 20281 23780 17380 30779 3566 27247 6023 36001 24321 1633 29062 16138 3117 4760 9192 32151 23024 967 2541 10055 17497
35257 28676 38796 26880 32238 10923 23698 6089 17712 16859 17516 332 6931 39744 24546 26564 33076 1504 30481 16681 3332 28679 16632 25714 11503 29649 15120 4737 19227 13156 22192 24105 39142 1003 16696 29065 9296 1704 2824 30022 12613 35594 11245 30297 38618 30358 9450 33675 33248 11813 39980 15971 18604 19795 1008 20023 11995 32824 38475 12513 34896 31456 14854 17328 29821 9224 17916 29960 39593 7199 33112 6422 25956 1129 12993 28289 11026 30381 37402 2877 34705 6582 4841 21507 30724 13494 35187 28156 38029 27617 23895 16902 19029 37354 11682 37081 3101 16410 30778 10682 29126 35622 7306 6416 20653 8481 28379 37431 25804 29387 34219 14881 18753 26630 12802 13938 16054 5893 12914 19690 1990 2154 21312 8505 22111 9996 29678 16472 12471 28011 18008 37699 8469 9082 37152 16222 13327 34049 9585 37223 8434 9037 25137 13191 14677 623 1668 31262 1321 18489 18082 20109 30993 3943 20429 6618 17522 10893 2476 4011 972 26721 39803 23133 6328 10715 27724 21200 18711 9029 16713 17940 33617 22158 18756 24436 27676 39568 34749 37800 4918 36202 10103 18117 39757 39247 24798 34879 2106 30721 39890 34979 28454 30848 15510 23689 9310 35567 1787 111
32971 15893 31134 34806 5798 23883 19269 22316 33996 6712 20989 13423 28347 38251 18815 24477 35043 31657 29711 23604 23766 8420 6404 29242 6351 34407 29768 12014 14928 35601 38236 24510 872 5307 16927 23374 24147 37778 34111 8534 13401 6112 26071 37674 24330 3222 2761 24908 35448 24100 999 23461 3710 12172 24850 18295 28014 2379 4561 630 32926 16716 17562 21109 26900 7447 30756 26178 1524 26396 4290 31957 32913 33925 5500 33606 5094 31741 25335 5361 20154 4139 18853 14700 3042 10903 32742 37089 23531 2580 29350 18663 684 18137 26602 7609 4731 28938 21650 39602 20210 14915 17890 5389 5455 7101 19074 22465 32194 25907 4172 21293 4920 20380 35268 17703 9333 23194 26741 12920 25391 18948 35613 16605 11833 22988 38378 8243 24840 26615 21995 6394 27214 607 6294 30318 1354 9306 33707 15616 30036 37785 20648 39680 17956 25104 7812 15030 28722 6465 29370 15931 2977 26796 31846 31469 31176 31955 32213 25893 15909 17435 6641 6981 15770 4339 4852 7424 13631 27639 21939 34064 37857 1447 18672 19061 38673 35017 1358 30886 17878 8860 2600 5747 10713 17895 26948 3175 556 35226 4155 15037 574 29893 2411 18176 12411 23180 24459 32783
4518 31832 30304 27562 35724 38456 5331 26664 34918 3767 23136 6022 12890 15726 18053 18119 18508 19571 24692 1711 8752 2536 28926 4164 39207 30100 7805 38324 14062 1092 9134 18011 9348 15687 10007 11398 38551 26024 32725 1766 22332 8017 18988 13990 31399 26984 38225 24697 27555 22876 20920 4340 23827 13576 32691 15887 34160 30122 21942 15341 38560 25774 39168 271 32765 28999 17460 4461 10944 18024 3857 16963 29525 32965 39202 36008 29549 2426 39123 29725 9932 27228 19907 7638 17882 27939 30198 39057 10521 37231 18226 37311 31183 39681 24754 34797 1167 36225 37249 32165 24124 8655 35371 20755 2664 19551 20265 27899 29400 28620 24219 22066 31693 33118 31991 8386 11955 39707 17637 14357 7244 28619 13159 10819 4566 20754 5446 18430 34578 4516 19142 29920 24568 8547 31638 7575 30077 30928 32606 12135 28481 10594 30422 33634 727 27693 32794 17817 28609 17863 8428 24547 18757 8286 32307 23714 3209 28047 18740 8772 35025 17924 17272 16509 33107 6791 18886 37326 13522 17746 20083 32535 36853 10934 20147 26444 30329 35651 29556 34554 18379 21046 13744 28966 11267 35632 19976 15184 24025 3221 10306 10192 5184 2089 7023 18608 4751 36986 101 4502
31094 11236 13794 38016 19831 3663 4413 33767 20700 11540 12009 15746 39328 36000 32381 12840 14650 18200 32515 28308 1316 24797 29669 35420 25445 30749 36573 8909 32982 12755 38318 7114 1497 33764 15130 36149 31998 11614 32663 20453 8180 5551 14946 7297 3315 15967 31931 39129 31188 35774 26059 5003 12203 22244 26460 20398 11999 17070 2727 23792 19886 24552 29916 27533 17278 11326 14398 10134 22385 15979 6813 31433 29909 12098 3001 3772 23861 17135 7547 36322 21635 36645 6656 5444 14016 172 24006 16706 10610 3126 4190 36940 33267 34786 17311 12680 29928 1913 38241 2140 2595 34909 18547 20415 6521 17725 17885 24975 33670 28233 6723 35345 4150 33700 7346 17315 3926 6432 37909 30444 18989 954 8539 28197 18349 4778 11649 2479 11840 37897 28220 30313 35333 4020 2374 7168 74 32041 25670 38817 8733 8820 37969 5058 29719 33293 19209 23703 4282 17965 26599 25252 25406 23072 21448 28526 19055 30932 19910 303 34564 14640 2046 23171 22415 9055 3567 28213 31692 15927 39033 20155 14367 37928 20172 16242 17903 32086 31579 28831 2945 8963 35229 37412 10738 20961 34332 23849 22987 12419 24587 23800 1876 32379 38320 37279 19749 23026 15598 16198
16947 26331 14620 26172 30770 4092 8003 34853 4858 21702 21303 34556 23441 674 17841 29428 25891 2818 32265 32590 32303 20418 16926 28582 31238 26872 38355 23908 28948 19988 26565 30583 18610 39712 28338 11107 8783 22487 14183 36419 16724 4840 13575 14325 21578 31181 29606 33303 21977 13458 27736 16811 28618 35456 39403 6731 18967 11499 37304 38743 29475 2903 11251 28702 3838 10295 37707 38995 19992 23996 27405 12857 5615 33015 29572 25610 31494 3092 30539 13469 1649 11611 20960 3966 4684 23331 20113 20424 37487 5688 37713 15417 21479 30972 1415 36423 4178 3748 27937 38626 20759 4171 23248 25888 34784 28766 20758 16602 21445 34518 35151 8678 23394 4892 27894 24817 33157 21905 28644 9368 5651 14735 18602 7214 1411 5715 35369 28031 31201 12651 25075 1369 36084 37436 37129 990 15479 21580 35419 11404 13174 24074 8345 14671 32111 34600 27157 8779 1963 22489 23824 29932 5685 21925 15117 17570 20731 2843 36375 27031 39785 1625 3651 18546 36528 37064 13398 23988 32993 15136 9842 14585 31466 27674 17978 37997 15007 23560 24600 20073 26843 8656 8881 25011 4278 2222 31669 30040 16201 19993 1705 38289 21613 14166 15994 38786 9297 10086 28225 9318
20579 25651 38369 2691 17265 12444 25922 32717 35536 6649 12620 37635 29522 38994 8918 35938 36197 26728 30368 1666 21419 11569 29331 13194 23737 39994 37248 24663 26169 7173 11106 9661 27133 37750 8766 1141 33411 26784 30665 22287 8006 3268 22440 8496 3492 25997 6116 25875 1550 6102 14238 10193 20771 17434 33717 22238 9626 1903 26457 2200 30192 21843 1799 20816 32320 27171 36428 22852 10206 9507 11093 14150 27064 16969 26374 36814 36330 34001 24122 16331 6721 1819 3262 20855 35554 31542 93 19824 15984 20348 697 31543 25471 2559 15449 15530 36092 23768 23923 22839 31950 14714 19765 36048 16760 18937 29531 23492 27057 16232 39925 15545 24839 13000 25991 23354 14300 23721 36 3876 35438 26943 20956 25727 16739 31811 2879 23580 22165 38659 36110 26204 23010 27789 29823 26874 33484 8681 16203 26848 24604 5952 25707 12194 36503 24332 3099 39162 6091 12684 1970 29190 32618 31629 24763 1953 1528 9895 38389 30400 9957 36382 13392 10213 2214 36019 38680 30880 2359 25212 36506 15707 480 10877 38637 39577 24167 34832 28888 33340 32057 5187 30490 29408 38010 8941 12065 1919 30804 16369 18422 37320 25429 39901 11080 21389 39436 30971 6106 19010
36631 18473 20375 30451 21307 33317 13641 8228 19104 32722 3714 22714 20282 24637 36813 17769 39503 16723 34983 20760 5096 13664 18957 25910 11930 2276 16525 1839 30642 9022 29579 21520 34662 36563 19469 36020 1607 37992 13337 21896 30443 9790 19257 20911 30210 25788 1846 21770 32477 21986 35396 25090 30780 733 33832 15496 26081 14552 11064 2522 18388 32017 18801 8580 4849 6052 14499 17705 1093 23032 16471 24628 26060 31379 38058 13124 6684 7333 16459 24310 8768 2275 12133 6976 5762 25375 4126 7881 34782 25440 6485 23888 2293 26621 34420 2369 7042 40 5722 38716 11018 22841 3667 29052 33595 3355 6043 19880 20266 27849 6847 37688 21871 10917 15831 5984 16541 25049 17055 27320 2641 14753 31708 26659 341 28973 20197 10828 17889 11057 33835 23894 2719 16987 16372 18754 3226 26015 16785 33575 31979 22693 24364 21512 20387 30084 13607 17305 28348 15793 7386 21431 30636 35559 20869 28391 28052 14856 8929 17756 19003 18395 3144 31683 32334 11498 19410 4722 4073 1328 27357 13428 21491 17002 17858 2736 20084 25392 14482 28260 1558 27516 18021 32043 18030 28188 6841 7243 36186 11394 16972 37191 4528 17275 16324 17212 28820 19494 35412 9902
26730 23310 33342 5366 6617 22057 22739 32463 31087 18781 30995 38773 21269 24341 4280 35922 36587 38940 2311 22686 36665 23238 1342 770 29586 23623 19348 30370 6554 9425 9697 20179 16545 22490 37955 13188 19895 18997 35269 33053 29483 26072 39462 25544 37269 10951 18974 4763 7915 9962 33624 12016 8736 21691 2532 26988 36115 23390 32276 33472 39565 20747 21721 30137 26805 28305 6271 18256 3526 34681 28124 23005 11028 26673 22771 17144 4053 18369 26640 16478 39521 29371 27006 35109 20096 243 17802 27974 9970 25638 28447 36729 34748 27314 31291 23601 14227 39335 36712 32512 35500 4360 16899 33504 16440 3257 31908 23593 5495 30465 15668 33287 37656 4981 6505 28611 10751 2844 31439 26808 33867 36444 8359 12463 27202 29007 11692 12896 33274 22327 29500 36964 19848 12835 1420 4570 2759 27764 3049 21112 32798 3927 8599 7106 27806 15265 177 4348 27624 11237 14376 26936 13218 9609 22168 22817 2339 27176 14653 24416 26121 3474 32981 11984 3648 26729 26248 4405 4029 33469 20258 18149 19866 5981 2686 15988 255 3403 10616 31944 33217 6084 3888 8330 28735 33045 286 35923 10996 33943 37258 5195 18987 32536 18385 9771 15828 8182 14021 3552
36250 39939 24141 33937 1587 22875 17080 13487 20392 28292 27943 14161 9896 8090 20651 18864 27199 30906 38687 17824 27278 6006 2612 8503 15491 28261 23926 29039 11655 30439 16009 15501 30399 18330 25737 34998 22764 1279 21101 22025 19682 4345 6818 38958 34543 11311 27453 13849 20862 39948 8278 30517 30135 25598 14776 605 28084 26369 10409 12721 22692 14058 15520 37727 37877 35177 30199 23487 27491 13371 34021 32696 1217 14690 13697 33773 4807 15171 430 7592 32865 3713 10052 8824 8373 30308 3560 26520 38388 13766 7142 25478 9415 18979 6318 7778 25715 14012 22760 12474 21954 930 38708 1885 9032 15874 23544 2500 34645 27331 15542 215 6437 5087 23154 29298 14774 35433 28493 36410 31228 28117 17628 30577 18437 18562 28713 39455 30623 38415 18557 27209 2365 1252 37011 33994 5671 24927 36921 20506 23030 21329 31088 16204 7568 25062 21158 18878 20356 36725 7472 10789 738 16158 34506 38987 1416 8227 19733 7759 29581 25908 5230 28753 22938 33471 7324 6093 37551 30257 18958 20772 13993 7378 36299 6715 25119 13242 4644 6 1498 3650 9236 12638 6389 21325 3424 28949 22234 13885 12 37 14560 27307 16155 2139 18876 1895 7686 24523
23561 7335 27025 1484 7771 16421 15665 4048 10317 34408 36360 17020 13841 30910 14431 29043 32076 25124 11490 15483 34117 23 6551 15067 20676 31959 38293 26663 10717 25730 34469 18446 39877 27401 27417 18632 7977 23870 5905 32056 36267 26533 18040 7417 36682 35574 6333 17128 4984 25369 39719 37114 23736 25007 28865 21703 29808 38373 28572 34812 31316 33859 9400 141 16220 16295 5598 10040 27432 19787 10366 38119 3004 31614 14833 34536 6096 33130 17092 31047 11299 27851 18687 165 23053 4659 18907 33679 33483 5993 1575 1068 10860 22305 10255 8908 28285 19274 15268 19810 36519 25316 39854 9401 30379 35401 5744 25757 8946 2679 5116 36133 14076 27696 5338 17424 30121 1584 5558 15066 37634 7540 906 9653 38335 20557 39640 5461 23407 2890 28695 28264 39431 26865 917 13842 14726 36137 34668 6124 22560 7855 23185 39502 23402 35665 31354 10513 17347 29543 20068 2649 15243 1421 6619 13873 21840 29700 26896 3913 13680 31722 17851 2197 29703 8352 31786 11862 5016 4038 4758 8467 10042 4934 2240 25584 33770 9625 21304 5549 27108 21273 2955 21990 6802 3138 35231 36649 28265 20843 38725 3830 30720 26649 1503 20627 6732 417 21796 37962
28764 15671 13007 4402 11644 23017 20650 36575 16653 38247 2022 4656 32797 37374 9111 6737 28326 6927 19047 13197 17283 28811 31609 25321 37359 25323 1657 38291 21264 5792 3242 30346 13504 28971 30789 38641 37414 38575 11493 13707 25810 12867 36650 27447 39585 7355 39589 9744 14490 34081 15101 19056 5713 21582 30984 22456 25525 17048 20411 39176 3039 576 20421 37678 6858 31353 33019 37616 25913 38216 31072 20138 27236 38404 38552 12423 34243 4547 34616 35484 37863 6809 38410 5712 31369 28561 3046 3240 12141 21286 20672 15581 17500 7808 9610 24970 27844 14185 34504 18426 3255 1303 23191 38745 31067 7999 11361 24943 328 34448 25789 26304 31013 25295 12544 23233 19977 15729 2066 32631 8838 30580 33539 35395 3281 20295 22984 27337 4575 24318 26261 13352 27963 25112 34563 5138 29997 8617 29954 20598 3113 34334 8339 22618 21510 24786 3456 33723 31678 21663 7583 10823 39482 22626 35120 25667 5766 34710 1434 31729 15566 16596 7916 6869 991 39972 24452 22959 15565 27096 28858 22042 17353 30892 14264 7337 28643 34737 33660 1022 39915 32745 18126 457 11494 38162 36487 6077 11518 31498 32445 32397 5465 11624 9587 28956 11938 7668 22155 828
37020 29603 13577 25977 15142 37203 2780 10969 59 7400 1130 36981 2784 23143 450 32004 20463 5569 3543 26903 27300 5489 28048 22028 28937 35228 20352 22020 28016 3308 39180 17528 34976 39747 25098 32018 13863 842 19400 12058 37814 5314 28001 35384 25331 10335 20098 29626 29292 4557 26771 14090 24799 18917 15186 38199 4800 37256 29662 8892 6469 2441 3823 29033 18807 36872 18452 11865 6150 11559 37723 29529 33475 11164 8880 3107 2237 24234 11333 16089 12565 27445 33626 15986 23152 13008 26560 24081 15826 21138 27172 33489 38280 7919 34324 27060 18276 24573 25567 35523 8418 22197 34736 35261 32324 31322 18674 20450 36219 23293 202 10884 14703 29200 17837 35547 33394 15756 13649 14481 31874 37563 13283 34589 23382 15091 39940 30453 3681 11160 13881 17900 11373 19032 22053 24419 37312 21221 21519 7361 33389 25620 33883 24806 37586 1591 3461 34602 12786 38476 21083 34128 6205 5418 30229 12025 33264 11850 20795 15603 39253 23443 20385 36511 23735 14284 22388 24942 5093 6388 26941 21987 13215 24784 39857 21034 11387 29833 17389 12837 2976 25175 10004 34854 25313 12549 5718 11489 28934 11104 21106 8570 31985 12617 6280 17399 28366 27290 17704 31429
39062 18667 28033 8928 5562 14285 1988 29673 22372 32386 6719 32267 3669 16398 29012 11177 29047 24649 39815 13665 22522 37803 38905 27431 32614 515 23747 9472 30875 6060 24644 23839 10630 19792 17519 22532 34295 14163 11757 20066 18348 32821 11031 25597 17561 25179 13307 24540 16442 24319 9275 3601 19686 23867 27584 28581 27805 7015 3185 26691 4910 13460 22166 10919 17593 9204 28434 32948 14572 6111 18362 28554 23799 23785 39237 25898 37367 34798 28451 29145 26957 11130 17973 20745 29344 17867 17560 33025 30414 12862 38946 31204 15861 13227 12171 30232 3637 15521 17551 22347 22843 18396 6436 17748 27079 30496 21285 22525 26753 33662 13609 28022 6323 31355 21035 5911 22460 12507 13076 27044 25022 2349 2078 35407 38886 19579 14158 26897 9685 29990 5423 37105 12248 6384 32370 394 6129 8666 32357 3440 12738 39083 15311 3872 35829 15819 13282 6704 24158 14635 28324 38524 33160 16815 26895 6620 18504 25346 8327 32116 19885 27139 32966 28780 21173 32764 37244 5417 13583 19102 8632 17491 28288 37475 16958 33930 32919 23599 24359 15043 32898 1123 17431 37420 34184 10097 15872 27424 13913 16062 31919 22644 12578 10080 32746 5471 29218 26468 14717 10415
30871 32024 20587 139 309 19356 13835 6679 7443 33269 745 36670 10374 6500 35001 7509 9298 17000 16897 29627 24902 15589 33774 13417 34350 30220 39012 15209 9219 24933 15980 4776 33236 15495 21192 35130 9638 2029 7905 24069 36827 37520 1900 15089 12517 21404 20221 12017 26225 20322 18429 20597 6014 38122 4188 21564 15878 28747 3470 36562 34957 4657 30060 28624 5695 28337 17905 34068 27991 8894 36176 35837 31800 29840 34109 38025 36437 15886 30156 29301 12963 25422 25848 25466 28960 13046 9376 7467 18124 24352 4723 1968 17818 36507 2340 4766 12257 10292 18991 36193 28023 17337 28602 27197 13443 3431 29332 19208 12632 30246 963 26507 11916 19474 29674 22808 6335 29508 5304 9891 335 19836 16020 26505 29596 31287 20372 34347 8888 21467 28291 20218 12545 37653 12152 18517 23620 7749 23670 35306 7634 26982 10645 3219 6387 6062 10953 27136 39213 13833 8618 30072 36463 25274 18923 7548 38574 19899 35716 20712 4096 8468 12958 32431 13474 25077 17595 20593 12284 21820 39974 11214 35684 8939 21791 37615 22325 13085 6382 13765 14047 16485 15376 38960 24039 5300 37927 1723 3860 22093 21927 36831 25762 439 14997 3551 18428 10834 9382 24899
6703 37752 3741 8687 28683 16689 31295 3672 17042 14442 31479 3276 9656 7818 33726 2930 18189 33545 34399 13414 32968 3976 32350 15860 24710 25599 19984 17194 30688 33926 32065 36804 32023 4854 34773 39467 12733 10549 1677 15017 32889 28444 24825 8349 8646 16960 25840 28879 36689 8157 9564 10328 33490 2564 36883 24036 19424 18567 26423 3825 38453 27412 6204 37053 33378 2746 10240 38863 981 2845 16887 15388 10590 13273 10621 19449 4893 35248 14343 23439 36131 12793 8106 18555 10413 39034 13179 25125 17479 1283 31300 11605 33371 26383 27485 2238 22956 29198 2606 1721 11902 17114 31063 28192 13602 1238 6167 31807 26166 5675 25876 1792 2249 6076 30592 12868 26165 39379 6256 38309 31076 39878 32027 12798 14631 23372 7701 32457 9139 16566 3744 19834 8650 32079 22606 36584 24542 38264 8341 19105 31395 28116 4586 29497 21478 18038 30773 24095 29973 13165 25326 12253 12748 19859 32323 4314 32551 6914 18168 6519 29782 27120 8195 30589 27666 226 26387 35801 1175 5387 96 31128 39423 14543 36308 38316 18493 13196 37579 37157 8039 36200 29168 5642 23362 27883 24750 9627 19321 22812 33777 14571 25678 21740 14460 14742 2020 26949 2242 10123
27787 32389 8767 24815 3091 1790 25894 4489 17972 23909 12737 26722 5861 8273 25887 17364 7875 29188 33531 38758 11879 9128 9917 35021 1284 11234 30070 24267 7439 36746 10309 28991 33021 34471 20720 22547 689 21689 26399 8856 28224 12493 16028 26814 17413 10524 21837 22980 10869 14054 17759 11620 26706 38182 4937 28403 8724 12291 33455 39413 15356 12728 32495 1642 3545 13751 26576 34389 13186 4074 7625 29794 7521 8828 4683 14853 4114 13093 37213 25450 8223 31294 20193 36800 7235 30241 20004 14855 18710 11098 8953 17849 7769 33203 3789 38277 7123 24235 12895 34605 36163 5638 20807 4545 2758 19443 20746 8097 20872 23769 31046 7149 8819 518 1113 20333 19704 31034 21226 8825 1810 9667 3287 19718 37226 22356 27718 33651 20296 17214 485 31994 6418 38652 17566 3588 14301 17711 23308 7781 33431 3821 10130 6140 25339 34889 5180 15286 23635 266 18297 16675 35654 27144 11323 39241 6852 17750 31802 1778 26631 30463 18334 36022 14758 2183 22400 20766 28870 631 29538 23196 6311 17848 29864 17842 17327 27372 17964 23098 24211 18250 18153 36601 25485 32598 345 12221 27947 38658 6697 10735 6849 15026 38384 31257 15019 30085 35370 5833
13943 39999 35447 35307 31532 6343 30355 26056 14088 25170 32792 13632 33709 38669 10100 5877 33804 38963 2750 22994 16004 7645 7774 39088 27702 5786 2485 33825 11852 24734 15160 36417 39516 10119 34639 36731 35355 16091 7608 11714 30242 26587 9859 32852 31952 28846 1643 34341 13884 13601 2683 7359 14154 37171 10006 10684 31591 12981 28941 37140 787 31405 1859 32777 27760 21113 13629 39020 9883 10793 12352 17855 21789 13345 31475 4993 38042 36240 13550 14303 7388 1746 9372 14659 32502 16300 23269 11505 4741 35239 21152 546 9041 10478 30341 39369 3706 39499 16460 37125 447 4939 5309 3266 11855 8049 32005 6735 4645 26516 16952 28035 10945 35542 9136 33520 12581 38478 36314 37795 28180 35511 24556 15820 24468 20432 5295 7405 38046 16051 11892 11205 20167 3921 5358 18182 28336 23282 20819 29686 31335 35156 21263 25937 37991 12695 35603 32035 4099 11819 29507 12886 31842 23820 34012 31437 32030 25404 34102 34337 8416 10687 33034 203 13507 26643 12180 39042 14470 38781 31414 2837 29779 36912 35703 35016 9900 27534 35598 6626 13511 7574 28484 7160 35123 37063 11123 1844 30974 14383 7580 26751 35272 29256 35084 35637 34880 2408 35480 34501
28396 35267 20568 12874 19654 15701 23183 29796 1964 11287 4209 32862 29096 5419 15473 11727 10227 1216 10846 9668 25612 26192 6160 33887 22253 3495 23424 9374 19943 38224 15247 1423 21988 7945 28440 38243 21065 559 36123 512 38801 38026 6677 37681 30867 6405 2009 5857 10625 28673 29143 39678 10795 28845 9194 19935 16076 5368 12926 25072 33989 31852 3575 32299 37680 2098 11131 2558 25376 6442 7390 31557 29111 3978 39380 38037 9887 39970 26715 35227 36508 20027 1806 20462 23932 24077 13325 3282 31980 8757 7121 19798 34099 31879 17326 1606 33086 18620 29758 29958 37372 9340 23989 28170 19777 19163 24340 15107 18 25918 24308 14781 33167 37037 35132 8170 38736 31206 7970 37606 23300 2592 27472 37021 24182 33278 15553 23107 9777 28719 17132 6896 15970 10430 18741 33396 15771 13118 34743 15227 26693 11427 24693 5351 10267 20269 12457 25397 8282 24984 10308 9966 5572 3400 10156 13022 28720 28397 132 10148 12609 24363 18955 14220 33784 10633 14267 27463 18028 2303 25423 24901 2279 16166 22273 6279 29735 16578 15800 7964 37470 23811 38012 13979 38060 25483 14639 39222 8789 29578 36494 9863 19747 6199 33503 12421 26956 12418 7128 11844
19666 25092 29576 1014 25552 13839 38116 10489 19083 37500 7034 16814 27389 7152 4463 22055 21713 35441 5783 3616 39395 9737 19657 31816 9865 13192 2517 15174 9563 13987 36090 29114 22207 16223 29239 28525 39527 15694 22832 7744 31586 11016 30287 12164 30493 38884 13661 7690 39262 18841 8087 20679 7611 35897 37303 28736 34181 9057 36445 5170 15573 15266 1999 28657 37390 39884 32093 6945 19129 29493 17478 38654 37379 27905 26644 4336 39588 32453 39985 27138 27854 34392 38827 34348 7891 5608 18932 19187 19951 13385 19796 8396 676 26623 14129 6954 11274 412 35057 16413 24515 29413 33219 3413 3110 6503 4703 6840 8907 32864 19671 18839 25933 26388 37108 32485 21888 11587 2277 29861 8403 34577 9317 36585 27244 23367 26401 18490 30126 7689 39938 25186 9185 20345 29981 37873 19406 30518 26415 10321 38127 21681 9870 26785 19888 32034 13411 20088 2268 5149 31909 39295 11756 15714 1378 5714 13152 16029 18023 9716 31234 38295 33555 38143 28929 37789 9476 6066 3594 17572 10760 17974 15254 31235 20913 7095 33786 37869 27902 17923 38829 16102 19606 34499 3856 27692 21522 38363 13836 26402 30489 18206 26053 33136 8326 30622 10368 4265 10168 389
26856 29436 20143 9467 8475 13605 19050 24407 13543 33516 9167 2823 13205 6059 10083 10126 12677 31715 19314 38208 36861 30125 27519 5613 27388 14599 6881 569 7756 11179 17710 14064 39068 10522 3163 16149 31071 25995 34900 11669 15161 26925 17957 16438 16534 13157 13612 6540 14345 25132 31898 14789 6068 20861 19237 14730 13694 3506 2203 19701 18455 13404 8151 8761 15165 19618 18503 16080 21616 36819 23933 312 6716 4900 29868 37051 3297 17567 9244 38343 33910 37732 11344 2239 36318 30524 7288 24031 2504 31646 31217 30581 12404 12921 39652 27469 15917 9682 14830 29803 28995 10243 15159 7876 6315 905 14017 20112 28089 35766 13111 7786 38267 36681 8458 2812 17218 16115 9324 13290 33892 12339 3019 35771 31813 2566 9930 15299 7559 20546 19621 23018 18771 33977 16735 16354 21807 38002 7441 8878 4149 14321 36820 25744 9941 11305 19179 7161 20146 32595 9539 29008 21530 31102 5014 19448 6166 29419 34309 26190 15429 36158 30744 16030 20951 2538 10861 27043 2260 25975 10020 23889 26455 16355 2797 16929 1554 6025 20394 3022 6370 8787 33482 20303 10701 10159 30052 10454 12140 15277 21476 20256 13429 6097 13589 4759 17523 28061 25783 35783
7760 7347 26714 31461 14506 24375 5924 2047 4585 5649 37933 17182 12509 21528 12601 25758 36823 17671 14040 37101 25446 25724 25236 1311 29089 9798 37302 2539 2529 19642 28007 27047 1463 31214 17624 39848 38813 23484 35204 31528 715 28839 16942 31324 32161 8215 35827 21164 39360 20722 18629 34837 24426 20639 6101 17844 10420 25906 36948 25568 26816 16917 3820 31344 2633 17892 27834 33390 32628 5595 30071 12670 27783 21550 13590 10766 3307 30982 162 16698 3985 8412 38437 20476 17627 16731 12333 30908 26127 11495 9845 18485 14211 37497 586 9846 15939 39737 29927 25713 17276 31093 22961 31029 9953 18300 6064 24189 13267 36294 34937 253 5969 4624 35566 25467 10920 39759 30347 30268 18693 29342 9079 1419 34473 14361 27678 8743 7372 28829 29535 17350 21296 951 25493 17021 4211 28168 6170 11466 35376 1261 24583 24001 28654 635 36886 34530 3346 35015 32251 1887 38812 8795 342 8141 30098 33098 35342 21244 15335 25071 38078 25133 32653 29098 7074 23858 30042 12424 36606 15659 35213 37175 943 5091 37744 6439 16573 32249 29069 6937 33826 35985 32351 3964 35374 28323 10785 14824 32441 7911 8602 22513 22579 29901 30013 5036 20108 2627
26256 2852 27182 29592 5770 33785 22589 39850 39435 2751 30109 7687 24940 30989 10079 14603 8399 33721 18908 29859 6604 14618 36770 1952 2480 21097 19263 33848 36517 6922 17138 222 19127 39427 36363 20430 8790 319 8221 22462 11979 7696 30377 37761 741 35794 8524 37161 27146 24732 993 19291 30325 15128 2809 19764 6349 29836 25649 7635 17929 14369 7343 25312 1841 13078 34310 32516 16382 1950 23436 36864 8847 29118 16337 27129 14840 9872 36816 11153 35096 19433 14792 6963 7117 34838 38764 3866 26367 25614 10699 4583 36627 9225 27556 27948 34719 31343 37645 38893 9926 38510 18416 16234 9485 30619 24396 34902 6748 28049 6237 31829 23243 14077 33116 11085 1063 2960 21742 37683 29337 37421 36844 14223 22313 24061 6427 5271 7234 20979 13456 8840 8607 27855 21881 1001 33209 2188 6347 25594 36640 33030 32680 37481 31167 32695 11005 25967 36441 39113 37099 24826 4794 22069 26171 22972 28370 10278 4831 29797 25051 7664 33556 23765 36955 17998 10107 35972 32662 35328 34490 12398 7681 21532 29183 23221 24329 39686 17133 12144 24638 30212 34378 37894 21358 12186 18465 14922 13965 22119 21729 3274 3871 23668 39392 24758 7529 12985 9817 19757
10995 11625 27080 24463 2266 10108 4780 19601 14144 4330 9301 37975 30843 26027 18804 4375 28594 14034 2793 9076 12301 13717 16505 15852 19369 37291 34149 28724 7719 1851 35540 3312 4622 22213 30793 12608 18938 6542 5925 13911 6468 18682 32878 459 4848 23941 24846 35980 20046 1471 9748 9958 34584 7896 36644 16381 17949 38990 2331 27688 25687 22248 6688 2114 26292 14287 10842 452 16542 19024 5679 11576 6979 25845 17707 34644 10965 21992 13347 33809 24151 27650 7688 23007 13080 6536 15413 20332 17713 33668 39288 4009 5771 3462 14289 28651 13948 5193 18752 5352 10219 5046 27798 5667 2613 30343 15457 19088 37543 22818 25456 18199 10459 39851 9273 29638 34224 37855 5098 15506 11363 37618 9675 28748 6019 36710 38233 39892 4562 4242 39048 297 38202 39422 24854 27364 9212 28834 7057 10111 16458 28126 39541 26777 24336 35014 36164 21926 29031 3634 3023 14440 32520 18268 16103 19155 20990 6612 37876 12128 9391 38048 14243 34831 9586 4129 410 31336 1663 34827 39304 28616 21794 11683 28400 4899 5840 35012 28887 35399 32314 39505 17387 23578 68 38332 37419 22250 24681 109 16801 30416 9571 38830 31941 1458 2158 27747 16744 4235
25398 36199 11229 14682 11608 29885 24848 5277 32616 39278 27287 17700 9796 501 13027 14934 31799 37856 9937 30066 16013 29510 6365 20354 32992 24343 8775 33728 3186 12079 8817 39311 3574 39833 23430 33211 24281 2983 22885 10767 27637 7886 11440 22654 39072 19503 39032 37788 38664 9016 2553 16146 10576 15336 19998 3738 21280 12828 633 4008 5459 16489 20857 29165 18768 2674 6208 36051 15390 2410 19544 29532 26174 36152 4826 4591 27427 5286 17300 30671 35681 36298 15029 2437 29418 30303 4267 15949 25018 5552 3301 28694 29037 15679 30450 4647 4225 16326 13539 10122 18921 38824 12422 16236 8854 18505 16657 22599 9230 8363 5662 6647 24491 11809 22949 39506 16185 15065 21160 37027 25329 28513 4882 13711 36348 2122 21948 5364 37199 11429 32779 34460 11152 14029 33201 3481 8726 38449 27448 31036 1493 35619 34527 29132 31254 2943 11673 28421 30732 5822 10780 363 28755 28335 35900 23793 962 8727 10531 34172 5506 13623 12138 38908 6411 3638 17227 36767 23781 2431 24793 17724 3377 9342 22896 19311 5537 5782 39590 21218 9814 20292 32125 6740 23326 27095 39429 35811 6658 15097 5748 38311 6587 5684 25495 29731 11861 33103 14315 38676
31756 28541 20941 23752 28945 20574 3512 18685 6406 29042 33582 18003 17243 4268 38751 1176 22900 7868 21882 34379 33788 3468 9756 32264 7787 10609 33454 13847 7648 38043 9869 33510 38955 16352 16844 20231 5270 13742 22251 35958 14756 10561 2653 5485 38097 903 36799 21692 26279 970 20191 6463 1406 22709 26270 9328 23410 28127 27817 14201 38217 35931 8132 7334 27581 7873 8608 15818 12483 27066 5130 35971 35652 12590 20456 1559 1018 1394 20770 13176 33220 23336 35483 7599 23081 1107 34607 10734 14982 22608 1280 10825 28894 21248 14593 38647 39760 1580 23575 1218 3194 18252 24199 11980 37981 14936 28728 38034 27629 4004 8108 10753 18677 23823 34132 27869 31809 9018 18990 20714 29776 1221 5266 20828 11332 18307 14544 37831 13896 5123 378 31901 27657 15325 22419 39769 25950 27669 17169 37447 21059 29044 14232 31099 8562 1722 33855 11132 13010 17542 2467 9510 19589 27865 25426 6017 38061 10389 29540 8999 2462 33029 21412 22631 29587 11097 1322 22592 1570 3329 16001 20898 11547 2817 39268 15879 31921 10875 22853 6368 27845 30168 14404 17024 826 27311 20520 61 8149 29085 25336 4439 8239 27022 26938 25593 15009 37532 4810 113
29945 20062 25791 1278 2801 17442 34302 10013 13432 4197 34272 9363 7158 24944 27550 33594 38458 15524 9087 35597 15725 23547 3726 33998 22773 33148 16153 38477 23847 12382 7570 26484 26487 3598 23182 33916 754 31033 365 15399 24085 17122 14729 27535 21649 27333 23958 22407 39209 18525 34462 2263 5328 22791 4227 15789 31312 31870 4874 20032 16877 9681 14914 22907 28944 6698 22494 29870 21676 22339 32244 535 15539 9489 25835 29594 21933 7088 34927 34043 31830 7917 23038 22286 38433 28223 6165 39733 17751 27952 38580 38350 27067 17619 21598 35253 11454 24979 33101 6710 10749 23054 13812 21076 9229 10147 34632 17877 30726 25839 29027 37261 661 36357 33895 35854 17947 30916 29845 4258 39412 23978 4056 5117 5392 13882 28660 15158 25501 11659 13958 33085 27703 9913 27069 33055 18619 11182 1687 9583 9816 33158 19949 8231 38570 22442 17248 16172 15323 7586 24674 8643 38651 26981 34817 8784 15619 26300 989 272 20420 12922 26205 14160 6792 30195 9518 14268 112 25847 39720 38372 5803 25348 30461 8806 2422 34097 13393 32583 6530 11711 37133 37495 17023 15868 36730 39906 15522 4179 10346 4157 23201 5686 6078 28172 35788 10558 7960 30044
414 3733 1785 17565 10562 27082 21518 38629 32592 31590 3384 32918 14028 14842 14979 19065 13676 4214 38190 20631 21368 31662 22718 28649 32284 30276 32480 34161 24280 39357 14222 31172 37592 35006 23129 17856 12270 2772 20341 10496 13922 7201 22590 11881 3131 3880 12984 28524 30582 18861 36716 29441 9844 85 18247 10971 593 25303 11481 18440 2896 32789 10245 29234 29172 8211 13057 18759 2527 18823 21125 34612 16207 32300 347 17177 8494 38349 11327 890 15075 21868 4250 22615 23271 37292 1979 2819 10479 6971 23774 32711 10363 2878 39781 8813 2236 3438 9089 26113 11289 15601 29663 39840 36285 17221 29989 9639 730 4135 9370 19472 25643 13569 1233 32273 27204 6138 8616 13516 14485 6788 26705 5593 25521 10498 7895 6768 22387 34147 10092 28247 8525 28303 38177 5520 19310 21858 29935 37518 26479 14195 8232 21010 36475 12446 19595 26869 9712 24683 32523 28803 3577 4835 10470 11051 12933 21671 3685 31891 26237 26120 23101 25095 14961 31106 10508 34078 465 13905 32701 26947 26717 6352 10982 1101 13462 10375 27671 3854 7707 5514 13635 31391 1198 17644 34444 24371 16258 16340 27981 12440 27399 9484 11046 2987 4066 15475 4381 3290
21993 2737 32366 25048 17780 38563 22002 1967 23514 24291 6662 28625 38778 4255 25797 39265 39859 35976 36052 34772 28371 17778 11922 15049 5922 28173 31198 16496 27930 18068 26044 10853 37951 19488 27487 5849 8172 17266 29546 9158 30033 36015 39416 39433 7835 20814 1630 23432 25498 1645 19001 9390 36765 36087 22807 10794 39961 15568 15245 5538 32396 23740 11231 20958 7610 7814 37488 28255 36436 18543 33259 13831 20159 3067 7071 4469 3503 20548 15251 19725 15035 8695 34881 35861 26992 25600 27810 24445 39513 2785 35913 26440 39186 35630 21441 4247 9942 14797 13064 28853 9975 24921 33844 22805 196 22159 36889 7693 9890 36010 17880 20658 12200 37110 11424 24715 23035 11380 15080 3483 940 2141 16052 34237 246 12570 26971 33046 36841 34232 2332 12717 14493 21166 15997 127 5084 28951 7242 26823 8338 37273 24972 36821 23473 36845 20363 4533 3702 7988 32996 12543 29709 15881 37424 21182 17408 2626 22162 1962 3055 4120 1032 11483 38682 22170 13244 26221 21870 25499 16415 27450 35727 9545 4128 15069 22897 17111 23743 7632 10018 36771 21405 11728 15930 6502 28566 3900 3980 30730 8717 36802 22702 31522 28161 10393 16806 11821 26557 28239
29204 11228 32744 8423 28410 26337 21311 22969 33766 6665 27458 29713 17597 13745 33798 29424 37840 13520 23325 23448 25006 26937 17443 15513 39976 3433 12622 38474 13160 37534 19569 32790 30488 17469 36278 12437 13759 30095 4808 23677 21026 34176 16520 27185 16817 28498 5975 21100 36204 8460 21555 28466 622 6863 37743 39069 1941 34293 6174 16492 21466 2376 20547 1943 18518 39507 11899 29561 24208 10152 16168 20491 6435 34125 3066 37796 2169 15558 36629 25919 38220 7647 8904 874 8229 21336 16106 14214 17385 18120 2571 17655 24362 20471 26109 29050 3859 25251 1330 8099 3005 18056 4991 34722 28994 25850 21503 7217 27261 7049 34678 24298 25045 32325 36432 17846 23442 4668 17368 30600 1626 17151 12598 18902 2377 18824 21693 21545 10390 9770 9256 26228 6110 1035 3156 9023 11355 36418 39090 27352 17141 27649 9951 19019 30476 897 28399 28532 28383 18507 8360 22549 26106 10573 13065 33683 16651 4273 18588 37193 22593 36327 29351 10992 8541 2545 30542 34917 24470 33461 23554 17800 27596 17345 39869 37690 18184 27684 34458 39252 19495 27863 32967 920 5971 27336 2867 15287 25254 2501 6488 13843 28231 26935 845 36141 19176 160 7682 33851
17239 6550 3227 10660 82 21457 27827 29548 11751 27640 778 5147 36138 4354 37297 3164 25595 4924 14488 31454 14133 15803 7294 33620 7299 26406 17374 9070 33592 1553 11845 25203 18609 22701 36825 7971 9197 26913 35998 17193 1854 26575 4406 32087 186 20621 14798 13109 11544 28121 6722 22205 15148 16345 31546 37014 2799 10488 3532 16779 38661 31815 34230 28684 5546 21449 4332 3805 9599 20458 16479 17767 33983 10054 11405 4672 23950 22330 23113 28734 30224 13481 10603 6417 25136 9512 17467 15832 38655 29125 11137 37934 12555 16966 26724 20552 10262 29846 23267 30396 28712 14270 20796 12693 22882 14487 38252 10909 6357 5168 27076 25557 21413 15666 26718 6179 22707 11808 31849 6553 2992 20373 24091 6686 16474 32571 3220 8882 20921 32415 37888 7026 21139 856 35368 27473 25080 7770 23240 7238 24413 4257 5028 36450 12718 29896 1333 26651 15357 20434 31806 2474 39512 5835 32436 39497 25046 17047 6142 23403 8849 2971 15548 27779 28128 34596 3467 30775 31949 20534 1445 24012 7527 28425 3885 5847 18643 22512 975 32710 4089 8440 38091 934 28472 9428 39043 33491 34329 24684 9151 9713 6823 25895 16949 37214 25396 14637 23176 4811
3680 34701 1974 14605 23364 16616 39228 29144 10151 23767 8152 14550 33135 27420 6341 38084 8142 5779 9010 19007 5200 9647 21342 278 27324 36504 23963 37076 35638 12831 19409 10001 14354 28275 7310 1190 2205 1594 12056 37071 12913 35143 18594 10065 18868 7748 54 27916 9388 19152 29865 36328 25415 3990 21945 3135 34141 18656 3881 17511 35803 37465 5188 18985 7202 39377 12769 7852 26280 19435 22621 36205 8962 3337 21119 16869 20930 34397 6088 5496 18571 34652 1780 24384 23314 17936 5482 26973 21656 27882 31448 37457 30428 5424 10078 27088 19339 21468 2368 23037 9809 3861 205 16598 2771 39153 8427 9339 19507 31064 30994 37638 24643 36166 39888 20940 37652 12309 31910 15776 33518 26036 35709 13491 7183 3620 32712 38894 33734 25424 37034 32459 21354 15122 27978 649 9045 7768 5265 12316 36384 28954 18097 1155 13241 33690 18836 33349 6634 21395 6163 305 11076 12605 36612 23723 4771 7113 27920 27954 24160 30316 35945 25430 29138 30410 21474 20865 8674 9074 21038 15256 12907 5380 5841 18680 39873 35411 27730 19937 18101 35080 22010 28584 19154 21620 11538 36936 29393 31618 25729 21169 15913 19830 9359 8255 11860 27951 7979 4956
36607 1344 15212 37695 32039 25041 17071 1481 32739 29772 5119 14715 37395 32000 24358 19856 16486 8537 33240 34127 11209 26858 28219 10554 14857 35579 14420 22216 9728 8521 32915 22753 29770 2964 7813 32374 33794 2665 3171 37263 23782 25008 12057 12499 7847 28579 10809 10802 25794 13829 13817 489 27971 25439 17990 22312 35634 13655 32950 4748 18136 13995 22705 5042 26115 23200 34540 26547 20381 32686 9950 26945 37194 15715 32507 36610 19222 21694 28300 24900 14112 19728 28002 6611 37148 9922 30155 13604 183 37363 38924 814 8116 39761 7084 34416 1583 33272 35206 14829 17865 35274 23903 6137 39518 30919 376 17081 14537 34780 7231 5665 38364 32392 21390 16922 39597 6219 26448 32243 27281 16125 36902 30411 2308 33335 32170 29623 16063 1796 362 25242 24672 4818 10777 3629 22667 26590 15404 4982 33800 10096 14402 33999 435 27494 20705 5647 30562 31565 26821 13384 24978 27141 38221 33037 13229 11823 33134 16262 14947 31861 27725 10712 27710 3735 15338 27479 33356 14140 36207 6828 30006 1465 6302 25938 13202 28920 12500 37368 19504 3075 22026 18076 26355 17953 8055 25738 7019 38774 7285 10210 6678 39256 32290 19194 34857 4478 25905 39387
28648 30426 25685 4274 18723 16085 21560 9108 37791 20938 37943 22602 37210 1502 36586 20176 22861 10747 7837 6154 27988 18903 1002 15200 30214 10093 16635 22952 19706 25627 2581 28382 10231 3647 14224 8103 35877 21527 28553 37524 32297 17530 23399 9092 18006 37819 18779 1863 4692 17896 4507 21299 16637 26855 23060 14167 20554 37631 28480 11065 20555 15787 7303 3553 32246 32761 11520 39621 22786 8390 26871 14033 16730 27369 18837 20014 4977 20620 10847 39198 33327 20479 18125 22115 33048 14689 1343 27188 24561 39802 37984 28334 18302 11197 18702 31237 29026 27607 32432 10145 10448 23155 3905 5821 12816 15798 21168 14048 5996 5842 18944 26993 34257 20717 8444 35518 15154 34171 5101 8712 5901 2382 6727 24226 24347 2614 19839 34637 37685 14966 19658 35083 21710 37866 29086 25589 14169 27585 7887 12103 22643 38639 10901 24312 15867 15959 34950 825 1112 6007 14422 26629 12154 5547 34483 26334 19898 4648 14699 19259 9939 15488 4226 30344 26222 21658 28976 16581 39941 26946 11925 1875 22527 32589 32508 26341 39579 25479 36334 1174 14822 15022 15781 20150 21686 25384 6460 35969 13695 8895 8975 13535 9983 1253 14526 22569 9207 5721 26112 9650
4198 2716 32945 762 16275 19475 12106 33459 39085 29022 21653 7313 22473 39337 11281 30676 4424 11769 35749 10783 13231 13643 32827 18128 11968 15618 1659 22412 23592 13866 16643 37842 28552 18107 30957 9156 8945 23078 8528 5122 8818 39963 32072 23016 36509 35760 1793 34048 24512 12409 4974 1161 20426 1163 6040 3703 13360 5075 7584 27915 32128 31253 9785 12041 2212 17003 12264 18269 28309 29970 17606 36705 22534 23379 11312 29585 5727 31975 28238 10897 16825 32961 8614 34923 22110 21040 10452 29975 26089 28420 13845 15048 16110 3548 12019 28189 36434 1374 27180 27195 26825 32335 2135 33622 8167 153 34872 5858 36013 18069 6185 18733 17763 13688 27709 37511 32398 29049 13704 37208 25001 34732 31563 33281 15953 4062 15179 25116 2605 17162 20691 14328 36988 7365 31306 26405 25575 38712 23447 24700 19727 5344 32256 19664 7166 29431 3562 1184 13517 38926 14261 25181 16912 29404 25639 13852 15324 36556 10790 22668 16226 25421 39058 31112 22336 2155 9033 12071 5954 37318 32202 36910 29046 26930 22073 14762 26472 25281 19947 5556 33190 36127 25644 12049 29499 18433 14909 36737 285 2095 548 3666 7273 31110 5584 21685 28200 3122 25349 33283
16006 12260 35504 24747 22289 10443 4023 8337 6045 38159 1942 38765 17596 39991 18322 35182 16891 477 13644 10565 8439 6121 25134 4767 24558 31533 3516 35522 21103 32092 24323 7882 19912 1060 21256 4865 21727 10756 1694 32579 36928 18080 16617 10797 33310 29617 38848 25849 31890 19332 7145 4734 24759 9855 23387 8184 21033 6750 11931 3801 38321 20489 1011 22151 227 12610 26034 38821 27037 17939 29267 34877 33894 10624 10436 35742 37186 89 1173 18073 35911 25178 5237 34537 1596 18819 12912 4706 4115 4797 24748 32554 9718 2233 31572 38602 13206 19655 12992 9377 35595 23960 35357 1201 3530 31736 796 30373 2705 22104 27196 10801 30480 29474 39271 32684 19260 2285 31398 28762 18570 30754 38114 33760 3201 5992 13011 35265 30939 13619 8591 37284 17457 36717 20289 32675 4253 34728 16668 3439 24333 18721 38069 891 30148 16046 26033 6899 23471 34816 22827 17620 32610 34031 36311 29809 18499 2871 31808 20003 31997 38679 20662 2775 19651 16321 16924 2781 13732 30295 35252 36897 18986 30333 14588 1995 9877 10350 13633 37394 4365 10446 29813 23077 34583 12820 36577 9281 7360 30649 17482 38276 9783 29259 39960 1653 14151 4084 35535 34133
13023 21005 4727 17991 8198 2646 23863 16136 10799 4871 6487 21536 2739 12672 31626 22950 28142 23049 34435 12196 31589 37266 1573 31027 21873 27540 33288 34557 5745 16050 14436 449 708 23123 9131 5285 34642 1249 5888 24457 36326 24668 18224 12621 8751 18847 32068 10878 5377 3353 13067 21330 34824 20496 30310 35906 425 25420 4857 37742 26969 16828 30221 16704 35451 21638 36525 28911 13050 29611 36312 15223 2143 25364 18996 18192 8749 37370 20079 7601 14115 24967 34604 8358 25690 32112 29278 2866 38607 14597 17357 35058 30278 33477 29421 22887 27343 22509 7890 23359 14565 12788 895 8084 11640 14274 10476 5234 3115 38914 2189 5813 29161 17188 25163 16672 29018 1631 11230 10592 26227 1347 34777 25565 26760 22566 21719 20629 32037 3658 33345 5019 4275 30261 37426 27708 38377 3614 16269 1956 2586 23794 13001 15904 35719 434 8122 14958 26391 14944 1245 24388 17955 39628 35855 21186 8242 15724 21773 37536 27838 36958 18286 10871 1706 32417 18661 17951 39754 37937 19170 34210 4222 27476 9142 4303 26803 39240 31860 5862 1513 39152 3469 4940 16634 25000 33162 19461 6240 27106 8244 15946 30078 17398 8488 24665 26553 32623 10620 38949
33036 20075 24530 23199 6074 20022 9337 2889 6557 7704 27912 4334 21275 39887 12779 4676 16318 12602 39275 22243 8873 1432 29345 37339 19174 24626 31066 32593 24585 31737 33888 198 25332 15642 22434 18043 7782 21734 23564 11278 22261 18603 37138 10280 32347 20847 22221 16233 8512 28395 25631 21500 32189 3162 18441 18813 25550 24855 7176 10438 6299 38429 18922 19446 37046 11144 17365 22847 32806 15502 25368 19556 11047 30584 21149 14477 32813 31948 39339 26546 19982 22703 3727 14393 5267 11190 20615 32490 22043 30597 357 39787 23944 13294 38414 4438 39219 18500 4185 38317 8365 6381 18831 32096 18194 23274 23525 9543 4515 13615 31827 33245 16664 1763 7293 32964 27229 16678 26545 39344 16977 26567 22908 30203 23705 17401 37822 11397 32467 9683 6126 13864 31871 28914 25419 35285 34829 29186 18865 14006 11552 1202 39373 2043 27761 4556 9104 4895 34410 27968 22682 26592 37780 33428 1105 33479 7947 14755 3689 28950 23260 3490 11200 10014 33260 27698 25555 19832 35223 27063 18067 9897 23029 20649 5773 12645 12353 2306 30566 27350 8546 7078 17873 14529 2457 14514 33031 37333 19549 31055 26134 1764 21140 10358 11155 11091 5961 8902 16128 35893
26877 32812 20704 26128 2711 29309 37987 9517 21088 22742 33199 24165 15214 23553 34526 19724 2254 14239 698 23711 8279 11584 12559 12162 23193 17204 38286 26551 3718 39698 24292 8473 35591 10759 32051 35736 12425 2051 14885 5785 39104 30063 13929 22968 24342 8193 16913 32652 34057 8692 20697 7523 9099 9735 29919 30679 26289 406 35414 24239 23103 38862 30162 32723 25057 12937 17588 23197 3842 7815 25410 2847 20892 27721 8471 17409 5541 12367 14469 5275 35821 37741 26901 12109 36159 24461 19926 14278 37508 22195 7182 19255 22962 36929 25519 7323 2502 5756 9514 17160 9964 18221 3908 21274 26702 18470 36144 8788 20932 34211 39465 39164 10354 27322 21254 36882 38464 19106 9750 19674 7189 24852 32361 25105 12884 29157 15901 4926 13647 14633 35474 23385 32747 21838 11222 30376 39493 22772 24070 36466 9615 7192 5111 22478 17758 13902 33064 29407 12897 34030 29848 15109 29743 7705 33956 29383 32897 445 1925 20877 31411 15651 19445 35064 17302 39239 27374 39730 21021 16049 21118 6692 4569 33543 17827 24991 17254 29620 9794 20537 30979 17982 31240 1214 24686 25003 17267 28816 29965 6702 12387 37243 20169 4883 7208 32084 3803 36643 15025 16042
14628 27541 38860 26055 30537 23559 13268 18165 35809 8 14181 14119 15627 1918 37559 2997 37054 15635 27385 16447 14810 17879 8061 27038 219 27578 28494 2937 9463 10451 1849 20487 37386 516 5140 20797 35079 1811 15282 14651 11041 8721 7695 4796 19802 10530 24423 19014 29358 8792 34521 1836 2645 20907 10615 23667 33338 31559 31143 10509 32199 12568 28597 14632 30911 4869 19693 36916 34033 24631 28689 17783 37570 10207 33230 4690 18392 15662 22677 15675 35641 23286 23898 16 27384 10063 39633 797 18016 29160 36760 18457 19581 37726 39367 25653 11273 28208 30820 18144 17438 3303 4770 7148 9522 14505 6245 37673 37039 31174 14433 15096 24939 18893 223 34195 19144 27008 25945 7843 5110 13740 27137 34359 4571 35576 22307 28630 8186 39023 10408 27528 19234 34187 23066 33919 32302 29710 8188 7736 9578 7816 31215 529 18626 2985 31547 35606 2776 20321 1905 6547 27028 17571 33111 6441 28222 479 3602 13897 3938 36273 17271 25960 15587 18474 4872 38297 12647 8977 3843 34963 31833 25654 17012 5923 37845 28372 4052 4097 37047 38804 39531 35170 39191 33699 32338 22936 4576 27273 33456 32414 28290 24447 13818 32222 4581 17314 16412 28295
11877 13982 14626 37959 38471 35908 36592 25954 22376 28477 6301 24997 5513 16017 25232 17872 30693 23848 19285 17406 21879 38517 39924 18782 12379 20219 9541 34922 35661 39714 36905 22380 2769 30690 11541 31562 11912 6885 19604 437 14308 11139 30378 38800 4158 21159 18166 16470 32328 23946 475 24918 38366 30024 30012 5788 27246 13783 35737 18432 21198 12845 628 24346 27362 17629 1748 2690 26153 12974 35758 14869 34452 3480 5530 34934 31875 18800 1417 9326 23724 7692 35869 19125 38240 20324 2754 22723 18860 18085 1269 33430 30446 27853 22902 36161 32702 30292 31213 4134 9269 26824 1946 14951 28744 28215 21434 29230 836 26202 19229 2752 8324 12843 30483 33042 27387 14370 23170 34758 38371 34151 28461 20400 28176 18389 12189 20830 17654 23931 37672 34275 35955 901 23647 27877 22074 2503 9200 11978 6628 29116 32828 23589 11304 22059 13846 32697 22958 33685 18406 9241 26436 7377 24026 11165 2375 33898 35569 20888 7993 14590 21974 784 1873 22920 15099 32053 16225 7125 965 25459 16850 39617 27124 3003 25808 35230 24729 12012 19562 8369 34283 20849 24863 4526 4072 17217 27014 4351 30560 669 5576 5717 33249 13959 32362 11367 19012 531
22051 2322 2926 36824 3206 10976 15786 13128 11225 13523 5626 19212 25390 37886 664 17427 29439 8357 11423 12888 2342 20925 17727 23679 38535 31635 17078 27658 23727 22329 23555 16661 21117 13006 39070 6776 8610 15924 37815 16514 8647 27207 4378 39933 9419 28558 7622 38106 6705 37665 10896 38522 18372 6908 23910 19940 14395 33636 39545 2905 15133 13430 20622 28770 7807 28 37338 38620 28881 7167 15936 5427 21544 14024 9621 25455 8972 31659 21956 32756 13021 38961 16810 32819 6571 11887 1474 10494 27964 35682 7984 27722 7022 18830 16837 5555 10218 31774 4599 21726 9395 38727 19710 34110 13441 26281 36564 12858 32608 17452 1143 12656 4787 15430 22664 36590 31817 11893 36497 4297 23420 1106 39591 22276 15312 3618 27266 841 35612 6218 33657 21487 32753 15307 35124 24373 24478 34762 25106 35659 8081 27224 5781 1268 22597 37998 36976 25668 29679 38719 12851 22738 418 18526 6861 17173 10705 16266 20977 16821 38442 32504 29760 6147 11247 18083 11320 7037 11388 21844 5681 27029 24418 31459 19492 15503 17510 12385 38495 32040 37995 2842 33291 27993 25996 35475 4928 488 23865 19119 18538 14314 12561 19799 2471 13657 17830 7730 14629 38158
4721 2272 32031 39095 22904 37666 37809 23283 854 5632 38506 12664 4300 24569 15713 15518 19089 3314 16656 25145 28729 20580 8300 29360 15605 24877 20126 36248 24460 16290 14465 22472 35163 23489 1510 10053 35657 39500 39920 15544 1552 37268 20329 6420 16564 2980 7938 24066 20866 14032 3473 5262 32255 19397 17433 28319 34664 28511 35833 29296 28671 30427 39411 37676 32642 10993 32138 23699 4223 30197 36021 37523 20820 26004 27552 35373 10724 29416 4252 14334 32656 27059 25669 21432 5159 37080 23572 13622 10587 14846 16786 11285 12321 355 28761 14643 26578 27940 9211 8452 23764 11120 27513 7746 38922 27781 22363 9755 33159 7830 37885 29509 18666 27027 39235 21438 9987 37429 10710 3793 32519 30714 18805 18621 21776 12700 28056 25780 28612 2394 22032 6310 29137 36337 4047 3507 20195 12959 30942 5071 31675 1835 10177 15205 26196 16508 37048 6366 24851 33950 38690 10708 16173 8863 23204 2617 10661 33628 16254 8942 12539 37982 13116 10552 36275 27599 9078 24774 12847 18273 36156 23068 36836 30394 34304 36648 36558 18283 31002 38466 3097 199 20016 13907 3404 15633 31995 15072 28082 4552 13238 14569 15419 11695 33318 3136 35404 10059 31331 35822
30391 6115 17343 31674 22710 6467 13055 11488 31942 9572 15393 11266 35278 6515 12502 18287 18784 17845 7519 27488 1753 10324 6419 27661 25971 36354 13549 8516 24161 10829 16163 30811 11841 14109 39688 9769 11909 20578 19276 19723 10058 12546 13773 30786 19342 18676 5078 5040 8045 2380 22815 8780 31192 17420 2911 33882 18899 38334 6761 29769 28325 8832 29101 1636 2949 9646 17796 30702 21382 20762 21644 18019 16609 14116 9706 12916 34472 35162 5967 34980 7929 39255 14508 29542 32130 30001 31517 15228 35394 12571 19393 12625 19196 29016 5742 28232 9721 7538 17019 30739 38066 22492 36017 9178 4318 819 9119 16319 25463 31854 3776 5345 12153 9700 4927 23268 13101 35961 7928 16695 9841 34067 39257 33528 39572 27033 9443 22617 21782 37646 37590 11880 32216 20419 30442 5820 13559 12722 4604 11412 28009 22152 34843 1688 33603 32870 12971 6081 23179 3841 29979 9336 17412 13768 31643 38746 7468 24829 8756 5225 17812 37385 38147 13857 31673 21305 32333 27819 33191 17583 31366 39624 38473 23507 30243 12531 18563 4667 31302 39571 34941 21679 8651 36998 1203 12432 4608 14945 4095 15849 17660 37209 28965 17919 25688 446 19586 16035 21123 33716
10467 34590 8833 9936 37763 12225 5494 207 2243 35686 33821 3006 36489 24317 5436 17697 31650 38494 35553 27714 23625 3605 28782 7027 34671 9757 19303 28471 25874 34611 9246 3504 27426 25210 18229 8688 37528 21569 23650 36233 17647 30362 30140 15261 27260 3411 10150 23178 37255 27733 9715 8704 1438 10922 23915 28026 27527 24311 18380 11658 32537 32466 12976 26199 26428 24928 36391 7709 14831 26882 17668 11315 17205 28917 39653 15933 26356 36588 36516 6826 4755 11708 23041 18595 19687 4401 14007 9410 9797 6308 11512 16871 1533 31155 1749 9969 2509 29496 20984 29094 3374 6168 29536 14941 31761 14281 766 17425 26970 709 24807 35769 20026 39215 15926 5153 28272 19911 1754 9690 6423 17915 16970 36656 11053 18734 17518 14057 4059 30213 12378 28132 28790 4998 1567 9319 11479 21654 20822 13275 26062 24508 34648 120 32118 31020 34750 21268 22203 25750 35593 10233 23523 8949 31733 37158 35461 3343 31932 3750 713 34029 21897 11351 13296 39015 20601 18796 24304 7726 13269 24156 29879 6736 1805 15855 36680 22603 6831 13135 14263 13117 29562 33829 14216 36064 39444 8296 10602 18359 15962 23875 22971 14200 35488 26347 12214 21298 2561 1617
236 6339 27575 3928 29061 2970 610 31742 327 24589 21310 4065 35454 18994 39333 11639 921 22060 14141 32425 15948 7020 26707 23304 35056 24998 39666 24960 15164 17658 11572 32501 21862 10852 7699 17602 29555 33132 6067 22504 16188 27042 38835 32198 27544 30357 9946 28428 37301 16834 15280 33351 16978 16518 13396 3300 26822 33059 38917 37170 1234 22321 6935 32288 25002 37229 1681 1982 71 13013 34486 19891 19673 36390 3992 20818 7017 27193 27089 12075 5211 3988 32546 29362 16068 4404 4713 6917 26299 24020 18084 38356 17505 3077 33843 16998 30238 613 10316 33849 33768 33222 26894 23459 790 23591 9838 8322 39166 31505 6334 2556 35364 13838 33746 14772 16631 24766 17026 10680 984 16191 3154 31613 19526 10882 2327 25645 6044 11901 27353 28733 38795 13526 35539 30970 8841 30466 35592 1080 33921 21345 3310 6746 39471 12010 25341 4325 7615 4251 3465 9227 14401 19691 33663 12640 9893 36501 21723 1079 8797 27740 22625 14189 10695 32708 33373 8683 36757 33547 20319 13848 33494 39189 34539 4085 19844 10483 28759 12007 28791 22551 9788 35335 22862 11162 13557 9009 19113 371 22277 13412 12435 29534 39595 39406 37413 36623 28286 31876
17306 19054 20860 25030 19191 14746 136 38047 24581 9553 4819 24608 37825 9933 9710 39561 35770 1971 4444 8402 24096 38454 12782 29601 7274 6286 12365 1457 29718 9049 14980 14950 29459 21027 310 20583 15842 24892 8612 24212 14996 21323 20790 15898 25528 18092 3426 22503 36439 3172 22118 17285 12391 11443 3695 20371 5871 1627 33049 2150 37225 22466 8649 34608 32874 5379 28114 15330 4443 3967 14892 14542 39002 20955 23916 29315 11508 30482 9574 37050 28551 22241 28988 3816 20466 22459 13737 5066 18527 13246 33128 31916 38558 18243 5073 30034 2729 12028 38300 33761 38017 4508 2328 26309 38528 23163 53 28627 8994 25917 3241 31126 24265 5011 36409 35835 21866 13368 33144 36218 35701 19159 38459 29946 39496 2783 6668 7193 2201 39748 37242 9036 30491 1770 28415 38735 19060 32647 742 15068 21433 22535 21980 13245 32521 18492 29664 30150 39342 7339 18605 32577 9944 35538 35629 28936 21373 3069 10166 20887 4514 37905 909 20787 2136 28827 502 37724 26168 12160 38082 4101 33234 39245 13303 3585 4578 36203 19546 765 527 30643 11244 29951 16674 24794 2077 3809 39724 17835 29184 13706 19778 14533 977 23776 33909 27686 16431 39843
32785 8317 9408 33537 32471 33701 7200 5880 12803 26150 3457 4259 8310 18736 39224 36546 8659 16249 15427 18977 37584 14558 8634 21621 37731 19279 24334 38674 15423 15170 37954 27484 19875 4244 27737 38511 1719 8869 13980 156 26216 28658 38306 24154 36025 3692 3670 20035 26983 39432 505 21514 9490 27873 21695 32776 39356 12830 10253 16968 25626 34547 29339 11786 8660 23645 21911 31749 16812 39370 3701 29236 11302 1091 2021 32980 2124 31114 37594 38640 34222 29106 14809 27935 31971 19590 13951 5772 30029 12671 36195 25551 25717 24021 38085 11960 4010 11684 21747 31268 4830 18785 32008 25962 10410 29684 32384 39292 6566 33990 28696 11300 4421 25625 16184 4420 22163 2402 28050 18234 5670 21800 14986 9695 8319 25608 21523 2104 31645 37335 23985 3405 5209 20589 1286 14098 18760 20042 38131 29563 2472 28758 32584 27489 5586 11894 25240 22136 4490 37330 12240 4521 30190 19719 26950 34292 13353 18599 17981 26713 12966 10161 47 21539 38430 34591 1888 23542 17157 22577 24442 10765 8552 13927 37999 29308 23998 12740 23526 7048 11706 9361 31495 36154 32055 18822 21642 28137 13299 530 17589 2257 35830 28711 18630 27419 3072 28547 6189 32740
14035 32489 2041 4201 17280 1178 9612 30419 3352 2280 19863 19253 36074 23137 24391 14625 37931 11040 28120 15058 15166 25940 31130 17617 18646 29057 25436 4726 16407 18627 38423 23857 37790 7779 18825 20100 39022 12572 24834 28518 14053 29747 19914 19578 41 12032 37065 28130 21031 10631 31095 24270 26266 33414 17506 34022 2068 14425 32162 26509 2312 8466 5294 6015 36652 39891 16109 19173 16838 22048 39893 35514 4665 33446 21326 8535 29385 18248 17088 8976 29131 28037 33618 23938 15956 10397 9618 31968 4342 5408 1707 22176 34682 38616 35924 14326 22405 5290 28905 17503 28571 26736 24662 9795 5824 10178 2030 5425 216 31382 19298 2170 952 22831 7159 39567 10170 22229 37094 32295 22143 34601 34916 21707 6098 865 438 24168 9006 3275 12639 36834 14862 18894 27154 39874 19957 18529 16418 38763 15272 29774 18146 24097 12120 21894 24107 4522 35673 18636 7694 786 33231 18103 20669 33316 28426 9916 3328 17534 34924 14155 27125 12405 27039 1998 15239 24000 1104 11849 12519 11291 20986 10339 19245 20351 1852 33997 26674 25247 8348 13534 4911 35863 8613 28647 29249 34354 7087 24476 16805 33535 7356 13705 36393 15928 26323 22196 11226 21381
32322 20050 30750 25914 1927 11270 14716 7733 33877 24736 18477 18370 35543 8924 10279 15883 23384 26908 6270 6042 9666 10094 39446 33554 900 13468 36527 38470 17110 8143 26288 20529 4996 759 28907 31738 36790 21864 20804 25377 30538 5986 7325 37549 29349 3687 3753 6537 1709 20656 37715 26980 4902 9993 18338 10503 11359 5074 18548 35115 2856 21909 3796 33615 32011 32365 19623 7446 34088 7747 36323 17103 15125 200 23568 13875 21396 15686 22335 7951 12104 10185 33711 31383 35558 33857 37399 13262 12185 9589 39174 1542 317 22425 1867 19224 9674 3910 33457 27454 39860 30748 25164 18838 32817 17446 31721 17970 32177 23222 39303 29668 26146 15460 23892 27699 12846 15317 17866 31663 3999 25617 720 10082 13824 25770 37443 8529 26967 20054 29963 27378 29680 163 10237 33840 32786 30298 799 2893 35122 33655 30987 9764 20884 25745 21473 36881 28315 11896 17670 34558 23509 23288 14125 402 1973 39564 35435 20528 21640 25207 29134 1802 27480 4033 11219 19936 39332 19896 39182 34055 7483 30734 22173 38671 36297 24067 13335 23590 36982 29457 23266 2557 8642 26527 30200 32207 38816 5710 19958 931 38492 23272 34394 79 37257 9138 15670 34778
33056 34428 32989 25941 3317 35526 34357 3048 5306 29744 38489 33696 8955 5208 20129 1172 18141 26061 12915 18678 36560 16427 32814 17390 33951 14225 37621 3059 21465 30498 23381 18913 29488 27900 26818 28577 36349 2948 25306 24541 15349 11807 31787 35234 28835 33332 25167 1274 308 9820 7278 21179 3795 20962 22200 33033 38689 4839 25585 6197 14790 28885 5048 11797 1456 1133 9067 22348 18516 2397 39895 30839 9705 31053 8004 37215 20101 9445 34356 27 5108 15015 38493 4917 11969 25307 11848 12191 29141 32795 13234 3635 7354 26571 36835 28825 10863 39027 39071 23990 32586 11094 30007 29402 26791 37710 1186 11591 32228 19447 22258 18278 9285 23434 34470 8462 20313 38340 37341 36388 30591 11255 34972 10493 19553 21153 6838 39601 3363 14534 34258 32217 11895 28900 24378 36892 35648 5804 26514 1612 32341 18582 5517 34253 36735 37798 33586 38851 3961 23991 16325 8658 23414 24891 29066 30064 16118 26830 14939 31864 4389 16523 12512 39035 13053 12089 36366 39134 3272 28398 27468 7270 13382 12434 29272 25148 20106 34660 8672 29939 26633 26522 31032 18481 31902 28134 14796 18540 6344 35564 612 32258 7146 21762 16465 16572 29029 25297 32143 3958
11741 14712 21253 30760 38643 6092 234 28489 18586 11036 26852 38391 3907 13544 8010 12949 35214 12460 3968 30889 37950 32738 33409 39990 23733 19239 16846 16099 3811 11027 17297 2284 24209 26164 25779 29734 12443 29829 24286 38975 11580 8201 8885 13564 20725 10758 31527 25374 13503 14046 9592 30516 9320 25606 21916 20031 15374 27407 32953 23788 1874 795 4965 23804 12326 25248 30817 5151 6995 21340 39408 18803 32272 24440 12669 4057 35866 23144 565 16535 10879 21763 31179 34052 19762 9873 35847 4148 15882 10075 1535 39900 34565 14075 28158 20680 10486 14581 17681 7024 35487 22542 4341 9901 34476 9782 22581 1410 30926 36139 4416 24448 13691 30265 27574 38379 37432 34575 33464 31408 30617 6290 21170 37564 18780 11970 27259 15750 25383 794 38258 38540 10258 14042 35113 13349 2604 6562 36669 35802 519 32855 14120 36766 19498 33002 12952 407 6546 19204 3192 18041 38699 27170 1016 20531 37086 26532 28906 19407 16892 17277 34018 33875 1589 37006 35952 8237 22249 3338 30798 8669 34741 31390 3521 33819 17520 30356 23139 18556 39353 9430 2610 15749 27746 9679 5732 3096 12936 3258 23142 4433 25508 20405 7266 937 25268 23479 29270 37298
6567 7656 15292 35482 1366 31077 19134 36852 30765 2660 30992 18309 14701 12064 673 25292 13963 7963 12757 15310 30348 18142 8379 8800 34982 25279 26390 37935 32141 17325 39685 26244 1236 1980 34670 9404 27048 27726 1241 21242 26750 26154 14751 12978 37030 37875 22003 21930 10725 38892 793 7941 2131 32626 37388 19997 24046 10017 31639 7800 26610 24858 30858 23413 29378 21277 11873 38499 9516 12074 16375 3073 19561 25629 22996 22661 35459 38566 33600 15794 20588 238 33377 12649 16284 23262 1247 17666 24894 14242 29801 5490 24714 36030 2037 20063 8011 17772 19721 20049 8105 16045 13239 28544 7118 36830 24299 38160 18050 20059 24185 35805 11712 16477 24256 13312 16376 31113 23218 23816 30716 36701 39605 12759 7975 1742 19244 29863 22455 15564 6680 24617 28784 18472 3196 12604 27249 25300 3137 3678 29740 395 7989 7261 34124 11282 2573 6267 5134 34500 35315 10076 33346 4851 20904 25768 14371 646 10791 5388 7497 12250 13092 21565 22058 8071 31611 7857 29366 12069 24449 29068 678 39244 11777 31199 11724 10946 35415 17180 4988 22378 35541 24032 19018 28210 18919 39384 8738 14642 23102 23846 22872 9461 38681 22242 31552 6744 14612 299
24660 32434 5617 6338 34711 21185 34542 22117 6739 28639 37762 20015 31915 27192 35314 25755 25059 5609 617 23309 15961 10477 4967 33672 5611 13018 2848 15267 10196 34459 35243 1546 39586 26606 34118 7939 25435 16758 28972 24910 35422 22785 32733 2274 21237 31687 8861 22555 22153 36429 5693 10404 37948 5449 28369 28876 39119 15611 13145 19248 5069 35753 27836 27619 26250 32438 31230 15373 39807 38582 26743 5125 9263 11701 38772 30383 3181 37507 1157 35225 15415 2576 1025 16178 15535 4069 23086 38546 35136 27679 35721 33653 31443 33357 17831 23976 16428 21435 8066 39424 23320 4894 13763 10460 24454 6996 8709 27127 352 23836 32013 25924 25482 19069 1019 8356 23502 19966 22948 34327 22013 27691 37082 6348 11449 32454 6810 1297 14999 21875 21596 13787 29297 33077 340 18502 22778 5009 2511 33948 15353 24898 6797 22142 18025 2215 36112 1937 33133 21232 10619 7845 22377 64 3475 10515 26041 3527 38704 31727 39612 27857 32475 26135 25885 36472 15660 20236 878 13579 34393 7900 26145 16306 22514 10050 36293 254 29280 23141 9346 25683 29075 17116 32844 15864 23608 25829 24922 2439 23808 15038 11781 4802 2241 10697 3234 28664 29904 31531
5843 27879 23070 29634 16296 34323 14896 24849 5958 3293 4264 23254 8111 31719 18616 13387 1675 18331 7539 8987 18013 19508 16804 14443 16567 2839 22998 25437 28930 11990 34707 2192 23501 17022 11550 29729 17453 15487 20470 543 21257 10720 32468 27165 6034 34245 25543 39233 39419 11832 31568 15455 22518 31962 651 415 26006 6950 19051 23845 37123 38500 33610 11249 1329 27842 8187 31227 37112 14903 33710 11856 7271 19221 11418 13209 34871 8037 28916 18999 25742 8370 16454 34647 4080 6803 31044 39064 17696 7773 12359 26696 7254 34534 6263 5259 7908 37684 2689 35121 31288 14808 7 5895 14015 36943 29076 33955 39448 32440 16551 14128 29806 32019 32225 5481 18435 23626 39459 34353 35512 35310 16113 5962 13220 8519 14908 35882 596 3936 13856 39007 32784 1578 19612 24123 25534 31173 1368 12998 15629 13784 12386 23235 12690 5628 14318 25198 23416 8076 10423 33838 21668 19587 92 38126 26745 4036 21008 3409 21114 20115 37156 34372 10752 30057 22076 30288 30700 25818 31934 33051 28503 29652 9305 3291 11115 13048 14696 8160 12127 17015 35117 14521 8028 4936 21889 10608 31487 37756 30877 36261 20707 23609 8588 12566 25811 3971 34947 15560
8260 379 28287 36345 8716 6075 16943 18325 38502 26414 14256 17056 602 2697 25579 26755 17099 24153 12149 1586 36937 7320 23108 29701 31566 21743 28996 3125 23231 9303 32907 16588 22917 2555 24612 29394 16192 577 11670 25601 34014 16883 26742 16620 30179 12486 32152 808 20605 7499 16436 39049 11745 2498 39312 9561 18158 38874 24957 33004 22833 3455 38525 23755 35902 14750 7869 25189 11715 20099 34913 17396 33050 32743 31653 34405 33928 23557 24667 23092 29010 25494 36774 33410 5017 16568 28431 35432 19052 37323 3520 4321 34498 36626 11826 13962 6241 20507 10027 13613 9180 12277 24467 469 20235 7524 23696 26849 38612 7197 35383 5920 11124 8966 31499 10325 30801 7832 25174 38691 10962 25536 21856 10669 11415 15763 6880 14495 34730 19002 15873 26051 31988 11370 12766 34793 31541 11729 25491 10238 2259 22755 67 24566 28151 26439 37567 27825 38508 29020 16005 3508 749 737 5949 7913 38929 25993 38568 23762 12550 4914 30686 12055 26958 25029 27269 6962 9441 38075 2861 22777 3698 19611 28081 12394 11920 2252 24383 3283 13029 1969 21593 20168 5594 15593 5475 30913 32209 34191 24146 35524 13354 12661 27580 29888 31381 9837 27958 19521
11616 8487 15408 24506 22365 6639 22396 10762 30065 39665 12076 18246 1736 25447 13394 39105 5673 32316 8877 31839 3835 16274 25635 10312 32269 30940 33120 24623 27927 19808 6122 36028 19748 25184 3576 39347 28160 18403 20724 31725 16722 397 11121 11002 23490 21831 29899 1222 22461 26834 25481 2082 22137 30668 2916 38556 30456 31432 39847 31812 2718 33886 7130 26470 35967 13397 8290 9988 17316 36485 32596 23532 20477 35734 4384 35633 8510 38547 34396 6056 5401 33223 24017 33771 624 7415 18281 1908 35027 27078 11770 14276 37058 32539 7215 19048 20286 33568 2647 13940 7452 23023 20606 20093 11772 30273 14858 28752 13890 12220 22966 39636 19919 31969 947 31545 24648 7591 25334 29162 37827 15151 22946 20826 14249 1444 24410 1685 3233 21287 37770 24986 3236 21209 21316 30520 21225 15821 20809 2234 13112 17820 20575 27402 10396 28123 32811 25531 11891 20782 27293 10288 10827 12053 38093 19924 1390 14724 6843 34491 9075 5158 5435 20577 24320 28388 28543 27462 1716 6595 37802 3421 25031 30317 549 39738 15869 38189 7180 7119 15783 29054 1726 32617 30857 16456 9761 20156 18315 13177 18653 11386 27075 34910 27239 21019 23160 14995 28353 2725
38024 3870 33062 26907 24809 30879 33946 6569 10899 37060 36549 1009 38532 30978 17610 23981 17922 33674 17888 15061 27328 29381 5289 26866 37548 16976 31171 25934 9537 30056 26122 33639 27310 22135 24562 12777 15410 511 11032 8707 8203 6951 11472 3814 33915 14598 27529 9235 29368 35590 15392 19517 6510 3987 4531 17066 34041 37661 15834 14142 31735 35344 32931 15477 39438 34193 16554 33275 15972 25513 30365 31752 31218 31007 15102 32245 11535 21393 15016 3362 32344 35259 13120 39704 17321 436 31274 19459 8040 39592 31146 9889 26088 16283 8555 11988 39778 24019 6216 17013 21397 30532 17458 25209 31357 34427 7406 3529 23791 18424 30796 36140 4316 23138 5892 12475 24466 51 19624 31526 31777 37406 15723 34685 32071 3955 6812 27147 36236 27319 11223 12155 14084 22148 34696 26891 30345 36838 19368 17615 33313 30300 37073 26351 6552 31117 14230 2677 17029 6213 3224 6281 32145 29947 14296 27595 21651 3509 34613 18078 1861 18820 31754 23097 17860 1285 26284 30309 839 9364 9483 13203 37222 28765 39479 24504 26368 1779 29736 22704 7327 32715 38645 13478 4743 12170 2073 35082 33871 7598 2427 20061 18088 22951 23044 13923 39456 8664 9487 25782
27653 25759 36924 12595 8450 6718 32933 39676 5760 12536 12599 8997 38166 12190 25058 27227 33367 17568 3427 32505 35904 16803 1367 15990 30980 27123 27380 8299 34213 37890 6956 606 19103 25673 20152 34585 24014 9475 9252 827 5343 18479 36719 29513 24876 30028 23188 24514 35999 36456 21975 16253 24687 30541 37036 39775 1443 32566 30513 12682 17016 29810 37355 34430 33178 22061 23224 12086 15241 9997 30704 29650 31435 37074 15841 1614 20949 4328 7528 8973 26709 38896 4554 25084 38592 14014 10008 10570 9137 1350 3734 31305 28416 31473 3707 25807 15444 38265 768 8711 37572 16229 2528 33780 6517 33988 37973 2521 32791 30164 37376 9122 32985 1862 28877 29873 3063 17086 9880 21066 22633 36787 14147 38178 18871 25050 7834 4320 17742 16081 21425 39637 1975 12226 735 36700 22679 20858 20842 2304 15362 32248 26737 1077 28064 5231 10473 22892 9413 1491 28464 16279 14143 3399 2579 28573 15801 27217 36377 28010 3068 17723 10195 30741 32895 21383 5937 20202 30687 30305 36960 14322 12059 231 25488 31277 29045 28842 632 38709 24945 34800 8916 11888 26831 11878 34122 10980 2117 6193 33947 1454 24040 4102 1814 10782 12381 24845 24947 20205
2430 14839 38367 30167 14157 38885 7412 20567 33080 6957 24424 658 38440 36321 9329 31151 10091 18328 24224 22191 39323 36411 18772 12692 38100 16357 15760 5966 11837 10037 36621 6190 34905 20508 8684 25510 32388 29003 8241 39477 13380 29890 8395 3127 24137 39538 1197 39263 30694 32109 23276 34550 34387 20298 19070 30401 30486 1251 35917 27365 12000 37232 20642 34294 14061 21210 25451 28259 18340 5751 16466 31205 23124 8805 10981 31376 26489 37642 32482 5440 34996 35678 34225 35791 37767 33953 9669 23624 33945 38040 16358 31221 23322 1527 35312 2583 34638 14587 25505 33147 34265 1379 24415 35217 18523 38916 26016 12758 12480 27871 8654 1651 2814 9177 14008 17363 35587 19550 28555 28756 24888 1119 35066 5323 3858 31054 25547 9678 15434 33797 9093 19667 10362 32879 27931 35857 14983 33549 31698 16312 35073 36065 8826 178 21822 30685 19467 37904 21793 38192 18336 17850 3158 14707 10003 7659 32369 4775 5207 3024 34070 13115 16064 38868 4970 2225 19235 10139 15424 2923 21623 18657 30954 27226 8855 11377 35386 948 9325 15059 23329 36753 832 39365 26561 21895 23391 16244 2213 24973 19928 17388 29971 34993 509 32805 16391 31069 14549 10376
29832 11178 12930 34850 13047 38436 33981 8245 20836 23825 7089 5167 38931 2499 29367 35585 4026 39554 547 2174 5160 13749 570 20142 10866 19818 14749 620 6498 12204 5846 20251 10948 1955 34276 25460 2907 34367 21950 30337 22930 21023 24465 27704 36828 18981 18444 30119 11771 1207 37056 7884 27191 37135 34006 3922 32998 26596 37882 8294 33694 6415 27772 18494 11409 27126 27911 27460 19980 39079 27231 7080 23805 17690 14955 31592 35408 464 24770 30152 24495 7796 30733 44 19390 10342 23217 33872 27036 1713 6734 16338 26795 10540 32394 8206 35881 36266 23693 28433 10537 10005 33523 25053 8495 39683 26512 12756 10642 10184 21115 26769 32499 9904 35379 33824 35832 35137 13063 1085 17547 34076 5433 28708 36004 32122 193 24429 17980 11039 38932 12652 34013 39611 24713 3094 19477 1335 4955 38536 30763 4942 16855 18652 38005 35925 13143 16512 17734 6640 19659 149 39108 39642 21092 28550 22683 9253 35722 22726 4580 18339 30497 23556 2469 9738 19201 25728 37555 12393 2297 38463 29665 5761 34023 11158 32140 32407 34882 2403 31515 25837 26495 18566 13350 15369 30349 11886 22467 19330 14502 36632 2070 37838 2109 4479 6916 13058 37119 39338
3143 5034 14888 19536 22219 12487 11426 2330 14991 15057 21717 11962 5369 15663 830 27035 1232 10450 18039 862 14333 33175 4654 13295 25061 27591 32850 1501 23844 13640 2261 34214 19876 23061 10015 29088 18729 32673 2961 38447 3644 9776 958 31634 13616 8514 8204 1211 19829 15240 23642 25734 30933 11551 25304 32208 12251 4448 6850 26502 39178 27980 34760 39923 2056 11254 27687 3216 21958 26597 5941 3333 11145 4541 5577 35028 14674 12481 22080 8965 35610 9477 15177 3294 26431 3729 21002 58 6512 20768 22214 24516 27706 3311 24818 21189 13542 31224 6579 33195 16346 39713 23838 17185 22049 29196 32343 1640 29753 16860 1399 18105 30495 21704 33284 25884 27153 12132 21574 24609 6448 31709 15656 17310 32986 34262 21047 7821 12767 36486 10745 27130 695 39627 7428 33952 26183 1467 14656 15851 8384 22370 2064 34769 37898 27456 8584 34144 23550 11690 22357 33009 37538 29382 1116 19950 4962 9362 5627 31506 7423 13222 37072 20974 25168 18284 5787 5988 11794 10511 34785 38934 26131 7660 35680 8205 13775 38807 26914 7450 12323 20886 19301 6648 4093 14374 24785 30334 38432 386 2535 19160 14360 19663 8758 25526 23438 6763 17083 11829
1978 8776 2292 37290 9990 25942 5777 13184 10359 2370 14299 12238 28063 19329 26584 30103 4409 13844 27563 2608 12776 13815 33801 2157 7056 6982 3581 7582 4109 29764 30245 12988 19734 23453 9654 23147 10792 33527 1195 33852 27330 19619 22835 2305 37204 25337 13967 31451 17198 31548 23606 11790 10960 17785 16467 36720 5896 15583 18116 38156 1226 26432 27301 4824 933 33368 22014 6180 39533 3969 35283 28467 37694 23227 27134 18285 4641 35460 282 4366 7757 18858 36247 9429 38210 197 24572 16171 27421 18638 28968 29422 13563 4729 33432 26556 3815 33023 6777 29327 26826 1403 38368 5077 21291 7794 29135 22098 18420 19636 6325 33172 5825 28662 33072 35807 15467 19405 22323 33538 11935 12925 10270 23388 39159 4592 30661 7131 3874 16874 17729 873 18728 7767 9811 39297 37754 28071 10046 34092 24254 15576 12982 17768 14525 21470 30941 29793 15799 27438 19773 34267 26186 29260 14083 33206 20556 36829 35521 12819 26478 23809 19708 23104 8816 14725 18664 4353 13946 35378 30985 34155 22075 17942 21379 29724 30883 14718 38491 32538 8742 30745 2603 16691 28642 39648 7204 21660 3925 4945 13457 23814 24872 20012 5965 10726 23223 14837 26762 26267
29877 30722 27919 34870 1767 3864 35119 32376 27109 30865 10426 27132 26951 4277 14907 29179 36272 26249 34859 13572 37983 28569 8212 16056 16726 28018 16507 17372 13702 24101 8147 24390 35129 31160 33577 34083 35670 16553 18606 28432 18744 3996 39918 2958 5247 11238 209 37705 15650 4146 20713 28687 28686 4788 1866 38313 10296 3597 1340 19622 7449 10970 5726 3639 3060 32234 38530 15195 28024 27645 1650 2061 11196 5330 1830 6645 33273 563 30640 29869 26035 29235 1889 15796 31595 20468 18468 14405 23822 19084 34306 28715 37219 9593 27594 16272 6911 3238 10273 18883 39460 20316 29099 15450 7032 19181 20178 31434 3278 27356 35899 18738 30000 8007 5047 3867 5784 32363 18934 23356 11663 17556 1270 13536 220 35254 6811 27122 12538 8741 14483 19385 16145 3604 2378 4305 19768 8932 21533 29875 740 23156 7958 24113 37612 2810 11029 21929 39106 27321 13175 7955 17577 16333 18400 13932 3025 22072 29554 26977 19630 32484 11694 30504 9875 17150 1326 21714 750 29953 10974 35982 37648 31022 38175 2086 18375 4730 15736 8301 26684 36306 23291 2075 31265 2253 13895 4471 33100 724 3773 13822 19411 15237 751 15515 31529 14592 25732 33517
19396 35039 36470 21199 14761 33654 33673 39820 10907 33971 13073 7445 37353 6457 15862 34484 37749 31139 20895 37513 17797 16078 39659 9696 16294 33060 38726 26918 14413 23371 10703 38507 6229 23633 12039 35403 1393 35002 11141 25373 25461 24181 30160 25158 1144 22340 22092 31350 21699 2491 18589 36843 17052 30185 22132 36315 10365 31508 42 24023 15775 35462 2584 17521 15791 19162 20374 12313 8796 33239 29754 30467 9562 9191 16298 19617 26961 11050 28634 27065 19100 38215 36991 15077 26534 3109 33525 37493 24595 18109 6495 27786 9974 25951 700 20823 18972 22903 20055 13281 8690 17183 7122 20353 24588 7888 35519 33173 27103 39903 34966 5037 34251 24782 11872 7793 7820 6466 25327 31264 7755 38055 11271 12504 22671 31387 21289 31377 8254 31330 6742 1360 2933 2740 8382 28015 10492 11482 17770 8293 25798 3533 4412 35075 22787 3785 12687 35389 14649 32465 15727 8035 4725 10646 23258 18337 37758 24904 34698 16503 21346 10320 28646 25828 28459 5402 39510 10427 31982 2486 2419 370 7790 27092 36714 23427 16599 5707 37084 35051 18930 14865 8315 22600 30143 21440 16256 20896 17515 968 28143 28095 23587 20706 17803 15229 204 20871 13121 10987
22294 28482 1505 30061 38561 29284 5480 10198 17207 19090 8574 18506 35691 2245 34691 20203 21493 791 2413 30864 16841 7703 29279 31404 26568 29844 9907 12739 23445 11523 20488 7959 19726 30885 25764 16670 16021 17633 31514 20657 3335 27506 38386 38483 39172 3141 21093 12167 8606 15721 25193 33315 31905 29167 36695 33192 29485 28703 20778 33718 5885 11341 2112 2417 35549 30048 2052 6254 39606 28741 31540 30872 14294 23148 31596 17290 24936 31481 1773 2179 16957 23665 13213 7312 30320 4884 33869 31108 5696 8557 6272 9991 19653 27430 23829 7795 14228 9277 11337 22640 16875 28871 37192 37557 24056 4313 35329 27190 29025 11693 3819 2425 27160 2597 7237 14513 18317 35273 6446 702 28377 31309 24603 19455 6250 14584 5682 23691 29207 13872 25883 30834 22403 14059 13898 33833 25921 3327 26972 32818 22622 5120 8522 17911 23577 11384 15733 12725 27382 30835 16781 19975 11820 5838 23681 16263 13997 15514 21842 24746 31244 21190 4769 18417 27233 12403 3397 36056 13463 27690 12824 32615 16404 35477 26229 21764 20399 22627 19729 7854 1496 19464 18378 24082 2048 5415 2113 8573 1886 25767 39196 32261 17224 30208 4369 20919 20838 863 26787 8114
20785 33474 33024 11534 18155 36666 28004 30390 24408 18828 14055 37282 32689 24326 27210 7046 4710 13748 24133 15344 34495 18044 31561 14547 29440 19964 18152 18304 4090 33088 699 25968 32395 35528 37834 13386 20305 35732 27587 30610 8595 1488 22859 13682 13973 30494 1768 3895 33589 4098 8753 20581 6772 35281 29838 25233 17054 17645 17823 5719 37098 23174 616 36997 27917 16585 17256 33827 38197 26219 3008 9982 10880 13024 11898 11417 21414 24427 31720 6507 21706 16710 6989 29597 1050 31152 27295 12905 23177 28984 1813 21492 1565 35914 2638 13330 969 28333 16868 12506 11936 28046 17489 19633 25221 24271 23683 13960 35660 21627 15411 7326 5252 34287 18618 22198 11296 32796 25169 11434 8585 38819 14709 39229 38000 24157 11575 30306 11869 11564 26503 33682 12749 25592 20347 228 38274 6421 718 30452 1740 3269 4568 39161 24606 33395 11965 32839 29835 31317 33253 11437 13805 37539 21994 22005 8046 24170 12987 1917 27864 37059 6291 38138 23732 13014 4798 35060 31156 3169 39242 22985 1842 12334 26276 4715 23198 38226 38831 15914 6285 8168 29992 9155 26687 21777 32280 26960 50 13035 19991 5734 32609 31327 3652 23510 23797 27221 17581 4938
10742 20800 4147 22635 5467 1076 3232 22070 14199 19901 24630 35145 31187 31370 29255 17332 32099 39280 13240 3884 14023 4503 23369 22441 1098 38125 38214 26118 146 3708 18697 39639 10588 33635 17045 26019 32285 31684 28519 17539 27289 23573 17600 3660 36073 39908 91 8518 25873 37409 29372 10854 8115 20609 6888 20640 7401 27754 9544 4407 15792 858 14669 27297 22963 19482 33542 15755 31210 38345 7233 21886 37753 33266 21572 4333 382 17461 20020 7438 37561 19867 4063 30719 33534 30228 36664 15863 22429 9424 39735 11574 4359 5414 8839 25682 1965 8827 13415 14448 30964 35194 26811 24307 821 33572 11638 29051 2897 33035 35974 27999 26433 2599 26598 6317 34196 11037 8032 28250 16884 16038 2794 22572 12374 30784 10887 25863 36521 20173 32682 3559 12436 9132 25386 11933 10571 16487 2127 19812 37062 3899 9027 10326 12414 12995 19627 25819 3540 37607 25708 11410 24496 26778 29035 38933 1560 5826 12592 28603 5488 31601 29647 15897 35668 36244 5434 25746 25578 16772 39558 9231 134 35197 10769 12130 4636 13806 2119 38339 35744 37912 5590 31560 24246 33688 1960 21308 8470 27019 12560 15175 27557 23783 21151 32460 24221 32569 24576 2125
5431 31478 17044 18316 39774 39102 23524 22824 28302 38020 1938 32849 24357 20646 817 39885 2850 24647 34586 25851 28760 31796 10294 33018 21388 4388 37736 21991 15279 38145 9352 24425 12199 18715 15137 8163 16162 30266 818 19791 12731 37811 24738 1061 3373 28485 28509 33468 28164 3316 21951 37574 15795 712 23803 28105 29247 8823 5757 27482 38168 12807 3356 12345 18510 8033 4534 37858 6391 37769 28771 12252 3050 34549 13684 10952 30431 22933 19864 4738 16918 12527 2235 22100 31314 30927 22081 16429 15555 27003 3834 16451 21577 8456 3035 2451 22995 6145 1337 21283 17061 33196 22973 12569 23126 24685 32748 36980 10333 16532 34368 26254 34624 35505 10700 36290 19454 18451 35754 774 38013 13532 17382 13086 33174 15126 9905 16639 8088 10239 19345 6327 29855 29170 2589 24119 5463 13919 9118 23085 26377 23789 20131 20478 1414 5126 36796 27734 31365 19075 29295 36534 19205 29398 2220 11973 15567 10021 3736 14010 31999 39966 28822 14457 4863 32036 17440 35300 22004 2323 12641 13500 38900 8781 34925 19566 19041 14893 12576 38878 12067 3570 29692 35800 35327 34656 31378 14280 20081 19918 5994 18952 8948 16895 20302 8213 31922 10597 34273 21952
2577 2067 13026 29795 10548 12577 24949 12268 36478 25054 25939 6558 23294 8165 9392 7268 24706 9746 22319 39264 16123 14644 19954 23421 10835 7742 13074 16830 10606 25477 2436 31278 19646 36403 28340 1701 32127 33381 33314 24130 22637 18363 36989 1317 34205 29084 38973 15622 10577 6430 19049 451 31196 12727 10504 26076 1521 33713 36973 29000 32562 23821 13894 27056 12247 21957 15295 29300 32137 35495 8364 9096 10035 39784 12360 9464 15181 10266 9556 12710 25524 36108 31091 28682 10299 37597 15623 22211 7776 17250 17843 13379 37321 18244 6992 37377 25256 4473 3528 1697 1115 37461 675 31616 15681 22921 18501 14117 11773 1840 14226 20229 36198 26668 24149 16986 554 517 15328 25258 27755 17270 39865 20378 17181 39861 30023 28548 25740 38619 12673 11748 13931 7743 19602 37369 30966 23922 8676 22085 21176 14684 20056 36279 23499 11610 29373 5725 26827 7387 39520 929 16130 18845 12686 20619 26482 7734 38609 29072 35070 14494 9542 29820 15813 36362 12464 13949 21940 9821 8038 39019 15641 39914 26301 13804 4607 29589 16705 18935 20540 12918 936 7013 18875 13190 28535 23876 1858 9047 11379 29564 18139 6477 9886 4660 39115 19953 35674 32858
36329 14364 38630 26554 25282 23753 22680 27682 17716 36145 29246 26360 31582 15425 20934 15693 15329 10471 27847 454 37174 38290 5469 36014 13637 17573 22067 7435 25157 11465 34439 31704 35009 4861 39549 38648 14826 4270 20446 1208 9850 12611 18545 34715 12898 35424 15685 35555 13071 11618 17059 39977 32552 3253 37575 19364 8930 12083 520 14454 27966 22138 11457 24455 16521 18561 38610 18296 31101 36153 31581 1959 14563 10458 23116 6624 19381 16462 32025 3082 13040 14400 34704 13340 32266 3485 39546 3827 37591 7413 30534 28103 9985 18198 158 37440 16323 18956 14372 22431 6623 31371 34673 2531 19373 23343 29605 34633 24528 5050 21953 9839 6494 33559 22167 19697 30747 29352 33071 38222 33485 22018 27522 37096 25699 15386 38825 16180 30479 31656 4173 36343 36109 39911 2449 38942 22708 29081 2632 19414 5998 22570 36353 8846 39364 19738 28714 6806 30825 10398 19607 22346 24661 23952 31745 30851 15865 9034 29629 4621 24035 26336 32959 4689 34960 29539 10589 1200 35984 13858 6426 8852 22733 8964 39006 5873 22744 849 36576 10964 39418 2315 22471 37977 19615 12397 30113 24954 34791 12245 30588 4931 18797 10991 17524 3953 29299 10117 24781 11977
16646 32929 11435 37531 20383 9469 6717 32716 21798 7817 34755 28196 35850 35385 12969 7256 5578 12143 10935 17599 13509 31178 21750 35714 4237 1162 5753 10319 34208 2578 18565 10914 28091 6183 16662 11473 27841 38897 28450 3845 7194 35778 14596 16665 36651 26819 27009 24088 13942 4392 7856 8314 1396 9960 5450 27471 13319 18870 23639 1034 16112 24233 81 9254 39249 6855 2494 32601 29275 13167 27972 26679 21869 36072 7459 19872 19340 30487 3365 19195 21194 26711 13753 23192 12111 20116 17613 17142 4294 34433 19323 28631 18350 30853 3047 37521 26379 2080 36764 20702 12580 30021 37026 13568 17073 38882 16402 2054 1519 15454 6214 27683 32826 3381 24008 2461 13840 36754 32368 19528 1803 21590 9632 13448 2324 12947 10303 31182 26588 8070 17869 14891 4326 25964 1293 37512 5115 9579 8959 27446 1877 39729 490 27973 7631 18904 13466 38702 19599 170 19525 368 237 26845 34188 28701 25548 22389 14963 27804 23511 32975 24688 4873 1192 20486 15439 8504 22916 21497 13762 10182 22169 31819 20459 22926 1430 13207 23323 6451 5959 27592 37024 37450 12643 8121 22721 39542 37267 37887 5311 32549 39687 33614 16528 14182 5790 7442 25261 29214
10282 19359 20750 19505 21622 9373 13708 36269 10401 15088 16839 265 24995 30392 34493 23651 19908 39812 32659 34944 3349 32576 5173 5452 10870 23961 27648 4312 30605 38325 6374 16900 2507 39550 15717 37852 11485 27055 3911 19338 37860 6602 26201 20214 35038 37348 27675 29506 37305 35238 25100 3582 32946 12401 21352 14523 15435 22630 34888 24912 28282 1351 8482 13038 39822 18737 33521 34148 1108 6232 21817 35989 19437 30976 20939 11942 12528 17715 6690 23860 26991 34770 719 14213 29775 1363 15876 10431 25394 22502 6408 9135 151 18188 24889 13061 21098 9598 35127 16888 32174 4596 36482 18739 15722 34129 31389 23253 35671 23725 2928 261 27701 35203 39953 34335 6309 12042 8862 15235 12261 35856 35739 34752 6793 27013 16281 16197 32059 27218 38692 11079 26295 8911 33161 26491 12558 33641 510 8474 39059 35473 34766 21964 3697 10364 2994 6622 10391 14399 22256 10141 5010 4459 4609 8069 11557 11704 27801 5162 24916 39221 16973 7305 25171 7165 5258 12790 28163 32810 21538 16371 11497 34515 15008 8000 3924 4016 36093 26474 11464 18140 5189 33013 25809 23349 1693 29567 22611 19783 14252 18185 21769 16121 30371 9202 20563 32474 19817 4693
31509 18857 24482 2513 23704 37916 5740 30550 13146 17036 38611 23859 20781 36097 15975 38516 35993 20461 233 10276 23757 2673 3074 38818 2872 19267 32942 9629 27922 30181 12198 28283 9862 26318 1703 7232 27440 30998 33415 21496 35819 4749 12706 1818 10074 34975 36483 20696 39492 11006 2265 33256 3890 12452 25624 1255 17662 12586 1525 28847 21073 24989 31594 15640 23659 39805 35421 34599 30158 31951 27318 12681 27677 21391 14586 18799 10181 8508 21181 18475 17462 15234 29438 17708 29203 5866 26073 12584 16156 38416 3199 32206 36533 23761 34313 30039 26020 22285 30697 21549 22711 32973 28418 3178 22281 24327 19925 31699 34467 9857 7849 16941 6967 17281 16607 36733 33436 38790 31484 9422 27525 10677 30815 14130 21229 4881 2231 38969 35270 30448 34496 6162 13284 31570 18961 39547 37765 16122 21003 23741 39099 12121 30856 12038 37364 23784 24236 3479 36930 11924 5884 37682 33566 23636 19609 2657 39028 31797 463 23220 21429 7081 1520 38809 3510 1041 8523 11195 24349 33105 26194 37779 31583 23749 26607 35765 35616 18054 11818 16280 14093 36060 35208 19625 14734 30806 17657 5968 39039 9210 31847 5700 573 15147 13170 19217 18708 9323 22821 27396
24592 36488 6555 32690 27977 34231 37397 6753 17816 10536 12428 25806 17665 29582 20973 27511 12303 4081 5587 32923 25622 302 5983 22034 23031 5661 7275 20848 19121 35546 20297 19711 7476 4306 14320 400 35360 7995 13153 18318 29878 20801 11170 16083 39372 11295 36210 7368 6192 21094 9501 39075 18277 31713 1478 16579 22064 31710 38094 32437 34417 15688 9080 24492 38098 7602 3021 2286 23203 34884 36915 33188 38120 9007 17871 13232 18776 25897 18761 35775 12924 1547 8298 14795 33667 7606 37698 14832 6958 15825 22844 24720 37837 22613 29825 11420 39334 33016 31375 9784 15418 10654 12495 35979 24392 6972 17421 34821 29595 850 6807 36443 6565 35685 6220 34622 1213 19879 18026 24377 16260 26050 3724 13930 3807 7673 34398 24537 18916 21446 27983 6080 2832 13667 6960 35168 37903 33584 11007 13088 748 108 29355 19035 18015 29452 32665 26828 3518 25272 33481 13279 5955 16425 32823 17733 31538 19473 29187 1385 8025 35382 22438 15176 11122 23245 20716 38980 192 653 29716 39705 7828 23397 15464 36572 11543 9995 11665 37015 3173 5027 21857 29405 3057 29164 3960 25561 31249 10254 24639 33647 21095 33460 37569 23902 27167 38634 15032 38365
36047 31885 36848 4651 38567 7613 6484 5044 9719 17946 33336 21976 34961 13747 27636 31996 35241 19688 16430 23777 34841 20687 6171 31667 8661 11142 9295 23418 21133 34365 28963 1775 1193 26324 35455 14302 30458 11811 10599 3590 3959 38695 16036 23717 29607 6943 35463 30041 10101 20161 2481 17549 23360 35499 10293 3887 217 27910 19730 18007 32193 2777 6636 13700 11314 32081 19959 35108 28800 24060 1334 28802 38866 20971 31159 32345 8378 7082 3361 16559 33001 38381 3779 38970 34271 4803 33131 12298 7650 19215 14435 604 8592 3279 30438 10542 12239 35367 2423 2470 9284 25089 3387 33 2899 24022 18727 17474 24521 1188 29228 5441 5795 19705 7116 23885 31168 19851 37387 5284 9268 26001 39622 8623 6320 19793 5131 29110 21 31714 6695 24718 25110 1439 36761 16461 35413 10575 6472 32180 6132 28528 14063 29814 10340 34717 23350 35910 34167 37854 30503 18884 27613 16595 34095 16836 11339 15940 14346 22227 22154 9871 26483 30180 27294 2392 35100 38123 21804 36067 12941 7641 24245 17200 3382 27373 15954 19862 11194 8513 1976 21096 36402 15907 6459 18612 10263 11824 8123 39201 9557 33514 22580 24289 5951 7750 10689 1853 500 875
32769 22650 34086 2042 23476 20263 26876 16920 30202 36213 27975 14363 27839 35705 27590 37035 28419 37055 16193 36639 30176 30105 325 12709 23069 12614 24941 38223 34811 19126 19192 1294 18524 6784 24108 27852 9293 26167 1776 38424 20080 1632 6425 35489 5142 16494 10569 22422 8387 20024 9276 33208 1256 9680 30086 21989 3595 33524 31770 23871 14728 24225 876 25514 20798 34077 35390 16061 21501 35406 33119 35804 16396 5532 21795 21157 37438 33099 2986 3677 10287 20982 23631 571 8275 21633 37415 17404 12439 39109 19679 21085 9043 17499 16529 5702 17741 17338 36818 20442 22662 17155 33612 6210 38590 22295 29304 35311 24348 22813 20135 2343 38487 19023 28980 38421 16506 2424 21540 25219 34548 36777 31132 12980 35256 32613 31035 13541 33079 9054 37544 38420 7226 5620 28806 15155 35695 39135 34364 7298 31225 4948 29526 26366 6447 26108 11511 8810 2570 26075 2288 21017 8565 39452 14356 14694 27267 31208 11126 17601 12726 16683 36070 39540 36175 17621 37980 34914 30950 35557 38950 38439 1196 37407 26382 29443 37651 14498 22150 32760 6000 31010 1639 17983 8448 22776 2695 39329 22519 23565 30030 36792 30549 4634 1517 34740 26173 31918 21637 10958
20909 37167 36849 777 39150 39300 34962 19780 38683 4616 28441 14868 23496 17445 16612 33421 9491 7512 728 27074 35240 13317 32033 38184 20060 24387 28386 30681 31853 28604 34156 30575 2915 1870 15674 22318 35013 514 19228 5763 17984 38534 34813 22222 11558 20944 18654 10382 38038 32067 36088 6462 14312 3973 27960 30936 32646 34461 5735 22475 27785 25024 26498 37829 10698 27559 11858 21471 36822 10985 15320 36941 30827 36231 28531 351 27206 33975 8289 36246 35929 29967 31927 2939 21603 25127 19153 26140 31086 15716 7534 22978 2537 27395 34984 13 39672 35604 39731 37159 30187 22449 35532 26429 29880 17093 13419 5571 33847 11536 3611 36352 1413 37224 29071 10142 16119 11100 17994 28162 37864 22741 11500 11802 1352 29294 39296 30382 31758 23582 23048 27750 36995 4287 24432 2615 4488 14244 4319 1827 18381 24050 29064 8581 7492 33900 32359 19289 20767 12627 33940 10038 18384 34995 19116 26136 33352 17436 7404 33796 157 18382 22722 3014 29682 10673 37049 11125 6247 35853 29695 7732 2093 381 24441 12823 25123 8264 9198 26057 29244 18683 19930 18881 6851 34134 24887 13603 2888 21230 12879 3970 30677 35209 10405 7090 19282 3043 2720 5113
37356 22484 38794 323 27526 25602 15000 14168 28862 32404 3062 33941 6575 13323 21961 17914 23462 35645 18486 25961 37150 13446 15822 2829 14394 4772 36654 34037 5999 27111 14162 8697 13129 13796 1165 33423 21187 29897 22736 1847 36406 528 4058 20845 15422 18138 23027 39697 30638 23713 14070 12467 11796 6759 29704 21261 14462 25159 29812 13553 9520 11631 2880 14935 2032 10915 3168 12420 8267 8627 29285 32917 2969 25855 21610 10352 30080 26725 3769 20198 24207 21012 39656 25500 12184 19206 7291 27413 37233 13221 32305 7935 17852 611 15248 18132 37220 25722 14011 17771 20769 25476 33320 36313 16027 6231 21969 28107 3177 3765 9931 10779 2447 23347 13778 7414 37190 7381 38925 26833 28139 26065 1945 23617 12163 22601 12084 21421 24937 14660 37608 2990 29032 37382 38832 19202 33632 22923 13811 27433 23962 11073 4212 39789 28605 25621 26070 39077 32622 2180 11621 11997 13991 7229 4044 24268 32178 32133 37151 18641 19743 18399 16684 25523 3277 19251 28177 27990 15105 25457 16247 17251 34894 20141 11208 36877 785 11768 38717 3482 18001 10623 15738 12207 1273 7553 15845 29226 7655 13788 72 26964 38711 24385 31163 38351 33261 35107 16729 30782
660 20274 12174 62 34406 12105 8996 6509 18241 25925 25183 3712 32787 1977 20665 36778 13302 19233 18100 39306 38206 20682 22810 35426 31576 13921 31252 38358 26226 5416 18421 11340 5079 26352 21979 29430 2395 13300 26009 17898 21385 30367 2944 11334 21811 1834 22696 4132 2428 38092 2176 31633 26555 9614 1389 3161 39964 25176 15406 26110 22414 6065 11780 39489 25539 34201 8281 18533 31801 19804 37546 26437 32603 27174 29881 15270 16600 2333 14616 9375 28043 14275 973 17806 25844 1332 6037 13877 29340 21851 10744 15337 23925 1597 12841 34706 2669 23537 13012 15805 28307 11133 19095 34665 17095 36256 4640 21591 36468 11149 38981 39276 25775 15446 23921 32470 1006 38730 25650 37042 2568 37091 304 24531 8320 15396 33544 14188 35677 2742 11052 38731 1884 29472 14004 33498 2159 29765 20019 21300 28593 21018 27340 27045 18134 38583 10714 6584 852 11033 2350 15063 8119 37552 1555 14344 32876 28939 17580 1923 6257 1860 3653 33560 19962 36904 35515 3256 20846 22149 22099 31893 39691 26182 9258 5299 11619 3415 25215 30767 14177 26594 11937 20538 31096 28157 26257 2505 9407 28212 12258 1153 36136 32534 14879 20695 27732 23930 7841 7639
26271 39641 1717 23422 15470 39225 12797 38761 37996 1059 22031 18843 25086 20618 8853 22416 15519 13433 29574 16356 87 27548 22934 17798 12047 25800 14680 21737 33294 32588 8463 34497 5487 34787 21163 6873 885 10551 32932 29252 30559 37501 23646 13094 37596 17944 19270 16120 15676 18969 39866 27256 2026 5853 21941 17323 15163 23880 24112 1572 39259 6212 33325 17318 1579 37658 1064 36638 28738 16984 15167 28414 29519 34679 11004 21070 27538 18671 37562 25147 23297 21531 38136 18402 725 29936 3084 31144 5516 33917 9734 11095 23071 16642 6836 5135 14388 12342 16087 20276 10445 34689 8218 29433 17322 31877 3358 3621 976 35696 10824 8735 28054 8333 38337 10394 38625 9411 30922 27794 30630 16135 9316 7702 8587 2289 11048 39188 38285 2130 37342 13316 24073 21594 38008 25538 37079 28556 16491 28306 35845 33069 34625 2953 10442 24509 33244 6615 22508 18863 32383 6700 3538 39352 4322 1004 2792 444 24619 17847 19326 37200 6131 1087 12877 31788 21384 33962 35173 8074 18659 10685 26519 15523 23419 32750 3248 30005 6049 39141 5629 10154 4467 1338 1758 953 18070 33104 3071 33149 3511 10601 38589 39993 6234 8144 36230 6600 19386 17913
26155 26025 9704 24733 8785 36150 13879 1556 20094 12033 9952 31780 20188 22728 37664 27766 26290 17085 3341 23664 26215 11391 13036 28909 26541 29834 28358 17090 30736 20954 31012 37972 35994 32274 31983 3674 37417 24255 17411 33374 38107 8714 25270 7644 5319 21959 21636 30521 20440 13127 31858 17810 15995 11874 14607 10468 37782 26859 34388 7454 6490 22840 2722 23841 14546 8126 1048 39040 29604 9745 33724 16116 4752 31521 22451 18811 11806 24906 16484 18959 7667 21394 26758 37008 18357 17954 6021 14764 32235 5013 32275 19698 22094 6400 32483 29903 12093 38322 5528 20364 29266 1843 9039 39673 15547 16151 26577 17098 19819 34104 2932 7455 39871 10356 16925 7825 34899 17179 34686 15305 32630 27872 4221 19752 4307 6898 34296 3052 17861 10998 8323 26591 39047 34136 2102 33387 16433 10201 25395 36170 6403 34514 32231 33324 27164 34453 14444 21265 9112 33530 37456 5550 6599 3515 13774 19096 18458 8078 19640 26517 29693 22914 29641 38315 20257 32727 35552 29780 27809 29213 25703 39330 32352 35926 18064 3104 26233 30618 31275 2869 21571 9829 21893 2110 29193 8921 3891 24261 30437 34731 33083 5264 19358 31109 868 9065 11277 34919 21696 12254
21867 18418 37162 11562 23346 16315 34492 34822 22638 8662 13672 6036 18178 38402 22395 27335 36646 28539 14638 38867 7729 38431 18642 23970 476 7055 36518 33403 34621 33247 3218 23408 39954 8208 2951 15215 32891 6779 39838 28590 12158 20633 22000 13492 8411 39715 12530 13141 4626 9088 32582 37045 30205 38741 12006 37227 38269 35264 22563 10929 27478 39261 31773 14872 35020 12818 2721 27377 9145 16816 4844 37949 31960 6233 36211 7691 37293 17669 27611 36671 23830 3247 35605 28779 8265 14532 17722 36574 3572 38523 35826 23712 19648 14859 35729 31696 32131 16743 8755 30846 19079 17789 34921 1499 25146 5206 37485 37917 22174 7974 34581 16240 33881 8199 9972 35977 24278 30884 30595 29435 7502 39711 37205 17743 13627 2367 31197 15661 36622 27010 12644 30177 36569 18716 29883 29119 12734 21127 34058 29225 31716 23872 16974 36863 12108 10771 16658 13600 26392 18409 27435 11116 14548 28813 21508 25131 32752 30923 3472 25310 21321 17171 387 1548 30353 24618 23128 36355 15782 14930 21402 36977 5448 28246 34915 561 107 38362 14843 3418 32439 32001 13437 16560 37932 37216 6109 4347 23585 13610 20336 20279 5564 38760 39158 18091 25580 20545 32572 3554
13043 31785 39638 37451 35997 30647 27700 10636 31497 29819 13730 9633 34669 1075 33581 12082 9308 22279 26023 5801 22960 10544 38749 15445 30332 14500 10380 3893 30254 5650 14976 20304 21122 8527 14847 21801 15969 5834 7463 34765 24295 7920 18034 2319 33129 11336 19583 12931 24567 39728 5828 7009 38714 28214 1837 30447 4485 12348 36742 35363 36227 5245 8258 13405 6913 4390 19742 4006 10212 23835 7465 38050 1981 17680 27748 15538 557 39543 10686 5619 18094 1426 17191 21661 35222 27814 12320 1624 7554 21071 18390 38586 1383 33426 24772 18186 757 37308 37663 37938 36704 244 2975 20840 15018 13628 39634 13972 30322 22544 38052 6655 16876 2062 857 21460 7135 24712 13045 30435 3383 13493 27121 1912 38759 12554 26099 17917 12008 26589 14708 13438 4699 10199 20350 2825 22314 6130 25530 22642 14968 37484 27220 28269 28356 10290 11089 34339 14539 21551 31464 21410 39718 34756 39204 1036 28067 36262 21489 34839 13125 37989 10149 35087 29657 25899 36206 28221 26870 25936 8857 20711 26510 14387 34620 31665 28754 30758 39451 31154 22656 13587 33810 30902 1490 22126 32117 14073 11606 1171 7572 2144 21463 38697 7898 30725 11985 33793 26447 7302
18887 831 24974 26013 21146 27155 10821 24241 9981 1441 11156 39679 15492 1271 17766 34720 29726 5404 11416 31604 31358 16939 39453 29906 31124 27265 27404 24593 38326 26868 32820 27969 32672 24783 7136 32974 25239 22047 19931 13313 12126 5964 38279 37940 12476 9162 7573 20238 9978 19258 30106 36782 31430 7091 37077 22180 7111 221 6805 21830 39614 25716 13735 598 23150 23539 9671 12591 1816 10298 38906 22454 9000 32444 19496 7669 9300 36965 19878 38999 3719 34242 35649 9849 19575 34702 29034 34382 31222 25418 27647 33026 7883 25359 7239 30547 1097 39286 8445 25760 13687 14366 11108 25464 10716 16827 24250 24880 13701 8367 29173 16563 3393 27303 34385 22390 12791 12547 20987 23067 1756 12714 9920 38889 24543 30683 25320 15737 15051 36260 13144 3205 4269 33450 23686 17701 11389 26976 22030 33569 2270 32543 31162 9341 30340 3539 33154 35215 23105 28005 30015 14041 1469 33319 18191 35201 15983 4196 32239 25640 28958 12732 20793 24805 12623 27753 14744 1282 17862 29238 38011 11633 470 30277 19145 10155 37344 29471 28452 20207 4418 5918 21309 36557 4704 35244 5543 24804 30420 19265 2816 36190 7379 19120 12362 19431 29346 1131 14065 6242
26853 8913 5930 4298 13459 13908 27327 16914 1398 4573 23378 5704 34084 7961 26648 18882 29482 25983 19868 32544 6024 5390 7877 17197 31453 20237 30727 35692 32699 33010 38853 22050 36169 7402 35397 11204 39782 7051 32069 11307 34338 32741 39284 39361 18335 38375 36860 4308 6638 19922 33574 16267 14576 5426 28448 8124 2854 25278 17808 36514 22583 24953 36316 37748 7186 6058 31933 12990 18915 25943 20733 16313 3360 31765 37310 37595 4414 3822 22538 37271 8148 2071 17502 2651 6070 4394 24951 29063 8891 28367 24276 11413 22545 11651 39532 20404 18111 24559 17825 28216 22106 10894 36939 37716 18483 37990 431 36147 37234 35218 284 5687 56 15300 33546 10372 31250 34794 32167 17174 18568 28411 24555 25886 35076 25588 29550 20299 3984 23166 32558 33258 16024 39987 34340 20482 14415 14036 36341 25009 19869 4943 18332 1954 4127 14210 2938 9774 36270 30230 31834 26116 19058 6987 4082 9144 2820 39956 10457 1152 37299 491 24145 29093 37633 25042 15636 22144 3536 12744 6364 9509 31392 12688 19758 38137 12479 15081 36281 12603 39004 10925 2108 21587 36959 25081 21575 7620 14480 29730 8461 15929 7980 11996 33465 15517 15363 16780 9826 29642
13131 24274 33736 30709 27553 29262 18962 36033 10586 544 1375 10453 6654 8304 1345 22486 25277 8871 35181 300 32497 27672 11431 8138 38520 16147 39625 15156 34395 6921 16575 23907 21401 7485 27906 39582 24963 23052 30528 3565 2567 38755 39087 26082 9524 29324 25064 5894 20234 33808 19573 14418 11825 579 2387 34119 12900 15809 7458 539 15106 39417 4030 10283 19535 12355 7931 11816 8443 13880 15963 10327 6832 20560 29375 34869 36847 8624 35655 10665 1371 16649 33027 8093 5738 38272 5375 29633 22699 18280 37805 38805 37404 25497 25562 12273 5582 37294 31899 24030 21498 32461 34255 21485 2420 37469 11578 34380 9289 30861 21362 35834 4666 16031 11623 17604 7577 30564 24938 19225 25216 32420 29702 14272 39758 20644 14475 21928 4076 32496 33229 8604 33677 10798 9980 8432 38982 35341 28665 18978 12308 462 10501 23228 39307 5238 4397 24098 25486 25680 14664 2787 35586 17051 38623 3696 39768 17237 5774 8236 10635 29511 15071 9291 12606 38910 15604 35220 30342 16231 2741 2081 4266 29447 27549 27403 14080 6440 1168 32772 36077 23505 29590 29666 31445 14902 28787 38033 20097 11390 29286 20535 38059 3694 39722 3441 16239 9717 30554 17691
9847 33235 35081 22458 36099 19650 4512 16434 34162 1809 39426 14384 35617 20792 3800 14623 7053 5536 23073 6376 7407 24862 37892 6053 31131 17997 26181 3742 13255 31038 2115 1477 13483 32908 18926 31403 38581 8050 2804 16771 3497 19363 867 25648 33762 22539 39919 13728 25172 25379 12410 24833 10463 26650 22883 2496 805 12880 20134 9892 31782 20311 12218 10069 19324 31290 4152 36473 6135 27826 4475 2778 16216 14799 25496 39511 3167 24698 23754 28389 33597 11151 2982 8451 60 35600 15620 29565 38181 16209 32594 38009 33812 14965 31413 38842 22268 33139 15999 29420 35146 12296 22446 33364 38067 25558 25288 39415 5956 20685 31755 30359 28622 34724 30258 22095 17529 18593 26754 6822 4022 15704 23662 25032 10604 8866 30740 14085 21614 21174 18660 14233 35583 12612 13518 32223 2493 13639 5907 9086 6862 14072 32103 4792 3993 26344 37587 800 23042 2226 32658 13060 12102 11947 31485 37329 10109 23671 13183 26114 37411 38573 15643 39710 27782 23000 37617 3442 26394 6486 20889 24980 30251 21128 10707 25227 18792 35759 38684 39490 30020 9828 33680 28013 39799 7727 7763 38964 6868 5144 21902 23106 12468 21559 27896 38263 11755 37169 20726 39091
22208 31418 8178 16388 13814 22269 18649 32472 25056 11652 18888 20474 31732 20893 3951 26801 11283 6262 4978 17244 31031 12496 73 16493 2409 8022 19210 2444 18303 4782 24361 4396 39971 36253 11688 33623 22954 5563 12619 13358 11216 12249 11657 3935 38660 31938 33165 18453 9141 17897 8936 3380 20261 36529 30658 2618 9914 26569 21061 1708 7038 39195 1901 15577 31070 31599 18637 5429 6608 13020 29621 38850 21314 36987 6596 36722 32327 3636 10343 29314 14124 28499 16571 34468 11738 24420 1576 23605 28932 564 19576 24367 2857 30388 16774 18719 2743 13480 25387 5177 31512 17807 35959 9906 39439 12081 5420 29655 5776 46 9687 22828 3995 37002 23395 35478 37700 22605 848 7579 28855 17166 34154 35728 5800 33933 29646 9597 34249 29677 23334 8295 5241 2421 20123 8935 36431 6409 35409 7408 18471 26370 32452 6095 38302 35387 21595 20813 8490 25546 28404 1309 28360 27689 25726 30878 9077 19613 34194 37277 7612 6999 1407 13223 23219 21547 8268 18818 9110 38212 14981 3642 14828 24402 29858 14681 26067 33123 19218 22127 2248 25191 30723 6445 17262 32825 30250 15556 7848 1883 38079 36846 30237 32550 30609 388 25088 3133 7585 32563
37434 9181 30968 17213 23153 20701 13409 11952 2935 33695 26924 8625 18288 18254 409 24092 39631 23855 27646 10428 32144 30509 25695 4137 19675 911 36745 26861 752 13786 22293 28699 7418 29551 6032 28427 18042 6616 37669 31694 19555 34709 36739 17242 17154 22789 421 17541 5350 553 17079 35889 7597 14449 17287 2546 9172 33914 4653 30161 26898 2693 36630 37286 9511 8937 18960 9935 25417 24474 32377 15210 4960 38883 39835 36809 21037 8406 32181 8426 11346 32126 19203 22116 5899 26291 8272 24864 30840 25370 27564 12631 25237 33124 32349 14998 8430 16343 5509 18157 16273 22299 36660 8150 3756 21499 16408 18742 34726 24213 38733 21136 31888 13870 30352 24443 15219 13049 34654 32406 16364 25751 21417 26371 37022 37813 15732 34180 16619 15138 38090 37141 29656 26625 34016 22743 1744 11343 23862 20906 39907 12022 27681 1514 18046 25355 25444 12085 34912 29580 7889 14723 36295 57 24811 27284 34603 22260 20278 5179 38833 5739 37459 9314 33138 6591 28359 4687 11959 8175 7332 27457 27110 17760 23758 31003 16878 18355 16268 7001 17352 39041 26435 3217 7498 28693 32154 36222 14929 30735 31615 23225 35537 24725 14463 2055 16962 258 39205 2687
16693 36370 7557 30035 34303 23100 33676 31057 39409 39279 17268 5980 32478 24195 13595 27705 22134 18624 27205 18057 33570 3451 3478 39701 19689 35951 5904 38283 23259 14667 11012 29484 18778 9853 26854 27579 864 25302 6771 9421 2666 36075 21290 7629 8442 10837 9332 34873 10106 7225 27507 32183 17330 18029 30570 5709 11778 25630 16243 25515 27490 33492 5273 21276 22768 27631 5957 1512 5226 2273 38722 5473 34190 13056 16944 18052 37452 3717 36855 37160 3017 38382 5413 6161 29637 14870 32026 1656 17339 19444 17718 10088 94 22120 14910 36427 4299 19320 9741 20693 1648 39862 30899 25345 34019 6897 13251 35841 38701 23460 3080 32575 38352 22652 28653 26012 26528 15313 7972 7562 11477 14204 31822 3203 22858 36500 26634 24870 12201 39026 24551 7411 4254 22006 12729 32123 5246 9528 35891 24305 32887 20223 19434 6904 23064 37722 31804 10302 13634 12975 31490 15431 21597 23348 18614 2146 23187 14825 16026 10176 37704 29842 11515 10023 39414 11322 35290 36788 11507 4236 37843 8117 21378 1243 5052 11383 21878 20880 17967 36693 14956 35193 843 13069 19307 29254 17225 31966 34424 3089 29800 34277 24064 1324 24591 17384 14307 9698 12119 5112
13339 10581 37862 29112 2163 7942 35817 1373 2053 32700 11586 32861 22068 38578 23250 20899 24599 25128 35706 1 35602 2153 17091 38779 17755 15840 29926 5332 654 4292 21014 29263 19299 20635 14247 5215 25412 19904 10163 11207 25657 10281 24538 19717 27011 9335 17203 27368 37373 36602 1541 17444 37832 2906 7487 3378 16967 34370 35154 32531 24847 8515 4864 30552 32491 22834 17782 29728 26920 27184 15346 20976 14721 24987 13236 8568 39650 4049 36999 18794 25014 12337 33550 33290 30046 2767 13540 8536 27451 9793 33765 20465 17926 21898 33176 12350 3187 959 24513 8778 12112 2128 30918 17813 26058 1319 30921 1683 22367 25213 13369 10800 14527 37347 14673 38911 3848 3617 7772 21899 7723 176 38877 39096 21459 36942 24216 39548 3198 26656 4823 36523 38861 29995 24992 2747 28401 15875 19149 23065 24990 28517 31 5156 23610 4594 14390 15992 14574 10180 31632 15531 17058 14331 30366 22404 29533 802 19967 25903 15797 11854 17186 17229 4600 22782 4584 13947 37883 15054 24821 6589 23209 15202 3339 30507 7500 32886 20570 31242 28510 15486 36274 28252 10387 4304 17165 8774 3116 38299 11836 33417 13755 32287 12319 14123 17682 2456 27062 13095
7230 8312 14787 30302 27338 38837 16202 3771 37988 30662 35872 7464 24796 7478 15442 29412 10517 17108 25342 39434 1940 33929 22863 9365 32905 30573 17295 6028 16854 3058 21104 28981 17937 24565 835 17376 1906 12327 19939 20201 15402 24777 26124 19861 38605 1769 17334 37944 26772 26273 20490 12537 22552 39390 6012 37136 23406 29599 2684 9249 19284 23685 20873 1265 10883 14645 14118 585 36188 24300 17673 2230 20686 6889 29004 15987 4116 31920 811 5588 24650 25867 19669 12494 2072 37491 15846 6883 5743 24114 23716 2302 8389 36493 31928 30713 1380 34631 6738 8748 4519 19219 3407 38887 39649 11573 27815 33876 13489 638 10043 6930 19548 35148 25542 23433 2860 33727 30485 32136 15378 34163 8408 4548 38173 14919 6854 29139 39695 32830 20247 29653 4027 31537 30107 37106 19266 23239 8013 29434 20850 3974 37445 26363 22063 27807 2562 24403 6978 10818 32641 35205 32803 8969 20187 14002 30828 24162 25301 1177 18180 32254 36191 6393 1062 37867 34946 26582 10849 34440 33778 2079 39643 11035 2734 28368 17642 30802 37639 23317 26446 24135 22206 2133 19143 31127 13320 27531 2412 11491 23901 18438 18840 6139 35059 20241 13862 26160 9101 14373
34708 22803 28969 27832 27150 34217 15003 19420 37173 22649 11563 34634 37787 16210 24351 24480 16287 20186 34964 22997 7272 29311 6925 26678 18984 25747 35796 25225 11240 860 5869 11750 14159 5065 22516 36957 23818 26585 18798 28465 14231 11719 39345 15943 7551 4536 10535 28504 11242 39154 9290 4442 6273 24223 2652 39192 703 10913 12317 4117 13709 30441 27030 18497 35276 17031 30599 8989 11805 22341 12553 4925 36868 25892 20467 16250 26049 21876 38597 23576 31380 17854 8577 37018 15769 39287 35189 39708 35761 10070 31318 31219 1616 31946 27828 17299 26350 17652 28740 35996 39504 25852 13966 18650 33363 26408 29614 20947 34587 9640 30670 24695 25021 10140 11957 18414 17698 28931 34649 30958 38836 1055 19062 29011 15358 37896 1099 7484 27081 9851 29117 6252 8098 16732 6915 19000 16867 29672 39732 31843 27936 5276 17170 9645 1957 32062 30363 11758 6047 5228 18066 12208 31958 32247 26287 8991 20732 37179 2005 26449 29559 35653 28408 27296 35790 5064 28045 3761 4832 38099 36214 27588 1585 27946 22595 11775 21557 6378 6029 23678 3844 26727 1931 21216 9617 30823 28977 8183 26613 35550 6685 17805 28875 3435 26005 14279 27021 7956 34003 29593
28378 14110 3563 20132 26084 23965 17632 19171 38559 16517 5521 31297 7658 13989 27729 8056 21078 18532 39931 1845 37906 5668 8917 14408 33604 21705 26550 38304 7072 28199 1914 4735 32500 21968 13082 28006 33648 20416 19334 13795 22727 33681 22974 20775 20045 14087 5486 33965 5663 20565 30656 35318 19456 31805 7154 33576 2836 33106 22317 38443 38728 16095 34828 4494 16915 19078 18093 9943 5504 33393 11734 37337 30026 39127 29929 17105 2968 36339 19855 5708 13552 18686 35144 6300 6222 5876 19807 37127 11260 6195 22290 10355 21546 2386 33658 19516 15742 20917 8691 21605 8802 30018 31544 6940 3299 28111 15549 38213 7525 15269 15490 9159 679 9116 36837 8297 10048 27719 17006 20810 30769 8086 23296 35372 28706 2859 4742 14250 13322 15189 19677 13941 34355 5001 30114 9152 19541 37907 10519 10568 31212 34863 8342 14591 39988 34990 18936 38935 26303 4593 18098 31502 10732 29307 11791 9357 19277 24533 34580 34528 29944 19450 1056 3342 36474 28893 20018 3190 29720 18846 1305 913 14412 11789 16999 24925 37352 924 21172 4100 18187 3686 6353 22453 2616 35260 25427 16833 12113 16059 3832 19013 16537 4215 25 5830 31689 25656 17738 28244
24316 12540 14464 8583 22804 21147 38488 25453 23882 32970 1691 5105 4121 36542 16200 13596 38399 29276 33091 9102 10672 4136 9701 33678 25040 12097 35970 30728 27077 36786 28438 17448 33939 478 10344 19183 8502 26480 18371 20715 39594 29755 13256 8385 8089 30785 38288 12406 30620 22775 6699 6532 28342 18036 31872 39616 8447 22123 36078 27757 36174 21444 11803 21016 27635 13148 17538 13084 7140 13235 1047 29741 34301 22011 31992 3918 4985 20262 16991 21050 12715 39721 21246 18051 39289 33735 12165 25120 17084 31137 25955 11946 12368 15194 13147 22263 18310 34400 4468 4546 6529 22556 26614 14816 21370 3683 38228 19296 28019 8981 8196 4124 8354 18810 28131 28886 28560 30088 15053 31510 31491 443 11911 24735 38412 27885 25792 18675 21068 24690 11634 34734 25658 804 16384 8435 4087 11354 34325 13599 27329 30969 10418 30742 11154 24249 12892 21753 9214 24049 348 4106 25319 29955 14410 14429 11335 31884 32080 3630 28065 7731 14918 23904 37090 23581 15242 22223 12447 8174 28895 35085 15829 7155 15293 39487 29127 3941 20832 3755 12973 37640 21060 36405 19292 5181 7930 20980 14895 38065 4643 26968 18215 6265 16996 27253 10867 5190 21920 30963
9188 17228 12658 31105 1306 36102 19457 5932 13977 7520 4923 7518 24180 8313 20763 6892 19760 5438 1944 17249 22767 21589 7765 39646 29446 2396 20030 30 34000 36367 1314 26420 20244 37738 20290 11184 259 35472 26979 35040 38843 5829 7737 23467 39816 33197 14932 38472 19476 17656 8388 6362 27560 20473 18075 14044 11399 12567 23968 3321 30907 32843 4483 31652 25196 23020 27083 10918 30314 25012 16789 35933 20480 8277 39700 12745 1023 4200 9456 1987 13052 9058 23548 27770 14610 23270 39921 30868 34973 31895 35846 4284 12760 12305 29708 16889 27461 36876 28159 6020 24819 11191 36492 39098 2714 23495 27763 13195 17175 8034 2766 27441 13260 14957 14139 12306 6918 10179 6853 16519 22394 37836 25472 34005 1052 10737 3330 20089 25043 7132 27933 26465 35313 834 8947 9498 2858 26719 24368 4246 17252 17418 21934 28718 9353 1601 34907 28840 15124 15991 29771 31051 28346 20253 28198 17410 30027 4032 923 10865 39220 6760 6013 4 32703 24062 10678 33137 6787 5359 36859 5374 39214 10385 17543 36300 21526 24356 37810 20616 25462 4355 1462 22855 37696 7706 13189 24434 6545 11068 39723 3817 20481 31760 29390 13440 10334 174 36595 29023
5342 13837 30062 18411 17039 4302 9934 8226 39407 19034 36625 497 1724 21120 12497 13912 25915 33562 16327 7373 31869 2314 38531 39608 16448 25354 24705 13166 36054 30903 31607 20413 10487 9471 31247 16310 35452 11592 26411 26685 1015 14380 10257 33588 17439 16802 13674 36683 36104 32510 20751 11232 10810 38187 27354 2414 30527 2698 6108 4686 17553 2450 19965 25235 32837 23715 26293 21332 33791 3906 35305 35236 29560 25504 11422 15203 29038 38859 38072 95 27434 1864 6733 30695 2702 945 30644 20647 12289 17473 13182 16702 25532 393 13673 13119 7973 20825 320 21712 25665 35354 13291 33012 25985 8302 36950 35430 27142 20057 18844 37137 17072 22976 34212 20121 9206 38579 22880 32108 19378 33382 23162 14876 8096 23263 9003 18211 7228 3267 26962 20102 2001 21607 8799 14579 34754 35458 29827 1686 5910 15298 33659 20273 38271 21343 353 15303 14013 10967 8811 23301 3739 20591 19053 12292 32393 11867 1030 16177 13326 39362 30209 23339 3447 20328 39100 16524 26039 12977 28521 37250 2942 27715 34319 1599 16767 14009 16840 13199 2006 34390 916 31636 4193 26163 17918 23878 23942 33115 13108 7169 28251 1327 8763 6708 11814 21852 1258 21835
22610 2864 10859 133 13954 1577 17146 7002 4619 7070 32332 31436 15895 7257 4331 3417 31147 8571 33731 12408 3631 812 29277 30929 28457 22109 20890 31482 555 26022 35953 26466 21576 31551 11087 33613 16849 30256 34280 36495 11926 8943 10563 2779 1140 22942 34573 23401 8008 21480 18829 37711 9165 8156 8970 927 34532 31672 21947 17975 28844 39476 9608 20878 9521 16950 6258 37120 8154 9409 28549 9631 36043 6200 7283 30011 3944 13571 5927 11792 38207 26990 24664 2060 35048 22587 36906 24472 33280 16842 30808 5759 36537 14392 21116 22044 33014 12668 31021 12078 26996 16624 26601 33749 28506 32 7952 2947 23169 25793 11830 19398 8821 17883 25947 19596 16100 30814 35112 22300 11067 14377 27355 16227 39514 37350 18170 1180 36702 20158 7086 39375 26467 17349 10456 11371 39324 26665 7678 20551 4915 2142 8993 39472 25400 11419 11636 4544 9806 13247 18228 21626 31571 27215 6860 19979 10890 29163 5308 33776 5479 37102 38308 2049 14805 20021 27201 32306 16650 32293 39952 36749 22591 39055 7195 6985 1828 29391 2786 7785 3836 32939 30244 36865 9727 37285 5022 10249 31866 3498 33451 37360 28055 7874 38962 13390 30016 14617 6337 19909
32977 9358 26297 7138 9833 1926 3130 30625 33958 23517 5291 20585 11014 17795 4105 24143 25371 20104 26926 12066 18511 28904 20596 20985 20670 2629 32197 32301 18190 26626 8912 8719 28228 8773 39717 9056 29053 13918 29640 20192 32766 12935 19344 34651 5977 16167 36319 3897 12989 31759 24076 7076 37446 26543 29128 32348 7596 10045 1947 32883 17833 21936 8619 37687 38028 15912 12498 18112 21665 29002 6312 5337 6489 23629 33402 14351 22240 31016 39609 29237 39969 5540 12703 23307 22182 30087 16720 4199 2650 28794 13406 20757 21836 17744 22369 8886 39876 4487 7588 13519 5864 25662 23947 18655 24240 27308 35813 29330 7068 38899 18045 17591 17475 35740 15606 21581 12955 24791 31447 18197 38496 18086 26559 24527 7604 34096 34825 12224 5008 15047 34930 34992 15076 33509 11847 20107 12117 10959 37198 28331 16746 16711 5023 15617 18154 210 32212 14773 5597 19249 27054 1935 8593 21675 3679 343 22565 48 21363 11147 18808 4108 29302 11475 37085 23497 16882 26243 19347 9672 4966 30505 25974 3389 14604 187 24969 12741 23083 35167 39045 13767 5519 30866 16531 39473 15710 33908 19870 31976 16645 15731 15708 35956 26320 22426 36732 31670 29553 16499
