200
14651 27022 7043 15061 24682 896 31000 37586 19258 13972 25792 39930 18973 13653 21822 26232 3404 14907 9138 28296 21617 2134 25119 29107 38947 30486 4311 38463 16717 27249 38250 29192 13955 32053 17731 33193 16649 8199 37825 9523 37963 29447 4318 16230 18956 236 33425 14135 23307 31105 11962 23171 16930 18011 15720 15872 14891 15529 21154 18898 21471 18628 38288 3730 4248 4560 27664 39460 21912 15727 7454 35881 24514 3493 29682 23159 8185 24678 12189 8864 33581 35773 23879 6772 16519 33662 8346 37279 9023 34816 31137 8591 12598 1904 15001 11621 7062 25156 2521 37732 15300 6218 11647 39446 34955 15324 35428 10922 27804 19353 3322 26564 39037 9793 16521 21227 22534 30645 27241 161 33301 7300 32674 31597 25710 28956 14449 13848 10404 4570 5750 16 18606 1300 12918 32414 37171 14171 25184 11051 17879 3759 14036 14278 1516 16868 13457 693 25343 432 22572 23144 30552 27147 29269 25086 27803 13878 23710 9308 31679 26673 28952 13235 22442 30919 15523 13180 28606 8939 8454 30963 19262 17961 9588 21013 33895 30361 39971 39411 20908 23076 30164 1219 38623 26447 26937 32917 9475 20273 8277 8801 7227 16365 21536 31202 22614 9820 38470 28444
9774 10996 445 37352 5121 441 4984 9551 37722 31183 24839 9645 35759 29459 21421 27749 33418 28204 35568 26649 960 19553 28937 36079 15518 14787 11021 36893 30035 35180 8021 35983 9770 30245 18645 3210 7543 6822 3676 10514 25507 7489 13931 8681 38848 9811 28148 28492 11993 19931 20484 32051 18925 28469 38636 22697 12712 36543 3063 6799 23865 24973 19827 37 19663 18308 16838 28814 9927 18670 14288 30194 30278 11036 11071 12903 19697 19192 4972 31701 36585 12971 13982 28861 26458 25996 31506 23072 26735 8712 18036 26487 17450 33316 4488 28442 16069 29105 17406 38122 10260 38812 16797 17269 30584 20242 9126 5191 36312 16205 6547 6976 21545 13871 35484 10860 35179 17462 7790 3267 9608 8339 32037 8245 36125 26528 34053 34167 37295 9173 14583 28559 8414 16309 37559 32962 38856 24003 35862 12551 27535 605 15546 37666 10649 24205 894 20913 17565 6870 21092 8601 20511 14341 22824 23246 16306 38061 9419 4733 18800 13207 39685 24406 22303 15293 36643 9569 12733 18792 862 3599 32653 19069 32826 16491 18952 33897 19650 39343 37603 16155 34742 24374 10745 22150 2559 11216 5845 3238 26012 11329 35643 9666 7449 24068 3761 32621 20408 9705
35434 19462 31565 8565 27538 1957 34889 23528 22140 38252 25254 29960 38508 33635 8156 20261 31816 26496 29620 19639 39169 33295 8123 19300 36896 18762 24631 20022 19050 8897 28318 11358 2675 22956 9206 33410 20977 13808 33954 21791 13971 26708 6167 36726 18084 21326 18518 31970 8812 38818 28134 547 16590 11650 15632 11050 33656 29978 21061 3829 26645 24592 3513 9338 145 23592 35610 38311 23875 1052 14256 28455 39453 3119 10044 7880 37996 14303 32910 33325 12465 15021 30412 20265 16899 20551 26733 39061 15937 34680 12946 21609 3043 3962 39889 35371 17715 27856 11737 6783 2180 14001 35038 18528 21093 4498 21941 39249 11871 25420 15470 27125 22209 26024 8850 37498 15882 6389 33588 24189 22146 32689 23653 21216 12001 7930 26629 6200 19620 15459 7794 11299 9931 35658 10070 18849 1427 35370 27536 33797 7797 10401 25683 12895 13999 5313 186 4237 20003 37536 37995 29223 33161 13718 752 9695 38074 1316 618 23667 39743 26594 17643 29597 39933 23423 18733 10562 31219 11339 20573 30614 2853 3341 36005 9311 29537 3382 15835 29493 5446 6916 9861 3813 4857 6884 37902 4871 21446 22425 24777 21348 18455 8174 818 32150 6458 11718 14872 16939
33035 5573 25818 32394 22085 31800 29851 24819 1924 26674 32853 7452 3272 5934 38575 26858 20489 18481 9994 21177 23948 34811 34907 8203 6488 37749 3371 38017 4824 7737 32716 24245 34562 37390 6959 39877 9995 714 22782 28857 26642 12420 30972 20775 29393 12716 34879 14227 18817 39015 27262 30649 7240 16310 12637 31271 15936 21724 8512 17244 1655 30085 11005 24520 22391 12497 26517 17028 29044 35653 37548 2166 1827 27033 19829 26952 38768 24516 36489 22347 16867 21188 8637 6025 30771 5345 37023 38356 3604 14251 11165 22363 37687 8340 6156 11416 22260 12022 11943 24537 24522 29553 22243 15455 26407 4741 16082 17187 35027 14211 11154 39122 37753 3118 23885 25176 19452 32665 300 17642 30488 6220 19097 29455 14096 27742 20857 33274 20017 38536 39746 12416 23374 18233 25080 24533 9408 27833 9870 25936 14690 24652 28705 36209 21998 8722 31722 7218 36509 9192 20726 1149 9296 32002 28174 15858 18681 11404 10267 923 13255 34132 16238 6865 36123 22546 33028 29918 26975 17081 18521 883 18152 7531 12366 18253 23450 18129 3990 18305 34579 417 3074 1016 10496 31613 16745 6573 1319 30950 10905 15292 2365 13820 16151 33622 14782 20550 25201 38358
15657 11356 25721 24065 5652 14801 4001 26319 37144 16112 17680 12288 33471 6231 16149 12471 1653 26500 9655 25243 15085 28732 37139 13785 32191 1122 2165 36078 31514 30305 5864 20327 1374 32320 10100 5063 15274 28149 1030 39290 5994 9203 30700 22130 34963 989 29478 38192 34779 2718 23259 16643 24662 8273 12659 29661 792 6973 34308 38696 1816 8026 38557 8691 28236 9711 14632 28698 4930 17888 11508 18463 5139 23183 4684 2796 2312 34813 25458 24842 20714 34224 30819 39240 36817 18828 3450 32732 4249 2828 20808 31499 30603 7019 18703 18891 31006 19513 21119 11665 4951 9579 244 22412 18689 3170 7832 19574 9101 34423 21430 3742 29818 12612 2498 28720 23490 36590 27227 27811 19877 21946 5071 6186 12311 20203 25373 1240 23291 20473 4901 15334 39786 21042 1442 27824 39287 3683 30328 35935 25216 32141 9865 3796 39859 25570 19254 35541 38706 25358 30955 20894 33098 23747 10679 1890 3710 9571 34021 19350 21537 27019 33336 32905 18382 34780 25835 39535 12720 38083 5428 30832 880 34726 19997 28278 16090 28031 20234 32883 27487 138 39406 13915 24832 3194 14377 9000 23253 9942 19480 7326 13564 24207 22335 13921 3048 22692 2924 16769
14744 26068 33185 12219 9418 18788 11710 37268 13179 13371 19383 23409 10393 5005 19591 36575 9365 37417 34744 37214 31620 27135 31471 1248 25440 31815 35018 24336 14995 37975 20997 36215 10777 18663 37518 4717 14586 11336 7719 37402 36982 200 6523 34457 11475 15630 20996 1840 14483 33434 22354 29564 26557 23539 26734 37477 37565 13659 17047 34521 15569 26777 6095 10419 13661 11575 25209 39863 21233 16178 12027 16782 31553 10351 23179 6345 21861 5660 8803 27743 24276 16817 16735 24646 37243 7869 3201 24572 16536 16267 17255 24482 2678 31942 18566 31382 26243 37448 13193 17835 37364 34834 21982 720 30775 11213 24434 5043 25753 29094 16506 33675 17987 2085 5010 15484 1806 28439 23845 27326 14764 39021 6415 3535 1809 21362 25309 37185 37378 28022 5479 2990 35722 27328 27529 32707 14682 28142 35209 22456 31097 37590 12907 12426 21672 28610 21598 9161 24904 33017 27967 9568 12777 34383 33766 17344 2459 25758 11078 29604 17833 18353 4092 2114 9652 7886 26119 24403 28508 557 23069 16877 30321 32327 36866 29800 17964 13008 21787 2123 22289 4429 39228 22147 21313 29384 4568 37742 36142 14177 2271 3484 15200 32987 26761 1879 13350 30845 27555 16554
21226 6585 37880 5743 24414 38722 23639 22516 16311 12500 2168 31631 1081 37189 30992 1998 3081 22543 18102 22006 32373 25804 34374 20869 20880 9758 37647 24756 25672 25228 27942 3155 26695 10372 19838 17222 37245 14986 16904 14320 15930 28399 37093 8421 19070 5315 3335 11945 10497 32115 12564 3431 25189 28957 32098 29147 221 8960 17201 22947 5324 29748 27420 9109 11966 18217 36526 5670 57 11052 38625 8104 7966 2571 4797 29172 13914 13073 30740 29035 30093 39624 21663 2951 33910 39246 7951 26935 34890 10127 8669 5733 13096 19285 10407 4287 39583 21252 32388 22969 30249 20871 30707 39822 25287 16686 10536 33396 29741 32245 14765 11134 5650 15243 27107 6514 13138 21996 3782 36330 2108 9922 38152 11138 34727 16983 9216 4059 10615 12798 22738 1743 21626 14397 24531 16569 17597 11900 24103 4610 5634 28405 11175 8886 4339 21321 12991 29256 15186 10554 33524 5708 22378 12896 17119 5835 30895 27576 10629 15494 39097 12686 10017 2238 13339 39200 17114 7367 37912 18615 7943 17818 19713 35211 21664 36632 25636 22417 23614 743 8224 9157 13141 25864 10010 39236 21105 12987 16378 39922 11566 10687 35771 3566 4454 13879 22091 5847 11501 10852
28751 541 1313 35744 21882 3614 4605 19118 29957 13473 15066 2084 36812 6640 30243 9388 32521 9481 31825 10713 9716 32828 12910 35620 6413 38373 10526 29538 6921 5694 6607 31498 1453 31211 24635 11406 23436 27852 18229 31325 36398 38524 24517 1765 31860 17122 30566 30746 4809 12102 32814 20764 36417 4246 4755 2305 5491 37614 37738 15697 9830 34759 23833 2336 6845 8839 40 2916 30778 26524 25579 30039 25653 22916 9395 24369 7517 38879 9955 30668 38832 4775 13191 15365 10308 35914 13685 34983 20637 18723 33370 19251 770 33448 34049 3753 8834 24073 25982 20403 16067 30007 23395 22005 21732 10822 2055 24986 9100 32576 8091 25210 32443 27043 20120 35713 15098 19555 14760 33496 36208 26089 30388 13200 397 18046 32302 16658 15082 25455 6923 37096 21285 25658 4697 15690 552 4433 5735 24353 11375 32137 18724 10560 38735 36749 6439 32044 38737 14784 661 14193 31361 39489 22248 19271 1720 39915 30397 38054 9096 3310 4361 26880 22252 21902 39333 16188 32052 39101 2028 35114 22624 26621 31747 3741 17349 34445 25355 31621 904 5025 4952 13895 8296 37286 14380 21320 3325 34953 39030 15704 1245 10391 36524 33090 19782 36236 2603 2722
28540 36460 14402 1665 23169 27337 2973 39905 31938 19016 12237 13463 26672 533 21927 38030 36808 2665 8244 35050 9898 481 32067 7013 28426 36244 33977 10911 19149 87 19949 20062 6501 30931 10664 21812 3618 33012 36580 39262 15820 7596 27342 32100 31727 8961 28413 35944 18172 23101 22654 14660 37398 9396 16444 1854 23867 25759 6052 1799 21968 21268 28667 38808 28116 8116 12174 27998 26623 39012 11981 19343 34307 228 13375 19220 27974 4683 28563 8787 16327 5463 17012 33360 4047 35297 28517 20158 34477 6132 25263 13592 6676 9391 25261 6994 7777 11509 14829 24568 39882 36814 28030 16960 33645 34634 19974 777 16467 33777 29821 2759 10287 37890 35973 2049 27547 38543 24699 34979 27823 16711 10867 36309 22348 24372 3770 36993 1947 37922 23934 39717 33329 28515 23479 36803 13720 7696 15723 34450 21682 21917 16316 29514 20998 20660 24378 4768 30477 794 32329 15699 1347 23779 17765 16516 14595 32535 7704 35047 38511 21437 1239 251 24853 16291 36530 38810 11598 17834 4691 4813 38178 29606 9910 33479 13613 38014 36033 8002 12414 22960 31071 29452 23227 30120 3463 22003 36331 14669 4933 13857 22305 9734 29560 7404 39067 39319 8250 36040
9077 1524 25500 37871 7514 3291 15934 31305 37580 14022 36297 8532 10578 30752 39465 37119 5481 3006 31573 31726 29277 38213 9315 33948 36877 31636 20823 19879 38133 32530 25211 28693 21050 24706 12836 15772 10211 20472 38528 3657 23886 7685 8286 17674 30311 22461 24113 2788 4081 8504 38995 29890 7465 134 5374 30973 18346 10800 16367 35738 17580 21373 13354 15693 22893 30483 20947 19363 18125 36547 11077 22464 22118 8779 36382 8621 9472 24322 39741 29210 8934 32116 32370 31270 26216 32547 1402 28353 222 24039 24133 15314 2482 1518 10155 16709 36535 10960 18130 30 3592 687 34351 25481 35847 33060 11978 22586 3193 9301 28791 31873 7964 20651 11207 19088 39811 2309 20750 25545 5725 17947 15515 38380 29091 891 3862 25258 39172 28764 27046 15728 27331 10845 39429 27184 32395 27645 15973 28513 15212 16003 35506 38188 31175 18165 13364 26697 17711 18091 25604 488 37822 20035 26502 11623 25983 37211 10209 116 2329 23105 4455 7688 17192 33236 9660 20839 18410 2551 22793 31916 25998 986 24407 11810 14333 25450 15778 1150 26423 27047 15925 19716 11113 17077 8474 23774 13922 17813 17446 23161 13380 28866 25643 17326 9634 29348 32275 14067
18436 23031 24121 25628 15525 12385 38593 8829 19514 28558 29375 7970 14982 35296 38008 2666 35397 14092 5208 22734 17802 13483 4123 24879 30769 22850 11370 34236 26689 27283 39782 27782 36302 29863 35241 2696 13656 32294 5169 7515 19725 5288 5905 30170 7341 18237 24790 36217 10782 26195 36148 10701 39520 10770 6240 29372 39439 5842 25637 26820 17904 11931 29567 10159 31570 26181 23348 36271 35138 15718 12725 15849 22235 17291 31312 31872 24184 22807 7628 26767 36680 38216 27495 26523 19755 8085 23458 7716 33054 6574 27936 1984 25852 37978 39011 29688 15138 26044 11082 10263 1094 37537 1271 5441 12441 7656 33923 39422 38428 11738 33392 17625 10895 13361 21290 6069 34321 10272 32257 26568 3975 31264 10204 19665 4056 10698 11661 12691 4729 23228 24454 4887 17890 39002 14368 4869 37571 8403 33753 5809 36415 30527 35090 6697 14018 13535 5824 9011 12146 15075 24589 11547 21559 39163 25972 8636 39423 30502 15765 29551 32829 27987 36762 14292 15984 36476 30783 22320 39458 27304 1201 8891 9875 5004 32639 5154 24456 17052 32681 6570 31372 24827 22286 39907 34088 1138 14445 19904 5499 30617 26495 3725 9483 15991 24951 23445 19603 37984 10734 35849
32753 10052 28554 2096 5188 12327 1571 7926 16220 15645 32699 26372 28904 23334 37466 5747 19826 11001 28633 6632 121 38129 28136 31923 36788 28711 1489 2433 20260 20073 11314 27233 24741 30900 18226 7159 8319 4880 33088 33234 10177 31779 10907 34903 39046 776 32426 6990 815 15736 30616 9754 10116 36674 870 37473 19364 20312 14748 8684 5460 20159 13108 39900 13802 20916 12181 27926 29466 20154 38710 17608 11412 70 17205 36607 29218 8092 16347 39994 8514 5748 23376 7169 28356 143 23263 24800 21940 26854 13919 23613 27108 34371 37095 23707 35173 11910 19427 28865 22142 21725 995 15668 16487 16460 7135 6780 13319 14395 28725 25939 14069 34523 18372 37325 26443 17562 31949 10482 37801 16029 3400 12065 2062 14497 30699 6911 15279 28394 37022 18186 19597 23888 14954 31453 25427 16255 12866 625 20739 15381 1682 33429 32636 10412 15747 6831 22539 19985 28180 20525 32447 10352 3834 15392 19312 14063 5351 2612 28953 408 19080 21142 21718 24444 5173 39899 6978 1842 14993 38613 29888 17503 9697 31426 24808 4410 25720 24742 18716 36226 13819 5841 31376 33967 34677 4823 3556 38687 7092 33173 33669 16795 24965 36999 785 5391 34898 2287
15839 28546 8134 7786 25533 31556 25569 13753 4665 19602 17532 5755 23980 38946 18930 13918 4671 39308 20836 11751 29244 13053 29151 35240 24070 36027 34322 18945 35082 6092 34715 21766 35259 9706 34702 6522 27185 23809 25430 5230 13479 4005 33145 23001 5883 9305 33603 6083 27783 23962 37355 2982 4958 31523 37796 36146 13688 38190 2023 2119 26593 33984 1492 36882 1675 17730 6521 19318 39 21298 19734 5574 28758 2326 38431 38755 19440 32459 30137 6147 36617 19911 2506 5662 18301 22719 18533 35323 3913 26230 2708 6726 35427 16788 836 9966 35788 18185 24471 961 10158 25207 27609 17086 13182 14839 36553 17552 33105 17162 30765 22382 28707 17277 6787 20117 5679 10780 10197 13709 22943 29423 19139 15295 35455 12217 34359 38838 14524 5000 28503 6738 33467 4313 6724 21486 26376 25111 13707 7199 656 22897 36358 18287 8441 35670 23498 23757 30572 26798 12994 21208 14815 32198 30022 9498 18504 25688 33288 9504 428 3004 14009 30023 14778 14199 39613 4374 19466 5751 15706 16980 38876 39543 31267 8306 30077 32624 29173 7933 30585 13127 14861 17938 3302 34443 3018 14236 27552 27011 10637 921 29429 16609 30599 35104 12966 38203 2516 30855
27851 33767 29985 383 28189 19586 19090 21654 7242 12902 33331 16740 2987 3449 29025 34226 8502 29583 9228 29749 26373 4222 2978 22806 29089 21293 14339 22509 25175 29605 2045 34090 4014 36583 17612 897 38121 23632 33171 11169 419 1381 6463 38290 37696 4019 12473 9037 22665 31354 32850 10411 30056 1268 9545 38234 37019 39827 4298 17354 1889 12689 25260 18561 11827 22469 31527 38116 36058 22857 23838 33347 29663 39233 27488 16629 14113 24036 13930 23680 36606 9018 23501 14459 17041 1750 26796 35080 18126 34473 22433 36693 11908 22847 19275 6009 9184 12025 26724 37121 18548 9746 16266 6566 9725 29356 32676 37915 18864 39366 34253 7829 34213 18029 9620 14032 23674 26939 18686 17926 34048 6599 2619 29507 20240 2125 29574 19324 2219 5517 146 35288 24142 21544 15716 88 25177 778 3364 11426 35289 14371 6526 13884 26712 5887 25654 7993 34442 25729 21244 17530 9429 17952 37943 14119 6922 17099 36326 33719 3702 11831 348 23351 3125 33490 34512 14073 32260 36705 37230 6541 36972 28205 39768 33811 32015 24743 24013 28632 4064 16557 19045 15615 14494 33200 7386 34637 16659 13934 36742 3151 2235 7714 5519 29363 39734 14689 33889 23480
31525 29714 18145 9234 1196 3576 12058 26445 27963 38703 21914 16979 29849 6699 9912 11383 19719 24769 35841 11967 2211 5693 27198 39806 20399 17506 4175 1587 39462 32799 10102 23974 2804 10891 10151 34344 32430 23449 23788 17164 29940 28801 28163 38713 6379 23924 20171 30553 27902 30078 4129 19204 16053 9815 23222 25892 14670 15840 38809 17443 24748 27166 32919 23655 30343 15436 6417 37560 32291 21170 8846 10107 36168 28887 37196 27187 208 21610 38855 10708 14418 16972 6227 20051 4583 22390 21647 38003 33780 28877 8587 10723 35305 39104 38098 25523 19315 33838 38774 13844 19669 28935 34418 36084 20700 34430 26757 17885 36439 6647 16802 26380 26955 30902 26868 29287 27379 835 25171 31400 38954 1288 1472 20919 21694 9546 4089 23768 16353 5385 33995 36041 20294 8765 39371 27537 10331 30112 28292 32130 29975 10705 1534 29740 18207 30298 30407 18998 20831 3645 12941 28970 35634 4304 28772 10385 27264 36738 32177 34239 21778 5520 22033 29127 1137 28844 28657 27384 38674 8334 18904 7389 18094 23230 9434 33005 35023 28297 24945 29571 22986 19365 5813 28773 5493 213 28065 36735 4380 27696 30123 12517 13525 5228 36340 22745 31357 39893 19757 38526
32897 3257 23746 9394 6853 25621 2332 14071 10437 37321 28414 33997 10279 30135 15180 28659 33946 16356 13203 20514 16159 328 20192 27278 4095 6287 7492 20239 11055 31378 39561 28782 33949 22796 10043 9350 34169 27403 12277 1339 10837 17701 5775 8795 3622 33606 19111 5389 29070 6615 38043 8755 24978 34242 28183 18560 27310 23087 7731 9693 7754 25595 2659 20041 11448 25144 32351 889 4980 11741 12935 36106 15027 39195 19959 38563 9285 9237 18364 22143 12033 22086 2063 18180 17334 14458 2081 30725 10836 20595 15621 11429 29386 10827 35495 19453 22853 16764 25399 5543 5611 37736 29095 38183 37693 11152 24633 17694 7820 29977 25997 20295 28900 36564 36831 17712 36949 27889 4752 34595 11290 30803 3517 6587 33569 16583 38547 8100 9027 33389 13773 29033 2138 20493 34069 30520 14656 32047 37043 35361 10616 22884 7772 38694 39389 14847 34071 39626 8672 4795 4606 28471 28779 7372 20777 16651 39914 21394 12533 6145 32049 38041 24581 37366 31656 37661 17057 8600 17898 13968 32944 17206 993 38541 30921 24448 25016 32160 39607 28141 342 10779 33810 9078 37259 35255 6748 26047 17228 448 34220 4475 10305 39469 20883 1063 10370 35757 31603 274
15176 30106 28328 18662 1644 16610 14343 23184 16949 3698 24651 36011 38585 23587 158 39569 10714 14633 25479 17258 587 7556 15850 22196 24981 15595 22506 39849 22100 22640 10797 27723 20135 588 15881 24644 26740 37851 3978 22769 2411 27569 30673 26050 22958 24123 33698 38279 26960 33768 17030 22670 164 20056 38668 18400 38494 701 12963 15447 8816 30432 8437 38587 1853 5269 15030 10119 33472 39775 22559 30555 3461 34736 19360 28998 29540 31893 13223 25046 5879 23541 37662 34674 38632 37379 18833 27845 31335 12083 10481 22087 23135 21965 27729 10917 10347 37055 19544 23808 10693 12457 26219 2079 3386 18385 29685 26837 5653 4846 7448 27376 30631 33235 6850 6136 19577 37805 19598 17321 26213 6562 28611 2167 11870 12367 10439 23716 11396 11562 19766 9099 5040 37331 24166 32682 12897 33045 6813 18579 9374 12006 29777 35251 17976 38649 17100 2641 32929 18198 8126 22192 16253 33860 19808 39610 39385 31116 29664 11065 35135 4052 15349 22256 2538 8805 22219 23705 30424 17271 2093 7932 23175 23456 30927 30420 33230 14868 23931 38266 22166 30389 19962 9879 17176 21616 2174 37392 3774 2239 39634 555 27275 32509 3060 30142 7949 5415 22972 25335
15101 11583 12948 37275 4231 20141 17363 16697 25783 18241 7113 7262 9619 34881 10792 30015 5687 20174 15252 4580 36393 12883 12122 16432 31554 28371 6100 1383 24330 35413 8676 25909 31549 1491 9148 13597 18020 15188 15739 25975 18251 18790 37491 34312 23687 16428 11953 8495 2095 20873 32888 15105 32142 13337 31545 39901 7385 19802 578 34100 18163 18677 27486 1922 994 5605 32586 7366 26400 9220 2737 6698 18432 1156 27668 20164 16577 24176 8545 18910 31013 11393 12223 18230 39660 11972 20491 6429 4223 10998 23495 26604 14676 5791 28169 5572 14603 25898 10198 22199 11577 20014 15823 5913 31160 4333 38034 32201 28676 1699 7879 13496 38744 19029 25147 27834 12015 30521 17978 745 37007 4367 16143 16349 37804 22541 16115 26963 31433 32761 33416 29633 15856 38751 12450 16497 3261 30876 33226 28098 21390 13563 32283 21392 20973 4280 39866 11215 3016 37057 6416 25369 12709 9442 35112 23515 9876 10191 33849 11476 5201 18585 12879 38101 23313 33228 33196 24874 18142 30223 8951 162 38888 25580 2417 12482 36165 28313 22748 1509 37712 19743 4764 7391 28177 39853 27332 38565 32048 8419 38777 10566 13372 16739 23033 13786 36259 6600 34459 9596
34420 30744 7626 28924 13742 36689 34332 14579 29925 39404 311 30004 6238 36252 15049 8351 18 29697 7936 25756 27995 15815 21547 38454 6736 30658 1382 31849 12973 3214 11293 12976 5544 11762 14925 12350 28179 22185 653 8582 16721 29042 39412 6908 30198 28187 19705 34888 35820 17934 34855 15052 26555 38778 32562 24564 33527 13091 9251 8063 14085 38540 27515 30981 2660 16508 25360 24342 3835 4108 8721 35600 25919 19496 13247 39426 19951 11040 26869 21185 12249 39826 23053 3642 23470 36876 26785 17180 7037 36412 903 22633 22191 14505 26614 17666 33631 15006 19428 2607 34361 32773 38620 8110 4827 33974 12282 37302 23530 36905 36481 8416 20994 26474 11274 39049 11249 5547 14388 27647 17727 25054 24828 24700 34152 12259 36221 16445 14238 18708 19992 976 33258 17544 8752 39223 24283 18118 13634 1354 13175 20613 17725 20140 14375 37989 11847 23939 37490 20759 35150 18343 36294 7578 16847 15003 24628 5861 27409 5222 37897 25467 36712 18879 37001 30869 23216 1458 37048 21702 34165 21235 1015 38123 7323 6211 11452 14678 32013 4743 16366 27523 34293 18060 18507 18486 18221 24473 22671 27157 22205 8445 13016 26477 24615 28718 20162 12310 39175 17195
10444 5322 16832 17110 19027 21327 23438 25492 8438 11112 716 5044 26412 29775 20786 12919 30350 24574 17468 37622 14068 5119 2487 38409 2301 1990 3748 7834 25977 10162 23029 43 26698 9598 9244 37514 6230 7957 15147 19154 35627 27098 33149 16800 31984 14700 34949 26996 4790 12588 2940 9982 12890 11173 7683 25293 6545 2462 6154 6480 22467 39227 17087 23430 5320 34509 15315 24349 21650 19587 4420 22759 36656 32927 36270 14447 29969 20405 8734 13894 24889 25547 24721 19492 16774 9131 13993 33657 6484 23325 18760 33071 14902 24558 1870 16608 30275 19413 18059 28798 27820 16700 31407 37839 5891 31098 32582 38663 37579 37190 19458 36921 31996 1432 30425 18948 12040 11042 31960 33178 21793 18894 11606 24707 9945 28329 9409 26572 3779 28914 15454 28731 36773 5817 29310 33296 12012 37854 17494 20163 36160 8114 15939 5554 35103 1009 5101 3354 36021 21098 35609 20615 3156 9515 31975 25416 20191 28040 18275 3839 16043 17075 18190 31559 10020 13701 8407 12052 18479 19055 20626 3039 36761 14473 35985 2106 39910 17576 10733 21370 23278 39738 18859 12780 2463 30856 17174 7039 32738 12242 11237 29903 39313 15417 31287 12952 29232 18034 3456 1048
25161 36298 22458 15166 15283 7802 16350 9443 24463 30734 13538 20025 14006 32536 4292 33489 33677 38487 9369 12820 30496 11687 37203 26399 5066 11552 8682 24275 28000 35962 33407 25691 8204 34977 14960 5593 13889 12821 24591 31684 31424 9222 32517 4904 28289 22634 39716 6296 30868 4987 25692 12876 25607 27780 38163 3545 16293 26726 5633 28978 1982 18393 1334 32324 9936 37883 316 4163 37128 9426 5076 10870 31237 13260 11593 18602 27958 2774 34706 18975 24709 12472 10323 18755 12880 29001 39720 18306 3991 15888 21943 20470 31215 22268 14439 20964 1815 15513 6367 11285 6208 3851 11384 3994 3049 278 12091 20085 25978 19988 9348 38010 29330 1190 11196 2240 39400 14759 19194 12123 3436 14203 11048 15213 8956 17997 380 12711 12837 35736 12381 10634 2581 23218 19798 19972 34950 27077 3448 16346 6197 34249 34255 28082 32833 12393 23679 39675 36531 34270 11698 17124 33268 22733 9960 21480 6489 34651 36753 35419 39736 2392 8908 19037 14841 11056 20398 21082 32975 36868 23364 17836 4769 9992 9393 32992 20175 30010 24940 38799 28109 5325 23597 19005 23978 32060 37566 7899 23302 27593 284 39248 39795 12159 37718 24244 12676 1278 28058 32881
18154 38280 18821 2014 20180 5999 2371 4482 10382 14432 24155 385 16977 17889 10237 29036 5088 6941 9952 5946 3515 23866 12074 7512 26533 3629 20449 12243 1742 33872 20970 23718 5130 35124 15385 9536 31032 8947 38928 15692 15651 17504 20580 32358 28202 6163 12166 27219 39785 16905 38417 7912 19787 15976 34882 29019 29457 16652 38970 19212 37829 3239 28730 11609 17006 1730 5125 1332 18589 1580 29612 17510 36477 16348 29503 21634 17782 38754 37025 31436 13877 38403 11767 28915 36568 18502 33912 9229 36480 20804 4654 28821 16485 18503 38332 9829 39557 28443 8378 34241 6654 36416 32515 31255 34600 27110 32024 26261 10788 11675 10094 6653 7151 33961 7082 11159 31068 928 938 24140 39288 26142 3312 37258 21636 22709 23785 12940 25330 37673 6347 11673 65 27395 25727 8433 665 4079 25052 15358 32840 6755 30419 11007 26346 7150 2395 30155 36694 931 12190 25770 1641 6575 30507 29539 37920 22780 7176 8719 18620 11363 22056 32334 7921 16993 20906 4225 35594 33049 37257 31819 1490 8431 27586 7636 29204 13352 31972 26134 27124 30371 940 16475 38483 28913 1746 29649 8644 8694 13420 34309 16229 9726 21739 38312 19021 11800 12856 4875
13621 899 25520 25333 21875 9219 27882 13513 4736 8483 14898 15715 5178 8149 20262 8756 14334 2925 19659 15007 20735 30074 32687 14606 360 38148 3189 25967 39085 5846 32318 21299 16863 32623 2022 37792 23060 19101 19233 4514 25063 12886 37118 28663 24370 139 15004 11219 3529 2887 23345 21498 16938 148 17221 8439 14349 37703 16908 15055 16287 17640 26872 39028 24820 27130 22329 33998 23937 10921 25069 21454 16515 30792 34642 29396 6538 6559 34806 14170 8892 26303 34283 8594 13381 5482 5577 11507 38624 17156 27345 8424 11100 27791 2216 36458 39715 19445 27790 942 24816 25927 36036 22723 27072 25112 15949 3296 32183 10794 21997 26529 22208 38201 1733 37256 34155 17511 8103 16687 13532 17065 3549 22980 25280 11588 24661 2261 21911 26109 31025 17770 34433 16712 15862 22312 3362 14500 28271 25675 9851 33868 1417 14812 7280 25600 27878 13853 29380 24248 838 25716 34208 35649 37881 17914 9142 3313 8631 35221 16375 10172 8661 30302 22271 30491 28430 15388 33881 32335 26813 21686 29762 25747 37393 32269 1246 26124 12180 29860 5590 35863 9458 5738 16934 39105 2873 33263 21137 21499 19091 9332 24341 24096 27625 39623 7752 31159 19470 26879
13382 27112 35604 26833 9033 32194 37785 11013 14985 13044 17862 34377 17578 3891 39735 1667 25773 39611 372 262 31941 35778 36965 39666 9735 16184 5268 26776 5569 39482 26207 36807 18460 2420 9054 38328 31225 4945 34555 22988 30565 13143 36830 8488 21853 2755 28090 12454 33740 21381 20442 15781 28738 9672 9233 33935 25496 26739 17774 11391 13362 29897 13297 13615 25187 23288 34214 22402 22731 5789 29596 30219 35828 8222 473 20256 15148 13331 24074 930 33143 4912 17953 28346 20230 34956 25027 911 27103 6148 14164 28590 21821 34485 12347 24461 25606 38195 9784 5770 15737 27443 1307 26236 37924 34840 1152 953 19062 3336 14710 20125 655 25417 37187 31263 9997 21961 37525 18311 14323 13055 23625 32583 34828 17384 7439 23148 29961 6914 14917 14398 29226 6394 28164 13326 2246 26816 16496 14559 1886 2726 17796 8291 33279 21000 3240 18845 24464 17577 22651 21305 13928 6803 1579 35324 23128 13757 37200 8252 17429 35075 15163 34506 16223 36098 8365 4233 35555 29757 19863 11286 28837 18756 3689 32837 2453 22767 944 34876 19512 9907 28550 7244 6554 7557 36759 12572 24485 27617 15709 39349 34140 18530 33238 20446 32971 22173 4065 705
31834 35755 4180 3744 14612 11546 36542 1939 15599 8124 39316 3656 22573 37222 2512 4574 4957 20636 8322 17102 39683 38430 27583 27635 2817 15624 3396 13589 29141 21203 17091 24146 33996 23481 30211 7755 5410 22521 25639 24705 31155 9893 16539 2050 27518 34567 19595 29231 33426 8739 22508 37653 26546 2615 25521 26917 25954 35217 19508 17686 29907 24737 2617 30313 23673 38501 601 4149 27123 20751 37772 30232 15658 22364 35826 38308 29120 22403 24198 22973 8610 2530 17330 33743 27722 4353 30148 25438 28232 19621 3589 10790 6909 30310 10047 8449 25128 20040 24603 21798 24254 7598 19771 12320 15371 23711 8108 13676 13353 39917 29563 15577 28374 5931 21907 2618 17154 30692 6759 15602 9979 28147 7763 34803 22132 32677 584 3579 31482 20113 33494 6079 31630 4144 20986 19377 32617 31608 14318 23523 9191 4097 5348 5045 27993 1074 26582 13046 1235 5860 2972 33483 27144 18420 36661 4016 24089 38264 7204 33078 22031 11572 29220 31161 18587 20539 36841 19098 8554 7469 7153 11632 25616 29006 34998 9306 34732 20264 6109 6852 12099 4220 18963 28907 298 10126 31014 3735 27772 26375 2731 26944 479 14406 11471 2891 31314 39448 3857 38347
19023 35094 25988 23454 27008 36676 36211 18266 18487 7420 26270 31359 11244 6408 12582 23434 31721 9850 6058 37167 37220 29555 28272 9239 28493 34940 34778 7041 5468 19245 30176 37114 7927 18213 15103 30787 16825 494 28834 5477 22747 25515 226 9544 26600 13452 29405 27307 39056 15228 12791 32988 24240 11385 12331 18261 3897 27196 34705 23004 24119 17040 30607 6639 5456 36341 12192 16784 15497 29318 3103 33121 9906 17480 34714 20101 20285 32386 39506 14564 39702 19292 8442 7504 5203 5785 9114 29261 26086 38104 18734 31208 33156 19906 25723 24655 4145 14703 14169 4104 3671 6007 4171 38601 19449 26048 30174 10524 27215 28824 36203 23700 36388 33229 11786 15076 11072 36597 24917 13296 7850 16152 39330 17044 31838 3015 12806 12761 20400 37724 6881 36343 27762 32804 19416 30968 18047 35928 32731 10440 20131 24313 6706 26344 16622 20439 8945 29858 616 25617 3789 35430 35554 6594 6913 6314 32899 10501 11032 3079 21502 17319 34198 26522 7030 29389 3543 5321 33947 38762 10431 20052 1514 4253 28226 5535 16448 30369 15187 5539 571 9581 7237 748 6667 6735 6864 36169 12408 4520 13308 16534 38960 19008 26518 26430 24196 27684 38972 39096
29678 22201 13045 3554 6103 18014 21027 2547 24727 14753 36984 39698 38271 15641 39669 20078 3959 14074 14766 15144 22563 33847 18784 24829 24887 32018 20610 33318 26285 1951 39185 13378 36620 2989 18936 17245 37991 27088 3821 7518 30257 25182 36409 29202 10457 20907 13437 22834 10657 36819 8535 36861 36948 35893 27848 31449 18188 31806 25268 422 28203 28490 3795 22675 22001 24061 5001 39838 7545 21579 25802 33751 507 22661 26565 5951 15980 16715 12241 29832 30708 1537 12863 7948 10299 21146 34030 26488 13890 29554 22802 19296 25652 11960 30544 13446 29636 26021 31489 27051 14810 17020 25838 1436 35453 22812 4279 10775 35981 7562 15907 7267 10942 15260 26748 35143 2355 36384 2680 10037 4716 22047 39428 17362 6928 31408 28176 28496 10269 37488 8998 14893 8440 35642 11559 23429 8825 17209 11663 5413 21777 37457 31290 9190 27189 36204 11584 25734 12296 14775 1814 33384 30306 7303 34719 16988 33047 27979 22330 14713 12372 17792 23290 34378 5560 10060 26662 23399 38917 18437 38476 8452 17568 25958 36570 28850 18395 23928 39455 20866 18337 1499 28257 10032 27068 19331 19730 21925 18074 34115 18881 5581 38914 32264 23378 22514 8879 10906 11023 7464
782 289 22301 17313 35471 9412 31404 33021 23778 39596 25519 957 36232 15688 23187 8213 14105 22821 23020 4476 4713 13006 14153 6555 1361 5238 4273 34560 37205 18371 27616 30380 33344 21210 7076 15902 34142 26918 3465 24023 29878 21346 24952 13164 27642 1091 37532 28785 27931 22049 23343 10066 27531 21420 4935 7125 11446 2030 554 18814 30759 34129 32538 36237 8430 2490 7291 34984 5007 26008 3898 28687 16330 21928 20618 36095 27927 36205 17721 26773 7180 23765 7188 16587 36305 31983 4934 6432 13747 25900 12487 18073 36162 2016 13836 34122 29651 4216 15106 32241 27546 23670 19391 8589 3019 30009 20021 24429 8768 14152 39272 16889 36189 32749 28585 5591 24675 29543 33542 28647 34469 25803 30184 27498 12532 30824 15532 2353 38135 11480 33839 25660 199 35680 15741 20002 36048 26452 4659 14145 38422 5684 36467 39745 37668 39803 1144 12339 36375 1818 21058 18101 37431 31948 3631 30024 33468 21772 4534 31813 31753 20480 33398 21296 27070 22883 3192 14012 21270 4073 15743 31592 17001 19864 37029 32284 34966 13116 34788 25190 21651 33270 3111 18359 29321 29646 6142 39327 36991 18466 8303 633 22122 31173 39748 14697 31609 38457 2591 4715
1204 7318 34031 27542 39954 29350 1331 9786 26560 12384 32663 3352 33796 31859 32671 18612 29236 1170 3407 17177 12751 4718 9563 12322 12125 15081 5232 7419 27867 16621 38603 32977 4062 27438 3736 5974 5022 22182 29744 9852 29869 36406 35466 14826 16344 38551 6925 9887 36610 4903 31328 14734 7283 38473 38521 39397 36979 6917 27117 33072 11785 29681 37546 13686 26826 13130 26404 12107 39322 24124 9141 27126 13134 30427 30970 20951 17939 18418 30847 7433 4023 17508 19172 2542 15612 24729 4929 34299 25466 15601 15136 36932 7655 32981 32602 16611 23799 30615 29976 19994 22952 38462 15482 27562 18167 1557 965 5570 35714 23568 2776 17341 19703 3426 21662 29237 12424 10752 39938 12142 9630 18276 33862 6618 29657 33592 17 34728 6246 39992 34346 25669 8075 8653 6399 21193 29432 25099 26440 36110 39156 5467 30163 1346 35978 39048 19430 11457 30377 21526 23150 26598 16300 19660 26345 4310 34016 30834 20202 6815 3940 177 38086 38556 29764 31929 812 24815 36003 24526 29072 9964 9661 36829 28502 8331 39837 30086 29140 19342 20004 7824 19158 23064 11334 26758 5675 22471 20885 8966 14027 21372 1258 29684 32120 4620 39731 3332 36299 2369
17882 32808 15095 36971 6286 10567 10781 2249 1680 5625 31365 2811 18691 1505 1452 23761 31974 12212 15954 34786 25724 7181 15880 13450 4230 14301 34323 34578 15404 6206 19762 17746 17629 28763 31697 37016 29313 33700 5603 10726 6368 27060 32113 26438 36901 6948 7090 11560 24851 25846 37896 38971 20209 24175 20939 9143 31911 16328 15648 3205 5424 15740 30471 4852 31959 37168 17402 2595 6369 22277 16540 10675 1207 21627 1985 941 14961 28285 16193 12419 379 10865 39846 8141 20071 15793 29299 25551 21253 7330 34189 38935 12382 15011 8943 34815 12128 26845 28989 4211 769 28009 6281 39995 27083 27561 5757 2945 2143 22421 26184 339 30373 22615 13682 39332 24605 25536 32014 38421 4266 2276 11147 8970 5947 3032 23457 17974 14616 39788 22591 11954 11730 13266 1884 1213 28826 7148 18889 240 24128 28245 12307 27261 21266 22535 6661 38958 24990 39089 24214 4989 19681 8169 37251 27736 21542 24521 11899 1284 12188 16172 26201 29720 28665 13160 30479 17343 13476 9284 31253 22667 39098 32616 3037 27383 94 36486 21242 16244 33254 21994 22123 9171 23818 7900 8728 10918 26774 16783 13870 32143 12565 26079 1673 5387 10718 34753 12046 11282
39384 19772 28494 5114 8838 4634 38304 17732 9110 10031 4532 39196 17437 39553 34792 36677 20401 17924 2303 17101 4381 31820 19001 22117 23086 32540 35423 24278 35844 1897 9163 19836 24849 29717 4147 4949 20656 18634 12646 5618 260 36854 39271 29599 36143 211 11415 17190 23820 33223 30526 1559 19853 5532 23234 37800 1155 18344 26780 17495 26912 23474 28755 30091 38535 282 34413 25030 19875 12678 20915 37304 28670 10948 4102 37277 8475 14168 1340 35584 22638 24771 39603 20641 2820 39667 2884 18405 1061 2335 4642 24604 12526 36051 17287 9720 5659 26941 25662 32204 32724 34089 27871 352 11916 31607 18262 17748 24430 14354 37923 30541 14011 7588 102 18583 9227 38622 32750 29767 22680 98 23514 13347 32180 21952 16129 9524 27840 4969 35560 30041 2892 29228 26066 33385 37633 17706 15323 36361 6571 34026 11615 20559 27884 30003 8862 27912 19758 25240 4045 15672 28724 15775 18093 29499 2676 11813 38943 4452 34251 39948 23659 21835 29316 19831 16772 1321 14369 20115 2766 14566 25015 15886 1589 10919 13501 34817 11181 23092 28417 1677 22009 21913 23602 24822 23492 37543 29510 9860 9930 29616 1419 35142 30733 32528 22027 16045 10183 22088
22710 23316 18824 32364 29513 35111 36604 22648 26581 15268 5762 36020 2954 20571 36389 32208 35348 13060 18593 36533 3381 30907 5906 25853 31794 26974 15402 31720 14754 17038 24701 4907 21449 20592 9355 6603 2117 21157 37370 27939 2637 8754 29294 7434 28126 20852 4530 32206 5976 5763 35239 27759 34868 5453 35256 38634 13974 2911 4708 35846 738 32309 17361 13215 28666 3806 1462 5352 8394 32695 30930 27078 34479 24673 8771 1683 35474 29373 773 5107 11608 38187 12972 28577 39468 13574 8802 10874 14952 10417 25123 21854 1121 38189 14411 23752 7564 1702 36840 15844 16068 31425 16522 17289 33575 36404 31491 4110 4133 17466 3558 3713 27228 12480 29276 29352 19183 9605 3350 15646 15167 10666 17687 32151 21070 35395 17404 14452 15170 33549 17329 15832 37704 39843 9761 32166 33979 38599 6323 28835 4850 15948 13607 15353 24927 4082 12467 4100 16078 22017 3824 22213 38595 10521 8807 21229 31349 3937 18812 35611 2871 5180 8311 602 30189 19784 19182 24056 3853 4151 718 20350 35044 6721 18362 9797 476 34228 22187 34985 37411 29795 16399 29631 38028 7259 36121 24561 31100 2078 21323 2577 18591 30461 13243 33589 21786 24305 7939 26991
36820 15370 10348 20060 22269 32758 34887 8045 12525 12136 31844 5598 19527 15230 5227 2831 37563 10340 29145 30195 17935 5756 18065 26401 1187 13729 19540 30464 19943 8954 2197 290 34082 39500 27897 16954 17127 11434 35344 8368 26679 12842 2915 6657 6954 32553 17420 13764 35375 19752 10519 13596 5077 21367 19041 4396 6447 9091 6002 31497 17615 36497 37982 31843 27839 12493 39818 198 1774 26009 4042 8598 4492 14555 21755 17762 27097 16973 8324 13623 32627 7662 20015 22023 11278 2601 30193 33144 24495 17907 26054 10035 19340 24192 15395 182 38488 7443 27347 37719 8061 30785 9046 2489 37741 29064 13156 33576 13137 3957 10215 24419 6824 8716 21888 15745 15461 20841 17371 10507 24395 7952 9803 8152 8255 31625 15065 39979 5727 39488 14114 9812 15354 25133 29792 10003 2600 539 20361 12908 24095 3876 24308 28776 21978 16693 31096 27182 24942 1930 10736 7584 28270 8395 30937 38776 6420 6061 21006 2099 23563 8750 3984 3160 34543 1821 36838 15656 23235 13423 10322 27888 34328 25390 19895 22110 7140 36282 28433 5857 20099 33205 4178 5026 18012 25405 39898 32857 35734 34845 16762 13189 29774 35226 7610 8301 14931 17191 35433 19680
34914 7751 38588 14556 28130 10354 24513 21016 7239 23991 39179 17993 38205 27504 29951 6169 18782 32686 34623 12198 29859 10488 21164 23843 12566 21735 1457 1165 34708 24925 3041 6862 16518 37018 36348 16666 14761 34952 37241 580 739 29687 30996 31490 32585 33520 31623 22318 32747 39958 11340 21189 13648 33726 38432 38503 5417 1892 35814 35917 9801 32792 33481 8861 19791 35327 11820 39477 35952 14158 17927 15054 37003 31606 15115 27323 20944 9582 34848 38513 1327 37335 38124 7860 3389 26038 35907 13272 16872 10803 32230 39595 37303 9300 23588 21217 28853 33538 39796 14988 18976 34538 34043 38930 26784 29126 18497 37866 5705 28252 23891 30242 16858 17165 28942 14417 194 553 3729 39872 14843 24478 9817 29971 3765 32187 761 26153 29959 32570 35372 25059 23410 29813 31950 27191 11724 4924 28124 30366 33504 3007 31968 7081 22726 28321 35463 37227 23677 26310 17724 27131 27744 38644 11721 8553 22325 22090 29333 17074 28427 694 33411 25364 17654 34011 14207 13800 32377 16915 5966 38908 34756 27335 1607 10234 8778 18449 23125 4272 14028 27524 23202 13755 4592 20422 19407 882 32225 3179 35072 7002 17033 32408 34149 25850 38082 18542 24493 11482
23917 39902 22481 27574 28120 291 16185 6419 11459 29164 11992 24307 21456 2621 7905 861 21820 11518 23696 21057 7165 18246 13851 37947 33097 19683 36418 654 38111 13958 36150 2426 15156 39199 15526 13398 22860 3917 3029 33092 7091 28462 32615 6309 8447 20990 31913 17175 386 14850 39302 36956 22642 30813 30393 23006 30046 36483 2118 27159 7309 28197 19474 6685 8608 7031 23298 10114 19447 10830 10096 29952 31082 23552 38321 28369 28592 14372 259 7412 34163 37323 38139 37821 9386 33040 10816 21866 37751 21094 13601 23724 25940 16336 28412 22395 30843 35152 29522 11500 25202 24162 8147 17603 27305 27469 29504 2956 30583 6797 20427 1781 31880 11144 19134 18028 36136 19471 4297 39684 18406 24674 30331 27015 36438 15078 37362 13631 7224 22293 25178 34135 967 36647 39840 14657 20639 9664 9901 11263 11516 33699 563 21852 22083 9700 31087 12652 16201 37232 5885 34247 550 26601 124 32642 11919 33437 4486 35315 1042 6788 21466 13651 9993 33523 6702 11403 20616 16523 23656 37602 18720 29550 14098 24049 28902 14806 373 3499 25194 36872 4117 19359 36989 249 19273 15804 23627 34536 37482 16682 15803 38570 33084 10255 19180 32994 31764 12814
21029 33085 38418 3190 22155 35575 35767 18880 17962 17536 26681 33141 10241 22193 36892 5716 16419 17054 3363 27540 544 28694 1326 22999 9307 2082 18806 16222 33432 20795 8230 16732 18546 5678 36804 37293 21548 20862 23461 1379 12456 14000 30368 20037 33113 8465 37535 24664 11892 12802 22116 4208 9689 26905 25895 6041 4964 32433 7034 20299 21602 22754 38038 3349 15277 34130 3266 19691 33334 10258 29268 3578 35819 17919 4164 12458 34282 18578 2964 5810 34510 30162 39318 27075 39297 39441 26624 34038 17852 28598 23484 28023 25276 30576 28511 35147 36195 7190 33835 5419 9683 39757 35926 36615 19601 25665 20979 33405 30236 30974 22839 11654 10572 6359 721 20241 21971 31396 26713 24481 31107 18721 12614 15610 4050 19537 4547 13866 39143 20445 12270 13543 1911 29526 17492 33280 19609 37779 28977 25229 20868 11217 27366 409 20431 15051 31663 11586 31661 31707 26053 10862 7620 13082 3085 30076 22811 6306 9727 34909 11458 39031 30124 16437 36537 31763 31742 13328 32877 5956 35313 10438 29185 17912 30277 35149 26385 22612 38969 4800 19596 17596 33025 7355 18517 14055 16892 10358 7200 28760 6993 10908 29099 11359 17856 37176 3705 34453 22558 36951
1657 39912 16827 11975 22766 10872 35100 16903 36727 4883 17459 39481 16763 10477 6193 27269 14241 39293 6688 39946 20333 39572 14451 18851 13287 2587 31353 37684 22334 26608 19106 10329 33781 3206 29736 18236 14486 2918 33952 872 13079 12784 31935 20466 32072 37209 18565 7213 5744 29422 7332 863 20343 25749 34747 7487 11898 10261 33863 26449 9525 13434 19043 2671 23540 37534 11011 34390 27236 11777 15036 32976 29708 24167 24500 36129 26420 10826 13782 1898 15801 20384 2545 23721 23933 34507 22621 36419 13835 38475 2909 39950 9760 32542 10227 1828 14507 30818 33879 23089 37191 23834 24938 4085 25118 4976 29873 8746 2785 38975 6020 2429 14478 13909 2228 1565 7769 23154 7068 1874 8766 247 12727 15614 13298 33176 5892 5013 24722 13221 36966 1741 23686 29278 18834 38675 8024 6006 2816 33664 33545 22861 23605 26840 28639 12095 17097 20673 15507 20411 13462 28908 10875 26988 39538 18042 35950 17481 37632 20365 24607 9105 39273 39693 9124 39648 26172 25224 31340 5278 33568 31555 31322 32633 15433 711 37044 23861 28372 25614 7866 25618 38845 34352 21085 22431 19668 13833 2933 17249 37108 30641 20925 3828 7017 22658 34965 34787 37677 3059
18766 12106 12443 2257 4914 5110 6051 2626 27727 34981 18388 33875 6478 13735 5108 18210 3357 20648 3304 10995 38981 34076 26486 33253 38405 16013 5628 10498 22890 17069 32400 25979 14310 21175 23121 6966 36673 6285 15819 30450 21301 19115 34738 28028 20379 36016 34063 22241 34110 38968 17589 31149 15874 21518 1397 39494 35362 18549 5050 31124 24518 10625 11044 17752 24718 21704 37842 33106 19147 21120 1660 29477 14080 10882 13700 9787 25116 12158 14180 31461 27847 7024 24138 1833 27439 36323 35655 7427 24914 39638 15773 4289 34964 16318 20305 467 14865 14608 18896 6800 36518 25045 9153 19968 1266 12257 477 12085 7294 10793 22180 9972 31232 31125 17755 11991 31495 35529 29932 12008 6384 32945 18855 12205 31360 20863 6019 17243 31546 26640 35919 17247 37080 30798 6139 11604 24106 14677 18183 179 1578 15348 19148 34449 24511 4539 21833 10128 39573 12365 26457 7222 2126 20349 20371 1631 10206 729 17959 20276 11223 24584 23093 24677 7131 21059 32455 26281 31646 11479 38244 8175 28185 19093 17988 11115 39382 16021 29548 12505 10232 8986 18873 4845 38066 11522 30394 17729 12721 38929 39969 10642 23856 14615 12834 27134 32054 24909 37228 33077
4308 17490 26685 15623 9362 17709 26391 1846 19670 20526 10133 12172 30416 19483 33594 6730 1968 30608 3146 34573 3903 11344 5287 1956 20931 30635 37807 21585 27815 296 21885 30355 9035 29416 13509 9199 16343 13874 10007 13768 21415 31710 13814 36571 18870 8332 34221 11218 3715 24710 26366 2910 2253 27869 7279 24536 8295 15169 29319 21571 16292 27206 34056 19989 32352 11989 2059 2541 36722 13633 18409 26706 36498 5089 19781 21623 19775 11477 31619 570 35399 4309 39959 29527 842 35483 30180 29368 9629 9456 22903 1694 26350 23631 6297 22109 22773 18554 38840 18197 29312 7867 12439 13155 38233 1624 1941 17393 34098 2052 4181 3289 12650 9176 28193 38569 15687 22605 7214 25559 31179 29041 3277 14208 15633 9208 33046 6031 31997 38529 33618 26928 6950 15321 9921 11709 34372 10966 11381 16225 21159 13019 12807 6021 6512 6404 23115 33869 21311 11101 21046 21532 24050 21303 10478 13206 13186 36324 15434 5438 34596 21988 39759 13770 25861 28239 4384 3464 25166 10973 26848 37710 1962 12749 31730 39019 257 19235 15986 6204 7311 4497 39789 15843 16265 33966 11019 30459 37944 32559 13749 14448 10076 1599 18669 19456 35422 35672 8980 24309
14681 7654 33324 28320 3712 17944 30045 6382 27010 31705 37461 18771 6476 4254 7046 3406 37905 18013 20395 32959 3532 16462 2854 33413 31047 30570 21990 19840 8055 15189 3786 15468 8493 30064 39977 36167 901 32478 17930 6725 755 38235 9231 7271 33096 36706 26037 16829 8263 17478 18018 3055 1282 34072 8629 14629 34004 5722 35955 32268 32055 11405 3983 29075 33317 34608 27401 18651 8692 2140 31246 21646 35113 22825 35957 1103 33593 3392 10355 7506 19116 29028 39841 11225 37686 6623 23051 36028 21819 6475 2570 28879 9293 5399 26828 19672 16910 35783 37895 16859 39153 18258 27049 21909 5799 25181 24932 17352 5275 8868 2320 28828 9769 2087 28780 784 25894 2862 20149 21613 30505 4157 21037 30341 30508 18023 25262 28007 28137 8037 802 13188 3075 20899 35706 19013 21964 23559 34494 345 23247 25320 8817 25033 20243 15928 38655 19113 32860 29524 3693 24076 4146 24608 29991 28119 35999 23546 25197 34553 29852 19814 16778 10233 2683 33931 27449 1350 14390 3175 13927 16777 24900 126 33672 38839 8748 9451 36274 10484 11311 25329 30465 28596 29047 8926 25256 30822 9013 17295 21945 36664 1906 33492 28686 17216 4291 10474 4364 7479
20520 32428 29686 22377 7593 12635 6325 30259 23016 1858 8139 20028 18108 9123 22685 13425 21496 37371 28167 30782 35309 667 39588 28173 3136 35700 26183 35015 9015 20851 33673 25484 17414 35420 273 8163 30523 20783 34566 1604 4927 22641 14779 568 21488 37247 26830 37761 25101 1370 27116 32483 17237 27299 31713 16219 30494 6329 33224 36551 24195 12521 24331 25728 6620 3954 5316 28552 5989 36194 15473 7929 33345 767 5384 38510 39329 12286 34681 35281 29392 25906 33741 5199 38294 29116 34990 19590 18512 34959 19887 22012 11462 4759 18743 21179 23713 9312 22065 2083 29847 19491 18007 6704 27113 5196 3752 11936 30250 27393 22480 30691 34197 9883 20461 10896 15239 22712 14877 28574 36030 38286 23185 34774 25966 34399 4448 15660 33476 3143 21357 11 17458 26343 19356 27580 17003 32161 32222 6907 24265 15650 28909 9970 31089 19256 19028 23896 26936 38451 28615 26418 29696 4002 32835 33299 39478 38884 39073 10051 9928 15965 3522 33553 34233 9074 10123 13310 15857 3509 24316 34725 23725 2148 27606 30312 38647 9958 23749 12541 36115 2432 17392 18144 25019 21194 36026 2373 22832 36716 33522 13591 3242 30030 14859 11554 25034 24136 28870 37971
29505 10993 4868 37574 34851 28893 7526 1970 21448 14103 7193 26791 3505 1181 25305 7619 32643 34746 13517 12360 16857 26093 29018 37110 38723 36339 30048 2307 6392 3646 16946 2643 17182 4521 1003 12616 17875 33873 21248 76 31437 29251 28838 8522 11325 21483 30860 9238 22270 26999 38589 19386 6400 4689 16047 5153 21318 8057 17790 37126 38334 38001 30133 27827 3616 16725 9447 18860 28650 22062 25875 9086 6047 17004 1592 20153 22089 5079 6621 37857 10142 15421 7827 3647 33915 19398 19170 19280 1913 11921 11260 36465 26882 3952 12695 9897 9193 38693 25781 5359 21091 2985 39659 24850 14767 4678 2650 34488 27747 19323 38186 38824 38721 21080 11658 37770 13860 23111 3088 16602 25346 12945 13261 25712 17601 20635 31106 1153 12268 31324 16312 19832 36491 32001 18489 1400 29805 25465 8217 9710 17267 18176 16530 27207 18661 4772 24218 30354 10252 37066 26812 3044 7745 4209 33495 27312 7022 13071 22126 26167 5034 1881 20711 32807 13832 36657 7106 3653 16275 41 742 771 3444 8654 33941 20340 39719 14873 3033 20561 9493 37835 4725 6856 4428 1025 34619 36313 13002 25474 29131 14316 37425 7725 39858 34094 38902 19953 36485 29726
33402 17700 21842 21491 367 20809 13678 6506 36778 19824 31756 35476 8784 18360 20609 6459 30191 20669 32591 6165 39640 275 14648 20877 19320 1057 34275 30347 2152 24435 18668 31714 18700 13945 32832 36859 30801 18294 35280 5521 33721 21475 22379 25678 18649 13953 26769 11695 25400 4953 18095 30602 30913 8335 36881 35856 12742 38102 15126 16881 11006 7194 5177 32238 17266 38341 2565 5917 33478 3409 4165 22220 39621 7338 28152 39880 19444 35396 14613 12213 17809 25955 19237 17734 32211 805 32567 11073 26511 15995 30452 26191 39463 39317 14693 4734 32655 21789 18205 32836 36135 3565 23906 30643 8020 19030 27632 19835 7623 24996 20252 20825 30147 12413 23015 15177 22120 5158 35300 30518 5229 27413 6638 9457 16634 34672 28408 14308 17013 14209 1186 14304 15544 14602 15204 26101 5090 31046 17438 28100 17229 1260 28744 16017 36546 9043 21232 17970 12606 13032 38534 23312 14869 38610 20761 38018 20968 32387 1510 11636 15691 11840 31265 27362 12059 30589 13285 8527 644 14050 32791 8552 28613 36935 24333 23604 8815 30177 21176 16626 21774 23262 15782 4053 33002 35765 29482 19613 3204 38259 11713 33956 39367 28524 12002 5306 22603 12803 37142 30582
38338 32393 26567 16254 39622 25221 22669 38532 9081 8735 28964 11346 27513 35762 14242 35782 32314 6179 30192 21022 36774 30957 9977 27136 27433 33357 31115 5068 34097 32289 31432 14383 21371 19270 5006 21458 27999 27137 37292 9538 37957 29506 39029 18112 37505 3510 26250 25299 10406 3421 15428 33250 16213 2705 9724 10933 127 15460 2352 15130 34007 9602 34173 19915 26547 14506 36245 34800 7230 16319 11041 18640 12453 28729 6518 34644 34250 18911 4799 21703 18340 11455 17231 21457 30638 10231 32409 33916 27477 36188 5680 3234 24212 5156 11570 15379 15475 17624 35589 37933 19878 25656 4441 23335 12731 27589 34599 4404 15932 25153 29010 16426 17743 22392 2440 20460 25231 10264 17605 12906 14568 24151 28499 10443 11272 22078 25265 8272 25291 18595 13906 36403 468 3219 17994 35339 29998 12850 31979 12216 10086 19174 10405 37663 10617 24870 39134 29827 18680 19963 5136 14093 35482 2656 35439 22254 6868 19783 10658 31487 12053 24731 21856 39009 39398 33655 35709 16285 10265 12421 18064 32081 5941 20127 33878 24489 36126 25494 38999 10083 39828 21924 23059 18979 10963 22137 30971 26885 21275 5259 36345 30472 22462 12437 4896 3544 5630 35181 7738 5868
14849 1855 39672 24071 28553 32815 8420 3530 34209 35425 6596 5243 3591 24455 29629 14137 33305 10064 9604 12938 32267 13301 19224 21930 13324 39379 37401 3970 24236 15288 20067 39769 22415 7482 31953 25241 23795 10186 8567 14594 16179 23360 18772 35053 36909 16455 12221 2295 34648 4973 37104 7566 14102 8625 19592 28954 2620 1563 1456 17215 25131 14642 2333 8760 20 31295 32228 34527 12103 19819 16970 36230 39127 27757 11374 33343 5015 10182 39576 34015 317 14935 1780 22437 34092 11753 3825 841 31223 3376 10553 21284 27638 21490 12611 34019 15876 36067 23923 6391 21 4789 18567 30644 5730 7835 19979 5803 4329 26273 31496 21239 36229 12162 12391 10262 9334 2317 2725 29300 17843 12330 29329 36907 10318 30356 8469 2752 3306 35196 33852 17645 39670 25347 38385 12071 24051 2499 5988 9044 38020 24109 1708 7104 21897 1353 17254 6626 6798 13048 10985 3023 24082 31469 30816 5319 5873 8543 11251 10889 39517 37894 4177 25074 10983 20151 17161 334 18907 25689 9751 8551 34024 3128 28818 18104 18010 13586 645 35450 17514 38033 11660 27896 5362 24577 31706 6833 10165 7192 24632 30207 27948 26387 11893 16646 35497 11009 1775 33706
9022 20864 5401 13949 39334 22288 4451 11268 24224 28452 38439 23096 16329 12374 34243 5181 20055 14305 20872 29624 38814 19032 21970 34614 9016 6468 19677 37263 16153 3274 8425 12624 29601 6062 35163 16413 8929 8818 29746 12640 17232 38665 10610 18655 15557 15246 7442 1468 25915 27360 20517 26771 20699 35089 14331 9996 2243 11788 20589 9719 22040 38657 32696 37174 23623 2001 38173 32255 20483 38070 10525 34802 15978 5218 29653 6814 335 18484 25325 107 15568 29531 10381 34396 10041 16923 10072 35542 37690 35105 8898 25859 4030 1067 14358 30944 33291 18006 14922 30351 6634 17225 34225 29241 21816 23889 9381 8179 6739 37533 15538 3203 31446 33637 21335 7422 16459 26618 5582 7541 29215 11146 32700 1259 744 3369 14674 27194 37678 5296 35812 2414 13357 12377 24447 23756 24976 18534 37743 25010 1539 22043 12660 2386 12050 28626 15396 1147 9831 30590 25824 7538 21660 38410 8946 7548 38022 22099 7012 7806 11635 32090 36317 27793 24442 28211 24991 16957 4006 26787 10121 6650 4418 1711 29046 31852 29338 34624 39194 19461 22915 36495 28906 28652 14735 36060 8707 22225 10449 2746 35278 31458 2222 1628 29669 36320 18783 36303 33285 11852
10716 20675 9855 38934 7664 1450 7416 8983 11498 39232 4334 26731 14189 24020 39133 15132 24717 6428 1277 18874 35310 34439 15197 30604 29508 3481 34769 10628 1279 9444 11107 7810 33877 3271 11503 9514 15086 1658 11864 33809 33749 18282 7665 10769 3714 9425 8329 39722 16040 35533 33162 27626 39149 620 26473 16241 26436 15701 14361 37326 23009 8089 10580 15124 7865 13017 13929 26369 24154 36717 26154 39108 9983 16452 8867 5210 17118 17692 11248 17804 7138 34664 31744 13498 33381 4331 21922 22074 31336 11203 22423 38240 13098 38652 27641 23140 17920 36908 1895 717 24299 37786 6433 33737 20596 6614 39283 17736 20454 22803 37050 6409 33652 18412 20402 39592 12847 34472 5133 19417 20122 8649 33827 647 9252 32495 28248 19942 31999 11120 13416 8878 38435 16124 25709 13712 33064 13025 37162 35758 13692 20238 9259 16232 2245 24881 39387 21635 33864 35691 11245 9872 3327 24091 12693 31034 19079 3250 8903 27029 34849 933 2905 7646 37053 12076 29989 8242 18969 1593 19503 14883 32111 38717 2501 36720 27620 27318 38743 17989 11676 6551 2368 22349 19573 8259 37332 27325 31048 1561 2477 26078 26466 37175 24377 25103 22760 9117 34671 37760
20835 28619 10626 5527 14015 19009 34571 11523 16364 5839 16588 13780 14201 26374 17999 16865 129 21753 15961 14974 11895 16809 17235 35269 31418 4516 10144 29362 1915 31535 9325 104 12648 38337 10344 33203 11600 20746 34087 31182 21288 39897 12732 38363 11702 24583 25594 36589 23464 36955 28349 9757 17311 2160 7521 28111 151 31248 6879 21413 32192 3178 33122 37032 2865 15094 12979 10868 9327 7458 2026 6443 28220 22194 36994 29149 2877 6992 31045 16968 28335 5506 18259 24004 8117 14820 37021 34470 30468 29379 18776 12877 19804 19339 34704 2291 10588 18653 24812 5541 32503 36304 8386 18445 10073 6652 1317 4735 17986 32606 13217 29298 30509 16995 10561 2773 1214 37841 29588 31808 9904 35148 1581 30309 37706 25985 24749 36593 16909 19919 2896 26175 29037 4357 18090 8216 28594 412 3105 10192 11172 9399 32042 20258 867 22975 14221 15548 10579 31567 31132 7599 15957 5483 20367 20054 20914 9349 9923 38732 38984 36770 17111 25475 608 37654 3358 21726 12663 9702 7059 27677 30975 16495 12595 11796 7778 26147 11569 29796 7983 33286 14416 32057 39988 3011 8128 30294 764 31670 4277 6253 30755 39231 13635 30634 16594 4667 36605 3225
13714 2533 6171 17561 32886 27853 23573 35886 8957 3224 6032 39870 23783 20848 4263 14756 1392 5874 3379 14723 3840 11121 30043 30169 38927 13941 10541 418 19920 9721 8919 999 2605 23892 8906 36473 7129 34075 37479 17376 12826 16342 28344 12474 32895 8364 3524 27935 27084 3237 696 12754 18238 37261 13493 15347 9195 238 5471 6011 12571 24856 37216 23137 12630 30613 32609 5894 14077 16963 17880 7486 10828 38988 19737 34109 28080 30036 7931 10311 13942 840 8505 30743 17569 29896 10939 17509 16650 38245 11863 27910 7170 34244 6336 31644 25679 29981 35598 29694 12173 25162 25447 17829 7631 4614 39388 2984 19504 21096 16685 30737 7550 5647 8700 4994 27213 23873 8856 36534 33686 307 2975 9699 36094 19937 28340 1987 20608 6338 13925 33239 19661 14970 11017 31848 3526 10210 9079 14020 22267 19655 12654 4512 11717 13872 17139 24576 28389 22865 30405 17375 21711 13340 20668 28591 36897 31599 16733 34219 26563 6362 5167 10520 8300 35613 6582 30476 24548 599 33720 366 38364 19801 33804 21973 34264 35415 22266 13667 14286 39560 11333 29189 24892 39162 13123 31766 56 5058 16722 36825 39680 3587 19914 15326 956 22749 10953 15861
16559 24841 30807 2932 23304 30826 9646 8105 5009 18768 27822 32626 6172 13822 13694 6605 22529 31018 4398 34948 4712 37516 31409 39972 30333 15841 13168 239 5986 1643 32442 16549 18431 23138 3920 8456 16489 22105 15472 10546 2485 9178 9884 37675 8499 3918 6116 30827 25323 31153 34905 12127 26137 5890 7405 12344 23044 3158 13329 37941 33784 21237 3531 17554 2189 4810 12113 8680 341 14091 22141 36310 23056 2280 18025 37637 37486 27924 20197 37388 34752 39709 10341 9967 3114 18153 23452 31117 13313 20090 38035 981 22450 3860 27422 23469 1763 19402 25196 36798 24204 4681 6110 37264 38486 18989 2318 38727 13387 16707 7228 7201 970 16558 13077 30384 27080 10463 29836 1329 13594 26062 26759 3107 25273 8541 3300 31070 10639 10730 21337 5433 15814 15160 37312 35682 26178 38600 37099 33732 21043 29239 14034 9262 26225 36988 38795 15929 29182 37273 37623 10425 35314 3372 38078 1880 6026 38151 35725 31148 22583 713 24348 6192 32632 3307 19392 35222 1040 14253 29492 18798 35416 9433 21114 2802 12813 5457 1007 37158 22650 35868 17447 9743 562 6804 24643 30110 29745 16837 4501 38469 4668 8035 16175 11059 6311 25591 29467 18214
36911 7756 6604 6905 21744 29038 39956 23531 15375 5819 4489 34859 29802 27085 29279 38357 4290 16684 12264 22794 2700 31533 2233 17217 5370 31897 11561 19268 38651 31540 33326 33056 6385 12105 30676 26357 35960 6525 20890 34691 10620 31945 26229 2008 16298 23927 30108 11341 7925 25661 31494 36496 5806 2898 11419 38349 24422 32823 32958 2772 12587 679 32073 11585 24009 31164 18215 11499 20856 31741 18932 29115 34872 18193 19935 34491 26973 21557 27855 20732 1613 31369 29171 33194 1817 20172 15432 21509 23797 25601 4478 27892 7849 13841 9282 3887 22830 2422 34929 3731 37182 14053 10750 11486 13408 13417 6967 3328 5109 4366 14894 4676 35749 34403 18302 4565 20768 30285 19372 24510 19103 25928 10124 22102 17305 28062 7542 14553 6931 10589 25788 1802 218 33940 29366 5131 4832 27339 33387 23729 1027 32938 29594 3525 24966 18079 15730 9816 12878 32421 17202 11845 31690 23422 11026 2970 21883 10586 13740 16708 30928 4137 30728 13102 24397 18178 33898 14426 16720 3275 30621 6556 2479 3793 35552 28384 12126 19896 11047 26478 23910 6613 33958 32368 6834 18635 18797 29881 14433 6256 28005 9957 7134 13306 7117 15826 36734 20533 16925 34454
32885 22358 19138 12647 13901 9667 4648 14588 18882 26260 20794 7028 27066 13956 452 14128 39401 5323 29088 36736 32803 17084 28974 11350 23538 21455 34852 11733 29154 30654 34650 1812 30830 29683 32578 8482 988 10038 13224 27676 16624 6056 10856 19337 26663 5776 16544 27081 15848 15735 27149 17092 10486 9929 5509 12197 39812 30610 16681 2469 36522 33723 14088 29122 27448 8781 36724 20181 11580 22716 3516 9120 20685 13745 11118 18572 36364 4480 3709 18298 26702 12168 10000 15637 2730 32667 32902 3794 32516 34009 159 24708 11294 34429 7362 20562 32453 28921 7361 14523 24282 12789 21087 24301 4571 6004 24872 36572 13935 11876 9682 27268 12681 33469 23662 3600 12700 37181 20404 18597 27484 32424 23166 35303 6592 7567 2067 2048 22443 21644 6452 1686 24339 38642 4109 13576 5557 37201 11678 25833 33427 38660 11644 38633 22798 35520 15639 5626 28588 1338 6989 6274 35507 16698 12592 15696 28095 17410 29871 13129 3094 27279 30850 19961 38796 4510 31067 28244 15673 6728 6624 12710 22343 21801 8573 32075 6588 21895 26386 8304 11804 33241 11465 28077 1971 39086 13474 19525 30440 10937 1083 15071 8155 29054 21240 1999 7296 2832 10678 23149
23556 20267 16209 23123 4942 31101 3767 30430 13029 5764 13315 34365 28478 37489 15493 39270 33374 32163 29043 35909 24466 3953 38605 38089 17397 3777 31924 35198 30103 18697 7895 17662 1567 14913 31654 26381 18299 15519 1154 9242 5639 39391 20155 10768 5338 29430 22171 25625 4172 34548 20536 17460 35553 23226 15890 33110 33450 34654 26000 7808 18448 36510 32034 21079 15190 32066 20381 21220 27700 10902 3623 35368 19777 18009 22307 4385 606 10762 25807 19885 10558 2839 17883 9454 14618 18227 39671 17445 11322 5478 7417 19303 39276 19903 15223 14528 27516 9844 24712 38885 15263 5134 4200 36066 36614 31294 4167 27471 2075 30489 33019 2720 38154 14421 4732 12608 29161 2147 23505 11395 30247 5526 39776 28547 37970 18508 33708 37324 38392 20161 18386 5657 25501 5340 13847 7675 19561 20855 37936 28925 26383 20429 17886 9659 29811 33259 31832 12965 17332 19939 12163 17218 60 8484 29112 17409 12352 25235 3197 30646 1473 497 14167 38819 6781 12024 38781 33813 12062 13066 16469 19636 27835 7459 7029 28580 27151 16734 2251 11846 30839 21482 2214 2765 33508 11376 26743 35843 38379 20485 3507 39699 4378 37771 31410 7186 21628 33883 27055 37717
9073 15979 38562 23722 2889 1595 10951 26783 14254 30784 10422 16196 532 22551 16340 14021 33308 7440 30706 16500 7510 16064 11242 82 28662 37994 11990 12552 28863 16591 34124 15963 33758 15635 14855 31537 22931 33146 2478 39844 22868 36782 8833 11066 17062 15112 1739 26532 20013 5614 3539 8767 1360 18967 18584 11611 26296 22280 20566 33499 39497 14717 18568 549 7844 9257 39084 8902 27964 26537 24580 1759 30994 20383 28392 13379 3344 10513 171 38466 38877 28411 29910 32734 35293 7982 18452 31459 10609 929 9782 10859 7811 8444 27024 5028 36134 27703 11028 17877 35199 25021 22674 7410 33474 10118 36596 31717 7399 12928 15107 5796 13908 26240 12179 31143 29425 10975 16502 18119 26290 34002 3912 29842 22152 33048 11141 15121 35972 21752 27660 26242 33233 8260 26846 566 9712 18523 39321 12215 34273 36223 23719 5397 15182 39620 29011 786 20303 28311 13899 20715 22396 1568 3159 5793 19437 38846 6952 22548 39651 3441 19675 23030 25815 20992 19899 28747 6644 21256 38314 6757 37306 9001 4690 13998 39416 27344 17851 33300 18955 7744 37423 18389 14332 29623 25697 27556 30906 27567 11451 6308 31181 31541 28358 8580 17479 7020 13797 22800
8363 15721 7268 14136 36888 3397 37934 33414 13278 1744 17366 14646 32295 36120 27525 17395 16354 34630 4947 6117 21294 29731 20969 14518 29340 26323 28829 13671 36410 30794 17213 37051 30019 31899 38309 30443 35178 27232 27619 3688 37884 35966 38167 25095 12396 25203 32664 22061 32577 326 2795 9147 18799 12279 11882 19077 6363 25542 6829 20921 26351 21377 11283 25746 37454 12702 33792 28398 32489 5307 7524 17895 2657 8999 35940 38076 23420 15643 4552 18701 25461 36068 16476 26810 20972 3483 1151 9152 4417 17467 14495 7670 16887 21254 10864 37406 3929 32190 7110 308 31823 18774 16668 9533 7098 29789 958 33787 13973 35351 14272 21283 26781 32752 29552 11760 4217 33955 26320 15152 4754 4426 13115 33502 8054 37015 29911 32539 24843 17824 28453 20353 8921 7600 1068 35823 11903 24006 25386 22215 33550 8640 829 1358 38849 39647 14724 18255 35132 19917 29672 3974 37090 4609 22568 3459 6422 22606 19484 30698 29398 39452 14896 24284 28528 26347 21403 6643 31411 29191 10681 33265 337 17925 38247 26732 12909 11915 519 26129 29578 1869 31790 33574 16242 23706 5915 741 27720 6045 7742 17675 28355 21529 25443 20760 16580 7474 1894 12984
21068 2344 27624 33094 18085 8478 3428 33643 23600 24746 32684 22609 62 16776 21823 21538 11428 4770 36611 37221 6485 30340 5533 13356 31141 19541 13719 4012 21174 12603 28341 39252 15786 510 22993 10857 27705 4490 31291 39503 6968 19338 18424 9718 36516 29747 19155 26069 30836 23996 4645 11239 14774 16044 9324 22190 20975 12176 19562 13165 30879 35875 31724 20886 465 28859 33544 18138 21039 30632 30457 12567 2747 29898 29750 32176 27054 31260 24181 1690 6196 854 18926 31327 2327 8167 23067 31715 37624 8133 24798 34590 39563 18356 3329 3121 8648 36332 32437 9401 37526 8658 4018 3595 12438 23510 33684 32646 1225 13626 36290 22856 15194 32244 31007 14639 15028 9507 39674 37689 14420 30976 39440 12271 30718 37655 21528 23241 28330 4299 20019 32095 24579 20667 26775 35298 2947 19411 18235 32763 22617 39331 38953 12000 37885 5335 13639 12704 36325 7130 27890 11727 34586 28712 26699 12284 13061 35516 17811 9403 31650 26182 5369 9775 23356 2130 19921 17279 8566 17123 26638 13798 35393 6802 38952 16133 10304 34993 29078 36301 21713 10394 3150 21750 21805 18815 9738 9835 21920 35895 8157 34809 24159 14355 37314 36065 9129 27654 14901 13883
1916 14816 26322 27464 18100 8634 33039 30867 22114 9039 26061 34767 13161 15528 35674 17808 15257 21534 18935 16326 10336 37354 19319 38550 30171 29658 3500 142 16200 22562 22051 35406 10189 6761 29150 36751 24835 23204 4112 28979 36378 8659 5126 37376 10045 18331 9643 7674 1929 18745 18135 7247 3996 31698 9177 12707 18323 1221 22492 37872 14939 1255 22833 6890 29414 26122 24449 4749 14601 848 7582 19034 12561 38246 11699 22054 31381 16517 21147 33800 58 9698 21934 1294 33621 24501 9266 23692 22863 26114 7959 19162 4840 27463 10843 22520 39491 4245 36731 11942 27915 25933 17010 13355 24043 11288 17760 32106 39115 38680 4771 32925 23847 21696 34171 37287 33024 17977 35292 5882 23990 2740 15458 253 16927 3414 14701 24229 3785 2061 19569 13093 21838 38219 16295 31320 39209 15053 1497 6124 8843 7522 23566 650 2822 9108 34699 38659 18490 36097 31240 26265 27329 24147 37112 22407 36637 28783 7908 15596 29837 35461 39629 11373 39577 16703 37318 538 6673 25503 18737 3580 24386 31855 12594 5729 4985 16842 11532 39493 38741 29155 27937 15413 11287 23261 11837 32251 3218 37928 34292 23535 20233 4155 36338 1645 33011 33179 1035 33332
17648 34504 34793 20204 37940 16361 27177 8027 31203 17551 29200 27175 10002 20982 25306 8520 12043 807 725 39419 30115 8188 21813 7189 33620 7223 9745 19246 23206 4573 4601 9777 28875 482 20222 17693 6858 12653 23762 2943 29935 8361 20064 4967 10789 21729 14198 32336 8373 1637 5760 6520 34402 31839 29855 26425 29941 15192 17738 8785 17948 33395 33540 13741 32174 37062 1163 6223 23174 19633 26470 15406 10353 5531 13196 24285 39000 24639 28761 16025 329 23966 16945 30098 11390 32662 303 31511 38386 32533 29931 11536 38096 21629 8950 24392 13080 14283 10075 8577 11779 16738 34204 21443 34710 31326 20946 17668 1662 4265 11161 36529 39980 20621 8041 11925 15374 29484 32123 20081 19063 12593 38150 5312 34179 28682 31700 35457 27333 19676 28643 18748 9617 7272 39410 35203 11595 36327 12034 35530 2424 18532 28896 34121 18707 12872 14620 30318 36061 36715 22503 20069 38692 968 15215 4831 32672 21103 32397 27361 26402 20061 1830 35317 21605 16718 4390 13875 29289 20963 7473 37992 27374 27868 5280 37120 10765 28219 23286 15102 2962 12805 20190 7622 14813 31563 14429 13338 31965 35078 14763 10342 4674 4558 20196 30431 4430 7795 22018 30104
15808 26006 16969 26750 37240 36631 205 18019 9060 17082 5836 29419 31317 4187 39710 1174 22620 19345 133 15698 12276 32935 25840 25541 26332 5870 1224 18296 2494 31632 28108 22319 33559 34508 34320 34237 25540 34180 38978 23336 21243 4746 14837 13664 20376 23107 19173 6882 19250 23370 13286 483 24460 36855 17160 27155 20490 18024 24911 18150 10006 4321 5249 10345 22536 15485 3050 27234 26797 18982 9256 12195 31524 21553 10847 21369 22836 13624 9763 12154 10846 23026 25468 12778 18088 12308 25657 25157 22455 39978 19559 10611 8972 28869 31072 8948 18551 11986 39939 29374 15780 374 36254 20145 13506 8056 10754 5815 39531 25828 24078 36191 28946 39679 9578 6300 9873 30094 39515 9432 18057 6082 5704 25816 25560 23575 16805 14716 12644 20134 4269 1191 23066 25001 9848 6191 23832 38499 6225 16147 27796 23284 16332 34999 14927 18951 13888 5286 14051 2450 35576 3390 17546 3181 34265 12581 1498 13510 32786 20811 11613 19221 29870 38789 18265 34013 17946 5358 33999 32360 34144 27447 39059 844 12634 229 37319 6811 39723 30892 39953 36250 1070 15058 36624 30172 10273 15480 20345 7457 30121 37723 5904 2606 18785 17197 37715 27981 39315 20410
29376 36311 3370 4435 3438 3394 39126 5326 22153 6255 26163 5465 9509 38103 11973 14539 26003 25702 39591 33438 3695 20787 18576 24291 7773 34304 1069 36628 97 18559 12187 32529 7735 38225 11392 30984 375 29411 25860 2857 30304 36995 29704 21615 13913 13245 8809 20725 29439 11371 16307 29069 36238 32648 25006 35468 23532 32903 1114 35873 24045 18326 30659 934 23318 25165 7137 18825 36867 2834 28672 2402 23478 20920 23049 7263 27766 18563 12164 3564 21619 21679 10274 19110 9878 5083 36069 13012 34776 14255 34475 28127 12407 39558 14937 36009 7788 20629 26280 14864 28769 16171 14299 1712 30781 39861 36179 16663 10426 32858 14848 21336 4578 13078 20720 30296 35000 36581 31341 25740 19738 6497 22866 32584 8202 34266 26603 35170 8990 14803 10246 6487 12698 26209 11589 26251 10349 31245 10499 20954 11298 14309 38400 3080 7208 39792 23047 23219 9436 8094 20843 37830 23426 23909 30204 28190 26964 13015 31896 11053 10601 11166 3333 10627 38367 36687 32197 23083 36190 32249 33335 3722 27276 35232 19201 24116 38645 22297 13854 2922 30269 13668 15918 26494 36077 17308 38441 29848 3590 32253 25731 3992 28074 26630 22764 39456 27479 13365 5907 3395
28212 20716 16976 29655 38394 22211 36654 20568 30721 34306 33817 27169 36797 24554 26909 292 21117 32071 12376 29743 35904 1953 19117 21300 423 10187 33536 14932 1205 39530 119 4343 1726 26682 2343 15915 38391 29252 22627 33362 19745 2308 24974 21047 10932 10529 39597 35191 14229 39935 35505 37075 6535 39637 29491 36336 5074 34119 7520 32552 26571 34973 32005 12722 7710 1500 14263 10992 26664 524 32406 11289 35024 21049 561 446 22148 15483 6668 33493 20541 1519 19333 31757 12633 22284 1142 12233 24015 31192 4622 30883 33080 34478 29983 3078 35429 30324 7444 16097 19257 963 25812 26559 3915 22989 23392 22827 28106 8706 39237 2220 2229 12741 6119 10462 21379 20826 17064 33830 13721 8708 32145 24895 495 26659 23636 31031 26727 1792 31292 35809 38586 16075 3780 10721 15344 14871 30263 11887 21465 34762 34313 16173 35258 26258 33554 32816 37329 26092 14350 10766 10271 37246 20583 24027 18775 29007 4351 13445 34444 37618 2738 16256 15336 18949 16791 38604 31188 2869 25681 26986 30761 2875 39852 35587 39498 27691 28597 35448 24180 2350 910 3410 25301 5508 38401 6519 21026 23003 12621 19485 12899 16749 7172 35214 22162 22515 21931 35002
4867 19625 18317 29703 38126 2536 5525 6228 22310 14965 2602 24929 12970 25389 78 14870 14282 28432 25307 37212 21187 33963 39207 6205 37164 27843 1077 15997 2883 38627 19086 4121 24428 13333 30111 35410 38579 5237 32698 2824 28654 4557 37169 14049 34474 6122 440 35011 30040 22217 4481 22240 27122 9902 12134 3245 23366 15272 4758 17172 20038 13027 33328 32367 32475 21712 39088 5702 27741 21191 5912 12550 13595 17083 17155 36613 16227 1938 26390 7139 27715 32999 13684 31444 36681 31038 36997 39544 15474 7980 13885 39832 38805 13253 24764 26516 16869 16314 28317 19975 17553 34199 31011 9713 9572 31176 33535 24599 27431 38594 16391 13197 28842 10225 13049 34544 12275 36071 25141 6899 22840 30042 12461 34924 33252 16315 35312 12409 9794 18461 20465 33172 9776 18780 8984 33959 8774 9840 5867 9430 2986 31768 27093 31379 28685 14414 29008 14484 28291 12030 21218 4814 33320 24783 30568 2604 21612 3909 16839 33639 14708 34718 24684 22686 28927 25764 31749 24085 29114 7885 22274 28016 6023 14111 18693 34570 29834 8432 34873 24294 4043 333 25290 27788 14856 857 10188 28963 12853 3632 39192 36618 22438 28796 35332 7496 36273 6057 23691 37925
33765 3134 21355 31786 5833 12145 14536 5802 6402 29950 6378 39582 451 25193 12079 7978 14912 30696 22011 22383 28069 19912 33278 33441 13730 30143 2029 27061 10702 21384 18751 39160 25951 38691 9969 30561 4069 5053 7736 34342 13865 34462 30383 38618 34046 32079 36711 3988 39534 28464 33397 17547 34928 19524 32006 14662 11889 17777 1927 4996 7800 9965 37584 16601 26871 2748 30887 34912 25471 20991 17595 4704 12336 23763 20492 975 6427 39339 34314 17807 13374 14684 4696 21015 7702 9249 4000 28240 10813 3691 36170 3818 6500 32856 16898 31009 22991 27893 5767 28756 15767 37791 14934 37027 24210 21942 19288 18107 39082 5513 26792 7876 20612 7008 35353 1856 15431 30763 521 18453 38626 32788 8498 7400 14313 33204 32061 4447 1526 28441 9943 30466 17394 39871 3784 15713 7753 8965 26127 1649 11514 27174 7864 30780 26850 14875 18539 5282 38210 16931 18347 34345 30396 12539 7941 36924 6740 13427 10 26164 3211 38180 4013 28382 11461 724 32769 38448 25531 1209 36505 14529 21693 33650 29424 14599 8724 15290 16081 29142 28024 18242 24582 540 24217 2895 10631 36452 18232 12715 30008 6224 20166 28862 37667 16454 21855 14302 25011 21807
16779 39326 28895 10008 34291 26997 6150 12563 34643 13903 24362 10802 17529 4650 2993 9269 11189 29341 9752 10409 14805 10829 15605 15647 29207 7657 13620 38738 14387 1345 37091 8940 36012 32970 38251 35479 26014 13778 22324 3682 2270 6005 8536 6222 4136 20538 12363 15967 25356 23297 13588 14755 12577 14929 13214 8369 15682 3820 9686 32156 37111 22730 16677 13490 17385 3986 7747 2635 12622 34343 37078 28434 22904 29916 29324 12211 20012 31830 38669 19820 35768 39151 23626 36218 4063 13376 39166 34864 5645 8293 19489 8534 22683 8164 20922 17847 32588 2913 13630 26174 16198 14585 38174 22955 30372 48 39408 15670 7809 17733 8579 25670 33297 35355 31355 14634 38621 16529 4720 9366 5341 20814 21004 23688 4503 31737 33379 6483 34777 9280 9864 23317 29585 21487 17619 3700 2800 31022 35229 21519 13336 24834 20107 15029 34368 26422 18105 37773 13392 12740 19241 23522 11409 10450 7115 20962 6072 16398 7784 9488 36474 37159 1160 6106 36198 1937 30990 18428 24373 23995 29216 10112 18736 7760 3038 1008 17412 24950 36185 17855 15795 29359 12390 17523 31452 37962 6855 35098 19126 33340 7018 15339 22352 28186 38653 25000 39254 34162 4086 3466
24930 11261 22992 26166 16996 11206 37972 30671 25700 7357 32995 27801 33330 7498 24170 31370 13433 34659 38937 10719 29541 14117 24356 36559 32930 26046 26342 3841 3643 9154 23895 38517 16085 2157 29986 15622 24654 26341 12501 2850 31767 12518 31614 31144 31130 4499 18349 9021 39121 5274 31154 19059 39808 39368 12617 12701 21396 39286 27658 8602 7488 36288 16258 34720 26982 30574 1912 22829 7558 16950 9471 26448 19548 32274 22183 35227 16077 11049 35718 5731 2461 12545 34661 122 25619 16072 38527 19426 16823 6579 38062 202 36793 21989 15207 25303 17591 28886 8393 5474 39173 14366 12548 1546 16304 4487 20658 20232 33734 21360 321 20703 15700 13572 14578 21018 14450 13846 20435 8221 34932 24206 10744 1158 17945 22567 13787 36448 5449 21825 14644 15845 27407 30349 34317 35877 32652 6380 39110 1305 33275 5795 38343 35030 11789 17545 21342 22970 1719 11997 17474 36752 30075 1695 27577 11529 36018 11918 29250 8060 36521 12108 33688 23986 1166 10643 11920 16252 14243 564 4621 38209 37527 15017 28184 19486 17585 37060 37521 16046 3809 16998 34534 21586 79 13162 25428 27929 15364 8017 35641 31957 12016 32195 15587 16524 26714 5671 1835 37750
11891 24303 26020 19261 29613 14921 14466 16484 22659 6773 26356 1459 4118 14154 24337 7633 16605 13790 4041 28555 38166 309 5856 23145 2682 2794 14095 39430 5851 15100 36651 1826 39804 535 37397 30533 27490 32356 22703 21591 16137 27550 28708 21236 5046 38942 25062 17901 18659 26302 3157 38340 29121 4751 34101 28997 27665 33486 10576 11610 8458 16953 33449 5741 2741 4025 32012 4599 20521 662 17183 39551 38456 10175 30562 18929 25480 39862 36052 4807 6410 6248 23160 33388 39130 15838 11093 1448 29770 21302 22610 8845 12964 31470 26228 29689 14698 21572 27560 2204 5635 16922 37145 3403 33666 27740 24271 38270 2649 9895 3259 10371 22565 37472 29360 11773 33702 4923 33936 35246 3138 31867 38196 32246 5412 4096 10387 5516 10205 2614 37528 21916 22098 25605 16642 11360 23448 35252 1797 33798 12962 24104 12828 30231 23755 5938 37435 20849 36222 9531 3650 1362 28786 14527 13628 7158 3254 35996 28684 7321 9268 29642 18063 24831 9116 2544 16101 28949 19606 34565 18312 15060 23703 4675 27222 17256 35729 29755 31903 4153 8870 31699 10811 34524 6364 38495 25497 21963 27957 24647 13533 26587 24187 34232 1203 19648 30747 34188 37038 21754
17128 16499 11849 7114 3858 38576 4702 14846 8832 25075 6861 10163 24361 30948 27671 11783 23063 3076 3619 21383 17436 14097 23250 9834 25585 27 37608 10700 32711 18005 20897 2781 23352 11998 7352 19565 8586 39631 17019 8656 3778 35452 9341 24690 12781 2010 35212 18155 33175 34877 13873 19472 26756 18468 3470 8550 9623 30159 7853 25418 12739 15127 8987 37764 36500 17515 7033 23675 30545 19272 21697 27704 31931 29635 22477 30062 28029 36700 29525 27914 5204 20388 17764 7729 38912 22668 34490 30210 18243 10361 38801 27965 17285 21354 16247 28715 5972 23299 33117 36952 18611 18401 24969 34935 39884 17754 6472 26884 26817 24338 38313 23922 10884 20433 36703 31363 31257 25403 38904 5205 36401 6076 19600 2777 28053 30105 37363 7470 30945 11681 10101 26274 23468 8497 2066 34844 22838 4312 12263 37414 7354 19477 32481 29132 13863 11816 9263 32441 32069 26388 39682 30151 17822 26819 30938 28943 16714 32618 39362 22963 31602 15245 38932 32594 5718 3985 3258 27336 36184 36470 128 1389 12986 10773 1893 20976 15264 27367 36517 3635 38027 13001 19465 18984 27020 3800 10955 28475 24882 31185 22928 18992 8515 19479 8406 9198 10240 13421 11342 17717
3343 23590 21048 11772 13551 14543 20144 37621 24606 38802 9670 19726 27667 39708 11630 9186 14664 23346 36540 38472 27462 39990 30846 29894 33619 1132 33262 22482 24239 9818 32403 1612 19813 37651 12898 3072 27530 475 9243 37113 17227 31242 3560 302 17340 15869 27203 14714 15537 5918 4700 25160 16390 32132 12379 29565 35531 33892 22512 9547 12120 7191 28631 11226 2670 17757 38542 31151 29286 28497 8359 18933 12645 39763 32628 39787 34785 37641 17651 18988 28727 36046 27919 15760 10542 38330 9313 10760 23136 33066 35686 31310 16180 29915 22361 22519 24490 21223 4632 28641 2042 27598 5270 4213 18173 7502 37581 8628 15904 14237 11879 39006 29970 29730 32510 888 3106 13662 2435 35347 18913 35037 33578 34190 39443 37116 34146 12403 6477 21023 13293 10855 24759 38906 4205 29930 25071 24472 20953 32968 6784 22259 24785 38745 39507 13022 27596 7573 22255 30083 10517 32454 22223 1684 19841 13970 11256 1698 17917 30346 11768 4188 2033 16821 1533 24320 34260 19723 657 24277 38572 36713 31526 1647 28603 39976 8612 35243 11618 20118 1028 11732 39895 20152 38175 21525 21527 4524 35838 7490 26317 11105 2306 16206 7686 13334 16374 19393 33067 11802
26084 4314 24007 17204 38426 6330 13951 22429 21991 1251 5175 25089 25363 11688 12417 33313 34182 27846 25169 36451 16488 13083 23812 9789 22321 37877 10871 24289 21638 2171 2384 31842 39375 19167 32741 34690 29449 30797 14029 18380 2935 24158 23536 23058 21389 23802 39643 4185 9730 18132 15565 34820 2523 17298 31373 8647 17096 29351 2576 39093 30422 9502 4978 6515 9792 25398 27040 35585 26536 6957 6340 11752 9435 4627 19507 1401 37926 34588 12714 14874 14731 29255 20664 31244 13327 35995 7256 13405 3869 9450 20070 7045 6895 11269 6893 11423 39533 34458 27239 24185 38147 9916 19038 38442 34676 9214 8516 38926 26071 28075 38275 15547 37599 27375 24165 28743 30619 26541 32789 37471 25061 13652 15842 35349 1619 32146 2743 37356 8429 33186 25687 9947 20911 144 2121 30580 8804 17080 1522 25317 8066 29603 24774 4553 10067 36582 34569 28571 30235 21800 39885 30653 381 28562 18269 21182 19538 35535 23669 37837 2403 24571 39821 25129 33711 36371 18225 12632 20453 32259 9530 28436 17391 2468 1283 6138 24919 29573 1352 23427 35581 20663 38125 5480 26514 23460 24410 16221 15892 943 4103 23353 28855 15627 13622 35551 24468 24249 13923 29815
9427 15570 3852 36454 32502 893 4315 25452 21604 18407 5923 36130 666 18280 21008 33517 21479 31019 32355 23220 14226 13947 6278 31719 38901 20593 2517 13174 34183 32720 32068 19422 32221 8229 24918 17250 35083 18732 22234 13028 36796 858 13396 22184 4354 4742 31886 1086 9790 36667 22948 33901 6662 12776 14076 12240 1038 2375 37341 760 4564 14430 8806 18731 22133 10901 24637 36394 38044 29798 515 18109 23281 6807 3756 14407 25107 20980 30538 23201 35525 30234 18622 7077 7546 31438 15927 32523 33406 38444 13812 22172 15867 5221 11550 30370 15146 17142 29434 12228 25931 33921 16197 35017 16438 8988 39606 2558 10167 32813 20377 14652 34192 1553 12772 35151 27983 21150 26925 27152 18136 34117 702 5496 29570 16259 1790 28235 30418 25173 33579 29267 5078 6754 30353 10053 30820 36792 39568 11222 35451 28038 12266 16386 33500 3762 33154 16387 36963 37911 35101 9552 5562 1552 39967 19740 16165 16369 29087 36013 9413 9476 28117 36938 30286 28401 12512 8519 31831 29639 23208 26460 27564 37493 8730 33929 19305 3737 13826 31103 16844 17951 11070 13430 36086 24506 6708 9918 20504 38484 6423 3933 12829 13850 32477 25987 20406 13689 11262 6209
27229 17335 32912 13317 18838 35573 24152 4874 31936 24946 14182 26083 33509 33111 5132 10395 8693 22909 21444 15884 33978 39414 12983 29699 9133 34355 5452 4873 20123 29728 16679 24751 30469 8253 17109 28583 11553 19476 30166 5354 10454 1426 14090 12922 18341 31167 5137 19722 32838 852 22369 19800 29724 8223 28825 26899 28004 3961 12534 12931 8135 7438 11209 12833 31472 31156 13497 7831 38616 3832 10028 17815 33101 28437 30411 6254 39107 4784 21974 14916 18462 6533 7861 6383 25310 6043 31206 14338 3659 25009 21575 37596 25318 36698 21574 15711 4943 19749 39548 14141 13560 33802 11691 17865 32170 1704 286 19208 32924 19928 15545 39545 33771 7624 13407 29879 37416 36093 39700 25534 4057 28901 2868 20950 31688 39212 2400 1476 32474 795 5409 36789 21552 29615 3743 38760 24465 2519 29825 1942 4819 1700 14884 1917 16742 16174 32772 7516 10480 21622 28612 27612 28247 20325 7273 23289 20109 30790 34044 14235 23386 9049 8268 16546 28843 2032 26018 4031 1467 37432 5475 9397 35668 38909 35022 36918 33420 14396 15744 19728 24933 17163 35912 13494 18078 8097 30519 5443 22309 26045 39857 30534 5886 19999 9869 8142 19281 2150 27133 2486
7942 6215 10400 14401 34084 19674 13608 3547 13845 30588 23831 29611 23642 3089 21315 12734 14621 11295 23902 9042 20088 33894 37450 16981 25378 26617 6612 27026 401 20409 19588 28216 31200 14059 13484 19849 8883 14540 12685 10670 24376 21090 20778 3880 5402 5225 19746 23932 17737 30213 8143 9549 4760 38804 1948 27689 6700 6888 35091 22069 1688 11726 37988 16790 19124 9658 5318 8492 33671 33731 11182 35403 14511 27622 26076 38783 7292 14325 22523 26856 22189 10207 26221 27708 17866 26439 53 12475 5800 2809 7862 11775 19487 37239 33401 9287 10880 5706 6742 36545 18054 26965 33674 12167 18899 18964 141 26911 15756 23584 9431 36519 3910 37011 31268 31023 16058 20110 27282 20178 30757 36137 5685 24459 2076 37403 25093 16751 20588 16024 31277 8159 13774 21631 34138 2115 33617 25283 33679 15678 212 23608 12110 11694 33129 8249 10689 6358 9926 36432 27368 1445 13460 18114 16483 20032 16283 7711 16331 9428 14415 11684 8918 33992 2135 19133 29468 8788 28541 7677 3182 7133 25039 37337 33148 4753 36087 20940 6403 14052 18089 34760 19667 21393 18124 16228 13401 1852 18110 38053 36064 6649 16160 22977 38573 3989 26602 9297 39513 19869
3932 22637 1531 37640 37500 29309 11197 13418 12124 36587 17132 8521 7401 29206 33715 10815 38079 27978 27775 15788 37501 39274 13455 12627 13521 20650 36157 20681 35064 39565 4386 7638 3176 31885 514 36686 2890 10613 38718 15985 36644 19244 26267 20413 18906 21818 10964 10668 5692 26585 9034 15891 4544 36437 15205 36225 17637 35664 33461 1617 17413 35334 31738 27165 2948 21849 29630 1446 17351 34460 7706 7882 35242 24057 1431 35824 38254 8385 27857 30031 22831 26611 38032 7079 11530 13898 36117 14706 35536 22666 1005 15766 8178 33806 13345 37133 3667 25926 18390 13765 32444 11230 20344 23002 21199 9696 36248 3724 28495 6790 10538 6774 15944 19025 8197 17660 12549 17647 20385 39501 20065 34123 39876 35337 10106 8285 37178 11885 10680 39649 21796 32500 15074 24300 32631 4162 2302 28968 10315 2446 31422 8302 27216 9038 26953 10920 9537 5937 28325 38461 6995 34421 25167 21436 21804 36900 22451 11843 20186 37161 10294 25053 29666 29258 20558 34944 39244 29776 36490 4238 6854 24483 24683 17902 29709 241 21775 11957 34018 10510 14217 4791 22160 31205 9755 34962 458 2431 25288 33210 29049 14362 13369 13439 3520 14434 5049 4362 20169 7946
38006 12765 21689 13584 2894 12455 3303 13752 12305 22487 24310 6964 5291 18639 36622 21365 34532 25506 14234 20582 191 21438 25199 39381 19468 25557 3850 16785 11386 15981 12175 4959 28054 20704 4856 39903 23959 12773 18332 37322 29536 18687 34758 6226 1622 14504 22066 5311 39094 33247 28055 15806 12258 22316 37198 26992 24866 35400 28123 10632 9732 32691 18113 11345 29926 1866 15023 29586 10485 16584 27296 21224 827 38564 27181 589 4662 18884 15437 37635 11646 19355 3285 35275 32964 3135 7119 23852 5303 24321 7009 35041 29476 34496 38414 269 33567 6050 35177 23379 34052 28557 33697 7814 20884 29153 35861 1865 5865 29679 8662 23601 8713 32896 25730 4744 26186 2509 7253 3353 20941 20275 4794 12664 26505 25877 31079 3960 19293 33805 16671 39711 20859 34281 12930 31238 14043 31964 7197 38496 2409 26512 14284 1949 3546 34546 38221 32954 39761 32389 21977 15983 27053 19547 24295 28518 36081 26040 3649 8671 797 28409 11817 4054 33563 11951 10699 12912 37058 28673 27570 25573 29996 685 8435 25530 28894 18632 23419 12682 16382 2597 3801 23987 4936 29187 37244 730 37426 30683 5944 15522 16303 32943 37781 34280 13902 38813 39932 26446
17103 10471 21637 11912 21824 8797 22007 21685 20335 25185 36835 7590 3435 36839 19493 16170 13050 39777 12684 18953 22444 9056 32531 35811 12440 6170 9917 32117 21828 3553 14403 30220 1988 23382 421 19964 20798 6631 5444 4093 35169 32541 12280 19881 11125 36152 33630 3861 38992 33953 28849 39355 27028 17704 9665 27828 16362 7817 21358 25922 37372 16083 26329 7312 1502 35859 10673 17029 32347 11131 19035 33754 34589 2325 26570 30186 4597 6029 36314 36887 10369 6793 34364 10223 35932 17538 1090 22965 24346 20829 38910 30363 20927 25183 32168 7101 24431 4589 29738 13211 8747 39732 30756 38067 14797 2554 1390 7203 25823 39066 23361 21060 22497 1484 31044 11193 22922 327 25041 13279 9128 7302 35273 591 20481 33464 11431 5115 11862 33391 11057 33083 15119 30238 5683 35308 24016 20268 5524 38198 7317 38169 16971 34810 4971 22359 23014 33865 36732 5871 3008 32239 6646 29841 19130 24302 5606 26580 1127 32524 26444 37733 3070 16281 10154 29501 5642 13470 37387 30573 12346 4173 18758 20564 7986 27639 19040 2899 4346 17022 26413 2224 2360 5106 11669 12265 23562 23998 3511 32532 5195 13514 16531 3480 14294 11038 6000 34159 4347 8849
14132 38072 5294 2493 2505 14630 37752 30044 8466 30715 1600 12827 29209 6199 27941 33566 27248 2646 28227 3810 10479 24186 19164 16377 1189 17257 37208 34279 3523 32410 25108 6304 12723 37757 17609 17121 28118 10117 9856 2173 26338 5983 2677 39704 8001 27012 16574 18960 29201 15694 17621 14948 21530 34476 10415 15578 1433 12410 19000 1406 18131 32436 18519 13862 39661 24172 8720 3843 38317 32743 12036 22869 38873 19229 22212 38037 24944 12397 37235 18996 36246 3308 18854 2936 32128 18338 21748 1480 33712 19941 37504 3878 37430 16272 13492 22233 38433 24590 6321 21932 14202 36038 34639 39484 3270 3090 28790 23384 28251 26437 34647 2579 9026 14083 8316 430 34992 5020 34222 25944 14910 3174 1753 2861 9182 17827 25097 31289 17620 33142 9455 27223 4575 21541 20788 18454 3895 13069 13225 20646 15216 3200 16125 26318 26806 37000 13593 38339 16263 34735 19348 34926 23554 10931 39148 3222 36719 21543 19568 19649 35708 33109 15414 14345 38112 25550 38191 14232 12625 20740 16063 34099 31319 35779 34740 22950 13488 9009 11335 26923 7799 34200 39338 10661 16948 1210 17405 19498 38467 14903 17469 18638 19635 17470 4388 5962 23583 29303 779 21918
16676 21508 36296 30122 9071 27989 17918 22611 38742 8031 17821 6381 8006 23337 34660 19685 7254 1280 6681 39102 12954 30065 12373 16813 21155 38764 33539 37916 36623 36056 19432 16142 2128 30748 13000 38893 8859 11097 31536 16038 4262 21745 20467 14619 22434 3241 3772 18961 15307 27437 19656 12368 37683 4686 8967 37249 8137 38374 26278 33752 223 18690 18928 27470 30400 31069 37997 12911 3047 29854 28965 2218 15794 20332 34311 2515 36420 29229 20314 14958 35004 16911 34568 21561 12494 32322 484 8742 15919 1242 20138 12429 24665 636 24209 4950 2190 24931 35320 25090 24312 19938 35588 28249 19052 32136 10243 20116 6418 13412 33033 13824 12349 29965 3892 7136 34362 5505 19382 21720 12317 21214 39823 13335 23776 10899 24343 16404 39909 6275 24487 6183 38966 38263 33199 11094 10650 34906 35679 3330 36402 23644 27013 6943 29867 3184 185 9201 35153 4961 7730 34145 23375 26308 14984 39627 5197 25811 5550 37443 29617 13231 10218 12063 20522 24602 2663 15359 18160 17281 8353 37082 21212 39005 35802 27832 31177 33990 22350 31391 35272 26015 25361 16702 9351 22439 22345 27138 10854 8453 12607 18184 25735 2825 37815 28566 26943 35793 22967 4705
34370 24735 28512 38505 35318 26577 5448 26170 37598 14792 8384 25007 38353 6760 13451 28890 24734 11310 29990 7238 4226 5801 13237 35197 19839 31503 4806 20891 5995 1511 37301 37573 17347 16324 17475 3704 7118 35447 17767 33836 1188 29659 31969 6839 19215 12881 34235 14314 652 31380 16876 19105 11110 7722 22237 17744 39550 21341 17819 35504 31517 34133 26753 15287 15908 29124 30335 3745 12788 20670 404 24920 11704 18676 466 30053 15476 7568 14762 10495 26491 27573 1745 11317 21695 12570 21692 4965 27357 2692 29489 11095 2359 2024 11372 6511 8912 15551 5515 32263 6569 27324 36227 7306 35889 20283 33480 21524 32272 13406 18885 16207 13723 5200 1572 5794 24365 14994 17322 6933 31884 15563 8412 32383 1994 11515 16757 21222 25902 31157 5786 38684 30626 30881 23537 17975 39374 32205 3292 3664 14796 29234 23815 28215 25044 29176 34539 31296 2212 29195 25872 37102 28775 7371 39350 10807 28781 9899 8729 13059 9247 17046 91 25962 11123 324 33628 12335 23085 38641 24711 34319 19121 9398 4207 27480 33209 16882 31112 11228 15031 26878 5952 5502 25017 36506 1325 16240 28851 17871 26362 39754 12753 23112 2105 27500 9390 29273 9522 35096
35036 31262 5896 31331 4330 26859 26942 12261 6434 19248 16716 4835 24389 34487 21811 7877 8665 22511 28035 33611 2782 28520 33206 1322 28899 30217 19017 29102 25548 36053 2293 20780 21464 34425 37626 36658 14120 35753 11853 3833 35807 15516 5437 25068 15009 3783 8118 33962 30478 10831 17135 34118 19007 7383 32742 20935 38164 36862 11481 30605 14281 36821 15332 30267 37629 32456 39951 15576 17431 25311 21388 33231 22313 11538 11234 25612 12604 5511 10325 38566 35418 21839 3099 39526 10756 36895 27695 2631 16614 38769 1375 19112 31279 38046 34440 27170 15048 23850 32308 28391 6836 19247 21181 23332 24344 26143 36970 7816 39407 32953 1349 14851 3351 3584 14118 10508 26359 11394 106 7779 26566 13994 3630 37681 3781 3489 39280 2968 35377 24587 36102 36750 31817 12121 6414 21101 37620 21088 3766 29479 24033 12953 7003 33261 13567 6264 22409 9640 8531 11453 25948 29934 9570 26218 9889 1966 1650 2070 30168 35019 16436 12118 32485 32402 36679 23735 38704 29518 32817 17210 29831 10256 29676 21900 2421 4406 30662 21599 22290 20139 4387 35556 31387 3120 38296 23022 14037 14581 23142 7346 19958 8710 19039 26972 11906 35062 12628 34389 35478 16268
37359 28094 21345 26269 18291 36255 29955 9756 13062 3605 5661 15221 7331 9503 4822 16696 26633 1860 31543 20205 1185 18377 14138 9170 1983 34277 26033 15096 11875 38734 19230 33462 1654 28992 15785 35614 36447 19109 28210 10841 25698 2037 35840 1562 2944 22597 22164 11578 27388 24672 15026 13209 28960 20420 14860 15863 32181 26300 21024 37409 8284 3703 33127 21880 13094 22619 21846 25992 16093 17320 27831 6140 37385 10093 37845 14514 29399 14661 23210 23898 29412 39602 24556 2863 9168 18791 9886 26312 34257 5565 18117 8928 15719 12306 18564 37253 36556 6067 34745 13959 30390 34452 27421 6397 9062 35470 32278 21578 39733 2879 6517 9411 37878 22291 16062 7723 11873 2405 1421 32050 25832 20542 2907 12629 39241 34695 30392 19054 20717 23242 34012 13269 34017 22699 4264 10062 7304 29400 14979 21939 33803 21761 38413 22107 25659 37582 19905 22925 18254 16471 2086 22537 24213 37229 32243 18893 25743 10434 31269 3681 14520 3866 38833 13858 19993 25384 31368 27263 3024 16019 6105 7787 8673 22278 38110 15855 39585 38107 22924 22041 37631 11247 13840 21255 21624 31397 23068 35532 21295 15555 38113 6828 35058 31574 21799 28930 8855 36871 22997 23324
32658 17253 26149 28601 15377 32216 29177 22688 7185 6951 16410 15738 10166 33866 26239 8276 19966 7445 20892 11463 596 14276 2017 35193 29280 27563 38701 23013 7577 34059 12152 30941 23516 19473 34107 5353 21716 13410 24266 32722 16402 11025 11316 81 38257 12340 2715 32787 29995 8096 3278 24328 30618 382 8826 31450 37899 13837 34238 11765 5576 31905 3583 34541 16724 36943 35745 35513 36810 1794 35166 38648 16815 22134 32501 17158 23077 22416 16862 25051 30025 12314 4913 15067 7597 18627 28463 39202 25065 15797 13986 32261 20425 36062 5426 16761 1384 8626 22080 33337 10767 6581 26656 27231 5464 29057 16719 21412 6059 22144 25135 24830 5629 703 10026 33968 26005 37122 2041 16576 39845 39654 15977 8920 1885 36523 27190 22308 23805 14740 1778 28701 31927 23025 23617 4394 29846 38085 16964 31473 8189 6552 39142 11133 2669 9919 5198 11911 12226 14587 37551 37056 22556 6239 22917 4267 28999 38227 12178 34930 17304 19682 8193 31247 26575 38948 24776 34577 21306 1736 22961 18575 33348 7021 36352 9990 39781 7275 4210 35175 35481 39314 29284 35739 24462 19299 25963 27883 15490 32793 29872 17963 36181 11012 3290 35248 21865 18501 19792 23417
11645 7001 10030 37776 26778 23151 38509 1399 39767 24067 13299 10376 18603 26503 39476 19790 4656 10502 26804 24588 22388 31918 16116 7594 12506 13526 2297 35442 16141 36267 29205 13988 28770 14335 13830 22753 8546 6961 16333 12811 1905 46 14115 8171 28255 7728 21757 38786 7112 11838 1486 2699 1369 27455 1314 22645 28230 5458 8790 26226 34603 27905 26906 20679 821 8791 22974 1410 6462 36772 10465 8880 26214 23439 6441 17453 11905 10997 21671 39118 14267 1080 4335 32277 27615 15116 4243 31734 30131 38916 15456 20351 21733 13276 27789 11950 3871 38628 10374 2826 610 111 8240 34195 36099 36124 22346 3475 31332 21113 20421 11524 10986 27953 37492 16370 39612 14046 26675 33070 38664 18941 8338 19539 35039 7612 30926 37555 19205 27903 12444 21592 22844 11308 9744 17461 19529 4948 39036 19065 30922 30385 26549 39285 8732 9089 1059 13447 19564 6262 11877 9420 25566 23880 25047 1244 37843 29387 14379 17214 38899 18718 23050 29157 31220 31168 25990 919 33648 20133 20009 29739 28733 20458 23960 17787 24286 32390 19688 13660 33718 18909 26968 22169 18333 33135 4527 25916 18605 2323 12951 35822 37643 4615 17910 35063 39205 14479 4894 25991
35404 24780 15309 34336 5105 1979 27188 736 1608 12222 18619 5024 26408 659 20136 29381 6674 2819 23383 14600 16191 13976 16533 6710 29530 24194 4925 16461 5185 8537 9534 25973 24612 35033 21746 11923 21010 8513 47 25415 26294 34658 36507 12337 38785 21709 27456 11252 25993 17433 10475 7054 19186 29002 25252 8738 28947 26367 37758 31152 35717 6310 31550 6490 4900 10724 35048 33050 38369 1863 23373 4917 695 16997 36864 23744 15959 9417 12157 27365 19394 13650 10950 23952 21625 4798 36806 8572 14 31874 31364 33134 2378 15758 19384 18997 35139 2851 36508 6042 15427 27145 7048 22093 8310 2625 22445 16218 14918 36141 1574 4616 8776 38344 21661 29066 7265 37014 537 25782 5073 2268 3402 496 1482 16006 13305 1986 4641 38315 22138 2177 17024 16593 28642 35233 14178 28625 2761 37942 31566 16131 28793 11205 2867 16427 10380 11139 36936 30745 33505 20858 31618 26628 11672 35639 25829 10377 6729 3875 34917 25352 35735 29701 11425 28919 20076 35546 11622 4077 33484 6991 18829 39802 26950 4529 39220 36075 15679 16727 35128 25035 22862 25602 14285 18923 19467 21923 3188 12486 39918 23988 38197 30637 14522 26900 24132 34765 28885 26620
39541 15824 5580 20284 32299 6849 4317 4865 38021 20419 7607 34178 27247 25646 37186 2870 16429 21776 33151 23994 36718 2471 31532 36934 34034 5155 31389 25552 18527 8153 7471 14404 10373 17548 35081 5930 16245 38477 31743 26789 31576 15418 27451 18614 32518 20184 28284 31352 5664 7042 12936 36272 12706 6687 18052 23276 26578 27739 1289 4860 11541 26855 22045 22900 5766 32375 35265 38206 30753 6017 19024 16002 225 9151 21030 36555 26823 18840 19583 4677 35951 37270 31122 29485 13234 25094 19871 37692 669 6672 11126 16538 31683 8633 24716 20128 36851 17626 21919 38276 23967 17800 7035 3319 30414 23925 22531 978 36515 29377 4626 17768 4152 646 24250 10092 28858 5461 32688 34892 27886 39816 7040 2532 2346 24345 38950 749 39896 23109 17750 37081 18506 21162 6068 21908 19264 9087 1849 14409 39393 30838 24053 9810 25870 8271 1113 86 36920 19704 759 33903 9612 18292 30202 29334 37436 38861 2742 6077 4128 545 21391 23551 36659 31978 4450 33249 531 27378 31377 21153 33482 11238 3141 4274 26589 37276 28316 810 17141 24726 16565 18148 5672 20688 10591 26268 7071 12343 14597 33807 17179 34202 33457 20357 34495 16186 7088 39370
36092 13813 6448 643 8780 22181 24941 20602 15248 38967 26392 23061 21422 11079 36981 6495 8557 14075 24087 19267 5936 31591 415 19425 37438 26527 9159 25868 23394 9836 27943 746 9806 38261 37155 12227 16999 2995 29581 10289 4849 23035 20709 18164 27679 16286 36468 1795 6705 8994 14828 10594 33307 16294 35456 21453 15503 30391 32209 26196 20895 27253 39555 6651 34874 31798 31547 2018 23110 11474 2285 34925 8529 4099 22283 35488 8683 27168 27492 19297 15501 28241 19521 21936 23152 13389 27160 38419 5418 30952 27385 36730 21669 8233 1964 3112 37802 20649 5780 27303 27450 969 34900 26220 5575 24037 30138 14295 20503 8660 28066 9962 9611 38073 5812 1029 13892 24149 36360 24515 18170 33861 4039 19218 15016 15296 8112 31430 32405 37754 17940 15828 38388 22198 5982 7063 19720 11231 14384 11614 5032 34687 37956 11734 14788 22362 14322 31293 8005 31329 4522 8019 32892 4897 29030 17422 8894 25722 9260 24400 33312 11224 13801 27809 24542 31508 25327 14558 33116 28920 26824 28523 11167 27292 15774 29652 18457 35185 29421 22555 27850 17864 3916 19944 14920 10326 9780 1222 28505 11447 31052 31862 35485 27954 16016 4808 21124 19634 11685 24122
32651 21867 14342 28102 39559 28722 8688 31649 5355 12697 26637 25768 37853 31615 27866 11742 3899 31256 16139 6791 734 10108 4199 38872 1229 10764 32062 36292 26669 20813 7994 20034 376 39706 29500 39215 16162 38453 15410 31051 4649 9051 26665 10229 23258 36318 5901 8154 35156 9600 19983 17318 29626 3934 19003 15120 15947 7392 30664 27436 33829 32946 1757 13587 33208 30884 38733 26173 31678 38614 26192 11627 5924 35165 5376 26898 30360 12092 5492 13052 17300 24704 21840 12615 34819 34850 15024 27238 607 14900 3375 35929 35398 18573 31951 14905 36642 37699 13943 13112 11549 21972 24922 1663 36128 22459 12229 34635 2097 26130 31660 3020 22204 23567 39235 2848 24967 34592 26625 37859 3479 13480 8122 37583 4666 8975 6817 19673 12857 13553 21494 36247 31091 8741 25130 10522 30058 546 23829 13610 2640 28681 29063 15208 18278 26946 29984 1115 28222 4389 16992 5408 32029 13404 8865 18022 26836 2051 34968 36037 6775 2686 457 13702 38069 25631 5469 25858 34407 32077 12844 13256 14515 39177 38274 18209 34486 17791 18646 28428 10981 6629 17234 7838 285 4569 7528 21511 39850 23153 12871 24739 35224 29919 32188 7061 29535 5122 17688 7066
5792 22264 14061 12251 30942 28500 19460 27753 22819 18641 27769 11467 22911 22533 18837 1341 26730 17528 9573 23098 25980 12361 34549 28457 38460 9205 10153 28813 34022 6553 13708 4508 15561 31015 23610 39650 14269 25338 26123 27578 8399 23270 28300 10640 21784 8606 14576 25790 28719 13767 12232 38157 36856 15894 36595 35374 23982 774 6160 1171 30689 20755 15405 2188 10074 30713 34070 24324 30629 20168 9564 37137 9326 19817 16985 32605 19438 11787 39275 5964 32842 217 8740 18852 8507 2103 1247 3169 23225 33131 26132 33614 7175 8792 19618 24062 21501 10727 4076 793 12950 9317 38204 35920 28846 707 25337 16692 1041 39147 24891 19947 59 2311 39033 5142 34831 16586 33062 38715 13101 15338 5048 5854 37274 13067 8173 17220 13170 9254 12544 22465 30575 3819 16033 20758 15360 17015 31898 27405 32598 23840 4255 25158 34000 6436 13638 13783 27038 27208 25247 37711 2002 2196 17664 20909 35539 27774 10537 35659 52 10122 33174 31513 2169 12641 34391 15800 29323 2464 2672 17011 18099 26463 5584 33695 21445 37619 36845 619 36771 13461 1168 8098 7720 14274 36212 18015 28415 1463 1133 27842 3955 14728 33264 33580 8235 38531 25751 24259
26117 37132 39556 37812 21886 15073 6766 19298 15357 16473 30592 24545 32697 26932 4673 16974 14687 29339 35304 17094 26862 30741 30458 14589 23997 8645 21887 37879 35215 3936 1357 31704 35469 24394 35509 18735 16553 22672 5909 35414 2176 11090 19870 8337 2390 277 26288 39424 22957 154 33169 27920 37071 5184 37026 1413 9949 24908 30141 17242 2040 29345 26330 31585 25791 16156 17540 24097 14025 12858 1320 20956 21180 9657 39887 9742 8733 25285 15511 8963 27319 2264 17507 5954 18037 9543 38184 27913 5420 38141 26680 29108 10009 20799 27129 25026 35184 21280 20981 16493 1273 39694 35987 9849 3235 1931 32023 18908 3894 187 7579 15265 20364 23999 21402 19202 31635 39129 25789 27698 12238 11965 24253 14225 33928 30749 9650 33573 22953 13284 34901 20634 34970 23908 35137 4766 36264 35443 21017 1530 24432 35750 20687 4536 668 8491 30597 37561 2667 18853 30029 20578 37428 26034 12766 18069 26237 3144 15284 35020 35939 31439 7335 16269 4336 34858 13834 23981 32093 7370 15724 35331 16199 23141 31284 23882 35608 34258 16034 25334 23176 39997 27687 6830 20042 5927 16401 28593 38064 6837 23191 19970 511 19193 37745 34701 15173 9075 21809 33595
2366 34104 6279 31299 16830 5697 26910 39628 5640 34871 5388 29973 39756 27482 21271 332 38382 5473 17593 3378 25511 39154 25109 2278 35045 19228 32573 10952 17275 31204 12553 30203 16421 8615 16110 28309 37300 15407 16088 15770 25253 2342 2963 4567 9877 10025 9277 8208 4141 2458 13262 35087 16526 16167 22135 22933 36967 9084 4591 31333 5182 38335 387 7781 13573 201 35231 23214 10292 32721 35969 26103 6763 19575 3754 10259 29768 30525 29801 19368 31538 13467 11157 32016 11729 7687 19876 36795 3790 25627 35067 18604 14162 14174 36291 7910 31024 30228 1464 35129 34551 9819 34032 31729 1466 22151 6770 35800 1495 36926 37983 31457 25718 37266 20444 5206 15559 9330 30571 24642 11686 27243 17817 13912 30149 1045 25436 1276 7783 31035 7894 3091 27258 885 3084 16836 27156 30197 21556 26851 25907 879 30581 14956 6846 38058 10712 13505 954 37833 37680 10849 24913 14264 23683 28145 36423 35949 8761 33498 30265 14811 9248 28716 3877 27494 20766 21202 10435 34500 15441 34805 23651 28026 32661 6187 25820 32989 38924 9975 34147 37811 825 11003 32254 30587 25597 39873 21028 39913 22964 30119 10214 11255 12917 37875 34335 21687 4468 34894
28375 24565 38561 29523 1249 3095 3301 17339 9528 25164 36029 18016 24999 25391 9491 5145 28135 31675 23612 12947 15477 1923 21603 38140 3482 11438 2630 34880 6 4467 23793 37315 15478 2787 37739 22616 11024 13107 33988 559 15504 5613 18688 36047 31266 28367 250 2628 1788 25155 8959 21328 11062 5563 35883 11601 31445 15206 33515 27210 9767 15753 17786 20121 36286 29906 84 2983 25350 29533 26023 1488 31575 255 16450 29809 12675 38568 9189 26544 12077 32248 36723 3199 30395 15444 38752 19463 21759 25871 24733 35606 30130 25234 35234 34842 1430 9134 20271 16585 24503 3570 12087 5610 23699 25472 22655 18962 7803 11866 29512 17130 15731 29927 17198 6366 28579 25942 9469 8194 1601 24227 3879 23065 195 7881 19754 23212 23023 19980 27603 9217 9466 31548 34054 37107 38408 586 11202 33273 15558 4939 19907 18895 37930 34649 35379 10328 31321 28057 17900 2304 34482 39537 13131 36100 24934 16360 11521 14533 13124 12116 7639 23594 31226 20331 10612 37327 36059 29326 8290 11114 14204 26056 24505 21899 9510 22899 4543 32038 32574 902 28365 25275 20680 37407 27369 35669 34957 798 26984 38682 20693 21425 8079 18513 24784 18083 4036 15812
39442 36441 25549 16503 37433 35864 4511 39712 1785 28397 10598 15941 32982 23629 14942 27186 34331 14058 34126 33 8782 258 10368 21958 30252 28990 29271 33960 25092 33001 12423 25509 7734 16933 23883 14772 30493 4908 9576 12728 22978 37700 8375 24801 26145 26592 523 37782 24055 11811 34657 23042 36931 31348 12718 37350 30840 39690 27221 18995 9939 20270 6903 33778 5830 4710 3755 3685 31934 34537 34447 29982 33934 31135 35690 13571 817 31308 3888 36986 5979 12623 14239 10646 36407 23577 21468 2616 26340 32563 12149 3425 13414 22422 9088 7461 1396 12483 14457 26001 22757 2156 13698 2769 36513 11466 24351 1921 5262 4603 8282 39879 39361 35458 2727 32008 29654 26245 9463 18277 16897 3636 11470 22905 17421 1801 6268 7992 3366 10876 974 29082 7991 4826 33837 3195 26920 6070 39632 2938 22368 30864 6078 4170 23489 26994 28544 12070 11512 31759 22942 22039 9406 3927 36983 22552 14348 16054 39034 31388 35432 35029 21594 28229 12084 34694 33100 25901 16864 15638 18157 8638 2027 12556 8824 9270 10503 19976 6237 18877 29557 4600 28146 29987 8352 37636 24232 15141 18980 26099 23803 11212 26064 12523 9559 34861 12913 5224 17442 3226
21802 37419 30622 4464 9225 19084 27709 11273 2337 3388 28556 25332 15940 16978 18374 12735 32317 8443 38481 27629 24318 24193 23391 23497 25324 31434 4663 10464 10805 14410 39707 26321 37395 28560 17166 4423 19707 36886 33212 38729 18590 16317 7344 13579 14273 28910 38370 8872 28014 13367 29645 5220 17534 30904 7044 28387 18430 2864 10216 3284 18862 3123 1844 29856 27746 36280 12478 11022 37424 23968 34207 36154 3172 23558 18631 16195 34913 22139 4026 26701 1837 39183 11574 11832 27618 14845 4562 26169 13453 16822 6357 23412 19695 18147 23764 9567 29979 32345 2151 10761 27146 23398 15401 15368 20576 38071 19950 19612 17516 31869 16575 37193 9125 8162 36111 26432 33003 16752 24367 4458 15361 29954 39809 32704 13294 15834 24692 24402 6960 35607 17587 34866 30874 30848 39618 629 36757 19671 31518 12466 16037 38582 36923 15172 29111 11185 30218 18861 25565 23217 3597 2539 32933 22418 16337 32587 15217 7701 29311 35645 29346 24781 6176 11743 27512 23851 13549 25423 32936 14636 2319 7493 18192 15457 18450 31394 29572 37106 30739 20486 26510 35168 6927 37611 33155 24028 20701 10869 9771 32558 2056 20112 710 11195 39310 26104 7231 39678 24509 36112
8232 23368 2209 39335 30964 11117 8358 27623 16768 9158 21847 25862 3110 19779 37389 16639 6630 30530 30893 12442 27986 5293 20218 8851 18485 37262 33709 27104 14745 1752 27099 19072 18543 37744 10574 5739 35511 17427 20211 1250 36118 12977 31682 31092 27860 723 582 35352 11064 12067 13442 32361 5514 20389 3701 29283 6241 9468 5529 29857 4305 9779 3467 5922 39798 32233 727 26704 12927 16089 29125 29830 3361 28081 15837 26352 6901 21657 20447 16801 35927 38820 11987 15755 37441 5971 30222 19614 9010 19200 24183 28194 8893 38179 10105 4196 19354 12348 4931 19505 32153 9632 7572 10339 5859 37999 33556 11979 28025 31056 23750 25553 32805 9508 1085 3405 38850 29029 32215 5715 21386 31680 7388 18394 32824 14944 31451 4037 29707 12631 14125 13228 30495 34617 17023 15424 33157 27179 15270 13716 25504 32431 6823 18919 8287 38844 25854 22188 21760 15540 33678 29806 26464 4183 30710 5361 21710 7206 29865 13111 29079 33747 10089 9512 19197 728 20235 603 30858 3536 33451 32880 6597 11763 4232 33555 35694 37400 3401 31026 8166 1832 35218 4392 17681 32993 28533 34558 7241 33665 32236 13827 23870 17105 36669 13644 34808 23557 35571 26222
13145 27541 18742 27266 29920 29939 15331 26257 29170 26159 1758 25328 20027 20574 4581 11749 22935 19329 34448 28273 18618 11084 27425 12112 38390 3973 22175 27467 15573 18201 3264 33773 6934 9276 15594 30559 23733 35673 34432 18813 34074 22413 33016 38278 20924 4669 25863 12302 12558 37343 17921 32479 19260 5350 30912 37041 36163 23194 27571 16161 38389 22222 6546 820 32492 25186 4411 28198 6820 10441 32091 26417 10596 33444 38688 18329 26634 23591 7149 33685 4466 35865 14577 22544 39092 7056 37969 20244 29868 39337 1896 5021 13110 4998 26397 28545 36695 23955 351 18555 2508 37645 395 12035 35065 3674 19611 9188 38709 7945 33761 5144 37993 36444 6250 14822 35976 20810 30445 6508 17779 24157 22022 33724 9550 10055 23165 39251 30767 10461 36493 11435 23465 8064 37695 17872 23277 12514 29899 261 18685 22722 31952 20901 16420 33255 3811 13731 19322 29759 9344 2967 39356 7833 12214 2511 26161 93 28027 9513 16571 13665 20026 25248 36144 28917 36765 13229 26852 24099 36001 36873 17297 28308 24620 18843 22690 12692 25091 13322 36805 14818 39633 22859 2112 8675 33424 17803 6958 37391 498 7974 30697 38320 12090 33311 21953 37838 8917 34594
10333 36202 22035 38784 1614 3922 35274 33722 4631 16050 38497 2846 20378 29516 36353 4033 16087 35538 9156 23341 16884 34576 7503 34857 33560 14013 12191 32891 33642 27770 14134 7940 15816 11411 23561 38584 712 14159 1285 19816 24753 2639 20535 37252 2186 24029 12939 25322 9649 18625 35266 34409 26725 11367 9636 35052 9788 36295 21211 19551 27818 15231 22705 10309 28819 32595 18000 24855 640 8609 29705 26751 31711 30804 18031 24595 13126 581 4623 7252 5235 15903 37901 12944 9218 68 11235 17415 10584 23451 32514 17908 21728 13546 2685 27697 23849 3797 17635 17985 14212 8486 312 5826 7074 19405 7841 39920 3512 15069 32446 34556 4275 14702 10925 20167 110 15218 34533 11884 32620 16169 24114 38323 21873 9160 10430 22510 30661 8170 5407 12289 2388 17378 19624 12104 16705 18373 455 15708 39492 17584 22366 26966 11674 17196 31064 22337 503 8047 33198 6584 19328 38858 27034 2003 23894 29481 16284 13057 11643 32980 10125 6840 27652 22163 23081 17283 10110 30344 38533 35001 3849 24237 12297 10193 5631 34050 19211 33283 20250 34246 37799 38882 24238 12224 6411 22656 14964 16323 34741 37708 36372 6542 15211 20321 37070 38185 11332 10651
25839 15083 31598 29549 34684 35577 21053 6247 31976 14122 5241 8933 18509 13199 13477 28188 24857 25912 16239 1544 9825 34373 38811 34404 24111 13065 27643 35042 28011 22704 35549 18516 25945 25546 3167 9618 25984 26421 36166 20506 33816 36392 25831 9299 2526 31758 34102 26215 12387 26073 31017 11353 15564 19731 21700 30936 29385 28741 873 26525 30283 9424 3943 22218 3948 6040 690 27776 39681 24436 13087 197 32122 32654 11422 24740 13282 433 39190 17607 9592 22397 39955 11015 26313 19385 22103 18247 25647 1192 24535 35687 6529 27672 22751 38346 37046 29780 3265 36446 24928 10085 26995 29428 21738 27600 18257 13307 17499 13536 17505 17837 25372 9385 8256 35792 12573 9323 20546 5546 14885 32757 21385 39206 33232 28087 37671 5787 39779 751 33294 9464 19114 12852 32723 28073 14086 13910 24359 12405 20326 36747 10532 25278 19419 27355 3022 24255 5500 8200 35095 10614 35084 7168 30229 7776 15897 33704 34157 32346 14056 21308 4519 16787 26316 6266 15993 37346 4680 38936 25943 27781 7708 22154 17140 3958 1037 12069 23936 24725 21207 22795 38658 13149 35382 9379 16290 17876 20643 20417 14297 781 35522 32868 18072 8607 34276 8073 36552 18922
34631 38118 17903 26136 39801 1101 33615 17373 33431 11188 34626 9635 9008 19973 16657 22177 5072 20354 28279 32139 35550 7364 26489 543 26655 19346 29137 26095 17208 7873 36937 13675 6816 32276 21246 15968 24297 32796 691 4342 13502 35363 12870 20721 19451 26067 23507 8214 12745 10839 17857 30988 12726 33015 19401 6094 3699 27752 10587 9416 16335 17137 16011 37483 34114 35161 25485 33859 2172 19580 37638 3424 29443 20620 26661 20297 10185 24379 33485 2644 38765 19418 23835 4003 32592 17408 30535 35986 35899 24943 1197 7107 5897 9316 23635 4116 21287 39437 14852 15677 13043 17549 37649 8460 34679 20170 2179 7301 33983 21500 38298 4872 20818 32851 27699 2472 24694 24279 25774 27631 16984 14938 5082 37542 11150 9292 24102 19543 29349 24979 5681 10683 24792 18443 17276 13932 9230 1365 19177 4545 33689 30651 24494 21690 4197 34489 35766 31042 7914 21104 11243 36682 9113 21477 5567 4699 39609 23362 25827 20772 29353 9376 26087 4421 1051 17618 3637 28046 20320 38396 30303 14835 32000 39103 27202 12428 31150 34916 1523 6451 26203 23775 9337 31104 39984 39076 2939 28037 14175 23269 25878 24782 21276 27976 22483 23116 16423 27587 8354 31892
6678 37503 6315 35644 24626 25582 11806 23914 36996 33970 22691 38974 36108 25920 38092 15893 35902 4785 8503 39376 32418 2703 16305 21044 31718 37197 17663 16000 25105 29980 37180 32497 18511 7676 34416 31787 5620 32212 17278 36763 17346 22381 1787 28114 36945 36083 22852 39600 14465 16007 38248 20881 8473 11856 6996 27315 16261 26027 35905 31672 27918 28093 20428 4257 14809 25754 38514 19767 21186 17299 5476 1460 35775 4515 16026 35099 9609 25517 1907 31118 17026 30788 23570 11137 29470 10704 29670 14572 5961 5782 32611 20652 11116 18875 38662 17636 15034 470 35942 19002 17556 27734 22877 9482 13849 29308 38739 19122 15833 31530 23359 28101 10835 5143 19042 25179 20967 3215 7748 9197 25264 27601 4344 8269 35923 29451 1373 27808 7246 25191 21278 36319 6219 39053 14966 25655 18540 17785 2563 6910 2202 12057 13761 8714 5116 30959 9053 20063 33733 28839 5981 32493 12218 7617 5075 14926 8288 2000 23443 3469 370 4629 39687 25085 18111 11984 33380 26976 24876 12809 1755 2969 30132 26957 27849 29997 31583 18224 31962 16951 37124 14089 6137 18039 27966 6446 3692 37517 462 16099 14003 9497 34790 20773 245 34652 21123 34682 10887 34711
18175 36349 23715 31460 9597 1380 11868 30444 39077 12763 29693 9181 8820 37131 18035 15487 17000 35728 32035 26208 7276 34511 37553 28315 16572 16656 19579 8506 6291 10703 11388 8814 5774 715 26616 21566 27661 36903 25886 35626 6454 7126 22713 35629 38009 28017 27291 30329 35441 20189 30475 11540 5064 35145 21577 15158 4563 27572 22647 23727 36176 18249 27197 36147 27779 22639 9107 7446 17430 189 1556 20553 33774 33403 21614 36512 24824 9484 9717 36471 29901 35097 26410 28034 12111 15899 15667 33944 33323 19207 19380 23130 36228 34621 8605 17710 20847 21668 9321 24657 31080 19374 23388 9766 31982 31420 7843 215 23055 23543 19214 24242 4884 528 24878 5973 1749 19610 16380 12267 34673 12051 39139 30113 8313 32265 17036 5368 4864 305 11033 21399 7937 21630 18330 1517 39881 15168 36426 7327 6188 6926 36818 8789 20390 19984 11119 8627 38050 13732 14107 39174 23767 13737 24329 33031 11421 39744 11302 33927 23702 19274 32690 34481 31074 1405 8982 20346 2912 34545 27876 8247 14858 6260 12207 36261 35136 28645 569 204 15663 27434 26476 9480 1159 11264 10141 4119 27755 38539 33602 1867 27819 29634 22094 25645 6355 12528 28103 4415
23088 21075 16907 32875 30982 5993 15852 37154 34670 39045 7038 29561 2077 38711 19076 23619 4820 15571 10014 18470 38881 29086 1503 26262 25076 8949 7765 612 17374 21955 7347 18582 35343 11774 2389 29040 7274 20487 21485 25498 34698 3680 35133 35059 2183 20508 37793 10956 11281 3923 22331 33632 9320 23255 36173 5093 6666 20219 15500 1583 36824 23432 824 23132 17112 2801 30531 24924 14704 34994 1125 16435 6261 2021 6655 22954 13003 8243 15817 9908 8138 15249 12400 11641 23509 32076 15356 1666 14987 10079 8725 6027 37117 15659 18363 11823 33824 21890 14802 28337 5166 14298 4687 8402 12153 10941 34841 16883 19259 14031 25274 13985 16424 5960 13360 31792 21034 11901 1465 20702 7678 29929 9946 17696 11155 35936 26597 39911 8398 5277 22684 14692 25464 24625 10071 12020 8500 19854 21580 2763 21879 30811 24847 26807 39783 35547 32056 29992 18974 9090 17071 14675 27610 8517 33248 6690 27293 33939 8509 36243 26052 29817 19185 11439 30946 11265 26610 2981 30117 23257 32256 15923 37291 20516 36527 28958 18271 22715 17726 17005 20819 32010 31431 12383 9809 28445 23983 32140 30330 1001 450 38869 27259 11904 11834 10363 20308 1290 34395 34484
30693 27977 19290 34795 14270 18684 25634 11533 12256 12431 11200 31406 670 25313 33920 17178 1364 32507 12239 1672 32778 22595 24597 17801 8034 4442 5820 26459 28261 38671 35205 33251 1582 5061 38559 7277 18739 2341 5011 6398 3318 28664 29725 21889 7922 11321 22878 8830 11170 35683 27761 34995 21593 19803 35528 39869 27758 26886 36655 16395 5991 12328 5298 26700 15517 7305 26903 22778 34184 6953 18387 27071 23390 36885 19066 83 27426 39847 1169 39432 1738 27105 8869 991 6372 11410 28429 8831 12851 34051 39242 23555 33506 5737 504 25589 31016 19316 17831 17056 6695 39358 15150 18122 2100 4890 13252 719 16048 9030 19545 38057 567 35411 16851 38144 3165 8489 7015 16122 28816 13640 34085 35319 27640 18143 28465 34363 38482 38345 26696 25713 38931 22644 38747 22355 25633 20505 19311 7379 25114 39074 29183 5701 28264 766 3137 35827 26583 32003 1324 25151 37591 20966 37774 29534 33610 12998 8895 8297 6173 29600 32590 33633 36912 2492 15393 31037 18871 25331 35028 2810 26171 34801 6212 32078 13636 32635 4405 31174 8150 14768 33207 2044 19191 9479 32463 21976 19535 32124 11582 35818 39245 15242 15822 13990 5189 33874 30374 3462
19277 37458 20565 31027 7875 4830 2552 7642 2661 32942 33782 23586 3027 4028 7058 9339 15133 318 33383 30055 22052 28771 34766 6374 12355 34763 8632 32234 37530 17573 23095 4828 34612 12313 12351 39047 31770 753 27959 8266 37002 19163 1046 4107 33530 26492 35340 18795 1011 3442 36114 18493 30327 4854 8058 26063 39457 11778 22826 14510 2104 16662 37659 8630 37734 38138 34414 26887 25836 25650 13746 3317 37977 24399 31732 6805 19843 11327 35874 4893 26255 30066 6024 11382 19837 20824 39574 27358 18475 796 36633 34883 4479 6590 14072 28068 15014 3718 22676 5260 19326 30467 14904 1768 34386 22582 17816 20193 18674 17145 35118 21408 39351 6717 24035 19294 37374 17707 18954 1936 29660 38404 14513 29773 26384 5804 39508 19616 28620 39278 15776 22486 17656 19532 5120 3997 7805 32330 14469 24011 18773 30665 32871 23682 6146 35991 39336 1887 13081 33277 1428 21258 27533 31901 36842 2427 7468 24134 37798 8 28507 38128 38903 20800 4375 28085 673 31821 12968 671 1022 39265 32030 23945 18750 38860 12260 15972 21503 330 19570 12283 29692 9624 19852 34559 37381 32802 15593 37170 21201 33415 6987 2145 23920 21868 27613 29820 23940 37152
15750 5047 24081 10833 33023 11162 20971 38987 9542 39420 38608 20348 28218 34804 30543 39433 36253 35937 3612 20103 6897 15859 36387 23211 35220 22888 19520 22176 14647 35311 6030 16528 16987 175 20917 37973 15952 14790 39567 22750 24072 7225 32825 23572 33756 33030 17500 7680 29130 7935 38816 38803 18307 27907 39986 28393 5990 38239 19213 8901 39100 5996 24575 37787 16076 16928 6198 36728 32777 32133 20752 33887 16510 2500 1992 8067 11092 35677 35071 17337 30161 4727 2383 26913 34329 31662 31127 32011 15403 31280 7316 38438 15394 23665 25535 11156 25590 21751 16581 6827 1909 26550 7286 8423 39253 3644 750 32889 20464 8974 6207 37179 13568 22470 26863 17381 20079 4652 19788 19092 24686 25342 4660 28423 8275 35557 11557 7842 15445 9072 18320 36014 24173 25705 35228 10898 35394 16912 4294 37074 2047 6609 12031 12619 17691 20822 28854 39540 28083 31278 962 8281 10879 11496 14857 17268 31659 38277 17983 27858 1454 2818 10928 24508 299 115 32103 11099 2739 36153 18223 22214 24846 14980 27394 5135 26416 2385 36976 39701 20603 23080 2654 20625 22577 23782 4424 38964 5194 8090 31736 8995 25796 11303 35026 25719 16136 2290 26377 37219
24059 26534 33969 11761 4979 36968 15836 12901 20622 33608 38458 6349 37788 32131 38108 16562 15446 21447 34918 18469 3413 10418 18194 38243 11365 166 12183 114 33267 6580 16875 30877 27073 3872 22285 39320 6085 21206 38792 32798 12139 38925 7384 16012 9294 13499 20074 34967 37918 183 3066 30882 15860 17369 32009 35117 38253 22447 31782 2647 34860 37959 11187 19189 28926 27052 14625 623 31531 19301 560 10301 6280 30620 30082 20224 20527 29804 27648 31480 30586 14552 36186 32874 28595 27162 10293 13438 23459 28357 23576 920 10314 9017 15898 20086 26967 32973 26298 36760 28504 12713 13023 13637 38060 11315 37194 36192 24054 26141 35438 20840 22762 17928 18675 36350 9342 34497 18459 4083 13100 28604 20251 30875 30888 828 25460 6694 27370 32795 1996 35263 1902 31788 30215 35871 14544 35192 13169 7724 19516 6972 1635 4920 8668 6037 30258 19412 27004 39125 30810 19019 34996 2207 14084 34653 4724 25120 26475 35051 3230 23645 20495 25842 32549 20945 21062 2393 39656 9461 16962 9279 30594 38284 35817 34185 14525 22275 16891 14200 26010 22245 12370 38268 29472 36494 18633 5914 12435 35376 16808 21512 17090 26707 32855 31805 3926 25970 13515 34001
28488 10239 24650 26870 14550 22072 595 39113 14567 5612 38137 18950 31054 14444 17560 1710 19494 36791 24995 34464 27904 16723 6375 13076 4431 22949 13987 6586 35737 27000 22394 37348 31685 5014 2324 35462 30513 25013 24730 36511 28225 5170 4882 29675 28385 32649 10152 18839 5084 36602 31987 21481 575 34297 30102 29803 38165 6251 9799 39466 6164 22050 13163 15851 1415 4242 36307 2710 32416 18309 18823 7629 4191 26693 11996 39445 27544 12657 23321 18850 1140 27306 10245 36456 24200 33636 39225 10743 18607 8822 26032 29598 7741 22571 9839 17858 25106 19144 10063 36913 39527 22936 32280 19902 1536 20707 6889 13766 12888 26244 16210 30153 31441 13882 19141 39291 1978 39137 16192 9421 31484 2137 17638 24191 39509 39970 26738 14017 25701 1976 7671 11153 8043 21205 19684 13500 38011 36260 7387 13666 21140 25513 17476 3052 24543 3345 15442 9387 10120 7096 17489 11069 32571 783 24127 6185 31604 6867 26283 1952 32152 22744 17527 38650 23745 39325 15748 22106 26238 4413 13527 19955 31302 4954 15916 24752 1368 11874 39774 7902 2356 8241 6892 11815 36475 35473 23172 28446 9781 9575 35254 37342 6660 28338 5953 11312 25703 11927 35487 15805
24845 24044 5039 6371 39957 1018 21608 39525 16737 24046 28955 26755 20231 19594 9265 15084 28052 9736 14142 26962 27161 235 23119 17167 32149 11555 2423 23134 16288 30865 29889 22489 13724 31053 2897 3087 11305 38516 12937 34302 30898 5530 25950 21967 8053 10013 17909 21286 30516 32432 23229 19344 11520 17129 33163 8828 31114 24488 21040 9614 11401 14147 35789 18711 24235 9653 27566 39417 19873 10278 13105 33244 28182 37990 25808 8113 34743 30835 2778 1542 29887 1603 23266 13619 8417 18826 39390 10379 31316 22891 28923 35834 15818 11246 23730 18440 38208 14695 25786 5371 38365 20817 29924 26811 7768 38983 3946 24961 30805 26337 10927 39292 24755 3528 19362 20797 5450 18683 17448 25469 26538 36379 20896 15125 5429 35155 14214 8481 37727 20832 28380 37869 31249 36175 11080 18397 8258 14908 15491 2996 14382 10595 13856 624 28132 4982 34572 7739 25608 11946 35342 26465 24758 16937 8989 17303 7161 3717 39211 35014 15382 15140 23732 32622 2567 20342 26252 37778 13981 35777 5494 22341 27240 2277 14686 6126 2035 9028 9209 19969 24413 1926 1747 23810 27872 34972 8494 7801 20119 35502 3216 14230 4491 25042 9356 36045 30540 27209 39043 1564
22227 23961 14183 2200 8874 10604 19965 34029 5673 21588 24676 33459 11930 33891 9130 35325 34700 6440 21903 9976 34839 34662 19736 39427 3502 17769 34685 30772 29015 16120 3601 20765 22560 9841 551 24813 38911 39927 39807 32148 37172 30270 36612 15310 7065 31571 19058 21125 14490 17364 12333 22460 6970 32343 23903 20049 24593 35294 17017 1943 13559 8614 30281 4657 26874 38699 29568 34248 9005 32997 8916 22677 12013 10446 28996 2689 24164 1215 27382 35854 25587 13471 32898 37226 8618 39044 19067 6693 25733 17400 2370 1834 29055 3706 30114 31992 13796 15312 10228 28481 3606 16555 29146 15020 8040 23985 23547 13816 7437 6370 25145 1822 26462 14026 12359 37313 1558 21416 30670 16204 21562 38949 14565 17292 38236 36368 34606 18759 15012 15327 36933 11122 14386 22585 20347 10087 36844 16856 23804 4740 20727 38592 34554 38940 37037 20729 22959 32941 37931 20287 4655 26631 29877 34607 16582 9584 25297 22542 4156 22463 18279 6496 10040 24467 13825 19074 20452 28039 32425 26606 12933 15618 23129 15883 14794 30903 27745 24804 28133 11364 24787 29943 39309 35901 28160 34379 24738 31716 4370 24108 33659 18171 36787 14099 28208 11086 19020 30208 9082 12996
11652 34116 20497 39132 32342 23239 21382 8718 7102 37047 9900 20600 33289 28233 29382 5329 37289 7072 19335 25809 14819 5436 20373 3383 6947 13185 6097 32086 4419 9290 21095 2823 6498 37250 14521 17115 27429 21719 35675 26551 5623 8915 5219 3846 16730 19404 13125 39483 38283 28969 30991 32471 29843 25168 16753 39836 12557 13744 3686 29619 32830 3326 5416 36076 38851 20330 33905 35464 33531 18636 2094 33303 28565 22996 17294 15149 10979 39394 19087 39365 15913 10077 37129 25139 31858 36004 8312 3166 19375 37652 15247 29169 1134 29224 26683 10738 29292 14862 27655 15278 20200 9318 30675 21667 18168 39091 16600 32551 29949 32462 39079 11076 22446 20757 17671 35663 15322 7310 10652 27662 22864 11320 21234 34605 28138 15013 33165 17144 35908 39554 25159 12345 2313 34499 15448 15330 1716 30985 15629 9118 2881 23475 39677 19699 9631 8348 36764 1208 6324 39010 27392 38212 12591 33309 12255 26314 11494 14289 18727 36826 6393 33584 37340 23260 10671 1825 5447 39418 9250 38643 12522 27663 8226 17982 30441 29460 4122 803 9762 30980 14963 26155 25382 22908 32908 39117 27300 11617 30515 21641 24988 29302 24292 29808 5273 15809 1823 4127 36554 3355
31233 30751 18616 2535 3228 6984 12047 30933 14823 4782 18267 32488 8370 34290 25018 4792 826 16944 34945 39580 35054 28627 24788 5411 21334 1177 29822 26355 7647 15964 36836 22889 176 19582 22926 14400 28159 32737 9915 27265 5373 7789 34931 39402 12824 23578 23508 29968 18444 27069 28621 34014 9402 12816 25453 7822 9986 27322 11111 31769 3064 10878 2071 19056 11662 8298 29034 33735 25230 12356 18664 10132 33004 37769 28658 33082 11755 38800 13039 24864 34709 6088 37604 4906 19929 39771 25445 19232 18008 2357 30358 24231 18667 31371 28416 38420 37966 31440 29769 26595 20918 29435 8374 3617 24332 6675 24791 8360 434 13302 25576 27961 37399 33014 35597 5655 9791 19828 30205 8371 574 34893 11301 16623 28774 22791 13323 32693 32986 4011 14185 24366 809 31578 5949 38468 7749 3478 4436 28679 32325 26722 27095 28010 22064 6946 33775 32108 10113 21831 20552 21950 18244 12055 27674 38045 31417 37567 9824 1771 27520 36017 26102 36351 35965 25989 20237 30987 3419 1310 35974 13342 15303 8347 34040 29197 30977 4235 2837 14179 27906 36670 12554 6125 29498 3062 17521 9092 7859 2555 39263 21640 26286 34256 18051 3501 31414 18916 32434 20093
6670 11277 32129 25866 22322 18510 9691 22711 16532 38922 8841 37008 25965 3987 30284 26553 17672 24598 18245 30795 33356 35477 6659 11292 5963 18939 26926 17398 16235 1701 10285 14545 19397 13807 28459 38322 38218 26969 32155 30997 9807 6473 17513 10991 15179 36354 10091 6003 9832 2929 4787 23942 36985 13300 8013 6143 30470 3162 38214 9371 12081 17264 15325 37271 25707 279 21110 22545 4340 8158 22015 28282 5769 19696 1932 9621 188 37497 35721 1256 28217 26451 27945 31921 34919 38797 10618 30551 1967 17670 19807 23878 19120 7156 12495 27997 22230 33624 22092 14516 25314 32175 1756 4598 24178 12246 18520 29640 14531 15768 816 10512 1803 9437 17356 6450 20304 24163 29883 15113 33436 621 7431 17772 20334 37386 22203 25146 29438 29325 21707 26808 30253 33456 12319 35021 35333 2300 24453 25622 4551 3945 19448 5599 276 33727 29235 8651 10286 1845 32561 37460 9486 36621 7613 33692 27102 663 38504 3297 167 24947 18290 4919 4692 25005 33053 1418 21364 24825 3217 15498 1318 33266 28071 35006 13311 26248 1449 15543 23621 30241 38963 35523 14004 13711 37986 11667 18062 29964 2599 24601 35489 24098 5875 38368 7007 13222 21129 1725
33321 14781 20547 9283 19945 33069 25083 29667 13937 21600 1323 10230 4722 13962 26666 24498 38629 18370 28721 21827 35930 13529 21281 20865 19129 5265 32525 23837 14488 38831 15909 7004 9723 20937 17169 38646 30021 10936 36992 25272 36373 22079 35350 15541 30837 20102 16816 11445 6504 20958 19987 15196 20328 5231 35572 16035 9714 2632 21674 23038 7733 33521 3965 23585 36370 33598 38376 2636 28981 6743 37746 32147 24713 8390 1588 6549 17477 30037 29753 13828 16451 25434 17317 4416 27218 2272 20298 22167 13120 37891 37610 33785 36863 31467 23203 1104 7409 34419 23506 12447 34885 1254 23976 27763 14933 5615 3496 18316 28833 35845 4372 35390 4284 13940 13257 1566 26471 23381 27875 13275 10103 39766 21451 8212 31207 3042 11858 13250 32719 35958 32604 31109 7858 565 4711 36603 12769 38919 31060 33605 16233 5588 35850 10136 33075 24695 35742 9215 26097 28049 15943 31239 15829 17223 23084 22910 37165 8186 15118 12800 25223 8496 16226 4767 17072 2760 30364 37383 19252 3641 4327 14888 30978 34234 12562 20001 2608 22983 28181 21676 36149 25056 31131 232 19146 22170 12316 20844 33850 15640 26415 17531 6509 36756 30548 16357 20993 30290 31829 21200
12150 15994 3497 20957 26148 32333 3900 26395 32589 26752 26291 30146 12699 17571 18869 14720 23323 26297 4992 20382 17613 17342 8931 23100 6049 14637 32440 34884 39258 304 24451 2250 33404 17327 10893 14882 4058 22468 26180 13896 13646 2247 13246 13038 20183 28383 16481 4619 31865 27682 25029 2256 29839 22580 31519 20902 39354 39436 36278 10236 17969 15302 33846 31887 27805 17682 27398 39109 6874 22044 28019 10084 9273 11933 35122 16644 35186 18477 37282 29778 3077 21837 44 29257 37317 1808 30639 22599 5558 4986 34047 23372 3154 35031 9692 33772 3826 9951 34263 25760 31932 17878 19242 438 6792 5895 25891 7232 38985 4566 22743 28931 6307 14104 32638 30079 31516 24858 1006 35884 2529 10492 1180 21347 7821 39726 24567 28661 35301 1257 36852 16070 6939 12341 15362 2289 33390 39940 13443 39114 17226 39182 36586 29101 38272 34127 20498 7758 39479 13881 14881 24208 18719 18878 38387 24553 27836 6326 3775 18647 14705 37412 39269 39831 9565 33728 5651 28973 12230 3568 32972 39159 28538 21884 34946 10621 21749 35931 4098 29756 9858 36714 21539 29012 33038 7397 30595 30929 33452 28001 24280 17699 25526 28539 2557 2717 28653 26059 21069 2330
4640 16661 36929 8890 28889 787 38443 12 10851 17830 7226 8206 23333 10238 22848 30812 39794 24197 16655 8321 20187 12568 21736 37160 29402 27975 35921 27582 25226 23973 4373 3845 2473 28868 23606 1287 27678 37087 7210 38262 30175 906 3603 14546 34951 16464 17697 6236 33302 31587 34333 28586 11517 8549 22436 33533 14508 10217 15335 11824 18728 13852 2901 7692 15807 18608 34150 25794 5207 31187 3665 16603 18805 36737 27002 8367 35354 30060 14537 34064 11722 35676 30027 27895 34597 11867 34598 4471 30063 13388 35797 6111 7124 33820 1501 31801 5081 37981 28872 39578 33519 22251 32921 12882 5778 30409 21128 30261 30800 38301 13803 9036 17773 23466 36578 371 8717 5822 37495 9862 32996 14707 33989 34154 35202 3883 27510 7863 2025 28750 4902 18139 3980 20006 33188 36453 35646 35378 16449 7499 17025 2184 20791 29826 4694 18384 14747 27726 36780 23897 3607 35498 8705 38990 27901 32213 11089 32467 4139 33725 9361 22249 4983 38552 16273 500 25040 1543 30849 31900 27037 16906 5667 8132 36708 11648 36665 21568 31878 36434 11067 21025 25353 21770 6593 39055 16262 7718 20677 7660 21405 25949 15999 11135 23786 21196 19567 19872 4070 33841
24257 21419 20587 8345 20148 6722 15674 12169 34168 25442 15539 30307 39652 72 8120 39639 36927 31228 23954 8569 1301 30097 28867 37705 38449 31040 19822 21893 9885 18865 20697 37816 32890 14291 25266 22504 13084 35561 18286 8993 4594 24557 26678 3092 36619 37298 2185 34376 2548 36281 38229 1146 9518 6572 9987 36479 17089 18613 425 36781 6563 38450 25446 1508 15201 20459 15174 35287 35261 6115 19223 7052 9382 24161 18133 13366 38756 37840 1330 24638 31856 18803 23301 22042 3485 15982 36155 19441 36408 5959 5234 23701 1681 33257 25564 38938 18794 32656 16986 19399 25208 10655 27973 3542 22763 15267 10335 25117 2999 26891 4320 19286 26144 12170 27767 10989 11597 5060 16841 3652 10219 16224 4074 23823 4970 15114 7215 27460 18250 4550 33008 23607 38678 14373 38255 19082 18629 17602 27351 30762 2334 38523 24559 9628 13673 1378 33218 12859 5518 27879 25819 26031 16109 21262 20198 2812 9857 23189 20339 36210 14757 15411 24609 6894 26277 590 17742 8533 12245 11634 3624 9940 30140 34517 28293 14326 35858 38782 10709 13604 29 915 30034 1819 4531 32926 34665 33463 37353 17076 4399 31993 36588 283 21715 26190 22693 39923 37682 10570
3941 5548 26843 35195 34172 37594 21160 38172 33627 16845 7523 23638 672 29893 10018 27812 5821 24008 39138 38097 12064 6270 1082 35235 5128 10900 10334 6872 28092 38025 12752 32867 8180 865 29558 16217 17263 28581 29253 36363 6080 4612 24953 26211 21836 27870 35567 31283 5719 6568 10682 28327 3648 13487 6537 7995 34629 22898 17493 9264 22700 11890 35898 600 5553 39780 31002 31351 18787 1055 38843 17766 7606 8119 17658 23884 13966 15702 1611 17316 14337 26193 23045 13119 10717 39141 15301 39868 8798 25537 1883 6157 20510 39080 9164 10313 12555 17331 19046 33634 7653 18422 24993 22202 32951 28299 33189 36898 19558 39516 29729 1367 9532 2107 10054 13232 3896 34942 31725 26904 13680 23252 1547 5853 11897 15426 11690 1560 20129 29097 37725 7501 26378 39502 1769 22216 34128 6786 14437 22499 15181 4624 39646 32494 173 9866 29247 21173 18547 1434 31940 7634 2497 25020 32794 19255 15032 31774 15675 23162 1483 6101 7477 30322 35499 20462 29139 38862 39359 29053 22406 2425 6491 39928 15131 2415 11098 19856 12724 28713 21815 24562 33466 12674 1206 20792 28448 7025 7917 5367 12708 6108 33886 28551 15134 28214 11102 4281 35073 24203
426 15722 17996 31728 21463 34215 33393 29293 6767 35225 21876 3104 23019 32344 37914 9127 23971 39968 13415 37775 29397 15316 30901 35994 11160 22530 17454 12578 5862 6102 15227 17240 6536 16618 23039 18239 17272 35833 27949 37506 19991 2387 23698 6435 31824 20277 12768 16114 37606 31925 14549 21450 37676 16604 21522 20631 25623 19834 3720 26483 4535 2888 33750 4140 12291 246 14130 2694 17723 1918 1618 7339 22982 10890 26847 19081 8927 6312 31904 14688 32644 814 33133 13530 22200 33435 22589 7049 16765 35267 15992 27519 32526 10915 32422 27799 8571 10095 29208 6915 32468 19584 27430 35268 36609 36006 31231 16216 35763 13831 19061 1447 12338 8511 2714 24763 20375 26728 35796 27294 31076 12436 24530 8183 39886 36400 11211 28932 28689 32550 7094 29354 1786 21843 33281 427 5042 17641 22596 38295 27419 39820 7047 39854 20581 6753 35851 12301 27041 30678 20734 32200 4376 17088 23760 34552 33710 12324 37444 14381 29259 20329 23283 2596 15864 32287 31919 22380 21688 33076 811 5666 34269 4221 11531 35719 7220 29719 9688 24897 38299 20543 32735 5041 3209 32756 25584 8144 21681 14795 30686 16243 11542 14268 32499 1394 28407 16211 21361 2638
18252 17916 626 35900 39145 8115 27065 17440 38013 9352 24477 13868 2658 38506 15346 1217 19156 26482 14804 21097 3634 11266 21074 31915 2855 11700 21435 37709 16975 9470 36063 11063 9272 25437 29358 9541 5382 3684 34105 2758 24645 37213 13086 5033 36953 37297 6765 16918 1024 1218 2217 11106 21979 18977 6887 28804 17564 28881 33882 6692 37109 2091 31850 33909 7491 23742 23314 24334 4106 137 3430 10593 34875 25775 25028 7553 32486 27673 39547 25674 31338 25946 1507 7603 38489 21567 10799 14016 37882 32271 1469 4326 5003 27444 12786 1031 32381 9783 19927 26526 9104 36980 24541 1000 34287 33629 30337 29179 12010 8010 38194 16359 37660 14978 35066 3951 14643 17990 16018 7890 35116 34827 32498 5594 21319 28063 11250 8877 4911 39819 36869 5807 5174 28984 10676 9358 1049 13195 38915 29742 20363 24423 1995 27320 13258 9286 33682 32506 9938 4130 20289 7209 13838 33453 25339 17550 36461 16415 37674 19361 2900 14422 11655 27109 28980 23416 28487 35141 30073 17117 33042 29059 5100 11750 2690 19308 34191 29347 35383 3045 4161 1422 11271 35612 7650 19390 2088 949 39221 30088 4345 18856 19283 26429 26520 7455 38331 2688 21742 25813
15462 24502 8968 13743 38891 7329 14785 30188 30401 16885 6758 32806 16412 2377 35808 19638 6412 26353 28366 36172 5665 18318 35008 30221 34193 31551 34079 35894 15955 37420 29009 765 36690 7308 19933 14428 24223 26521 9583 38479 30299 4088 22553 2267 11928 31612 36220 27599 11985 6942 4138 28734 2259 1366 1116 24903 11149 20046 10850 37927 17646 16860 29559 8652 26809 31102 27458 17449 8854 4075 7659 18471 20882 813 2132 11257 33065 32171 28486 30677 32718 33177 12037 27250 35622 35121 2349 32974 29322 23726 36594 15935 6301 13 959 10662 12995 14399 28674 36367 950 38835 28342 38512 19160 19475 38238 39949 35979 9392 38637 37422 24220 4348 21135 5157 27748 15958 27591 10954 1609 20448 6747 16042 24417 29408 7174 39171 5193 22787 32939 28431 38602 20528 7661 26197 6341 20741 15464 12303 2445 18699 14915 28425 30020 2988 21570 28228 23108 28044 26539 25778 19889 34347 32901 27592 38730 22739 2142 7315 9380 73 36390 39730 13089 14394 22207 5209 20988 32101 31224 11637 29671 16084 866 21099 10403 20311 16339 32963 18544 32021 14112 28113 19455 19071 8953 38837 35515 39071 33190 17526 8326 7694 660 4528 5888 25577 12394 2941
20682 22299 29370 27771 26513 31985 1754 37702 31755 18761 12448 33812 10707 26590 10832 23881 11414 36300 11565 20394 37206 442 30301 10506 19454 28196 9948 29045 17667 13009 6795 26110 27807 16479 5955 18426 20661 6528 29378 2043 7472 20567 25532 12459 35182 8187 37967 6779 10160 30833 8062 8620 38088 2194 3377 35250 9135 9511 32301 12510 36503 37480 8264 9093 22643 33412 27032 32612 29106 700 21433 29710 17661 26022 12292 26131 16520 26363 3773 16597 17149 19859 16032 1100 24640 10940 15219 1118 6320 22804 4066 32947 36256 22038 15489 26299 16689 27485 1958 21881 22507 10577 38226 6598 4195 20923 747 37052 22410 4561 6691 30768 36794 3882 21489 24649 26658 2507 9802 37955 3885 19490 32647 37756 5783 39140 11670 7202 12655 37569 864 32226 23817 21273 29320 3557 20928 32801 3299 18934 23425 16494 37072 37040 38130 23739 30703 7411 25641 14854 31003 13004 28971 24770 19786 38068 25613 4709 20654 15154 24552 34853 28986 34516 29785 1843 16890 20671 15123 16625 24921 8349 28253 23789 28728 31922 31086 20617 1275 29900 24538 35730 28155 31108 1097 1309 27106 4653 17745 27256 7547 26394 8884 22818 38015 13109 5489 34020 23708 1899
34369 21829 4974 39657 10170 16796 5281 32673 27549 18522 38094 635 22538 281 12186 6177 27167 10221 7637 12679 36741 24959 39040 33371 17098 12804 25392 2036 34010 13132 31562 6038 32728 12667 27176 21292 11300 6809 23848 7336 31099 19795 22901 26090 32844 11705 25113 32135 37440 39016 21041 16105 15057 24405 1438 1735 23890 1691 23900 19977 14442 33779 22287 15865 22157 4918 21901 35704 10728 39590 12354 15236 30005 37893 29751 1777 34456 11060 22590 31358 14455 6955 10169 20793 12007 25067 101 4080 27750 2338 35625 28561 15226 32694 7051 21633 3183 22600 14814 37147 16274 17219 19179 35189 4862 10672 23156 22195 14867 37188 12508 17992 36161 1416 11883 39867 16994 24484 30714 27411 37813 22758 1944 15380 34781 17212 19630 19464 19176 35731 7127 33130 34812 14959 13133 20132 26766 8799 6354 33880 21582 8889 136 39204 17428 23037 26210 22484 38720 21956 37861 4234 22879 19341 4038 12589 15946 4937 424 17922 26200 17417 8664 11797 4228 32822 38377 5637 5297 13760 3236 32637 9400 28830 19446 30433 34398 32779 349 21122 33764 12810 29680 4504 2662 10001 33341 27838 15195 32332 36293 14195 1529 18598 23930 23926 32262 29902 26241 2455
37207 37562 15262 14584 35617 39486 2841 28386 23975 18943 30271 35183 6386 25921 9785 7924 30280 9558 6129 26723 6316 2930 31947 16008 1274 24446 26057 31772 36413 5434 30338 15305 2408 23168 21291 23912 11468 8023 25543 31375 16059 36675 37575 3411 13216 3071 36544 28934 3571 28043 3628 25225 7415 8777 16672 29587 7408 24971 10945 21245 27590 31049 29249 25777 22581 33604 35159 1610 2997 2236 26025 17288 34388 33985 32496 14909 28195 17942 24247 31421 35158 21014 24885 33786 19269 23738 32754 8344 24409 15889 8165 38690 33933 14151 4124 32472 31197 37467 19378 34733 4730 20456 21151 21792 15802 33647 365 2292 2904 17296 220 32955 13171 29274 19206 23028 11427 37848 18068 1506 1732 10310 24077 36776 38300 6776 34113 12430 10190 20036 29296 37577 17650 35591 36598 10104 1969 30206 35667 18981 28600 2182 24199 8857 20221 20821 25739 39039 3420 31783 18001 6048 14121 23526 6471 31029 23824 39364 4049 10873 30378 22013 13542 3495 20423 35070 31622 30711 5510 414 17761 18446 24480 3139 1117 3068 16619 16744 20157 28757 10861 29946 16758 5344 14838 27602 16321 23781 9740 9070 3602 9452 27111 1847 31050 33703 19844 31973 24063 6360
24912 20225 19044 39444 6866 19243 28259 31668 8581 10691 17048 19518 15135 21520 17286 30049 18314 25412 7432 22649 34989 39024 33884 7818 3533 16961 13759 39908 39057 21783 7177 4493 11869 37789 35527 4142 37529 15742 29758 14732 16750 5023 14271 6751 1337 20560 34426 19815 36070 32369 25690 26864 14424 17517 8674 8646 23524 28150 4932 25057 34869 16831 34294 29242 35291 37595 20291 38697 11443 20683 31891 28745 12274 5421 16480 22805 29067 26688 4286 3881 8059 16924 6819 13431 26368 17891 30002 10731 19352 14066 39266 18264 3058 6466 28438 19395 33757 32873 9937 29243 9295 6683 24555 35562 35662 32625 5290 37502 21891 32305 22232 16667 16525 37097 33982 7086 19053 36445 15145 20000 2020 1420 37615 1722 29502 7883 31454 7233 20228 32931 2735 11839 28050 16393 36514 7581 6904 31169 2316 29593 29835 31510 13670 21460 23350 32527 2418 11706 6641 22020 23010 3347 35490 13842 24110 26371 22426 21400 36520 35069 6707 21484 23858 27317 9684 37100 36159 18174 22384 11313 35910 29077 39878 3696 25236 3757 31751 23440 24288 36464 7823 23648 23268 33858 19373 31145 30379 23580 33350 34722 18714 2260 34688 7872 21033 1545 7976 20366 28572 34862
26151 9360 21378 6567 13177 22696 14712 7891 28326 1179 29828 36645 16322 5285 32923 3638 35088 6123 17424 25439 36569 9615 35621 28766 24789 19982 11692 33160 12796 28815 15088 37780 22602 8274 4427 20352 674 10378 7167 21563 10291 39490 21332 28569 39255 37747 27717 22336 11128 21569 1625 181 29487 27062 31475 15015 26765 24697 11926 25379 22896 9920 9747 35867 61 449 30720 34341 35213 5425 683 925 12509 698 24937 315 27178 19239 1586 19085 38619 9343 22501 12312 28166 34997 25195 10636 37204 18240 39025 24964 9985 8192 135 34158 14054 11567 36653 1648 31447 23446 6390 27396 7195 36362 13290 19797 19499 37937 33408 37009 17657 16248 36573 19893 2439 15185 7707 19227 20072 37887 1395 518 5292 19764 37737 15931 5771 14161 31313 38748 3651 8070 19334 26711 39264 31405 36031 15606 13444 16127 33386 15619 95 10036 1850 7632 24274 7456 20628 17955 15951 38731 23251 32869 9359 35813 38555 6924 13566 27079 1810 36269 9586 39152 32025 9423 8236 33532 8670 27094 2068 34196 4607 12771 4 28171 35665 18811 21418 6543 12643 8876 790 6168 19998 80 32203 13226 10947 25084 17487 6166 8858 19724 22281 8643 6181 23660
9894 35888 23853 32323 31193 39208 32748 4198 32074 32286 33922 39566 30799 27352 18050 28534 4590 6602 6945 13194 22881 37865 24693 18777 632 33079 21076 22242 14176 21910 972 23684 5503 5911 913 13725 32020 28629 14431 22311 2789 27502 29810 38770 11002 33006 21139 12795 25393 3127 38156 5592 9274 30560 38119 19203 25881 22428 36080 18983 24980 905 1597 1087 33501 5347 37183 39944 13599 20397 32818 28898 25124 26916 14727 10360 8251 31639 7759 17870 3494 1740 19240 38383 21126 5349 14485 30089 30852 18106 6155 31367 18402 26168 29314 31745 6648 17312 36422 11204 17535 26609 8418 8844 11944 26531 2786 24326 5165 15162 36158 14470 5602 6561 6337 1734 5336 13933 14591 37098 30851 11716 31346 15077 12321 24452 18820 9103 24618 22317 506 38176 12779 11413 13075 15351 4738 1044 33713 14526 21851 31666 15499 16507 11602 20926 34547 9063 11682 4285 31191 24230 29418 6276 28628 7382 3944 24840 31802 29799 147 4219 32321 7535 7732 24826 1039 18749 18061 10772 30796 31081 34636 25666 19556 34837 31866 30962 27730 29488 573 762 21263 16535 32601 27669 1679 34358 14471 10881 6348 39851 21892 19793 20820 15938 13641 23649 24658 28033
9165 19622 10398 4240 29013 27466 33793 9132 28373 30266 27193 33298 14392 8391 17350 9867 33068 37985 11835 8510 25738 8049 26179 28354 8810 14509 7587 4126 23780 24671 9095 37280 23787 24685 7290 14653 12974 23693 22408 12865 8168 21136 6762 13629 20083 35890 16341 6789 12049 34131 23073 951 37790 1429 18425 5788 36739 21649 10633 23190 30905 19721 6732 1659 38325 11489 22781 17241 7414 5968 28514 14968 26573 25383 29027 35870 8925 22411 29766 18097 18781 15025 14878 3168 21655 26747 26379 7868 14928 25493 26506 21404 35903 11408 12375 31334 5366 7359 6494 17224 39830 17839 11177 23209 2805 18032 270 14911 31778 28199 11748 32706 5908 19357 1110 10741 5742 32022 25518 25918 27025 6527 35424 27735 30880 39552 26428 2513 21376 38766 27143 37005 1584 5777 20106 29000 19785 24354 5404 29104 23272 12835 17465 491 7782 12208 35857 7766 32310 3260 6470 39962 18801 11085 30680 28262 7907 12687 26414 15291 3981 1959 22629 19563 12464 7513 6684 31492 4293 35671 39941 27817 32252 153 13811 908 36308 34137 31522 16351 29410 10894 29942 38000 37445 31746 32491 38830 36577 19750 4556 17520 26710 9223 3928 2460 23000 24418 24905 18281
987 28945 16164 13072 17763 26535 36601 517 21340 14817 17915 36043 31633 10048 1461 38609 15671 16956 2484 16091 15304 1857 1108 20812 11180 10819 9384 19047 11865 3365 19140 27427 20482 7953 3873 20246 7839 27150 23877 34170 35839 8125 27844 26441 3995 21398 4777 23146 1632 29797 4168 27446 17869 17050 30487 31258 38863 35953 2791 12818 39964 25673 16383 2575 28178 10213 35586 35341 18600 2840 18134 12600 1770 36428 23329 23777 30863 13864 20477 31664 28012 30577 6318 17248 16678 22060 105 5649 34754 21877 25737 22940 2448 14718 20177 16215 9174 6863 6883 15409 18357 4538 2994 19325 23414 8262 35746 6430 14750 1093 6133 868 6424 14190 35892 7057 35701 32568 26177 130 4189 33124 887 39983 7575 11068 3115 32063 8198 39713 11982 18274 5559 33306 1398 12269 29737 34865 15942 10897 31412 10424 12785 1252 25115 1408 14441 38324 39875 20434 5858 27364 2844 23806 24523 22717 16935 35544 17338 5337 28129 4975 5016 26125 35454 13014 17995 12843 23435 20502 29058 7705 10999 19099 6825 33760 36187 24438 30828 24083 9112 18427 12849 36140 24060 5056 30729 30983 23371 11720 32780 21264 4679 5984 7903 125 13605 27298 5627 18056
27984 30878 6361 1363 35264 1237 25938 13359 28609 9441 34060 7826 27777 27408 6008 13557 34707 14557 14655 5327 2693 7845 38153 30679 35472 34750 29335 14100 20624 35316 14742 4859 10058 33219 3982 13341 16022 16408 8323 39532 26499 11091 11605 38464 1054 18053 1718 21083 34601 37607 39797 22592 2315 30426 36376 24786 16670 37766 19015 14719 24760 34616 3348 36049 13531 2244 12299 18474 38292 35271 5658 28840 1773 31138 19100 20266 9968 6843 5997 17002 32082 28792 29644 9678 29517 1089 8548 24030 31812 11952 35381 27810 27765 23512 17193 27559 10022 22742 37452 36940 1 9194 20280 17116 37061 26561 25387 36257 10926 24421 32127 1267 13268 37765 4611 18763 13007 17482 35405 7390 6720 32359 340 1946 28789 18694 28519 17401 12744 33991 24960 5244 13147 28759 36889 13518 1474 12422 27158 39549 30831 32565 36525 9473 34289 16411 8745 32157 21768 3017 1200 28333 11836 15400 21810 772 1292 30136 31930 20515 4457 37850 19450 16631 37439 9555 25308 23213 31653 6956 12056 25629 7525 266 36906 8088 34515 6352 34602 19306 13280 27410 31624 22708 2198 18289 1403 20206 32760 26309 26639 35998 18903 8979 10585 38806 19566 22226 2568 16363
1764 2792 30672 28089 8887 25715 34093 25930 23694 18158 13393 28852 30080 24368 37234 26971 12575 38780 10283 12831 2054 14110 7462 6074 20611 11469 15813 15777 25599 3908 16592 20469 32341 36025 39829 5111 13265 520 34080 4878 37063 1573 2358 25249 37824 36950 22294 11888 31275 38081 16049 13440 3298 1060 32007 21515 799 831 35074 14489 19010 23052 5363 5600 22386 16729 37511 7187 18115 12819 37288 33240 5768 6785 21590 33801 5239 25401 25763 25810 24504 8793 33359 38672 14499 4803 8022 8270 37004 3253 17259 33503 12042 33430 27255 1372 2225 21067 34980 617 14353 31507 34622 26605 25148 5147 33926 36990 14663 30325 4460 6821 31871 21144 21052 33790 10099 16296 2553 4613 22841 26652 36766 31627 35076 32683 22574 14315 17419 16932 2223 33945 23018 5724 16982 30423 8099 1095 32852 31568 33242 5308 31252 27153 31595 14665 26825 5707 9467 28709 11377 27514 34902 5406 34153 37012 8837 20058 14502 13413 29327 39919 9639 3133 24983 37328 28122 34613 26176 22505 21431 30600 38982 10603 9587 1178 1297 33376 2449 22440 2213 8003 12955 32678 30841 2815 21904 33924 11208 11130 5113 14951 34668 23358 4115 7132 2412 37404 916 20633
2013 13074 9822 10984 5 20597 11671 27507 35925 24069 26472 35130 10913 22104 6351 32967 18942 28139 21929 29882 34136 33896 14886 19678 30940 8794 36532 21706 9520 17368 3109 33354 851 7563 37278 39937 14157 5378 11558 17027 34703 12690 18722 35637 20728 17463 9874 9748 28939 3550 16527 22420 36799 22524 39989 634 25 9378 2254 10665 32640 7345 19310 38106 21152 3662 534 11214 13677 24569 13663 24262 34394 12155 3113 9516 22784 20185 33225 5242 17798 22968 35537 27786 7484 12747 28985 7561 4763 2451 19216 1230 39655 38211 2436 37946 13312 8078 15453 1620 33211 19153 32841 3719 31669 32745 5240 25969 36767 37347 38160 14476 16967 10199 35764 32827 1914 31486 38424 6778 24018 20512 11420 14628 8650 35689 15759 35412 6534 39810 30289 34058 10812 32469 1591 19049 10338 12156 39369 18698 3101 31611 8148 1477 7333 23596 25971 34863 2442 3803 1538 15171 16636 27653 27267 19641 4877 17423 15607 21168 30896 33473 27985 31520 13114 19006 15178 23192 353 17634 10957 5065 4940 35060 16846 31610 20315 15953 17958 5849 9267 1737 4682 5226 16942 4546 4757 20933 21677 35238 14435 37713 1638 18535 24549 22125 33570 16094 34366 29674
12137 75 10539 7178 29073 33276 39120 13855 37628 15681 12160 20436 8639 29336 9913 14541 18505 7378 5749 11801 22168 15183 8227 5985 34295 15524 23950 23893 28104 13454 11279 34969 3171 20647 38898 33851 14563 25574 17632 29582 24093 18092 709 29245 20853 11537 12011 28634 28878 26799 23488 4955 5828 37665 18345 9685 25284 8914 27489 21012 27481 18972 35459 13158 14770 36328 20549 9669 28200 947 9289 11319 16086 17058 39817 34797 28483 8228 26358 27089 35279 25136 8077 3398 1824 29712 35346 20961 18321 14042 32045 22774 15879 21297 9610 9047 19956 1226 5212 8923 2998 29722 1036 21817 33010 22526 21962 10834 12730 35558 1532 12460 27982 16548 22276 31 23387 25245 7070 13435 3750 17186 17673 27911 2122 34923 16806 17325 16434 21788 3942 11854 4651 23232 17302 3391 15159 35249 25204 688 26118 36811 5334 28070 6035 11436 5773 33158 4899 17170 1172 28723 23344 35769 11808 12580 4756 23628 11505 7975 3771 23418 26867 4888 33191 12032 16731 6701 502 34961 18348 3012 14477 24762 12758 12144 36528 34638 3152 33994 35582 17771 6263 3728 85 22339 39217 23993 14914 16132 25257 17644 18514 853 33867 21395 13192 293 14977 9149
38945 32876 24437 31483 31285 4892 31914 20557 38065 34960 29793 8381 25078 35703 10711 18500 29031 30669 30230 15449 26160 24441 21470 27091 9477 2011 6622 37870 10961 37697 12537 30038 14192 25259 17252 16741 38918 1053 209 460 37485 39471 16674 6018 18991 25037 9169 6201 31902 38452 28587 15041 45 7406 17718 11143 30549 30612 13449 32376 7103 33095 9224 31937 8195 35699 30362 15104 27738 11399 12743 18965 5726 25640 27280 28283 2069 30504 32937 32 36334 17820 25732 25638 6935 7495 26540 9808 26424 2543 9304 21771 33937 18959 27633 16176 26822 17849 2814 28922 34367 37149 10530 10786 3147 7812 22314 24744 19748 25380 23520 3610 28242 29733 11199 35727 29850 11841 29291 28831 12529 4793 6715 26927 8485 20731 17380 31142 6277 33541 3615 28589 39855 28209 11656 2149 18327 28286 25508 16695 29614 431 6012 16189 15789 5617 9828 13887 2729 29662 2398 6531 33986 3417 1262 27327 30297 35126 20318 39087 36104 1470 17739 22374 27454 7551 18905 25624 9414 34296 11714 4456 29886 25244 31966 30092 11909 32288 37762 21705 32273 11352 14605 18599 30857 7078 26612 35034 3491 25279 19143 39060 35480 26977 429 5537 13562 14250 4017 15443
6033 9868 18137 6053 31210 35492 18818 39296 37688 16848 10987 27969 29248 38825 21054 10184 27005 24809 27865 17788 24766 14562 13728 30264 4721 21983 27501 16486 33755 29193 18938 28036 35915 17016 15604 11027 31209 8836 12989 34625 19818 3572 22939 12605 31822 24899 29891 18637 32109 6153 31883 12999 34675 27474 37231 4319 22342 30099 2153 38090 28485 37519 24171 29647 5295 31907 24524 13397 30891 27873 180 11795 20124 37929 15608 463 7307 25910 27526 2681 15250 37290 19700 24317 3575 33899 23322 38447 16542 392 35805 27452 8294 13952 16446 15343 17911 19868 264 38823 272 1784 16755 30455 39945 331 15956 19930 38685 7075 7147 29219 38502 1696 10962 23941 28021 10814 35102 10722 37836 35302 23668 22295 10402 21573 6202 38878 11008 5267 20657 14990 18087 10924 10171 17134 13482 31648 12585 6213 25632 17051 527 22525 23758 28994 3337 34814 16563 29337 39662 26468 21051 845 937 1376 29068 21493 7569 5781 33932 24143 21250 20471 20570 33108 36833 12560 15505 36283 5711 39539 10500 38558 13136 6595 30918 20108 29829 36478 26893 34068 3548 4270 1478 7621 13781 964 11666 4866 30018 509 35336 25375 23697 39890 27036 21325 19188 35988
38759 21241 34422 28739 24992 30624 9882 28221 22488 15575 8570 29752 9880 5926 6283 38989 4909 11083 23167 36443 14261 27891 38726 23396 25121 37846 12649 21007 30272 30886 26782 1202 24888 14575 7351 39216 25036 31066 36848 39299 5127 26741 27532 24094 10715 39504 13295 14571 20301 36133 31216 11380 36557 7435 675 34518 1721 12574 24862 13187 11968 35566 34382 3519 34166 18740 34428 21261 35380 6589 23401 31158 29083 2275 10365 11034 30150 3227 5933 36289 24306 18654 23525 4363 22373 4617 32202 30158 32196 7532 21727 2966 19536 31870 13762 21589 32669 2719 9607 25999 25667 34227 22206 1569 18191 6284 31008 2797 492 28847 14899 51 34176 4322 7182 14220 25693 6162 33369 39608 15108 8751 27732 32227 11829 17146 31478 32315 35144 8160 14124 17502 5393 2136 34468 9336 35437 18328 20666 18808 7697 10388 27521 25429 735 25408 34230 24215 30695 27921 5092 26865 33338 3884 20114 1342 9521 26128 33957 39692 23611 6180 33821 6113 16760 30660 1386 28410 10386 5057 9487 6295 2073 18203 7920 6665 8009 36249 17887 35009 19358 17655 22921 28048 39467 14836 34405 30532 21228 12993 5811 35786 33319 38348 17018 37218 6127 29016 3315 32714
22332 12665 16929 19108 11267 19012 2953 37731 8350 29592 19096 21621 26545 23106 30492 30546 39451 33900 31301 34285 29230 7105 389 5967 8455 4250 33825 35941 23640 27045 20642 34106 855 14729 3711 12362 26082 37648 17519 10571 13384 6121 36858 3323 27731 12825 27558 20414 11754 29622 28377 3416 39213 2381 24445 1714 22229 24970 31596 641 38775 13390 39800 10866 26746 12759 19718 1141 26017 23147 21118 6682 3559 23075 11607 2721 23170 25757 21401 12177 4032 8635 39729 17981 2159 20785 12703 13277 29401 25022 32292 32385 26584 9750 36930 27014 7248 26039 23453 37646 9232 22527 806 30125 13992 29921 18767 33534 12148 15467 32313 22566 15203 1404 733 31894 23424 32357 3864 6983 33027 10131 1548 13508 346 13349 5162 26490 2397 20932 1661 29595 36347 939 7403 36397 14123 32821 1493 16589 2124 2454 12845 39018 13657 21806 1868 10445 39345 10825 33951 9204 13122 16490 35190 2314 6302 20319 14405 2942 2467 33917 28876 14454 23473 140 20463 1072 19249 37380 19033 9837 13722 8555 39604 5656 21521 18642 20743 17698 35230 38973 30061 2248 36947 5585 37907 35785 37223 7289 21731 23589 22158 27016 35508 19654 37202 31043 38874 30365
12921 17246 15827 24241 16277 973 5654 508 23791 29152 33819 27646 3817 32112 23091 38100 5304 15901 27096 36107 12468 25575 16150 27412 21366 22441 7299 6457 3964 11349 12620 18127 20696 14685 39431 22432 17781 26194 25192 9914 3541 8392 16550 23131 13320 33487 2322 25882 35540 12504 3408 29148 26019 17485 28640 19702 25066 3148 10300 34194 14277 34330 5372 21428 29406 24273 16392 22872 25365 11983 15920 28234 39306 9701 4636 29214 39485 29266 36346 37358 24779 37748 15198 26763 26922 37576 37429 32713 36472 1263 21673 26940 27341 22601 30709 13706 5398 2771 32675 26331 27522 26150 407 11145 36538 21850 27132 20092 29590 36431 2110 32505 10432 3097 18876 7965 356 17456 39395 8309 38923 2514 38939 27309 8962 30870 37267 35618 16828 2162 25477 23503 31362 32281 10720 30866 27644 23965 16468 18630 13717 15416 2775 10796 9739 5069 21723 2092 32448 21639 20579 11894 2627 25137 20501 405 15399 30628 29285 7586 13544 35876 118 6616 25929 31629 9370 33342 32070 22875 11935 34437 21874 5140 3161 12524 5186 1293 37151 31876 10778 39598 17063 9529 21954 3129 17751 19794 39546 16250 5522 7069 6467 27693 4703 21089 22479 39472 4542 16388
8400 7365 13024 36174 15707 5561 24041 6343 5668 34006 789 31890 23071 15289 13152 12452 23658 22701 8899 20208 9548 17967 22046 4541 21642 18900 25456 3028 4500 25800 2980 12793 29577 6982 6530 3153 26091 39341 39892 17575 37522 23331 19420 26660 21894 27018 20068 38719 5086 18656 19847 627 30499 30006 24350 13288 23977 18770 28115 22236 8427 8101 20212 30511 29579 1145 28940 20548 19226 7100 30255 27173 38285 2704 30956 8121 522 37953 36574 18993 21350 20450 37968 34271 21560 22124 1439 13805 6365 37585 32666 15871 27841 36928 8299 6656 10173 9275 21734 15847 4861 12579 14721 31227 2687 13466 28972 20523 11354 36235 10659 23 10735 21133 9076 20803 5051 28897 14228 36284 9517 14842 13739 15281 39564 7871 37810 29328 29048 34081 26841 5945 7695 34846 25341 24450 17471 10212 30934 30920 31084 6271 10977 1900 34340 12017 30786 10049 11955 6065 28489 18350 6713 19534 25081 21331 12014 23467 21730 9024 25883 20488 27751 17053 2203 13547 18121 28618 22913 35601 15423 31413 8161 10968 30719 639 10597 28691 28800 8770 23921 27118 18467 24859 31837 32680 27212 34380 39222 31776 12399 5504 34316 874 9410 20084 28364 35696 2876 15790
5732 34954 37763 18300 301 5091 4461 17810 15238 37006 22095 39438 21324 11492 22353 25072 36199 21219 17971 19652 20983 28848 11045 6152 29123 27199 16773 28648 35741 5696 37874 11035 31689 38471 26736 23163 7589 2491 2146 35993 22430 32240 706 22817 21937 19698 4355 14446 22258 18644 39814 10307 4595 3457 27621 6937 4009 37092 13233 26231 30694 32914 33548 4131 26224 7916 6516 10739 2039 576 18594 14696 29490 32350 18017 25841 18866 31651 16111 28006 6601 37316 12782 36823 33586 29109 1977 11776 15318 29922 14106 11528 13201 25070 32380 9080 28099 1555 18550 7064 32940 6114 18958 13370 2713 2914 36 24926 1908 17592 2310 22076 8196 3798 12252 485 1724 9449 21516 12086 35632 20432 26949 12808 38445 18361 7173 4596 28191 22070 12469 13552 26654 15653 33339 18747 29420 32884 13504 11087 3540 8008 21329 12997 24972 16513 20066 319 24519 31785 26364 25798 13817 34775 9069 23447 2585 32080 1634 4407 7999 23223 10969 13289 14306 14569 23300 25615 17416 7780 12386 31235 1859 12783 28836 32834 7909 24896 10573 2129 28456 8904 39068 8909 11649 18045 29545 20430 23305 7552 17828 35408 30287 30844 14233 30731 16653 8463 30454 34772
558 31709 20776 16214 13975 12915 14163 6233 34008 11534 2187 23685 15486 29342 39396 11171 32545 10050 26990 35897 38522 15232 12247 24469 13964 5379 17775 7266 32978 23357 22727 5587 31140 39281 13880 15398 30157 38836 297 20182 8279 16637 7544 2474 17194 28125 7116 19219 834 10135 2527 38026 7395 131 4587 3476 8472 16966 39947 39952 27406 9956 11850 21506 37449 15609 23285 2481 20455 32465 39239 35882 8704 39069 15064 15329 16166 6075 32511 30446 19560 12929 2712 12402 19900 19996 25426 30402 30336 1919 7856 20005 24019 24987 29144 30735 24634 2205 27938 26304 26158 33826 10974 21121 36002 25242 38362 34493 6405 23695 5700 22941 32144 26272 16389 18303 280 3788 22737 21359 37728 20934 15554 38530 29021 3655 38005 38371 4962 1455 29023 16958 19866 13829 16880 31488 14340 9146 14126 13037 21231 23267 27195 19276 24080 15754 5440 16543 28312 3950 7451 13681 28799 2406 34615 8937 4670 24619 19922 16181 454 27289 31350 16566 35057 21166 25370 14197 3010 24105 24610 36704 10774 8015 35569 24871 20638 37195 14262 8508 37125 804 23513 34528 22272 2906 20690 30293 39644 9978 38177 4203 37658 34108 2673 28352 2127 1157 19925 28987
33769 28740 1789 18867 32859 16803 2885 5245 35693 28151 37173 22938 17079 30524 25200 350 6974 31343 17439 5179 4502 37054 10004 13946 29110 33128 6022 23292 17333 27946 14007 4259 1424 3751 26834 15137 7712 21763 27971 6134 27391 19780 17659 4968 3666 15117 39083 21896 16251 4698 3447 4513 15235 26721 13658 25411 24390 34334 9535 12140 4365 13674 36973 14186 16297 800 3212 11708 23008 155 13905 21387 25454 17984 30598 5248 37672 38771 3026 16027 16425 20952 10746 22522 11639 19812 8568 4261 27553 14216 10356 31339 25170 4802 20718 10694 39119 21427 24358 8690 210 35651 5784 11178 11297 5160 31943 30224 37554 11736 8727 7497 19366 31687 394 27257 9050 23406 20686 27509 39965 19388 24754 314 17488 14393 1728 19646 22569 20282 10176 10551 24873 15234 19742 6151 36910 10949 21272 30652 30529 5214 32843 36857 13176 20753 10178 14501 18096 120 25968 5254 38546 11491 22777 34796 32121 39304 3283 14423 29165 7250 22923 31062 39521 13965 32312 18526 2452 32960 9106 38787 36959 37856 13736 21678 13030 22623 6636 23502 33322 32326 3593 7183 15962 9863 1299 38231 12171 2946 35720 9654 10607 1798 15240 5636 3874 36884 34988 28112
5498 7380 23400 14057 36082 29575 35545 30260 29365 8030 17665 29128 28451 11151 13763 7988 32965 18985 35702 23855 8448 287 39924 15165 1034 37475 7050 9813 33446 28683 12513 33844 35945 14140 33361 24315 5919 29168 33147 35603 14892 36275 16552 32767 38291 31427 5396 33507 20762 30764 10686 8172 24736 20077 20210 23367 25064 22493 1705 14464 35160 3279 8317 18381 36850 18588 26760 32293 29431 12371 26821 7878 11958 34175 3561 34678 16407 22398 1636 27787 20723 6709 37484 16833 26162 1669 27442 33333 12449 11328 1295 38056 34181 35032 20274 39176 598 31012 11961 22814 24234 14005 2648 39663 28165 20387 12342 38597 23842 8404 32810 18199 27023 1071 31977 16701 38052 29763 16895 19717 22474 31276 21461 420 39063 14538 29496 20418 27163 35262 30806 28156 9440 11679 20586 33676 16385 8687 19901 30894 9346 6851 7668 27478 7402 15791 9651 32782 19307 36961 22496 31845 7360 39413 23180 2410 25395 28726 23869 33032 36702 35825 7270 14981 35990 19150 19952 26497 31330 13178 5261 29367 28254 1670 36487 22657 35358 14751 2592 9144 5427 22981 5087 36883 27048 2866 22466 2756 8107 6272 20719 67 32088 1388 19175 464 28322 32610 15617 1494
99 31912 8616 21656 31147 9007 24160 9121 29643 21310 35842 8896 33167 31477 24688 16023 21764 12446 16498 25087 38491 30460 24680 11464 9574 37513 30648 35510 39931 22575 3854 1315 34824 35035 542 30152 12210 34530 8325 36816 27829 10460 38866 21737 24491 15556 21158 38913 13491 12496 35695 11994 20438 26954 12254 27595 3732 31605 6289 27064 33609 17825 6680 9438 37578 5998 16901 30237 37630 28976 2475 37919 8052 7713 15536 22071 16767 25122 14667 6880 31986 6794 4625 10181 19643 4227 10179 8210 23303 28266 35321 9055 19799 7281 29609 28912 36591 39111 24894 30789 5877 9703 19623 28472 18268 12958 26849 34610 22121 32848 17896 4517 2241 21356 6118 20893 2210 23946 11010 17348 10798 1050 31462 24383 36263 17892 17867 15988 20659 16501 8461 35384 7314 32887 10150 757 22010 2799 2284 10490 37017 35781 5942 2394 22613 10201 20245 7825 24696 33914 38350 2926 14143 23784 25296 8464 35283 16168 25524 2664 36785 21564 23455 2231 38545 7334 1228 2757 25562 19662 36576 38815 6014 4928 39303 12569 24663 9004 5876 27837 1148 33651 39739 19336 9383 34033 6801 26931 31910 37592 21009 406 39357 27225 33626 33107 35943 7530 21251 14780
26691 29129 23943 7511 8042 22906 32092 10848 20708 5279 1878 6969 31814 6873 24578 3180 26622 2206 38297 25180 39146 7560 19523 6387 20080 23377 33558 29933 38493 23094 1616 29163 34525 13672 2232 12904 3263 26028 37932 22238 11493 37339 2255 39737 36277 6920 3437 3433 21038 33512 30773 36561 28810 20845 14876 11220 17753 6141 5772 15488 14992 7179 15905 28 3287 22053 23825 38702 24837 12029 21533 5099 30717 9211 1676 34751 5405 28020 32569 30666 10078 23126 26866 9501 8695 34564 26508 30256 24120 19711 5365 32670 38289 20544 9212 10306 19629 7424 2679 11337 4836 4444 23548 8711 38921 12206 33714 28522 29175 33590 8038 10427 22452 29238 2611 26107 36815 18957 2561 24613 28484 1471 1106 31036 17600 12923 16514 39279 13776 32862 36925 459 9363 35964 39020 26152 13351 11731 24475 19823 6221 6292 1576 16439 31676 24148 12669 13283 28370 37965 27353 10552 31515 25251 3367 6273 21407 12527 4035 18868 24714 3202 36663 33857 19517 26987 7234 13522 37617 10528 19198 10929 29260 26829 31184 17840 18182 33013 33103 23415 16117 10164 11527 3672 38416 25744 18741 39409 31133 6611 26469 34971 14352 2860 32790 2566 19810 10564 6469 2065
1623 30736 30873 34077 6396 3221 24179 28742 16754 132 14155 15987 11306 27164 26719 38019 24890 6098 10200 17377 16896 31863 18177 17931 35364 7278 31868 7235 30567 31456 35260 14976 3787 22419 27121 11502 13823 11563 35698 31401 2927 34947 7981 10988 4472 36197 15294 2588 31345 14438 28549 6194 2294 21086 9167 13321 19443 10784 31693 7580 5486 19946 35596 16900 32600 13983 21944 36000 4483 21021 22097 11995 23772 13784 6401 29136 436 5832 12262 651 35206 16130 36745 37809 16613 4414 20904 39579 39017 20632 10544 20323 18537 12817 19102 5299 38905 9613 38683 20370 35475 7463 16289 32349 22401 28530 39425 3527 25289 28695 32179 34360 32599 25138 33510 39529 37716 1875 31126 38215 38772 28047 37913 26259 34915 8969 12298 19279 26335 1348 30593 10535 1238 20359 38465 11454 2706 31920 22082 12220 34609 29436 27885 32366 34446 31793 23814 36740 30051 4966 28880 112 24287 7297 2908 36987 15369 6723 21948 16453 19263 5159 10817 27706 15439 6421 2829 11640 31123 25834 9519 6524 19371 13251 7955 16596 1096 3054 19104 25031 34217 13585 6034 6633 29515 29456 2707 2959 36138 14824 24527 3977 19439 27423 30199 26890 4044 30182 37123 11259
17588 32613 6319 6832 23311 39966 39470 16146 23090 3844 2273 24092 29761 29090 18846 1184 15492 8679 17150 1014 36827 19825 15831 28762 10732 6445 32449 39658 15535 21826 21795 30943 21375 26651 18367 9019 5695 39605 23689 20142 30685 3947 37549 26185 35692 38327 15286 23792 29923 36944 38698 38900 37307 31557 15285 10742 6999 16940 22786 24539 12462 1128 38761 13617 36381 8462 15087 25780 37499 31944 368 8471 31946 37494 20748 7036 30057 21374 26287 20645 30001 31761 29721 15625 25610 6679 22816 20259 8246 20468 22895 19918 26106 7635 6532 33696 22326 13558 149 20876 19578 13363 25567 28703 29196 13794 35223 3338 2391 7245 7892 2974 5621 25367 16148 22681 25583 8130 6838 36783 1642 26705 16128 3907 17716 16103 29022 27710 1371 26406 7549 16010 35963 26951 2750 36692 25529 14971 23511 27343 38892 9405 12203 16443 15906 38670 9459 21495 36399 38883 33112 37434 18710 3432 33577 21003 8525 16633 19913 34112 25104 884 30413 36090 25830 20604 37150 8542 12479 3053 36233 23542 38638 23972 20293 10222 31803 27277 31001 160 456 35387 32114 10416 37034 27246 34005 17035 5829 2651 4214 7269 13936 3473 15372 22002 11473 33366 20496 7649
36915 15122 15732 35980 10115 31166 1344 27017 13799 5432 20156 29444 1306 946 39007 15825 34825 14610 24216 1639 35335 33981 15579 9733 3640 35460 28822 22113 7394 6714 3504 6857 29494 23534 2655 34697 21653 39450 25799 4067 22632 19151 20605 19733 21309 3968 27505 5848 37345 29096 25476 23581 16820 34911 11599 26881 8379 31466 25974 19932 10483 14166 7973 22279 12332 435 16458 13625 13064 15155 19036 6510 4821 526 30428 1075 17345 20316 5346 34768 16095 23005 39161 6242 2762 35056 37544 20665 25937 12119 19309 7906 16683 19909 27597 22323 21111 24001 30815 8852 4728 18335 22448 11304 18804 26198 27453 1496 32186 4369 32162 21035 38395 21844 10653 2101 22000 10202 12066 898 38305 23197 23593 38700 29469 17749 31020 26348 4084 32566 10706 19908 37627 649 28287 722 11061 11450 14357 33518 15037 21698 22557 14582 38242 32831 35563 32932 18968 11844 7989 32303 13236 39256 39013 36224 39377 24507 22367 21858 32911 8696 11964 13984 11104 11677 27554 7229 36034 29355 6013 35887 18558 10489 26677 34737 3924 36563 32396 38260 26687 14040 10208 21426 4963 32159 19 10343 27951 252 36050 11825 21190 25538 14666 6906 24867 24219 10863 30308
2503 26389 14593 39198 19234 4779 33625 21019 2072 17841 9845 7152 4815 28911 7770 36790 10134 21584 5339 19789 19892 33832 26709 28856 30960 30925 34843 4853 6578 23441 4804 11402 37421 30183 39131 36696 1950 34211 37849 3487 38131 35798 16648 11192 27854 17372 20672 23753 29026 25847 19351 25012 23751 35977 25914 10396 15422 413 35257 11158 34451 20806 35068 3273 5272 2732 26306 24169 31415 36969 11539 27389 4239 21906 14624 25843 2711 28704 11798 3126 17957 17679 924 9954 34542 10518 4382 8046 25671 35654 9389 30642 69 28748 7055 12097 37863 19910 36088 7418 31658 15734 19687 16595 39203 548 7602 3025 34770 23822 24304 39617 16947 24005 28812 33736 25212 26626 20724 27792 30481 14574 39987 18569 30429 14542 25404 38146 35134 856 11483 2283 36958 11442 27415 18556 2221 31529 3399 4848 21165 10319 23766 2674 33641 20302 1062 25745 19858 22174 26515 39760 16074 21478 34958 13539 5710 3231 17273 36874 19894 28735 17884 36939 13469 18726 10606 21781 16394 7141 9298 37284 30674 20437 27650 30601 15463 23748 5712 13960 39243 7996 38134 10295 20695 17274 22664 18200 15435 27252 30859 10399 33282 25098 19957 15779 1333 11103 1033 17542
4022 9980 39184 11707 37572 38676 1234 36684 32715 30667 37612 21993 12250 25277 10697 19735 16123 27994 35756 28395 3309 27211 37255 15397 16441 11291 24281 20415 19627 9137 30448 23643 20213 17383 7166 21558 8342 8181 9589 32703 16819 30262 20386 10976 676 20098 8941 11525 13325 31877 29794 24182 19429 17093 23800 6565 22084 4719 23385 13696 9499 16231 11444 36671 28105 12018 338 33443 4408 36721 9556 17863 25887 355 8071 31807 28153 11914 39998 37867 39022 8048 33582 16794 25956 35799 33511 25394 25947 8050 12323 1105 33363 25055 5190 31795 24660 15450 13254 10436 31752 10909 10081 10080 31419 12143 23918 31463 28362 1515 10458 30095 33972 13263 28267 5648 25366 10390 21109 14738 25451 2252 26035 10466 8434 30501 32991 14223 8613 26772 29194 1088 10332 20195 2736 9679 3799 5284 19131 21951 21440 12451 37130 29092 12184 8106 23953 35040 14683 29754 32575 2698 9644 23904 27874 27001 1423 2269 36902 2407 19934 22979 27628 32105 1550 4608 22618 18994 38708 2991 19617 12492 29723 34904 25238 39340 5129 27338 23549 15589 10599 19796 5878 16154 26883 18769 5551 3976 30316 2064 32040 5840 4068 38273 31773 16409 7837 27922 36688 16578
31643 37177 3256 20307 1076 10337 31908 36024 35512 11535 11400 34986 37642 20518 23143 8744 29331 6878 22854 22886 6131 9843 13924 7968 6617 8231 11758 36344 20416 19314 28269 2419 15924 27435 35580 13344 3856 17039 20031 6718 1793 28803 9778 3804 13632 8082 21708 17537 32027 32452 17720 15047 25581 12694 23483 6342 22985 36241 3552 24486 5950 7374 32548 572 13035 230 13578 30969 6086 30410 25717 19217 33808 21722 32282 3972 23380 34502 30233 1963 8356 8451 35726 29371 4111 32087 17324 31303 15000 9999 29824 6229 31318 30899 16545 3108 9302 4105 33351 5164 13304 32555 23355 18553 32085 29052 13886 24667 18441 8772 34716 6356 35092 23493 32210 10270 38554 16780 8320 4094 21469 13524 25432 28206 12048 27074 26857 16465 20044 21274 4412 23287 1975 6112 11347 35127 29361 21834 28749 32922 38120 14419 33195 26961 36335 35754 31095 23133 27100 21148 2428 28737 30314 7093 30442 31304 39193 34921 22679 4726 10316 25766 31512 14321 14344 13893 22055 24566 22036 39499 10447 4024 29589 14246 19031 5752 35559 39635 10505 23046 24048 25795 1848 5689 33260 14427 19549 34689 25424 22178 7793 16212 5302 23248 9031 11016 1776 35879 18897 36870
33346 33930 24086 37360 4135 3830 33707 35666 33304 7919 21797 34640 28656 22579 254 19083 9485 36276 4638 31251 24101 38397 17236 5512 16612 29332 15043 3776 20887 35878 29668 16208 17848 7006 24797 12115 21259 2234 35131 21112 27428 12100 28706 31272 23428 31765 39991 30154 17991 30068 12661 7898 1296 28041 12756 9707 3868 38857 38393 17239 8011 35244 1585 22765 12926 38779 19433 15998 22149 16372 10888 27314 20306 16690 10677 24153 35922 31041 391 32729 30319 1004 11934 234 17444 9162 34830 15089 5283 178 3486 27201 14014 29383 17070 17021 17238 12204 16812 9838 726 38232 9048 21966 1920 33475 7109 4422 7447 4855 17702 8997 5027 19168 30623 36769 27968 8087 15616 19619 5948 18488 29440 29542 16607 1954 38202 34067 23231 26333 10527 39522 31652 224 33842 4114 15062 8840 37691 33640 37086 23798 11378 8749 22736 33139 16874 38217 36178 13995 12812 35657 29014 28506 14736 31875 25879 15910 30514 21247 39936 2836 21492 18609 38427 15887 39347 7693 12861 31288 5356 9974 14955 2734 25889 7904 6334 38023 12068 30447 38228 19576 10290 9025 9566 33216 3812 23205 19830 37951 4060 34431 15821 27579 32059 9663 15853 25499 15550 3140
32770 32866 15099 169 4150 15063 16799 6848 12775 24135 8102 25435 33394 4021 21683 20910 39874 609 28582 8257 37049 31113 25572 26716 17563 21915 35467 33971 38406 21747 15224 17850 20684 27059 24327 37296 26720 10515 26742 15002 36214 9012 28516 18366 37451 1831 11075 7559 14711 16406 7011 17722 17314 19370 13117 30087 18844 39378 31799 26636 20705 31634 27172 15070 27548 12432 37935 27816 13642 39346 39571 30439 33352 13818 25964 15419 17611 24357 6985 3911 7000 2593 34274 13699 4496 38847 27980 7896 32089 27302 13227 5881 21606 27402 31342 20754 17793 39301 15534 38549 4206 6331 38024 9731 7184 25134 36074 12717 12234 34061 27716 37910 31667 3255 23354 27316 23181 18310 2242 17789 35201 39751 28158 39035 20053 14548 26635 14024 18179 4091 15676 35003 37210 18730 8131 31593 10916 24802 14673 32125 7293 243 23564 486 6912 36942 33795 2961 12547 14245 38004 14131 15258 28162 28301 3439 20137 14148 12485 878 24130 20288 6499 27802 32557 453 27830 34436 21620 4816 33585 15306 6161 1111 31671 17207 23828 20756 23630 11284 29181 38794 1444 35366 21100 37059 24363 26650 23482 35517 3855 35496 1934 19506 16482 9115 32918 24079 9329 7807
20733 29024 35790 23582 5403 20903 23717 27424 3627 14832 20094 21149 8127 16009 36660 4646 9633 1960 8757 9704 20676 37701 18027 32413 37413 10914 13242 5957 33477 23944 17956 29473 2872 11000 37873 26839 30510 19729 36685 20188 20097 15056 12748 2598 28491 24600 5462 36865 3102 35564 24860 28351 36758 22695 336 35860 10226 2847 27334 5097 6544 10656 24923 7855 19332 37868 39960 21260 12638 19631 28350 19960 29972 26058 38168 2004 914 31796 26042 27348 2158 10590 38237 14641 6066 1570 35012 18383 39058 10885 19714 20556 38944 13758 22660 20341 17432 9445 25620 29364 27900 37795 17014 29648 26749 19142 19125 25704 12840 689 1891 15506 19442 15209 11487 10364 26694 7325 1312 5266 14172 3905 33382 16632 5622 4008 30732 22375 9580 20257 15233 10729 10375 11932 16106 24750 39001 11881 869 10281 31190 4469 5138 12520 30484 13429 15229 8341 35836 11485 29409 24617 11747 25563 3969 30916 25315 12094 10139 23970 1481 26588 29519 5564 4020 37898 39268 20531 7212 28376 20441 37447 31784 8025 30776 3938 3067 35795 21380 10559 38425 9058 27607 35526 27863 15202 12295 21141 10757 21397 16669 5253 3117 19978 32118 5472 10511 34498 22340 7157
27468 1162 37265 8069 24014 24844 30558 10453 19488 23615 28820 3746 5052 27082 1109 22799 24355 19519 12380 17778 12839 9984 39594 35710 23565 39344 7500 8289 17068 34203 25205 22414 4445 30609 36219 9065 26 18464 35518 13944 13267 24560 20530 16936 35911 9041 18696 8715 27287 2745 2363 18030 22842 39307 8084 231 322 16941 15109 12294 7295 35435 20336 39689 3116 11418 9236 5975 33738 38049 26427 25586 20369 36239 21055 8544 26334 24047 29787 8207 29529 29039 26853 830 20594 18704 22564 30209 12096 26569 25188 1945 8847 31811 20706 9373 33942 12147 29521 22797 17387 12770 35583 33638 39642 4383 4579 38411 38162 25934 9448 8911 3451 5596 35623 6453 30300 10068 14498 11745 11657 25694 20619 24424 10967 9150 33888 38617 33256 23771 8225 14668 5736 13358 34438 37487 15626 9944 37656 35992 36828 36813 18491 34408 27141 22298 5779 17684 29711 18562 25150 11417 17846 19666 24814 30348 15308 3149 9681 5112 12639 3458 13368 4474 30274 1002 6245 8578 8072 14737 196 10583 33115 9675 24426 15926 25784 31590 32906 11323 3427 2009 37415 17859 16798 39392 11183 16766 2090 7376 25767 29607 37437 36550 34393 33908 22622 13815 8238 2201
8808 21957 11963 36442 24668 17812 14425 32279 20781 26481 37980 15259 24380 33059 36562 30503 38319 4747 14726 33840 25505 38446 9708 17307 21969 10220 25096 30949 6332 16422 15040 25510 2376 24031 22453 33287 4505 38498 37455 7554 23915 8182 32710 19165 15199 18786 20016 19848 3555 11723 26989 7854 20965 20985 6203 27009 17572 18141 1590 15320 39942 25986 29060 25214 8617 22874 33497 17157 11258 24795 29315 30268 16325 19119 7819 13948 13495 37336 13606 30966 9676 35253 3514 18901 17200 18438 6860 1520 37862 16551 15451 34148 27797 5844 26793 6091 14996 39755 13047 18816 34891 21277 1772 35276 29706 35913 13540 22338 38459 38822 33074 37797 32797 18082 3051 23737 28003 39636 6677 35593 32597 12981 36725 9496 3827 20900 8900 22578 5080 9221 29184 32445 20214 630 19744 35648 5607 21926 29788 26764 14999 12671 28059 22788 27119 35013 1981 10046 24272 9814 1841 12489 27044 26075 29956 6028 34353 478 4090 19511 31804 22 28140 22026 23293 31594 35967 26140 15005 16826 30730 10994 7828 17853 10321 8191 27713 23340 20930 7726 23830 39752 3132 31657 14570 34771 7284 21434 26480 26507 30032 13441 34327 32983 10877 24865 19645 13056 30853 22025
28460 7979 12543 20296 24010 26643 113 9981 10688 27545 4174 20337 5534 31692 9554 25143 15191 34406 26981 30579 18836 10327 24747 17622 3046 34663 3639 23770 1058 3471 28811 24939 3949 6182 6060 31889 29186 31645 28675 3594 21172 15080 29885 4484 14260 17455 34818 2074 25609 25077 2413 378 12613 4701 5148 11616 38606 5903 35519 7095 36457 25750 33180 13148 27649 27003 13240 20524 15810 18592 30742 18764 15572 13554 22393 2116 6084 3930 31221 5818 35678 12705 34480 20554 22771 35210 20744 33355 20104 32427 7961 8538 6388 25699 16810 16775 34091 4303 11880 2768 18288 27778 29065 25271 37184 18809 29938 12891 17188 32384 24398 20087 1010 6333 20860 30276 14752 17060 12738 27472 4748 22328 9439 30101 14219 35125 6963 18529 29475 15669 19776 24202 36455 1066 14144 29074 35207 29650 8964 10543 35548 37456 4805 12278 32379 30107 15383 16264 32482 39691 29391 6932 35821 5601 23620 37886 24401 8813 28599 18220 35345 26519 664 7441 31189 34177 23550 25321 37657 19647 577 25407 22998 29908 38016 22801 25100 29909 39342 23486 26065 1993 10320 642 30578 39601 6377 8655 32391 22265 32158 12668 1012 34937 13795 30216 17586 33565 15079 29369
37030 13270 5257 36337 10970 39985 36032 38012 27960 4260 926 7972 20769 38979 16509 4837 5889 22454 34078 37814 9622 19509 31485 36374 36954 28784 22653 31194 21808 19692 20457 26844 27692 20143 33694 14487 5309 23221 8355 5872 35880 18206 28636 30647 25779 32504 34938 28983 38951 32340 6540 36668 15255 31344 5330 27404 36279 3859 9098 8428 34284 10667 14715 33314 11004 23463 2525 150 14791 19637 26832 6064 26088 32900 9059 26120 18038 7601 11275 30185 21699 12117 39825 2262 29317 585 16400 11859 14573 7348 21859 15950 15389 14590 12764 24393 3281 38749 32337 33783 4858 15763 14165 18435 8209 29765 11369 26801 28767 35599 34384 20215 31586 3663 982 37939 5910 27806 28929 34501 23402 3633 10771 35216 22357 14082 30655 8408 26576 13961 34231 2582 29442 30897 16921 36834 31297 2192 29845 4847 16381 9166 2483 39298 35896 30542 30196 21072 1443 37368 1123 17045 7421 20507 32762 37310 33455 24371 17844 39587 30179 3295 26026 13426 28892 18673 33557 37950 8362 19846 39480 20048 33661 39014 26668 9826 3733 7396 17355 9749 2133 26552 24720 12236 35837 26382 39435 3198 4750 24659 24656 29264 10392 23082 30915 11096 10145 13715 2827 2878
3163 18369 501 36600 30474 30352 15157 513 34991 15373 28841 17842 32041 5703 26970 36151 12626 3177 6625 19898 909 23027 681 4401 4055 13555 33525 39799 35590 21424 28988 18417 8863 5035 10276 19805 4048 28690 35369 23114 17336 10943 4559 1671 31723 18458 21330 3971 9291 354 64 15111 26051 6769 38980 22561 22016 18966 39742 23099 32847 35866 19768 15689 8501 22344 33746 980 31569 8597 22880 5104 9505 32520 10468 22228 28623 28018 19510 9642 32733 30000 21665 14293 32231 6502 21143 31234 9626 9656 3021 1243 22247 15971 35570 28660 38256 26889 7618 9446 7145 7337 17108 22073 23935 20082 34847 20662 29861 30214 22517 10476 14206 36662 16878 35465 23773 29791 4693 24125 5536 1980 37664 18003 27933 2007 8018 22549 10549 25826 2583 31055 611 13569 13432 37903 22058 26442 34055 34039 25478 1479 33513 30059 34583 30862 32004 12488 2005 7958 32304 19127 15139 12135 19196 35164 13332 14474 38520 34434 16989 4633 18872 19210 30961 25528 5172 4166 19048 11338 15603 18581 24698 34782 6875 38788 27719 18161 19851 21056 17776 12651 18187 11526 39064 19593 17085 18819 19406 33791 26254 6796 17728 9372 11573 8343 38398 10806 24385 37083
26543 32692 35954 32220 17472 32839 31521 37876 10910 28966 28213 21411 39075 26479 30109 37767 10433 14798 3429 12975 1541 12200 34095 36678 38099 16512 31077 22518 17555 9333 10109 22365 36054 3749 32348 29967 2298 26805 3100 22768 5805 34103 14749 34656 594 5528 31010 7583 15269 1925 2321 5150 23326 28347 4548 27286 18915 36315 36536 29819 19095 13113 38996 19014 22112 36177 38656 3342 881 33022 18334 15552 5568 12519 22389 13095 5213 2437 16107 26121 13402 242 16405 5720 29562 10685 10250 12358 36265 16873 21863 35431 26409 13259 14038 16573 23294 16055 2299 23801 22356 583 1540 13085 23704 35295 11803 13244 31861 18848 32928 22494 11164 22404 32580 8330 8574 1528 22735 24260 10224 12887 27962 37135 30702 2208 38998 30823 28121 14475 25172 3768 28237 15661 6658 4637 12132 32484 38132 26788 25648 31429 14385 26112 7450 29715 103 18270 14360 22186 474 14827 11174 24211 14378 21523 7381 17181 39383 23057 28170 17323 6980 19171 7987 4977 24948 12507 26453 6252 36946 10624 27932 15280 7162 2560 39008 37469 1092 35093 2702 37960 2701 15237 15996 30885 11018 1521 16694 23911 489 39514 20846 30376 26692 23862 14863 472 12636 17059
922 11543 36549 13456 17486 34791 1877 31572 31030 3596 19860 3294 26085 23315 7690 8910 32438 32596 37036 24375 26934 7698 9066 39696 9888 5745 11440 20255 16665 31735 12005 27711 25695 21351 21999 36262 9003 12830 30453 2934 5921 25726 28306 15225 33170 6195 8028 32290 11389 37215 28967 19369 27363 36847 4895 33848 31078 28078 10892 11488 33717 29632 15153 692 29782 3808 1888 37587 32242 25396 16417 24528 5540 27076 16299 3694 1697 12476 19706 32949 24627 23637 3130 3360 36329 6465 4825 12790 37272 36875 363 42 25649 26888 31306 4525 31674 28319 17574 8622 33759 2120 35524 3807 1997 13303 12114 21169 24440 16704 17599 31696 8560 18525 25422 26892 32401 16959 26498 3443 38002 6175 979 22273 17251 5893 15345 37283 33906 35760 37540 25304 20999 8703 23913 1328 38834 32657 20959 2155 19051 25885 10930 36322 6376 11201 38661 16014 38007 18917 3893 5866 24805 23720 26276 15873 31063 90 10111 9796 390 28501 33856 14133 9561 15376 17399 34856 4337 10844 17518 2495 37906 2364 33373 35968 16866 27737 1143 35187 34466 16888 18779 39112 1602 38354 38728 38712 5624 27584 38590 7288 26070 9953 16001 20226 10277 28192 29641 33293
19178 13292 5608 32863 36748 19589 32985 32178 32660 23254 33018 24100 25491 13804 29618 19137 15914 12924 15429 14879 38538 9909 2882 22550 25239 2170 28668 15514 26861 34627 839 1796 20607 32193 25154 18754 24666 26579 2642 4761 5414 27651 37410 19022 12900 30282 24492 21230 10654 12131 30506 37609 20279 25527 20655 14709 31990 28404 12378 37427 28477 38040 29138 36646 27511 12823 34798 7913 5103 19626 31616 16807 23813 27056 117 2753 36207 32296 2835 1512 32339 10195 26146 8468 31307 23857 1715 21221 22920 38886 13897 36672 30406 7775 11545 6036 14626 9187 36131 11988 2754 39042 21127 13600 21423 945 16271 15592 16138 26484 19890 2031 18219 11424 3393 10174 26354 27171 10251 26041 36666 20974 11309 31281 34268 29999 23938 24570 6564 25736 8585 35409 31323 26648 22034 33202 5920 7476 32189 24989 21769 11581 9768 26945 5012 31851 34160 9453 20912 6583 17066 31273 37462 23958 214 23964 8372 5314 8666 10725 10024 5643 22951 34513 22472 26690 13996 21225 18705 30564 16850 16736 8583 12750 31933 11703 9690 362 20023 32307 1073 26156 37478 22476 17525 27604 30128 4179 8283 27898 9627 3252 13655 37453 14897 30779 24715 11361 17558 5484
32119 32232 1216 23947 49 27497 31416 37237 9591 1627 22224 754 12905 21587 32411 13690 34415 23876 33870 16688 30081 25748 5798 38933 33041 15 31544 29936 37844 471 39260 5638 35307 5070 6727 39158 5583 3086 8657 37794 19424 7616 14739 4635 5507 6395 9847 3251 14453 25869 2728 12869 2345 22478 14480 11693 4851 29953 32439 34028 35794 12004 25644 3814 25300 2331 32916 24629 12080 25269 31579 17042 37033 11548 15090 36488 3508 13157 38091 2886 8278 4015 17152 26339 4403 25349 35077 13424 1440 18075 1198 36592 32165 28570 30033 28473 35360 37806 38095 37945 12060 22702 36641 6669 3979 24188 17539 25292 16615 13238 3582 24861 38087 18692 34324 23916 5902 18071 8248 24956 29988 9842 33660 6259 966 38827 10547 29297 36832 11148 4915 4377 28564 15128 37998 16236 21601 32036 13920 20955 18495 13710 30909 35770 17435 23349 35514 1409 36964 7027 19774 16647 38360 19572 29608 6844 8819 3904 14973 20039 14880 12334 21848 27183 6317 10690 13068 36113 26279 26016 18492 14649 12990 5422 20745 17604 28435 38241 37094 20577 23740 29556 18822 875 9052 26876 31906 38867 1233 6257 26072 4349 17390 39584 8387 24877 18601 31617 3142 29875
6696 1359 21975 28777 4643 1272 39750 11625 2838 17280 9950 18421 23393 34298 39974 28060 20286 6010 13021 39695 5054 16403 4537 34784 25088 33353 28265 2006 23754 10039 22846 14890 12916 8996 22302 27630 22570 26933 22101 30701 35402 8422 27021 16345 16100 36746 26908 9694 32134 34794 16990 28402 11296 16157 17151 32107 21785 17582 5029 437 21406 34645 8773 25486 37784 20888 16579 31442 14336 29344 30480 12411 12670 7947 6135 29167 32362 39523 3939 19423 3658 37510 8796 9368 28873 10029 15921 3003 33938 14730 6267 2813 39363 25706 24611 25908 36333 14936 12760 34761 18912 20478 31230 5485 30640 11735 871 1220 15870 34349 28403 13748 2057 6885 39155 22678 31754 20644 992 3131 30557 23874 18375 22128 34387 7080 36482 12463 32736 27397 6001 36122 2613 34272 2361 13459 6090 20263 6327 39542 28714 24529 23295 8699 11276 19199 18070 35872 15350 7428 16373 29862 9246 33744 23969 23173 16478 32513 17309 35752 26615 34749 19495 3677 34205 21409 22775 35723 25741 36424 31995 28584 8932 38372 30958 36116 27224 28379 31909 30317 19414 26983 27057 19231 9185 23462 2733 17403 7740 7592 3738 26929 13519 35830 1129 30993 13386 8593 33730 15355
12026 23712 20247 6988 15046 16096 21102 19657 21985 38048 28827 5380 27042 7771 33885 34854 39888 23714 4997 18987 7614 39686 4288 9083 25630 11999 32957 10042 31129 11857 37476 2779 6482 10978 29051 27273 37550 21549 525 7699 20790 36707 89 16645 15019 6577 9407 21741 25462 25903 31402 34164 27297 38890 27666 6965 22635 32952 14364 36213 18351 19940 19436 26139 7060 6869 10623 35772 32374 39764 23207 38055 5098 11355 9871 35167 37558 39518 30126 28042 35061 7651 10635 5970 36733 25516 13687 5364 29403 17315 3098 34585 13465 5709 18212 17067 21514 14640 18273 9648 32399 12559 21474 12602 998 24807 15798 15613 12038 14512 11956 3000 28536 36853 28172 39003 29071 3096 12287 31998 27686 19694 14962 12787 20358 28201 6184 25635 36919 10247 8336 3173 18552 37153 775 34083 28331 18216 18835 14614 39805 32094 18355 7207 38544 13346 11140 37468 32554 34729 10821 25865 38307 13103 17649 38707 19330 17932 20424 13385 3613 17418 36779 33465 3726 15796 6557 2793 18571 28032 34628 22165 35630 35743 24226 24821 24117 39705 20322 33976 33043 25923 13318 32331 11603 24778 33126 20796 2610 4212 7342 28303 2193 30596 27115 29895 3185 21476 12003 32544
33964 16355 15585 19653 12481 7757 21504 31093 8753 17136 3280 36701 19415 29947 19709 34003 14391 15636 7963 35855 8415 16163 10362 29948 2113 14887 6096 20047 24616 12583 3739 15387 23854 2556 37721 18682 20440 28051 28608 31647 6093 6044 6039 17078 17491 23113 1955 9585 27784 38281 5008 1437 29814 21870 4801 37834 14188 4470 27728 8524 22761 29727 21001 7198 35716 3823 6089 4301 17756 19715 8875 7085 20391 3002 36462 13809 27909 8145 32645 32224 22400 28076 11756 10509 16071 24032 25002 8935 20590 39614 2282 2522 29032 22783 16770 38492 39421 2227 23024 36729 36007 34526 33993 23347 13788 23188 3083 20407 29691 20075 4397 15560 28280 14300 33691 7120 3870 28768 34186 3588 18744 23544 32084 14280 15628 4034 22008 13399 6437 3993 1193 20948 29464 37010 37140 26501 36023 3842 20949 28310 27528 37248 18847 10423 16781 5589 38875 37507 32247 17199 9892 12406 39961 22263 7767 32560 31435 24233 10016 29306 31708 33166 24064 1804 2502 32812 4201 28527 9415 4811 37860 34519 1575 16853 20008 2175 28449 35848 5916 23868 36801 6981 9322 24525 11842 39201 39519 20674 33159 35046 5454 32717 13373 13248 25433 1411 31797 15705 25237 5969
1211 26111 17747 36430 20834 37045 15771 9179 39528 25385 29213 1475 10137 13618 25593 1124 22652 24836 14580 1021 21949 28110 39963 13507 21432 16276 36206 32969 28871 11697 10972 27414 38956 2695 37157 14039 28797 5381 39570 24246 39250 19658 30134 9593 11980 10795 15266 30014 6299 38955 108 10472 36691 29627 24267 30145 20050 31386 13468 22845 21845 3368 31213 6174 10692 7971 4247 31464 10747 740 23074 26558 10383 2849 3164 15974 33055 12388 35829 33668 31500 38302 19421 11728 37031 4368 15749 33372 16418 25457 6896 23595 20828 9064 21782 26915 6771 13142 11826 8584 31777 13582 33975 39762 5271 27260 27092 14324 11619 23471 15298 27764 6350 17610 27670 22843 16920 26914 32774 31528 6859 22990 13403 5333 31075 22004 14551 37670 35595 19888 14265 708 1646 17451 10266 33893 32685 6979 18058 13070 17965 21643 10785 36626 29263 33612 20689 22892 13099 13603 19585 38127 25213 37509 23245 29638 18570 39070 9207 7196 4027 948 39904 8410 37073 23264 28396 25402 30498 24201 7889 35636 23794 26835 38567 7721 33439 21452 8036 22315 33919 6144 39403 14989 10428 28258 25487 16916 26827 21510 3490 4276 31841 15440 39294 32961 25787 21717 31703 39721
13090 21721 22063 25163 192 5497 17868 16416 32223 22698 11043 27142 38381 27390 1651 27568 22371 24594 1872 100 13448 20529 22732 35188 24898 3249 2195 24641 31681 33227 39665 35924 5062 7216 14834 1308 35732 156 22261 7595 6406 27944 5880 1261 6055 4999 628 25414 5251 24270 9599 36501 3286 9941 3935 9890 30817 10801 7570 26305 26256 27917 33377 1377 34212 37375 33902 7508 21546 11941 37589 24745 30738 14534 34066 24387 6737 439 21794 30456 25444 39168 19557 26165 18456 23517 21138 6627 6768 20194 4125 18789 15912 12182 5386 24221 22822 30802 13869 3661 15022 19531 23836 38182 26157 23827 8234 20380 39230 13042 23616 19396 38997 30500 22628 12662 21743 25905 33052 18624 16804 15297 31033 19855 33051 11830 18679 29458 10324 19497 29404 7997 30890 36072 9347 7108 19861 11739 28274 31058 344 28678 24901 12959 22253 24902 25952 18695 33026 28805 32776 28884 15830 25592 33378 33093 33458 8095 27794 38515 31212 17367 10350 21020 28962 22019 3538 14496 24107 3518 7911 34125 23338 37320 34575 18541 15896 3040 13704 2199 11357 17009 9759 17173 20942 26998 33649 30682 2434 26744 17557 34686 7533 26556 35328 22475 21576 35733 38714 32744
15042 15256 10630 9924 1820 28510 22306 22024 25512 13202 8254 5390 16320 38193 30054 17960 10384 35493 26607 927 6217 11947 39234 28736 36429 615 7928 8377 38591 24767 18499 11020 11513 4658 13173 2528 26295 39461 21947 21204 24404 4839 17676 31259 35891 21304 28692 39981 5538 5176 9172 26958 5925 4812 13789 1355 22607 39714 29876 15471 34139 27950 20653 25776 34683 33409 18391 23826 7466 3282 2111 39065 14598 37820 38031 7798 24544 18706 24296 28995 20096 11307 21312 26456 39135 28916 26098 7298 2633 28064 24360 17873 23070 38716 18746 17799 8678 35787 34717 25793 32966 18080 36242 24775 14247 5357 265 33081 32398 28143 34731 11191 13264 20694 35085 23104 20220 39586 38029 24411 12021 25132 18886 21550 6249 11821 25215 2286 28086 37669 35605 26814 39725 36405 14215 32417 6938 15068 12540 31384 16814 38415 613 3453 13537 3220 18398 25255 32423 14259 2893 17407 17639 32979 469 15567 2230 26795 8450 12794 10235 10057 27707 6481 33583 27756 1527 8624 26493 248 32956 38333 18946 24042 37115 5595 25232 20254 27636 12039 38525 11029 31781 20874 5790 36957 26223 38170 23365 33440 37524 30861 4644 3836 35602 30167 38548 37961 18498 9068
20089 13400 34187 27864 25588 23598 25755 17031 35367 29816 12290 15664 22473 36240 26530 15241 10684 23476 4946 4463 31172 4029 31560 15854 33911 19727 25772 1668 30760 25911 25554 18319 13041 18757 4922 4402 29546 26360 34441 13867 9753 4449 29781 38117 38852 21002 12054 34259 13954 27039 24799 22770 9641 33600 29240 20640 14249 25899 5808 31928 14248 35934 12129 11948 36822 18918 3569 1864 9853 8786 30398 10011 25206 37224 29162 29275 2496 529 27862 3474 18921 36879 23736 24439 15792 1678 10791 13128 22630 7258 26349 28294 22837 22689 10442 26249 30908 17972 8383 23363 39399 19145 9823 14008 13478 39815 34023 6353 15038 16358 4582 9002 26100 33680 24586 24794 10534 19954 37481 15452 11519 13121 12874 15340 30517 27476 32172 17598 2215 32740 11330 2716 16463 10467 15685 7652 3967 18709 29437 16051 13904 4786 33087 33201 14866 33445 16270 2430 4251 34201 10317 19073 15530 15509 13751 30165 13938 31094 23957 39454 34721 25651 14244 5825 35628 19026 17966 29265 4332 31110 24340 27659 35236 19712 32065 34400 16061 10065 4409 10408 6576 15649 30359 35426 27058 7846 32854 26632 39186 12576 23731 8562 37694 1236 10710 34982 1836 33762 23215 2723
25298 30357 37281 6298 23139 29509 377 14654 7260 9032 5264 5488 24264 12680 19759 11478 9253 34086 8938 14191 2684 17913 12729 461 35688 7960 16414 16301 27350 21161 11127 25495 25049 30611 5343 21531 17881 21249 29080 38870 9606 3567 36251 20545 27795 30315 5728 32668 21132 32893 21554 12978 25421 18396 29198 26293 3865 37039 32229 5566 23280 12985 39703 10602 3320 38880 33061 16028 36105 24145 32771 31229 4886 8835 4087 23309 37089 16834 33789 28302 33063 18423 35162 17669 15391 21031 29790 38115 22894 7893 9539 30758 7480 27605 26686 5394 31584 16060 29904 27503 21814 31502 37740 4523 14786 20229 25441 24268 28578 4443 33818 22815 5843 33058 10838 22210 31065 20878 12934 12696 34529 1098 26894 25008 37474 21314 21505 30225 8992 18228 22752 13523 14923 20591 25822 17943 9560 36904 27200 37755 8976 37020 9677 22694 23306 23571 9119 36463 1596 14287 8823 13475 29199 4783 25801 23249 8599 2416 39619 31564 20269 23741 31961 33044 1692 32043 15583 11793 39099 25924 36809 1099 16771 2266 12815 18729 24811 3721 15970 13541 2923 30723 28175 23652 1270 24985 35146 38753 28458 24623 26670 5552 17524 27877 24724 10568 39511 39434 12762 6149
25708 12875 10410 32097 6750 20500 28941 27226 14327 26202 17705 21472 27990 5332 5940 23863 16913 29495 24263 26786 34156 39449 18702 37531 18413 7641 28710 12538 384 34455 9998 15044 22296 3065 4585 5765 25571 17265 9097 26246 32490 23433 13548 15378 36635 32102 21267 7830 35491 37028 15018 5151 32185 26542 25913 14181 5439 29446 36502 22547 9029 1766 12601 33104 8985 31600 35780 20738 39842 23646 12109 8689 1343 27656 4061 29050 31061 29448 6128 13005 28950 15510 32572 3387 7084 18315 20537 35656 12801 1656 36386 3581 13911 10749 19821 12082 8737 19482 20837 1767 16759 35638 364 21338 14773 13208 38059 39749 38553 23413 63 15726 3124 27321 24869 25326 19107 27724 7874 18810 26284 4737 34514 27308 1862 5255 11576 3763 2858 37446 38326 2874 15039 15333 23743 33925 3998 9111 5055 35016 10282 34632 850 8201 38793 32328 29233 7915 7099 16835 16472 1629 14895 36998 38962 678 7774 20100 13428 12418 19710 10663 28649 29143 22851 37634 1019 25377 32739 13063 28345 14930 36085 12854 4991 16710 23807 10005 37294 21005 9309 17104 39772 18802 38896 20313 5256 32285 6344 39372 12862 28323 24761 9422 14329 7 12846 33514 11058 11014
27417 16756 3229 5746 25025 4154 9020 23017 39495 24177 17713 28424 15703 28107 35804 7836 29480 19161 12300 26434 5641 14346 13154 8731 3232 36008 30246 12792 39224 24457 8397 28390 19926 16177 847 5663 8280 32138 33918 13643 32950 24408 30684 25626 23164 23624 36640 25897 25281 4439 28991 556 21084 29453 14694 32593 16384 18004 22399 38436 5211 38763 15363 14041 12767 13627 30248 36073 5431 4465 25857 11664 23127 25295 38791 6686 3001 24886 22820 21066 23273 15337 38994 30953 23821 31300 35697 6505 36916 30650 2038 10090 23238 14019 37979 24388 11270 17301 20451 27127 13575 12885 27230 24854 15143 13058 14436 38689 32371 28238 31840 29212 1933 18248 12942 28304 13140 25578 35982 25489 5171 11974 2399 37156 10056 36019 5031 8561 3093 25233 20601 28223 13394 15922 36878 22707 16041 16397 30178 39848 36355 16675 33488 23599 2438 6015 31443 19302 37600 33913 3061 3574 22604 12395 28419 20146 16728 2852 29061 28067 35440 17627 30716 13989 16433 16641 23240 18610 22304 37685 20710 6949 30404 13104 8958 9085 38686 34655 37163 38580 15251 28944 16511 34120 29760 15175 35946 5578 2808 38474 9674 3670 29017 27754 6054 33907 18831 23671 18927 23186
18378 36699 15846 17359 36466 20842 28097 9258 4325 30554 24 12542 19741 25904 2749 11922 16902 28637 30724 27372 35110 35592 36119 32766 7585 2226 32800 34206 9354 31201 3902 16556 3030 31988 8821 15508 5276 23992 15466 5360 18857 9577 34036 1084 20782 20362 34939 26684 14830 15151 14462 13204 19481 1175 24687 3838 30011 25896 2859 12961 8588 30536 38736 22057 13172 172 20018 14825 1693 27496 17284 33587 32708 18841 25351 19981 597 37199 37904 14060 26921 26653 3919 31217 35635 21658 16470 26135 20585 2465 27675 14975 33748 13967 35740 34724 16570 23672 4796 32705 11740 13088 12967 27340 15644 2807 26234 36962 4186 24391 3269 5392 11848 37698 22239 20338 18066 35286 23079 33987 22075 26703 11449 33693 39191 1707 20324 4184 19459 30334 39770 14940 38287 32378 28700 4956 8333 13411 22937 20147 7785 18990 38500 3331 10990 22028 1791 23233 37730 13598 38265 15415 26613 15328 29532 3498 22914 4438 12253 29427 21935 12023 23500 24052 13679 25079 26263 3187 30911 25340 28422 32415 18623 24137 29914 27346 39300 33009 5038 33646 39773 9377 16965 37192 22756 5490 6733 5400 24000 36022 6711 25525 37650 3621 5992 686 11241 17854 10452 33526
21344 34976 14650 11715 16561 2977 36306 25925 23007 32702 5149 36843 3758 28982 9495 35647 8726 24252 16541 2830 14482 33125 15729 15611 27373 15751 21459 13273 5754 1615 21857 14467 14033 14492 3889 3792 28746 30688 18055 39136 33327 33422 27881 1811 10157 16870 3675 23819 10297 19528 21758 8074 28339 24222 23956 4495 19078 11460 34027 5823 4555 10129 29290 21145 31760 10818 27180 35123 6886 35712 33943 16102 38143 17937 29673 31577 37974 24115 18283 15933 3925 23040 4926 35751 39078 18617 7529 3415 37515 17689 2524 28905 18399 19533 28461 32659 24314 15164 5899 31298 15580 8051 38200 27217 34161 30998 38859 4051 7956 12273 20749 27785 5252 30999 19400 12498 26676 18222 3573 12746 24228 17159 7847 17498 28336 39348 24021 29426 26282 14949 3034 17714 9590 15666 36860 13184 34821 33607 8215 23193 22813 12530 32476 396 31448 26074 4765 14317 14127 1652 17806 12202 39116 12364 34550 14945 26641 28809 12185 16080 23124 9328 36650 832 3488 12597 36380 15686 17784 5442 21898 30326 34593 8922 14943 17126 30100 23236 37311 3802 27457 36055 39128 23499 17037 39883 27251 15438 7285 4818 29974 22159 30512 16113 12285 22532 26562 3359 18313 32297
4507 24319 33137 13198 12884 30332 15430 1751 24823 12609 24803 16442 34641 30244 16792 21666 27035 3262 23887 35338 6507 11971 917 19916 11495 2594 22029 36849 36565 35501 37367 14950 22912 39645 23157 7934 21773 30829 15746 39921 7534 14330 13792 13054 15665 14623 26204 11792 22327 26365 26049 9014 6936 38359 19628 28699 8382 6426 4323 30050 9773 7630 17131 33831 33950 20978 4462 6339 32508 35660 29119 35140 25890 31254 2668 32104 28314 17512 19756 33834 30989 23032 25048 9935 780 17143 33845 7667 19845 20575 37299 34035 12503 15110 11136 22785 4817 34920 27721 29217 26328 955 10644 12719 1851 35776 19253 21171 3422 12353 16786 5246 32915 18411 34397 24984 5019 21980 15975 9367 21938 13291 34580 18043 15717 36492 33667 18890 7467 23199 39616 19865 18049 26077 11324 32480 12412 17906 24982 34412 28250 25676 21131 4944 18033 3585 31695 13590 35640 2546 35724 8981 28526 25463 21257 19607 31383 31195 36193 14635 13979 14129 14389 25410 21209 9925 4194 30814 8080 16246 21414 26060 10143 184 17950 37889 22810 38807 38615 25680 23182 27690 18041 37987 8881 6663 2510 7413 77 21680 39197 5713 7985 26930 1451 33399 39993 8292 34582 39072
38199 11626 35579 3609 30872 10473 10280 17594 29020 38158 3477 21540 1026 31780 5141 37729 36321 27972 28207 38842 22360 5814 271 27859 15620 50 4881 38230 165 16599 38036 13213 3966 33400 19075 12980 16567 34463 25359 30437 8467 19379 5331 14969 29221 29390 21184 32775 808 16630 1972 38318 4588 984 23951 15960 29295 35386 33742 34143 37900 23650 28975 10820 30323 20227 10455 33310 4485 7762 22588 15317 38957 18480 4453 22500 37958 32173 34922 22502 15584 23521 16203 28874 19321 731 20509 416 13611 35806 19763 18404 5192 1136 2347 7313 7507 11794 4244 21905 22772 5018 38889 3455 31236 33120 25762 530 9798 22706 23041 3931 21878 22873 3708 24382 15761 32219 6744 30071 39054 38136 22257 40000 15412 18678 22528 20742 8564 9647 7666 26938 39839 1265 7320 6269 29486 1640 35810 357 31347 10783 11280 1182 34713 24806 18574 38583 26979 29718 11949 35322 17678 18403 6449 24875 36231 28079 36183 31481 24038 34424 26450 29966 5423 33213 16568 8376 18496 34897 16092 15769 22724 8701 26831 34611 10367 4358 34337 26326 7540 38826 3186 3339 17522 39765 34734 13190 37512 18883 30190 33788 39124 22741 37101 33815 15752 35885 7505 4604
33739 22636 26113 27031 15900 31981 35869 9310 22032 12536 29892 25995 29833 19278 10809 33365 35171 20030 18807 9959 39475 26361 5501 1414 34692 9638 13212 27894 24949 3340 14116 9255 28498 10938 23224 20160 791 8129 16352 935 11484 13383 2139 28933 11437 1264 20476 21933 39496 28888 14461 30547 17559 15261 11819 34978 27006 32460 26737 1227 8401 37888 17441 27861 11221 12491 6293 7255 32466 32298 13754 28400 26393 31479 32237 10904 37952 20368 9040 6107 34134 28470 25873 6877 27773 32904 1871 32701 5085 26315 29272 32784 3901 8882 36608 219 17473 7715 36977 3207 20861 28361 23442 29840 36648 32110 6900 28808 20176 14184 2019 2181 5236 24112 12098 26271 24868 6703 15680 19064 31286 25957 27517 7764 14491 33114 16466 34618 14094 37908 25664 31641 30995 11490 29081 30750 26217 14617 21701 39032 26902 14560 1167 29716 27242 15311 18325 26116 23296 4300 22755 19739 32365 34531 33447 26080 24325 912 9715 13793 38485 39833 17107 18151 28817 3288 38399 30026 15695 11689 33561 16126 1535 680 19884 29288 33433 35357 3380 14412 37084 313 10740 39023 3906 2751 22687 27359 10550 32679 8871 13616 23021 18419 39405 37954 18863 17073 358 4780
4379 23816 6930 29407 33132 22776 18715 38039 4876 2441 26985 26461 15276 33123 18924 23405 32058 21462 15877 27955 5932 24497 4010 20513 6232 30871 38640 8305 27923 24681 37777 27557 15469 14691 7353 15917 32458 9180 24691 26877 1135 22449 18196 36427 10545 36584 12073 11318 8446 28144 9989 10130 11631 33491 23494 3440 6442 27140 22919 31731 6120 7591 33034 25876 20936 21959 7857 31818 31955 1407 28573 30681 12642 1194 14252 13772 23905 6998 12969 28845 33000 24596 34748 38757 29454 19642 39052 25522 13309 21065 24773 11725 17007 12088 36560 28307 17496 347 31120 30986 18415 31121 20426 18545 8086 23907 17484 31146 4350 2131 32039 8111 14413 12415 33214 4268 22179 20010 19181 6244 38828 16282 21780 23421 14941 18940 1269 27387 7950 13695 18531 30139 6645 16638 20779 5377 13769 23864 18536 37496 14793 20534 24702 12078 27445 7669 31366 10330 25874 20678 39512 3208 34356 2590 30345 28363 14919 8698 15600 11571 4271 10456 22855 27768 7425 7123 25459 22725 11937 24040 23054 27733 10147 9911 33187 38560 37616 6608 25270 28466 36639 34696 10254 7171 10696 27991 16447 23603 26504 5669 35172 24017 8702 26370 23919 23411 3611 9728 3673 2580
29958 13118 6712 26548 31374 20737 26978 22351 2843 11564 13733 24066 8426 3734 3082 2629 23155 29190 24963 38109 21316 22333 1065 15072 28882 30636 38578 10303 36216 27313 26794 22424 9527 38746 24298 38222 19761 12401 22995 1223 22048 399 16654 38574 33776 6944 27354 21675 18557 10600 33292 30342 12889 7319 2379 11924 20292 14275 29117 16952 38854 6764 14611 36201 36566 25539 11680 3669 10533 39697 33153 31989 19886 24156 28529 25082 16279 21108 22127 4360 35109 16492 12584 1303 8991 27952 12893 25941 31403 23327 30273 25771 18902 28951 5037 26108 8081 36436 26036 29913 15275 34326 1064 32353 9934 36459 21597 36089 32354 36156 2903 17034 28646 24002 5223 25849 27940 27440 6918 31385 23901 3747 20879 31315 12045 21507 8736 37085 30705 12841 12531 13978 27928 32126 28343 3423 38159 27718 7369 14725 39664 20713 30550 13343 38607 516 12248 15662 36710 23622 7700 9122 37076 35835 1241 14532 14002 19747 16843 14062 16056 23237 13750 11039 16824 12075 19136 2976 5250 4007 28360 2960 34584 37077 35326 9601 4071 34574 34218 5036 39353 16699 11668 31673 38063 36342 7005 32785 31057 8211 17260 36010 33119 12392 6628 36630 18156 10776 27760 14240
14108 15642 23664 15210 30770 7073 14998 28717 28605 36433 6425 30127 16617 36636 2080 32250 4477 24174 27285 33152 19225 22593 18365 33367 6493 35282 9331 18322 20569 35194 5797 3069 25282 37523 25449 13166 36649 20989 11497 1393 21343 37068 5146 25953 18067 36287 14699 16079 24614 35356 29388 16098 4981 18077 5215 26133 15655 12838 39562 35803 18376 123 19732 29413 7481 5980 29812 30704 6847 27349 36548 361 27087 33192 31956 15590 34975 15553 2957 9891 24957 34832 3727 37260 34764 13977 19604 38220 35200 33572 23796 21517 1709 26897 26403 20393 11142 39415 21036 9557 15714 17614 7343 33215 12130 31762 26227 26924 27245 3122 20310 19986 7219 28778 32096 20623 25406 7358 7163 34669 9494 39784 26718 18408 11510 4283 5586 343 4941 15652 35832 17979 17954 25765 18793 5301 30084 25038 34739 25825 37726 36039 6777 15273 17061 29784 19195 32870 10196 33596 12683 34520 3822 9594 26715 28624 19990 2520 2931 15033 39790 7349 20830 4359 38080 15214 30096 39188 1391 16456 11938 17683 6294 16371 32755 32746 18123 31136 10268 19381 26657 4898 36359 32270 8357 37679 19157 31356 28614 27947 22626 29734 34401 2880 24906 8590 27887 29005 32392 7750
28454 39599 4602 16811 3014 12194 23984 23519 24796 3031 29700 12982 11472 12586 37064 11769 20236 29135 26647 31971 7155 26007 32407 8528 19605 31980 33690 26030 12855 5827 35521 33683 33687 30239 2562 15420 27418 11860 27702 16158 25556 36234 4338 23256 35500 4706 18342 24648 38171 30226 24551 3384 22576 27214 13135 5884 24058 11744 4731 33973 5688 34987 1291 32820 36558 27090 32522 6234 21830 6977 37408 8758 27432 22136 11764 22631 26266 288 18665 310 28671 27585 25961 21565 32882 26206 9765 5958 22907 28607 28131 32765 8083 8952 28015 4921 38596 30375 34896 13581 7565 8576 37334 38149 31134 10648 29483 26919 24335 34062 30633 25561 14279 6455 39473 38402 34303 14831 22435 10581 36395 32046 39653 11902 33701 17357 37377 31994 38042 16134 28467 30279 19184 677 39834 38871 20033 6962 96 25374 7663 19502 35043 2806 16440 9202 27813 19664 38093 22682 17740 17293 11432 11441 20833 23859 12894 8769 2921 38105 2281 15091 15757 4295 19552 14328 12484 26212 14604 1130 26574 16628 3268 27386 6971 14187 9671 18103 39041 31021 11805 33799 28568 13916 35284 35245 26770 13969 13810 33421 25888 20815 39095 17677 33183 17147 16955 604 17845 8487
11818 3073 13159 18465 8811 36091 9 19769 9973 34974 15129 11851 26646 5714 2550 30434 25880 25611 8470 25032 37236 7813 16879 39791 21869 32998 12677 6346 7053 33460 886 822 30939 34535 19018 13703 3863 16664 1729 306 14351 21429 30462 1232 13839 38630 3293 9827 25220 5289 28807 19924 24293 5549 17780 18671 1903 11176 3412 36837 27148 9562 22646 9213 37217 19686 15386 14210 22870 19530 5216 31186 29133 4554 32768 26081 31083 37948 19287 23243 11969 11366 25060 27120 10531 14456 38352 27637 17623 11186 4371 36377 21684 27712 32861 32099 32017 18002 22370 14672 4506 39210 18524 15093 25855 19478 12369 36599 8308 3013 12757 36180 23158 74 20130 8942 8853 21921 2531 24141 37134 37333 11433 4078 27714 4148 4533 20598 37976 32727 34278 2609 21197 4204 22131 38991 8800 3816 16726 22540 4526 12072 33822 34141 4446 5487 34174 17386 859 34338 34381 1621 2917 28468 23397 35652 15342 35208 3191 17541 14733 3847 12225 25140 8184 1861 18971 15050 7969 21648 16280 21116 9687 39753 14800 2480 25473 1554 26405 12892 1504 10548 32845 18202 27272 25696 15591 37828 35 17897 18149 39581 23518 19236 24381 17933 38798 38407 30156 25725
26325 36777 36171 658 25711 12244 34286 7373 31214 3921 8592 3551 27499 31589 11163 263 16190 16886 4745 21611 39630 27551 20555 25817 5305 7627 1020 3760 32546 14205 20173 6746 8012 14218 27475 10249 39181 1164 31853 1839 36414 7475 32650 23929 6335 11504 33623 33547 37330 32907 24420 25848 2798 19615 8109 1687 30387 5579 22994 17998 12193 25685 38437 16260 35446 22145 10146 15588 32608 7144 24573 13391 22427 30052 13577 7426 6479 6842 19387 4494 23949 23444 3243 36786 22372 13950 7377 25960 32164 28359 31954 23472 14460 28535 23279 17652 23407 39975 33745 22231 12293 19457 8723 13239 3654 7609 6606 33658 25568 38571 16039 13697 33375 17049 4916 16598 10810 16854 38378 26842 28696 20987 31686 1056 6243 30947 39165 35633 14370 28864 35115 37803 6290 28616 17617 29665 21596 31501 26509 19347 13144 9245 18738 6235 32019 35831 18260 402 25814 32382 23036 12673 35816 23609 22221 19971 11784 36499 28655 8307 30627 37088 36366 16057 18076 9800 2634 34910 25149 30173 37852 21864 2340 14547 31879 14064 5753 7121 13713 7536 2950 10012 27527 36802 13775 30415 34503 15520 39282 32404 36057 2784 18044 39926 28263 22663 34465 29695 38161 25354
29690 31004 23102 28788 38740 2724 4302 34799 38897 6752 11240 16257 11046 6642 16627 7282 29656 23846 14535 39027 6486 233 29174 9737 27634 25893 23666 33036 14833 21645 35631 6210 3036 2164 22584 23319 37042 27956 39688 19644 26762 34835 5202 22495 9375 36616 38224 39999 37013 8759 13436 19291 1779 5686 30017 39728 1183 7640 33290 28474 22944 8539 24621 499 2653 7393 20905 25246 13647 19295 39973 30528 30436 31655 6898 15733 5152 32809 35290 7089 4176 31580 23841 29928 505 33029 15969 20356 24817 30144 37357 21581 38434 5545 19995 25714 12822 32217 21670 15634 23485 11977 29270 23496 12325 37308 13570 20614 37024 18892 732 37242 6741 26233 13472 7087 6214 14627 29807 23989 26336 6046 30129 26096 26993 8556 18914 10296 1901 8093 10660 14079 13727 20584 8888 2697 39916 19501 30403 28669 15783 18482 12499 9094 10759 14266 37465 15092 18947 31857 10674 32457 2279 2574 10980 14356 24512 5263 2578 32630 19367 35815 7429 17113 10420 31261 2573 3472 2584 37539 28860 30016 26948 6513 27493 5118 35661 19403 34783 3608 18753 19060 15299 23274 4391 30028 15542 31274 29160 14160 13683 190 32990 32266 9045 13097 5523 13092 36145 29465
16893 13151 7164 8977 23122 26838 20105 35681 9988 27685 13034 10842 8697 36469 23533 28305 9175 22197 19608 18433 35436 35503 14146 29772 4328 20532 29254 8971 638 4190 38853 32218 25004 37136 9335 30606 28348 2098 23011 27539 38667 39824 34245 38047 17353 13481 21269 9136 15549 25976 34667 3452 9490 9637 18920 10622 20995 38598 36357 38829 8261 29084 25227 39934 12672 27290 14889 768 22934 30563 30712 4576 21441 16789 23389 31748 22932 33716 24084 39267 10944 20827 33705 23369 23244 36683 16145 6558 13422 2034 16660 8623 25362 20355 4688 23759 22300 37593 8136 14853 5928 26396 5943 13583 20216 35916 39178 14101 9833 5674 7615 34300 20763 26627 39835 32199 38887 28061 11759 7328 14607 37644 7815 1351 23308 25558 17008 20045 16194 11814 38429 29702 31882 37464 31465 16031 7430 33871 1829 22720 14645 25935 24624 19857 8237 37233 11896 8218 16818 26860 14363 28795 11719 10242 25514 32083 30979 38336 16793 5451 12516 32435 10033 24958 17980 11227 7363 36541 33102 2015 6303 12061 4437 31750 4400 10605 1689 37463 23177 33516 17328 2374 37639 30825 12596 8380 8526 21767 10429 1630 11184 33428 13843 26138 15502 39123 18842 24311 27284 28936
23811 12445 36139 34045 34838 9896 30449 23633 30339 20540 8885 33091 8219 11081 11168 30417 39229 5300 17936 29188 27063 25250 33140 4776 31005 26754 25110 174 24088 16073 23118 28787 18218 1577 33020 20730 4778 30251 37568 34483 33597 4236 14312 38478 31493 7938 10421 15531 10592 28617 6664 7154 10748 9474 32214 33184 4628 38507 631 15764 27683 3035 7689 15193 17262 31791 39328 22059 1935 17233 6940 17434 35947 35277 30463 24703 19778 32909 36744 5094 30854 21368 9183 34646 16560 2928 34581 5935 20392 17153 22779 4910 38366 15390 35401 985 16743 6550 17653 17631 35774 8955 10312 25555 11757 10695 18146 5002 12272 24415 35373 21106 33794 4218 6812 37707 27680 1882 36365 3620 16871 14758 36266 3276 18098 2163 983 14789 19640 18297 36891 36768 31455 33423 369 27798 20774 28246 3468 7884 39865 3740 37369 4661 23078 6610 21659 25544 1079 7648 7287 31222 14821 34096 36268 34829 15787 28754 12161 996 1727 6929 14991 16919 12867 31771 30954 4639 35948 14045 23560 10523 9006 29062 27543 34267 37538 36579 20784 36899 28476 19770 37601 24547 10098 37827 9057 7967 19701 6474 38758 14983 32709 9662 16746 10565 16338 24936 39524 28224
36978 30923 16504 14530 5965 30569 33417 22014 18339 30917 20290 19936 33855 35684 7574 11368 31991 15712 15384 7848 11254 18048 20943 36385 1965 34870 704 29917 12797 30754 3244 34261 3434 18650 15990 5978 8530 36627 8924 26873 31958 12165 10883 25932 18021 8762 30490 20767 4647 35389 38868 39641 15512 4432 14799 15868 8457 2382 35615 14376 27581 14156 4229 14078 16015 2549 20698 4572 19500 11628 3660 23282 17633 10156 28381 18937 39906 17452 34933 16431 12477 4134 39464 3506 11387 1805 17581 12404 19094 801 11907 37067 28418 17138 10257 19708 12209 11638 16914 21333 26619 18658 6539 7143 10563 4833 23527 35685 37079 17095 14906 31827 35565 30766 11822 33854 14840 23339 13274 28993 9722 24883 7761 2488 637 28480 14946 27244 25345 38114 2404 2401 19581 28157 20007 8667 16140 12774 32450 8459 14743 21322 2842 38977 33601 35086 7483 28532 37361 21862 168 1047 5317 2354 28008 7897 699 11592 31712 17874 36449 23196 21618 19327 38375 15059 33272 4714 24261 22971 10248 6986 1961 23647 29433 11198 24126 19135 18660 30181 4549 17826 18666 11790 32300 17570 38965 30482 20253 5734 3577 21167 23709 18999 32629 36784 684 1120 28421 27594
31665 11861 30485 1387 38084 16121 32564 1304 19376 34357 16104 17783 39214 2380 38310 28288 25448 36625 35444 21032 14224 1838 18494 6373 6749 2952 39380 34540 17389 3626 27281 30435 19874 34339 29713 2053 5761 36369 4938 28281 36567 13486 32028 28938 15408 3679 5900 7571 33243 38577 20249 6619 2652 7625 32920 15654 2537 12044 12199 1748 9729 16477 55 10557 4282 13693 13649 3460 13565 17533 21339 24479 26599 895 11190 17567 28332 25752 31085 22718 157 21215 38412 39164 22554 3 4120 18231 39289 14609 32026 11913 34833 32725 23769 37508 7717 7791 26247 30630 16706 27270 35984 39593 5123 8265 26435 10858 17370 12860 26803 16680 12848 22809 29566 29779 31638 28324 17759 35270 26126 22962 13654 31810 17741 819 37138 29732 36960 18304 11232 32879 31399 22021 17426 5676 8267 12281 34633 9240 38 9540 359 20011 34934 29610 3056 22789 1195 8327 18978 39305 2102 13917 3446 35791 2780 14680 7605 4159 13669 18429 27254 39860 31640 9102 21178 22129 28243 977 34151 32751 31423 8936 26818 5691 37808 15527 6689 22987 11236 900 14443 38269 21992 6464 6810 4316 33853 39312 31128 32783 35359 493 27399 10414 26895 30090 33890 11701
23654 4885 23728 11132 4356 35005 33315 19689 33086 11872 14783 29677 1703 39575 10823 11398 32429 31833 10203 30497 5117 9364 3492 26094 28525 33237 37909 37938 13771 2504 10824 33368 33965 4278 2058 39187 22081 4540 24269 24251 20412 7608 31864 12956 25219 39718 6216 170 26188 31694 3385 14722 26275 38207 29497 39864 36880 33150 39090 24954 19132 24352 35970 17735 24863 30889 4844 4838 15895 24935 20199 29113 13734 37831 15966 34467 18293 14440 39167 23491 34505 39062 25867 10027 3321 23120 20691 7368 5619 26455 11855 20201 27930 17690 2296 21183 20223 13997 16457 5831 6073 35120 13602 33654 18284 20443 18234 15631 27235 3690 30227 10015 2362 5342 3625 10582 4258 18752 2144 24689 28056 19152 18336 9303 23676 29100 4723 35989 37832 31398 1807 7519 24131 23342 16620 31198 35157 30212 11799 25490 22068 9145 32451 2191 11807 31139 35204 2589 18211 35624 37459 6461 13556 24168 13036 17758 11331 34288 17148 15811 35906 35486 9340 18116 22662 17566 7264 5855 3521 37365 20867 18434 14047 22930 5850 9196 3057 2237 28295 29307 18447 7032 34057 27204 23663 37418 25127 36356 8663 35961 4158 15533 30591 35445 30295 19265 18858 163 7672 952
6548 7494 15184 22867 25425 12231 18970 38681 27461 34712 34073 17949 35174 15725 27506 3769 7888 39925 11833 5383 34878 29945 1336 17860 33118 411 37069 8907 20165 410 22984 34111 10459 36539 14493 29528 9804 6671 15222 25336 10161 39295 2109 7644 33138 13891 6756 33552 39324 38077 2 39615 14997 28542 24723 18256 39352 35449 7322 33442 27996 12658 7576 23661 1973 16547 12590 31558 32412 3373 36285 31468 7923 37103 16249 1412 14953 39510 23979 21442 21064 29511 8000 1783 32470 28088 20854 24190 33136 26875 32167 8190 19408 5375 11351 8930 29880 2919 1525 33644 4393 3791 13458 27916 2709 15282 20207 8318 37225 21130 25348 13010 27114 22746 27295 5646 37143 4296 25126 27534 23790 12914 28479 32487 31474 4685 38181 21987 20627 1876 8413 16004 30320 10061 14622 30451 3247 11612 7604 39668 7375 23477 27377 3316 28045 23872 16537 21077 21063 18439 14030 5939 22587 398 29262 7944 9067 21551 39257 10737 22927 9991 22161 24256 29993 1253 8409 39247 28275 34310 37035 30924 4905 13419 2586 33681 10168 19542 31119 26779 11939 21192 32031 33770 31534 31311 2367 28802 24968 33220 37141 27101 34216 2949 1762 9881 26115 23117 26454 11591
18169 29462 18672 30809 29004 19679 3445 13230 13051 7679 38480 19571 39051 26745 17590 20248 18181 622 38145 39050 18166 31702 12425 11633 4143 9932 14010 39505 18830 6835 10751 34789 36743 20374 19011 32759 18451 932 22673 35784 5852 23195 35975 8973 12196 11959 38249 37847 6919 6189 35705 20816 19842 31826 25884 20850 13777 34693 33591 207 36383 20317 30013 32363 13503 31476 12599 39740 9314 1043 31967 27491 35616 8685 38316 36697 11620 30727 21803 16396 17388 18713 22976 31059 16430 24852 10556 11108 17306 21860 32634 20020 6282 8611 32184 13210 18778 13150 13876 19169 4341 22876 19068 3346 22887 25785 1298 31835 7804 27821 4182 35330 34301 8575 13528 31642 32235 29394 2466 16926 12656 24977 29282 30070 38864 24225 27483 14150 18128 10194 24384 32464 20805 15762 16052 11659 2351 35417 37570 388 30537 20771 23178 10359 9278 26554 9241 8076 12610 9210 26189 11642 34604 29461 25959 20801 9971 15784 22491 8763 21134 31847 34410 32512 13561 18392 34927 7658 13991 11551 8518 29178 7122 7792 30187 21841 28231 8220 2979 33164 19693 29211 14519 33182 9854 15142 30656 22119 10138 35285 16065 19599 5837 5699 877 8642 21195 19883 30116 5067
10148 22721 4040 23034 38841 29864 13511 14807 28903 39038 38351 30657 22946 14196 25668 35079 32311 17894 15045 22262 3563 16635 614 5721 32811 9271 13861 22405 31090 31199 30067 5435 2856 34417 26959 18358 19880 3562 31542 10965 1078 15574 5247 12009 15945 36504 17832 2971 8559 38907 11780 4630 5059 12925 15866 24258 36652 28268 13020 7703 25483 19806 8547 320 3598 22945 17043 38894 11430 12357 20057 11970 21583 11579 26205 5682 31917 323 10389 32258 5030 2821 11809 38895 6265 10923 30777 15989 29884 24833 11124 39218 38267 26324 14087 17838 9961 30047 18473 14592 18577 18204 28688 37520 32372 14957 31963 23844 15010 8848 28298 35956 37625 32712 29962 29823 4993 3586 17579 5609 8477 8016 16368 36846 15911 5987 35918 16005 34252 109 29118 6305 152 9526 25371 19522 33470 18272 1991 1664 33833 4891 10448 1139 12618 13756 34941 32319 38455 2833 27205 1782 18725 11031 3374 10755 33181 32878 28531 12318 38306 23574 26301 4113 24669 12546 9903 15581 30808 8743 34315 13926 2265 30793 11253 25388 5459 29771 8014 18931 16855 2622 29544 37921 10971 8411 9500 23618 38075 7478 29305 11828 30160 29227 31163 18208 39226 25684 5632 36425
39157 28260 18626 21198 12992 13040 8480 13580 10275 21691 16234 25761 66 33823 32614 11770 4306 37597 31218 6431 30200 37720 16135 14374 4252 5470 20309 11624 6818 16747 10753 2803 29838 12535 12502 4842 33358 39386 833 31626 1161 38142 19809 18827 26055 6438 30522 20722 31390 20938 19431 6130 28680 2767 31028 33197 27614 4774 4352 7398 32461 2444 31628 35534 4841 10288 256 26264 37166 10787 4169 3815 5690 15878 29158 13031 7901 2624 20960 17606 35715 39982 33364 23569 14296 31282 5759 22625 22902 24679 1761 28697 9465 3334 34723 17929 14109 39747 2339 27826 4593 13806 4215 27139 13281 38817 33904 216 13106 17708 9603 37351 28575 2770 2691 24768 4788 26667 27627 12957 18354 7727 3999 23198 34262 28548 19850 36396 971 648 11037 31241 15008 28447 10298 14081 536 7870 23553 11696 4781 11456 29637 9616 22858 28509 27688 14257 24025 480 10886 15341 16840 763 11886 38635 10840 25344 14065 8842 31170 2372 7673 15271 18648 27925 7509 12093 9680 24150 36164 28891 6328 28883 23839 13645 7954 16036 37819 22096 26013 19209 7097 24838 28154 13249 737 11348 25294 5445 37864 14808 25845 37817 20091 17905 32537 35578 21352 6745
12688 11511 26901 34471 36132 34826 19435 38282 29844 21349 3246 26289 38384 487 28794 29944 33670 227 3223 32849 18586 3687 26327 5838 24496 34325 21081 34385 13011 23579 36917 14070 33246 15684 11878 29994 10059 4829 9478 20630 15367 29076 34886 14231 25844 34587 2534 16144 18478 14776 31789 18515 21986 32641 10451 38581 25742 28823 23012 27694 23097 29786 32579 3678 23634 27988 19765 16673 36421 8860 16606 4256 13220 10641 24022 38673 28388 28630 16183 6975 3248 22871 33037 39219 22156 37545 890 28168 25073 54 39360 4395 10397 24024 5644 36941 25222 19891 1302 27934 37613 3005 758 34867 6841 21535 24998 1425 31881 14023 36922 29963 8033 29866 2447 2845 19313 39170 32846 1551 27301 7990 16278 17358 6288 34223 2457 16308 2902 20984 19546 37373 7643 27237 25102 19004 36754 13691 21473 20747 38223 2920 12326 31088 18195 2645 2955 36894 16991 29520 23681 37442 6716 13271 24470 28368 13183 12515 27908 3311 267 35219 34318 24563 3848 1231 26717 32581 31637 19923 17382 22740 31582 37105 11129 34492 34041 27400 37541 33571 17270 18086 6997 5430 11179 33089 10959 25805 3723 4834 5095 1974 24144 2456 39487 34427 36316 18416 14631 29445
26980 18765 31601 19811 10934 8978 17365 8764 2564 13377 18472 35933 34065 4584 2258 23408 25419 14173 38773 11229 39459 29246 37964 19289 7205 29156 7014 23328 38490 9741 14359 39891 28651 8866 1281 20929 28602 16474 1717 36196 5869 12932 16119 18285 1873 13900 32338 17543 19967 32519 512 26671 31428 16713 22115 5102 11651 34620 4773 19690 29905 38821 23678 20789 35574 26596 13241 39323 30791 35391 13033 36638 14554 33454 28806 21632 33599 1910 11929 7340 30965 32913 24975 14365 26802 28290 33217 7249 17360 32730 30932 29912 11653 38537 21156 11326 19304 34 4440 8436 1335 27027 31581 21765 14769 21871 38705 36096 10180 24034 35055 21317 18944 33168 17893 20736 19282 27007 13859 39238 8619 35007 6313 33099 25409 24474 4459 28918 2937 1598 37557 20281 25488 9281 15319 28961 5124 22485 9764 22792 37588 31250 35107 37855 12028 6071 19651 6719 23265 6492 28537 7743 32306 13520 5616 39447 31505 4241 3716 393 25642 20606 21467 17823 7555 23403 8389 28677 31739 20770 30910 38519 12920 17923 22030 26956 12041 907 18189 9200 32419 30292 8677 3314 11109 15885 36182 1487 1706 17464 35421 15425 13395 14947 10758 27565 17899 16616 37394 21995
2089 31165 19349 6099 19773 15366 38654 25023 30539 23320 17120 27725 23871 823 11362 37552 22282 27030 6871 29134 9140 24955 21960 18643 11629 24916 25663 6876 17814 14777 6407 23062 30935 9625 7217 14319 31162 35329 5328 33543 37127 25856 27128 17230 14481 32420 5555 23690 33814 33843 38767 38750 10140 23641 6902 21740 6258 22598 6158 21353 5977 30967 7746 29580 26800 203 35650 1606 24139 6503 3534 443 23529 28638 22292 10903 1173 31180 27970 24910 325 17261 8405 18263 33828 33729 36044 15254 18483 36775 28576 25198 25286 4509 34899 1940 39856 4995 16202 26644 837 28256 37254 25482 5740 5310 30382 13181 22077 22729 5161 13957 29853 28567 36109 20712 26467 8315 24499 23487 34042 9905 21790 3305 1199 26426 2161 4425 5816 31561 1107 17203 18026 6826 34561 27588 35299 14658 36890 7251 10493 7067 39536 35392 2540 32543 10244 7460 18986 1800 22376 26431 1633 3890 8490 26947 34210 24818 32872 15598 2141 10284 7160 16861 20898 30774 8388 17055 20572 10982 35407 13609 19862 18140 18414 12398 6806 22966 36200 13464 22246 28002 8239 35306 21045 4324 19897 13550 13705 23310 37858 33876 1713 36127 22250 31939 22849 18162 9821 10946
33419 24997 10638 5898 15253 25142 10504 13139 22037 11054 24810 2623 35154 29304 27192 10069 29301 34240 30726 20300 3145 14746 2744 2476 35176 9933 7611 7211 10253 12988 4672 38941 34025 22490 4843 35025 24243 23899 29085 3009 12943 7852 20360 26199 7407 34411 936 4004 19159 1212 30291 31740 14972 37823 30201 9859 5556 26907 30288 6808 21073 30842 1674 30556 20599 13218 16030 28161 8595 25014 25357 26768 579 8603 8366 31888 24732 17616 10470 25312 25797 39894 38666 2992 4739 11556 14035 15562 10516 28702 18652 17185 28753 20372 20029 15352 29395 9963 37349 28752 15586 36015 6104 35971 5096 34348 11940 33562 34822 14472 3233 3454 35619 35388 17483 17032 27508 13907 26790 26586 849 24772 17795 39793 8140 1112 28096 37146 5168 31171 37238 13791 12315 11568 5183 6460 31836 7691 31395 29003 24630 2348 23404 14044 16108 4762 17310 13489 36435 29698 26253 27465 8068 24880 2572 9492 7918 7350 36974 1594 17968 23103 15097 34773 19409 38611 5597 31846 29584 7128 5233 10575 31677 30687 22835 268 34836 34392 35748 8476 4879 31073 7977 32865 32619 29735 13963 37396 32607 3837 2274 19238 36755 17941 11812 12799 27086 26292 9460 3418
18368 9319 12490 1605 33564 18712 24757 8032 2764 21071 25381 17861 12304 37547 22387 7645 21497 25397 17695 21163 35997 1385 24364 12949 6782 24534 37382 18717 27154 29937 13348 15875 7684 38639 28406 5217 21115 9261 36101 206 4889 27356 30690 1356 19882 38342 21984 17630 33763 17290 27473 8151 13534 9772 17457 24622 26105 23431 32534 30914 28091 33269 26187 20494 1017 1286 13516 29463 19515 8558 29103 25368 24728 36450 1311 8686 9061 39625 8540 7527 32182 24532 18538 36103 15479 39943 32207 30663 31509 12434 20889 12089 3963 5455 14671 24636 29441 8328 17797 14561 33284 20272 16849 4990 22882 13614 37285 4960 31809 403 33057 25686 11506 38612 10540 27681 35801 7146 592 20807 10763 15465 39284 25003 788 13330 37714 20059 19128 21981 38361 15521 24670 16187 14468 7682 7984 71 27274 18040 35108 2965 29417 4202 11594 22728 26011 34037 6731 1032 13167 17168 8709 20479 21555 8783 9345 8523 27220 24416 35761 29471 35747 24090 32603 23437 19526 34305 30473 1549 12736 25431 11771 22828 35852 19760 28635 20179 35119 39189 26485 23734 20126 9139 29056 31504 14741 19089 26004 21289 7423 15481 22918 26419 38679 12873 29602 1626 846 31337
593 682 14222 24962 12309 16943 32726 25470 11397 18621 27380 30438 24476 22067 1513 15710 36042 28765 19190 6456 9805 25043 38986 31243 10149 13612 12864 11590 24540 11379 32948 22823 4072 34936 23043 10021 11791 38724 16379 14771 18442 10608 10569 32064 38695 24433 3956 18295 32984 31588 35494 11194 5187 33271 697 25917 30367 33073 14307 25769 14347 29547 14844 38423 1928 11782 8944 5677 17425 2569 27050 21213 36975 892 29159 37338 37949 3668 34557 25502 31552 18352 32934 14408 29576 26043 39813 7962 12427 26896 92 25316 3805 843 20111 4707 3697 28072 20095 2288 23048 6016 15582 38976 35010 9506 9709 1989 8775 14149 7485 24118 25024 31539 14048 39373 17171 9673 16020 7453 16852 31691 6178 26729 3886 4193 14213 8563 34730 21714 22111 3196 32316 5723 14311 21282 16894 17685 32764 16313 10023 39261 36634 27992 7026 8065 17805 13939 35707 26398 22608 10019 20802 9795 29415 29203 21513 7998 12201 29098 17189 36391 19948 11544 23330 6591 13980 19469 22108 11030 20150 22385 4577 9595 33546 18596 10619 4870 26029 4695 31926 16564 38293 4664 17184 10082 15313 10494 7709 37065 34229 14638 31828 17396 8873 860 36709 19632 294 17628
6560 21265 29180 14290 37892 17719 29450 33616 27067 18476 2154 8029 39144 11074 33537 30821 25981 33551 37309 35938 7436 19222 34435 8205 15496 36035 10555 28378 7539 27330 22244 33663 29222 17282 4132 25603 28128 35237 28622 28420 13013 38440 5834 19057 7840 18796 6734 25682 19187 918 31895 8827 13409 32473 34807 28521 21779 18120 7796 4473 14679 10491 9288 32032 3914 25806 23504 3867 24907 29343 6635 37305 25596 29281 11587 25994 21279 3764 3707 33653 10853 15495 24848 20499 3213 4434 21417 25218 15220 28948 23200 14463 15799 11712 24585 18580 12470 18887 20563 2470 10645 7016 38961 18081 4988 2783 6444 34461 27371 27575 5466 36914 10487 23271 20838 13205 30118 19833 25125 990 25821 7887 11683 14367 19554 3537 29225 8396 7221 5758 22808 36484 38920 1023 29621 4618 1176 10357 38051 5495 4863 9357 34375 1813 30240 22929 34350 13545 31392 9489 23963 26591 35711 6891 28276 27459 16917 21307 17133 25058 28482 10669 10097 31733 30386 19867 16376 14596 39081 13512 39778 16334 37917 30072 16302 37344 13738 5863 16182 13026 30069 24550 19317 2328 21762 24719 24765 37605 29783 5017 6322 5604 295 38329 22498 2790 36258 35247 32894 24458
12433 29874 9462 12019 7356 8004 7083 17973 23657 13821 21832 20396 4192 25152 36411 2012 17703 19166 27271 26815 20278 9226 6637 27814 16505 10808 32169 19753 20870 35853 4224 10912 21439 13146 10302 1119 12832 27311 7261 13314 34522 8314 31309 34755 19123 30408 33980 27611 9668 20475 38155 29357 15161 8604 28440 37818 39311 15683 25217 38303 11210 7851 39589 16237 16118 38959 5929 39676 400 2958 26235 24396 7243 33349 24546 14503 490 12138 7142 31039 7236 39996 19284 17125 21756 21595 11233 4518 8641 17794 27825 26433 14139 20519 18324 21238 35385 33222 8479 10366 10413 19266 39727 27800 7537 18888 12141 10958 26002 24443 28832 2046 17211 19550 12755 39724 8044 13779 7257 6087 6063 37470 1102 10647 12235 34354 34591 25413 20043 30625 12511 9404 4046 4307 22790 21078 33245 7681 2263 17497 22714 39004 30254 31854 13485 24884 24793 28334 10804 37783 876 1126 14924 32819 35049 20474 37564 4101 19751 5698 1131 1760 25050 21607 35543 24893 10469 37405 18657 28959 15566 997 22513 30951 36629 39277 25677 21872 30722 38865 24347 1723 8039 27608 9353 31393 37735 27899 30399 3324 34895 20024 25837 29569 39259 14517 37826 11407 8913 1685
34943 17583 28084 9846 25598 11596 4160 1435 15035 28644 26311 29625 27880 28277 17379 24129 17411 29093 7324 1441 26411 18379 27416 24412 9553 8596 39026 32033 34823 5395 11917 1013 13153 37759 34757 3503 25319 12101 18832 33613 14258 38518 6190 23860 7111 21652 23545 7023 35365 12151 34254 35106 31196 8176 9155 23275 24427 37384 33529 34908 13726 37768 3831 32781 33528 38355 5717 19389 32154 29628 22594 27441 12737 20217 9235 10346 24012 14659 447 8007 11976 24290 11343 39106 27657 11781 30421 24915 16066 28543 756 38790 29166 27381 444 12329 21011 21107 28013 39673 22457 3356 25851 24653 19410 8177 21410 5571 6081 2178 34563 2060 6159 20875 24994 39180 2518 33007 237 11711 36800 21363 31111 12666 14967 25174 24075 19434 12960 29474 8905 38993 25267 31775 2396 13018 31178 14194 29591 17501 10034 2443 5542 39758 36440 23723 39150 25376 16748 32864 37269 20692 10088 30381 7010 27288 22885 18159 34666 17106 25302 15597 13219 13316 11746 193 35959 1485 11088 38631 39929 32556 15244 16691 16640 30012 28450 4586 24425 38725 37556 27701 38677 11766 1731 24026 5163 38258 12868 8146 12133 33221 28928 12389 10935 24323 37148 26307 39474 5258
