200
27744 23535 35125 23896 25768 24187 39025 17273 33937 27384 10512 18960 15675 6335 16409 1971 23653 17718 38685 12263 25387 17500 2082 18479 16334 6913 19585 10276 12437 11964 3117 17279 39313 3902 34622 29247 519 18172 1718 2624 33716 5223 13600 28201 11829 23188 28891 28519 4471 39360 5762 19206 14283 4877 3315 24805 39877 8610 10304 2115 36265 2621 27021 5995 15690 24360 37599 7411 938 39195 77 34838 32286 24221 14802 29319 28288 26396 13395 21482 39116 10172 25958 21285 32374 11701 17423 5424 24774 37322 10343 9609 38550 34962 22006 9047 25478 39316 1427 4656 23872 20069 11149 27466 7481 9717 24669 8811 35930 31107 31867 31059 7451 27291 28870 34109 10762 2920 3197 14174 12755 10866 19405 21218 7905 32983 29863 9304 33200 33508 24253 30883 4262 19433 11609 18828 30894 18136 28391 16231 2528 6372 23958 1790 38931 19860 28229 25117 39773 305 23445 28010 6488 723 2590 6954 6629 39137 9348 15667 13179 3247 15389 33939 12822 27717 25498 22552 23948 1916 22966 38412 3829 21653 1299 38612 39658 38060 14230 27074 8500 37068 23871 9923 4317 25362 4158 16161 6708 9120 8051 18950 35348 7051 35352 22367 16291 30520 17498 32907
30407 23055 32083 35810 33719 2138 32948 30781 34660 37917 6035 3597 27340 29982 30955 35253 314 3501 10112 26959 13558 17051 25940 19530 24806 17344 1252 30229 4082 34988 23018 37587 9797 18920 35991 33174 17636 22439 15893 3219 27574 6062 37514 10355 35904 15672 35171 5171 4450 23694 3149 3396 31573 15199 836 17701 27067 26921 26976 35185 34526 22520 27905 1111 5830 13836 31640 34858 35571 1026 26770 11783 33953 541 4970 17096 38644 27214 2693 25472 16990 37683 20442 35158 3747 9508 16068 21724 20026 39784 14983 26049 32831 19880 32588 16037 20834 16778 32209 2650 10447 10282 39872 8666 37884 33236 509 26961 20149 26077 14557 39085 13342 34359 34150 37732 19678 2035 16890 8868 17969 29432 6908 14669 32241 22184 23770 38982 39011 12449 19639 33768 15259 22784 10740 23505 35588 5238 4281 23523 31810 34949 12213 38251 5873 32111 26984 39934 28837 583 20298 17045 1106 28436 2582 23245 23702 22951 28428 6235 8492 18693 25665 12425 13439 3900 35636 6468 16348 17845 26223 3786 4715 25572 20414 9809 12614 27141 32436 15285 7236 11915 2629 7181 11513 7188 21208 7701 23456 31641 34942 16564 17948 2771 5913 24569 27874 4438 6818 22034
19951 38215 4728 35629 17393 8571 39760 34606 12019 36927 12199 9748 705 34672 26660 21906 21264 4936 9148 19035 8158 26020 31145 36826 18175 18930 37247 33025 16083 14762 6964 31049 39575 31184 36713 11652 30806 39220 36402 8998 38429 27545 8465 8055 34855 21396 24651 33662 26777 24321 37033 14608 8908 7145 15013 2574 6831 33824 36062 2537 7930 20991 25371 4270 30561 3073 24361 36043 11605 9737 38282 39833 35791 24877 12148 25597 6115 30940 28776 1014 38333 20744 38300 34108 17548 10205 36767 5587 9678 13677 35941 12255 32395 35490 32805 2612 28615 39058 35762 14755 12084 7788 11177 17047 19417 37493 9553 6361 4137 5649 18777 14680 14181 25995 27156 33751 4533 7179 33136 33395 37609 31114 7450 36232 32867 27095 22857 36790 1737 27130 23822 39745 27380 21376 3372 32689 38432 3089 20202 34366 29898 25085 27946 2023 19844 3098 9351 38532 4479 23153 31303 3803 38990 6175 34982 25571 19091 3842 9823 7873 11233 14613 7456 9263 37248 30173 36742 25889 32733 12820 294 27486 23277 20322 38371 38598 21843 10531 18054 36941 23615 16633 27162 11368 497 8621 36238 683 29770 35550 2858 25568 30869 27575 8849 21194 30488 20342 25022 8280
18628 9755 10050 30599 7856 20378 27320 13666 38234 25178 3304 5468 36460 12685 36112 3923 18575 29001 36880 20483 18583 20409 14115 29977 17657 33506 28569 38269 25025 23743 12743 36152 11864 30830 31501 790 29313 12017 8165 7064 37098 29229 22433 33428 21839 34634 34729 35614 35257 34013 14171 30817 28577 32004 10675 20046 35509 23876 32868 24949 31591 21881 23828 27463 19246 12439 11683 30430 6806 34142 14847 2856 24232 1191 13472 3768 9204 32878 37569 17176 31622 31054 4029 8196 6569 30349 28293 33908 985 5631 20853 29990 38584 26574 32059 13918 26818 35102 23349 4920 24464 24699 13069 26685 39556 24858 8351 39812 2120 22060 2246 29372 11033 1424 205 27423 5746 34908 13136 20525 2767 30986 14549 35566 34600 17027 2588 28682 3766 33822 38653 19606 10125 16670 22159 22780 26051 6150 20574 11097 2189 13393 33012 39255 31246 14573 25637 28703 25449 9838 3845 19312 33625 31642 10806 16680 31613 32875 34850 6036 9419 21341 2407 4361 31694 17410 6288 17346 26304 39179 32476 11804 2758 26550 23839 24508 29911 20437 24915 13689 12502 14900 23798 39909 194 27879 15592 12576 28056 20324 65 2764 1685 25167 3287 22747 32966 8171 11044 17810
13859 14924 20435 3713 8183 11153 34762 17720 22183 28795 11566 29897 39846 27985 29445 445 7150 24833 20646 3440 2075 30052 23238 17740 2599 31648 19623 12350 28833 38111 34056 15956 5395 18605 2538 33060 792 28953 11058 7889 14316 35354 36030 29424 29748 13464 10830 17243 36443 6272 38439 19724 36356 654 17043 14620 17880 11968 15079 30049 6717 9286 37222 35738 30485 5562 37646 34973 22418 26001 25420 1545 6324 8507 26698 20866 33678 31168 3159 8981 8732 9418 5232 30433 14443 18075 18326 27191 39348 16719 19894 6080 14538 8283 24417 8273 12971 27656 26674 39254 24304 6180 27382 3588 7893 17620 9300 29944 33456 35340 23593 26037 16297 37117 30340 11743 20043 31359 31398 19000 39388 14378 30699 12611 7333 20206 29932 8818 19679 3286 21970 31225 13904 34100 4525 16086 955 9773 7637 39114 31639 1639 22112 25334 6503 30382 12501 32180 32068 37043 39610 5679 6219 13185 28572 20576 38526 6423 99 28759 35424 22191 17024 18947 7353 24728 36775 20454 4061 30093 39671 2979 34443 21451 32088 23574 7708 22150 13625 1362 2029 1259 4912 1157 7515 39323 12391 5528 25709 26485 16725 19596 31214 33688 21953 31461 11584 21437 8096 20109
13614 13447 4684 9784 16750 33656 1589 18527 15439 3353 31848 30151 31043 15936 20514 5594 2692 36430 2844 29589 33790 19702 37495 24730 25493 32712 12997 8955 8224 38496 14478 1781 12156 23068 37919 18683 3825 2006 26434 2429 8000 11607 20811 19195 3584 39631 34580 24952 18780 12595 21056 6247 1149 9333 36668 6051 31635 33720 14700 949 20097 23441 37870 11254 19418 13817 34719 7712 33187 37896 28586 11226 22849 35925 8514 29968 27782 20532 4667 14738 315 894 17675 26231 4046 36748 2976 2187 35519 7060 39636 34566 692 13145 713 3904 26206 18131 17172 39334 16498 11145 5400 15388 36321 13269 19133 5953 9900 26531 17142 1964 16792 5970 3718 26974 36555 4863 34390 29448 5996 34800 13862 19523 607 16108 26607 22228 25450 4328 15990 1340 29785 12200 20139 22445 38793 10724 33509 32109 3217 13016 35543 34257 28009 33850 14995 32682 27392 26079 22827 14312 32340 12250 10196 11174 3935 5444 24077 144 18118 29812 23077 14206 23235 29861 16805 24228 27846 8229 8816 37622 31627 24020 39862 18766 25332 5276 6450 4806 8469 27816 28621 16227 9163 6870 38593 11961 37826 26593 35318 38530 30965 34399 36485 17150 7227 38092 10569 28035
1917 10132 8175 23898 11495 14892 34308 19222 31832 3961 32499 37585 38898 25412 19252 31459 25540 21027 32177 25398 36166 8378 35367 30287 23310 5148 14547 24617 11902 14266 1586 21064 33097 38487 11904 25319 18464 6520 15232 31883 30990 10671 3955 8701 33253 234 4911 8846 14825 32935 3769 9303 20277 28024 16731 33157 39053 24240 28165 24847 110 17087 14453 33909 33912 29226 27318 6924 3477 18873 16341 19631 12416 18824 13001 14166 19832 2015 33597 34985 30811 36864 16418 23997 4673 2951 23767 33844 15131 11987 16365 14414 22296 36254 34956 38418 2145 13195 22103 32786 4184 7517 21580 36305 17348 21806 4647 35120 16069 34509 28744 6059 27523 39345 25388 2209 19354 11759 33838 36401 22478 27563 21436 36138 31224 6767 7020 3712 14264 11866 25080 25871 969 22711 24392 32376 35992 34760 38136 13693 33234 22627 39449 21544 23173 13618 11719 20012 13039 17689 25399 39279 2055 631 25947 16907 30919 35783 10781 1510 21564 35933 156 22894 5332 39612 39197 8528 1661 481 7083 25431 34599 26993 10422 36318 30473 35333 29889 21623 13379 6562 2267 7998 21605 1307 14393 13717 31626 7511 20629 21319 29641 24827 23566 25240 24913 33702 32850 8655
19630 33182 6232 21314 13087 31020 27488 3272 3635 17477 35951 28604 9283 5142 6738 31122 25221 19341 5209 14093 36829 25461 12126 26980 26351 30625 34012 35679 31943 34305 16344 6199 20523 17756 13682 573 7879 8636 20685 7384 25103 28075 25451 4574 20943 14151 10759 30754 20431 9708 14574 39678 15464 13218 4012 9785 12475 26044 9264 13242 39080 22793 11483 30502 4051 15873 34690 7010 14022 23629 29677 34315 1516 6057 3913 30745 23720 14305 15446 33585 3787 39068 9167 4822 15686 7126 7003 31486 6815 12878 7249 24337 16279 38805 30644 16917 17054 26209 18714 11601 18276 11933 12571 12063 8056 25104 9681 12035 7673 28457 7809 19815 777 21450 32856 20423 6602 20698 1941 7791 38391 28495 4896 27431 8956 347 36792 20927 4757 25554 20791 16904 26359 29754 38754 7282 21407 21696 10941 25533 22108 7032 8630 25034 30015 19558 805 17962 14540 29234 36308 34162 14037 34373 20989 39444 14408 5269 22336 30653 6065 2079 32328 8495 32319 23590 24359 34857 34770 1327 17860 29792 11688 16257 34952 18560 15097 18387 25683 21827 22933 10844 7174 34935 16415 4159 16115 37518 34414 25405 7840 5516 37581 5819 14017 5556 6504 22356 17605 25185
32433 14579 26845 5273 29725 26662 2018 7082 9752 39308 9058 18909 2559 10593 23119 38948 5671 28863 27041 28555 21772 7993 39754 6747 20527 36720 16975 17753 12823 394 36414 12724 39202 7828 7291 21216 1253 28299 31523 15490 24591 17315 9832 23524 16364 24037 35049 9109 37370 28647 33586 38820 16784 1754 19060 7485 5320 25985 30230 22521 11934 3646 6538 6715 25242 3914 32576 21372 1392 25035 7309 27742 26547 3465 33829 639 32117 14697 6990 11230 23925 9793 6173 25083 4612 33476 2234 22671 5611 39155 16346 4966 8134 12598 15993 39969 36508 34512 39042 29720 34014 34856 38190 12766 3438 1713 7277 36640 15739 6731 26115 24690 16715 37397 13398 24247 37893 1896 26823 18108 33600 2662 18974 28385 14297 4652 19687 13323 15341 12935 18523 12511 2403 4026 7756 23202 39441 26754 15594 39241 26130 7938 7293 39942 34785 20070 23102 19183 34174 13433 29590 32309 17563 21987 27505 31800 10170 5609 14965 33265 30406 11014 36934 36629 25520 14910 27824 20325 39847 23135 16529 26502 24576 34112 26066 13589 30089 28082 4521 11457 10287 20102 1411 34965 6291 22510 26390 22957 6262 27520 15204 30511 8925 13578 28622 28440 32009 28213 19534 16807
17116 34946 33067 10405 28243 25174 27403 36963 9934 26040 15882 12854 8969 38551 17585 29546 1701 1559 31180 11312 25922 36130 5705 7143 22306 39782 9617 39260 5034 5472 5397 25479 9455 38975 9357 26436 12599 32305 13018 14262 12386 29096 1385 23199 25315 31765 19423 31153 7412 7418 30203 7732 2706 13333 13758 21133 25690 26569 12934 4139 25086 30674 22546 22664 30780 32074 28257 20940 1918 32512 3360 38908 16586 32337 18874 34941 20416 8340 25974 10915 9759 17078 16172 17878 7266 19282 26712 16050 18189 32545 10131 2052 11821 19789 12130 35988 26765 39532 27625 12539 39880 25519 9578 33464 10240 4787 38677 8921 24585 923 8590 9753 6426 25754 17020 24382 3292 14289 5189 5292 27692 33915 11454 3254 14442 27596 7149 13824 15997 28785 33309 20489 17836 39004 17965 34631 4711 7379 19637 4771 17483 1601 25137 18262 149 3007 6102 9922 34511 5647 15554 32877 24630 20227 28421 11019 18660 23942 20604 5692 23589 39927 31127 23972 22968 5984 23903 23269 4511 23836 12241 8931 31790 21649 223 8710 25419 7880 7446 16079 10235 23490 8586 26171 28566 21033 11331 6052 271 16328 27005 32957 19730 31773 18994 11154 36991 31713 27315 6748
545 30130 14611 35798 28598 31472 13972 23085 1611 17 15514 11606 33529 2318 24975 15432 12221 27809 15164 37851 37521 10831 8443 30403 21587 36302 28855 4586 34905 37713 31921 17489 5076 36815 22574 11924 28271 11317 29705 34203 13837 609 35033 23988 37227 27030 16710 24687 3369 37190 37019 21322 16407 36164 17231 24458 4813 36075 22226 4480 630 24229 33503 12178 18274 7546 13282 36050 15744 16839 13559 32598 24367 13940 17351 30953 14783 21309 26401 22960 1562 25621 23433 1921 11992 5542 28920 35448 11928 2233 15281 22129 30293 30927 38162 16399 12038 5902 24303 32550 2587 3582 20668 7716 9590 19584 14986 2280 31998 17751 10999 35404 28137 27643 28718 21662 14270 5201 37830 28323 21937 21972 5923 15769 32344 26545 39917 17272 8314 17729 28576 8605 37309 16324 15362 33687 22489 39533 29148 39919 26403 16060 4330 8890 30626 13326 37553 26793 33894 19289 30712 16624 17118 36230 26372 26346 13596 38518 10621 1825 22318 27385 15687 13052 7761 15308 31206 17363 25656 32677 19081 2392 22073 22838 12050 6564 7878 24022 20112 16767 33437 38559 196 17554 6123 5214 16959 30302 15940 26867 13733 24218 36000 11801 39685 12135 20844 23180 32042 6930
24986 12345 12957 36219 18691 18347 14128 13910 36383 36233 25396 31154 16724 33326 11895 23270 27054 36222 8481 22166 32029 1698 8629 6626 11948 14082 21841 23671 25632 26683 23620 7351 14219 31051 464 33126 12985 20415 26743 37525 27402 34425 18251 23687 7855 8663 1823 15958 31929 25907 3831 31425 39606 19117 21924 25037 8520 23729 16640 38398 30678 25954 3523 19 5439 25453 13081 21255 5354 29330 32855 33238 23046 24965 26142 37187 33713 9867 31676 12759 26397 3174 9363 26761 39215 22688 7437 199 34170 14207 4196 27390 912 28066 35935 31612 12716 12448 19166 10030 2983 23103 7525 33652 27495 27211 38118 16457 8334 38142 35873 12959 146 13671 33727 12398 18224 14021 39970 13647 22188 39974 33986 37422 34066 21209 1607 15353 539 28493 5907 5908 32057 37885 19918 8268 16979 19338 5219 38320 9819 23998 17053 5701 19683 10396 977 18170 17433 1093 2126 30914 36149 15986 11599 14353 518 4391 21401 23318 39331 10618 7651 35715 28544 36687 19297 17695 16200 22302 34156 29914 16913 11978 28857 39400 806 6033 39008 27709 13240 29069 32105 24046 10820 25160 439 39102 36140 20117 6640 4445 5867 9954 37516 31475 23887 27231 31728 3248
30888 21983 11138 33063 6853 31032 2881 36400 7946 30350 12770 31688 14193 7460 24353 2595 4220 35075 38183 3083 17721 10004 34191 26933 35689 21998 36069 4732 6998 23848 29928 1541 27657 27840 14650 11603 2085 35012 20997 28347 38158 873 9603 27450 35765 7762 7757 13090 24214 32119 7864 35014 21505 6941 13443 39892 32335 27165 7843 1513 34695 29009 26795 18171 7739 17497 38901 16734 6356 8279 30979 24901 12110 11295 23857 12591 30675 27311 11534 23892 7810 8696 5548 30872 37937 9933 31268 13321 31980 10176 39726 29421 20231 30136 1031 3749 30880 19094 17126 29204 38441 18270 34735 15193 8803 13468 39303 24756 548 19752 8363 9920 39508 21962 37789 964 28529 12436 2504 29376 14592 30865 23823 4115 11580 25423 4942 2427 11812 14033 1560 21776 30848 18240 3606 20134 10175 15650 3972 16398 37883 36193 22064 36161 32497 1524 15553 4210 12108 12672 31846 16025 22317 33318 37485 26336 36702 37752 8012 32492 30016 39738 15424 6969 35402 5922 23478 26952 33027 24588 36700 10187 25639 13428 6181 14456 32823 20534 28527 1407 10933 17111 28641 6048 22384 3550 400 19411 36375 23086 22056 2507 39988 23940 28756 30381 322 3975 29943 36655
31844 3643 39139 35441 31616 38384 15831 9704 12118 118 5341 16169 7106 27196 7070 17956 24701 5790 9611 19112 12106 28593 26656 28975 25562 27084 25594 331 12675 31685 39601 10006 7999 4279 16708 30061 28144 31651 2391 28513 31838 30772 8121 24233 14405 29735 978 32870 5754 19105 23759 36282 21508 14845 18620 28909 37106 9999 5387 38627 24143 20962 32710 23208 2525 13571 15937 25738 18122 16660 22557 14709 25499 5303 7258 13429 9584 23792 7042 2519 9228 4696 22087 10982 1753 26538 23183 557 31608 27963 2349 31900 19468 25787 3422 2839 6197 26111 28731 31551 16573 1881 37428 25705 26138 18854 2637 27312 21871 23029 25630 16081 18531 31820 20988 19690 34281 21250 37941 39357 26562 19834 22240 14048 20957 22029 35030 9288 23941 20849 8631 12212 16191 35612 9343 35434 9512 13630 12625 3851 21413 39618 33083 33239 17934 34148 38645 22011 1773 33089 31979 22707 4436 4109 38385 24751 24323 17183 19854 7669 21444 16370 23371 5567 34688 29981 19137 5488 6614 21097 1215 18441 15651 1512 9514 13239 20467 39466 24065 5627 9042 14978 1886 26568 7030 5227 27016 31454 26555 28386 23532 13064 23044 5242 30926 39511 14397 5356 38977 35461
15192 30628 20278 953 18783 14292 2074 22404 1549 12190 4794 17724 37526 27730 5751 25143 36746 5215 33888 3612 28087 13525 33435 36181 9478 36782 18070 35471 32802 39 20631 18432 6339 5022 6231 34828 38217 6650 38794 13312 24998 24329 17125 9014 1696 24533 17763 33674 10780 35104 23417 4163 26012 5877 34774 1167 32353 7564 12546 33271 26461 16367 10990 12458 22712 11633 28072 59 38353 18273 16757 29045 24762 30610 9368 26095 3790 29803 33139 17615 709 5742 10535 12131 9084 1769 11989 14771 14220 6014 629 11899 29651 29084 14315 36176 19381 26081 37462 31757 12414 1183 36670 1033 21620 21923 16810 24925 29687 19876 3027 15290 31580 6636 4924 23175 39483 6416 19123 11692 3196 37882 25811 20964 38980 8670 28311 27148 5661 27587 20582 8176 19930 36605 22767 31250 15344 38969 25611 10456 25224 9924 36627 20507 7493 151 18879 21781 37349 27515 18179 21940 37445 39141 31799 32238 18078 4639 15908 33133 17365 16957 20014 36543 6637 26092 10493 15234 26645 26804 20581 30722 115 18437 33636 23621 36961 381 30479 15932 2797 7724 38548 8759 35192 38544 33984 25366 18069 17282 16134 14176 14020 36978 469 11549 29553 34495 38540 32620
28189 34387 3894 37326 10260 3325 38483 4819 33073 9709 23873 1431 30731 9070 6909 7966 33578 18297 5864 11851 21225 35474 5808 25357 29582 8952 24712 5499 21290 18008 16005 28127 19516 37398 27844 352 1585 8773 8578 9845 7733 4713 21335 29566 13870 8992 1048 29427 27662 32045 8649 34126 39767 27281 1609 39354 14185 18045 2316 23544 34078 30611 33574 38702 4766 24622 38213 1341 18997 32833 13658 20717 36120 4360 22366 17655 25783 844 20269 2442 6679 18679 39887 27249 7211 20075 9099 9705 4327 33201 11953 38256 24974 3511 15999 7165 23463 18966 31437 33163 18928 23474 19254 33137 10418 36518 23553 22536 18760 25 1831 24455 14992 38873 18607 36190 2320 14120 16080 15083 25591 37615 33127 29731 20304 3175 9113 28818 4049 2633 35286 21740 12169 22635 17281 7693 6899 34958 22913 19763 5 30434 11275 29744 28163 36619 23693 43 19901 6396 35421 17107 16444 36937 25655 39673 20445 36501 5491 20508 18433 39456 21349 17288 32906 10882 27644 14118 2089 8104 1277 2546 36360 16648 4615 16509 25653 39035 32450 33117 26299 28899 18157 32681 14932 25300 11677 28064 37738 10974 29433 10054 36807 16513 34617 30750 32884 4666 5343 6889
26768 27091 7513 7486 721 13939 8662 18469 13147 5116 24685 17057 25091 4178 11969 24405 328 4099 3996 1360 578 21964 10219 28494 14793 31671 38684 3054 22790 15778 5193 38344 3505 35530 13227 34231 37544 418 27133 11365 5606 14896 39275 5699 19943 24206 35116 5886 26558 16380 14050 20315 22655 31033 21328 15317 1732 3544 18221 28339 22067 15188 25125 13629 5459 10473 18457 14339 4202 33410 26515 19475 23373 28059 973 1129 2297 30247 5717 2210 11380 7851 22700 8800 30823 3395 10838 27334 13639 25559 25989 39937 5256 31723 20812 4871 23217 8160 35905 12113 4594 15138 23462 1450 19805 24050 39126 29880 16265 25466 37193 27849 23906 34714 3504 9243 3788 23961 35155 17339 22470 1582 31906 32637 18194 39940 39615 16087 686 33572 37299 22746 229 17310 35917 1029 4546 31947 11786 19640 17782 20919 16908 20293 10435 29364 15352 13849 25885 2871 20499 31623 35227 12493 18285 22860 15429 4811 10761 27727 16649 36567 8033 31013 26307 19501 26104 16466 11901 31310 30447 29517 35395 33024 1020 13215 13344 35967 39932 11936 3534 9816 19300 37602 33598 18328 15338 34779 30859 3567 17059 25664 3278 32469 34691 30092 17038 26289 19581 22505
31882 5911 937 20328 30870 28758 21586 10880 1820 37480 10078 5010 34496 34324 30155 28400 12563 31873 15974 3587 19552 35326 31961 21766 28769 30159 37130 16479 5039 35697 39120 252 5883 23663 11036 10281 20660 10336 11075 2707 19788 29023 31876 16544 8821 39463 486 9669 3654 8624 7166 38957 23022 23923 39619 38870 6671 14548 13137 20170 20914 20543 38830 27780 24134 20503 35545 33210 28654 10929 36647 3070 29170 22368 18651 16319 8854 36316 34527 37240 20036 3401 13754 37592 6732 9882 26187 5244 7156 37453 4031 22727 1669 34852 35149 31084 13318 4370 38510 7896 10773 25776 26613 32987 8426 34569 13995 29227 23389 212 14912 33467 30545 36851 11299 1821 30970 10233 25984 8995 28264 26847 28467 26057 5077 22616 25197 4803 26144 10391 11030 37289 35199 4997 78 63 39477 35848 689 36966 23509 26629 5807 20275 34710 2825 4272 23543 29672 20785 36429 30051 1568 36081 10797 35086 2617 33554 29921 12513 10310 15173 8115 15610 8562 37030 28895 38124 22822 14705 5685 27620 10313 2796 6945 13074 12714 10661 30058 8888 20285 14960 23775 3324 23907 16421 38690 5925 25743 15413 37004 1366 5980 34004 4786 19145 5862 15781 12211 17254
1760 26055 32021 14445 16699 6299 10580 34515 39817 29024 35860 21756 2565 21123 22154 24424 4680 36548 31784 26443 36814 32898 2545 2214 13594 23498 33517 10817 31912 17367 38500 13199 37610 29905 10436 37099 35662 38725 19907 30125 13034 18796 27285 13662 18388 36295 16707 13878 24686 17668 3297 21115 31959 39953 6894 15177 25624 23232 1735 9074 4066 22792 22558 25957 35773 35243 25708 8227 33100 30270 1649 19047 670 18615 5655 26658 27634 30944 21801 36337 32998 13603 25106 37302 21622 26725 35521 23716 27599 28684 28589 1448 20846 27700 34048 34215 2922 14375 20938 26407 11453 24432 10841 32310 31568 34442 25759 1954 35664 18492 31526 28669 26992 6491 9971 8147 2510 14003 32229 38590 12949 38279 17514 32448 35790 34565 3867 30842 16682 29164 353 22171 7763 19177 31414 18992 18374 15437 8417 933 16683 13533 7352 28592 30395 25124 10073 3158 4624 23090 10021 1873 9776 15450 16833 31583 7728 36137 20792 32014 4755 34160 11258 38859 22864 13273 11444 25862 23862 5443 10109 35838 2705 30913 8152 19458 21668 6238 26489 20189 29351 18682 32977 435 34086 39450 31135 15100 4532 8312 25739 18534 35141 447 7096 39859 4489 24497 10096 23526
14953 32100 18558 16678 22776 37964 34896 17976 20836 38203 17891 9439 34382 35167 37659 39868 520 4842 24781 21960 23401 12779 31930 26582 3327 27099 2128 13424 2161 22089 5319 10815 26512 8236 28711 39031 24999 20300 3515 6761 11748 32198 14429 20477 39061 7829 30973 13607 4550 8087 29939 15078 1346 14852 15846 4881 8984 26659 8218 31348 23031 2207 9185 22946 27737 26458 20608 8262 3255 33794 27935 22514 35604 37012 5110 1011 39600 13627 34194 31528 22130 2249 24815 11823 1603 27093 24638 3659 28921 1677 14511 22995 17525 17527 10568 19654 8519 26573 29487 17166 14675 23644 27621 18556 2761 3664 37507 34667 36054 13481 21617 12988 11817 5154 38067 16601 12068 6042 29117 22457 11197 9702 32847 5779 38494 24525 33086 10875 7288 13209 35892 20880 26853 6427 33870 35757 31577 32212 18318 30207 31447 1248 14304 34598 22410 35287 1535 8635 88 4598 33088 5043 11021 36470 34573 14506 11617 15870 19027 1015 26021 18245 37044 20239 6843 10100 20009 31323 24408 30901 13556 18862 8381 26217 242 19661 1352 30467 39544 1464 10279 9411 15538 38574 22578 31868 5327 20434 22834 32460 8848 32141 28222 31582 22516 39135 37231 8594 19339 3980
23195 30149 21542 24384 33725 23390 6388 25294 27406 8717 27715 4228 23439 32701 4334 24395 20197 6529 12340 37552 17220 17490 9560 26886 27623 39675 28815 17016 23028 15247 5999 33962 34274 3461 7995 37771 24564 16550 31939 27803 38130 5165 32236 565 9953 24710 3518 10525 20884 6003 31279 10669 15851 11546 32667 33416 17476 22938 2197 3146 18762 38116 16570 13277 1815 13196 10323 22178 12735 2322 21818 25998 39792 26681 35881 8618 13420 22487 33568 32816 10853 2154 17403 26250 4712 10576 34057 5815 1855 26571 4583 2756 12789 4382 12790 11956 12804 10053 10120 16972 4501 9133 13435 24439 2149 7704 15035 27477 12882 27394 6723 12189 12295 2100 27087 37206 20584 17709 32944 13881 39799 23957 16877 28078 39684 4090 22797 28313 23146 3835 359 10475 16152 17443 1848 14055 17602 20496 22036 28121 28195 24811 7462 27038 23412 4060 31174 634 8747 38204 16937 6162 30981 30256 6921 18415 30720 25603 22405 455 8936 18587 34033 31519 28908 31602 6541 32099 824 18709 31991 34396 25365 34063 33659 14736 12362 39655 13191 11318 9256 16239 8205 25218 35119 16721 34782 13751 8318 1872 12634 11788 21199 1538 24672 34518 38935 20723 2841 15056
15913 34919 5684 33830 8105 5729 1172 14521 28240 22973 20235 22456 25269 25965 12483 22396 36886 6469 34189 6480 30607 8182 27003 28443 3628 16930 372 7654 17217 28310 3724 39866 1502 39431 31530 38937 7971 37010 18669 2619 36224 2755 1705 26576 7797 12700 9684 18386 39424 8810 7805 618 7632 5967 38662 16706 38810 13139 30281 299 24284 35710 8324 35767 21850 12939 8101 12693 9677 8418 34447 18657 31349 2203 36019 24816 25296 11636 13017 22393 27526 16143 32147 34726 34777 17560 26353 5351 6460 4411 36301 7066 14754 16035 37005 38652 32482 37679 17667 35479 31924 621 9391 6742 19260 38293 36698 2413 5380 27830 863 7185 37136 23678 15707 32155 34575 13714 12651 7426 39066 20449 29337 26861 37973 21493 34917 21339 34475 10457 35417 29627 20478 15149 15636 8919 8493 13821 15982 20424 38433 5453 15153 34797 30443 7839 35017 26549 26928 18361 38359 1889 34389 6522 36511 21178 32188 33177 23922 26619 37172 867 11646 9135 32842 33047 21148 38225 23664 3468 38623 27254 14106 18408 14081 25901 38102 31631 36643 29402 21802 36053 14993 23319 32505 26773 14605 5931 23608 38167 14348 23144 19136 15811 22568 29813 37888 10667 11372 34542
29496 34079 2591 21049 10613 29191 13655 1207 6431 20572 29150 11284 15762 17092 982 28556 18281 168 2865 34807 11713 15613 6369 22202 32920 35748 9378 39844 28442 16675 11287 18292 38036 25004 23827 30454 28605 20617 14298 29854 21579 30025 24043 25055 4007 2659 19321 16518 37488 11875 11868 16372 2417 1224 34641 35064 33350 32715 13595 26435 13544 11684 37987 35730 9142 6391 9570 20537 25464 31045 15315 61 28704 17796 25138 2759 13608 28646 2444 20587 36206 18493 22542 1998 32756 16386 2235 17899 30684 33297 2275 35135 15600 2773 29493 9217 7824 28176 39324 29266 10545 28889 21379 1384 10045 33142 27106 15861 13688 32901 33769 19003 5045 15151 9612 37348 39948 6672 32001 28765 13893 21595 32904 10180 19042 34169 25157 8974 10159 29998 30985 16301 1702 21757 21738 16470 29643 21330 26514 17461 30649 1436 33608 33696 11727 2946 2851 13876 37317 5988 35032 22360 3778 3026 32531 24141 39209 24155 33793 36512 15565 38168 20809 23274 25152 24760 10262 14945 12980 4959 36424 8978 18005 29701 23229 30705 8783 1555 19528 13400 2679 15525 25262 15621 30103 30584 24618 2116 33315 16765 29957 8082 2799 37265 20841 15660 30528 25506 25322 34102
3321 11700 22610 36283 30617 2087 37825 29967 34489 23398 35035 10414 33292 32446 31381 31529 10726 20363 28692 39543 33419 29816 22868 4897 1547 23546 33013 26379 18608 37816 17550 28071 15099 25712 2514 9372 10617 23326 30685 19799 7098 20612 35142 6553 15034 3525 21876 8806 11116 1763 29459 34497 16751 18637 16525 20567 6534 20425 6039 28530 8470 22805 18055 26948 30891 25259 8607 35401 10649 1877 655 39822 5826 13011 33153 32562 24267 10937 2053 18256 11472 32031 26737 12628 11539 9596 22247 13724 3310 19044 20475 22836 28887 12454 5411 5087 28245 7350 14792 27992 673 36943 20064 17378 861 17921 33213 39843 16234 7128 8807 39010 15848 4591 36806 11632 26140 13241 25964 24484 24944 11756 134 13920 5306 35943 24711 24473 5166 13131 26167 39994 20116 6833 37341 19346 25914 30892 12998 9490 34235 711 36158 19544 2754 38833 37954 31283 7431 35290 34684 32101 16006 39676 28916 34071 24201 34431 1496 32539 23422 23570 12630 36502 7590 33146 22048 1452 26640 15699 9643 10318 6050 35578 23425 12933 21918 35895 31647 4267 9687 21763 25456 11835 3530 2022 7218 12369 38802 25436 2434 14794 7139 22652 5095 15178 14334 21905 5145 23419
10011 3795 39203 21098 12785 7755 28170 413 3616 39599 35486 3999 12215 25872 23619 35145 28464 23793 17381 25447 29749 12498 37196 20259 417 914 36651 17893 29014 23586 36679 33256 34953 24189 6458 21659 29416 2428 23239 10324 30964 34586 4807 5969 31756 28788 38638 5666 34291 36899 12754 38220 5138 33203 39819 8934 14417 9009 12333 22561 23851 26118 1085 7987 39842 666 4617 1200 27933 33038 18526 26882 35735 31730 20540 13620 16702 29472 7626 23810 7146 38847 6912 9787 36370 17473 35169 960 24922 3997 16144 632 22752 15197 15230 23878 21293 33926 5852 16590 12602 20599 11190 16012 14007 24696 27693 34716 16478 25567 20140 15586 4836 3815 4553 32440 31073 26815 4394 30290 17518 18500 33084 35840 36681 38004 3301 317 33743 443 18984 33351 10171 37479 32060 28113 2915 33612 9849 27150 25923 362 26098 38626 30334 4543 990 31330 27639 34200 14958 34007 25455 19723 1005 6401 39924 24907 4637 14372 12624 954 23084 36048 34278 24111 29356 31103 16361 23137 10991 15725 35572 14332 24463 2661 8606 19962 35924 18212 27786 826 8577 17482 16299 2330 26695 37606 4056 1606 743 9571 13416 5571 6855 4994 29695 22299 29574 14940
14796 15878 29197 28985 162 26483 34630 32889 14631 35577 37125 3356 16628 19336 35523 13349 28842 35984 31632 12491 22675 1777 6182 108 684 28198 13249 13694 26893 29937 1213 6237 3926 1788 7491 39647 42 14660 31081 17154 8502 26715 39728 14949 26306 39771 35880 2294 25413 27887 36745 7449 3044 20787 37327 21826 7823 98 25474 8415 30959 8447 14517 6568 39531 25833 5030 38744 153 33799 8026 30790 4485 17299 32924 35889 2418 17795 39741 16233 7342 12705 38734 5768 31000 755 21143 25422 4148 24193 13962 25570 2768 7790 17094 31023 33654 8620 4081 19645 30838 11720 38743 33284 31910 6961 30899 38195 32242 32579 3151 15377 32546 38808 12155 22665 2326 33087 20063 6054 19494 26807 19859 22333 22398 34379 34219 17573 25635 27055 37513 21180 6739 10037 11043 29186 20487 11424 38857 20762 28745 26136 38196 8844 14183 32840 20633 34180 32991 36336 1071 38710 16477 24379 21446 30601 4898 2254 1062 27145 12610 22751 17353 35931 34208 3679 11282 17647 1300 4443 946 35437 8225 21685 28052 12070 9668 31007 28911 2593 12897 13062 26929 25532 28875 13745 17686 3720 5307 5525 32557 21509 35244 26510 12461 18217 14137 1841 7624 9932
16980 33192 33411 1926 10425 3489 7901 19873 27323 34237 3462 19803 2518 9538 12849 38746 907 26153 33390 25651 37386 29532 35344 39390 31288 30251 14464 3156 35862 32544 15684 7884 21496 30782 24623 11269 11886 25826 21399 15142 1237 14546 17513 29771 28350 7468 24452 22920 22988 8608 39884 4512 1982 31745 30925 17447 26599 34344 16340 20339 8861 14798 28558 22993 32359 22032 32818 2562 645 26018 6500 23795 27597 4790 23982 16446 10419 17386 4805 20671 17361 3428 22763 1098 26736 27345 3950 19952 18635 36328 24982 39171 2710 12914 5241 9978 21057 3607 30580 4242 4815 35742 1422 10177 27794 8793 9071 28714 32530 16551 6669 30113 5644 16777 10126 8311 7364 6951 30422 16459 16091 14843 26711 1325 2191 19559 9577 25313 37466 18629 19957 34749 17343 33551 5503 3510 7549 22482 30388 14719 24514 2836 15867 12109 25916 3252 24200 13617 27305 11251 16023 22556 22352 21515 9440 12429 11767 27555 707 37508 16735 20773 23808 1768 1013 25206 37978 17761 11990 17846 5638 9935 7659 10992 10165 30518 38016 3495 18850 11585 28918 35525 28074 16762 24798 37155 30535 33550 8006 19576 12401 9365 27654 26728 35651 12841 21718 16339 15175 35518
10363 32087 11548 1667 15616 27029 16854 38855 31428 12801 453 11867 31326 2011 11826 28140 31847 25305 12043 4580 28881 13406 22624 30387 22765 30541 29804 39518 23134 32216 19996 555 6482 24826 2828 20888 14073 10079 4375 31392 27018 1853 33746 26831 9306 17707 29851 23041 6170 9645 6737 27581 20751 17484 10760 39545 13946 19653 7217 20650 32230 19384 3657 6897 30760 14826 39548 19974 25382 38708 29742 36905 3799 9220 38698 32970 15176 12029 19200 4226 11806 5659 662 26182 7187 10510 3012 9992 19852 9075 12645 32005 1097 25741 35976 13863 20495 30836 9080 37716 36005 30133 24755 13497 15710 15462 19266 30906 1030 6475 39755 22639 20286 39481 15274 32114 10807 23627 38427 12372 37009 16222 17022 25693 35605 7478 1088 35669 15507 13932 18199 39732 10527 4207 6010 4601 13310 27024 8004 11764 11294 19656 23755 6143 572 15884 1160 5602 31840 26131 1399 8792 19942 6495 38692 6955 3260 12168 9769 31389 28363 13357 8094 4209 39611 20974 35867 1934 18341 33451 35641 22189 20281 6934 18289 26904 27890 28326 11641 30666 14691 24571 2998 4154 28038 6260 37798 30962 7979 9675 6952 24609 34027 37776 12328 21573 17559 30701 38212 20160
20808 6088 36811 6979 13109 20600 39376 11133 26157 4045 7816 26423 33847 16210 6977 33982 28106 35657 11861 17453 18156 22590 13383 25361 37874 17032 11265 33623 30204 29868 16881 24236 1563 20882 744 15374 26123 396 20705 21346 19856 31261 5796 16164 22554 31725 37537 26588 7848 14103 30032 39495 12638 25852 23547 24114 11293 12239 32033 17135 13565 31603 20679 31370 29846 27416 31164 14600 39328 27836 2213 4565 36739 38869 29395 32650 20730 16728 32669 26218 19870 14791 35396 27921 8347 11491 28957 24389 33960 8382 25973 7850 11211 6652 2995 18155 37916 39547 19062 23 17064 3295 21050 24523 23695 26453 5264 24282 5812 23314 16608 27773 18910 17537 5501 6360 8433 15676 14534 4620 4431 15395 18967 34664 32890 20710 18750 19305 13538 4100 21189 16655 39194 28923 26528 23220 1316 21412 7050 2892 9595 12396 3143 20739 5294 7194 2782 3451 30259 21406 39238 31839 13315 15465 29020 8555 22721 37296 1805 9593 15853 9511 8669 12009 3694 7280 15758 38266 21693 3359 3198 11072 28587 28459 26173 38114 32672 206 8037 17202 19029 16254 3131 36439 20383 39186 8499 26594 29606 33019 16054 2008 19898 21403 20984 27351 23142 36717 33371 38489
1247 39751 24477 13290 6177 19474 13485 17319 37960 36754 1153 25232 10969 27964 28306 14813 31766 23949 34136 38134 36284 24593 32008 4968 3533 10128 39984 9239 111 17188 13178 35008 5060 19443 15071 25335 30589 29010 18452 5446 3765 35285 35505 4726 3011 13495 23440 10420 12881 13531 35078 1937 23670 7668 15555 9317 34404 6477 12961 38302 12237 21028 28946 29555 17897 13220 32859 5560 33796 14156 36015 32614 28427 4234 39759 8587 23408 2620 27242 15985 17335 19422 8309 26249 4213 20901 22701 33971 25417 1074 26700 8739 2719 29513 16614 15163 22451 14623 17088 26572 3665 10461 56 28254 15657 29918 3994 22278 11054 16829 14148 19014 6617 30421 17356 39922 18280 4621 28700 18310 31845 17374 36331 10678 37014 17446 38177 27793 23259 28986 1441 33154 33170 15380 716 33516 34110 8765 14195 13831 20379 31617 25012 16820 1850 21393 18593 30366 5257 22181 30637 24059 15333 26671 5489 14300 12895 21809 17768 39933 37571 31252 21499 27092 39746 17478 33141 32656 11644 26120 28826 11655 16576 23034 9215 23141 1288 25342 22016 19796 9203 24752 1306 21837 1070 29425 34486 30464 26762 22549 27978 26999 29859 8319 19778 6996 31889 33040 26032 10331
6295 14092 4669 19007 35696 26854 16342 5572 38607 5194 35170 33963 33851 31549 18210 5334 5497 20640 14797 17151 9063 25860 13281 2034 18176 33740 15221 5231 25992 5934 25819 15981 7430 5672 6907 16255 26565 8109 14235 30789 11225 3874 12543 22625 16730 36832 3190 39898 33904 21858 2298 20471 34132 39654 18355 29119 27925 13959 2691 15024 10944 30095 11551 23817 19171 34820 29379 34817 32951 33701 24761 11160 36493 37862 13483 32327 31254 15560 7120 19956 22377 643 10742 38043 17864 26164 553 1817 39604 1257 1179 19676 33978 13345 14281 31228 17618 24391 32880 758 24908 17424 28426 6824 29491 4074 29760 26480 3017 17371 17249 15053 3385 18442 26965 39965 17737 28164 13805 8902 35514 143 34830 5127 34175 35263 34402 39065 27684 29041 11216 33684 3745 15631 15492 18195 16885 1920 4900 17945 8223 31353 9540 35065 36260 14943 32548 16276 32271 34480 16008 18060 18148 7019 17697 34939 874 20058 22801 15029 9496 90 9829 31066 31835 11395 8375 28451 28882 8637 4808 36192 1426 32441 11905 38271 23981 6707 19804 33183 21431 9892 32735 38661 22570 34403 20859 24905 3482 34186 36459 23237 14004 32903 23285 39667 23520 14667 36141 21770
19487 21137 20376 6590 5326 32417 36484 39033 19965 11219 28722 10889 11433 19466 34659 18412 13493 26865 4607 19622 6041 5600 19283 8516 18555 5185 33884 9255 22538 7235 9274 15624 8143 28041 327 36342 2456 531 27051 12929 6524 15871 12310 17326 9194 21541 37412 29162 1332 2729 19706 17046 21824 19220 21812 35182 5372 2680 36395 35512 2476 17905 8860 38147 6169 2993 34708 17816 29888 13186 21805 30576 36747 1786 18731 39470 6546 29923 9506 6722 18068 5800 37540 28959 2544 35264 25161 31948 30401 13470 8008 5445 28354 4312 498 6096 26179 25459 3685 14758 14973 31825 38038 21557 6543 10471 20566 4380 19398 5758 27900 34724 37249 2683 27241 4825 39614 12518 37932 34481 29076 1985 18866 8339 38568 22829 23017 6810 36646 39736 21428 12421 16865 20876 16 21997 39616 8795 31742 7268 16644 23374 24250 17638 16318 22192 18510 9625 22567 20949 15006 5957 19120 4909 31890 934 32549 13469 2165 7312 4569 25074 35864 2554 24116 32918 34178 1142 21673 31416 11762 7395 19505 1127 31659 8825 22992 13883 38082 16647 279 9237 31382 12765 36609 20932 638 10104 16201 695 21469 20627 21019 27604 5820 12769 20268 3115 50 22473
9670 24453 6683 27876 38641 21188 36837 11244 5944 11332 35107 1225 5066 28926 12432 20155 29601 9963 13568 31371 25346 38604 32911 16033 19589 6222 38822 6733 16430 9298 33886 3760 6885 20013 3877 9187 12120 39486 18894 12858 15606 10698 959 18338 33370 37943 25003 17253 37477 28117 34053 6968 37848 16460 9860 11951 37277 1692 24243 12938 21549 35137 19721 14649 23113 30313 4733 10027 26420 22715 6473 27677 4960 6322 8700 12894 37122 31953 32556 10743 14747 27187 18261 28262 30492 25251 16189 16072 15421 38459 18104 2230 34452 658 14231 24230 24817 33475 7675 15280 24561 33076 24441 34034 6442 4645 29679 39280 37405 9730 5270 10173 21102 21553 13459 2943 9657 35682 26783 677 27966 32776 8207 32730 38533 24615 7454 22858 23680 11537 33759 10315 5938 39014 13761 34393 12560 2823 32564 18800 3998 34647 14884 23358 19167 16153 16403 7963 37184 20709 35221 38723 10113 23969 39800 16918 32179 261 18181 13302 2382 21823 6782 31507 29264 22177 4508 11280 29645 9324 30884 38614 32747 4858 8289 35916 38502 28381 3886 6464 1784 29781 28638 36228 2853 39425 5810 1304 18016 22668 9828 18934 27973 37742 12552 12045 23323 15635 35809 21899
32133 5031 5727 23684 36488 27327 21394 25131 18765 27862 377 2568 32115 6905 5167 17867 37555 20042 36169 27461 16795 8013 26821 18236 32161 39499 6087 8154 20381 23673 36845 15823 28285 35882 22315 38054 7441 38445 1533 39944 21860 34120 9370 37066 9973 28906 12380 11538 3810 13998 14447 8090 11371 8021 21374 28439 1508 25863 23136 25054 19946 6141 11602 7947 10998 30011 11970 2822 36620 7298 37793 15302 7246 6851 37120 22630 16718 13258 12026 1527 4632 32573 16052 23660 24837 35418 36420 25237 35259 19182 34354 15750 8988 26627 25100 29258 5047 763 7499 16126 21819 31476 6911 21792 16422 37389 10975 22441 26534 24235 37935 1955 21045 30829 33249 39381 5358 13909 6643 3406 26010 8010 26048 29368 8794 13833 16630 5541 18504 21743 1979 13372 3538 31841 22944 6380 35603 31767 32720 6547 7620 21894 16526 18272 25805 9665 39142 22075 18971 32885 8646 35093 34121 2352 9279 14158 7543 1463 9796 19322 17245 35118 16621 6811 38319 12532 20337 37461 32127 38422 20179 20486 17886 9488 15967 13020 18071 32370 9189 2549 36771 14918 30248 25526 18418 31240 30042 34880 18264 12204 117 16038 15059 28092 30716 37131 30587 3669 8885 1553
5052 22479 11369 25111 12235 17883 16638 13165 29412 13201 30633 1238 14487 15576 18101 11517 5546 17396 2783 24422 34866 19903 36844 532 25181 275 30851 13874 9192 30677 1730 14470 33629 8789 13928 27752 39403 12311 12099 32934 33865 9207 2996 10623 19686 27838 14255 6031 14333 3299 28373 29941 19008 19050 17136 19315 18169 30579 12924 9682 30009 9614 27763 14066 33299 9086 8432 6842 18372 7401 1287 25981 31669 21779 19940 32040 12521 4174 19045 9245 37266 26455 37681 27993 18727 32872 5622 9728 38919 26119 25249 9898 32277 19026 9905 28645 1489 14582 22856 39361 7297 12116 12738 22420 38896 39404 29302 32742 18424 15664 15809 5120 4102 11944 14808 23696 14350 10398 27703 1421 10873 35209 8682 25880 19080 4369 15918 29308 12363 26230 6665 39113 24462 31514 29260 36250 20266 27098 1439 5993 25308 30622 10733 22145 17044 21069 3387 10497 17347 8478 24168 6696 36425 19299 35072 17493 25921 6187 23701 2878 9619 31028 1530 8582 24644 21274 21864 5863 19535 13141 16362 13037 29806 12277 6741 3135 18351 19503 15452 33493 5825 38556 21867 1148 4958 22756 30688 6804 32382 3291 2734 9214 10066 29104 4332 5464 25046 37224 11306 26411
29746 20023 39163 26424 37648 16462 16651 7193 34572 29776 3925 1599 22047 26146 19652 15243 24151 31905 29934 31951 39849 5658 2036 30213 16758 38920 15648 38654 29224 31804 10337 22252 36012 16535 11577 20563 3866 14712 5149 35805 31460 35456 15738 13613 29962 13287 31534 22669 4321 131 13152 12484 27994 31599 38918 13066 4447 3691 23539 32419 13756 14981 19577 15326 12061 25123 24537 13129 31628 239 32070 28880 38321 5183 6956 8839 31786 20613 16861 12162 38357 6760 17627 19720 34564 13851 30012 18581 7041 36406 16631 571 23698 29680 11962 16010 23551 33261 32615 19802 34910 26155 6455 24366 17593 36060 11815 7503 10672 24936 21852 36821 15115 3944 34732 15456 27637 26687 3140 33770 31649 22272 21095 363 15040 17204 33365 30521 21697 34032 1600 24794 35349 14575 1622 37914 15256 36813 25796 38409 25328 8775 26667 34579 33563 27303 18726 3566 15875 17741 17127 24769 14177 39306 15780 12100 30687 14823 27113 29239 23559 36461 26172 23652 19024 38490 37655 27292 12462 29545 7598 37180 36546 24603 30812 22280 16224 4072 32103 5748 14117 39342 1184 22072 34842 16428 31926 15202 7153 3274 3779 3472 26221 20968 28652 33523 15889 2196 1478 27350
14878 18770 31362 22644 5388 8748 3695 36487 11360 33358 6264 37056 14484 37167 17973 11363 10122 30515 33947 21880 10362 13554 31874 24179 13829 11067 5155 9360 24246 32988 11919 9374 9088 30135 23083 397 2879 2262 12507 38909 8697 34536 29507 24028 4212 32387 34268 7638 564 12089 13106 22826 7583 11152 19667 12622 28115 23179 22440 31427 15077 7803 16473 31478 26417 19274 24997 38444 20257 12908 29712 37096 14927 21657 8993 26234 19784 944 25793 27036 9186 25760 14594 8248 29370 33814 7000 37310 24796 34516 33079 29910 37113 29801 18243 27593 14916 16867 39382 6730 19438 34682 35379 27284 9996 30027 17210 36691 34549 10499 11062 34427 27071 37709 38800 12709 14606 38693 29483 29469 345 28090 7961 14734 7969 33967 30271 26284 36068 28853 9131 34640 10521 7177 5653 39268 8648 14834 18321 28016 5872 1095 2443 23497 11967 33449 36641 13648 12149 31119 18868 9106 4355 24718 5462 20758 7250 28979 21059 20953 26625 38737 28757 8530 10228 34198 13113 6185 29038 20757 27706 32121 19634 34570 16987 25304 38689 9056 3986 892 37138 7404 33193 22743 27517 6286 25503 12839 4992 26535 25250 10850 15825 27521 11241 5730 10865 25660 21951 33501
9385 30706 8777 29800 24251 6137 6438 25828 24336 30129 7903 5345 34285 16925 14885 10769 10388 21368 27434 36252 27776 11150 998 11120 37939 3627 17312 13678 19878 25477 14240 32779 1993 25395 39903 2934 23899 31656 26665 12334 37785 13785 11334 426 139 1587 29209 12697 13907 17358 36777 34266 20374 29991 25121 1827 30672 31077 32298 19079 36253 10444 15148 35961 1503 33477 38420 14493 28820 1069 16742 39966 22974 22658 1433 31316 5814 3473 29482 15998 17977 26355 11425 28501 21974 3019 2861 7278 5251 14504 31386 30090 4773 4289 24288 1514 14458 19442 444 21316 19524 37956 13776 27299 12132 13652 36680 39473 30120 8660 32575 36051 2420 30391 5159 35031 28483 2273 23201 17212 33173 26842 35092 9466 20480 15051 7345 37834 33992 28900 9607 25729 29000 21897 37843 16246 29455 27240 23920 8785 31739 2494 22168 25539 19525 7886 35704 20606 23477 1967 7111 7847 35139 37369 14723 17055 28361 9210 30035 26343 3176 14722 18191 25721 37007 25158 12829 9661 21107 18024 23064 36827 9024 19713 38283 24559 20827 12619 28002 27753 5370 17646 7553 37092 11426 13132 5054 4870 39446 27749 20821 4227 11918 33487 30695 1130 21570 39230 25982 21074
35425 1838 4153 11023 13597 35606 17194 24931 4457 6009 1344 35945 8430 5073 918 28263 38242 8801 27704 16226 15894 32194 3450 39021 2169 6607 28827 35262 2677 725 1703 28784 27576 20198 214 34766 29625 23200 17591 1598 2594 29160 36594 16779 23071 25802 7108 26324 25791 25192 35237 24164 23877 35413 38678 9048 11277 499 32525 6999 24834 22233 25835 24237 4941 16349 27958 39145 33757 18219 13885 8833 35803 5708 23255 14419 5024 6507 33423 12314 38785 30966 7811 13587 29019 20573 25888 32962 22128 17457 12222 4406 34537 9713 26421 35582 15255 15117 12976 5569 17029 34483 28511 24786 37055 4297 16173 533 12903 30081 25460 18914 17101 39059 33349 19598 13050 28635 34614 976 904 33825 33281 20195 8136 23294 38298 29404 11298 15737 1662 9646 21516 6397 16039 26452 18329 20019 23705 32423 11267 24385 18089 33933 4517 4737 12389 604 35979 14301 7922 28910 15043 32662 28851 33316 27208 39513 31046 17184 38093 22907 690 21427 21875 39856 1269 27062 33453 34378 31697 30898 26247 16259 16888 10918 27474 11050 18614 23659 27550 2713 26384 6828 10286 26981 8246 11705 26207 38165 14282 3128 10350 38087 19934 22092 623 2811 13728 22373
29699 26076 11557 15028 24475 26513 10360 21703 13960 14674 22501 35176 36781 38064 20015 23486 20536 11362 7574 22678 19402 2007 30333 28084 3309 17907 16898 13130 13000 22357 22400 32697 28314 30991 18027 19477 3448 29726 11046 15239 14641 24055 38331 32514 23465 19275 27916 8211 36531 8999 31374 18302 18916 39857 57 32407 17250 3547 6519 36235 17052 5222 34471 333 24652 21470 8515 19408 21326 38688 7838 14612 35503 10185 3402 12359 16452 18293 1802 10614 12085 8445 31740 36532 21211 26174 38358 20152 25356 23785 14633 15481 14058 37692 19782 12674 31147 34220 29237 25672 21104 15879 11142 25274 12254 21053 20961 11493 3480 18209 3410 8265 22940 31176 17688 3677 38588 35099 1112 37036 39454 8740 5500 431 13120 25967 16960 32270 6070 1289 13660 32630 32410 35325 24279 38374 17313 36128 38595 24064 8388 7980 36920 7631 31201 38988 17394 5168 35381 2837 32541 36147 2458 24729 21989 11674 24258 2439 33876 517 5972 29877 25542 22414 13537 19148 23435 23935 7774 29924 15790 3891 4506 34154 16510 31373 29374 8140 27469 38917 35103 6466 16181 11187 12898 25999 34623 18214 26848 16282 24150 1203 23598 19135 5255 30064 14935 20802 25574 11476
14984 10606 11708 8524 38140 6073 1905 22888 27720 31018 21949 16248 29066 36768 32743 15309 18822 23240 29073 3397 32323 16527 35524 36764 16453 29529 26330 34689 35036 28081 14278 36510 16461 38515 10786 27806 13140 1835 28073 23386 39040 26007 27950 31463 29443 37038 28468 7183 3496 7792 12399 31241 31249 9519 28111 7459 13702 38528 30504 14028 19717 29755 17722 6214 20692 34831 21337 33244 11797 38863 8531 12663 34503 34761 4442 34473 24242 6452 14976 20546 10095 10902 141 7793 16313 15549 32145 17409 29261 8484 30383 33538 30361 35511 37071 9698 3931 38231 38567 38635 5218 22021 17831 9476 37275 31039 25194 31753 37702 33739 29696 25906 191 31470 18015 39718 37186 3108 31069 1458 26225 18557 6047 1326 35692 29463 27673 14126 34195 11512 1128 34955 16607 16944 35674 6394 30087 7695 16619 2346 34755 34567 37147 23758 15662 15477 9051 33708 810 31824 28532 11620 617 15776 5414 28083 27787 17280 38352 22303 31129 32736 21409 14388 39550 21775 22643 14887 22541 22980 36119 26200 23006 20311 35829 38786 13456 4937 6210 6171 31564 29394 21402 4685 33889 26094 26108 28028 33878 10285 31759 30595 19892 2194 30471 29312 39649 20426 32089 591
20397 17567 49 7371 32775 17797 35678 35556 17504 28997 32003 3336 29235 28505 38110 32670 3920 8164 16061 34686 19244 23198 39434 15952 37347 19742 5521 1791 15387 16587 10935 37279 7458 33420 24507 7813 9313 39320 3854 21943 35869 22584 38664 27198 31652 1107 32279 2359 35890 36520 19349 29099 34118 10939 1869 3540 16906 23129 21632 9969 490 29173 3178 25191 13267 39706 9268 1323 9474 2004 304 32315 6918 20213 32515 35304 4144 39094 18072 35234 11005 16823 23380 4362 27101 20603 38366 35820 2845 23564 9182 10373 975 11243 3003 16074 2899 38264 7885 31665 9289 37859 14163 21533 29124 837 11702 82 20420 15258 32933 39315 22321 7110 9158 24829 20980 21628 19370 24018 8602 19580 29610 24668 19771 5652 7955 28154 24836 31329 6190 4899 13082 14398 4724 1644 24042 33078 28430 36139 8584 6317 11843 7380 14906 10583 9021 19407 9465 4600 24444 29526 38295 30165 20662 30659 32803 15269 15640 18728 25666 9301 11777 3355 32285 9401 7255 7088 27970 18906 34242 28461 107 32234 16212 22176 26661 14694 6094 27901 28531 13212 12517 9441 3951 27364 26874 13168 4295 37765 32536 8917 12409 31919 10663 13047 24899 15168 7331 30495
17983 28102 35369 16018 37845 28741 28194 25400 29183 1188 37041 20104 34325 16674 2798 12322 30226 1658 22614 20799 27606 3862 26468 32260 34293 31351 1867 21963 10072 11529 11103 32567 31016 18067 26896 25467 20944 34787 4781 25038 87 5888 29230 1672 1711 35462 28588 24876 21241 27452 812 23343 23004 15457 17376 33700 14835 21727 21365 9873 36403 38545 23324 11020 24327 5648 7729 27774 26894 39378 2315 12316 17812 22 13202 14252 16113 12824 11461 11555 37027 14026 823 5097 2348 29978 32568 23388 39344 3830 34523 27004 30635 16650 26100 11541 6333 28738 27182 15812 2753 12574 18893 9766 292 30843 29779 2296 3133 26718 12139 18265 4833 11119 10994 6814 38108 36125 3771 8377 589 6992 32500 12979 17333 2676 3048 19332 26327 1738 25702 26942 24194 38328 25576 23131 20028 5474 26175 7269 3225 33341 15791 4121 15084 27792 14646 1393 25416 8718 12618 21928 23977 4251 28613 33763 14716 25575 31543 35870 35478 37262 13975 24673 2570 2778 2093 29920 17120 17073 37363 18852 18639 9536 10682 26134 28191 1874 21112 2001 31123 1315 38703 23807 5132 11816 3800 38939 2646 12708 18844 18623 12970 12312 39809 26911 18818 11508 12746 15385
10800 11773 4514 14389 34318 39048 22870 13668 5976 39941 37983 3306 2450 30764 11127 20377 9295 38760 20071 14421 6771 25303 10872 32360 14663 37500 25614 28762 33120 32391 35040 15420 1414 37476 33923 8404 23552 34972 1578 12294 24790 15291 13644 14731 19228 13381 27354 28187 15444 22332 29215 35631 37333 2175 37856 37631 36519 32738 18291 18074 5413 13206 24132 17158 3971 24437 24543 253 10184 18279 34401 599 39997 11950 33401 24149 264 23221 21124 12680 8566 28399 12464 19626 10469 6883 22298 15227 9795 28817 29745 20586 32148 10124 34122 22606 16228 4967 493 16952 9644 30723 30549 20460 7667 38099 6063 2028 11420 4862 23437 37755 13869 27425 17924 4417 37906 39519 31695 2112 7492 5664 24647 21890 15372 24820 21320 15378 12368 32447 14778 11092 870 17542 32142 5158 8294 11091 22654 23473 3850 5236 14658 13934 14469 36357 31908 35760 26909 33230 39078 15933 33206 38505 38208 31116 16609 39589 8419 9811 13057 1748 24800 15677 2818 33098 22962 38065 17499 19925 12031 5134 14030 138 33591 29988 24425 17959 34050 27982 20771 35720 23769 27785 26707 14279 15012 25792 23624 2733 19924 37907 14229 15273 21068 37313 25988 1365 26084 31808
2703 7428 30708 11403 11220 4129 22462 1104 25210 38964 642 1109 18178 8449 829 2168 26475 38897 7256 8561 38394 7163 27508 28014 32251 4952 10047 19039 16548 37650 33726 38453 35013 35298 22880 19169 7117 6060 31716 39426 31812 10431 6434 32291 16441 24914 39455 30321 17588 26388 31891 5828 11653 10650 20003 12566 32311 3789 4432 9128 13280 14850 36953 31558 782 29583 32215 4089 13337 24192 27536 38015 9660 38895 8716 28220 18233 33306 36560 2424 17866 20380 31458 12596 15498 32506 17745 37456 31235 19801 31434 20750 27663 4701 31789 22575 31118 5711 13612 17256 28689 17422 29324 8266 25839 24447 30574 17265 26668 27745 16701 39103 26196 31466 13623 21651 36072 34597 37861 27972 6778 21523 27206 2843 28702 12691 9236 30668 5330 28829 23012 13898 31400 31686 39911 8438 21094 5309 37653 28319 31705 27362 15331 27066 21203 3471 19509 19478 12228 38761 23944 30816 9825 19992 33816 16679 33686 7567 22555 22935 11156 8416 5640 35386 20990 1865 9155 19531 38401 39402 37123 12909 28732 18135 39798 14335 10327 30080 32294 15487 704 26672 11960 32798 2728 4743 30370 18238 22488 20194 12245 34037 15366 9862 27628 30280 7343 26680 5704 28941
2972 2340 9407 12671 31213 365 12967 36179 1168 12183 2806 799 2271 5026 11126 14172 12044 28206 14422 3106 38844 4055 25634 9711 4540 21747 23963 15349 29158 39752 24680 34157 20676 18298 24948 14213 7216 29037 10225 5410 14010 33877 15704 14882 15720 11167 27747 30233 7359 30726 18640 2005 165 20824 4354 11475 536 30522 4744 17843 30404 25029 32170 30218 38872 30939 10895 28219 22750 29431 22119 25925 2141 29619 14815 24120 31690 22402 7831 23975 22327 18478 28204 11463 13929 33633 36672 38423 36642 25890 20258 16426 28890 25198 26791 15680 3243 31269 5233 18805 24889 21433 17251 36303 26966 37809 31925 6837 25058 4719 12794 15844 11029 37839 39064 39200 38349 11793 33635 12088 21253 896 5421 21350 28452 32945 1837 13555 1655 31209 29405 32062 73 34743 16016 38605 38687 26278 3502 12016 26243 5170 2936 29891 22525 6085 17005 37316 33643 17673 22739 9429 12928 19502 26233 349 9410 2069 25231 35602 13964 2641 38149 2013 17765 32384 34322 646 25220 1223 10793 28023 12990 24344 20682 20344 6594 39489 31331 36441 14535 25190 9866 16150 21600 20860 20320 5582 30803 38775 15731 29976 38933 36534 7170 20558 26362 19172 2492 27678
32135 33498 36157 5455 5597 9140 13911 3415 13729 62 33883 30036 35914 21030 3148 10214 16166 28681 8320 8193 7814 34990 29596 31088 35374 33956 6719 21201 2940 20719 1854 28583 4963 4981 30262 7191 38172 20887 9489 3132 38356 14544 20620 23739 13897 18815 4655 15556 35039 35981 29212 1294 24620 23059 672 12802 29161 6296 2532 27360 37383 26556 5363 30142 12251 36758 36597 39363 37818 35063 15348 23331 7703 26977 21191 32038 36652 34494 16963 4518 17048 32663 17143 28771 33980 35567 233 10846 15343 34334 28226 12912 20182 31770 28444 15171 39632 449 22872 32852 3552 7360 816 35204 7989 18919 35459 14656 546 14324 12342 1539 3655 12049 33958 16645 12280 8133 26274 21578 33010 4892 34299 9010 2248 35003 36218 20429 35863 4817 29008 22394 1652 19319 25340 27375 11593 11073 35903 26951 11634 27396 21252 35845 22395 25753 11857 8591 16830 31923 35387 5130 12354 3167 14904 10607 39471 11583 35766 31485 883 17102 37361 16806 29658 7049 16942 9356 8153 39462 22680 26122 6634 3827 22581 29136 4300 27779 26235 35753 36330 34092 18301 24443 16652 11498 23350 1962 235 34602 26368 25286 38367 11820 30799 16537 3079 37046 39288 17579
26186 38899 2511 19451 18543 23105 39184 15391 20775 1552 12512 6487 33394 7189 13574 22264 15509 2137 16561 19813 37597 21381 4275 39383 15763 9756 2144 20321 20055 32403 26212 13737 22293 2978 5178 37639 32048 22716 18190 19786 15717 38074 36453 11621 14383 10443 6068 19314 35928 29956 7480 30073 39355 39660 39375 33845 37281 9092 36445 25748 5182 19469 18367 19698 10874 29959 31280 3764 16879 13793 26811 12744 37573 3546 27135 12660 27144 17909 16447 8446 3368 14785 30320 33414 23145 32043 16322 8797 35561 3536 5321 19743 33514 36789 36902 22444 12982 24480 7782 10984 16232 13562 17366 367 19677 36915 17766 26614 39079 29354 13984 17099 25891 22676 21096 25378 16761 22686 6618 30704 20276 10795 22449 17656 9445 7024 37810 10081 14545 18111 14194 32257 16774 29110 19650 31709 16825 875 9735 5200 31666 9775 25761 8214 9722 18898 2897 35634 37286 36761 31356 4622 5002 35443 39580 30028 10891 38288 19147 5000 9183 36044 20616 7678 27701 34232 10492 38306 2043 31931 653 7688 35564 35328 26579 7685 6467 18933 25407 10352 4487 24423 7306 9206 14678 38700 23364 17764 30524 17034 2221 11561 13781 8212 26691 24726 28715 36486 20548 10231
11172 34449 16589 12161 24118 37133 30539 33280 26361 13166 33528 37632 33304 3834 39016 10637 12404 24281 17958 34720 2037 2046 3537 31864 23893 31113 16026 31731 4948 203 32762 17153 15279 8680 35001 33184 37949 25244 17192 17839 18448 39574 33519 29497 33969 19685 15628 5012 15954 33607 11564 20857 37794 39409 18649 26367 28792 12423 17395 26437 26350 1613 2664 25228 3936 27224 38042 21674 6509 19251 23613 21975 22518 20308 38902 33482 22214 29810 26797 19842 8886 32782 13351 7705 28441 37385 23327 37985 9744 18252 33179 39860 10518 15787 1583 38276 8398 38159 36197 20393 8286 2319 5458 20133 35891 22942 18666 28763 3728 35574 9380 13727 27641 29700 3641 28469 7902 29152 28667 23635 1876 35435 35593 35174 18939 11520 3210 10442 36509 3901 18213 25806 3002 37396 2455 7976 5114 20045 38947 24278 36564 13121 31318 33952 39281 432 23633 25149 1092 15278 10430 4549 25681 12326 18184 22706 24117 38180 5777 35370 24519 38875 3250 20051 30240 31301 24083 33125 16302 17436 29784 17654 5359 8400 36632 17197 25612 10451 27873 20972 4399 32891 33441 12568 15423 31042 21597 36207 19999 21695 5267 21984 1206 29542 15382 25057 14212 27733 8003 12553
7444 29721 13237 22325 39430 26089 5890 2913 406 37505 30017 35959 3689 8855 22443 29481 35058 10365 25840 39222 28998 3235 27077 5337 4714 9799 37174 5527 21395 36021 1007 19242 39975 18755 34633 8122 21273 32861 28546 33387 3500 9986 12943 32465 27152 1459 20373 33393 19814 10454 17146 11051 19836 9468 11003 33646 678 25068 38770 35964 9739 5061 37617 19020 15520 5308 13272 12337 622 24691 35321 19296 15987 34128 2905 5109 30559 3820 21656 6693 451 9375 16594 17067 22651 13517 14138 14653 7220 9605 33604 16171 24628 25557 33388 36465 19358 37822 18664 24124 39250 14376 13864 23092 35469 20106 16926 39906 12506 7140 18413 1676 39841 32246 5285 30123 23264 8159 23097 9870 30311 23063 21135 24036 39333 33116 5536 20110 14552 29002 12984 25704 14109 15696 2474 19215 17552 37094 35835 26693 11478 18733 10864 13422 38129 11330 2107 32256 34256 33861 31061 37895 23662 38837 6935 3277 13747 3762 15857 6172 36025 15785 37140 36721 10158 36278 34654 36884 13030 20273 2014 16321 25275 2658 17693 18033 4286 3861 36457 25050 34361 23276 3445 35816 31110 1731 22781 32240 32364 1605 6910 36024 10439 3363 37118 79 33993 20367 18356 25193
25694 29535 18729 34825 30242 37084 86 13347 1774 21119 15782 5379 34738 1370 24707 22621 32418 25699 3478 17716 31575 12756 2095 34812 468 15685 24600 28981 21234 22334 35110 35552 15008 30700 32104 20933 27613 5290 16431 38649 10668 23717 24378 25595 17670 222 36121 17400 28606 313 38207 30117 685 3960 39229 4741 12133 11136 7321 14518 9090 11095 31540 31760 2967 10432 2101 23965 37179 30368 16094 7381 16837 29778 33454 4818 10628 1836 30322 31124 19829 15351 28607 9926 8059 1522 3127 21268 21370 10543 32616 8097 809 3676 37025 8939 7942 10065 19068 2182 7285 39062 20776 28268 479 23868 27274 30384 21009 23771 4038 34668 15183 37091 20128 9903 38831 19366 1866 3403 31661 6267 36712 15859 17665 27186 13458 16412 4957 2512 4605 15466 35225 31691 23112 12300 17776 34656 31579 25525 6631 37214 27572 20515 10452 33553 22958 11242 11988 5147 35069 21503 1174 3863 619 36763 22187 17415 4634 3101 36091 21939 19333 12034 34552 31834 22695 19671 28331 31218 31412 30119 18096 24438 30714 3475 24126 6599 24210 5806 34485 27088 13650 6378 26567 14153 12083 7105 12844 15495 29908 23959 28018 29471 35528 32125 20865 13633 33787 31175
15788 32451 30185 1016 27778 33921 14025 19326 30680 34002 2244 581 34478 38039 13299 4535 17785 614 18638 11862 17178 20663 16872 14905 9654 35755 15969 14427 13814 38712 17475 29530 22008 9740 15755 7990 38674 36153 746 5136 7845 10931 24128 13023 7497 14590 4662 4146 10539 12007 10615 21297 17283 18349 28362 21677 25797 20034 28478 22807 24015 20221 3687 20060 3668 3429 21071 21141 21849 27967 23230 26790 28564 6101 17677 5057 6550 7208 16343 8812 38622 32092 30138 34989 18778 31380 39721 29314 27193 19372 28358 22045 21231 2656 30501 32378 25343 30785 20551 26035 37890 8467 26905 28406 27917 22162 17572 36929 18570 39729 26766 18398 37217 17350 21874 36468 26189 4091 23106 13479 24167 3743 34554 17903 15295 30172 38123 17270 13044 19593 10320 8281 20032 14956 19668 15681 23047 39630 15455 21067 6704 20479 35446 37506 21639 24136 21729 22985 6858 28104 19983 22010 14821 4844 14782 36105 29470 13014 38450 21011 35769 16995 30405 19178 30210 26137 410 27100 25762 26722 33752 10127 13026 20327 756 18550 24872 33006 28502 26030 30373 34347 14676 17604 35956 26267 12639 34562 5771 11642 28161 36722 39710 15852 15228 9212 11724 21150 26439 1267
11382 22383 30775 4308 25044 33 28481 36675 7475 10387 3091 10466 34239 4722 9159 1794 5840 6428 2212 9842 1839 30749 13009 28177 29288 29289 27578 26331 22592 965 19329 9907 36628 13498 2097 11260 36992 9029 7158 36816 32152 22492 2405 30037 36895 17512 29035 27500 4780 36576 38934 32181 18340 17597 27428 3888 9757 26834 29961 33834 21661 28943 1278 15543 24142 20898 21577 16836 7304 9103 37551 9648 24488 34591 24919 9525 36928 11916 17841 32016 37353 3391 31424 14528 36982 16738 9521 33818 20722 22160 3912 11180 23038 16131 39901 12478 17317 16496 23305 13524 29255 28977 38828 22432 35747 24684 38325 23645 36435 20897 3120 34794 4123 33015 19012 15445 30924 35343 33310 21658 28821 29879 2984 27243 27184 30845 35949 33161 30239 3974 31823 39117 29241 14019 27344 37325 5693 30707 28119 31972 33657 30509 23100 1824 37777 9894 26141 34133 915 11631 25491 1067 24989 25113 13557 36496 21993 15330 37411 20872 2446 7597 36661 7251 600 1746 7398 15989 14121 36926 31793 36710 18402 13231 16973 31584 32739 3139 36682 31557 1742 745 4956 35477 21857 13158 12041 13738 24219 30934 38782 16236 11348 6677 18161 21272 37362 2422 29738 37496
28571 7498 19735 8550 17938 2081 17065 22631 15702 18665 27981 36307 11022 6892 19811 266 22426 33059 19719 20680 25258 34341 38192 1604 10024 911 10062 6685 26734 2560 10823 32844 22461 23480 11356 36199 24923 5228 17872 301 9672 10230 32477 17152 4024 16858 33440 30140 4407 19658 28713 15911 35801 17575 4349 18707 15158 35246 31100 12103 18816 7866 25726 11060 3843 18685 12813 10261 15609 18091 27321 11673 22994 8668 19716 39830 29690 5004 4888 2083 16034 37337 7363 23904 33479 32649 2435 6902 28021 34412 9144 36136 28995 1373 27760 12534 32049 24068 31399 354 29172 10506 19313 37726 27527 31278 16129 24981 20004 11946 13961 21108 12963 34966 13135 8729 19627 11913 3005 23056 4248 18207 29015 28767 6049 39282 932 2289 14877 32744 1833 17297 6514 36942 31819 13007 15125 8335 28417 11462 26297 31822 28774 9449 1740 37715 8076 9779 18973 21377 37833 27562 26657 38853 14045 33237 18105 13889 18013 26778 30935 8299 34129 13669 24996 16673 29495 3257 33043 11739 9487 26913 14486 17042 18049 15855 39889 17322 28274 17068 18486 12446 17712 13325 36340 2084 23605 28673 29200 3736 16118 35909 24049 29578 3233 13187 36148 1481 15046 34792
27784 26132 11487 26193 12319 37517 4400 16090 13067 22372 7892 17277 625 23149 21198 3055 17385 259 9494 8525 39853 14837 24553 8950 33706 17444 35942 6153 24598 22017 23348 6904 22912 24865 10547 36376 1630 2736 24932 26213 3487 19262 32231 16612 34165 20761 31615 31898 12209 16667 32424 2223 7633 19772 6134 39764 17755 33032 9937 19754 29909 29381 12244 31169 21275 16740 12207 12547 36924 9889 34042 732 6658 9647 18379 4110 17470 33101 14828 32326 36615 24606 38720 23466 38787 38211 28934 39790 37608 17314 21909 7463 12306 9891 840 6038 19267 39564 10546 25812 31699 34680 13534 37654 34662 3492 22180 16235 34914 12134 13983 30197 39651 28281 17216 34661 14818 8820 16474 129 8457 4199 37857 31828 23750 10727 15435 21558 554 32041 4903 14908 33233 6108 2019 24084 26220 16840 7354 19126 19572 37134 39672 21490 15064 9864 66 36697 20570 35295 34009 29550 27675 20413 32018 15678 4381 32871 37421 20361 26888 24272 1594 32603 22609 29013 7129 22565 24352 8749 16369 20171 4849 25515 10129 5760 19665 27252 4162 1330 23143 19618 10284 12318 6472 3346 4682 27979 27516 23081 38924 27129 35667 26956 11832 22905 9114 11565 9222 12827
31336 12384 8341 32716 26438 29628 15441 6043 28659 2393 32939 33071 5482 31689 8831 16055 3145 38928 30624 6402 30839 24421 2217 27217 3204 1870 29029 8237 9703 19708 24209 16264 36124 20559 30070 25437 16876 12748 7436 33804 9574 27056 38905 25284 12442 1936 16404 26750 24933 19986 6412 19038 4505 16596 36154 35675 8705 10005 11404 8684 26241 37634 39769 36783 19420 22172 26524 31576 22222 7310 15157 4359 12000 2098 8912 22121 1470 10306 31265 3761 21289 8475 27573 636 37410 23513 23800 20895 30131 38938 1803 35203 16419 10681 26975 34550 9028 32 8497 20999 3183 22983 16229 13599 23556 11763 27154 2328 24599 9910 31055 6558 1722 11377 28300 19885 8282 6755 37720 12826 28551 36606 4197 9381 628 39073 32971 35047 26245 10739 11013 11431 218 10467 19615 13501 10577 36037 4795 13818 452 23194 29769 10910 26301 18211 20375 18177 18065 5483 15925 30453 11849 20593 16756 20900 7112 36602 20211 27081 23585 28360 31292 14617 26632 22197 15136 30596 236 16244 27373 36656 3922 24650 15633 2678 36294 1022 34931 29108 24348 4597 9247 26070 22424 31048 17397 18037 1132 11096 24683 2963 20667 29634 10630 3460 32651 4566 29214 38779
29539 1687 6587 11479 9107 39570 33246 10166 25662 28958 20632 30163 2282 29953 21008 8080 480 39057 23960 9928 1284 6093 3714 7080 23385 27008 14997 14360 38316 26682 21627 16912 21151 20638 38953 10385 12160 120 36965 14721 23601 17873 6111 27276 14704 24882 8114 6687 26930 14830 12465 28944 26963 21417 12112 35377 8656 30568 15527 8657 764 39218 20296 221 6446 24252 15887 5551 16067 38670 21959 21671 34039 14876 10088 28277 9033 38046 5463 34018 13363 24024 20748 32718 3719 20079 38395 671 27328 21017 2669 26735 34888 27355 32713 5688 7103 2508 29177 34477 26450 24592 13886 21546 34028 39146 26857 12053 32126 30804 32307 4084 23518 4625 9911 24174 11781 14018 10770 9623 18058 2932 26338 32444 20180 26941 24003 3452 30802 35504 24369 10579 2400 25443 12740 4689 34284 20598 7978 28129 17163 3056 6690 29082 11972 37671 5090 14991 32930 4590 2118 5008 22287 4816 11089 28629 10242 16493 9988 16932 39246 21362 12127 17894 14303 16657 21877 6592 2378 774 14491 7925 23515 16156 36084 33296 10204 39050 33581 5246 27290 213 26650 23858 10704 35484 30003 38506 4149 1799 33977 4626 176 19419 32702 28949 22224 12977 10605 27852
22399 31922 25027 21240 18480 1437 29254 30813 2143 17372 22277 27694 1072 39196 8894 18458 26781 855 27065 1628 3264 14883 21127 15187 26697 2489 2540 31383 23618 12840 5053 4929 12018 37391 31012 15510 48 28888 24666 8213 6823 19539 24257 11286 8360 33610 27820 6608 2931 3271 30472 4984 21354 18385 19293 28672 26238 31451 10426 34571 26906 22602 751 1493 19310 28760 38994 39039 31404 2982 25349 23251 1405 21121 33548 5770 20854 33122 25241 17271 22001 30143 24614 20332 7834 8869 540 30929 9552 24372 38370 9431 12686 28742 3638 8359 37323 19124 5032 3916 39488 22346 22900 5710 3921 24268 20755 36958 2166 27108 37769 25360 13982 6017 2250 2177 38194 10495 5955 28184 20183 32144 37090 20289 18838 8628 32255 22876 3594 9778 38113 23900 21704 7780 15820 8084 34338 39810 32707 26592 13397 12623 10968 3075 19729 28695 7053 21077 5875 16852 8600 39902 13296 9984 29401 32928 6255 31775 31556 27235 6845 15182 38275 34367 12220 27716 27052 1123 28171 20706 23789 23512 27412 23602 24797 25002 1678 13245 31406 26441 37088 28093 28471 26917 31130 34339 34748 13742 27743 35806 34996 38324 11985 828 10283 32914 27157 9918 14898 27107
3008 28982 20107 5887 28793 708 37695 20491 11276 30676 13592 12142 11840 1356 15620 12214 25333 31170 24912 31258 6878 39588 38841 9844 14435 14788 2866 19935 19046 32982 26109 25643 24851 29501 18935 1243 31680 4310 22194 8264 13810 8045 24782 3693 36879 23879 32619 12992 28209 3470 24898 24411 9166 28080 21663 38876 21630 2883 6600 18891 39478 35042 2025 29869 21175 11301 3737 1752 12428 17840 18596 37901 35825 24302 2445 12459 21332 8145 29965 25720 6667 5842 22666 7252 11943 37127 29790 36568 19308 35649 2522 18130 10014 38188 18697 11768 30670 31405 4182 28212 10989 30439 39805 32787 18853 29838 1094 17486 11101 15566 39232 38117 32269 7131 19187 36437 25337 2789 37897 6379 8650 10911 12795 15921 13790 25293 32586 15934 24052 26844 11143 8674 13921 29602 30023 28736 5723 22544 13827 8968 33195 19694 3634 6625 4531 19605 27781 6821 30609 9535 13204 9171 26194 38683 33489 24060 19767 33303 29993 39607 7270 15052 35866 7721 16771 1348 33384 26690 32186 39265 31369 3723 27147 12863 7988 12323 37047 6253 33565 28871 12687 8623 28777 32011 6257 10440 29510 11205 2916 24429 9561 1626 9154 28990 18616 1901 1139 27183 24013 37447
35648 28925 38958 18946 33287 32958 19684 5254 18132 28806 26900 23782 20027 33722 32635 23700 13097 27357 2924 34356 21825 2529 31234 31082 5409 32219 26586 1554 21700 7709 33653 13036 35938 3081 27426 31266 22185 23072 22579 20118 5038 26618 15282 36026 14630 21380 35302 104 6354 37238 20224 27797 7406 34963 925 18215 18043 29594 25148 31658 6133 32692 7034 8963 3296 22633 22978 23499 23708 26812 14744 27592 36178 11147 13826 19306 34948 27818 18042 27543 4398 530 33520 10729 13734 16588 22033 25397 30669 23036 8867 16102 36526 31202 18107 23861 30592 16941 15502 33988 21773 38023 35391 18324 22142 768 31955 25946 27271 32633 39427 4913 17340 7789 6186 19416 3633 26769 27042 28686 14824 35666 21764 11250 22583 18830 38599 3498 7090 10427 35493 5112 36919 31221 25584 23686 9172 18127 6490 399 13867 33559 28122 382 16327 39326 38373 18216 20236 22355 29085 10106 37853 16616 21664 26446 34437 30846 24137 25788 37578 32149 35893 16637 4978 23001 11810 34358 20400 36584 25067 22246 35709 2071 7369 734 3987 2775 18841 31764 9640 18937 14764 35353 21803 33666 14059 33679 37583 14253 36134 25747 13569 901 6136 11808 4873 9765 24489 12717
35594 22672 37838 7759 5487 6604 22101 29543 14374 34244 19512 21992 3717 35771 35216 20666 2220 15127 34653 3686 19154 37406 32175 29475 35177 12417 510 22353 13987 27094 5855 4085 25279 17967 19082 13674 35090 29265 9175 1187 26219 6451 17399 23280 32239 8905 5719 38717 15529 11715 31843 4119 30202 11863 29783 8652 13532 38252 18932 18081 12232 10042 4676 39419 39586 7699 19335 13253 15264 31643 22223 30600 21419 29728 35717 12330 9141 28419 5675 23288 23510 31607 6605 8642 28265 19848 20711 18641 18019 20554 37866 25877 1741 19959 15700 23370 30237 15252 18568 13838 28197 19156 19460 25609 39740 3168 28687 25878 17651 17159 34559 12290 37478 7137 3519 1942 3305 18574 9680 39640 15842 20814 15988 12862 36983 6895 7329 5547 19103 2468 26 35442 34222 6981 30949 10001 32388 13376 19888 2371 14636 27082 16304 26544 35708 37780 15741 15665 6820 15371 30255 24813 13950 38818 7571 4052 33379 10326 26497 24902 28633 3932 9965 8991 37572 18098 36735 18722 18396 16303 36213 11838 8271 1542 13228 30800 8862 4658 34463 19224 25647 4484 1059 25150 24757 2058 4519 35897 9830 17996 34417 17438 31101 15128 9149 422 1498 14706 26097 21592
37674 17852 28180 31137 8374 34561 37489 38916 37881 25803 31751 13786 10533 21018 26318 15311 5531 7779 23870 12054 19659 35375 38910 25452 8292 22808 21739 16401 17661 24199 36345 2563 17215 14344 34011 14803 8772 23626 9403 31672 28182 37636 35570 22833 6567 22241 11447 15645 32191 35785 3927 13268 8054 10522 1608 9443 35940 36825 39597 770 12430 1028 10307 2 31546 34870 7537 14595 25686 10007 35788 6374 13743 15866 32495 36916 30586 16003 12079 24633 4542 8837 22620 28904 23304 35358 12777 34362 247 35464 11200 1744 21461 1844 5213 36623 11858 776 14425 10146 8589 3088 24158 351 1055 24513 25094 28050 37440 795 26824 10215 20022 37942 33468 36131 24239 23541 38699 17112 1286 38150 23457 16592 28628 31512 39987 31718 38257 19223 11255 8216 8967 16627 23587 34627 33400 34422 8015 3314 39368 8870 3710 128 4205 26868 21669 26922 20031 20035 7164 9714 19695 36070 13368 37974 10751 25095 32320 37162 5534 35452 24271 11623 8337 13002 24091 12871 11647 29675 38915 12468 28077 38507 2195 4498 34876 34420 10312 18320 8156 27867 25544 24745 4276 18223 21265 15571 10020 21486 39624 5520 7677 27343 9398 30508 31058 36610 19761 3977
31377 2765 16031 30177 34620 38029 16111 26740 26386 14077 25886 29101 9598 32182 25933 10358 2809 4068 21475 35028 2524 21052 15068 30896 1636 34395 22648 31047 193 22397 4584 6413 9566 10818 27415 20995 20681 27554 14522 32673 24215 33611 18941 2788 30466 38713 6839 23999 19989 30162 10641 20704 29528 21672 34722 33905 33815 34611 4609 38386 14127 28835 4643 15895 14596 11530 26071 12684 1024 6932 37996 26291 2832 34703 28202 18237 34520 26266 17466 11480 10274 9633 401 18153 37977 33471 8973 33491 36385 5041 4865 7286 36080 33566 9503 9957 8903 29036 19692 37899 20245 1474 23787 21331 12062 27866 35799 33800 23980 1994 26938 19298 16857 6848 38696 22663 18827 18648 12832 7396 29252 1193 30860 21054 38495 7778 21896 34693 21944 27561 10083 3433 37237 34975 10655 6242 26744 9691 13681 28429 23322 6318 25129 14274 6140 24125 10541 25139 11910 13971 5493 25508 35583 15408 9231 424 2114 30325 6681 25126 12966 7785 7650 18990 35096 6772 13935 16787 7849 28510 1364 2397 37662 39128 27437 12021 31754 16604 7928 34928 1084 4779 23730 33810 11466 17391 8667 4145 20216 11132 24503 8951 36482 26500 9927 16032 23869 1250 37087 12545
24110 54 39028 24505 21535 71 7900 34353 32094 379 718 8034 24131 27800 6258 2557 11123 15061 11059 26342 13041 2341 2654 28224 38603 18541 1089 2737 18880 31836 762 17863 26982 32990 34499 26866 29682 27819 31779 4050 24140 27244 26381 11648 30718 6159 11975 27034 3674 39546 9564 14550 12075 27928 17075 19455 11711 6366 31734 23638 21125 26570 1720 10642 38733 26365 21447 21305 6209 38287 24368 37002 34055 14944 39027 39452 1675 6525 29411 11302 15214 31162 20726 14476 30613 31915 11753 9955 28394 23781 37287 29828 38538 37637 39187 2131 4413 29361 38858 35859 7681 34877 38658 2870 9979 39090 13124 5579 18333 14964 19295 4318 7643 1355 33590 6953 11 10529 27083 20982 1806 34392 33911 8119 8942 18757 742 13611 8429 33699 31736 4133 8671 18509 29616 26490 20889 9772 31746 12767 25109 14520 16207 37629 11135 39266 2786 23880 11386 36410 11830 38448 15402 26352 3915 38950 34916 32406 13514 114 7339 19070 4861 2668 35208 25146 1349 6777 1719 25297 20340 24789 10658 35359 30446 25114 12052 33681 12655 28497 11658 28079 33026 14648 19646 39971 38826 9751 14930 17731 29585 18547 14136 36753 19578 10561 18610 1995 27758 3575
15917 15493 34543 15453 33704 33692 17167 2158 20818 7841 4440 28445 34386 3223 30719 7085 8407 17269 16613 22050 1023 35591 33061 22884 29895 31679 26105 881 15250 35494 23733 27842 11664 15973 35351 18119 33022 2488 15001 8346 17624 10130 15057 24012 14024 30755 31022 2901 36011 34275 17190 8815 16662 358 1895 28105 25975 19498 21200 29693 18921 31308 16895 28116 31008 14838 30878 34454 22667 9367 33002 38790 29848 4736 27251 9771 7610 37607 10090 25116 16517 13942 25866 827 1957 11907 30065 30389 18878 36848 16519 28175 5448 24504 21872 39677 33110 33415 18590 22611 33131 34893 20247 17790 10092 20691 6300 3236 26258 18035 21498 36922 6676 5674 13373 33481 13322 28539 21538 34843 34101 13891 25184 37940 37344 34434 4721 37731 7402 28839 23910 14341 39613 29377 6860 28486 30166 27987 17284 1570 29446 28309 8141 19017 39681 37006 27376 17997 1551 34712 21257 27557 19018 19960 21702 9736 17788 39715 21183 14083 7452 6780 1400 21883 11456 33738 27670 26261 3442 34173 24287 29630 1654 4459 8802 3169 17201 3136 11693 23461 16585 17218 6389 21982 8874 2334 39121 5706 39886 26229 38659 38425 16752 16211 11891 23853 20594 27697 2477 13835
14039 24584 16192 26366 2276 657 37747 11618 16317 18004 13855 23484 16007 11496 30462 35309 10532 30457 34441 4299 15519 31870 24350 24776 37228 21828 32502 13298 7433 11558 29794 26957 19519 9855 22044 4124 27533 17828 1401 11870 12775 10498 18591 6840 7167 17106 32975 30265 11303 28813 38996 17568 13279 14296 31151 20630 16692 31307 18832 29860 5208 3212 19755 8659 6130 19881 10602 2717 10971 29052 35559 14448 33500 12695 7234 14088 23576 10842 32700 27445 2643 26163 11304 9326 5511 5523 16383 32491 30423 34772 10423 35097 16690 17417 24433 21691 18241 16471 18698 13482 4895 37001 22423 6744 18996 14805 31217 27011 24300 22504 33181 7093 6121 32862 13492 24486 26884 29159 15155 34085 39743 10587 33483 8131 1947 13467 33522 34937 29654 22009 39693 31588 23984 8808 9616 16711 14931 35466 27341 18961 32691 38132 2987 30638 21941 27522 2666 38861 17526 2441 17467 36730 30663 18201 1430 24501 7530 35997 16634 33185 13830 11533 37519 4768 9629 20624 31681 18741 8744 38752 29617 28965 20782 24818 12479 27127 39150 9218 38405 39845 1408 28680 33360 17074 3270 17663 561 33152 14455 20167 11359 36559 33571 6808 30548 2900 3978 5137 29711 24319
18360 31859 6785 316 13311 26520 30046 23399 27674 29315 28338 17702 19527 31855 35378 9384 8427 27821 24075 30000 20122 20539 14593 16558 16357 2896 30004 5289 38470 6609 34533 15601 22476 17757 5146 1807 15098 29587 8721 8409 461 33718 15305 17278 2819 24305 32411 18220 19563 26991 16110 14926 11385 20468 17890 35980 2724 33575 3755 7960 1003 30724 28422 26843 14216 33413 27535 22329 15623 25473 32299 15808 3868 31189 4529 26606 22809 32961 28712 16112 24688 33634 11313 17156 14519 31984 8633 5173 18907 39734 21956 23811 18789 14591 656 16843 5062 12003 11757 26880 6248 36002 30996 18576 32218 20588 13365 21452 10934 14424 30211 36456 34192 15683 36666 7775 12067 35573 10084 19449 21995 2185 11093 5140 9942 38452 14269 34163 24859 39131 7548 27302 17803 19838 34884 33873 2347 38695 2362 38052 26954 37828 4003 9094 3265 25425 6006 25162 28130 21933 7028 34921 28807 4022 29399 8355 16745 8135 4402 25476 36706 32306 6205 30885 19920 15597 20549 39690 39020 21957 8192 17234 16223 36274 3942 4027 7045 22893 21873 32222 830 1787 15822 38921 17522 29858 28296 4486 7008 37744 10241 5533 33669 27735 16727 33357 26270 21139 16909 18747
20602 11342 32913 13515 21453 27953 27739 37256 4980 8948 1953 29194 21260 20347 7996 22364 6517 34531 10135 15929 10357 33524 15191 4020 33216 35615 4245 19218 27975 33129 38198 24956 14920 4660 17773 22842 37382 563 26838 7265 39394 3426 38338 8695 18011 26820 3583 30460 34845 16575 8206 37169 39151 27050 38255 36033 14317 13266 10966 4925 22810 26399 16685 28878 6244 35777 12699 8331 9083 9480 22285 27458 34819 23476 28290 3698 31805 34740 38682 36974 24451 23636 15693 18540 7539 3528 20025 34546 39952 33556 2040 6657 4573 39836 17451 25807 3908 18334 37651 31920 30278 6948 13713 11794 14769 7091 25814 34468 33418 3653 32199 30475 17203 2386 15369 12194 1695 1052 13801 32017 11008 31570 22949 32063 22139 10232 32365 27723 22063 22230 19196 34878 27911 240 37107 12158 32039 25951 19843 18859 13896 1564 34052 29603 23746 23561 13842 16868 7649 18821 32051 209 33932 8529 3885 7479 35265 38705 8181 16846 38077 6533 2072 21204 13726 24016 286 19204 21039 8092 7248 13353 11503 34320 11501 22200 34436 33717 32281 30236 21789 1931 24753 36108 8255 8209 20756 11300 20390 7948 38672 23757 37741 17285 4097 12057 18793 7747 15724 37151
29320 14355 4947 16390 36727 22927 6506 20848 31566 37982 17985 12870 34733 4385 19915 23033 14272 22002 24624 19507 21794 19448 16411 20712 20687 26527 5962 38372 19198 31358 24108 25070 534 13404 8408 8240 15611 55 3592 13807 10008 21878 16281 26112 32493 5288 18977 37444 1419 11474 17398 18810 13494 31355 35844 3337 22736 18303 4931 14000 29607 34407 21205 32479 9234 35900 17584 16296 9863 30410 8241 35432 34522 33650 4759 37137 16886 39551 34814 11099 31482 15992 35878 37900 17286 1303 24897 2921 12852 18619 29503 18188 22295 10932 12923 26208 26598 20201 14720 169 26237 14913 38949 27352 24033 12816 23447 6623 5286 29192 32989 21583 33857 35912 30950 434 30728 28048 9676 14761 23434 39300 34764 15073 23043 23377 30550 15818 14328 36591 34069 6439 3129 22411 13981 17539 9350 9297 6071 31673 36374 3708 249 39099 3319 16405 32427 17295 38558 9121 14271 39709 24704 6929 22471 4117 2449 37181 26487 7576 35447 25348 38792 18577 9346 35331 23003 9592 15167 34319 34181 36593 3730 23921 4035 36549 35540 33732 29419 22943 22013 36438 27035 17999 29383 37590 21862 31667 7155 30409 19316 13217 32235 31504 14570 29268 33711 35488 35240 29644
35496 2139 7391 12528 8814 9435 16374 22696 23002 26758 32400 32791 2649 5698 20059 30544 2774 35937 7596 9475 5918 34587 289 38348 38202 11070 38930 6826 32012 34062 10051 33897 13362 33924 32811 5028 25127 9079 39882 6989 7394 34349 6668 19673 28677 28136 31078 31274 4653 29278 21784 34642 10206 9608 4004 9097 19225 8473 26494 20714 33949 18365 36684 22257 26363 21279 132 34159 30572 12847 9949 3378 29824 17678 11737 21277 31677 25036 16063 37733 287 27764 7830 760 4014 9956 11460 15398 31433 28721 2302 895 7973 7115 395 12843 9510 29756 15516 30769 4791 17616 34758 32369 35400 21007 9335 17743 3481 14759 21323 29296 33866 12015 12435 7932 2714 9347 37730 4042 4905 20352 19113 37061 8110 3166 29458 35586 16534 5263 13219 37280 11297 6092 26561 8799 10922 26086 35971 29960 36205 8073 9053 21584 32425 7527 8180 15733 10758 5990 3690 22975 30786 37502 20921 36819 18632 32025 8549 6078 19733 3818 16700 21116 17557 5832 28661 4864 2239 972 19340 28624 10995 25848 9901 19378 4989 22921 23225 31086 18489 11320 35356 12056 15630 9746 7768 33160 32646 39633 1285 37357 23061 18721 35138 22903 12125 8406 28670 11651
15972 10044 33075 2698 10526 17349 31057 21961 35677 17980 17160 30703 9170 22258 3018 17199 8883 18687 28952 22526 15939 2096 34681 36466 27409 28000 25972 16961 17177 22151 10191 6307 29046 35080 29410 25277 39621 14351 33762 4688 7016 18093 12633 29417 39516 6403 18287 14961 38104 12274 28761 21921 4337 24909 16705 27256 28980 21364 5408 11908 22559 19129 473 6100 569 11354 11894 35168 8626 32471 34031 16205 21610 1038 36215 18487 9802 36550 20513 36041 22140 36150 28110 24724 20796 8344 12555 21633 15748 25821 17450 28707 25352 2911 13750 29462 36313 19190 22588 30091 33583 32139 25879 26290 5082 28329 8640 14601 21593 21730 36426 32414 28252 39526 20016 8506 29102 23170 21868 22947 22512 25168 30029 1292 39957 39897 6988 2603 38355 20994 25351 22126 5342 19071 12217 12615 35544 32243 30330 5782 5586 35180 23287 14555 17614 5426 26357 37176 9399 20263 18763 7563 9628 11490 714 30753 39180 6874 18611 15963 4461 38883 14201 4588 27487 787 483 35808 18539 38582 29829 29827 21588 17738 39796 27167 36100 20338 32684 26641 7589 25582 3754 21681 6112 29218 30483 34637 11396 39913 5724 1258 25949 31443 31708 35635 14760 23928 31159 30766
32484 13173 7904 25618 9017 12145 28015 364 35647 18253 18036 7317 8277 19616 34411 35195 34091 26283 9460 15303 25930 25522 30920 36794 20168 32879 30871 34827 9583 15779 17821 30639 18923 216 16188 19603 16116 4249 18222 4238 37965 7670 2810 38403 37929 15184 23363 34911 6453 14336 6156 11630 29027 5881 17129 16293 19249 8168 22953 33036 31161 38648 32157 9697 24222 21263 568 27680 28747 27588 37625 13499 11741 25897 13419 37104 25986 20143 37804 3826 11055 22015 30315 27668 14325 10507 27548 26624 23815 34264 26883 25225 26031 23951 35041 10151 22350 28832 20047 7389 15381 30560 5249 19021 27817 1939 15407 13673 37250 33077 8924 29397 17754 28279 34867 17130 10123 35173 13304 23191 34978 13856 23592 20048 27828 24843 11134 20856 15880 23905 21670 22950 11615 22043 35046 34135 16582 34096 11113 21761 11716 1368 16381 21915 2577 24784 31090 37028 34246 12004 23802 12667 321 11736 17373 14013 22100 32399 2370 17705 15467 11568 19759 34547 12410 38571 15835 34201 1861 35070 30013 35640 3503 21382 32178 15109 32896 1975 16077 25289 16011 37675 22718 785 16499 36962 28413 30551 30582 36039 18631 24677 36226 2381 32686 33801 21786 2358 19099 11469
32183 14197 32752 19255 26622 31571 23366 12202 37781 31391 21996 28479 5099 30352 14618 825 22023 21638 11248 19331 24080 30055 7144 24054 11445 12283 18905 23313 163 28608 1958 36071 22098 18954 33558 34502 5939 24613 27332 35220 36341 33337 19820 19928 32102 10540 31379 38083 21838 28377 12010 37059 16891 36614 28886 22310 27848 21351 21950 3417 12348 4491 9296 22232 38455 23138 6385 20044 12321 9281 26949 8317 11611 8348 2366 39029 29950 25257 30412 318 15721 38419 20470 8791 5381 3585 12876 10479 5252 25480 32470 25287 14463 37338 3542 9967 17255 18922 7279 7408 39602 3348 15405 23642 31074 30820 18972 21866 35918 20987 28678 32080 33312 17338 9701 13978 4439 21708 24926 35073 33096 7417 21001 39148 26501 35482 21261 4421 16262 35406 37064 19568 6606 12835 27349 34370 17690 24097 12327 14014 34574 12102 17230 1531 16815 3418 15764 28446 12902 2216 9502 32140 31660 29853 25213 19259 20345 7505 24903 16424 38291 18738 17578 31128 7196 38408 19604 28411 17290 7615 4474 8560 17001 21462 37700 33615 23340 21414 18485 31860 14471 11659 1764 4333 9025 34328 38263 2647 17805 12474 38891 3840 6775 24092 29233 184 26742 30739 6944 10634
13107 28297 1682 27010 21717 27278 3949 11122 32927 21793 24135 32176 35307 36162 21158 7365 25327 13336 12831 36388 36155 11309 30182 5210 6539 33712 17679 3362 12356 36159 29318 23764 4894 37255 4338 20832 9055 26425 37729 4092 16542 13159 38846 37457 2651 5966 28157 14246 4302 26915 28492 38655 10209 39158 37938 14371 33225 27869 29178 1135 12105 24021 36575 26864 28215 6787 24697 20542 22732 33788 4311 33853 18038 21513 1010 25758 36123 7894 18769 25790 16801 30652 26271 1077 6502 36529 8276 1012 663 27861 24298 5369 20080 37197 3090 10980 9720 15885 12032 35230 11283 29844 7215 12632 11667 6350 13320 32261 1770 24526 14466 27513 35637 14069 28431 19886 28482 23607 15041 25619 36849 24572 13348 10960 33342 16889 17419 2723 11772 23133 33118 30621 23744 9667 34968 30647 13418 34891 18359 30643 37015 29899 26239 24166 35962 2622 37535 39277 880 6746 36063 18761 21082 35068 6549 39908 4423 14580 9518 26009 23616 34444 994 9034 5129 11272 14330 14947 28717 8654 5643 24184 3873 5279 23190 22345 891 5191 35134 2136 18459 25625 20955 26526 32517 5277 13221 15092 22062 31236 31343 5677 29511 11884 17940 23481 12167 37963 30882 6563
34932 31877 30082 16242 4876 39747 37239 18989 19011 31498 12243 11351 31817 31219 15449 13945 32722 21561 30727 24370 24780 38803 13005 6022 32653 10829 32683 32658 757 9273 6852 27137 36904 29729 33525 31589 31148 22772 15216 10696 12899 16948 38365 15814 33248 16397 11798 37491 19984 15242 25719 12329 9947 36384 34492 32096 7018 24445 19657 34134 17715 8132 20913 11883 9395 33064 26935 30606 26891 14227 4545 17445 5368 37433 26950 15245 32578 17179 31966 37471 16920 36644 32265 17404 32836 20229 9423 7882 29180 34249 14404 26409 14621 5733 24522 10103 2240 22052 11169 6422 10821 15916 26609 28507 9266 25775 13789 21699 33940 12218 38232 24026 37173 36664 3244 32610 35894 503 34114 26474 23042 19619 29969 20391 33731 24795 18158 4377 20845 7585 9130 27097 17703 38022 12394 19936 39593 20828 13563 27590 21800 32771 20006 8857 19808 4125 36209 11543 7311 27791 33250 18892 31717 4283 10890 15460 1548 2665 17853 12605 8075 29290 33918 26039 489 38227 22562 37413 37927 20120 16504 38426 2585 26067 37278 1660 22615 25217 27465 21814 13490 15086 25960 1935 11004 17428 12154 26192 26488 6854 4801 1211 20241 7397 8543 17804 935 12481 39653 39253
25227 29656 25278 24556 8186 14347 17975 25098 3366 3170 1219 22066 31621 36028 4859 357 19025 307 36479 25016 37295 18847 36976 12848 25130 31411 25695 27146 18723 3938 25855 28992 14488 34023 2251 17507 9457 15225 14164 37011 32015 28780 5725 33931 12857 12861 25122 23550 35919 38755 30696 14980 33021 23577 16864 23095 21022 10237 22550 36449 26739 9763 21343 14784 24580 36741 25163 11680 5418 37672 33450 1814 35515 18991 25996 22131 10189 15027 10190 36017 17771 11108 20108 2636 14509 20165 38970 10389 39436 8538 3957 28456 11880 24190 24573 4011 32942 24371 20835 22576 13654 9134 5211 35936 31076 39217 3150 7071 27322 12279 16071 1956 11678 29592 19186 3469 1868 37145 8431 14044 30984 39278 10524 21294 18259 38967 2419 3625 1350 17849 15217 5759 12418 9690 39124 36092 14242 3895 8826 485 21723 2285 30538 36390 29540 3570 1980 11650 30124 26779 20124 1397 8743 7536 25830 25928 8002 18368 14967 11754 27802 20528 25706 27430 7556 25507 39895 37678 34977 26015 5139 25219 38089 15010 14692 3123 19006 24094 10351 16620 33511 11208 34279 10017 27142 23926 33045 38235 39890 33245 34811 39447 16505 32547 817 3752 15862 32806 10372 36436
31976 35197 34255 2709 9591 24850 27 21058 10894 2062 12376 27761 31732 6580 26402 17855 2648 22127 20138 27736 18579 30575 5718 8198 20443 19681 36350 29549 7356 27246 26248 21438 15015 32422 6526 16332 11256 6699 4671 28168 27913 26994 33319 35332 24658 27479 17887 6091 20960 10768 17800 39993 15816 30847 19345 11071 24351 10636 4104 28844 28892 14735 14820 9962 33282 23394 8325 23181 6308 28597 14585 6110 24159 17595 913 30578 30993 39264 9400 4383 28898 39337 31500 31422 29633 18389 28352 35112 5879 14377 19057 29593 6189 14208 24499 8298 4336 8918 20406 38105 33985 36830 10217 3940 34099 21745 16746 24814 17429 31333 5650 36631 7711 22910 37376 1282 15682 38011 28248 11049 19922 9116 39166 21683 8676 35136 33396 16992 10812 30223 5383 18724 23688 38096 12575 9111 21284 12285 37441 38463 34771 28901 36808 29509 31630 22434 20176 37142 1765 28388 11246 2625 3620 17505 35405 8230 220 30261 15743 29855 8278 18001 15962 368 9470 16691 20141 340 2238 35498 35775 4404 19932 39176 1668 25530 30181 25355 35414 37336 14946 35224 5156 38062 19110 36010 2030 25263 10765 29106 8063 28312 3449 1199 16626 30217 7991 39322 2490 23631
6109 3281 35792 16165 7656 4095 36220 34161 37831 15530 38304 4891 11699 34840 31026 10353 29929 25913 20387 23050 16306 4754 21682 11505 27943 6343 35067 2889 35580 33247 34731 14666 8975 33632 2986 12942 27117 244 29564 5305 4030 26678 12402 39181 32597 32585 14319 1462 34583 29692 36925 21487 27962 19180 16974 7872 19628 10612 1461 20545 3267 984 12256 2473 19967 33505 1305 21242 28432 23540 34883 19887 10715 36551 9976 37378 34853 387 38529 29541 6470 2041 10553 14027 19538 23994 13915 24657 9846 10610 14559 8146 16252 38026 36649 10551 17117 27480 33945 20490 17370 15180 27111 18300 25288 22074 30982 27980 391 35841 47 37991 19330 15260 38245 29955 37915 23721 20538 37315 21607 8570 37065 35205 8535 15249 38492 31469 8357 13399 14277 17406 16528 24893 17865 30978 16560 15037 9045 30041 10624 16048 26995 38476 7305 15007 36986 16350 8393 25205 403 2999 13890 17625 34405 2333 33710 9173 34780 15299 17307 26310 25429 21213 33859 11945 32851 5739 29797 11779 26482 14368 24399 456 28710 31037 7916 36241 34924 16964 2263 14149 24812 33353 2760 38079 20931 26427 12608 3232 27063 26393 4945 36955 33617 18352 37868 9688 35920 9899
2242 20869 36779 16406 13748 25376 9408 20963 12087 11391 37438 8510 30791 15874 23338 23650 7706 28133 29465 20252 10814 39885 20090 11347 6655 28967 8599 21612 37739 18956 25657 15425 21566 32168 4748 10070 28003 34652 36525 24482 319 3522 34228 35800 22417 17013 2068 25545 28276 14285 24112 24041 8172 39044 13816 27805 24739 32678 20410 12678 25428 30318 12457 34959 34329 13183 28971 19609 33828 30209 20502 29600 17331 4265 26378 1932 3735 31624 28730 9213 20330 34316 12395 22685 3512 3080 27923 23317 24866 10570 19078 17246 7522 28026 1046 37168 31851 14737 6789 33606 25331 18202 24735 14250 39051 31328 22090 13740 26481 30773 2454 17360 30437 16241 28550 11141 24822 9685 30517 22263 27080 35643 12187 9929 28999 19728 36290 24911 15591 1879 35293 20830 9972 22726 24627 21443 16832 24148 22867 5716 25684 14040 23801 27912 23971 39086 9345 32793 37925 13075 25306 22475 4926 21126 21397 11671 37750 18481 32019 11202 876 6641 19958 27945 14211 6633 24779 28200 39177 36914 15346 6074 15332 4345 9294 31971 14068 14724 23774 13486 39362 35159 8439 4271 17227 3443 10199 21854 25883 26154 13591 19517 23472 13278 22634 4135 22813 8505 11417 10097
31811 33821 12455 39815 1716 39168 18228 7599 19549 8699 35433 36095 33737 5015 22437 25859 25169 70 35886 1034 13294 8901 14380 748 39487 18899 10879 16145 3526 23431 39484 35996 19413 37740 24632 9344 10504 13176 5481 22847 19361 21624 8546 34776 18204 17617 7914 21810 36031 190 37100 11871 28303 11582 25765 36977 30097 15798 6714 8228 28582 8501 23560 19480 2813 37264 13474 28186 16114 27969 36708 6873 8727 11341 9761 26099 23890 18603 10429 13364 34763 13712 13691 14261 32538 16263 4466 27482 5827 38827 17586 6417 13765 28974 10174 29182 23953 2702 17835 23026 38651 4991 36047 26925 28649 8698 15876 12335 921 18255 11109 21853 23184 7715 908 3731 11012 6072 9471 30911 225 5968 9695 4939 20041 30126 11083 35732 20526 7337 20282 36784 7645 24954 3673 35898 28267 33994 24906 38541 21244 32420 18636 33927 38075 13031 6457 38216 18720 37371 28472 38791 9626 21299 238 23711 21780 23127 21424 20749 23451 30183 5019 31918 1778 26296 36516 19470 9127 37388 20590 37128 10774 12991 11166 13809 37541 6735 12305 17898 14268 27649 18858 8288 7671 32396 25771 9305 22070 5431 1900 24217 8966 24546 1944 29326 20056 10221 21641 9895
36870 34728 23599 21901 6928 37767 17533 7523 20466 6377 32232 12253 21631 29049 15542 19287 24772 9758 18983 36351 14307 12265 31981 31259 22990 10548 34270 26828 12042 21532 4577 29515 25370 36552 26729 27121 37887 36417 16056 37824 25485 11576 26947 7608 3381 14708 29083 39920 21722 9725 28291 17862 31197 4416 21969 15130 13624 11412 19318 35098 1231 26664 6027 41 20447 7992 5747 33856 20114 2464 36208 32347 38789 1579 16292 16481 25577 7702 32534 24211 23376 2581 19705 27601 14412 35077 26833 14426 27569 10656 24747 20992 17495 18887 13513 35608 11937 19015 18009 36788 22038 28609 25734 9579 29129 1724 2350 14043 4177 23947 4151 23866 30020 39534 4200 669 28107 16337 7737 19680 19111 1647 20954 39657 13350 32703 20123 5237 32262 16875 29348 13968 19624 18085 10494 857 35836 2305 29305 24152 23507 4287 1457 21034 5568 24087 19672 10788 17995 39125 30279 4247 893 7488 14751 12932 16559 39251 9869 14063 37079 35301 10121 25911 8058 25252 33291 25235 10904 16196 39075 15471 306 14329 21429 27795 37576 7275 34545 30284 737 13973 7006 14806 31563 11448 12143 27342 10257 33645 14510 39999 4224 27690 24322 18047 13341 22923 15003 39493
38650 7399 4943 20637 22984 12910 9865 3586 369 14147 39138 12477 7767 22782 38131 29763 17787 17799 21895 8208 39292 39006 5829 18123 30215 11592 15518 5946 13442 38726 35694 31439 20911 28660 4852 19760 31464 6188 30104 4890 10834 5315 21932 21642 37543 8612 39529 26416 14146 2888 13394 30943 727 23656 12974 19641 20906 38241 3263 3945 29064 21426 1617 34363 23929 3988 3203 8972 21796 11288 13839 28960 12046 3617 13092 26887 37045 26321 37864 3878 17318 20244 34658 33900 16253 36856 2480 11675 19292 1339 11088 28283 17530 11622 26611 35978 2460 3822 37970 39900 4838 36373 39063 25948 36056 9098 22097 36751 28927 37832 20659 38498 32158 2487 36472 951 7151 29958 21161 27688 34950 11422 7923 22869 33469 11087 10085 39298 26575 150 24100 32627 19504 23339 1749 5313 3173 16425 32956 36673 22970 29661 39272 6113 21280 8856 3424 23630 29975 1389 18428 24725 18775 17063 974 36096 13604 31696 6314 33780 17200 39081 36699 11747 22144 25517 21000 36191 16896 38028 24596 24549 37223 15152 17879 124 17390 7518 15653 5802 17237 25645 32685 17287 32336 22628 21590 17926 12681 626 6432 24038 3116 3783 34176 11015 24122 38137 39828 6949
29384 28372 25369 8508 28292 36757 18474 33819 39224 19201 9495 30307 20033 35858 16572 20157 35258 23224 26529 30193 4880 26415 1131 8217 25920 18282 1314 37910 19745 27891 33747 23222 4589 32434 34326 9453 23159 31035 29786 4558 13454 10523 25808 14856 1164 6227 24434 32487 4108 37539 5963 17529 9241 11796 7233 14536 18083 16046 14215 36839 6400 39899 39811 1771 9754 9938 807 5914 29831 28114 33935 22840 17454 21637 29126 39748 527 29112 17989 31862 16036 8 11366 39461 29741 33226 38340 18422 8933 37253 6193 21258 34644 30505 24995 9260 9179 858 26360 24418 24472 4642 28476 182 18339 26156 37872 3637 26124 6920 6165 15801 36365 19053 1726 20029 9248 29151 2561 2807 23597 33531 9180 25273 13947 11305 10509 7172 19565 23116 13172 14379 36001 23840 11963 24254 18512 10259 16569 18332 15032 10502 19193 25701 11222 18299 26780 13254 36354 35896 7786 22811 33344 31505 34964 19238 14023 5522 12504 27582 33879 112 16014 33579 5128 6449 6025 21249 24744 28528 26756 35431 32808 28061 16654 24104 35011 16467 10808 21081 31185 23082 7821 29429 9721 24435 6644 18856 38862 27216 1501 14222 39341 23534 26426 18837 16822 10400 26530 25604
11175 24980 7320 3746 36203 12875 31002 25457 10599 4143 18440 6726 35266 28968 18843 34872 25608 28950 32106 18102 12338 11314 25687 37365 3138 10194 5260 3759 38923 10747 20778 17332 31625 31163 37423 14899 22500 25714 5021 19450 26617 28868 11776 2357 60 6083 39664 24765 10745 6395 22626 32283 32462 39164 18317 32883 7949 22255 16506 13616 23888 13775 26056 32112 39992 17276 23372 26190 2571 3137 33066 24181 2748 31720 12346 6766 7228 25716 15105 18166 33760 35408 31275 33858 11771 16849 13203 1291 26901 10258 37756 25676 1442 6759 15658 13551 10798 14410 39939 21132 1828 38620 30988 35811 38814 24509 18369 16733 39373 26907 37684 36863 23207 5740 27236 25195 10949 37657 21366 29437 3709 38680 28789 30195 32590 20333 157 29175 22848 33973 27974 33285 9008 11676 7375 34841 19233 17809 22175 33637 20074 32976 4646 33775 30002 35311 27405 7136 19795 8614 19571 37951 13543 5042 34185 5180 33567 29935 33938 2962 30776 4167 6557 4882 18144 11813 35278 32061 18151 21904 10395 30187 28822 16028 27393 21919 14362 31229 35654 20696 23172 8414 25779 6797 11560 8454 13656 39879 24082 11787 17375 28253 25314 23231 36833 26059 18187 31683 10877 23790
769 15796 6382 14361 15813 22309 20175 37049 23939 16776 2696 17261 19048 26808 10049 12065 28705 34754 37171 22037 25909 16905 525 16663 32936 35645 37620 30556 15207 21889 33367 30078 14337 31878 19203 26903 6240 23912 12408 7122 27762 23148 22035 10082 1684 23263 12617 1970 16766 14846 22465 34727 10080 2930 37957 39072 34557 8960 18229 16988 34423 31611 10317 16819 16848 35037 36174 18309 25202 4562 39585 11027 37390 29310 12238 25410 20412 18185 26716 7986 19040 20087 31226 14998 29815 10734 13229 19138 8957 28907 26998 7723 12289 25215 20838 482 3499 12264 39874 5570 9233 13169 27811 38968 26836 26197 4976 15451 17214 7373 19067 20786 30312 29647 34380 3273 9632 23096 10316 26630 9533 29494 21736 23846 676 32749 23562 39147 19350 6178 1938 31273 5452 36650 1818 29284 23344 21463 15747 19840 32013 34098 2991 23328 17736 2875 6656 9396 36104 5083 8203 15114 18829 17664 2785 4253 30299 25207 36358 2903 29365 20223 32097 19456 16147 13663 1890 24857 16991 14141 27232 2482 29992 1728 9319 24374 16187 12896 14008 8425 33792 7794 24943 12947 17825 15834 26429 6327 4468 30627 18659 17770 12377 12758 19033 16208 8053 22613 3261 988
25475 33707 30367 24412 24993 33944 38330 6302 32201 18913 31946 32124 35191 9504 29176 8244 3459 13205 12698 20386 20831 5741 39541 1505 30801 25917 26988 4470 5697 39594 13157 20800 39567 17090 22760 30961 34288 16022 37840 986 21454 27326 2335 22705 39958 34875 39485 35795 14567 11649 8609 35497 5769 10919 8738 11398 22540 35584 15120 30347 20336 15271 4938 14773 30968 26648 24641 2337 29163 11824 31983 37205 5297 20020 31967 8366 25142 35196 33513 5507 18756 2684 24604 29791 22897 30341 8766 12922 35430 1645 32657 6119 11228 25528 27983 37677 4789 5175 11163 20299 25065 33457 29823 3221 35000 2607 8256 14241 18622 35712 17786 20422 20444 24234 36622 38018 22328 30554 12656 14937 26345 3373 16203 6779 14526 6419 12673 17407 4555 14767 18600 34826 6245 7322 16101 2965 10689 35576 33121 39095 36099 556 5817 597 14661 17037 39835 7972 13407 21782 5549 38780 14492 15840 20242 22204 4868 4340 9663 8603 25629 22381 19483 39140 32765 20091 27172 19189 22221 38151 32354 31244 17666 11738 28739 26835 37591 9800 21576 9635 8958 12818 31809 17603 21477 22091 21556 39683 22323 16197 16300 25043 8485 2364 6364 17874 19142 31282 7796 37841
11744 35114 719 9837 29473 16901 4250 16831 35128 12128 6709 32516 15288 1428 16998 4823 37048 13193 19303 20040 16338 29276 7726 5903 28040 32728 11310 9482 39797 23409 5484 35703 20272 7039 18888 13552 24960 10912 20008 3701 39302 39795 32069 16356 29092 36835 23450 26764 22477 10236 25658 12869 38952 34538 14452 3060 27250 39566 24706 3023 8267 32960 5591 38718 35194 24069 15501 2639 35852 13731 34649 3660 27263 24224 11526 13672 6610 703 12944 33202 31017 31535 19279 7614 9224 20364 16247 19472 5485 3985 7612 23438 39294 22054 14865 19294 21041 7766 28256 4570 9223 19560 6029 26709 37773 28152 17987 9089 22603 35460 36058 28500 3513 34713 27490 33536 35887 6155 27493 39806 308 1615 26236 35123 25171 20521 38045 14701 39245 21778 12469 23299 7001 39753 35547 17528 10670 27378 4462 2838 10089 38773 21387 13233 32054 21013 22453 16351 5325 26199 8953 15141 18499 4651 30486 9299 18134 15881 20996 8487 37481 14977 34619 8220 8776 13488 37300 28425 11731 36133 19217 28706 26224 1232 15746 23032 6313 10749 33382 2278 17388 27767 37827 4919 13102 32118 34898 10857 23989 4256 17775 10712 31619 20908 13297 28266 16532 19810 19882 1858
15904 16775 5964 28541 37670 18999 29385 37788 33950 32581 28549 7806 19910 13068 3543 17109 3558 26721 26254 6149 29185 13065 25961 37689 842 6474 3750 18294 1887 37784 3682 21640 29902 31857 37802 37452 5799 5266 33081 30145 38906 135 29556 17547 31700 36353 22118 31401 29169 22618 37141 19324 28190 11379 15186 6881 32687 26936 28337 3335 31884 21882 14637 30735 19931 39807 2173 3556 26869 15237 10380 36421 19424 31962 9575 25326 26810 28236 735 34016 35787 18745 7826 3328 10330 15804 24347 11350 36918 22896 28345 14770 4341 22986 32636 27228 32383 15074 8308 16158 25216 28410 15306 37380 34907 9719 660 23819 34529 4371 5772 1379 13985 1714 3812 26493 17066 19863 16951 20010 27864 26269 11983 18498 20697 3187 8358 1146 7076 35688 24099 20243 32437 10381 2119 1520 14539 22391 15703 20164 23265 20724 26203 6886 922 33682 23483 21313 18335 9209 25627 38523 25211 16175 23639 37234 37989 18985 19896 19635 39233 14477 32511 15722 30758 29363 23123 7754 33260 37148 27368 39581 4503 25904 15213 28746 26871 5498 15417 35595 7764 13628 13913 29611 16240 31444 5473 17683 16935 33975 16736 37635 5014 22447 17180 24802 11532 23021 23107 9760
19199 8306 6462 12257 813 1209 19122 21367 35714 9461 35796 21560 4644 30328 7551 29267 30533 37063 1083 136 9573 26442 12999 24364 8778 10909 6409 31313 33803 14562 21317 6243 26814 37020 29739 10150 22055 4244 6321 34472 36004 28228 19207 8120 33058 14273 13384 20826 6311 15144 26285 13791 6511 38109 37269 21042 30796 6869 12201 28570 24920 27374 9893 3647 16139 22821 16808 5205 29612 29369 1793 24645 16744 1537 3437 27421 13732 39959 720 39340 26508 27301 10784 26978 17906 15943 28764 17915 18903 30900 7634 15729 13134 18121 21152 38815 16354 8272 32342 9498 2045 30047 13819 18845 32302 22882 16841 35407 22484 3813 22161 26101 14186 18995 5367 30497 10906 3859 6521 1618 29875 23791 19412 5755 28139 33029 29444 34271 27831 14167 33875 3160 31056 37356 34553 27860 27225 20912 22071 15575 30992 30740 10460 34596 39985 16722 19309 35668 12198 550 34040 28460 6127 9169 2257 10938 21312 1683 31729 31167 3242 3109 30277 31629 14928 38986 35254 7801 16658 33317 24345 14009 27462 37139 38481 9875 30305 4857 8876 4079 10063 34805 28573 3847 23049 10640 839 35934 36126 9292 13156 19010 6933 27260 2408 6284 34212 10955 6682 5250
23514 39216 2229 3289 24404 9805 38193 6414 2344 9585 18662 22918 35339 29894 37439 838 11643 14861 32609 16377 20215 23453 34589 29125 28260 20618 22719 11828 11381 12445 15169 29584 20675 32317 1413 35627 21174 20716 2252 15447 36392 5986 23915 23894 35052 34648 11039 35620 35685 7419 36931 5253 5457 19058 22407 12164 28808 11411 25757 18573 4166 22099 186 12048 13803 10643 11245 15426 10750 19937 31314 36903 8900 32473 21851 37837 16826 30910 6788 19235 7036 23751 29538 31701 31003 14507 15060 12153 15679 37743 28125 3276 32458 28006 10143 10163 2732 36079 21913 34428 1190 39301 25523 7097 19375 38894 19764 27484 10735 30585 7086 21616 36960 3316 10346 33588 7836 6560 5927 28450 16694 22981 37753 161 16772 36540 21716 36542 4797 6168 12533 9666 29447 28055 39603 29081 8232 24330 12905 6444 26041 39293 28902 36377 38226 34897 34725 37283 16983 31888 9425 35061 19602 6289 18988 29167 37358 23459 16062 32137 12028 2372 23014 38210 24494 21968 8711 35768 32732 12470 29141 20700 38813 16512 36306 32734 11336 25685 2959 36797 4908 21534 24264 11182 35673 24138 33403 30379 29464 31996 29253 18082 35740 35781 13225 3836 10294 23669 32699 26623
1004 25531 24225 38817 18100 18234 2117 35373 1908 14 30314 3565 20485 16870 13550 29317 18397 15145 7917 2566 36897 460 36102 25063 29551 12960 17524 1996 36478 14434 274 5669 24660 5792 14696 20529 9406 650 10411 22753 15265 25110 10218 27475 17435 17289 28620 14366 11489 27153 12267 16636 2292 18062 10706 38543 3539 33811 21371 20648 19119 33294 25781 28642 8185 18872 23011 20732 39758 37375 16333 14715 23336 31541 39576 6764 7552 8162 10220 22650 27617 6195 27642 14480 18124 38776 25283 11084 35548 947 3807 30656 920 21714 4150 27629 31801 34741 21807 16939 5177 18719 38053 26899 36363 7107 38249 7038 21118 1789 16360 20621 1347 31431 7089 11613 4534 4291 23707 36866 30448 38112 32503 20788 701 9031 32330 7641 10560 37698 39915 38314 8321 4414 13319 8889 25936 2286 39855 20358 36523 6276 11105 30098 8243 27330 15906 6254 5160 3382 32171 34149 2070 30364 33335 26087 25411 17844 31727 10794 17516 18162 14987 36989 27871 34854 35610 12921 9683 10056 1750 36344 23752 36359 27293 1185 22239 33412 9968 32314 39538 19827 13992 1519 29245 35652 6229 9018 27427 26428 2227 36936 4932 29970 21907 23985 5329 22147 10665 32023
11524 2124 21302 12554 15891 25868 21625 18451 26205 25979 14440 28284 3656 4331 12666 13340 31675 12101 33431 25486 15484 9897 7501 20939 11477 23784 37069 29927 15976 37367 13700 27957 16432 21555 31393 1951 34167 15961 36984 899 15267 38214 12390 7378 2281 6 21338 21303 3464 2199 20609 24770 5554 37669 27918 35143 25093 16199 37254 20649 12467 37630 7680 34197 32301 10584 8558 30440 24506 22211 31204 1017 3192 38553 25128 15154 28802 32082 36322 32333 12994 37759 27102 35502 21248 1801 13868 35553 32380 26605 29452 9012 30071 39707 6376 32532 10936 36018 28512 35439 11504 10549 10064 32807 17148 5646 2929 24280 8763 21144 24048 18785 32900 4285 32067 37216 7862 19994 3430 6903 6097 8157 8878 10421 2467 11053 8722 32839 30128 7822 34336 31706 32625 11578 19075 19125 10036 6619 3603 27726 19144 17681 21076 5899 33972 33218 25312 10148 32468 17437 36601 7760 15336 11789 18542 14370 32156 33017 14257 8906 18414 15218 31513 15179 8204 6098 17302 28103 18811 28991 4070 22041 6817 281 9176 4057 22955 15928 32632 33014 23643 10611 738 29505 26068 4483 7800 14748 13622 29892 8601 32518 10965 13455 28393 30876 29147 15126 33052 19902
30106 38880 4544 37807 38965 33375 39201 355 575 15143 3239 25834 34979 4695 8422 39162 4522 13208 17968 20993 25102 35129 24535 35613 9671 38821 39572 11210 20105 811 24530 27529 33638 30306 17494 18834 12206 39926 13958 26724 38100 12170 4322 38560 25680 9689 15296 14672 33031 21130 30713 25391 35 12288 10596 8830 6975 9764 5861 34467 11181 22146 9069 14554 18484 10783 31960 7079 8982 35338 18627 23455 7125 27079 39523 10025 20511 16940 30276 35410 14622 4973 8166 24173 27999 31711 24880 35323 5804 17990 3188 31192 14745 38647 337 6259 13180 8845 25613 2377 30794 412 16552 16635 13825 36686 11922 18562 33144 19097 22612 11415 952 28449 24053 32580 3393 11323 26580 25495 34951 3104 4556 15896 38851 15802 18154 25549 1438 1249 14873 4739 14634 9446 37770 14284 35837 11140 23094 7605 28543 34795 20439 34993 29292 16797 16583 21692 23825 30744 18925 833 23454 13782 19090 29453 18902 12643 33499 24468 9818 1561 24010 25078 14067 35966 39838 21817 28408 32909 38932 17298 15427 38753 38343 21080 39704 7014 22820 31143 13035 27777 28961 11114 11196 11094 20233 8032 20777 20086 24927 7326 20073 8767 31146 3040 8343 16389 33954 16495
11656 21973 5628 28344 10963 24532 13471 5781 11017 37150 14786 11775 1577 13457 15588 19567 34450 36381 37241 14161 12460 31527 3184 26326 25401 25546 2241 34666 28031 832 28389 19675 24027 27615 3856 15497 30489 37995 12266 39498 23737 14232 15415 7377 18798 262 17205 1892 11442 23115 4812 30658 31255 30689 12343 3667 21288 20524 15135 33510 33008 4839 32466 9562 35596 15488 29706 17008 17161 35532 4740 18604 18467 39432 4988 27845 29145 3666 3491 8728 5035 30721 19762 34595 28708 12037 31346 28415 3419 23427 16922 17239 13374 36042 6856 28387 10544 19323 26792 13560 5460 5108 34632 1751 5545 30569 478 36749 12710 24968 5065 21418 10707 19850 34005 39783 28280 1063 27837 36836 7808 28366 26477 8853 31092 27947 24029 29819 69 26090 15222 8434 36088 2088 35722 7410 7623 7104 23468 17115 2898 1302 10538 1813 32932 2572 15195 11364 26078 13670 32592 12954 39520 3409 12719 11807 10367 24363 29885 30671 25087 25462 991 1044 7169 3331 15393 13512 23575 26920 23079 14139 20688 9858 34886 33041 35947 20212 2026 32123 6691 25969 33983 37605 31538 22030 29787 25650 32723 6576 25601 16989 7622 16859 27519 35085 38361 25829 7795 2801
21484 33069 10474 12503 12388 35016 38806 16847 24466 35883 30295 37303 23842 27646 38889 29467 5930 24461 39088 38430 22498 31932 11052 28340 14516 17594 28172 38892 23126 2555 1372 10878 11271 2051 2547 13301 22745 36773 37054 22454 7682 22694 25631 4889 31494 1126 18938 32929 30263 38732 31521 7870 27114 11311 15200 39981 7690 38729 30326 11947 23970 26663 39793 37554 13609 24969 22227 25600 588 32513 13478 39359 6991 33095 12850 31987 27388 1491 27595 5539 37270 35683 2314 33147 10581 4665 12195 14804 23315 35163 31166 15806 33155 23754 2265 38243 21725 5670 16064 26414 27267 13804 3819 35713 4403 33599 28665 17002 37533 36168 37598 11262 39826 29954 15805 22494 21869 28897 30590 24170 33544 36728 15261 28489 32996 19353 6341 584 4977 6368 31755 33359 3047 9118 28046 39249 18140 38200 25585 21169 31909 21845 24502 25679 26889 35744 23647 36386 19360 12275 8202 19714 17441 9323 35251 38882 39980 1591 5613 27386 83 1621 31309 18196 22593 26504 24634 29727 33478 16047 26898 18031 2604 8304 23215 39562 16193 22601 27525 12174 36266 1451 17342 20592 21445 11326 39691 12581 10505 13029 5884 429 18417 29841 38258 28578 23093 19914 19913 39247
18594 39708 37294 1627 10055 29130 6103 29659 5735 26503 9467 26940 29833 8832 17206 494 24799 10077 9174 12690 13526 3571 33119 27757 27790 2520 39112 8016 1270 33827 8458 6847 14249 4664 18564 15383 33749 29079 24436 9952 6844 19397 9885 33555 28781 4323 29195 11976 28463 27459 21749 32526 28357 37782 3201 116 23704 24934 39687 23493 22365 22742 8665 8619 8330 2720 9554 5578 30657 27075 19049 21187 18143 15726 26418 27607 7748 11139 5620 13369 19359 22871 19453 38580 25247 37763 3435 9620 32044 33539 39669 25581 26256 39549 28922 8687 39794 32275 23865 20076 4433 23421 25325 27638 21020 2147 7029 28939 38086 18771 32804 33044 4054 36795 32834 7937 18571 36237 679 14602 28143 24966 19765 35445 1121 33102 34865 39803 18250 37366 4906 8036 26319 9808 1477 12476 33619 32617 26701 19821 16391 28398 23718 33754 22519 1565 24621 36398 15669 11855 17007 28600 29514 6770 7316 36200 15614 9456 4848 25008 19822 25090 13584 39954 13687 5428 11452 10428 37420 6166 18945 27194 15863 10438 22300 16000 36211 18791 12270 665 7046 113 17308 20084 37746 1361 14888 38706 33404 5074 7529 4071 35166 29896 18307 7694 24552 22442 6494 27212
29796 35392 33034 29242 31417 39925 36346 38135 37115 21086 11686 5466 31593 8714 19066 33941 12276 31565 28697 23582 772 32385 22468 32921 3268 22646 419 13409 39525 33987 19726 13788 32931 39174 39968 31111 28435 17262 14072 36762 18744 19985 18801 16284 30694 1244 24972 11507 37158 24442 14812 9421 9444 29807 21911 21167 3833 30805 35009 8001 38942 32416 37458 33602 31484 995 21421 12260 21650 35876 24465 30890 12830 8022 30810 27833 32708 856 37515 16482 11825 27936 4 25516 36878 788 15485 200 10848 26188 16472 30463 6440 29595 17643 8704 23203 11292 9597 6353 25511 10801 14306 2726 22605 4527 39950 27843 32565 14713 25298 29350 10273 14628 30743 3112 9387 9944 8336 19467 38392 39107 21357 7075 22238 22085 22349 26639 26924 6344 3016 16507 27491 2288 18584 2361 819 11446 14413 1402 35315 33308 23591 18676 24766 5683 37757 31897 24105 28683 4180 17040 4901 10179 16814 27896 23691 37953 26107 19588 22179 23360 11214 19536 9824 27068 40 15572 1423 29184 36834 39665 180 27470 4397 25256 37589 30591 20151 667 25766 19226 24994 29686 27956 27410 6004 31634 5101 29153 7818 2373 27672 2042 8945 31614 9527 28664 22641 25730
12562 5465 20 38311 1978 13518 24414 3374 5574 1842 34980 22515 16393 1254 610 35249 17842 32002 5910 23572 39024 1124 7058 5220 942 10516 10057 32574 18483 34983 14346 33028 9652 5328 23909 10188 16436 37761 10319 27307 22474 17015 1369 30332 10779 26677 25864 33990 3436 95 11164 37928 4793 34360 26559 24888 22506 17025 37796 18835 30021 1950 19663 18419 24420 14500 38301 21063 36964 14064 22174 36932 1983 4496 24738 27134 6497 25254 10379 24072 26604 15634 22862 17208 35695 29631 14757 20910 38337 23658 39347 24275 25538 15935 4374 5764 7868 6425 21043 34590 36195 38976 15075 35739 36617 9162 30908 7055 26495 5619 33262 4769 927 15833 29277 22724 38619 14238 27564 13138 5013 5987 24568 6465 36408 32523 16882 21511 18482 8532 22535 7577 26584 2064 36204 23241 4430 15334 9151 17748 32274 19926 35341 5059 27908 21771 25902 21423 6294 36639 24471 6512 22261 28719 15511 25073 11639 24605 34094 34784 1766 16206 207 26176 29406 28183 2336 28095 15150 12022 30564 10384 24976 21547 19526 29435 2829 14558 6530 33515 20163 12846 4720 39573 3828 14670 7899 38317 18198 4314 33896 9977 25344 6630 14999 7731 23247 1991 33138 25053
3249 36422 27414 25468 32352 19051 6700 12227 8189 3194 28859 30228 37246 15400 35053 1961 32247 13585 30963 35774 22122 6639 13905 11322 5605 25338 21888 36553 7753 30583 11938 39834 19157 35048 21859 31515 33301 11540 32950 11873 851 34903 37909 7374 13028 17885 35994 123 21140 35638 736 14729 4064 633 26733 35975 39661 13103 14897 25903 33377 6037 12111 22963 22531 17060 3344 37143 29669 329 14485 4187 35853 9232 7259 25023 15742 9341 15475 24577 3358 2721 13339 3457 33227 2325 8572 30529 605 12885 26860 20159 3053 25316 33767 7662 34967 1412 8074 24957 16443 30889 5743 16379 19809 20530 30442 1494 31419 26934 23395 35700 38561 8764 31338 22491 37889 1380 19556 24646 27741 3758 30072 36624 18511 39311 22911 1923 25204 13160 2708 39491 21283 5033 2463 33300 8824 25028 35245 7953 10253 31062 7400 27653 10305 12531 2431 10556 33755 9995 25606 9152 15850 20720 30751 17811 27881 12060 32949 36275 3213 4510 3624 16331 15766 19415 18059 15626 7043 3697 36556 15479 8139 26760 37352 7287 37993 19633 32284 35693 36812 25932 12603 20309 19072 9807 9049 32494 17481 1734 14537 29655 7655 36972 16530 36887 33266 15643 31322 36838
28737 25120 905 30399 26741 37274 11660 13417 35726 10034 9208 21048 3125 8647 26282 24947 12946 6236 15081 39680 16997 16697 15528 596 845 9547 14129 34398 26295 34778 37126 4762 7580 958 33899 19001 20693 15132 20965 9777 7033 28433 31776 3623 38673 2849 15236 10905 39592 4352 29415 19689 4277 35043 35360 12751 2353 5322 18283 26058 8029 3892 19327 29131 20550 8305 33723 14180 29222 38962 28017 5502 24165 32832 17918 26986 3189 7573 10433 11982 13046 7273 25900 1065 27647 31663 20652 4344 20190 6279 1456 33190 23362 35585 30980 36596 127 37819 12886 13797 22319 32608 16456 31664 24440 27870 8245 37195 4255 26341 15087 11887 24792 10408 33018 1103 22814 28487 9320 8023 7370 30234 2835 5860 1974 9531 36244 10809 2351 19076 27855 5258 3979 29789 12471 31038 29355 17389 30252 27759 36818 37968 3705 35228 15777 2283 9622 38030 17292 22892 33149 24255 30363 12741 29457 3126 6712 10210 8786 34936 26470 27614 30874 24619 18831 13484 32037 10625 32184 8598 23816 2345 23728 25513 31741 36067 36744 24056 38400 6026 29022 5625 39893 8943 33290 20127 3211 36471 6582 14775 18165 39943 36883 2103 23253 38044 18203 29872 10202 2057
7271 37723 4563 31052 3199 7348 8441 36944 9311 25842 5131 36389 34551 27257 17294 24892 32143 9026 33217 31248 4493 29567 14116 7687 12900 2601 28905 24216 26116 12308 36326 1482 16414 786 10757 9000 8242 17382 7483 35531 37432 706 39864 9442 15612 35549 2078 7274 12722 20427 6142 26816 32282 4114 29840 39091 11670 33461 11107 7859 38057 24040 21846 30856 1120 25384 16288 20199 39703 16543 10193 35982 26069 30357 15342 28270 11221 6942 36409 12444 9859 25669 34229 10835 36990 4307 33220 31682 6922 14473 36175 12867 7382 15016 2539 20801 22547 7883 38926 33329 23227 30220 231 26033 17131 22020 29157 11393 3869 38323 374 3704 29137 36696 18506 15521 15161 31339 22922 293 15320 21072 12733 15751 9576 23820 28545 39445 5822 25323 32195 29974 10828 22914 19237 27140 17121 35045 17669 20635 29357 34765 3283 3444 7124 23446 28465 30604 26387 38260 7484 2793 20658 35526 21709 38865 37204 22560 8887 17734 17908 16555 2884 32569 33000 17155 2613 24879 8071 16985 640 32902 25441 26430 30852 14228 10297 30317 34008 10916 25700 5094 29832 12812 27073 18364 5402 38663 34829 15757 33447 13508 33837 15868 29016 18617 13003 4288 16503 12887
3439 5854 7531 33864 29945 33085 24409 22915 21271 23212 2471 9493 999 10959 4325 23460 27669 12487 4547 7509 11663 28954 26878 6498 7294 16272 1353 38229 30478 32190 8526 35690 25983 10490 5662 37815 35423 6574 8116 22854 27991 27335 32886 92 1782 28928 37797 21055 4592 4190 18782 37923 11437 19839 25164 1860 19879 20346 16531 35467 11407 32258 2466 12720 26074 29342 29089 34889 11966 14187 2787 16971 11061 15009 36709 16593 12151 36007 19288 11307 27158 39509 18450 1110 24487 33328 8257 18443 5778 38230 21147 32773 14578 38940 8173 38156 16286 8468 21666 25977 5599 5124 13058 37017 34528 38840 25740 30206 18183 7438 3742 38631 19704 21893 26587 1653 38667 4497 20088 3696 7853 14411 28192 699 664 15410 37918 30577 14314 23058 17672 12551 25696 17421 14693 29799 13884 14209 11853 4962 7114 25780 24245 14224 6099 15018 25385 22843 22599 36272 28521 9662 11450 13566 38783 29281 18117 33874 15964 2685 18519 26043 24941 35527 12159 22720 16044 34701 29228 21510 10845 37905 30683 22956 8440 9462 21520 20314 36798 9569 24930 21978 34419 39714 14042 22148 25071 29500 6459 36973 5248 22889 9537 3494 31456 31738 25200 29723 26371 28919
25727 388 963 22253 10301 30778 31289 25579 7710 35784 9331 5882 15695 12357 31620 27123 39700 34514 28315 3792 9673 37060 15534 30413 22804 37626 9132 14400 32076 33049 20456 36481 36938 19337 39327 10311 13300 27502 2727 33386 31596 35871 37934 22209 14029 749 1690 4494 21900 12272 4770 20476 27115 36581 26080 34095 20428 6527 13637 17362 3964 2848 6796 5415 29772 27903 23830 16597 3683 27294 385 28540 20208 21185 17632 38402 25299 21408 12140 23234 22203 26583 15025 32696 28894 25837 31019 37600 29759 13815 35558 25870 25589 10250 38457 20349 39571 6927 17561 20302 4774 25789 28001 11885 1779 28838 17698 27168 5202 14889 23724 3326 10266 9572 6278 14198 17680 3147 31131 8310 20317 6531 27989 16182 19479 6612 30480 25186 23369 5441 8556 24095 39453 6591 18497 25180 12920 4611 7447 16540 8098 34957 24102 14894 24220 35822 37566 31125 33705 37401 14001 37003 39873 9068 5857 7982 29331 29836 8190 8892 11421 32533 18446 7616 6367 8536 21301 21025 13504 6799 29127 26610 39395 23531 38421 31750 22005 24788 5714 38376 35815 17650 31293 15106 23383 36685 4751 39540 38169 20131 8345 7141 14868 1283 37920 8254 16295 13938 1762 25654
31743 5989 15603 35745 15210 3064 14467 7714 16423 18725 32196 10486 25368 23249 25403 21111 38166 12453 38989 34616 16261 33831 25151 29193 18362 23768 19184 33832 1904 11207 5901 23813 32428 11086 36262 3610 19149 17607 35600 18658 20348 32912 13251 38308 37946 21128 2952 8009 37105 15122 34675 28039 1090 23187 21061 27494 18026 9589 22866 14936 28996 32007 30050 12952 1727 37545 16892 15854 37442 11687 474 36317 21790 11183 8260 3010 2939 17238 24563 5558 12355 34321 32760 1406 4633 23284 17629 8593 16109 25248 34223 4106 7891 21581 10513 11111 12745 19655 32501 10839 11357 32595 7190 9430 4040 34369 14598 30079 11614 25153 16278 39397 29474 20222 15327 9382 25406 26557 33943 7465 29817 9902 38240 18447 26364 3308 18137 11423 32542 29632 39863 272 20193 17418 966 7897 39850 45 25173 18502 7021 36843 37494 24289 31296 30853 13927 15496 10359 38719 20169 15337 10542 31021 26472 39608 38878 36256 26110 35780 39415 16024 15394 15463 25841 27270 39964 8333 16615 6661 15000 9150 7171 22659 4972 7192 7207 21530 19219 30711 2295 21391 1165 20068 5915 19247 14499 5469 20736 21947 27909 36590 20781 15474 14178 15948 39983 11681 16163 1966
21903 20875 14490 27061 17226 7026 38025 25602 25689 33614 31096 23302 19059 21829 5529 1903 19738 35148 27998 7771 16902 12262 34141 28490 26260 13480 31483 28803 25075 34525 16186 8573 30995 8770 3021 3605 15983 31104 30074 4156 26908 26851 37083 3446 2869 25795 2704 32876 21190 8782 33053 24528 15845 7707 7743 6660 10863 7758 31093 22998 450 22965 9939 25133 10921 34626 3947 19427 29519 23901 18465 39252 3889 1907 7142 33255 38769 17910 3680 29240 14871 4305 16202 38564 37595 10778 11562 6325 5029 9523 25212 14543 15172 11550 454 21155 26784 3000 6976 22363 3700 981 26093 8882 10659 2332 7812 8730 19548 17581 23301 32848 14727 32790 22532 35105 6973 23428 10979 33981 13685 20813 25208 28929 23379 20093 2908 23640 31247 31394 14483 34015 30736 2129 34864 16598 13844 14689 32524 39069 28836 5936 3640 10453 22803 22104 23826 9318 27631 36335 28409 9452 8946 29005 4183 33676 3028 30360 24540 19429 33004 3918 14075 8369 31788 35663 22290 14950 1984 19893 30319 23275 8679 28455 3497 26517 9964 19376 30019 32379 15984 2012 4593 17851 4578 39503 37178 7420 10114 4672 8643 2493 9602 22656 19342 23588 37772 20520 11800 10302
16434 6588 37022 854 31880 34540 24663 7040 6359 10192 20643 11778 8796 27810 23443 14074 29232 36850 16584 37926 26211 38998 9550 27143 35560 39183 36571 3897 5757 11682 18193 28841 39380 37836 22722 38845 28216 34822 7284 8112 33274 23538 38143 7798 20772 1623 13040 31297 19461 39831 31806 19063 28301 28579 36840 14772 34218 28951 27497 8896 12371 4015 23168 26128 23622 724 29203 34127 16851 3279 19065 35044 25302 11455 36871 10822 37714 19221 29205 33683 9804 7692 35188 8922 21788 24734 10254 21416 2747 3030 17452 16133 24496 29926 1322 8708 19851 27512 35624 7867 13115 22342 13222 1116 20037 13843 32026 22890 2401 11554 7300 20894 18192 30855 14356 22997 33445 38462 28145 23293 22916 32090 23690 11981 4449 36118 4444 23311 35184 27914 13033 8342 11264 33215 22812 10970 17379 35857 10697 35764 5900 8043 9966 23503 14401 29884 5797 11974 20789 31397 14036 3025 34976 28343 8142 16897 31109 16388 14454 31305 15938 16445 23628 23286 24127 5526 18304 767 12066 13197 20956 11920 5371 31721 18319 22580 32766 7065 34413 10657 24145 2342 2033 36490 26806 32690 39420 15524 7994 12853 37470 18021 6330 22636 34290 5774 37329 20596 27468 28945
18717 25867 968 36115 16013 39492 22799 38164 33951 4758 2874 12540 32308 472 7783 17815 4160 19871 34026 9715 29311 9416 17735 17540 25717 14922 23423 30176 10767 10887 30365 30282 38611 39023 75 30532 29316 6158 9484 16760 3976 30923 37285 3596 39007 5848 36923 30235 39725 37073 17035 38637 37558 39001 21184 1707 31372 12780 17881 2675 30300 2868 761 7506 15668 15036 21238 36740 3399 17014 6750 8462 37331 22416 26160 6443 12073 2990 10694 35699 14525 36452 32594 20446 26340 28640 14482 9020 28086 10620 14251 12588 1515 34938 20840 2893 19857 11231 67 14286 1635 36600 13806 35821 36828 13223 39962 24846 11696 8020 18551 6694 171 8412 31990 38522 9780 15335 31684 21946 13426 1927 2626 7555 24045 31264 23529 9854 21340 12193 1544 1161 32110 30709 17041 4208 33665 22250 12370 4452 9458 35617 23415 20790 34940 17939 21004 33320 37661 5737 3467 22563 13117 12865 27924 8322 25358 10213 13392 344 23444 6535 25318 21087 29123 1911 3218 24664 5375 19232 13427 4284 35215 38009 25929 24396 4878 2506 37944 17471 9615 3559 37175 36853 9066 28655 10000 31715 5027 34810 22269 29187 3618 32160 7276 29649 3781 26191 5230 27971
24144 7474 16141 20867 34021 34388 16488 18563 1418 3293 27329 36257 10942 2887 33080 13535 8790 22369 39047 2179 26636 31737 30484 38972 38941 17534 7200 4985 17902 10976 7918 27397 20083 38524 13274 26666 39705 21525 33521 20453 17954 3318 33334 4357 4094 1449 27317 19379 38233 24008 3581 21678 32796 33497 16463 34715 11468 7857 1875 3157 5924 18569 26603 29139 5624 8356 31136 32726 13370 759 3375 18109 11035 34077 38014 12309 13528 1155 32809 7432 29208 26759 34397 26829 14743 15403 34922 29852 37419 21369 32504 22709 25987 420 31914 22926 36930 15020 1453 29196 27128 20498 18032 16464 32334 31408 31977 6183 8976 28380 11085 5561 36889 7647 39399 35579 14952 13703 28538 39686 17485 1143 4693 882 23623 6124 6044 23885 1928 33685 24315 5103 7132 14702 38565 15358 5577 24565 14985 13213 36239 12472 32223 11367 24958 6819 35277 11765 35517 29849 6346 32357 25176 12833 28324 14402 30258 6868 26017 5506 5203 17749 248 30416 27455 35534 33774 27902 36711 22967 11751 10695 4979 10026 28561 21735 9631 21504 5866 28676 34920 16605 16646 19388 20249 13901 22156 38278 27175 16871 14173 36726 3486 9789 36513 8169 9065 35276 18003 552
16924 9371 11000 29997 10348 5858 25267 36769 35124 33744 19823 16796 10161 11587 20284 12989 12771 19816 31693 14919 35522 939 27509 23185 6287 38310 27295 39629 35005 18705 8050 35546 23548 26841 13155 10153 13496 36736 18609 18449 5331 5364 25032 34906 35006 39339 37556 34115 19798 10403 12492 4101 7445 4782 4867 33488 843 10164 22452 2299 172 38514 7595 24415 6105 21304 39350 11714 28562 31067 32837 30854 25536 35122 35186 31152 6135 5153 1293 19387 33099 29839 12665 37311 37580 23649 3357 16783 30498 13265 36160 22436 28278 15587 33903 1857 19175 1334 2287 3767 28791 39696 11531 36227 7127 9161 35724 30655 6034 13232 15212 38013 12877 28225 11811 10775 19756 8226 16075 19114 39460 26288 3906 36831 27218 36785 31903 29006 38272 28447 21373 9191 13680 4944 16442 36289 14053 9909 25817 7686 32714 3524 27358 5811 17685 36515 33872 30792 20404 19128 1420 28560 33756 12781 26445 29165 32107 30459 33693 26332 27181 15656 21567 16030 32138 20085 28914 19212 6405 10102 27538 29640 28912 13888 37528 39998 19895 3579 30158 19533 9960 25132 37550 7135 12726 13930 9415 24357 14226 23320 16781 6435 38388 34020 30765 32571 8474 13387 15674 14140
16217 18344 33663 39634 32000 4116 25245 8585 29580 14342 37549 25800 36975 29115 4843 22787 10703 15505 27438 8428 31010 16021 37745 8403 18655 14354 6275 12762 8838 5437 20626 6834 5164 23139 30557 25799 7209 22831 31495 2907 38509 8052 13004 26595 25823 8261 4036 10804 11186 13441 15869 36630 27886 20879 26177 3122 20754 24567 9314 25857 7307 15121 6157 37472 32593 35665 4246 6281 19243 39457 12014 28770 10061 18490 7913 27660 30267 36793 39297 23436 7939 32169 20290 2256 7663 11657 30461 31518 20432 6337 7385 28942 16984 21154 39106 6292 15760 17692 34184 3333 21994 39223 4704 11941 25246 14911 17258 752 7260 16015 35260 23066 10627 16400 6867 36450 33995 29579 38125 4096 9565 5592 34555 6697 9261 28462 13619 20398 3072 33898 11131 34049 37860 10520 26723 20969 2602 38867 36604 17822 6436 37436 28011 14523 24875 18277 28782 20585 16140 37026 13127 6008 28877 3134 7467 12592 11995 728 38281 34143 36310 22382 21230 22839 27192 2857 11640 730 22598 31300 29629 15140 20350 23726 19052 22133 29906 6793 31850 27372 29039 4235 28094 3195 4530 15697 22313 8353 28548 12600 20678 14101 26159 1511 2061 2388 5150 35786 9219 38335
21122 14677 8065 36248 15 26329 36312 17543 28812 342 25435 18146 4837 26038 15072 22123 29979 24481 24510 21101 18684 26578 28155 21967 1324 18197 30942 20111 26796 250 4105 32413 28610 34739 13188 15898 33869 24950 33631 27047 1840 37103 21129 18739 567 14652 19826 10719 22825 524 11856 30933 26064 37446 38020 804 30260 17950 3009 4112 5143 10967 3520 14503 11234 11679 34140 29822 23990 1440 38080 15506 21719 9379 28883 9930 35346 26328 26486 5919 31319 35212 25039 37728 11872 35468 7514 23646 32946 28691 21506 20651 6615 25418 23381 36419 14462 9427 10152 9732 17706 1536 25698 27499 18767 29845 29479 10927 25955 28027 30762 32959 5412 11291 5979 39152 26222 402 15108 28933 38474 5046 4059 7833 1151 3351 10091 34327 19610 15480 32968 593 33333 12901 39144 12950 12968 22537 38887 6424 38701 9361 7427 496 22996 27272 15548 24840 12704 1134 1965 2421 11514 23252 37522 3968 2938 13303 16653 22027 18668 27552 12137 11959 36967 765 33408 31783 19471 16179 28804 16993 32781 23651 36186 37058 1715 33023 7072 38738 26596 17935 13576 5184 36085 16629 31488 7133 6363 3317 39228 15206 23610 38003 30530 31263 38154 22764 1529 15436
2380 26803 5104 13331 12544 7617 14642 24548 15482 32937 32748 30932 15209 18112 8752 21603 37400 34775 19595 33806 2162 9117 34462 2389 6053 26125 6505 14572 35272 30850 7562 29414 3514 1317 10 9915 14095 10720 13860 24631 33668 29668 33336 21646 38893 28935 4088 19022 4120 9723 26268 25865 33495 33109 5394 34241 33920 16969 19406 25752 30905 23741 4021 8541 37644 15654 25136 821 28108 22691 38407 15370 26259 14104 74 34259 31798 13194 30224 6040 8103 24777 18582 28148 5532 5259 7388 27812 13150 21791 1383 698 36809 32108 6794 3350 28603 5316 25266 39894 2106 21136 37879 1036 19770 25673 2063 35242 9188 10802 5100 37144 30698 20232 13683 33843 10622 38666 31537 17781 26809 10987 39930 38871 1019 34123 16789 19591 14774 16729 12525 16483 32263 15414 25763 14133 6347 21569 25238 13840 28656 27702 9826 21935 8491 23712 35826 23676 27363 7469 25556 2863 34415 30354 35475 21415 2534 24277 35117 459 29573 8731 10647 27671 27432 8929 17565 19108 29434 11722 30826 36692 10328 16177 25945 29282 11464 4856 2674 32993 24736 9791 6024 33776 10291 17049 32857 38299 22095 31707 27120 1041 8025 3052 28611 23860 27856 29623 32050 5216
1743 15030 10288 25521 15567 20734 35915 29025 23679 23053 22777 8390 10673 23089 36311 39258 26612 19386 13099 38602 21568 31172 1756 29774 23035 39285 16950 11253 1204 15995 18394 39626 19435 23637 19155 37891 278 20672 10826 2451 31544 20217 6862 8391 19963 35707 1208 31865 20979 28321 20715 1465 12793 8221 9199 6362 10303 21821 17193 17826 20100 34521 9888 1108 37877 23125 931 16270 29904 4128 1796 6420 19302 31034 23292 1509 34534 26292 4492 24612 19152 9270 20677 9581 29521 23160 3094 18325 30499 20689 26432 2152 5096 12965 32273 13216 27436 19908 26073 37688 7727 23732 39239 30563 31435 12750 21457 815 25108 13114 16554 7025 6926 12413 31585 9543 26858 25062 20664 17085 30127 8410 7997 27755 14340 24493 21024 15005 6603 5660 19032 26460 31958 23400 27424 3302 20092 13148 7697 30310 16335 36626 2550 14406 866 34247 20918 21948 23000 39012 16541 29730 3982 25458 22425 309 18751 7357 23665 24316 10116 29917 13794 27046 13704 22937 31196 28515 606 6585 16666 34429 31749 12583 27510 12123 12679 38697 27448 38094 17174 8068 2184 26675 1333 21146 37783 30605 24581 35986 10631 28631 33156 1100 30102 36405 22330 36242 3130 39115
8296 6734 15730 1343 37297 14963 37668 34541 29285 8300 21585 4513 25851 38259 13735 31345 13192 38694 10898 21759 12904 39440 29985 30342 2204 10334 33618 5642 18420 22046 6077 10508 9712 16577 27568 38055 6028 2479 24470 25500 33802 26145 36874 21384 25510 28351 15119 8567 13462 30208 38748 4453 7657 24103 30503 6002 21214 21347 506 25339 24161 28376 19648 16982 10449 14154 11914 6138 32295 25725 21110 34960 900 37546 29618 32797 19521 26719 1894 15268 21832 21955 38290 34258 12616 24570 15799 25887 24778 8871 19208 3093 13386 36183 16230 13343 36616 17772 14849 35921 17463 15655 34131 25858 27207 780 24894 1736 23875 16382 11206 29740 8323 22740 7015 38451 1367 12670 22254 39408 1893 13360 20191 30096 37271 12657 28275 22744 4164 1851 37799 29329 14781 11499 5198 2432 15659 36380 34409 26876 6710 28173 15749 32899 1158 7496 25938 29217 2134 36611 16245 13641 1883 18701 3420 4595 34657 25552 16900 35563 14006 9786 13530 23804 9921 38592 10598 20833 8758 13063 17089 14569 4076 34103 24157 29694 11011 34945 12463 1260 36411 36658 1973 24394 9459 14962 6365 34346 33968 29340 8653 35983 13271 25553 31965 23863 29931 37417 15231 5535
22587 4750 38416 13937 35365 884 38247 18803 31988 19971 14972 5973 23248 19005 502 18860 39662 17387 31182 14542 16581 16639 33914 7929 29558 5504 18926 6916 24019 17257 747 25599 11831 39645 2780 10683 10256 25481 2181 5575 8107 21114 24959 10827 11528 11629 28151 33348 5304 22689 15194 2886 21138 31590 6161 10450 6323 38397 23219 37997 6890 29843 32741 5088 30390 13522 1081 24861 11752 29588 2627 35229 39289 9146 8595 7109 3163 12482 3991 18410 30523 24113 7482 26293 18681 6081 38479 19543 11428 16664 5518 27532 37252 7214 4619 16375 23075 32202 32507 28811 20200 11170 9931 30783 36695 22617 15419 19587 9950 26753 9447 8461 13027 33593 13361 36801 21296 39366 21295 22972 4998 3300 36217 16085 34674 25017 14822 2303 38676 19662 11742 22031 26775 28355 8639 29407 17383 38347 12219 9282 9054 9587 18023 19163 7349 34216 27159 31610 5621 29140 8167 15080 35115 23164 23273 20095 34909 8548 10574 158 13588 16142 3224 13402 27906 14060 32131 33051 22206 13084 13405 6340 10296 27313 3413 11325 16084 38547 13413 5081 12185 1573 19638 39674 5540 29572 334 36296 23945 26334 6075 13200 36909 27478 8235 14909 9076 25170 26335 35154
29077 30351 16794 3408 27878 39077 6404 15042 35101 17442 26389 39883 16768 17961 3323 35231 27899 16355 19725 16277 13503 20780 8552 13308 17870 15688 1156 29408 16215 27044 6554 38261 26855 16298 20450 35972 5385 25156 1497 24093 36573 33901 3376 28810 1053 10270 34227 28156 11383 36544 33135 6019 29061 36093 31942 32361 2060 21471 28298 26802 27655 3707 20733 39821 3744 228 15065 19043 34519 15418 2091 13746 2500 30152 13718 23458 11486 34355 31768 5607 34003 1800 14451 13546 30994 5115 11860 590 25265 6430 1295 34895 24248 33928 33068 5935 22421 34172 20264 37024 10370 23154 39330 10309 23545 21023 13019 11375 2701 21291 22351 29782 13812 1147 18316 8970 39269 8926 32789 24071 7545 37875 11965 22215 39005 31813 2852 23290 5645 9358 11203 33159 35025 23256 14089 33438 943 28269 37933 9340 6224 26377 442 3814 12353 20926 24188 11726 5389 3485 24542 37418 559 10483 9641 19766 8384 30691 4033 9044 34513 30205 4648 20868 1992 25710 30316 16124 4934 36688 2113 39392 9586 30339 31457 9914 31285 22819 38315 1648 35758 38389 53 25147 6298 19947 4216 29048 18820 18501 29367 26410 29713 31938 37712 5017 34892 22971 3509 24362
15476 22205 30030 19371 32795 1058 34059 33542 6800 18271 34294 2190 37511 20916 27222 989 39034 21715 19582 35100 25782 22231 19447 39036 11345 18046 29864 297 26910 38475 4860 32611 36022 9067 2200 22573 12 17699 14979 31524 19231 31420 22529 31368 22917 34426 33180 23916 17219 37305 36046 39904 24808 1152 36279 38390 31970 11506 37384 11665 18776 31935 38527 24406 20146 27976 20370 5070 10059 35946 38516 7338 34144 18390 21726 1500 37687 16183 29398 11401 17531 29667 35832 6613 32676 1499 6809 32938 18354 11032 5169 7977 36882 25013 32905 23554 29995 27734 21473 33998 36755 22082 23471 12020 3821 17691 3001 5583 5805 17869 15284 15147 13676 6773 31606 13956 37160 21310 16154 27398 37373 28096 19367 32596 2459 15800 14352 18073 37062 23508 5023 3757 12055 5212 4686 9700 1859 19682 38417 32655 19484 9767 33997 14915 8779 34466 8007 35420 15522 22517 21236 30398 5398 18904 36212 27103 34723 15093 3784 9872 12373 11098 27072 26133 18147 35297 25469 33178 34280 34183 12962 26392 15223 13244 38103 558 9481 19213 13708 25309 35390 1972 38239 30148 23641 1759 1119 19352 37611 26471 31831 27408 945 29504 12549 3844 3253 33582 3879 28634
13798 15562 31227 31027 24896 5773 18952 4408 33890 4390 12281 34753 17813 21559 39240 30033 37360 16136 38307 28307 11877 35108 18675 27586 3563 28005 30951 13366 11394 9052 13610 2947 9734 24107 19347 18748 12324 8858 26738 20254 30455 17023 27696 32430 31471 27938 35455 9007 26210 15248 11026 26356 2412 34116 13338 1797 4761 30619 15903 16919 17132 27164 148 5243 23987 3259 10366 8959 3105 34809 21965 15924 38024 25229 18703 16283 30904 12092 10517 24860 8247 15503 37719 27195 16500 23226 6250 1037 13564 26422 24312 8044 20556 28663 9840 6802 14789 14052 10376 17545 22728 32392 1952 37751 887 36428 27530 36444 33460 24764 13880 33907 18246 20492 1657 19583 39719 10229 18029 28843 5117 34802 17824 19258 18978 12025 17469 27884 38632 21831 11525 26181 35834 8754 6601 36348 15797 6743 32489 23797 8916 29653 52 29413 2317 39945 25011 15270 13085 19188 38076 29948 26553 13721 10945 39009 16874 3074 15312 12951 18180 8588 31781 16385 27977 14607 11740 23533 38834 26989 3388 2964 19041 1363 34041 12077 39496 18095 9627 25794 27439 12811 3622 34621 36214 36434 21348 5265 30797 23773 32408 13359 10924 18959 12420 15652 1220 3642 10626 35109
6408 34083 39387 23931 9879 13796 15858 11042 26228 2020 7566 36462 8450 27651 10978 37850 15233 576 39398 8983 5403 29638 492 30930 16965 4526 38945 16732 16996 21090 30536 16520 27882 37567 19348 15416 14390 37243 36634 30999 26813 30946 36535 25045 39587 848 9792 26005 14886 21492 27676 28964 3725 35027 2735 12403 36261 35831 24678 17487 8875 38798 15434 14363 1382 7178 15581 11792 27381 14561 35222 2198 34312 20917 22788 36343 34834 37042 8780 27616 10178 21358 3152 26129 27968 32208 24062 28246 14498 26689 37568 38059 14162 4606 11223 18030 7147 13401 6673 28508 4401 15310 4753 19532 24983 29202 3848 25827 28976 15532 37854 29249 28227 36858 23406 8106 22794 6559 26872 12993 24916 10754 27151 37074 6678 31102 36355 4946 25845 26705 29304 9122 6315 11458 21006 27401 10133 4075 32845 10881 35183 26509 35034 36704 23884 32693 8987 4928 9221 5941 1629 11939 4974 39231 781 3798 8909 37152 21991 174 35397 27346 6058 24070 16336 29563 23930 13110 11732 2816 29274 2864 2830 13445 21173 16476 1182 37975 25079 13601 35812 30324 36968 6597 13112 1878 6151 35499 31662 3431 76 30630 38519 19564 3636 34323 22370 15712 36804 18230
3191 39786 23069 9916 21245 13752 31830 21247 9542 20605 10988 9310 10409 9783 11865 4127 25854 10501 12365 28653 32860 38471 3970 23452 39469 12488 12805 36185 11850 33143 36333 26184 9369 39377 13573 18980 5722 23008 25646 8940 29306 3398 7221 18528 24263 22832 10002 34885 34585 11037 29850 731 8191 39963 22431 37085 7936 21002 10666 4009 36319 29972 31421 14795 28557 34217 12913 18537 31902 29866 39468 21500 13577 24000 23692 19328 34874 34089 4661 9686 31230 25524 6571 19818 22093 18113 26491 20319 12796 24675 1101 2533 1234 26263 12441 37724 21598 303 22690 30417 20973 33324 26195 3394 612 6974 24324 3615 29095 2509 4222 23519 35541 26577 20066 7386 39414 28969 18799 13316 10216 31158 10589 22681 28786 33243 11879 34890 35885 38069 39433 6441 27551 32999 458 16325 14533 31438 7323 21 33490 13143 21345 4872 16489 1086 30527 37210 35076 37427 30343 19257 27447 29942 27645 2496 16798 3004 28210 12317 26072 3595 35701 9857 11130 14496 36415 739 1201 24249 39750 22019 30808 24295 18896 16956 3785 14057 4463 35337 14726 14768 6937 30344 8547 7504 3774 14399 15783 28239 910 18173 16480 1631 38155 5788 26918 19101 3229 36522
35232 11090 35908 39522 38639 25290 20807 23776 27443 5420 25560 6375 35487 29198 28185 32618 16256 26476 20329 23852 3956 2410 20793 39663 25448 15063 7461 29053 39336 14381 6720 6986 25980 4568 20162 15573 29078 9558 28873 13580 18145 31089 9878 18286 31928 13487 17648 12652 15803 29485 19794 29223 5850 23158 2384 33074 31522 37034 39159 35330 38890 36603 35520 24491 23118 39310 31999 29028 10117 3733 37612 21884 36906 24807 11240 17323 21986 21687 29287 33355 21554 8575 17244 23914 27907 5726 23189 37768 789 10664 31187 32429 21648 29506 18103 24803 33772 37372 109 34824 13080 1345 8448 28237 8688 5271 39808 22084 2160 1175 8583 436 21483 9072 22991 34803 34155 16903 11906 5665 19890 6023 5495 19084 4469 3554 18626 23749 11397 21078 5749 36737 7099 34263 21619 38312 3545 1729 15947 15706 36778 37760 13 26885 7611 18159 35140 37575 15297 36163 11637 22564 2660 7230 36040 12874 2933 10480 30710 35288 26870 30975 27347 4918 35554 37718 1981 16687 11001 24910 30054 4747 29221 22379 17917 14851 35113 36612 17267 22645 1699 28047 19540 7772 24928 38913 37686 15953 9642 201 23742 36184 20248 16688 10816 34267 27264 12888 27283 18115
17982 39824 28800 34823 8086 9813 2308 26955 26091 28662 28972 23583 1706 3107 30355 27988 18383 8062 39910 26382 25033 25488 12393 34445 8187 7508 21916 32826 28325 16566 3077 5978 29674 6863 16280 2673 38618 36135 8884 20544 36621 8197 16363 2553 34692 38181 32711 25598 23919 25815 24855 13252 31600 32652 37236 33372 22816 9747 31179 15718 5102 26444 14668 31315 3371 7578 35312 5055 6925 9985 30954 32666 4214 251 5896 20260 2146 14688 35018 25649 26469 3020 9271 32679 22919 24720 23979 37691 23568 35111 12817 7628 39225 36332 265 10752 28503 1747 14615 1296 39989 1032 37548 19240 8263 24078 39097 9774 28258 16220 6783 37722 7927 2368 35819 5794 603 32643 6753 24659 28778 15583 10459 27492 14112 11627 15386 38877 35320 21491 3237 27234 6207 5696 13645 30822 37324 31423 10776 9198 11707 24722 34971 17209 18409 33258 32671 28688 24534 33741 30835 15094 28294 18431 23402 34696 36082 17329 28402 7123 27457 26895 17553 34311 4482 14869 28526 2387 11575 31011 34581 28694 37764 38573 12702 13270 35394 26937 15716 10386 29867 27894 18813 20166 3919 17564 12473 11544 30841 34490 30304 5430 29552 21195 14035 15765 31468 5071 32065 26150
6194 32304 13438 30562 4000 14032 19236 36569 2805 1050 35335 22058 27748 34067 39219 36008 11955 39867 35680 10382 36572 21015 4576 33409 3407 27751 26926 29518 9412 37393 5512 6056 10721 38274 36280 9817 34961 23186 39411 3962 38350 10272 25769 19325 36111 8442 30249 9827 30150 39617 14707 2111 36536 12654 38206 6336 7443 10138 29033 25482 30737 25875 34582 18548 32953 17080 19997 22401 16451 25661 21524 4373 21298 4734 8512 11159 27841 29947 24326 37623 37704 2150 15909 37078 16999 33298 17858 19968 33964 25496 31597 29295 10930 32072 1826 10633 13198 39596 15789 5044 28518 3342 28484 14571 17408 13412 39364 23156 26149 14071 36671 26673 21848 14957 28179 30974 39143 31581 38073 36514 15392 36912 7876 12791 22895 31818 30254 14431 4935 38843 9517 4420 27201 30088 8269 3076 4044 5360 21321 3068 29761 226 430 28896 12293 15159 25927 5891 29559 5347 8123 19911 13692 38387 29391 15795 10186 14749 22640 18643 14639 19482 35902 22282 37075 39565 15945 23600 29062 14551 15890 36117 15096 21467 8215 28498 38107 3943 3015 31787 16347 17746 10448 7315 28333 24400 32252 10884 38609 9005 32166 16817 10843 38642 38051 6832 27118 33820 19877 2135
12298 39955 9509 2842 33148 17018 12589 6716 2949 36820 34871 35426 33929 28554 13163 39990 23205 19607 15235 34221 17806 32381 38535 35449 26634 18051 574 28849 16791 24139 3384 18066 3340 31450 37664 29461 16040 34685 33466 11285 19107 11494 39858 10069 5552 4965 20847 37880 37501 24991 9011 18149 35911 4191 31079 13705 35380 11104 9599 5508 542 38971 22717 22730 25944 17725 28947 19722 18589 11973 22481 2745 14152 19547 10855 18028 26202 5268 36236 27823 22265 15714 33252 15544 37962 21237 19979 20852 5091 17780 15390 28852 17364 24269 24871 17223 35121 24088 29915 28699 5106 16092 11997 11993 13073 3832 31963 15364 33347 23908 21432 14189 5187 31852 5072 19513 32363 9961 20569 22934 33278 33168 13858 25959 28824 2259 26333 20050 10554 9532 142 34998 10134 11373 4700 15257 37301 7665 3185 17789 3521 31995 14122 37245 5954 37604 39214 13334 36855 12313 38035 21514 9856 38007 4465 15957 7069 4376 16578 6018 28334 3934 22458 15294 119 33221 6145 24771 35489 5614 30198 5960 24841 2632 39467 23464 39563 16120 24244 5680 36893 24698 8949 37183 32858 11595 4524 38186 3251 13255 29449 2631 26859 7035 24162 35409 19109 28070 3182 28418
12301 32664 30194 29534 13184 33241 22844 35734 30673 32163 18186 7921 11389 36045 8049 12703 17856 5207 4515 21971 35082 26088 16103 26892 6769 13247 16058 32965 28135 7044 30257 26616 19069 8111 4274 23121 16809 11038 29336 4488 25816 29565 19159 24273 19520 35906 33362 6332 36873 38617 29086 36171 32916 10690 4342 37988 31525 25962 32623 16821 3853 34757 33263 39259 12299 10867 15360 39578 28994 8989 36201 1268 36107 10588 33492 33037 21591 2409 34643 27687 39668 33808 1999 13549 38012 20271 38900 23992 15839 10723 23913 35923 2846 33005 2596 29544 210 23413 20673 22954 577 3593 6548 35655 29188 28369 14690 14367 23334 15470 18690 10536 32559 23193 22904 20619 30903 28322 19768 23850 4273 24397 27210 17783 32830 23467 11388 28973 30122 28382 26139 6963 26252 14644 33289 6970 24490 7232 46 11281 15089 7327 31455 29442 1416 2367 16194 3298 32431 37318 33222 6392 26096 31487 1378 30931 8453 8852 21235 36202 23491 39973 97 4702 30886 31029 12216 29154 5350 7684 28142 33105 12809 27023 35607 35316 14566 39801 15596 6478 30798 31956 31604 10293 282 16323 11822 1969 15201 20388 8915 9694 6651 35091 37021 30693 2711 2260 20816 16511
19749 9650 11081 27801 26566 34440 10197 19092 18138 1913 39041 31070 9887 3804 15723 6528 34711 34698 8819 3849 17291 31794 38983 33603 2552 22106 18694 31815 8703 11782 20518 2247 36038 23709 38468 27245 37647 29622 12259 15942 12773 18295 8124 7835 34576 25777 19561 30692 346 5738 33090 26620 22004 24032 26652 8275 20759 22390 35450 2215 35317 17645 3114 6689 35877 19562 1504 19953 37306 26315 1849 39638 7666 30192 23213 21537 23216 18758 29090 2261 28109 22530 38722 28287 10481 17587 2749 25767 9507 10900 6357 19229 39407 26022 39153 37319 155 9046 868 38944 17460 34862 33194 39644 7544 13882 34051 14929 7244 26932 500 2667 14841 24791 34560 9868 25049 20209 6406 11690 2092 4738 28033 4829 35429 7471 14439 29878 20188 3609 11497 15821 2958 22493 36267 32237 7679 6893 37364 29439 27839 35004 580 38993 8579 267 7301 21062 23130 7591 19239 23778 33361 5849 7934 10476 27371 32654 19617 7405 928 5841 11527 19256 33267 27119 7226 2670 12572 34205 1027 20699 33715 3887 285 2156 17384 31712 10662 27161 16716 34250 10748 16190 28520 30169 30031 17752 21344 20686 24057 8128 26608 23573 25770 4949 18742 11268 18901 31364
25380 30214 29213 16546 23517 8774 3591 39291 9073 27594 21847 1721 31992 12736 19265 14182 17571 35146 22359 25383 7267 16838 16811 32287 27910 25950 7222 34925 24375 4258 20864 4982 22632 8100 31907 13048 33934 5744 14508 4628 31190 29238 30160 19715 15031 22115 38536 31173 33354 2862 13230 27661 878 12114 26008 11750 14416 30597 29663 32432 39045 29913 7245 7557 13593 33724 16073 9555 17838 6046 37791 11893 35271 10201 35233 29821 39646 33016 10416 18699 10926 31140 5617 35393 38081 11009 13466 29456 27711 12601 34206 11927 31099 17232 6418 39727 23155 398 17165 2997 32390 38364 20607 17509 39960 6064 38187 30408 27941 10142 20947 26850 20998 10660 38438 8898 27237 21488 35779 12607 10321 39584 39869 22637 28773 11791 35275 15979 3124 38686 7425 5301 4103 1374 3392 28885 30153 32296 11195 36917 15838 14682 30331 36539 31502 19355 24356 28241 715 17517 36073 13529 30191 34054 13096 13553 11488 38616 17401 32355 21930 9315 34352 21134 26408 14114 3313 14011 13936 16747 37894 18206 5188 23479 39412 30298 34236 17922 39071 19161 6751 24674 26958 17300 19732 35953 19862 15847 5636 19197 34164 25755 34604 38431 10648 14604 5668 18120 18567 4367
5874 5197 15792 6943 3711 36324 38995 10434 19701 27306 22135 21210 28049 2573 36517 29279 8625 21519 38170 36900 37565 5813 17241 15189 37308 1202 7121 21197 33114 4013 21117 39682 3050 13923 17274 16001 1990 14145 36586 477 24325 18411 31777 8081 39358 697 14695 9674 26585 23140 30747 10519 32464 24309 30400 32046 7975 7362 773 22865 30603 18416 33198 30977 12688 37735 28159 22818 33545 2123 24785 11047 27960 21737 11492 295 18378 35778 15960 35727 25255 26676 19697 4904 10700 7825 31492 22483 20683 25424 37111 15129 27930 4475 9814 7262 3648 13451 31964 36391 341 3577 38765 15944 31015 12382 27473 7261 35133 12407 39560 7448 21383 27255 30156 16602 12529 24881 31215 27109 12181 34500 17633 36750 31698 26521 37863 38273 2304 12706 31144 39386 28203 28978 24469 7195 38351 27391 19394 2937 1708 38485 11712 33268 19495 14831 20896 11986 12419 16097 2638 7700 14739 16579 22086 6390 7981 38005 19034 1443 36013 22852 13430 17801 6537 6484 37512 27731 9205 28748 37229 13327 11573 15931 9656 2027 22823 27197 30111 7347 27783 26731 31272 10590 20661 24601 19130 32601 23005 22770 28470 35415 33703 25372 4725 39192 38199 2016 27471 6117
17207 24332 20057 20547 5585 1550 30164 19867 20335 14051 14733 35842 12072 2501 3155 8736 18160 21922 4691 25140 15849 37682 27337 37425 5932 23117 27027 34213 6483 16568 32740 33270 16978 39956 38066 39429 34456 27139 36786 27931 21405 25707 19899 13293 21262 16623 24702 19263 33186 4032 36563 33895 32510 35500 37844 38955 2402 27442 9975 6877 31156 9257 35384 13779 12269 14501 17580 18391 4933 14223 35217 30725 495 8188 16157 30650 34168 27017 16842 38491 13072 1486 4707 34469 29676 7970 20985 24594 5656 7413 4902 19553 5880 37706 29637 39577 4575 28396 16127 14450 6729 16368 535 16119 22758 22387 29043 2354 27012 38601 12224 21925 13657 3330 22078 8496 17133 8184 20228 2531 33764 31442 32456 32754 30679 6201 15054 37089 17079 24971 1409 12564 5616 24086 36334 1987 34439 39627 15355 10207 5985 12548 20531 1230 36732 6499 18654 35357 24531 20061 919 39389 12006 6901 16524 23725 29353 11158 19369 8038 13707 34424 9115 8798 2583 2919 38832 3058 6807 29971 15585 33205 9307 1691 35926 26745 34045 11542 24449 35728 18421 11626 38569 23355 26380 7198 17955 30243 20493 21168 34813 32047 28305 6966 21721 11409 15526 8301 21936 34737
33331 10329 12723 16884 35721 18382 9432 27110 35770 33605 19921 34058 1329 6163 22653 26253 22409 39702 28698 13154 14923 22059 36654 21898 8077 7956 28332 27768 36787 28383 18268 11349 25590 2950 12033 18508 17260 1460 2491 17895 3193 39772 15711 11588 5272 31387 15829 29577 26507 18284 22341 37244 13248 6570 33458 3740 15174 24377 36196 17061 5789 6900 11809 31357 36221 26518 3576 9831 27997 6055 4435 25223 8551 31223 15321 39818 28098 21615 3753 3493 17726 8580 23525 3809 14391 18524 19542 15156 8863 29257 38517 39765 37194 35403 22766 21032 7068 12834 32824 29533 3872 5374 13903 34987 18538 4879 10679 17019 14481 36648 32717 26789 33849 11374 14436 31853 17439 8396 23735 501 16117 14267 4111 21769 11704 22304 7290 1783 33840 7722 15994 35973 5438 14102 20977 30196 32288 27300 6433 9582 19446 2992 37823 17368 8881 6628 11449 35267 36823 3864 1584 5422 15817 3463 30190 26240 11259 6740 957 39442 35670 2854 22225 14530 1977 35453 14577 7730 32498 23365 37902 39056 39961 9815 28178 22469 27275 22679 17414 4792 30844 5868 35060 37016 11289 14495 18716 11718 15166 30297 27399 1712 19344 9454 28874 7674 2657 33639 10155 24039
17758 11569 7865 9664 5992 35198 17662 7661 28864 8486 38285 27666 33054 39713 187 26983 28138 19165 10732 17420 1638 4809 28636 15361 39878 25276 18366 1924 31120 14403 1880 2208 5948 1319 34209 38747 29206 35175 8554 1700 38521 26927 32254 38346 8616 26344 6476 6666 12433 9160 32745 12570 3661 7915 1057 4507 32955 23487 36638 20707 16041 25583 23132 10349 26960 30819 1466 35269 31655 35828 20928 13741 1624 5513 10342 18470 20418 28392 32055 1949 18918 25363 37368 19428 26499 28289 21459 8463 4257 19191 7281 39583 11695 32540 3290 31085 35083 1102 34609 13403 4018 30787 20702 27682 6790 33307 8859 31982 13990 15574 38446 24146 24386 17619 504 637 32329 37967 6303 8315 22586 7101 31802 13953 5075 34629 8099 35428 10956 28825 14864 29562 5598 25154 19861 17642 25201 33867 11556 19569 36524 16376 30945 14657 10595 31065 11316 37110 34747 32799 18656 16051 594 4885 34253 9563 407 30690 17069 13853 38823 14113 10212 6698 22597 35705 31547 18087 37867 25970 3365 4692 24387 25991 10741 27485 34416 31940 24354 22595 18759 2049 14100 5144 15826 5278 18634 2390 24626 34277 29724 12231 3180 27353 36676 30184 27325 29088 27419 6079
38380 5898 37435 14012 22320 2988 37233 18044 5844 39371 39167 10787 4541 35147 16387 1228 13520 1526 30288 36752 39742 4455 6338 30110 34433 7653 7013 39213 3349 17402 1210 31199 35206 30216 13238 34750 21455 39723 20533 4640 3113 30438 20510 22163 38992 6013 34029 22065 38464 20623 28403 37102 1902 31183 8545 2580 25966 34025 4827 37399 15454 9822 25548 17321 13900 21474 1082 15786 23530 11402 27090 12864 7919 21679 37377 8179 38757 8553 24695 12378 26412 32129 25307 6345 20746 5951 3871 18536 35569 20103 9600 36657 5824 18807 23165 36432 3029 6007 4155 15102 18911 1674 26563 35939 3604 15314 8079 8148 4567 1898 37676 30771 5478 13262 33039 34044 10832 5141 14643 37530 32030 28043 2440 37930 37314 35868 5125 30976 11194 21363 13986 21861 10018 36055 24419 19845 31193 21966 11227 28374 3989 30629 8047 2457 25377 25196 22714 12011 5204 20292 343 37355 17031 28211 31714 31795 10394 19264 11112 33745 26264 39923 28244 16002 4869 31299 31091 3234 11597 9027 80 4830 6437 8352 17941 11077 26537 33272 13772 22305 16785 12884 28879 31553 17324 6662 16195 13013 2415 160 34879 33070 8364 5475 28819 1309 27483 5947 28378 147
5715 23177 34464 37703 17555 3930 39542 30840 11930 13762 21660 32098 25509 36480 3364 6015 32624 587 10364 38223 27420 28420 11410 29951 18525 18552 34261 3763 36796 38542 33671 33339 34179 23214 9810 10923 36416 30660 20354 37109 18578 14901 8070 37966 4694 10067 23152 5382 26204 27180 38504 34638 188 11076 4324 10472 32509 26786 28488 15819 16943 6994 4179 8634 37820 39991 24886 15283 7863 34756 35152 37121 29430 36805 15713 39780 11161 1495 36009 8702 36255 14203 33279 20457 4846 4987 3258 28552 25345 32146 9022 31165 28318 10907 20591 11290 38006 3177 1757 20011 20644 33577 12893 9193 3049 19055 14827 18645 9164 18545 14323 38061 992 9424 15856 21021 23667 14288 28217 5943 21720 19181 9729 27387 34491 1122 25813 24383 13261 27827 29814 19933 16408 16970 9743 20958 12422 4446 29795 31430 30546 6016 2895 13922 21131 16788 8865 17769 20474 32600 26028 23019 8673 17296 10268 32954 21164 4368 30018 5555 14556 6686 13015 18128 3837 15991 31095 33035 30296 29199 22703 24226 1590 36547 24643 16310 21051 9110 30972 21705 1043 28725 29297 11028 21145 10952 15647 35160 32300 22594 17352 31792 8911 27031 22267 6768 21926 1634 36477 26003
6120 1997 5581 2174 22291 6226 24708 16873 21353 23054 17779 29051 8048 7606 22661 7604 5386 7092 13873 885 22657 10468 9259 22375 15103 31710 22757 24498 22472 21083 28349 17742 37911 2912 2080 15293 30809 22702 37154 2820 13914 12713 7078 27567 3626 36086 32981 17606 17942 10953 31378 36530 17432 25633 2157 18802 5299 23051 269 11016 5490 1312 18235 7422 18532 35542 30902 11971 15536 34111 4548 27850 35289 5977 16273 13313 2980 23411 36366 2153 25484 31509 18955 31490 14432 37129 28514 39582 29291 12496 5098 38956 39977 16345 390 16329 183 1575 29388 32746 20795 27176 11917 26505 36499 18507 12331 39198 34313 30824 29044 39393 21816 10914 14142 1480 23738 8125 20017 20500 10833 33473 31945 18056 28917 4422 29762 5037 3939 17097 4690 24401 26726 38704 12098 33166 38503 30377 38679 31722 13100 9946 9246 15563 32825 21728 14840 35684 8290 37035 25971 37986 27226 33596 18505 4393 2268 19990 11034 7526 31014 10819 5314 34272 23731 36489 38557 35189 31692 38289 7869 10105 39060 5834 1342 22138 3905 37800 10609 5553 19900 12489 36281 7532 33916 1125 22028 21435 37359 32919 30634 38885 23268 4134 38987 19858 32527 29886 32233 6692
39437 20935 4631 11834 1596 29698 35305 5543 23278 39130 38985 2831 21177 24967 311 25060 27069 17704 10515 37628 12184 4073 15900 10195 33429 29881 18599 13635 22725 8683 38525 20052 15756 1595 22684 24030 39002 19812 35314 36947 15759 3062 17684 39037 7827 20560 970 5357 4268 14459 13999 2105 20436 37212 10012 717 3216 14165 9886 22522 37945 36110 16686 39227 13128 2953 32788 9534 22851 15745 23197 14902 2339 16213 2375 32189 36956 27686 22735 20512 29636 21494 17556 14254 15584 16494 22713 39931 1066 22662 22446 23316 24611 20665 10048 14874 29575 7749 39173 17170 10961 8539 26280 30623 11994 7263 10010 1390 32570 5456 39108 9235 35211 22607 13324 37955 14345 24007 28915 10897 14647 14078 29031 15545 6228 17186 3202 17086 3383 18375 371 4893 25105 3063 37801 85 13421 30825 17506 36694 14184 24703 23233 36910 33518 11758 32964 24940 29708 8840 19670 10710 9750 37290 4215 15824 31320 13414 12728 33134 3993 6736 7717 8836 1733 14588 32116 5011 2699 13943 2989 21159 28091 36969 10368 28037 19774 29321 20764 11581 8307 25492 29060 5793 1140 34371 28750 26457 32604 25386 13118 32187 21091 16828 19089 3006 32642 4098 8691 7520
26877 22311 33398 36259 11482 38750 1525 27877 8715 16095 101 4538 1834 18076 29280 11165 4730 25978 35901 34297 38126 8723 32367 12196 39191 6544 13686 9726 9184 23831 28574 32521 21536 32435 6763 36293 8877 12677 35625 18964 29835 13695 24079 20614 24679 28207 23713 37621 39776 3702 23307 32613 6540 4392 33835 32377 17834 12426 25990 24376 18022 547 1261 35910 31186 34234 7225 14243 23578 11337 930 37340 23881 4293 24921 31594 9917 12559 33854 6871 4668 38466 35219 5615 17730 15323 3639 3841 30283 18877 24089 39949 8822 8093 12567 24689 22969 549 20132 27602 15107 13415 20343 26647 35313 35292 1395 26376 18226 38816 19073 3347 8941 2485 18473 24448 6589 18475 15272 38709 38763 15618 19093 3517 22785 1843 5626 33065 25438 30397 6776 28565 39049 32984 17191 11803 27898 36129 26548 28930 7672 33976 26467 16458 6496 3209 36329 6084 31005 5629 37787 25454 12226 16539 2598 30729 2821 37710 18400 4708 34384 23037 8251 36097 14750 6273 37492 6095 9016 7118 39730 12392 39110 4772 22259 26042 27544 20615 32755 6030 33417 39015 7219 4252 26827 33352 11215 39689 20385 27279 27476 392 33817 21840 20210 33366 16802 35362 14386 5079
4841 13452 30435 2971 34383 11774 39512 39270 14474 4495 10477 32908 21799 488 15709 18249 8771 5020 33251 13931 36098 23352 34248 35970 35535 15671 17173 15922 29820 18515 39789 24270 33145 29359 33660 8511 23504 14854 25222 9594 8394 14031 36545 26002 22591 4454 2817 35382 7094 39500 15734 15768 29438 18346 17549 3057 24550 20970 32034 24830 5893 17857 8060 34608 36034 16855 34818 18779 3983 5761 21879 9147 16059 36985 9843 9497 32817 17970 37774 13879 20611 11935 13295 19390 831 6312 24180 15517 30777 3598 36607 6304 34081 20855 18968 21929 1643 8895 2416 10946 34177 24554 34022 4996 30957 12936 24380 22682 14933 7175 12711 3651 979 36463 9997 35698 19173 31774 23281 32213 37721 23854 28308 39207 38185 38175 35050 38925 31395 28709 7600 28282 19290 34332 3911 36659 14699 32389 7550 6688 31075 16720 14299 14836 8866 24176 17671 30730 20297 22850 27955 24331 9516 23210 15907 38927 27571 5121 20295 16070 12064 18768 9095 14441 4412 15637 31036 29003 263 8694 30180 28772 24709 38127 2469 8078 14659 9177 23405 15719 10226 11998 31271 23410 36300 21038 29422 37708 17211 8195 18454 36364 8664 32331 19500 8027 941 12412 28230 2331
37101 21574 19912 35985 10503 2205 37403 20670 14625 15384 14505 35965 34351 17242 18737 10058 18826 26757 37282 19214 21798 20099 16915 14225 18061 4172 26339 35833 16454 38497 11078 37416 35436 10111 35861 5731 31332 30960 37163 29780 26551 35756 20713 4069 11785 38414 30868 17320 35794 17562 32628 37304 14855 2231 22270 31452 14190 20407 1136 9119 9200 30076 24740 31087 18842 7881 36940 3903 20971 22213 19016 13461 19570 16931 9604 9483 10854 3307 21047 2652 21386 16315 22846 20870 14192 20703 35650 13548 15373 5933 13769 24970 32940 30661 38334 15319 33784 7570 5589 8064 30645 38537 6985 24749 10455 39076 10566 21865 27728 29294 27076 3033 32225 1381 9037 34943 10149 29586 35345 6249 16449 7272 37821 39637 36066 416 1444 36636 18097 24355 15026 14970 12360 8533 16764 9035 15253 4189 34043 16893 34455 24260 30534 30941 7168 8544 6919 18870 7318 28370 32356 16862 23087 13615 33922 10559 24544 26600 4192 1909 35681 29269 39413 22485 37483 26846 35899 5765 39778 35350 21608 19613 20903 27204 7224 9362 19727 360 15617 24478 24574 28840 16927 6445 962 22964 19508 23122 6125 30231 12024 4028 8372 5407 25593 19140 39405 14331 15830 7926
23333 33484 35628 34448 34340 20368 31952 21820 4559 31334 23176 6798 32535 31211 7500 15350 33427 835 19497 8645 26026 7941 38115 15190 12344 10799 6280 12930 35968 24538 3102 38711 24283 38534 34152 13086 7477 17974 25066 8498 20030 15546 1051 28828 34019 39557 3 10563 37220 8813 25558 5707 11346 13701 12171 12069 24918 39243 18686 2502 34385 6645 21221 21217 24307 2225 31542 16410 2284 24890 14746 14872 6836 13684 28286 1476 6384 39628 29168 12336 9520 15551 18772 23805 34080 21634 36587 13736 29007 9469 33557 27609 31763 682 9742 11467 14302 17502 29103 11912 36352 14196 12692 12240 31216 6846 17268 33846 31520 31262 22229 23799 31178 12039 12937 10280 17468 13224 5637 18561 22979 13190 1922 32480 38759 32173 23874 14989 16098 35193 17357 37737 16221 15975 2224 18848 438 32095 27266 7487 14684 22647 4140 890 12261 2472 23403 24987 19632 22553 16352 37170 30734 23378 19696 27695 3564 28869 26405 13583 23934 9019 35279 28534 12271 22930 20909 24727 38811 11201 3658 29750 6139 2110 25059 1709 12122 31094 31205 32056 33782 17889 24649 11124 22283 29689 2824 18883 31572 24241 20279 29527 33486 36599 20934 19301 36939 22389 37426 29400
8622 30477 19317 29775 11795 17925 25873 17311 1933 2406 34700 39410 1196 39479 21269 26014 24562 10371 30444 12230 12814 33562 29423 16417 28517 16946 32332 37037 12983 30507 26314 21596 28234 2558 5176 21575 24313 22182 24586 19693 20575 25736 35299 16755 9770 15593 22899 33327 11387 39283 19869 11470 12197 21643 29751 2802 33496 22642 9364 5494 19748 13095 34187 39111 39274 323 28568 12246 12986 16093 26011 21762 19211 29352 32849 38735 13994 21361 38097 37354 2769 35095 36875 16017 10885 15262 33430 37467 28537 4425 5763 3811 17496 13307 23996 9559 1847 23182 28473 39248 10087 34074 38447 11327 5559 38091 19031 19976 38157 36109 30474 7423 6334 34815 1479 21507 166 28931 5787 33091 39804 1473 1810 18618 33150 26732 39852 6965 2201 33391 18376 10608 32994 26890 30186 33389 34082 13799 16185 24721 2536 3165 36731 39802 19600 28499 6266 11115 25233 11118 14034 529 34138 3824 13431 18749 39558 38630 24583 36574 39579 6880 14221 35807 7254 3275 29259 1357 37473 39290 37218 39370 26751 21690 14938 37786 27598 7521 32066 29614 29418 23606 8392 28854 18288 16753 33667 13850 28368 1566 27507 23748 14144 35247 31748 37504 4201 28845 14293 12005
7415 15860 31191 18275 24793 13070 1912 1049 36498 34556 36538 29809 16491 29171 23596 33813 3777 29890 23009 28131 30099 9277 23833 2186 36803 23580 4346 39335 14686 4161 30244 32401 6386 27506 32398 5833 29876 18814 37534 2779 33891 6516 20125 12653 34751 26419 18786 38852 24597 15872 26226 38436 14863 20173 36078 22198 8069 7429 13854 2313 22623 12635 5752 32631 30928 4280 37207 31797 4729 10141 9349 34801 26564 33276 36170 37570 39907 2592 3390 4181 31650 34894 8316 2543 38456 12023 16863 19966 12223 28602 30294 25786 7130 32952 34663 12609 19493 37936 29767 31826 16076 16934 20578 258 5192 21142 22908 6011 30024 14581 6192 12451 25610 36877 30219 25187 32827 19403 5442 28727 208 12500 21468 27600 20674 26431 18647 3142 27932 9265 18314 4961 12147 21917 32472 16714 21149 22673 21774 11957 6983 9337 28797 10785 6342 336 3507 13949 26805 4608 29666 11932 2122 21308 32644 1262 2423 13770 10744 28401 14515 15066 24076 27889 19441 24610 5667 22124 12641 20735 1689 26215 16928 17185 35884 18323 25715 23356 22134 5846 2611 22149 8253 18804 23330 14914 24515 21842 36116 18784 1245 332 21356 33797 801 35907 10325 26654 15500 6703
9798 34210 12658 25722 10339 1697 24197 39553 19121 30371 26317 35463 20966 18704 39109 2623 17175 37725 35419 33175 36993 21629 20365 1336 21153 36561 18152 6218 18000 18163 12163 24557 34746 13966 27298 29569 32086 25915 36142 35376 22455 2430 13521 29715 36521 2744 31496 27915 376 38796 18141 1767 33942 11279 27511 17405 27356 27049 37858 14428 27814 13957 7182 17039 917 6765 16556 14728 22698 24946 8402 1205 20053 32963 36368 18129 26034 5435 9727 21521 5423 14105 36448 23528 2567 24825 20922 23025 13425 33786 26063 9880 4175 18787 11319 21003 27619 9549 14098 29328 15002 19404 24185 5897 8864 29366 16684 38034 4378 37778 12424 14460 5821 25324 6447 37242 39385 28058 22677 178 24485 18445 12931 6572 24023 2127 9414 11892 19037 7636 36101 25616 5348 31858 1943 35772 15494 23375 9082 34211 7442 24063 10629 38002 27006 28053 14640 217 16954 36210 21035 12810 522 8985 31559 32020 6972 17937 20862 13091 37345 23703 14065 14468 20881 3684 14382 611 9896 21855 23283 8847 13536 7052 34451 25119 31842 25652 8389 38888 29323 6463 25415 3320 24917 27002 37135 4138 4659 22249 7325 20669 36059 18088 30793 17000 9544 37758 20482 37908
29070 5152 5447 35568 20072 34767 29026 20246 14756 32967 31989 30427 32267 13071 11635 10736 26257 26931 24202 1222 8420 38625 22768 10119 5078 27926 29325 15300 34628 28970 23052 338 31969 33913 2981 24838 33494 9636 23967 10756 10920 15438 7912 26523 16703 38660 34306 23954 10972 24560 3893 21601 20959 10344 13181 35483 35306 18425 22268 1335 39814 2968 17103 3086 37538 21945 17971 25445 22358 33621 5991 20819 3345 8805 2338 19830 18963 7734 6271 21460 17095 14879 6816 23163 22802 14275 30084 19019 13079 13832 33432 12753 29984 16804 6387 35998 11591 19374 33115 20952 19566 37057 20137 28650 12450 3882 34105 39781 5889 13579 27288 8259 1075 27965 14763 7664 6114 9392 4705 20505 10687 29736 10345 9229 12851 23321 22111 37503 35106 12612 20885 14326 28720 29733 4687 5157 30612 36083 29678 36412 10925 17767 16669 33560 28743 32979 8328 37803 24098 5406 36494 2694 872 35616 18012 24864 13631 13354 4927 35256 1625 2148 34947 38021 27504 30083 25440 5427 29870 5005 18864 31780 37847 39536 18311 31618 5069 32985 37221 29710 12081 12291 27766 7409 28160 12565 23271 31286 17515 19139 24402 24266 23070 36557 37532 9366 22105 7627 9998 10699
35294 35987 27659 37990 3896 39423 6282 15705 31340 22361 6012 28199 6241 5720 22952 2681 14276 17026 25541 13250 6664 21914 5690 16258 36810 23162 5221 31674 15276 7330 34718 19104 17448 15461 29737 29605 21336 9434 36891 15244 28454 16429 18846 6706 13259 9912 25188 2526 10913 649 18849 36734 32220 20891 25976 3334 11882 12320 27124 6827 24767 27707 34124 15134 1377 31290 20256 5107 29111 22308 22430 23209 14776 3852 26255 6859 21512 6306 4387 5282 10728 35363 4481 3876 30598 32780 22936 37201 36701 37146 38973 21031 7160 5338 7558 13043 7176 26281 39539 27221 257 27859 30146 6649 3806 5174 29830 9426 24878 2192 22326 18516 14094 17316 15375 29420 7640 39938 37527 37596 1337 18503 32272 17778 18915 22649 28728 20701 4395 11519 34969 31949 29166 18790 24742 39205 34300 23527 7023 11041 37561 35824 10208 21707 31678 23015 19669 33257 16533 29900 18797 4266 17966 33836 34548 30323 28029 17774 12856 4204 34930 8750 34530 32024 26323 29581 31108 33970 26152 24891 22061 17093 9556 4749 30552 29128 12646 28032 29871 16162 15090 9195 12236 19575 22873 27689 32221 11321 18986 28876 37259 25379 32648 2132 27454 15275 33356 30857 3386 25490
9861 34588 608 16894 28057 8760 36291 35214 9093 22886 12557 28423 19185 17608 14553 29648 31747 24196 22220 7561 20334 25077 8379 19546 4093 19194 28729 39490 20000 27610 29286 16869 34030 25547 16953 11439 22297 3631 20555 25831 38675 38280 26919 9275 179 5302 24459 2730 28065 6252 27472 29133 5365 6328 2481 25894 1632 21105 11552 35223 12165 34837 5001 36980 24163 27954 3206 9250 32343 21958 19919 22898 4269 28752 19431 32438 16178 18953 12626 11441 20905 34505 18423 12669 11376 16549 36677 4396 32211 25268 19750 19356 35202 4557 32154 2974 13722 15552 33826 36635 31291 7516 26749 38922 30956 29747 35888 29568 17676 427 38929 25861 20021 38098 11710 24129 20417 6174 20871 39026 16330 34493 14711 31499 6923 17425 17328 15411 4679 30309 27648 17936 31866 18263 37601 38903 26075 25311 27020 17187 1534 29994 8893 6021 39517 21165 25433 33219 18377 29216 21636 130 39695 22551 17599 5217 31670 28924 10701 11854 33504 4537 741 10562 29065 34084 38078 6849 17911 38174 6882 13969 3294 10392 31287 22169 5702 30784 1686 1256 34601 2927 28251 36016 37072 10691 19115 37335 24939 9062 34702 23076 32992 7528 21226 30632 16151 9491 38539 35491
31644 14265 5058 31758 6200 13126 11510 23569 35854 13246 33050 35751 26440 20392 19143 18882 23442 30402 6518 34070 10463 14816 11392 12175 5190 33448 32995 30648 24349 12815 16947 11198 30066 6884 25703 19643 10227 12556 13263 7965 39465 26305 35644 20625 8460 16305 9201 7887 34851 37603 10308 33463 34730 26025 35646 37394 33766 27407 29793 36948 7770 33340 25667 28367 12509 19647 6532 3990 31762 19785 18231 25882 23734 38179 29639 21891 38345 13083 26987 35422 22348 31973 19131 19995 32706 27633 3339 5111 508 33532 22928 39084 16622 17637 20384 2826 9100 551 6331 28984 33158 35389 34295 10899 38141 15220 22499 27589 22007 19334 26036 10052 11069 4458 2211 13477 9105 6632 18606 39343 5573 8927 12613 25442 3751 16770 38284 11162 4735 10263 7944 38478 27370 29034 9287 20130 1396 37697 12892 10601 1558 8039 19545 30045 37080 2715 25434 36114 20797 20394 13757 3411 24339 38313 32694 21162 39854 4767 15902 36577 25853 2772 32093 3256 38520 19988 28862 6001 693 30068 32250 33573 5784 21084 13506 38484 22925 15440 10981 38486 23192 17798 14954 36505 32402 20310 4854 9749 27531 15489 16545 26275 17010 6479 39770 38589 30303 909 12749 38248
37307 2850 38624 4756 5123 1298 16146 17992 2003 8017 11842 10491 1273 11191 22948 2219 9545 28798 25750 12587 22079 33165 20948 1891 33426 37645 12519 19712 38063 37992 4717 33030 8823 4467 4630 35178 8483 33472 28799 3037 9087 5839 19496 26767 39212 21952 7644 20313 7148 29460 35094 32554 31390 25674 23048 8962 21526 25937 27865 33535 5838 37188 36662 3065 35081 17802 35922 18633 34309 22392 21712 31210 7047 21465 10805 7257 18734 13309 26198 8350 9980 15605 10478 14527 36475 38740 29116 39788 37040 35066 22438 17794 12144 2872 32873 8028 23393 18812 35383 12838 39013 8295 11559 24768 15048 24929 24737 27126 21665 26147 23675 35454 39332 14446 14076 324 38101 31335 37209 7945 10861 18461 37865 22371 19599 37557 28987 29450 5336 22279 22837 28051 1388 22427 16929 13060 26047 39656 26000 16845 5859 5904 15965 25243 11296 18164 25926 30026 24884 12284 35723 39876 39093 34146 1078 9038 31350 33533 33664 18895 10046 29246 37948 5470 26183 1045 34225 26029 16962 6784 36320 11002 34460 9377 7842 31041 30008 15491 4232 9881 31040 11266 26621 38634 11625 2453 15340 25350 29293 19868 28128 4681 28893 33346 12747 16174 11518 14199 34337 1297
13948 3883 7582 284 19277 11586 29189 37510 25825 33773 5703 11209 33436 36145 25884 1571 11733 15347 14062 6861 35210 29893 15570 19241 33959 38999 22881 19608 37524 8644 4752 13182 784 7819 35839 9276 23516 11852 34024 32130 5226 1688 9006 34199 14687 12129 34368 29299 10772 21442 1002 27679 18613 1068 17700 29773 5105 2542 16314 5496 28516 14005 24642 35718 19629 20937 26456 35955 17072 13146 38499 12629 3303 11780 14327 29244 3541 7784 18218 23501 21748 6756 38633 3727 8361 11706 33823 23855 38238 22251 27171 7507 22000 4887 3220 4002 8617 4853 29502 32828 3532 15058 25956 177 9023 24973 35248 5229 31510 28591 4306 14214 37013 21635 34594 34073 7084 916 28379 10644 6812 12166 36052 17623 2245 6542 23604 30394 12907 27446 16492 8658 18951 33564 4339 9618 15324 3548 5565 32081 30616 22248 38874 37268 34303 12772 13226 29067 12731 22314 796 37404 2941 273 26478 9706 15251 9389 29190 6642 5399 39263 19866 729 26169 11157 31298 29652 12593 8733 30717 24719 6415 7154 14959 3454 12917 13388 26135 31270 29149 710 28341 29903 15422 19982 137 12115 7201 15101 10462 1739 27788 8127 14280 21327 39188 6481 30109 5346
28272 6875 18342 25564 38010 30356 19734 29980 24536 24403 27539 18588 27885 18680 21734 6635 14111 21886 23236 14982 25014 34610 22708 32164 13021 34410 9710 5479 818 17807 15219 35960 37529 5049 11942 18836 34286 39711 11624 28831 7609 14971 14080 17727 33587 16754 437 12860 32915 24204 33651 13089 6825 29345 13711 7031 1960 2954 26050 23449 15045 36817 34166 3032 32197 35319 5161 30593 2258 20557 29309 3096 20389 28223 2814 33955 32206 15883 14131 6421 14046 35944 30581 18949 28625 18401 33592 20205 12819 2945 25638 31325 26216 11761 11694 7592 6583 20395 37031 7630 7240 31006 24085 25622 32882 20583 10019 3329 23099 13010 11353 10485 22863 12339 32925 21604 1488 11429 10573 35957 33323 12787 11261 232 6917 27444 6551 32821 25141 22769 15459 32777 17511 34717 11769 33569 23666 34592 24895 23329 21811 30922 25144 24648 24750 15899 33783 15557 14619 16198 9342 23777 19747 13211 38691 12303 29512 28390 20851 28567 8897 6792 4194 33624 15535 22292 34923 16955 39237 19085 1665 32266 4814 19916 15951 39204 29156 36277 16053 2307 22110 13997 15431 21910 18114 28112 31281 20307 12332 7541 34901 30763 31761 32457 4509 26990 19389 33661 23351 13314
35190 3024 31531 34137 36065 5509 20362 5281 350 17871 19865 34474 8424 27591 37696 17576 19991 31253 31071 25501 37095 36146 37779 24979 39054 19981 28956 36799 12286 32426 34791 21171 9064 37387 18889 14890 13774 31875 32316 35671 13476 32606 23206 13996 32467 3456 28948 3549 25061 507 6648 15287 22875 528 7877 35706 37081 21329 601 11344 17213 25677 38669 30748 12797 24733 35711 39921 24716 198 22729 9338 22533 3907 35789 33295 167 5584 6835 8709 36566 12150 19146 2579 34524 17235 38473 36979 10746 7744 5732 21088 13214 5950 31733 7421 3207 22815 877 17622 17896 624 20850 39837 20357 35725 29758 38716 38721 12763 9059 34821 25648 28639 32769 35495 20595 39271 38040 30431 36598 1246 28134 4616 9941 33771 14787 14655 7393 19884 8994 20316 28085 36094 16994 7874 30525 22271 7113 2885 31354 32974 7769 12292 16812 32864 24154 34484 17228 17739 36076 18592 1540 21954 22212 28458 38305 27333 17449 14858 22274 36315 6724 12530 29516 7074 28823 11025 39206 33627 28955 31974 39724 24809 30614 783 14740 19116 11991 27775 17639 9731 31212 23404 28069 16416 33443 27268 34926 13505 3966 25082 21388 13243 28595 32159 30795 26717 11836 14629
23078 3738 8459 36447 36371 17128 25810 26973 10383 35843 652 36946 22941 5632 16366 10825 9541 4419 32032 29938 10685 10028 6536 32709 37855 5713 27948 31407 39480 8784 28932 10009 30075 25270 34986 22199 14576 33042 9513 10071 18040 31251 5376 33207 26519 36528 27338 34677 7292 19013 36582 1138 23549 29144 5195 13586 30086 31200 12124 33893 38369 35218 39735 21206 27808 39374 22386 20448 3215 16713 25908 18353 23010 6573 6940 37640 24101 27289 13642 17914 38000 11638 283 26543 691 9388 23766 26451 18931 5373 39716 3389 25943 37351 14638 21434 24006 32820 36404 37293 18672 33547 35999 31 31347 26052 33113 19491 5847 27929 12486 17817 154 39384 10688 11451 19174 20541 17137 36857 27365 25644 25935 276 25092 27624 13709 3805 841 31220 6987 39318 31132 15185 19574 18867 15017 14134 35611 22778 24186 37588 9836 34408 25824 11355 17182 6596 11574 9397 31409 26785 2616 27528 31366 3332 7802 24529 30022 22080 14097 7212 29055 10108 37486 10856 17145 2910 20142 2086 30516 3941 4078 133 12866 30380 19819 36258 12527 22853 24335 33880 12480 16285 33405 6213 2355 16958 25172 32312 10869 13965 11889 34687 24539 4023 20405 8611 5440 22638
34147 9003 32289 37424 19291 20288 17345 18663 11730 33229 12225 17631 24810 39349 11176 16029 13933 18426 4185 20054 8725 15905 8737 19649 9355 18940 30425 23978 6841 22344 17240 28651 38501 37950 32698 29925 20805 2700 16562 17098 13108 27304 13088 12941 19205 4426 38424 14084 29032 18472 32153 23832 25723 14191 30452 34769 5971 23581 39717 22878 14054 33742 26856 10446 1646 31063 29138 17532 28205 35322 34260 27829 19382 18674 8523 33807 17462 23682 22906 20401 7202 31426 38606 30369 4788 1863 18308 16135 12397 4821 37116 39785 3097 13706 23128 4697 35252 30451 29098 10404 8222 8488 27177 26840 2923 4225 8095 23927 25918 33092 5377 39839 4572 11511 39497 39101 31937 20727 16251 2584 21562 26787 9959 4326 30396 33465 38378 17875 14310 24450 14934 6212 14627 30686 34269 37497 3414 23150 9850 28404 38058 34517 25292 1311 18239 29522 4886 23859 7752 30174 27435 4528 31024 26755 33791 39731 32322 35283 6234 29987 24904 38237 21287 15443 16455 36347 30594 12302 21902 862 32893 7621 8150 7007 39829 19707 28007 13659 36885 21318 27116 19490 15304 35476 2615 12179 34226 33402 13283 33369 22102 21689 11896 30907 25497 20274 39273 6946 8527 12955
18267 12205 30646 8851 12325 39766 19393 20421 12792 3561 19664 29520 22388 32078 16591 19444 25692 33189 1331 18090 34 39650 9417 8371 21980 33001 3823 10038 6154 20601 6997 39262 37189 12510 23396 21927 9284 25898 25041 38904 6866 7056 37846 4379 2815 18970 6164 31637 28364 35059 10390 27014 24978 11571 28008 39017 18586 2383 18182 34233 6411 9958 2369 2365 30858 7560 24748 37812 18774 32634 20463 27053 9472 13142 39722 35161 26325 29040 4372 9485 26106 7059 35993 11074 24602 16294 36714 17195 6086 2640 7414 11185 16167 21390 7817 39820 6225 7740 17733 4303 33470 2109 36500 11485 38671 2859 39914 29322 8672 20082 6876 34873 36286 2312 37343 9987 7776 30837 24373 21334 27558 11151 2108 36122 25329 17713 30468 16312 22731 33338 14654 7005 19514 30057 12379 2762 3338 32854 38443 25818 21079 28475 30752 3602 10791 1914 22486 34010 14392 7173 14903 14626 32778 17171 32483 4041 27064 7906 8928 5691 32838 8061 23007 6872 9839 18057 11735 17777 4654 16250 30308 14099 22003 6898 19023 28630 462 5068 9126 24066 21654 17012 32897 14110 9267 39352 8285 24575 32022 34107 18667 31157 24763 35054 38411 9309 2039 23818 35281 11685
28751 30917 21539 7335 34752 37273 26875 38001 19993 20255 23803 25535 1235 18348 14061 25394 11790 23354 28375 36533 32753 7004 2394 17030 865 39193 2610 28054 32583 10847 11066 1113 38144 24334 15088 36023 22771 35830 25963 5429 2163 21259 25586 24823 34435 14256 3262 24516 29072 19769 38767 35172 38292 13527 30376 17723 750 16309 29428 393 5080 8108 15561 19612 3508 21073 926 36683 39464 12383 14465 39598 26004 11193 27498 5471 34783 10585 29499 4229 15607 39475 22132 5181 39524 33512 28749 16625 16168 16490 38951 39891 31569 33616 7009 30005 37474 560 4828 31975 6757 1375 6980 6829 28042 27203 33191 35865 3981 6326 32917 39030 5981 36693 12157 7568 2712 15615 3200 37805 3034 18661 19975 20494 29887 6492 23634 16353 16600 29375 30863 20577 35261 16827 21565 39160 35399 34375 1387 18942 19790 8444 25282 7366 25421 13432 20950 21228 170 18343 1602 19691 27708 21746 8083 25409 12919 33132 11137 30329 24004 23392 33758 2516 13988 20312 31155 24182 5283 14741 24883 36458 27223 2255 103 21385 32278 28989 34918 23387 39022 11188 39043 7910 20779 19541 12891 27804 28523 11909 3046 28141 39305 19230 26968 23715 10871 6581 29283 1986
17334 18871 27986 29862 4710 11436 14512 12361 26996 22435 34806 32415 36473 13257 38224 35969 21644 27944 16887 13151 15211 30770 227 19806 38362 5310 30921 30715 23609 19891 33526 3992 26316 11903 22260 7017 28913 39472 4951 7372 35587 5007 25076 16128 37734 20230 25504 30094 35470 1279 903 9883 27467 3946 4451 8632 25489 20873 19127 28407 29303 8464 17600 6515 12783 28783 17711 13434 5767 28637 28150 39286 35849 16225 38031 9568 30987 22422 39527 1940 4995 8613 5851 14891 38368 370 31341 26347 8452 26967 17792 13449 33641 8641 27174 37766 18496 2376 9624 8521 36933 26337 8954 22117 24935 871 543 24 4602 31327 32345 29936 33862 32784 30565 29087 8472 28575 6381 38088 12642 7247 15512 30424 13410 32737 26465 4278 29508 33812 31927 32071 19377 24058 19557 39659 23250 19281 11100 6132 13094 5654 10292 14457 23937 30540 33733 19395 35213 32205 19897 39052 1619 4627 29719 28644 33989 17981 25733 3154 237 17122 37053 2521 37156 24942 7844 32366 23736 15113 12047 34421 32324 23983 34432 21528 27893 8091 31160 9983 8726 11600 12872 15433 15160 4047 15170 25832 2961 38072 29765 30001 5657 7416 24961 21985 33151 24754 38184 22406
680 17660 1483 28099 31896 23740 26746 13446 35200 19270 16274 10632 5906 6701 21166 34488 12307 6399 15910 27007 27503 11308 22589 30393 26776 6967 27361 18598 39555 24655 36660 18806 9638 8436 4152 27314 290 8338 27389 13834 15339 9077 9302 31295 16574 9890 16523 18313 12415 26027 18553 24005 10406 7473 8615 18522 9181 4010 26552 31657 34035 5633 20694 27085 5920 14125 18981 20893 28599 29842 23943 25566 3671 29347 34001 12208 13605 16435 25505 32035 7435 17994 10074 27060 34377 32866 5449 12434 26496 33381 36774 9974 6215 27019 17009 29901 15836 11923 37536 23161 36089 19961 8287 13516 29949 26287 6727 32085 35334 14210 37952 32772 5009 411 28536 7648 35672 5823 5048 30733 5926 36565 775 33852 21251 30040 2757 13679 37097 38339 1216 12013 3645 19248 8177 10238 19757 4083 28231 22088 2395 18650 2644 21430 29671 9139 27200 4087 35126 23353 23244 21324 10118 1487 19118 36868 27546 24320 19150 4834 1666 34558 14159 13852 15793 17225 11257 29409 7512 702 31413 29270 16610 35056 25856 22340 433 32978 38163 22738 30542 38577 7725 30227 26943 1394 30567 12873 23611 32193 39978 39896 35132 10099 15082 32348 34364 8362 31171 10868
2243 12730 29489 2578 17952 19320 17818 7213 1557 13744 1163 12842 22242 21787 25000 36177 3715 12682 21613 11949 16933 10592 9040 11361 29857 35814 26447 26628 29174 241 10013 36418 5133 3361 25118 18427 30338 26454 30275 21732 27612 26354 31177 39369 19510 12918 3937 27815 526 29114 33364 25179 20553 10530 4561 18018 1670 22692 5845 30867 6556 36304 21232 9383 12761 13926 19783 20976 31493 23886 11173 10753 25778 37520 14313 16603 17221 11399 14047 24073 1429 2343 21609 19998 13377 4745 15203 14584 19280 11128 12732 5956 27009 23262 32794 15559 26713 30768 35226 6931 10397 37792 16469 2048 20815 28068 14766 29071 822 22527 15568 29068 12520 34193 33595 26696 25697 24831 6850 3793 254 39169 39422 33003 15641 8046 36898 29307 9499 15325 22883 27710 22909 15735 18150 16834 5783 9477 14409 22385 22608 30573 3427 26788 21089 27400 26633 36246 15915 29097 6622 17630 35537 22153 20504 38033 18007 5312 5514 37263 39982 27247 12586 35529 27205 28342 15841 37070 2414 23617 19499 31567 5240 12524 8155 18673 1271 13054 32660 24427 36367 14859 21920 21599 17929 15412 36173 9420 12315 15663 2515 35818 37258 23595 14907 38265 10950 4240 39406 16004
19286 39284 7689 9450 19151 27138 10686 11146 32064 26251 28208 13875 14635 12152 26506 28384 20181 36225 2752 39299 28509 1226 27537 29373 28259 32612 13352 23897 10940 34348 23924 9768 23346 25534 16536 10299 24191 34607 34238 2960 1846 27919 32528 19515 471 24682 36954 22759 16275 25561 22699 33609 22347 32629 25285 1829 31302 6239 31233 405 22523 13993 2269 33833 21113 35719 21441 26464 15595 39170 22157 29054 7696 6713 17847 13012 9781 18126 33314 9524 28768 35736 9405 30245 5298 24524 5085 33690 37251 21621 30039 11921 24635 26822 23806 39976 26939 26024 38646 11024 9165 32863 6718 5601 31188 6555 30171 11958 30998 21075 3706 22412 38219 34833 17947 14948 32582 29664 7957 10275 13123 26591 10718 34868 4875 29873 36327 36467 30741 38974 13444 25253 10060 694 38406 36994 33162 35019 27404 12647 21797 28594 11516 12374 38396 38585 21785 13541 36959 10635 25563 22403 31436 39935 25543 3013 16681 34881 15240 4599 23308 38262 13634 22042 14343 25772 13963 34991 457 35181 35958 20641 28766 2576 28648 24081 64 19098 4845 34863 35963 34869 23976 13675 9486 33735 2882 27996 26046 20220 3839 20904 23218 3963 24338 8399 17837 15732 19209 7283
38581 38032 27681 37559 23174 13771 33658 28320 26710 24238 4301 4241 10790 37203 20774 23614 6196 1507 6206 2499 19555 27286 16949 24653 11802 34406 36588 20238 1612 30861 34836 16856 10789 16938 39372 25019 7720 16672 30121 15406 152 15442 25487 28221 9308 12701 23309 23080 19833 23522 13653 7203 30272 10677 1181 26692 24713 18399 22604 17747 37574 13101 1274 24517 7239 2770 10600 12825 1073 22885 18407 1447 34705 10399 8385 28726 339 32599 34934 36442 23040 20886 9211 22528 10156 31068 34683 2663 36847 12925 17949 7490 34835 15365 96 25642 2503 15238 12637 1633 17138 12620 1239 25042 17621 33541 25051 9436 32445 24169 35458 36298 4922 24868 6971 446 3629 12188 32006 33613 25069 13919 34679 7243 23841 14143 22109 1006 7062 1681 31276 19847 22413 12760 13256 22083 28359 27104 26227 22490 15448 22201 15550 3144 15049 37701 33589 6982 8129 21005 8411 14396 5576 37023 24541 310 3910 30044 5340 24951 5949 37685 26581 9634 1008 14610 21012 8537 779 9906 29883 22343 9693 27089 33675 4464 23030 39244 9124 14732 18886 33211 39777 26375 38959 30496 11400 35250 24518 6184 37475 26311 29017 32887 23845 18092 33729 22796 3953 21466
23677 10591 21352 34125 687 31363 14260 29964 34117 32204 11590 1723 39098 19227 35659 23891 38148 24924 25341 32313 12406 14357 21713 18917 25895 37813 230 32704 33424 6906 28850 18678 35324 26085 1959 33167 7575 23932 3995 1227 36653 13967 37008 15021 22710 6089 34984 5275 36323 29426 10041 34072 24511 25009 11509 36476 9548 18242 12411 24873 24900 17474 34335 18642 38017 35385 18979 2985 25801 5929 14502 18025 2687 35084 4971 31561 8072 27632 12807 20098 5921 14234 2486 14430 2812 2917 23298 33809 34273 20360 35398 39643 33397 24109 17110 15205 37 21518 24311 8258 38449 260 948 34974 3245 32280 16100 25112 23699 20153 30116 11418 29734 34214 18014 30500 33434 28690 5878 25494 14560 27132 38997 26849 14811 32036 13440 11833 7911 17330 39307 27718 10295 24333 30362 18602 16522 30266 24393 35480 4796 384 9692 21192 15673 18404 13755 37153 17306 18565 27667 22859 11521 36921 28295 5975 10464 8879 428 7057 31009 25134 20129 348 37577 6349 23272 32362 38594 17233 19462 13581 26178 10684 34046 39827 21545 11471 11045 6000 39161 22464 38839 36738 1229 17259 38138 16717 24723 37291 23492 13024 17119 16803 24474 8199 2513 28405 121 27336
31375 17833 34508 39092 16521 21742 11929 20610 1945 3421 8231 10709 34418 12268 14679 38715 2155 18809 21676 23966 13022 20403 25177 36579 30506 7116 8735 35977 10654 18700 39865 13651 2655 11178 28120 18652 23242 9249 24887 6233 36393 26121 10375 34461 10401 22039 27822 7619 39507 37460 39309 5018 243 25373 36113 5362 1 9718 4025 19160 21502 34145 30738 17464 7751 31954 28674 8841 14237 38555 34578 2270 16977 39100 19409 28535 19276 39871 32591 4356 8413 1871 2054 12636 27922 23706 5905 3312 16019 32358 19399 4237 14135 22216 22800 21833 13632 21863 1195 23681 14433 2804 29665 13164 7 34196 2017 25746 20136 38363 11358 34781 2608 30620 30482 15215 38978 33910 13045 5721 21389 13371 11878 20752 36608 35590 4473 32084 37811 4113 27725 25518 33072 11666 31050 34282 27096 36167 6552 9413 25774 10962 38963 34860 33378 10223 30038 14244 37509 159 14049 17198 26244 21908 8274 34245 14853 7332 11570 24398 35875 18254 15478 6144 4804 9501 23542 3732 27553 2452 3846 17071 298 32941 4386 17508 423 5179 16123 39451 14860 7985 11598 33421 18890 23260 1664 29220 39697 8592 18794 16557 30253 31260 38121 22374 9801 39733 7646 2653
668 27583 19835 22114 3909 6211 21835 26232 39055 22408 15715 28474 23838 15533 29922 10147 8891 35336 30893 16122 21711 408 17570 35282 19904 34342 20135 32758 10110 6493 32228 20622 14320 15644 10567 17784 2928 7559 14777 11432 35270 11430 38469 27262 13389 32449 38309 27000 6545 7540 7334 21398 39515 39175 12718 2686 2784 23073 18330 4579 5492 21783 29477 30168 10858 39149 17901 12192 28261 4221 28847 20783 17919 16468 33343 8745 9004 2914 35236 10692 956 30167 7658 20737 28025 30034 34999 14119 15539 3416 38610 31633 13032 20738 38511 7950 23625 31769 34768 2356 21572 25514 31916 2310 17900 12203 7061 26539 24824 8397 7586 27714 4798 19731 39435 19855 6204 22294 22275 30157 30445 29743 34182 647 37562 31555 34075 30335 8661 10646 17928 15919 37350 24291 37177 3038 22331 30067 6148 38835 19357 10792 21411 37450 28 5067 5477 15019 20226 26819 409 32888 24988 27722 8395 33208 22734 18244 19102 3589 25941 13408 10917 32814 20837 24133 34773 24521 24177 26997 19489 33580 26126 19132 1710 20464 21999 21760 32874 19780 335 20817 25899 32409 27635 4746 3404 19875 10222 20007 4614 21758 38756 592 11204 36896 26985 37018 39605 8451
9716 38774 5603 20708 27540 35024 39312 31911 10445 32075 34670 245 23429 1079 30134 17510 5239 39267 19083 6107 33601 5634 25463 17882 9649 23074 36240 28149 12104 10496 6160 13976 2056 3632 32386 36132 10722 4319 4037 15980 31004 3405 34476 29120 11553 20096 19660 31317 12995 27489 9788 34506 33055 34130 3721 14951 11980 5396 19363 2324 602 19273 4883 13260 18621 17634 27940 34287 29155 6579 29181 8920 29093 14563 23289 3817 13284 1693 14090 10738 33240 21044 17411 2792 13813 3022 1310 32349 39698 38161 2266 11125 32481 12594 11006 11413 9707 23648 5635 12715 31785 38254 26473 1189 17492 5519 15537 17884 12956 22585 21744 24835 9473 7002 14819 16780 20654 32421 2218 22338 29764 36288 28414 23973 20178 23780 19744 15316 31533 39032 38799 14586 36292 1556 38946 14239 15608 21359 20203 24654 18808 2329 33936 29650 12776 8842 10717 28796 11189 39417 29826 17519 33628 37842 3797 31536 31306 4564 25470 11414 29576 25393 19351 31117 1281 33730 15865 23837 14420 648 7581 13175 20001 20250 8947 7909 32151 36846 24227 13125 34453 13382 35021 27549 37132 27105 30456 21227 2731 9834 13167 14844 29063 33885 21014 3226 1001 15208 7746 13561
15955 3780 12117 15541 15289 20923 15877 26061 12604 12649 26706 10534 4217 19621 7569 15810 21768 21224 32675 27464 27920 15241 35851 1919 2099 17091 1087 9428 27213 17589 35827 17569 20765 21976 2716 6822 13872 35051 16359 33462 35364 13507 22137 33188 26019 17933 39775 7745 30662 33459 30602 27565 19948 20794 18041 31985 7162 39178 19775 25446 30346 2956 23654 30348 1492 16176 13811 7336 4427 24365 13540 13895 33325 24775 5836 30732 22511 18337 16508 1776 32290 23952 12683 2634 22761 651 14870 36733 20186 34927 12349 7935 10958 1114 23424 29973 29626 36372 29709 30378 10136 19929 32774 24123 27496 12707 27799 11416 18020 1021 8513 32394 18466 3802 20628 4585 4921 32947 8367 29716 5262 8161 6938 7223 21300 1194 17827 20218 12438 12752 25272 26103 23536 1403 28936 21977 15318 27771 23974 23683 28724 21667 25101 35327 8675 26782 598 29930 5983 31257 22902 27640 10578 1251 1906 17687 2264 18908 2226 22806 27547 10094 12561 7134 36431 29768 38640 9125 19736 32768 21684 39338 1641 22989 3095 17913 21472 12278 39501 12739 27888 28302 5563 26971 28616 21517 25007 5280 11522 8194 38399 21767 3899 39552 6061 21229 26449 5050 26644 18116
17649 24067 35465 7063 5333 164 17912 34994 16910 14395 18855 39083 16475 32412 27826 17236 15602 2803 19970 19245 34706 9078 20440 7358 202 7967 27417 20267 6749 39744 14364 7067 36198 37448 30238 25968 17598 10211 25367 21065 14645 29670 35255 23867 3652 14218 16065 25444 2743 15558 26448 22879 1988 13908 13917 4716 29105 29805 1490 12958 8677 11979 19364 1242 4703 19737 37922 5745 4304 21220 24801 27789 37762 36507 26643 4195 38854 24299 16485 19614 10137 9653 22450 17986 6721 414 864 39825 24637 26083 12182 29021 33961 34929 33242 11984 23991 39295 24867 5378 4048 11672 37643 15752 26348 23765 16450 20323 30053 778 10528 38724 15307 7210 6513 21256 44 23962 31195 29074 4910 26062 23489 24853 25374 27296 21680 4053 18792 20951 5566 22362 21156 17682 22749 11333 36950 13767 39918 1117 12689 17930 10278 14994 14384 19307 12945 302 23612 16866 38576 38621 32214 32688 26277 12248 17944 26309 5894 5025 20742 25182 3568 13719 8297 35157 34535 36995 12782 10564 22235 4365 12631 38552 31933 35438 1930 30494 10075 13667 219 6786 2274 29597 11689 16966 6293 24147 16665 35927 14583 34438 24293 28371 38106 30285 23296 13725 12146 9354
6316 19473 14291 38797 39870 29300 34307 38090 30641 5006 20718 10167 2170 21163 1989 11535 4969 1159 31636 33868 3527 1018 3816 29091 21223 36151 27724 30761 17113 29621 32572 20002 6106 18544 28416 17823 3692 2926 38482 1455 17635 12210 37904 28397 28019 19688 20810 2379 33406 32812 29492 3119 29042 4062 5630 33530 1141 5093 11954 36667 13954 12497 20822 13149 10555 39666 9136 4132 27239 38145 31080 39712 38656 12074 36637 19699 36077 21531 25414 37050 28867 25620 25107 9258 15116 24667 33223 2738 27698 22737 20823 7424 33103 5225 2635 11031 16439 37029 12537 1320 38205 19436 27857 13861 10582 33863 27001 4157 35022 33576 5344 7618 1761 14589 33974 38665 36719 15050 23104 2935 37903 18706 32587 39321 4126 35473 21753 37330 6489 21981 22068 19141 39832 39127 12757 2151 28754 19906 1830 8035 11746 1659 9812 16237 27449 13598 3748 27169 19710 9322 38228 35932 2076 35954 15923 22887 33474 37898 6230 16433 20207 32829 31284 1264 21036 35029 5965 32207 35974 4186 35626 27163 25189 14857 17354 25320 18711 39905 17082 14373 7533 20402 34224 2695 1263 11212 361 11117 22284 33777 1115 24212 18713 4629 16307 11859 14921 38222 37690 32647
14349 8829 31791 373 15345 7676 4523 24297 12978 29335 25483 28328 38218 9226 10730 27738 13289 10465 10234 13749 9328 7313 22939 38176 35347 4389 1915 1198 3929 27112 36309 15531 28966 23325 8827 10247 31115 10888 1233 25588 17056 39226 5961 39881 7787 2272 37999 28336 36325 29916 34076 4429 4551 19234 22502 21988 28100 23835 33056 13286 9327 23809 17951 15694 38146 23917 27013 2944 6310 3476 19009 13519 102 23779 15864 11238 9610 10040 31138 7607 19414 2564 2609 39325 36756 35412 19488 28089 10711 26540 14091 15165 16413 1888 6203 13924 32485 10983 12661 21522 17611 8170 2894 12447 7012 10977 4364 18258 28553 39353 37613 12456 33288 17523 7439 24700 20634 2642 15111 476 38758 22460 38383 465 15196 31256 18345 9530 37339 23258 33108 6429 675 24639 29113 18559 21501 288 11315 38488 17301 9157 10354 23753 8935 18106 31934 19457 34292 39521 26826 14681 3699 28584 21464 24863 20741 39105 29344 8130 31861 27570 8219 6616 21425 20145 39888 34501 31702 36997 29486 35856 39185 32027 4122 28559 16968 9359 37484 27858 3969 27383 19176 37082 35913 13787 13720 38936 26165 30063 5564 39210 4170 29118 15139 37531 37829 16320 36497 19944
13638 34314 38954 1432 13716 36188 33902 30 13098 23418 39679 2374 35656 15226 29798 94 34296 38566 7907 13264 28022 8720 21618 32463 3186 36361 12091 28166 3103 22600 35575 27961 10314 20766 6167 29524 34605 11874 3092 8753 6454 19807 36229 10836 36689 18708 30664 11770 26626 1567 25030 32052 2942 36527 6320 21360 31385 17694 7742 33527 19853 13887 25580 8914 34060 12836 33305 33594 13119 21439 13390 38766 3933 32454 15666 29380 25392 39701 1255 10951 24074 35633 17814 29343 36087 5196 9945 29488 2183 33332 27433 28618 35355 27190 2483 3043 34090 13777 18566 6485 16813 18833 30250 17011 17819 27798 10876 34759 11232 4582 6373 7807 13236 8174 33871 14124 3484 32621 25728 16538 1009 4930 9196 5064 2746 29050 37547 22136 8284 17100 5940 19579 29211 21931 37124 16486 39568 6950 39670 7524 37947 28124 4990 25430 36020 20306 27611 18380 33753 26714 15473 4964 11608 19452 8685 16137 28581 29933 36998 33549 10224 13951 34301 36172 7264 10139 23384 30469 13450 37618 30200 25993 38382 12996 28453 19192 37292 6471 8904 25088 23361 29856 35088 22855 421 32719 10840 5296 27178 32638 10393 22891 33374 9699 38795 34017 16184 11628 6653 6620
37994 21193 4993 23843 18 13582 7639 17830 21611 4638 22210 34665 1679 7799 20565 4343 19396 25578 32926 24992 613 7319 620 13411 21710 35686 13491 950 17759 12352 27359 17610 11110 16125 2399 34139 33570 35750 31548 9601 7368 2484 33235 4670 17412 18795 2530 4847 17957 14494 32537 35510 7908 12367 6896 26825 906 25924 24317 35310 2890 12387 7390 5776 15112 20005 16676 36269 8746 10245 20408 38342 5952 14514 886 24874 4005 31508 14263 27650 20580 26554 39635 12485 18079 13696 37451 6598 24306 14881 38914 31735 1446 26837 10870 11515 4405 22217 10183 10851 22467 22901 32167 9848 9225 39365 10705 12186 12096 2970 15067 467 8477 38084 26897 29358 6305 20843 21675 16269 2142 31446 1025 20915 21456 1145 36645 35989 31744 36446 2396 17541 39559 37972 10886 35995 425 31367 21325 39779 17413 33376 21070 5651 11668 31238 8961 15736 3881 674 24428 23936 35241 26839 19758 4350 13367 12499 9138 24625 19486 24616 5361 16661 13759 31242 39082 21266 24014 29207 36036 10484 9253 4907 4554 34744 36570 36987 30682 38804 326 3230 27369 33748 27032 9409 39317 5982 22622 26385 28938 33392 1040 34038 9522 8880 14108 6754 22543 5151
18373 26730 24955 36860 8476 31001 9321 5673 2556 11102 3756 6752 36143 25565 16096 23266 9252 4203 28438 5515 27418 19939 20877 16824 38591 34678 6663 3447 17076 35872 19030 13111 21706 17582 38777 30510 20366 26962 30887 12585 3580 33380 4950 1792 27261 2763 25953 23796 19666 2589 15286 3924 30526 27238 36103 16671 17535 22141 28723 21109 36859 21551 325 7205 35598 36760 22143 6774 16617 31361 20946 20234 20561 9145 18601 25135 37459 33534 34882 30286 10500 21731 23902 25261 26214 4261 38133 23747 34446 10264 23368 36862 15198 39096 27166 18521 39639 2877 27227 6611 18248 30269 39296 7777 9329 17931 29179 36032 8761 28671 9762 586 35164 6069 24717 22697 37584 12578 12304 11827 17760 6269 18936 37790 4320 6309 4243 32563 5405 11709 3231 12059 26246 24676 2300 18624 1862 16155 5404 33224 27732 38461 39737 6838 8689 3884 7924 31560 31324 30458 33140 38881 27949 32292 15638 21254 19077 30697 30069 30450 34673 11844 37649 29466 4560 28012 15540 18434 31654 475 25849 5843 19800 31294 25330 29301 26006 28062 22789 15023 24842 9153 1054 14710 37579 19945 36613 4118 14867 17488 7625 23297 17916 18017 3601 20438 33887 28214 36908 33855
21181 11818 34254 21550 23714 7781 13649 487 2569 19518 34457 5113 3164 8435 5663 38435 21934 37976 33765 20196 13288 13317 13391 31978 9588 18533 4820 4775 14247 15646 2605 39123 21489 25310 2066 16790 7392 36772 28348 4810 18453 24990 32674 36935 24595 34577 17592 28004 32640 26953 20890 35716 7308 4986 4764 22219 31237 34846 18595 24231 24106 15577 37226 34615 25084 11814 23243 22022 5510 3051 19106 17169 15547 19793 5274 17465 7951 28632 5247 21355 23420 6371 12121 31360 31944 37711 13572 19253 38381 39136 9853 7510 30967 17359 17658 21282 126 13207 29272 35274 5912 33446 8899 33480 12296 11408 25784 15767 29547 29662 39443 10029 28872 30154 38027 8249 33860 21795 10033 34459 33622 27309 1265 34262 27045 4650 20451 6118 21099 12385 35618 34243 10837 35539 19972 8387 14832 16308 15708 13778 31821 14616 1968 8210 23745 21085 31449 7403 5681 16088 32113 22931 35371 9492 320 26699 29620 31105 7464 35492 17380 3066 8907 12973 26023 9528 4799 31506 24555 35761 6595 25236 6076 28993 39157 18208 25718 34707 8713 14205 31552 23494 38912 11545 28365 11343 15966 28437 35660 5517 31646 3179 9606 19969 4130 17551 12071 5135 27984 3782
27622 25820 37869 11645 2188 22012 14988 6032 17248 24343 25838 22158 8293 661 1882 38437 9696 13542 36981 22245 8651 2447 25587 1154 22448 23567 27904 17708 29122 30132 2465 17006 36791 93 13105 13234 25018 14925 25527 17988 4477 10571 8569 12969 7958 7387 37114 5853 12712 32822 4039 6578 2411 10182 12247 34381 38467 1351 33919 24301 1650 14842 10572 26374 13144 16642 32602 10377 35621 24294 33620 2777 28335 32785 38643 20225 1780 35687 29498 12644 8490 8503 1506 34704 32338 6283 32813 19439 20184 9951 31578 23964 22419 18435 29642 51 13979 5876 23257 17628 9386 32763 25573 30531 3455 12764 17392 15691 11500 1328 30553 21804 24589 13970 36674 1091 14662 23228 12659 4437 35416 18875 4168 11931 31139 3354 27229 35507 23756 21103 11703 8568 4282 15396 27367 8019 19425 6486 7159 10145 18710 8518 17964 2682 20359 12297 10676 35733 12725 19586 18331 15254 5997 33543 36541 39132 35759 15728 20147 14810 2781 26262 26300 4587 9904 29704 3084 34304 39688 9551 5401 10511 25359 1212 8576 20488 3857 1620 30246 27199 35239 24662 4019 38332 20924 32607 36842 35038 25691 26166 25159 34207 33313 30006 5089 38493 17058 14437 17609 27934
16371 34736 36297 27037 6128 37288 6146 29657 11329 29688 1845 11911 20265 25047 23020 22428 1610 9102 37298 10755 3222 6647 22786 19987 21392 28693 36824 4975 14170 39916 4824 39482 29132 23783 15794 27658 10160 6383 31545 32058 5092 35763 20656 14524 25024 23485 32522 36537 17303 20396 17157 17791 13436 34240 33892 7837 929 12786 26313 22674 9936 17181 32721 35342 32373 26679 11217 16782 12107 28866 16358 16571 11274 34799 26702 33728 20967 6131 37487 33795 19917 14541 17868 26158 4193 24629 13189 31231 38160 23511 356 28816 20535 5593 24714 15639 13768 35622 38907 24476 29571 31516 17546 11199 30983 35235 11339 12242 8834 10168 23495 29201 33691 18393 20579 8788 10043 33736 22877 7593 23124 1169 4034 22571 29683 3172 18869 18764 23632 27043 516 30222 11048 19095 1948 1543 8479 24854 11839 20929 35079 8354 21292 24937 802 19636 16487 22572 26546 15622 24276 36663 19753 10246 3205 820 19061 36503 17503 36743 29882 33196 13823 36911 33232 19088 17472 39506 11654 25869 13977 35776 36369 10335 2360 7832 18438 19028 17196 7547 18455 1468 22077 3069 197 24984 21647 37680 36729 7871 23565 16563 19391 5678 12358 32297 34646 17750 20858 5434
17626 16769 22339 35658 34651 16027 16170 24640 27233 2279 22548 3621 35002 33444 16773 25804 38762 31418 14038 11926 5119 17979 36387 18965 26708 19054 9393 4384 37149 21655 23060 18406 4230 26322 30937 19950 595 4329 8565 28563 37261 4142 1080 1170 26273 11523 12696 23110 26349 21813 37748 7519 19454 30665 13792 512 38152 31574 6202 26294 1035 31511 5234 32815 36892 3958 3529 25997 8986 5393 4358 22582 18086 6268 31198 37594 15181 15513 35057 29454 25471 38327 30571 26655 846 31072 13906 26902 34458 4077 15328 18052 38297 19100 24705 13941 15837 37878 26916 22186 10716 24031 10340 35366 25089 39257 1192 34343 5384 3100 24009 20725 2437 7773 8768 32203 5610 5998 37959 35144 3551 27875 31497 11897 14096 15472 10076 38741 9190 35481 24500 38139 31913 2975 29360 14955 31703 25912 10811 23661 9272 22733 21548 26638 11328 30831 33649 23579 16216 34832 89 30415 10713 8405 18736 15886 22301 7858 36423 30428 4623 2462 15753 30543 3488 20517 26117 10892 10645 9036 4292 19506 18456 8596 84 26748 37067 38587 22775 2044 35630 20158 38819 23657 34317 20516 34088 6126 15950 791 36090 11079 34697 39791 20262 26102 22312 34376 38286 25280
29608 12664 32073 700 37921 30757 17077 11888 5917 29837 27579 24341 4618 21892 37638 12721 30114 37086 4783 13025 34479 1173 16763 30915 31638 1162 2478 4141 29382 20305 30161 24314 21836 12855 5994 644 14875 15263 10289 32922 30514 23968 23986 20564 38393 37482 1180 25214 27541 13760 20729 9422 18825 12522 5524 15044 4409 30345 13539 25764 11723 36074 24520 33214 39046 2794 32561 19373 28034 35653 17991 2094 2795 9982 17305 5791 1856 29703 20331 14444 16214 27772 10702 24342 31517 7027 30742 13602 13038 19304 22945 39421 4058 32566 2575 3670 14155 33778 30952 7238 3726 24153 39122 10407 3227 17644 1276 30958 30948 4460 22378 2024 18861 24340 28181 3796 888 17427 4008 36822 31337 1798 38728 17923 27308 23204 25844 34374 19153 6960 18048 32680 30640 38377 25301 6208 10338 22018 1318 20647 23488 36901 39346 7854 4999 9238 31479 9 31887 16268 1391 9479 2498 38171 1376 7383 4727 14385 19554 3775 175 27316 3141 27665 18257 37434 9242 20829 30411 13385 34036 24545 39946 21698 24457 27995 16089 10565 8041 10068 378 14123 7073 1640 722 21333 9057 13171 16396 38613 28132 4006 23261 36061 8597 20081 33672 11129 2808 32224
13944 26597 32397 24388 10639 38428 11065 25636 37727 11459 10810 17247 10290 30476 12177 12078 14016 2077 20067 3880 20452 7584 17732 13051 7102 7964 19285 27699 27059 3367 16043 23382 19909 28755 30547 17434 20743 27155 37624 26151 7152 12431 21808 2827 35741 26649 20920 35676 6575 35847 24171 312 30353 29440 9948 31064 15070 18269 14651 12627 4309 18585 35074 3099 10374 23166 9993 14969 18781 36106 11434 18718 30864 39816 38764 1864 28174 25234 2523 8057 14833 11572 24172 8380 32249 38178 14070 4219 22113 4264 38410 38731 24692 12558 2876 24346 1454 13056 21306 2232 13093 19004 29251 12086 31467 14233 14800 12229 7602 31957 58 7940 5766 19846 33917 39119 3036 19392 31936 32276 12972 33694 34808 20941 34283 2688 20519 37455 27683 1929 2047 8234 36469 33695 15698 37215 6803 17229 22693 10269 7253 21552 13423 20562 9724 32268 14917 31968 17491 12953 29080 32551 2739 27951 11662 32639 7538 39537 34230 2918 21092 8817 20728 12138 28612 106 19311 27872 23171 5284 28196 21540 37876 34603 25905 11155 6348 20820 30137 27754 26873 10674 17141 9994 38570 38984 14742 8466 24527 1852 1663 38068 17440 15604 280 18773 6179 35846 4223 37666
34006 11473 14085 18050 32442 3741 26180 31410 30490 967 2202 4065 11481 3555 34669 4294 38477 5588 14168 448 33407 27440 31827 16799 16816 33839 8757 23723 29 31539 6957 19481 23432 18495 733 6246 14614 12495 25751 24115 13162 32972 13465 16749 32529 17892 37182 17456 31480 7296 37202 30997 24582 32248 33009 12890 11925 19437 30062 14394 24964 32162 22791 740 39418 25115 26045 18976 29390 13710 31586 2906 17520 2618 19410 13008 14839 9529 6857 3600 19250 31396 26413 32841 12668 23397 14295 30241 28076 32759 14160 7295 9580 13626 37641 32519 38341 21563 25264 726 20861 1358 22266 13590 36378 30881 10652 181 38784 3284 32452 3181 17036 12964 22762 36861 31060 23475 38575 32843 6702 14752 3855 14290 24844 25099 12191 3288 19210 7206 22534 15579 32350 34625 997 28740 19096 9539 256 30895 8383 29591 18924 22057 7204 34618 6914 21375 33789 27534 12249 4231 29094 11010 10796 35440 8979 3770 8102 25605 26060 19158 36957 2551 36872 18530 4165 39018 18929 36665 404 32200 13104 38730 28617 34465 14132 39476 13276 27422 23727 34064 25724 28147 15578 26772 35165 28235 20899 26727 9030 27770 27460 15322 13661 9202 11890 6223 5206 204
32264 8787 2994 38128 7340 1410 28146 8517 22466 4067 9733 25064 20174 22376 2909 12141 6352 22660 1359 25942 25626 14179 25688 24732 4698 32695 10558 15970 36583 8437 36243 35201 15827 5869 1775 15775 7579 7890 8873 38850 10893 37379 31044 3875 7303 15649 1673 17832 3984 29681 25199 28542 18370 35150 17596 36589 23039 18688 7642 32351 5318 25317 14568 10957 3490 32439 35879 5476 39554 6621 5366 35855 91 16057 28273 12366 27566 36852 23057 7554 32496 27248 36999 4718 33546 35508 4516 6577 18514 24856 26560 32404 38615 16677 375 20481 25020 27028 215 23246 3082 33561 39172 39756 4236 33311 31997 34104 4604 38322 36049 2180 11594 7984 25659 11536 29298 23772 28238 22014 32997 37395 31941 30059 35513 33698 34699 22861 8494 27990 25773 36800 30608 12252 29451 39648 14245 11419 24426 19537 21870 29236 17369 20251 25744 18912 20983 1177 15523 38563 491 39356 7087 27813 12180 24885 4017 25670 17943 34093 20062 37408 19401 28522 12505 22495 36064 16020 23563 5036 18305 1060 38554 3379 22024 19601 860 25209 9989 14438 29624 7302 21594 15047 28480 10203 1593 34981 30746 27185 1651 12443 17081 19064 4335 13153 27324 32725 21120 16743
29557 2073 31895 24869 38379 12541 17501 21686 30918 19522 33996 36949 5831 19751 1694 20161 26879 2630 18477 1884 24671 9240 3644 26589 13463 30100 17696 26752 16249 996 11596 9438 34786 28060 25893 33046 15401 2140 15486 37032 28903 105 10860 14698 38277 29386 30449 22841 23864 10341 24758 38415 13899 20784 24479 25675 17104 26168 38070 20204 34997 16311 39329 1275 38979 35609 34158 29548 33082 32077 3035 31142 21856 37849 36397 7613 4778 36618 5596 3370 33680 26498 19164 6217 12778 18546 22281 31605 3672 39448 33946 13780 20806 8144 635 37912 32150 10557 9216 2517 10035 33264 33842 8828 17536 20371 31432 23300 15469 13783 29146 33020 36379 18110 8509 30274 16392 34532 3952 18900 32894 16659 15689 10162 30832 16712 4131 38037 5425 81 28158 23027 25426 2645 33330 2065 39089 3285 35551 27847 13133 37267 28580 15468 34265 19368 8581 32136 37717 16501 39720 25640 12516 23101 31465 18944 4983 34742 4211 32120 27179 12008 24467 21480 21186 27952 29256 37490 8365 28585 25641 5608 37185 26881 24495 6508 32865 4107 11847 33805 18975 30188 7022 27705 39391 34734 2425 27691 26127 10437 7376 35300 37614 4363 13332 32341 3662 12742 32375 16860
19365 14975 15246 5557 31025 36841 5753 24870 3425 29609 13570 38236 9500 19272 5835 18671 21215 22152 1885 26406 15912 31803 8964 30264 20399 20113 37431 11547 9557 14479 14603 18943 8118 10586 35782 26082 10943 29788 16107 32980 39739 28233 30759 33373 32520 6456 25671 2130 39256 13078 39189 9353 17114 35797 28856 35533 38375 23147 37931 15292 9925 22845 17416 6959 15784 5416 5245 32552 29333 16853 38326 18247 14489 12948 21093 39428 30654 140 38860 4472 10271 23482 5324 35990 38019 23933 21942 21157 9970 15504 15430 3506 31899 16976 38153 16921 36913 30372 33648 983 12676 10402 21602 18429 29811 15091 7588 27854 9567 30385 38825 29339 20721 17728 21029 10424 37563 20770 26391 21106 12094 7736 35619 29334 26590 19476 30292 28779 13902 22208 27429 10552 7180 17612 5538 10415 28097 8373 32543 17266 31814 24413 35055 20455 20294 34153 7242 22629 33275 7328 14817 26601 29808 5712 13358 22120 19440 696 30336 22596 12080 22081 24743 23470 23211 26016 6251 5700 12466 11068 23668 30588 16316 16138 29349 22835 30936 29986 1976 11384 11427 29338 2855 38597 9061 6728 859 12906 17538 13866 37560 12828 1042 6122 26817 22218 16656 8971 33848 16698
31645 22508 30392 712 7434 36264 9659 17640 24787 18653 28790 34612 29722 19849 24938 23359 25281 39591 29327 15004 29757 35557 39986 8117 3479 33689 15807 31031 18430 36399 38460 38579 30702 38336 15014 8455 33273 15598 3400 3153 38512 30815 14188 898 25175 6566 12584 24590 24773 18529 15771 15888 37409 3014 18518 8755 5451 28188 34954 4001 38209 12911 16689 5353 32943 33383 13116 9227 5709 36440 38911 19261 37076 23911 28424 29691 31598 25847 8030 8756 10032 11619 14683 20636 3240 16723 13567 538 38807 31097 24265 37449 13857 9123 31474 18948 14529 20355 35754 21481 27269 9852 36554 29966 3650 39439 2363 7048 37119 7635 29121 39208 23430 7601 36223 4571 27219 1241 24034 27310 16923 38668 28846 2102 24746 38041 14673 2167 5728 20024 29378 6116 35284 14365 33999 27584 15897 2776 36231 5162 28627 20892 3678 19644 31473 7535 17304 18468 37663 14725 3238 32210 18735 4188 1313 23108 2121 35642 10948 9373 11799 6684 25881 615 12095 28412 30386 27259 13763 17762 10973 38788 22324 20356 9334 8977 22817 9874 19511 11465 34995 195 4218 34839 12987 36492 38749 10031 6220 33965 3061 24328 13847 6410 11007 440 25291 25183 21589 5467
31782 25096 30487 2228 12803 18357 24318 26298 30077 37164 1218 26979 5199 7241 29396 10482 9085 24693 11324 25097 39699 15085 20684 9981 21422 27033 2628 17544 11691 29702 18296 27258 11725 16595 4080 29818 15137 31893 34400 25607 36854 33540 39848 20878 18788 16042 30879 32079 31950 27627 15038 12915 26358 35950 25711 21815 31402 24044 22286 10714 18290 26852 36951 13784 4675 3352 10731 24286 11249 10107 27585 35817 17004 12176 28596 12282 13049 19779 16967 27959 24285 28679 21311 4603 31778 16465 33007 8113 32192 8456 33283 24661 22170 17105 32318 3734 16448 9251 38829 18746 14599 12405 1581 22107 39276 38596 26466 26923 18881 13846 20763 2497 7933 11106 10901 22096 29983 38442 38048 38008 22026 36703 35329 6995 29362 20902 34372 30301 31881 13460 33433 27070 9794 25756 32453 12515 37469 484 6461 7495 36718 11352 25735 29560 20497 10093 35802 13547 36723 20942 2955 6654 24578 3228 21754 36495 9339 25439 30537 10458 24636 28701 38572 27927 173 7698 6198 36759 29047 36194 37980 10169 24848 31856 28249 33033 28356 17993 6221 2438 20382 19620 16180 26747 2237 18266 27348 33881 11340 1133 37619 26800 8005 9464 3959 39762 10378 15515 15580 9613
18133 13356 23448 8423 38085 16793 15069 7572 13841 12287 26694 1056 15968 22497 31503 22509 7457 10708 30877 29271 18857 30873 36988 29613 22207 20291 14564 31440 11760 39351 14461 12940 18476 15229 17123 36724 4348 2159 22987 18125 30374 30618 32293 6005 14941 27729 6705 14423 10252 22704 1176 9015 12508 26462 38189 34151 31194 25939 18064 26463 23918 1354 37200 28685 13055 7974 27058 38600 25402 12859 23955 27215 32475 6265 2548 19864 22670 6586 4428 17601 36299 15483 21478 2966 30788 9013 7100 38739 2718 4731 16287 11977 39494 13489 22273 12880 32372 4171 38745 31344 31267 17108 11728 521 35303 24178 24741 19923 5856 36234 35597 37332 10985 34190 32665 37642 4835 39823 16693 19056 27131 30147 19464 18094 9043 15772 16936 32881 10487 5750 17458 6674 40000 16402 8604 6638 29346 13665 20303 9394 31053 10140 27863 14780 16914 794 33655 36971 37969 34798 15357 24292 30834 582 27039 10470 25682 22234 22496 13475 12040 32227 32172 22049 24175 30118 39995 21645 10849 23342 37852 7959 4499 35850 20458 22795 28962 14814 19271 13640 27441 25408 25569 3630 4086 5676 2597 28884 38047 4826 3965 24051 25874 277 39972 8126 26863 9437 6947 25354
11952 5937 34510 26798 7691 16618 28861 24656 33906 29685 3562 12542 18063 12579 523 28848 10267 15133 31207 30419 18644 28250 9851 1178 36249 20101 17189 37437 29058 22125 1076 1338 4763 4347 29341 13509 18460 8719 36504 37454 21543 36970 5486 13006 32346 33957 30912 2614 5391 12172 20185 23114 26615 3441 28395 1386 23178 34487 6593 33798 6813 17124 1404 14107 5775 19874 31429 30779 30642 37284 20192 10115 28614 26642 26308 30060 12233 14309 29389 11999 7476 7138 8997 11745 2973 9990 27937 15123 17224 17017 14779 19269 27765 14587 16420 15996 14895 30043 25876 3039 6261 32761 18597 2671 21582 28983 10098 17904 28809 1725 961 6020 30570 39003 28963 12806 8693 10157 12577 6129 27048 21458 1518 6370 29717 19651 13697 28547 36338 2833 22982 4955 26541 30465 189 8542 12001 38991 38657 17674 19590 10764 3838 24558 3266 20077 24256 13502 21448 37260 17972 21281 35062 15146 37499 34899 31719 25952 2306 23788 23111 31704 11239 5295 7186 5063 25353 1819 1321 27282 20353 33779 9630 24002 30112 38771 2791 38884 1096 37667 38434 7750 24832 2222 32605 21752 12621 10986 19787 5816 39236 31849 6865 28830 32801 19421 6319 22513 25031 26276
27366 1574 3432 21267 5480 24213 19781 300 10903 29142 14565 3208 37736 31724 14685 10824 28327 36 29598 4410 6301 27883 11881 35731 753 18491 37219 20121 14258 3663 7683 1240 32731 8024 38531 37795 12258 31304 18630 28626 36881 993 22480 8944 29718 11168 31562 29646 20126 38943 34721 30010 20318 9908 4173 13952 33111 12440 8291 22335 22503 34859 12837 33123 11335 33979 31854 12090 10244 36189 17459 34970 21276 26703 36867 38246 39234 5537 18998 10616 8930 28118 21440 849 6351 12234 17953 38824 11841 13800 1485 31149 22755 20936 14418 28988 35457 15277 31403 16567 9847 68 4613 8910 9679 31491 1064 16378 12590 30115 15376 1785 37633 31150 17583 14358 16878 37112 5172 7920 12734 8349 31239 25375 23332 21755 17920 9041 1280 31203 12662 4290 8200 5436 18740 11698 6176 29847 14322 27524 18696 15124 2133 19383 889 5916 33507 23335 18232 21449 24862 28477 8018 18327 15104 8563 23306 16009 11610 3085 14415 34394 18993 17659 16565 38056 389 18084 18876 18227 27188 18488 6066 28735 23995 33485 33321 2867 36715 14157 13845 30327 8421 26684 30512 26303 13723 39156 37468 36187 16438 2321 8627 2606 15409 25892 28126 9871 35691 37414
14294 616 23120 13448 19828 2834 31208 2969 26312 537 25364 39502 11502 30048 36251 17848 11876 36165 29537 12538 9280 4800 24945 32558 5837 4456 12027 3282 35793 27086 26148 9806 10575 834 25663 9940 24381 36314 23024 766 7466 36996 34087 32659 20753 22276 29952 3599 20219 9433 34470 4832 4663 27395 38842 7738 9050 2090 39749 35555 224 33584 21207 12012 11612 20863 6216 4502 8690 24963 23786 20287 24061 33537 35581 1236 8724 24390 2290 29523 31829 17984 511 4914 35472 33442 20842 37984 14893 34671 3171 5261 26242 29802 21626 20945 39211 35427 145 1467 36474 36285 29468 38413 16159 16132 14079 15399 1614 15110 29011 12788 18987 36396 38244 9137 14449 4536 30971 6646 15977 7095 1266 3572 39642 23091 26720 6958 18897 36180 13828 33626 27618 15978 5550 10725 11218 12799 36592 36869 12582 36287 34504 9285 23341 15569 25026 24985 17426 21016 28504 11179 10813 9352 32555 13877 37775 22741 36876 11192 10086 23821 23824 39774 28242 39692 27713 24492 8681 9741 5040 4169 36585 35536 29604 19426 9156 2002 20522 20571 4016 14753 20589 4636 30555 16835 8386 28232 2977 12375 18715 4418 32478 32751 34645 36888 30807 18865 2672 24310
30232 2009 32729 24308 18730 37198 13575 36413 26801 36276 6801 22459 10862 513 25048 29615 20280 19776 39757 38303 22463 13473 32185 16484 23367 20119 23719 13174 27230 16121 39134 32757 8762 24483 3059 29766 16916 14532 14321 19380 22262 17641 17719 7367 34944 8233 15727 2301 22929 4388 853 33124 31592 39875 3649 27057 20326 26670 16696 15832 25001 32368 25798 17293 25846 12347 6263 37749 24454 24119 11869 35273 25617 28067 21688 1811 29057 34816 2067 22783 18752 20874 36580 34113 10908 29012 34933 23045 6762 27078 39087 14204 4610 800 9991 3531 15298 1425 33750 24121 26944 12606 1166 23303 14259 17168 15458 12536 39528 19625 31994 33112 19739 17336 38250 18958 12569 36247 9112 29075 16668 10766 16440 25230 37374 30866 3474 34539 31384 26398 38119 13077 37705 20341 21979 25390 18168 7895 37235 23697 34904 19434 13453 38440 28696 22193 30827 11080 26525 32641 27630 39396 20484 24852 24821 29732 1118 32553 23312 25295 3578 17327 27769 19465 28169 14862 33677 31886 28858 3808 18677 17033 23655 11018 14287 8638 4581 13396 24608 31872 12381 20469 19954 4915 3688 7861 37871 26972 8178 26053 4424 17574 30189 33057 21733 25745 39787 13330 17854 8151
18358 19824 29441 34365 33368 3948 31321 2957 25678 13375 28088 26404 30493 12808 15619 3619 296 20351 5224 3241 14730 22244 22243 2032 18754 27040 9782 16266 25389 30199 29250 25551 6675 37652 17083 17144 9546 8163 37817 30491 14939 36770 12580 35291 11236 37586 29210 31441 18572 13523 39474 17431 10896 19941 6274 33302 5641 35238 35639 21172 13335 11589 22116 4940 31869 18139 37272 5084 1528 11604 26170 1272 4316 1415 4674 20177 17998 26646 5809 37886 4552 23151 1592 847 29059 36339 26459 29777 25931 29707 14632 30909 23469 21938 6781 27895 2059 19883 6711 5595 36270 15754 4198 4641 26286 30358 35151 1523 33048 4657 19551 14866 35179 14799 10737 25404 17577 8742 26013 13545 36483 8781 25529 23291 25006 7954 4742 14714 1214 26492 5959 27173 31532 33647 13916 11484 12452 19978 6152 2309 27880 4850 33176 386 22337 31863 38549 6256 20018 24460 8303 18839 29273 27451 22976 505 23571 37808 37660 21060 31879 27209 32393 28623 10347 12093 29919 4884 26970 33197 2750 10200 21652 25850 23849 3722 39936 1899 12514 23016 14765 8489 28153 7077 31986 13053 9230 38191 3087 9658 25994 5454 31083 13989 16580 36716 6270 10198 14202 23856
31445 14531 38768 12550 2433 32705 31462 3078 12727 20925 31489 39694 23889 28330 16741 19889 8313 38049 37165 7324 13355 32226 34568 37593 11579 10003 5736 35153 1588 39182 36907 19841 18200 38253 33204 7952 1804 36029 32490 13820 2904 27608 37981 36776 29275 3703 15589 25749 12798 35592 10852 16384 14990 26479 24001 22051 10016 3773 463 18006 28525 31448 9197 32819 21170 31752 29243 12427 22237 12975 5785 11669 13380 5604 39242 1475 19773 29263 30175 2176 5355 7314 21378 2164 16260 21822 36625 16632 18142 6358 18392 9390 39763 19746 35162 10954 23167 24607 6398 9060 25822 10039 3772 2541 37658 20695 25537 9002 29531 15901 35632 3573 21830 36952 24156 24262 37465 3269 7157 25502 11443 1822 5392 27202 11435 1809 31134 27652 20747 22236 2050 26669 2448 19977 18494 13730 16395 4866 8067 10332 23067 32810 21046 26114 32455 21342 29387 15428 13698 36144 13378 3423 16045 27796 25910 22874 3860 1371 771 11405 34430 37208 32589 12729 1532 37257 33107 1000 383 9884 34065 8707 39768 25336 8996 3675 4677 4313 5349 5801 10441 2740 11805 5895 27825 19594 27712 971 1469 30273 36707 33011 34639 23760 17134 28787 7962 23502 33642 10181
31904 30862 27501 22999 33286 28448 27022 21270 27892 27015 16737 15828 38458 2505 28675 8692 29996 5885 21037 14359 9639 19831 36035 31243 27413 20509 31601 8482 20767 23521 20430 3776 37407 9448 13329 852 1597 17070 9376 9526 6659 2751 31388 38329 34900 30429 14609 28013 8686 19463 18517 16104 36156 32622 37873 35372 3162 25731 6407 25145 12136 36127 18884 35538 13292 30566 2461 24017 16986 11148 25347 9451 20639 16611 38886 17960 18080 32560 13305 19134 4765 28601 7119 5871 38508 32321 39840 35661 192 33785 21176 3041 33254 29753 12526 1717 562 22196 13955 35156 29436 15313 8239 32217 12650 22155 20978 34482 13848 36894 6864 36394 8706 12648 5803 7741 11121 18695 9316 9262 30212 8712 23812 24839 5580 5086 9913 26272 16786 38960 2253 27481 22195 31917 23013 32371 8138 2125 1137 34887 39595 18463 10369 5016 1755 39929 11171 29599 16709 21410 3791 20655 9129 36263 31030 36014 19550 36945 23722 1816 38727 37381 30558 17263 15224 4706 9877 13715 18350 14624 7534 16911 24358 330 8329 37392 12768 22748 34391 20270 19036 6627 20645 26383 18312 544 19905 29714 8270 31477 28865 19872 39129 15692 2293 37498 34563 8574 8014 33966
29480 28353 32626 35268 29143 33164 5051 9330 10777 17888 15661 4315 28247 37754 9803 38182 38197 9790 12597 3801 39623 9336 19162 35506 17978 32584 17613 28733 37694 20144 26912 21179 5390 24579 34544 10603 15941 19964 1546 19074 37192 14318 33502 12523 35804 23895 27851 21307 27832 13894 24035 21777 21527 35813 19674 16105 39379 35015 37312 4296 38681 10489 13511 34202 32091 10022 11252 34357 36245 25592 18336 17521 15095 31121 10243 39416 32253 26651 14056 20172 26522 15499 35743 15404 37191 1745 30337 26395 3042 39000 38071 25732 17084 19179 19949 13621 34694 15508 34106 7713 5432 32028 32122 22932 30897 32853 37806 27580 33212 32132 12774 1795 27319 27170 5003 20597 14002 27411 10964 17430 31277 31181 24953 27518 26794 7472 28193 35187 31892 12640 37159 20839 1963 11370 4176 37232 20078 18646 18444 22566 28753 31885 34793 10410 6104 20760 9515 32973 12341 39019 5974 18712 37582 30289 32010 38781 33930 470 2495 2475 16899 17062 7229 18513 7804 37673 28801 5287 20568 30375 10604 18969 688 4206 3453 8938 33269 7502 1704 12173 5311 37958 26320 14829 3729 24261 26516 39761 15564 9621 268 21751 24410 26201 2277 8085 8040 8042 34861 5618
37443 20472 19492 39154 37627 29561 19284 33640 29219 24731 14407 10298 29660 34251 33322 10251 29825 6067 4260 4776 38294 31726 6501 34847 38 19168 15632 26370 26799 29476 28036 5300 37814 15062 4351 37415 3560 11390 34848 35746 10412 32474 33062 17859 1217 6290 13291 26065 9143 4539 16800 20975 32128 14597 22190 9039 28643 16515 38586 27025 36506 10619 28044 3890 39504 35087 2948 36558 8011 9835 36362 13306 18174 21497 35702 24547 4136 20653 6297 16149 10597 16945 4916 19837 4874 23345 4043 24715 18034 21182 37320 36427 7968 38513 14790 37052 5291 18205 22830 16547 17162 1656 32339 25896 35444 31133 37230 29570 9312 18395 19927 17946 13510 8980 29940 36433 2840 32910 34789 38961 30519 9463 33228 35280 29393 20657 11438 10154 29107 30667 23407 22322 39287 35411 13773 28496 6448 35368 4263 19703 11819 6939 36562 17455 19709 12351 641 28101 25203 19980 8769 32835 19700 32800 36678 12058 21404 20237 4954 19592 39458 9876 26394 1197 21202 22539 18306 4649 8368 24456 36455 28506 13210 29912 39133 31833 23710 12273 3311 30756 28434 9821 3898 26945 9178 4777 22053 31587 23537 14130 31807 16502 23098 19938 11263 13925 17820 36780 16516 20065
37213 27331 1758 6584 17264 7860 21834 1910 30636 31609 27149 10333 25010 13664 33991 32443 2891 2741 1832 29874 37998 9919 38360 936 31653 20930 4504 8302 3121 29907 20419 28491 37093 30938 26433 23946 1435 11056 2426 8137 31126 36491 31901 32969 22354 1576 27514 35565 5186 4596 15039 20642 26533 18851 36578 18053 27719 36006 36595 15359 27835 33293 18743 7943 3614 23282 39070 33439 23500 23584 18405 9833 9745 13042 18753 4415 33231 7237 12119 21278 25919 26763 12845 3322 20465 30818 27542 30513 29403 25072 29989 22167 3611 29109 27453 18840 2171 31365 9402 36349 10144 3739 38122 27559 39067 15363 37835 25239 25166 22165 33422 38268 4851 25934 26113 681 27942 37157 4840 22173 10653 13764 7081 659 28734 37225 11057 39535 19642 22959 15670 24828 4760 10997 19741 39199 5122 33171 28668 29018 33094 7344 12490 33948 32895 16209 17147 8401 39235 10537 27560 15740 39505 16748 18554 38608 20769 12097 21212 15927 21100 22094 27220 33714 32245 19400 23196 22040 924 23761 12694 29635 6680 10101 23267 1105 3045 15930 37039 20301 36407 9290 5780 15354 17963 1308 33455 3954 9291 38354 33363 19278 16130 8741 20372 23023 12573 31112 515 11273
27136 25021 16695 11247 14880 9001 1445 27626 29490 30291 17139 36865 30201 5450 19485 9325 38868 9293 17829 39118 25465 39609 36273 33734 23414 8480 3516 11848 18436 21286 8734 23169 38812 17275 33104 3483 38578 21606 22798 8564 8937 3928 4923 30170 21010 9104 17222 10638 1171 8088 1099 15815 2311 28937 8201 10488 15774 39851 17710 12879 20690 33882 24430 31141 25427 27750 30631 6936 35589 34849 7587 6523 8850 26830 36633 1434 23883 5756 30436 39590 25052 33673 2172 11567 30916 36271 10928 8913 2385 27756 7565 38836 8843 13802 9841 23672 6791 585 37051 35296 17876 33761 38201 9651 19711 7346 25005 34636 18580 16106 2404 35737 16818 34350 31098 35026 34915 32165 28814 37616 26373 33169 37166 11697 15599 25550 7407 8557 11766 11749 28167 34302 6565 16437 13500 19343 366 34330 902 10023 35130 28794 21885 10356 17590 33841 27160 14311 39561 37707 16243 34000 36802 25015 30141 36890 17566 18692 6285 20803 32244 22977 3031 16099 3973 17337 38742 6510 21614 6090 2038 30179 17149 2021 17652 6962 19216 23295 39652 38267 37000 19445 14968 3214 24290 6045 18689 29865 27853 23223 11784 34061 37346 19430 5623 34709 39401 7161 31376 6624
28304 24090 18625 23829 803 22723 12821 22316 13643 20883 25615 38173 29525 31311 1398 37913 37961 27939 3380 987 39951 5734 11338 14475 38801 5530 17140 11661 514 3681 2327 4500 23674 28590 10248 14472 7184 26265 291 24296 26946 37463 32869 1680 36268 11898 24446 15701 11082 19202 10015 20094 8332 1301 34676 5795 11378 29056 19791 24783 10763 9091 2178 25165 34902 20261 23254 18363 36669 12889 12535 3865 29963 37321 5352 19740 35010 6879 39928 39569 13991 28317 38864 24551 28533 1186 5892 185 36451 5945 4802 3343 27339 2527 4254 17717 5686 20731 7898 17252 20745 15914 14996 8376 14664 31415 11563 12076 72 39190 270 3341 10680 28218 20148 36382 4699 35131 27280 2790 7341 30651 6695 20768 5786 38636 12030 15162 125 6355 19973 20369 22824 15329 31595 9101 29478 8326 31668 6978 11440 30268 23847 18381 34068 22429 9168 10693 21196 3071 20462 9820 24977 7542 37699 5694 4239 3967 33172 24670 28524 10996 11184 13865 12002 37892 25843 9505 27664 23157 2000 7594 27253 39459 30414 14200 39038 23814 38628 26964 37542 8252 30767 24130 15642 7197 18384 24160 19797 32892 16373 12800 15949 26185 16606 32488 5317 37665 22961 39367
33697 33259 15055 13328 24849 35516 10803 2847 34790 19825 31894 17850 1642 37108 21485 16599 37971 33709 4441 20049 14665 20156 1637 12082 24566 14041 23956 26369 23416 18549 14801 21990 7629 27287 5056 1417 12981 22924 37430 24759 8872 20825 36027 9269 7875 3917 22779 24096 2535 22619 15356 25555 380 13437 2586 6147 13795 15118 16267 32792 21026 441 11064 2600 4259 3590 22774 23794 38751 37342 2902 21233 14150 20552 32508 10514 7299 30221 38472 21400 793 15959 24665 37979 32750 38736 20986 30969 17003 39641 2323 7199 13912 33345 32661 10771 7440 8804 13766 4434 2766 16641 21476 7718 38772 37523 32770 32986 3716 28485 28716 869 13822 1897 3574 4476 14175 17309 28834 38270 22773 21066 36464 30101 31352 35752 38221 879 5612 3613 37161 38095 26832 4917 23950 10322 122 22288 28255 23685 30432 15301 4490 1290 32846 26704 34204 38707 17377 12737 25381 32645 30989 38879 26771 5417 7660 14974 38454 22289 14369 10300 10782 5865 38050 31554 9943 2873 35071 23762 37464 23993 38296 33644 7820 22025 8089 22164 20115 9637 18885 19170 17927 30875 32783 14848 27577 3569 27746 26161 35207 6670 31312 37924 30681 4831 29231 34188 15629 7355
2697 23689 20411 17793 31796 39979 16289 18817 32174 18315 1616 34119 15367 5335 3412 13606 17932 26536 36057 34507 20459 28316 8250 24694 20907 18322 12494 3118 23426 29697 28775 23558 13808 5235 22076 11940 28030 808 1144 2800 19718 31993 37211 18002 31550 11063 29371 7011 4784 16290 5928 13177 30359 14703 3110 8540 27834 34913 23594 7652 39314 19777 14497 38981 3161 570 15971 14387 5942 19087 4709 34047 21420 20253 24274 15266 7888 4520 1569 27456 10993 25668 13346 4298 23109 11837 38966 6758 23882 26969 18732 5118 20089 29484 32303 21243 33128 2689 19529 35599 34097 11734 35127 10361 980 11229 10239 27603 34650 25321 34635 18863 22380 17479 38849 15368 5461 5682 8678 11040 17861 36216 11144 31232 13161 11996 1471 33277 38404 10255 24025 5126 9081 39438 4353 7231 13170 11846 35089 10651 29004 35308 16082 39319 7453 11213 5689 38120 27379 38778 17355 5958 20240 31342 39074 4953 21479 33452 8238 1221 10265 8149 25628 30849 29262 5163 8504 4855 16160 28805 19362 33925 7983 17325 21239 28063 26511 15033 35729 5798 27125 14718 23763 39510 28123 22687 5505 30821 8370 24819 35501 3553 18982 30420 8932 17877 27868 8066 24223 6887
12916 32668 26054 20283 2860 6191 26143 9254 28162 37334 2291 23844 36003 14086 24205 12400 16726 27685 4448 29100 22828 3466 2104 23496 13699 17714 36725 10413 22577 34613 27636 2725 18535 14717 16218 35020 11406 3067 30105 27605 26302 15590 29332 39967 26602 30426 15625 10550 25155 24962 26635 19611 1150 34298 22307 23347 27556 6891 6277 35007 14338 21219 29999 3858 34788 27897 21844 5695 13646 34584 16427 15582 39625 24804 6984 36690 13285 18471 20501 16271 3557 25040 19385 5590 1580 25432 1671 30470 2398 18612 850 31816 31687 30828 34844 211 100 18167 32259 20154 7289 20740 15926 38583 579 35749 30833 19597 10249 27277 22256 566 11616 8534 17028 29946 20461 12927 30144 7719 29134 1925 31837 32053 32724 16148 38318 23557 14308 17050 35948 37656 16238 24203 33670 6745 5909 7735 5323 1061 35601 16643 35388 8327 22545 33425 10883 38465 627 8471 15627 16497 39221 38546 28666 23062 19086 34624 22683 17164 28346 34345 18439 9278 16066 9108 29248 20187 12868 15011 30441 15076 940 16704 32767 4478 37693 15946 33630 20433 30947 18039 31222 32134 5687 26637 30139 25260 18278 21571 33721 23391 23834 21040 14236 37402 29135 39261 39530 13739
1808 39514 34804 3608 29673 16739 25081 33093 18403 39165 38562 26542 35485 2470 11224 36765 1517 7361 19573 20798 22754 5339 27807 36182 26914 25785 11729 31453 4635 3794 23065 19459 1484 18670 1039 33781 39861 4678 18077 6888 20506 12364 7852 20441 25809 20038 4723 29225 15770 36454 21741 6561 15397 27297 6329 18225 13690 3377 35562 8559 17808 22069 22569 32764 26631 30481 1572 25596 21222 2193 466 24681 7037 11845 18957 33399 17558 1472 24195 35874 34655 6830 4147 16219 4683 5433 26162 25226 13753 2880 30225 25056 23506 8809 29030 3111 5870 38848 5419 21529 30814 8923 14966 16204 13235 7815 9655 11900 25271 17480 32923 798 31772 27026 17021 38629 30178 7054 29834 14671 32405 255 18462 26279 35451 15843 32577 13871 20804 3535 29392 13892 21315 12036 31481 38838 14809 6725 797 1047 30107 24431 18962 21495 14015 35023 17653 37199 4785 29536 7765 14807 34333 14087 2010 8835 27273 814 13636 16880 18010 37429 37564 33130 34593 6393 23357 5293 26532 11278 33209 24208 2690 27740 13275 6795 33199 38714 3280 3870 35952 13076 28657 23938 30007 12926 12883 34289 18371 13980 18260 15761 11721 28619 16759 17744 30615 38809 2925 36766
1521 33552 6805 24416 1812 21694 28940 34992 21160 28860 35623 20039 9332 13061 29752 32486 2436 22524 16553 32727 30108 26686 246 30014 38866 39104 24407 30418 2206 9244 16844 16883 33106 1772 24587 4366 32459 16394 4063 20473 21765 25512 27721 13974 11235 4233 8751 30056 15773 16981 10417 2742 24845 25742 39304 23603 19792 38480 39620 18819 26400 9032 35361 11270 31106 34912 19817 35929 14942 18823 39622 16514 7455 27265 14248 6082 24259 18099 32325 23555 21912 22415 5818 34796 34745 22507 31245 24198 34498 29684 5544 24047 25713 19268 26653 31871 23279 12784 10947 28658 24207 7494 21887 10594 39813 18520 38856 9738 19002 10277 23337 16078 39912 5639 8031 26688 7846 21701 28020 8522 11755 15920 27189 10859 28466 34310 6915 6993 26484 28045 14513 16850 415 24011 2031 15379 18702 8990 2722 29554 16049 16326 33385 9096 18927 17341 15892 39947 24512 36705 7931 35823 37328 754 26862 19955 14217 15022 37077 25623 24183 34252 13059 7470 27122 25737 20981 26774 21750 27377 20214 34171 20150 34331 19432 13122 37276 39996 8965 25836 12051 2236 897 7603 21246 32461 9404 23088 3458 31771 1946 3434 30774 11237 11717 30085 7489 34276 3246 14169
