200
22808 21988 11247 23276 18976 25848 19847 14349 20969 8853 20628 31471 3961 26252 33098 30854 4308 33524 23283 24431 9262 37944 16446 13651 39151 34796 3930 6271 35780 14253 28665 12343 27434 8099 12188 30721 5109 28287 9433 6451 33406 29548 34268 11773 497 16501 8576 30829 323 18583 17328 37381 11120 17982 39015 34341 9128 5832 8179 6642 27493 39426 35369 26289 3927 11401 24235 38231 39389 28568 21676 16085 12475 37352 26990 33893 39583 28403 1009 35227 2862 13048 27749 33481 5140 23936 34456 39930 27942 1559 14121 7449 25385 36479 3474 139 20786 20761 12387 15621 4743 23348 28608 12097 28043 22234 31682 21735 33360 6689 30323 9383 36117 15753 38812 17560 19851 24200 8607 14364 26231 29562 21040 31681 3729 29389 20354 16526 20944 21863 12500 9618 26728 5802 37785 35182 33377 8943 20405 31619 33174 8020 2607 36840 23951 22233 579 613 17642 17140 14365 29557 31353 6934 14859 31441 22050 4646 17106 7250 23223 30227 7237 31939 15399 6001 28247 12143 12472 18824 4156 37825 4990 31798 5448 36056 12740 12449 19075 19445 24806 18094 27159 7235 31778 23271 23047 9953 18296 25750 36527 8385 4204 1583 17054 24757 25867 22069 26378 15151
28974 36506 28756 38913 26306 33263 35653 2835 12056 32957 26533 22971 28771 3881 19569 23961 1397 26025 19000 12677 39213 36971 21803 27232 9219 3170 35136 37869 31128 11307 15468 28070 24786 9043 12775 25248 22747 39691 39728 12349 4307 28351 10821 23013 35571 34853 32821 6880 3736 16621 19058 26524 12850 8042 5169 36724 5871 19055 15271 24633 37195 9135 19752 15508 2544 13183 26349 34065 7871 39242 9753 35844 24219 26267 37516 24277 16499 18559 4387 11923 38001 34591 9501 29875 38725 8639 18774 37801 13112 16817 420 21959 5797 24615 5918 13122 30266 29673 29672 25901 23629 3509 25028 6415 37031 28571 36394 18415 1152 7555 13451 36452 15304 17064 9458 25410 37536 12416 8278 22444 24981 6011 27363 36296 19079 36248 4627 39466 21827 25637 6553 37100 22608 17160 4529 35926 6820 34044 1472 7471 2596 22994 32424 17413 14908 27543 19163 12492 5998 31670 3860 34305 30822 35272 27007 2075 14353 6795 12452 33585 11713 11764 38490 13980 8795 9 9847 20134 14880 19333 33053 14697 2167 21079 13879 34069 6482 30458 39925 33315 36730 19298 12865 13331 11455 8904 3514 21220 14838 29741 38853 22772 18043 3830 2997 10892 3980 13499 25449 37632
24770 26084 39820 13158 33262 9364 10837 21674 10680 26717 25365 19203 25122 14738 34693 26552 14389 38783 23334 29694 22973 11766 12469 35678 20571 24669 29938 4018 14851 8681 37402 15800 329 9245 20987 39002 8619 1899 3215 39065 10027 8867 25067 10122 25453 12925 9315 6254 2522 22931 23581 31899 20736 15150 27440 3710 9747 12210 21327 30123 16905 37036 33670 9002 27548 5592 30537 29181 13253 15803 28300 2190 12329 7986 37810 34617 20810 9957 36458 26705 12274 35355 1982 15041 1750 12622 27492 21048 6234 14117 5852 25120 6261 12236 1524 31427 3204 30510 4660 21009 33153 38714 8233 37145 11419 349 1002 19032 15260 22443 21518 22358 3585 20290 18908 12545 10922 29153 4692 33273 37964 14536 28407 12502 18309 31684 35763 30631 22327 22138 9573 21926 23679 34302 23906 281 13384 17765 26771 24700 36583 25396 6738 22701 22970 9781 35024 15602 14652 37261 8929 12718 6051 28047 31703 26395 38910 3945 26826 20579 25168 26163 12141 30061 9919 4249 14143 7098 9046 22432 22403 35971 19822 189 15722 17674 21738 39899 10452 12109 37650 31582 14358 4971 31883 10776 16856 34873 9373 3831 35648 4453 11277 18407 22983 5119 1974 30462 6156 1500
26250 25589 16775 34277 4774 34472 29397 32279 11900 222 38986 15159 36846 17927 35327 14430 10611 6541 31112 20114 8761 13220 39793 20109 14902 24048 24316 32706 25818 15265 839 23421 13720 10899 31729 34150 27055 10126 5972 29799 17102 11425 28832 9850 38700 17712 10717 34313 3010 14811 2676 12035 32401 13619 3005 5207 11991 39627 2900 36308 39450 29364 8886 158 37495 12200 4539 24473 34713 13725 4717 22490 21323 26044 29244 5062 5685 14713 24134 6046 20960 21666 24456 13411 3817 15190 3756 17283 34220 36773 2396 11642 16011 778 27034 17691 16248 1458 14088 27750 26907 39908 10191 17838 26206 7688 37533 808 7945 3336 27507 18074 38076 18113 35876 21026 7781 36842 16519 11929 28263 37809 12858 37943 36825 7968 16795 37316 6810 35645 25211 2252 30342 29080 36711 5299 38367 28900 37658 31462 34905 13231 30245 15663 14333 25526 38592 1214 34181 37034 37505 36097 17360 13621 23094 5466 26060 27173 7456 27928 12898 39624 21189 23392 31861 1168 32920 29045 39774 14463 27860 28991 5630 18381 28214 8863 34324 4460 12707 28246 10364 17113 23676 5124 465 6716 12344 152 37717 35253 15317 9027 20725 8847 22625 24325 17120 8218 30358 35078
26514 19020 26665 15733 25214 9350 2510 23138 10838 36087 39853 18333 37929 22395 22309 36405 20853 964 16253 17446 15026 13998 30445 31573 6313 9404 23242 39681 31658 35916 12171 35331 13021 32081 18531 11601 131 34299 25194 5141 36616 18663 31150 376 36720 2896 10755 29021 789 7296 4552 17358 16224 20698 11072 12313 36818 28268 38903 17818 32848 1933 27157 20013 8744 25287 38593 11433 12703 15849 28928 35177 38814 25837 227 27065 23057 3583 28404 5542 17629 28394 9485 37551 4395 1802 15916 33478 29697 9846 26695 36764 8696 39752 32611 14293 25008 27029 2655 9668 1835 5728 7769 16314 10100 1050 8060 31098 38526 23003 32764 35930 21038 12562 18426 15941 38429 16108 22014 25144 37689 4924 13243 1823 19044 22917 7775 31476 19010 24115 34215 31578 7174 20439 20165 13031 509 28943 8831 37668 25695 26752 22889 7776 27873 12126 31968 9367 18208 31484 28360 17400 28863 38782 21119 26067 27973 13614 33172 36735 2837 12932 39922 16612 17910 29084 12333 13797 26073 12803 35761 8359 11164 31829 6811 15235 27171 14366 6231 15082 16730 16808 6315 6249 26884 5786 2690 28589 16367 32519 39351 12659 39323 26422 31568 18751 1295 31397 28065 8459
25522 6273 16211 32029 1340 2271 29930 21107 14279 37056 35535 19632 20279 38915 15876 37775 24003 14311 24795 27777 38580 11886 14717 25588 36102 39652 13760 36621 14486 11795 4496 18528 8603 14362 37066 19586 4 12944 16455 17057 23614 27903 20454 32136 31838 37780 709 27610 17493 16821 3588 24477 13502 17630 14175 21456 36100 21280 10704 18733 11644 11502 35922 27321 4643 28831 24066 9835 13646 3295 26208 32661 35909 5294 1012 27810 26947 24498 19557 19866 183 14529 35150 23464 25924 27473 17222 20526 3230 10778 28014 24230 15251 32798 23422 32330 2713 20771 20029 8815 36390 9966 15140 3628 21657 19606 21579 22733 30772 29161 1345 13780 35830 20319 24544 23309 4138 13296 20908 34001 23090 10673 32977 581 36879 9898 32289 6421 2378 13537 24259 27071 20103 28335 7082 25928 20763 16480 3607 24332 35275 38563 11492 3851 33761 25447 20681 7150 16951 24321 15545 4972 13472 17574 2461 38370 4696 17312 30986 26315 25545 1338 30091 14413 39797 4752 29222 24682 14074 2842 31011 37916 26851 19862 18477 18001 23722 37694 5537 871 32253 1681 8894 15498 29805 12984 14560 38631 26903 9952 19413 30398 39568 27215 27632 27439 12331 15567 24899 2941
24839 31440 3603 31152 8776 2834 33101 35747 3090 22184 19169 1210 21586 37333 35970 32590 29866 10101 8803 21956 3870 5314 37070 10311 11603 6283 14441 29214 17325 27587 28595 26241 12663 34251 34361 1051 37479 2031 37433 32877 8547 28708 26392 287 35796 7336 30795 5665 20053 31007 36174 33630 22213 6467 23036 22045 35053 14917 9991 33714 33228 38789 35513 27299 1597 35686 3359 26467 35256 36891 37344 22858 24172 38028 7286 39562 17713 12179 24951 12747 38297 54 22294 3517 5327 24692 1250 36646 8734 19550 19982 7521 12267 25310 1473 32648 24528 12156 14113 27561 37947 33287 35269 26962 29014 22864 34155 81 13909 11434 33984 29733 935 12878 7970 8969 34385 3457 4288 26088 21736 19914 19436 28882 14488 31318 14966 24819 1868 13389 32469 23948 3163 20866 2747 9088 1942 16746 26322 24831 13749 35276 10314 25511 21381 39305 34855 14133 36050 1136 25904 22288 14352 37321 37532 39944 26864 28751 9063 4251 12180 16064 36944 26707 30048 28507 17025 16732 28689 966 18896 3145 26550 6523 39700 8746 22861 4176 36128 1005 32584 38420 25527 39938 1138 37406 7967 23698 542 9905 31151 14262 11760 26578 7447 13194 18003 37098 21454 22318
5869 20335 13369 11702 3347 7857 17959 22517 31291 16106 14978 37953 28519 7913 26959 11459 36780 34993 34442 18093 26457 17118 30554 23860 38016 11797 21808 36593 22773 17720 6803 29217 10615 24519 22484 36834 24546 28439 11318 39777 32825 24250 2148 244 22413 3451 21841 33371 39438 32392 21402 30423 8304 7415 17401 26495 34554 4637 6265 25097 8968 33253 8212 14954 9867 19046 33258 31356 19996 21949 13004 4242 29720 16213 9285 38721 36835 23855 7786 23651 6091 2273 1955 4377 32665 30095 32254 18967 21554 26654 15560 26865 9868 15990 15628 23561 29750 11239 8192 2309 28479 7894 21138 23434 4127 5983 33376 30456 29745 12224 35582 33488 35617 19674 38752 3765 23733 26966 25625 12110 20497 10127 26932 16585 35869 13695 11033 8817 35625 19816 2954 28127 10983 20255 29054 19343 25513 2906 21075 39329 25945 8161 1996 16897 31743 34814 30515 13640 4316 2253 3444 33224 21459 33933 18574 15004 1435 24705 30146 2511 9879 14426 10926 7875 26005 397 21614 16004 25499 12697 22609 39469 14582 28372 34801 6766 23064 33930 36366 30812 4718 1691 20229 7044 28161 28020 6812 24501 21801 11482 22489 39369 25993 2542 16972 32048 18849 27384 15073 9783
36187 17053 19950 14069 16352 56 5684 36259 8015 34906 32453 14138 21375 7642 4885 32534 15080 15841 16087 14910 17960 20019 6867 8949 14863 419 16238 10114 9575 35066 21497 32252 24835 11094 29164 14546 12977 25778 8966 18633 26380 8785 24033 20564 9082 13791 6693 20523 38107 33500 4120 31576 36409 10883 8507 20489 13735 24347 31229 13575 25106 31077 8900 36166 21289 17962 18089 10804 19889 29639 20294 11093 31449 38944 14956 28075 36274 9432 31004 36544 22457 26725 15676 21287 5153 10237 5230 11772 98 21258 33760 39499 633 539 18543 34632 12686 6399 35670 3843 37467 22312 23363 15487 39503 21129 34546 23848 39407 21244 13437 38745 4715 20646 36995 38732 12949 14096 3168 29546 11410 11405 5387 26463 37419 14719 16679 32843 36947 24868 8132 38948 33255 33023 7448 12843 29718 33453 39675 32639 31559 31351 2017 24884 30666 11847 21437 33679 36845 7375 3006 7929 13700 32759 23206 18568 38441 29511 33351 21027 12414 2826 19272 30969 24551 4812 4950 23121 422 36339 2953 2446 19390 31161 6137 30425 37203 10906 24292 9097 28354 1659 31320 5745 12381 17296 922 32084 9447 38501 35088 39566 20221 26773 35955 15659 22918 630 31526 27307
9968 33020 21957 8423 11597 8331 8323 559 12875 847 4333 4907 18924 18099 34854 8221 35212 38933 28090 4054 3437 504 9684 24998 29759 14793 28979 37843 11323 24422 34503 17261 7292 23769 30842 11195 17552 30960 21664 36571 18489 25696 6130 35023 13531 39249 26167 36378 36741 5175 14506 9378 24466 25853 8222 36960 8635 35171 20414 13463 32132 33720 27967 36027 3814 12839 28660 25011 29915 38475 39665 823 26986 31688 30644 11097 6338 8574 23286 38638 11392 14568 35419 7145 30685 27444 28939 32564 11578 30432 6154 22831 17807 34780 17755 17362 7374 12146 12061 16984 9962 28964 9226 32830 16465 344 8262 4956 6791 26089 11217 27001 3326 12383 36275 31198 12527 17389 38606 17613 23178 30218 38484 19953 28795 15202 21941 12367 3321 13464 26270 7536 13294 4066 24082 26942 5889 1813 15072 27495 15438 28009 32838 26276 21165 24527 25081 31958 21164 16655 39610 33105 23523 8638 805 35021 25040 26327 36454 35374 30044 1631 18702 21713 31561 19140 27150 14031 31814 4708 38722 36197 6569 29345 39817 33265 24822 561 36436 39973 11575 8921 20390 30246 23609 2496 538 25220 13758 22292 35409 34495 17406 2299 32638 26540 4877 20702 19089 22514
37739 24597 25355 1694 11167 37945 36688 18488 32171 5304 649 21551 38998 16389 18971 12816 34661 30872 8917 1072 28639 22899 3025 30970 29871 28930 11953 29175 5666 21565 545 24212 21166 6709 23663 10667 28672 15179 39801 28604 18485 12606 10938 39972 767 4948 36107 35384 6985 33333 9143 8147 12756 33958 15556 4961 13171 7984 31564 16745 10795 3996 32376 16938 33867 29649 18198 23059 39419 2042 29873 15378 32842 29740 25174 12441 39220 32292 10005 23646 35100 7677 15161 4829 11657 24616 7827 30569 9139 28005 6698 36824 4360 24796 11687 35152 36184 17797 39377 36895 36269 31465 23387 29698 31753 38988 31846 6750 16146 30657 38987 19665 36596 20827 1878 22340 34557 39629 31980 15084 39226 4095 22922 23226 7069 22814 16294 18958 18399 16012 33099 1894 12336 39385 19260 33988 14627 5526 10934 19542 22754 20138 4644 13118 24574 13974 8896 29778 3697 14517 24994 18147 6596 5841 25519 20708 14269 899 28467 10019 9754 25374 9209 28902 38637 34915 38296 16607 28059 30131 32505 8098 4182 10762 234 4117 34050 16304 12471 36082 18653 30115 39771 35115 18846 22990 10841 27202 6017 10047 12989 37542 9084 18122 5359 17315 16493 4769 4601 13954
10358 25282 26646 19249 38553 22658 1373 32746 32096 9853 21638 3993 10141 26698 20967 22685 15349 7962 7240 15116 38678 2411 1456 29369 7332 38588 13687 10715 26030 35580 16920 312 3340 29047 32928 23582 24911 29065 30957 34583 18109 27206 20502 16980 2649 35655 17813 36921 5775 39161 33623 24042 10767 4184 37156 1080 36798 37859 7621 19448 21711 18101 21036 30360 19527 34458 13859 8782 26419 28654 24135 476 16300 14193 1915 17536 36863 37539 23198 16967 27151 17680 34494 23428 38893 25570 22642 2679 22589 28680 36855 38952 2568 37392 5115 519 26016 18240 32758 22784 22402 32276 521 19744 33127 35638 26805 31774 8918 25934 10389 11679 32467 15525 299 18781 25783 37499 3645 29437 12334 2769 3599 19250 8362 11869 17728 19923 7638 16406 20237 20575 20487 23537 23696 3264 29415 37592 32020 36504 5098 35013 22841 25561 28194 29888 2211 31398 15689 26161 11254 13577 14792 23227 25227 37471 17840 6257 24567 25888 24529 31758 29400 26078 807 15568 34824 8724 13487 15096 11073 23879 22648 11326 33489 21563 35665 39409 20706 30168 1905 8435 18549 34564 16841 13589 23806 25955 8499 7539 5729 14058 35822 4649 38201 33757 13343 24032 10222 27659
37521 11352 39519 4296 13349 12955 21791 19132 38502 31556 19992 3587 28509 24128 2634 19712 35285 27086 14425 11655 14961 4207 7071 6958 9567 3681 7005 24195 36201 706 6025 37993 26140 11343 32232 32437 3177 16096 24051 15979 3676 36253 29793 30799 37170 23101 35435 10243 34173 18017 27334 30771 20794 37753 17433 18192 15048 12840 19441 16701 22388 10764 2530 38602 35609 1304 5895 14823 23593 11921 20123 18237 6252 7323 19019 26740 14999 37096 39412 19853 20820 37074 17340 2682 25631 30548 17224 32865 15608 22673 32207 34179 20926 27042 19278 12435 21088 39617 35932 21622 29525 34919 11432 15456 8555 26442 2696 15822 31168 39548 2267 19365 38746 1097 26278 6743 11355 5159 29194 37892 21998 19601 16462 30961 34292 19462 19743 30461 36844 18552 11065 13818 39983 26557 26290 32122 26173 34024 2054 36380 37131 19773 21811 14112 24524 31715 6274 459 19223 34544 34391 28284 30337 36013 18068 5508 20996 2018 18821 38925 27272 28163 15989 34668 21796 32586 5041 12935 113 30705 4389 8849 25118 14929 34955 27283 25082 21631 15381 20080 37121 7317 35062 8236 3878 29923 17187 12041 2043 17584 4037 13885 13516 14709 27584 36470 23984 22237 23110 36687
1672 30743 14210 11329 29644 24222 34743 38870 25192 28078 37272 8772 33626 35229 2684 13605 17137 5950 1042 37334 2443 8517 10246 30049 22499 37124 2850 35829 10431 5534 18659 35453 30789 36450 8333 21993 33614 10605 4590 27407 39713 21768 354 6770 1528 11001 14306 39755 4379 5544 7011 9935 4197 12716 33107 8187 5105 9616 38110 17324 1918 19216 12347 798 8328 33202 14803 1478 11801 25327 25703 36325 24184 12242 2294 26184 33861 37000 36069 22900 7886 27271 35864 9971 24690 8326 36865 33742 6917 33109 10769 38271 37647 20928 22974 20003 38757 20408 11402 12451 24358 39608 39679 36043 22302 18926 9356 10477 26676 21176 28176 26188 24209 38302 15153 20063 34782 7007 29049 30485 27526 8096 3144 37962 1172 4573 27222 9723 28282 26029 19602 6575 1261 30921 5532 19890 1717 18934 22933 22793 31038 34398 11283 37007 20345 36321 18371 9911 30329 29986 2403 1640 8954 31527 32786 35880 11414 34843 12374 24146 37863 9163 16135 18941 27470 38957 31460 22779 32594 27149 24129 22505 32322 1712 20748 37178 17425 38743 37492 21582 18070 10199 15047 23684 28840 10290 2523 21866 25650 12132 10195 4214 32041 20333 31421 39256 36648 31953 9032 24983
17998 550 2044 7230 26675 15702 31443 18503 4498 31822 39137 25576 14564 16662 12871 10476 38483 25333 27040 28241 23168 652 24127 10441 11354 17203 24120 32963 641 25486 7659 29610 39810 16552 19800 6903 35043 24617 27498 27966 3251 34098 15015 15366 1073 14405 13018 25073 692 25852 2256 27370 36994 20462 12087 13063 39861 17676 13943 19213 35534 39594 28055 26623 19174 34189 24857 13217 13459 12369 285 21728 29530 19536 10185 21269 18834 34327 9578 2115 9160 17551 4412 29230 14621 1625 33900 19359 8877 8640 24969 21372 24144 12077 4881 36954 14265 39099 32810 39895 5657 32653 30793 31420 27732 812 21882 17778 20227 38157 29220 251 2824 4174 39889 19726 13104 36127 30974 36078 33676 32204 5937 2554 19855 26218 11170 39592 10159 18862 26370 5521 39331 29979 38216 29112 29978 21920 31614 33606 10304 1305 8402 12795 2145 34818 19812 1628 26641 25626 21329 9255 14139 25567 2455 25634 33075 17881 38816 35392 19218 29883 7032 35187 18412 33850 12596 38755 18886 18181 2622 3545 6901 19820 20017 11695 19814 24641 30102 17464 23195 22434 1718 30622 36590 6277 22090 26638 26316 13894 25296 34250 10531 29732 9188 20085 16971 16554 25297 39353
17282 15961 22928 9722 2093 38335 29942 13066 35901 10869 35412 19630 35874 24425 10145 27327 34740 36006 36577 39978 34195 14974 25178 1070 9042 37557 20617 19863 18943 23940 14151 29966 10407 11821 13947 14849 22515 37069 7861 2898 26940 23349 13323 2726 33533 20027 27688 36251 1934 33794 6559 5655 12130 18065 35133 24901 12573 11452 8058 14307 3557 4886 39910 17230 19719 30918 33291 15 7352 1771 16796 24699 32440 19702 16500 12917 4405 14273 691 27816 11337 26972 23078 18023 10933 24168 3097 24210 28868 35424 8558 37695 20048 16127 3938 20749 34821 3740 3051 12737 19014 20723 7033 1647 13374 25757 5928 14183 25666 17776 16077 36241 18890 5134 7678 11741 34377 12738 32605 29111 30452 36397 31200 3339 15074 6008 36237 35611 5219 5586 16350 6232 2292 34117 24862 37127 1367 34837 15925 3040 10825 12778 35426 27687 16819 1303 22391 30051 10970 33528 31257 31492 30508 5241 25352 5455 29535 33130 7492 35189 18243 23308 34635 31451 7581 12633 14434 27524 37581 27143 22863 27259 32809 7339 4075 268 36207 9184 25730 39315 20143 27436 14672 18002 12576 12144 1761 25295 13324 38269 11234 14952 15476 26689 37119 24581 37522 38993 31760 22744
27104 28579 9297 26058 27862 18219 9106 27292 10352 8057 16651 19454 15660 26833 21386 2329 14806 22790 4933 30547 11188 9675 9412 29273 30602 18993 32299 23888 18955 34549 36365 10388 16578 1911 33510 27220 20392 36594 21140 17988 25689 26224 24018 7077 35465 25273 33342 17651 7188 14 33157 28958 18484 27620 22534 7859 37974 15056 16820 12149 17800 6443 1763 5096 8937 22940 6839 23611 15017 36915 36533 1059 9203 26531 38610 31904 28965 25448 11574 32976 28101 6082 34774 13039 10792 8530 10063 20576 16836 36198 6514 4382 37475 25882 37503 18443 30299 38365 21374 22748 10293 19340 18840 37186 18685 3219 23148 24560 15569 16809 5833 24491 13024 20710 38520 3720 1806 18465 2661 30447 7163 17880 24907 22640 12372 39593 37265 31227 38395 21417 30996 37488 23788 36447 26604 25290 2472 10214 10504 23435 27957 7700 35632 27295 33591 9103 921 39108 15802 29558 31276 35231 39183 19528 35849 36607 31552 8504 19329 13208 1461 39020 38409 4973 25423 10446 9434 33872 38811 4741 9007 35961 13006 30806 20650 22053 19826 11733 29619 19439 35313 13105 5045 4682 1146 28584 34764 8851 17015 10333 22620 38471 9269 6141 22835 7952 15922 36008 10968 14809
12786 26813 14759 39818 2581 10612 14756 22165 5083 2644 5667 11971 19732 9647 19904 21961 1451 29063 37656 17347 4614 1795 29435 30290 29082 18292 261 32607 16451 23700 24632 25143 604 17323 24667 34593 18612 13179 2875 20097 9651 1126 15780 13814 5379 18603 12504 21290 39545 29712 13188 13620 26390 600 8721 35241 22396 8369 21237 36919 34102 37099 26975 22278 25343 1575 39209 35126 26446 475 20780 27728 32130 2625 26941 20714 17773 20952 36318 18398 15352 36221 17790 37514 31186 32768 2689 15538 8389 10957 27517 16852 22513 34176 20854 32609 21868 23018 104 39322 34985 8978 31558 18504 6404 36113 26358 36266 4517 38360 22577 31609 30972 33076 28747 9065 39264 17392 34443 11284 16948 7882 14160 2775 6143 29391 4000 16042 3334 5060 38472 37862 5952 17189 8647 32743 31292 15897 17668 17029 11667 30094 29771 34236 38179 17544 6417 1769 28722 25967 1525 4734 36843 37023 3845 20949 9605 15883 33678 39451 22149 17847 26894 9583 8344 33547 26031 38506 22081 7266 35620 33503 22638 24953 3142 39615 38808 58 37152 21649 17480 2290 1328 2328 24943 7734 15207 13936 34974 27563 13283 38657 25347 7985 21943 30181 4479 30068 30759 18463
5558 16403 27976 2156 39539 4368 20304 33337 13914 4518 10451 2063 9137 97 5004 29227 2045 3180 38999 21813 38186 21946 3739 28273 5799 35836 2474 2154 38008 26605 11025 28899 15224 21734 19672 33906 556 1432 25669 14094 32301 15257 14411 36898 28717 30237 15108 26131 32663 18885 19118 23854 31592 11765 19447 17972 30278 4043 5674 12105 10671 23866 23205 2716 25195 1339 16481 29716 14433 37615 1056 9963 37917 34371 24961 32426 14019 39896 3434 18557 15483 20982 25717 34108 5135 25870 22285 5186 37772 9196 38605 35842 13904 16710 13027 11811 26137 26525 18447 3672 28357 38253 16491 18442 38997 21457 30368 5211 39518 14754 2641 25812 5027 15798 35786 39718 38464 26379 2828 5801 6883 6632 27214 32135 32855 5048 869 8419 26436 7846 25017 3058 13177 23965 20511 10508 15550 11544 16584 14741 28936 15801 38229 15957 19808 30945 26984 13496 14602 6205 37718 16034 16998 20358 22613 8412 26724 25340 6703 33745 35690 29715 742 27021 10582 27189 39 2110 26850 27727 23066 38776 27683 37328 172 37692 11191 1590 13228 27798 4800 35216 8476 24980 23273 7386 28643 25330 9091 12517 10893 36772 2915 950 16173 27287 37472 38785 25320 7616
29060 6761 546 5643 15514 4109 24329 28111 39318 3554 32735 9132 10385 27337 15904 8193 3195 16393 5561 34217 31549 36149 18845 8661 23683 17716 38829 20296 16682 36702 1936 8107 15120 1258 19517 10137 13251 16471 32463 14385 21477 35858 6800 7729 29445 1708 28984 4826 35170 39849 34445 20482 6088 10635 12018 23082 13888 18902 8395 33772 6656 11233 11470 29307 4962 38697 28325 1875 38135 3965 3197 26268 7115 21154 38552 6028 25237 36497 1566 25161 28511 16656 13637 27581 13461 9164 360 18473 12008 22914 28144 4721 15452 38510 6426 18490 35237 28659 33301 37113 18205 30173 11734 7497 2856 38945 11807 24322 35065 14940 30584 28966 21839 28929 6854 10202 27923 13712 16399 38691 28761 1837 8934 13149 28696 39764 19690 9679 29427 17083 17599 32704 25878 4070 15725 3211 368 6544 24500 17447 25773 20170 35286 1886 24793 37097 3402 6170 10824 21656 5454 31192 38901 28412 33032 8152 27242 587 12419 4558 24939 9629 28315 23518 17107 25563 14478 18351 20119 5807 10007 19614 5068 31126 5769 30773 16069 38972 20091 9478 18766 12811 6096 464 28674 7606 24007 34011 26352 5924 34889 39528 11187 159 37706 5315 5624 26785 22789 7783
35240 16954 11680 37020 22428 15217 5779 17202 815 27990 39371 4616 1586 22929 31923 1178 13718 23169 18430 6215 39684 12237 13850 27773 1036 8683 2652 36567 28450 10077 39676 28290 31238 17882 7052 3305 19180 12002 34254 20111 36569 15813 32320 6813 38581 16680 37330 35950 22829 7330 34072 7304 25083 1602 24727 23445 39814 28297 36605 714 9492 15995 32208 24050 34368 33108 12390 14254 16832 3384 10675 9515 3713 15420 1037 20951 9665 4227 32882 1108 38771 33031 9014 9319 12485 37200 7106 33899 20339 17059 31539 1409 36961 23377 36784 2414 27059 7359 29952 27618 30147 15003 24026 33217 22311 16549 30581 353 6390 8871 33590 8712 1123 39348 12029 6407 22976 32782 27649 2289 36161 6454 36695 27241 17704 32978 33170 17583 4440 32216 38536 34434 23763 12771 24720 12853 29130 38037 18579 17772 31517 29288 8693 6744 10424 38126 35560 10024 18639 32630 30113 29102 26883 21819 26822 28323 14162 33430 27131 3470 36393 8794 18872 37779 6357 34978 5639 4697 24069 35159 15494 22385 36062 9635 201 39611 30836 34365 5963 37109 8716 7671 24664 21542 38412 37003 27197 6987 35484 3787 5941 21066 35584 26160 21992 18811 18493 22361 31218 2663
22164 3430 22996 6453 20102 9840 23391 19972 3468 33314 32128 38920 6848 3205 11636 1259 8561 33293 35163 23772 20149 20167 18374 2213 2943 32974 37461 2077 33089 23085 6873 34000 3461 4206 22497 25300 27958 32979 36066 17916 33464 38031 14674 38022 19706 3838 10510 3246 38474 17332 36188 28942 37183 33919 13333 39554 32271 356 8213 24300 9093 3286 3501 20271 35589 7171 20856 12401 16894 6919 20906 29855 31136 28380 32682 22600 17271 20789 17937 10448 2662 17047 4856 33137 14407 34231 17448 24743 28221 9749 38780 25692 14737 184 7248 25422 13668 16677 17874 16741 19810 21137 19545 18298 20355 34724 6104 25234 1673 16078 23677 23067 35223 16782 11902 11521 37818 32511 3635 28545 21890 22562 29877 23146 9365 32645 8731 38191 18238 10703 643 7703 6419 20016 38864 37196 36734 5018 11114 24169 14209 31910 5390 18517 36847 25319 14302 35414 25978 4671 29096 30820 19458 26965 20622 14635 18453 36948 7308 34143 7291 30949 10862 6258 4397 23311 1519 35550 27177 14660 451 30530 38139 12598 8538 10774 29131 37263 17718 13052 31121 4327 27822 37279 24287 30351 23370 20964 11849 5449 33948 486 7693 17071 29663 22021 29976 27886 22299 2367
19993 5313 13971 35671 31764 19008 1342 10969 27116 13337 36368 33283 22791 3978 27788 38564 7133 20099 25052 10041 22700 34766 21670 32530 21822 19891 17069 10460 30814 23825 39572 253 39158 29599 10301 14854 24618 4137 24265 17873 25552 29323 27035 8297 7512 11776 7639 34317 1350 13713 4334 6394 25999 15664 5344 24880 35696 39884 31103 34621 21130 23512 22414 26802 17511 18254 24444 19161 29443 6065 17595 13391 13360 25843 23494 29754 10744 37922 31833 2415 11543 35587 15154 11965 13773 36853 11716 10492 18119 16780 30243 35596 363 20593 17504 34337 11688 1198 34257 8497 23966 13041 10316 6227 5601 33777 27163 25959 37223 8340 7494 20858 37436 19559 17211 36878 31754 21769 10916 5755 29940 34310 15031 31461 25936 33381 1604 16003 35767 3802 3070 5847 11429 31587 1901 11865 19388 39261 4083 7354 5095 30885 37758 25763 2041 19675 24346 20557 32612 21650 7157 27188 9495 22686 23958 31493 22080 37208 24468 31815 22036 23340 22040 39045 16345 6823 37927 34101 14605 28800 31761 18221 29374 39960 31755 17263 35153 39690 21947 39917 22212 32854 27447 20553 29730 3772 24362 23616 37911 13706 10786 15466 27176 22527 30937 21626 19988 8083 30009 7636
1720 18703 5485 27849 35897 14095 19211 24987 24997 3859 38672 21131 5030 39310 3350 2737 25258 29881 6722 536 34745 15966 24247 32121 13659 23032 12923 6804 34230 2734 27288 23891 26732 20647 15240 19917 23142 34266 16246 34508 12652 11798 6711 30608 34481 17250 27573 33531 10919 3011 16357 5593 37782 37386 10348 339 4044 273 22227 27539 37816 33220 21061 1858 16432 19575 8594 27286 27135 25086 3267 39252 32435 12929 13647 36570 14146 17181 27552 2291 29170 38756 22510 7567 17301 2225 10917 15075 36375 16609 30283 9773 4619 20947 18855 9608 14786 16964 8551 38709 23702 27300 15212 39248 14721 15181 31277 4091 12289 17322 19999 13581 29598 5514 734 26071 19684 11338 20732 665 38385 17912 723 33987 18710 4532 5759 11982 17582 28197 37460 7828 26847 4895 24948 19919 34280 8999 37125 3099 9168 16547 31453 38050 761 35128 17929 24145 30869 33186 38256 4705 15131 16818 12394 30259 10614 37269 8413 31208 37584 28522 2651 33133 22439 38650 37224 1740 32032 1816 33188 32778 11053 11984 18608 626 31244 18544 39819 3622 39055 27453 7782 15394 24071 16398 22316 16045 14831 32030 24094 29684 29402 33888 24733 510 36736 14949 30975 9455
39265 5239 8445 366 39529 5656 10479 25393 1798 24464 15746 14213 33656 20060 7096 13357 30875 16799 1437 6986 23641 6679 10395 19699 35492 14802 5099 10245 33508 1671 12116 22752 38834 16825 11537 24460 26341 17386 11344 9340 769 25747 39905 25671 1907 19774 33364 1588 12497 14012 30080 36444 20250 12574 31063 34934 25891 21955 1046 7453 29398 29283 21465 22874 38017 35083 33462 3452 21382 33744 23006 21483 1961 25389 15576 10085 25318 18173 27996 6222 9316 33177 15032 4165 32953 12272 13566 32959 12618 19651 30890 10630 15404 25737 31975 17726 4306 35181 31756 18120 6913 8394 2163 20985 37214 24049 24674 4577 24600 13729 33739 8995 11040 21911 11237 11333 26839 2952 14461 4901 31037 5149 36586 16874 25226 36336 39073 30680 5288 10730 32056 10749 24624 28603 18942 5965 20521 11467 9661 5969 17302 10522 27167 7689 11387 24893 27508 5927 29690 19193 5903 1829 34074 13020 12276 4650 36675 16067 371 36862 11576 5297 28605 5328 33550 1709 31404 38852 22211 9607 35070 24706 24097 23786 26210 22571 39218 15354 24874 32844 37898 14010 31032 3081 25443 9992 5500 36546 33051 23382 13138 25685 24088 38012 37284 32845 26383 38953 7965 39202
27950 13824 23406 28231 14103 15492 24751 22691 7423 18823 26281 36157 21771 12222 3803 33321 39221 26448 27920 36937 15787 23361 34381 11646 20782 4595 21812 32042 11809 14570 2977 18778 21226 2715 4048 17563 37707 27297 8567 14573 6818 20239 23167 3678 39803 9422 30204 38735 7376 33450 25827 30997 18540 19568 39792 7101 38871 25572 17390 1786 29945 38096 27602 12327 33341 10806 22788 74 3941 18131 37197 15045 33158 37126 31653 18236 38399 6434 12554 20923 27314 36473 28946 24108 33539 20464 12114 26723 9580 12825 23500 21712 31717 25031 2948 11830 25225 36344 33944 8448 23857 31477 35813 3777 33685 26971 71 8789 26149 2037 12509 9542 15807 31280 14753 9029 31017 25673 22420 32393 28541 893 19949 34577 13351 39513 31675 18138 31274 20657 37166 36980 33723 4702 35411 32255 14091 29358 37314 4505 3138 32005 15558 6767 24957 28186 20469 30071 34252 19763 17798 35885 13117 11159 4569 9312 23452 27430 24913 24098 11598 12507 15011 8246 3900 13680 33182 5588 37210 32496 12602 11875 12577 2990 18784 38349 3253 37894 7269 25975 421 30620 20252 33587 35001 7746 14052 14844 26038 27289 22120 21198 17875 34183 4818 4872 18965 11501 30527 18125
38088 2312 34132 36335 37010 22110 36651 15255 38974 15947 3625 21697 34726 20916 29785 28418 6189 33875 18677 21876 8272 36866 29727 9481 15717 31223 8327 24584 26776 21167 19349 3560 6956 23608 3559 20219 17154 2609 20611 27051 24784 2980 21134 22711 13569 36793 16383 235 36433 25595 37558 15216 3112 39963 14591 4488 10627 20084 19072 11995 8989 7020 17043 4033 31225 29714 20793 26431 12609 25363 30881 15542 7321 9096 22723 35292 2606 28031 28119 34710 35007 12635 30383 35433 18194 277 21392 35839 34688 20284 20600 5939 37571 4871 4047 39809 10797 1820 19319 19322 32191 32628 13799 10946 13270 6286 7031 37345 7194 2559 9586 369 31597 1920 29934 29874 19389 27461 8307 13508 138 17867 10428 19030 37928 16889 39943 22122 11491 33218 9778 6281 34739 14051 31903 29416 30345 37226 29515 27679 39985 37965 18623 26660 6057 2408 21458 15503 10897 21779 10520 22810 13839 5422 21983 1279 704 18377 3338 36534 5360 11632 2782 38468 27333 6032 16099 14857 1183 30426 11377 14866 22596 1859 3662 2081 14679 4386 33527 14523 2259 19718 17628 8502 20044 35130 36345 19015 5076 18852 20813 33297 24973 9982 4555 21667 25467 13975 1945 10211
20457 19122 33037 14281 20148 5494 20885 19519 28790 32098 9244 6061 28082 22189 4253 35000 12129 18052 23070 3590 33060 2008 450 14765 4785 560 26538 35057 2946 28120 16823 30075 1711 596 30365 23929 6307 19255 34722 6027 33129 27510 886 24513 15197 29682 24370 594 1812 11241 30449 38043 38540 23106 5905 4566 16005 15447 37297 21356 30012 27489 1766 26606 10977 4003 17924 24803 16733 94 21651 9609 4217 34148 13058 17872 30630 28518 22242 39746 17432 17785 27786 8411 21979 29991 17644 33705 15000 5861 21333 9984 34772 39940 26064 6393 21408 8075 30487 5557 17449 10429 33876 18961 26455 14490 24356 36430 35394 3074 6320 28361 37357 17841 22307 16128 8759 12732 28291 20481 35107 30378 9974 6681 10973 16048 5325 30716 14991 36628 22253 2351 36996 14581 30665 25370 18471 38026 25158 8031 26146 5418 32449 16182 38835 36555 7075 35092 9706 5477 11052 37122 20456 23506 34565 19530 1719 6857 39079 8973 2743 5015 9395 6828 13479 34233 1065 11937 7914 20476 20182 34829 12185 9596 6797 3104 11037 21749 28067 8505 10283 15509 21466 17111 28592 30419 11533 35968 5038 26227 23436 22761 39645 28033 18366 6653 22633 38273 19094 38035
20979 13770 38274 29981 1565 6117 4369 13890 26096 23653 36037 12608 32577 30719 10901 19062 24213 39860 27509 15905 29380 32367 24783 6239 35080 10455 25285 28466 10962 18913 11729 36620 25136 29967 33608 17639 22179 7625 12024 18134 38522 38487 11666 37524 37057 30589 11587 11945 19143 9857 35329 18326 7685 35145 11947 9514 7553 27136 26987 18814 16220 38768 9010 6348 31893 14105 657 27992 16138 32631 23443 32592 17326 10526 4695 15551 32658 35135 15585 21762 22293 14420 28299 30643 15711 699 1839 4596 37477 4152 6601 19355 12815 10296 5535 15198 19967 17952 38099 27290 17199 28381 5423 16925 8615 27802 35791 18010 18179 14027 15791 10843 4200 15747 1698 880 26388 27960 13387 15724 15435 27844 30683 29223 31665 1751 11161 19790 17438 16207 19424 17768 13803 14286 20146 26318 20721 25974 7191 5228 34609 31300 13423 38582 23248 3558 28023 18163 6022 37761 3212 36647 24121 2434 24313 12427 38872 38460 12303 681 6858 37895 19347 26072 37029 24000 8680 18794 17907 11038 1778 9366 12852 30578 25556 33268 31554 30815 21589 16690 25062 25469 25360 35110 38010 2332 187 34404 5658 24525 14158 24916 34536 34817 30682 27675 23342 17436 7384 28063
35669 24499 24794 23980 9538 12014 27385 18742 11934 30880 9993 12812 9419 7976 882 38877 14487 35305 12093 20893 6352 34790 21835 8765 15967 22801 25806 23008 22124 21731 1807 25064 21621 5705 12473 31929 10162 39806 12713 1464 37004 19488 33059 17104 21428 29058 10538 24226 31339 26580 25284 639 18877 39416 24299 16196 39646 16318 13030 6787 16618 1292 8470 27631 4876 21512 38670 27921 24208 7612 16877 11846 941 11476 28676 31299 21157 11360 28464 25458 24558 37678 35781 26164 38992 22163 31333 37308 35772 20337 25063 3810 34553 13038 17517 23058 21272 17206 37646 14102 28001 3949 11931 21187 20891 31385 11710 28783 31989 38786 513 34748 19971 33784 27371 31360 38118 8928 20849 30878 20233 15293 9348 15927 26763 9870 35467 10501 27719 35543 33582 31983 33439 1981 26317 32900 33710 19328 32520 35994 36057 33252 12869 34373 28510 7527 3634 32672 22418 16497 4553 28142 11572 10150 1027 9893 12182 22734 36047 9873 23570 10594 38078 16716 11512 12028 34584 35334 14827 16244 18178 4280 37764 14876 20263 22535 7410 27127 109 29636 15860 17215 14678 35652 5774 32985 26192 30313 31639 6980 24090 10925 36821 293 13554 27252 13458 24867 22204 35014
17197 39174 14847 35719 31693 8722 2844 2871 38223 1244 23743 23214 18706 490 15144 31044 33254 7313 22887 25431 8916 20257 27912 29822 21628 5864 36081 7365 39413 13109 12541 9394 20034 12922 593 9376 37730 35459 15837 29177 10410 3631 3883 13383 1319 30172 37192 6334 25150 1493 12662 18270 1308 18148 12860 14740 38352 33080 9327 21777 18177 39900 39100 24995 10074 11473 13560 23968 7764 28989 36289 16641 3313 6220 9885 38679 34513 36343 23922 27278 19977 35085 24791 22225 21056 23838 4088 37606 33819 17769 27770 20993 19275 32141 29832 33438 21314 30316 38072 35267 10496 8390 3973 1869 3867 11742 22173 1797 17468 2203 21246 6440 12373 33952 23056 29523 6300 18786 4832 25203 4441 17335 15225 27647 19308 8990 9858 25331 270 27666 7224 35713 27869 2904 28523 35343 39234 9697 38129 17259 32515 33413 7209 9232 37590 6116 34727 6888 12306 37385 27 11515 435 1724 6781 20447 3600 35349 13997 1661 26357 18166 27424 23833 60 14177 13764 473 37728 22674 23241 32918 25281 16532 9884 27523 1450 26228 9363 6411 21118 13160 2600 1496 24412 28845 15770 9964 29155 37871 13918 8733 12191 8254 5687 7877 13061 463 15866 36386
6298 36970 33878 23158 13254 38642 8758 38406 22943 22999 8678 29203 10396 23285 24818 27162 6238 19151 5560 21543 14708 6729 38143 14613 17280 6423 28726 14734 32716 38763 8074 31315 33495 11266 4196 31328 33246 599 9969 3240 28957 18835 6309 12113 10382 37815 6863 3400 5717 695 668 21867 29052 28452 20116 10110 11917 37199 14987 9499 29916 5925 30864 18276 20184 5682 25391 19868 18739 4944 21222 39857 31618 8455 10209 38647 13319 30735 26260 16806 29174 8862 32223 9570 39811 26906 8410 19307 15121 13546 948 25664 34248 14500 6409 6548 962 35042 2350 3443 18519 25408 9932 28236 10270 27999 15754 39897 1686 32570 26888 32514 13567 30326 23863 32815 35122 6636 20773 23791 27927 9346 19767 10170 4443 13288 4416 15613 16736 19775 22298 32102 8032 7801 25571 9849 2524 22590 28685 34007 31947 35935 24736 16930 27166 6219 20671 28196 35455 33387 14735 21091 27138 18435 16663 39403 2232 22885 14062 14545 4410 19440 597 34086 32157 26491 21686 25803 6609 23437 14549 22688 3244 12138 10009 12857 3254 7730 18743 1965 24746 34237 7144 30990 33646 23521 10748 19431 13044 37619 10539 280 21443 30528 4142 17466 28793 16752 16624 16083
8078 35851 23706 35202 16914 29900 4326 33324 21617 39759 14559 23259 22401 25091 30713 30724 25072 20460 5707 33655 33311 2748 27796 29017 34417 28858 23960 8806 39651 34105 31801 29845 6539 20162 33514 13863 628 18779 4275 4711 5353 3725 20014 25477 15269 35720 23463 4484 3798 35520 1562 16412 2579 13967 23351 5446 8134 27937 36218 30896 29625 28435 13520 28646 15857 6150 14221 18305 27730 35683 24942 34149 12564 31013 3366 35142 12445 27017 14769 4442 21547 36706 4796 18231 10670 27754 1449 8067 36838 2314 38766 14837 26459 28816 7393 29095 13344 14934 8939 15283 1277 17112 26841 11994 735 1366 25102 36538 2322 3644 16470 19772 21336 2688 5679 30242 18423 24404 10937 4640 30037 25774 30187 12067 4863 30575 13462 11800 25255 23252 33523 16401 25367 2910 23610 6099 32088 28182 7089 23886 29489 39542 30460 36271 24452 5352 27228 6509 15933 24935 18321 23176 36363 13412 2670 12791 34297 22223 14892 13728 1440 39798 35481 30 5700 165 2539 28424 14114 17060 25210 13488 5838 3876 17465 33234 30129 16886 20485 26657 37865 36175 19750 23440 26155 30943 16124 19813 8822 14742 14609 15289 24025 10694 33082 5156 27262 21495 21221 12305
32717 24657 21368 8007 23441 24562 8014 23954 36044 15236 22002 10252 14924 29835 36754 382 14586 30233 13901 14155 17678 12575 16535 22282 6682 25038 10143 34120 38014 37401 26114 7424 15674 19628 35166 37959 578 32748 24505 26830 31290 29561 33634 2233 23792 14580 20713 9824 37486 17808 34427 32905 23489 23782 33577 39253 10179 19735 27257 34059 18012 7140 1876 17364 30790 7485 12183 31113 9875 10303 711 14375 39729 21655 20689 9449 28550 33959 17483 38210 19401 16891 18805 32243 20113 13937 4934 21171 15691 39363 12739 8237 5751 693 32585 12172 5872 38641 37264 2630 15119 15810 28421 7104 17454 737 17921 3367 34888 20466 33190 24621 26346 38764 25429 19233 12406 16296 6041 7757 2552 18513 10912 8257 125 3027 28257 5223 12223 32054 11220 39979 24739 19653 39311 28260 13025 32517 9648 22870 12529 19387 12997 7364 27787 12457 26507 8358 27904 34489 28207 39116 11135 11078 21879 5978 14512 28145 39307 320 14079 19691 8293 6294 20641 26271 1160 14245 35134 20421 534 4118 3669 12009 36421 21467 797 21273 9876 5478 10586 33257 17549 13099 17341 3875 15610 16163 8514 6778 33785 35612 10723 9185 24137 17087 2730 3201 24427 25600
26737 34844 7021 5088 12714 26927 3067 25952 7131 5077 16272 29206 38625 24413 33632 4657 9509 13450 18245 11271 13300 35728 23552 22055 3594 20690 30434 36759 37288 31824 6256 9674 37867 15738 25840 10048 14933 11939 6460 35790 11514 36431 16175 17431 23747 22442 31949 27753 5887 30484 30372 30406 21358 11125 27191 21723 28112 835 37413 27977 8491 26534 22760 39355 29635 10447 37765 37042 28288 27484 26048 35259 12338 31844 28162 26356 38049 25041 5396 1195 27655 29027 38973 20676 39291 6345 32244 18283 33440 7938 15320 25635 18409 7989 225 30676 13299 26490 33330 16076 11615 24243 21574 15401 25442 18761 38632 33111 26319 12972 20545 19764 28255 34390 33035 1666 14394 22083 37794 36254 7649 28777 28770 33901 35699 33240 28564 22166 2825 29225 4435 15913 23516 16472 28016 38493 18874 15044 25057 35752 30781 24410 2457 31863 23444 36751 17575 37323 8101 12773 34608 30062 9719 12948 116 13221 14747 17045 5428 7238 6491 31746 37882 11089 6260 38053 30387 39223 36933 37149 544 14885 3654 39246 6860 34893 28275 23923 6870 37884 23613 5507 27902 38260 33266 3242 963 18817 9862 22740 6146 25354 6218 982 31091 31253 9791 7048 28168 32471
13748 18271 23156 33544 18532 9784 19641 37673 16468 30344 38737 20873 22543 8164 5652 17978 20612 13944 25001 30412 39380 30737 23853 39878 2109 18731 34878 35507 7569 21351 16084 34628 4271 36109 16979 14348 32104 38211 31052 35288 37836 29370 39274 8936 10812 24495 876 39565 36836 5896 6583 34773 7586 14905 28379 11780 2751 24252 5926 39587 44 17267 24566 9948 6470 1737 37950 26653 23009 34506 27067 32185 34947 20256 20010 26898 23092 5570 38723 27549 17467 20087 28157 13534 31408 4185 22228 19861 20961 25490 19096 26791 1388 7812 9895 24064 9780 8481 16375 9251 39986 33009 4219 13804 6617 37245 9588 30912 4157 7600 27836 10552 15088 25132 3522 21578 13420 28577 33557 15999 146 35978 20433 6379 36129 24877 15294 36733 1838 20383 39098 15334 27256 38779 31308 39924 12256 19975 1840 2545 19669 30119 7748 25612 14800 9441 12045 25912 35737 26314 33936 21678 28349 23667 32924 18526 19948 28813 23883 26795 21511 9642 34535 10354 24909 8347 36920 33300 11637 19824 8247 27744 27793 30765 12395 39683 4550 20308 27826 14862 28860 9104 31177 39384 29066 8644 11098 15220 33811 111 23665 16931 32044 12588 14099 28474 8354 26982 9321 30596
3526 2384 10924 4351 39341 9650 31768 23287 21671 36641 16718 522 28367 11430 9307 35798 8283 8382 11225 34653 8442 1790 39558 33428 22249 19267 11566 29880 10712 11202 12498 23324 27828 32169 27673 24037 20105 37273 22563 29073 15819 26207 37343 20046 13484 4562 10221 36811 17096 5476 16303 23385 9810 34823 9240 33494 35003 26844 22132 3835 2074 29670 34170 3453 33865 25079 1867 38408 7040 10158 33809 29585 19529 18350 36145 28292 1221 11935 32269 35797 33144 10312 38366 17313 35195 25736 34675 25151 17194 607 15928 1474 22463 39429 2766 5312 13408 28198 13332 2000 6111 28495 18982 31284 17632 35398 19970 21461 20604 16216 36942 10898 23715 2659 8373 7293 38276 6626 14372 612 2269 26223 10540 15661 23033 24910 20682 5035 26750 8501 11262 21202 11594 39642 34493 38850 2727 15765 33065 12208 34862 14194 17938 12893 28803 26521 26824 32318 14995 34151 31509 576 38989 38000 32863 19334 37079 39731 8649 11890 6918 35319 37421 38715 549 736 30210 26711 18563 6885 33813 34792 39364 31642 5247 33884 19382 36268 3247 22426 31569 4178 5348 17377 39179 24006 5633 39124 4224 379 1188 14477 16854 14588 2462 19877 12782 6372 7881 406
18345 18769 27723 12042 14994 20661 32659 34320 32805 34763 2703 4042 28506 10978 16945 35312 19986 14675 10885 6882 913 4751 28281 3036 28653 30882 9411 23650 28359 24934 12034 38949 185 2742 6573 26558 27063 20156 17099 34110 20842 4806 4766 13692 2815 32280 12177 19121 28881 39334 6618 26377 26644 11860 38613 10739 31734 29522 26681 17593 23050 20001 11115 5289 37194 12560 6092 8489 1148 34682 29797 20850 144 14189 9720 2829 21151 33895 29401 21591 26625 6183 7571 8824 22461 28661 21213 1194 33071 16038 18656 12251 33748 6792 25568 7715 32326 10135 33827 21560 26233 12044 28805 34298 29385 22330 38032 7602 30626 31361 6680 14766 25173 14371 8194 5131 17989 39102 15430 20542 12524 15587 35975 34912 23277 9716 1948 28684 24643 2720 4032 29267 19508 23325 2818 24971 31596 17743 31395 854 11841 2469 37941 32074 813 7946 7003 33697 30215 35116 35069 12467 5205 22647 18108 18255 23824 39862 10920 38644 21212 9681 4738 9620 39026 16313 6076 4855 34560 28477 25167 21894 23097 29239 26614 5320 28117 17954 33611 264 17023 38430 5258 16672 26922 16600 18467 30056 7446 17533 6607 13156 28739 14271 33036 35601 10799 18349 30464 1427
32291 18469 33306 22238 21047 33460 34070 39879 38898 25376 20684 15878 18796 8588 38512 17243 8474 13746 18654 39991 3638 32349 7220 2246 3891 39328 35538 8112 37660 2344 13956 18695 2392 15704 18266 16214 37155 33391 4600 7425 37952 1251 8298 36065 8958 2436 15907 36715 20133 22336 12668 21169 2637 14970 24258 31622 6915 2406 11810 19534 23540 6255 28967 31219 19476 19742 34192 8879 17657 26829 21069 25690 34263 39215 615 27672 816 20712 12493 30416 36286 32760 4124 30433 2513 8270 7409 25071 9457 17384 25536 32092 21971 35621 37298 16706 32021 33467 11792 34981 7826 30027 28304 13235 38991 4899 30285 25268 2995 523 20132 19874 7624 25911 29354 8178 13989 10793 39699 17744 37444 10169 24518 33584 26235 31674 13485 28973 17587 12794 7733 11391 17895 36901 16418 9832 11248 27564 37585 15898 13082 33649 12723 19068 13081 10596 31500 38751 16322 8570 19065 3057 7891 26468 25249 10167 4522 2527 13622 23236 3173 15368 20127 36419 1888 7486 3757 11029 21692 4009 30491 10653 35441 3398 12832 9914 17079 22558 31466 31750 30093 31480 39336 28109 22034 2718 32184 22807 9598 27579 28796 39481 115 33607 19178 38681 23080 16781 29988 31176
38530 13681 38584 13097 15718 33210 10292 1975 35997 37398 3687 24354 22774 22913 30320 25965 9602 9126 37270 30726 30731 11478 12730 37531 4391 2563 28013 19294 3266 26807 23012 10080 29906 27794 1431 30248 13309 21493 22155 23187 1821 9756 13506 17784 24689 16683 2585 31042 6159 10940 16797 6392 18935 5305 39911 31510 28536 13019 8685 14973 11285 16190 31191 33231 5130 18893 37019 32174 25983 26178 39622 22985 21756 16721 3397 26466 13714 26546 7735 16664 19938 30251 27088 21006 20792 35309 28178 10574 8575 32017 20663 7576 10379 26600 16086 30991 27155 33617 3648 27622 12777 21530 10700 24992 24191 28810 22266 16288 9116 12415 37919 19584 29235 34353 3733 14969 13452 31666 20011 17101 16709 24163 12887 15714 2890 12076 29005 24588 33197 7908 34159 23132 2870 9643 8071 32039 22105 3374 8737 1213 19747 23182 17977 4209 3773 17922 2582 24149 33580 2746 7103 530 33775 3966 19913 15835 33791 31230 12282 39420 30189 23704 10119 32374 38304 4861 3428 3951 32161 24753 35279 31416 17543 3589 29019 32373 14408 11768 14937 1053 19980 20588 18425 35041 13929 6593 18994 19611 1909 392 20862 3999 27800 801 9882 38888 15462 22629 12215 11421
29891 31660 14037 267 32879 7834 13370 16965 10814 19215 21970 6875 13626 18256 19849 27068 39745 20411 34665 18103 2589 20546 21475 4890 11449 6916 37349 1713 5659 16645 17606 28171 655 15403 661 10062 38962 34903 30156 157 32228 10832 38841 9009 2200 25152 38847 14780 6314 36316 18464 34898 36484 38082 22635 15346 17427 26630 28285 38207 32730 438 33181 2185 13996 4240 2492 20038 24805 27264 11244 20420 14599 13606 16068 28623 24979 3663 5270 35485 26510 21840 1852 6546 18390 8172 37746 10570 9456 1217 8812 156 31851 26875 3432 15102 830 6762 22167 33178 19627 19420 38236 25400 29272 23454 23732 23373 22794 21057 10310 32911 18847 24268 22989 20280 15301 22106 8100 12705 27322 30856 32327 18645 27823 20260 11472 21718 19757 34606 39612 13428 9390 39873 13034 20005 17078 8003 33516 37320 7855 19595 17832 14398 670 11499 4654 17588 240 34717 23598 35979 31741 10998 4324 27743 36130 9693 7940 16326 25114 5087 10995 7964 39886 13789 27308 6193 24291 38744 15016 10631 13742 19437 18679 31984 24467 5335 30855 26709 21096 7630 37380 36136 6420 1090 38214 12551 6133 26465 33907 19954 24001 6604 14347 16174 16029 23234 22782 1410
21418 2100 2827 7505 8773 23358 7892 38712 25831 26890 35442 32945 38009 30277 22322 23971 14671 28029 21194 20799 35873 23699 38587 16092 9717 29351 26256 38241 12117 14285 13753 31723 36137 29263 9290 12004 29101 39142 1758 3734 31450 22073 24903 3919 39173 34941 9148 4845 36291 34255 9038 17520 29968 37018 760 23165 4672 32995 32493 17771 5362 22013 7314 16142 905 38086 6330 37566 30476 33561 14241 4661 27187 13307 5138 28415 23063 22803 18553 3792 20036 926 8210 14054 17376 7842 13272 15463 31343 2970 22152 11385 4543 4085 2416 2618 3664 1656 25399 25583 11999 34380 26873 11339 11466 10707 1668 20166 33145 2089 20921 2494 33961 13365 32508 11762 31810 27702 9677 25660 28489 26500 35703 29747 14631 11169 3369 13380 24993 4329 16767 22151 6055 15836 25517 13440 3800 25652 18996 32772 10176 22241 7495 15980 12685 6049 37667 4172 6081 22825 21516 31411 7385 3258 20659 32353 35570 4234 38566 15440 34127 39669 4834 5510 1326 28329 230 26354 18144 14801 30805 13985 28087 6777 147 4567 2108 39680 3640 5121 25491 11221 28537 23530 36116 24360 27872 11007 6413 23504 13895 24921 20565 3726 18008 32107 32201 21887 25377 32763
30702 32140 17887 18151 20480 24855 8652 10309 39544 29726 34496 698 1370 14494 38242 3291 4900 20194 2629 10457 21398 9020 26374 29081 24510 17971 2076 19643 3490 15024 20151 28352 22986 7540 30509 39532 34558 21616 3013 33659 6062 18091 19947 6188 11609 36525 10371 11133 14891 5653 20764 26493 19377 24837 9887 1554 35063 14651 25979 35730 6240 31297 38708 17689 3159 39200 275 37771 15396 30929 31571 4778 34537 8133 205 1873 39277 12409 21510 11940 14680 14677 30916 5933 20948 9471 22043 11625 15964 31979 7117 5309 3705 6002 17990 27735 38916 2654 17917 25591 32904 13205 14163 2966 8149 20677 28134 20668 12743 162 34235 36517 10469 27250 14820 14391 20788 29325 23692 8077 1386 38711 1618 9371 3974 4404 27530 10146 24775 16134 2356 20717 39282 24594 951 2046 35549 25235 30001 23477 21297 5997 11445 19258 6623 31294 30992 22017 37054 13682 819 30055 37967 18042 11617 26555 9536 8788 22172 30607 6998 29660 21254 33124 33663 22593 10151 38416 36488 34094 4873 10621 4914 3575 29776 16705 16368 1327 6686 31252 31070 4740 29092 1929 31868 30153 35516 37336 26423 12547 37346 34309 34674 38511 5631 39538 19385 38461 16273 36672
24450 20699 8431 25919 17082 7658 18987 18417 35091 21219 33011 16434 23256 3456 34107 18307 29640 33726 32106 5552 12644 877 2114 11308 8398 3769 20300 35067 38503 1922 1938 23016 37322 6660 3375 10918 28253 38182 35410 4067 18139 36934 32807 35646 4929 23171 552 25755 16307 11520 3679 25604 37061 29962 31173 39988 17200 29587 13656 7068 39751 25776 13404 25202 308 20572 23605 1775 26573 1512 9621 23002 34951 7844 19503 29879 34528 25421 10654 1400 20490 35801 2160 26336 29943 1429 13762 10965 29127 21691 12263 13085 35197 16095 26905 36852 37453 29852 35556 35460 9304 568 12281 39033 1184 34530 18748 19289 19061 38263 29119 999 32887 33470 3479 37276 11967 32251 25988 1180 32755 2407 9975 7244 34787 37508 36789 27670 18567 37089 27993 23296 11483 22954 6322 5731 39705 21987 22566 4531 1494 14757 2594 38818 22389 37737 5179 39958 6699 39012 24967 24760 12787 6448 7895 11747 1651 16807 23229 26335 28303 29746 15761 29026 27591 24622 33285 4664 19963 27356 32003 36630 66 5298 892 24312 29643 31866 7919 20301 33389 15209 39480 23417 33581 33243 12495 34831 16056 351 29442 7950 30038 18984 21502 2437 739 25727 17141 16770
12074 17201 31906 12503 39659 25925 7050 24763 6861 1692 35676 3475 15135 4489 14041 20963 30634 11585 39289 28569 22684 13456 27490 10266 18196 11730 24089 19512 31832 2178 29586 12665 31794 3706 28528 8748 31651 20815 6325 1497 20941 35870 34828 36236 2229 26219 6819 33924 36952 10646 16627 13623 38917 4787 21783 17150 29950 25021 9821 7288 8141 4431 1169 18607 28081 11179 8160 24842 31283 25540 18416 1355 27478 25002 654 36992 33312 39523 31951 21851 4243 10173 6822 17688 16371 15233 37396 17869 27681 27641 18907 31056 18203 24509 7805 6125 9535 10416 20707 2642 38195 3399 9332 26406 28212 31572 6841 28750 38980 9158 23037 38876 10278 35420 19587 26714 13771 776 1323 19778 7548 14707 13837 25269 3187 39016 26458 9301 14552 4918 14267 26897 8709 29878 3770 37826 27486 15537 9625 23379 34013 3918 19983 24308 38866 22382 4530 9921 4332 4370 24189 28328 24788 12137 722 21023 13664 38729 29994 20419 31823 8156 13642 22160 6640 2425 30211 18616 18410 29543 26342 19573 17041 26993 15285 36154 35503 1882 26951 35964 6936 1447 25697 3711 24974 12645 15984 6171 24526 16740 23119 462 14930 18548 16676 36487 21135 1767 32432 32370
17374 15418 29469 30930 18118 10426 17672 20940 19051 14690 34161 35151 35210 24545 23338 17510 5677 14198 15019 15027 31102 32710 30069 20235 3009 12909 37605 5689 8176 10763 10490 1007 33434 31231 17697 27698 38946 21799 11786 19489 36600 35644 15229 11993 13111 20315 24932 15472 18015 22199 9863 4894 27877 33345 6044 27855 28688 34415 5194 12068 30446 23666 39559 14417 36067 33402 4706 15245 19500 196 23162 27980 12378 6180 31579 11859 30149 26017 30750 1439 13327 16161 28897 37043 37625 21018 26000 37802 11685 1375 19302 38629 37457 25559 23680 28027 29343 33717 35800 8524 38320 1627 92 6943 36424 21525 5602 18433 10720 17548 24516 27194 7334 19301 12296 20249 26425 11647 37266 28846 35903 8227 15705 32439 16694 31998 20040 30952 3556 11686 27837 22751 23401 5562 38614 485 325 11311 13523 8525 21618 27550 9479 31087 7422 35317 35249 7651 28451 3298 13815 37576 8719 25649 39881 23758 28000 28396 18474 14779 29240 3117 24136 15475 446 17006 24872 12398 14492 24019 24256 13966 9111 33432 35469 11607 21865 7074 1702 19135 1109 36480 9990 23887 2370 19804 27027 19080 24765 13310 28645 19884 13168 6625 18480 36622 7013 5598 34917 34441
16039 23207 11267 22052 33365 25313 22615 21662 10834 28792 14497 27782 3864 29129 19239 19446 36543 2176 37232 38149 33081 12257 31422 29957 3689 23480 8468 38052 13244 22029 25894 193 6014 216 7714 17742 18411 39217 3869 17349 30506 16923 114 33840 34205 29156 39967 31036 5730 10335 33002 14256 32348 23851 11264 6753 26893 3409 31116 28908 35401 33322 34227 34512 10593 29961 27650 1176 19138 12661 23238 13406 6821 24246 21185 15247 10889 4136 34711 8444 19514 17801 16969 34374 20467 39982 29134 20701 2453 6673 16295 10516 19765 14783 11475 6608 26350 1252 22757 33304 3793 32747 20435 9092 39349 2865 13795 32503 24461 13917 33838 27716 27742 22945 8582 9871 13193 13645 30122 19217 9220 39844 10729 11050 28822 29583 24132 1609 16496 26742 27467 37986 8568 23768 15138 6676 9256 17092 22431 5324 38702 18798 15117 20625 5584 2687 21393 22639 7309 25632 13419 14904 26522 33475 31084 7890 26294 10535 30636 16346 25821 33097 15410 38485 34895 8728 1801 911 12563 31705 33733 988 22646 17762 26544 35896 37652 37134 2120 20705 25704 27629 13563 22277 11186 6376 39945 9212 2701 14124 13068 13150 15443 11442 9252 7012 8336 10581 1177 12518
31221 12070 33783 12442 7181 33040 7878 29755 36355 30598 37586 25187 21940 3389 26410 16197 25883 24683 2164 2390 4487 36036 28562 5732 23845 2251 32617 36903 39107 31831 5100 11649 16638 27880 3580 20201 3318 33016 17074 22675 24586 31445 2717 6856 16901 23668 625 16919 34883 31309 25769 7583 427 36652 12088 37304 34879 33568 38550 39664 11212 33862 27458 39038 11530 11477 38434 8981 24225 15018 28993 25404 37562 14868 669 33354 18249 29779 30723 18949 18282 6758 33969 24288 8453 22462 25728 3259 4060 34382 35322 8801 5236 38616 3209 29780 33251 34838 15050 28735 1809 19896 34932 38622 2971 24447 31088 25558 2468 5010 31207 6335 35774 34187 16622 17877 32196 32969 4764 6052 32991 1573 31275 5946 39383 14816 21231 35724 5071 6895 5574 2099 35429 8189 27852 3116 2658 35498 26253 32012 35643 28309 24590 5443 9122 33518 37470 38225 26220 16848 21761 904 33706 21243 3923 28549 12078 4729 3534 23337 7344 4765 19991 33502 25534 32576 15825 13317 34604 11894 20342 27593 8167 24601 15223 25521 14729 1130 29722 2763 23911 17498 31365 6844 39845 12992 38482 38531 18709 19912 34991 36671 4947 34532 19705 34601 39666 28829 37160 33248
1060 39053 33620 23329 39546 5503 4791 37053 18400 26661 36967 38843 39110 19192 16702 11076 9799 14201 28327 34778 22703 31026 16880 33206 16563 2262 11092 35766 718 5377 22270 20527 9013 866 4065 20340 18773 4338 22342 7496 26042 38792 38790 23823 20426 32982 61 8531 37767 17596 11927 33786 8982 29773 11997 3425 8646 28074 10042 19147 18053 24747 3512 20282 3784 3024 34388 36465 31806 32984 20310 9342 29824 16882 25503 29766 10662 22783 8135 23099 25623 26209 8784 309 28508 31307 35298 10103 14795 8021 20658 38781 29675 9994 18535 15971 27223 35318 20347 6577 29274 38612 22704 831 18302 4086 21884 27804 11235 29551 38019 29527 32145 26212 5397 7055 22274 34318 22786 350 29617 28242 39789 1187 21303 16630 27236 35862 14745 25184 4618 28383 35306 27265 14120 21624 37649 22314 38682 6565 11699 9393 6213 27820 28447 17388 32306 36745 35408 33135 7508 27545 19348 13096 37609 12413 29970 24976 23360 19262 28046 10234 3341 29249 20198 34563 5054 35440 25514 14667 28192 13852 18496 31329 38686 29210 5028 3957 22161 37409 36662 15364 17003 20387 31819 23710 5931 1253 14812 27156 4132 5608 39553 38447 28586 35853 11525 20206 26116 5752
20204 13871 23615 30923 5078 28219 21980 26262 15092 22843 38869 27527 20929 32211 18286 8415 39337 10728 19771 11660 37957 34408 14921 26394 22845 10639 7644 37807 38127 15162 38301 26091 39201 29987 16354 23645 32428 31174 10515 1613 37372 25823 25364 19159 20125 11304 20664 12184 22881 8903 37774 8583 16133 26238 37309 20293 25044 26098 22476 23042 3125 7062 3472 38140 18457 14716 18267 38830 34945 28746 12148 28567 13763 38911 32841 17241 10499 846 20781 39737 36912 20231 3150 33209 26980 19616 25905 39170 33701 29449 3096 39008 9389 14767 9440 26090 19663 22651 21897 14893 12683 7045 1020 9218 13476 4713 33628 21901 34756 22482 19893 33417 15392 4594 29487 21820 18613 3386 13571 19403 31745 31455 7205 29606 12411 26329 33093 10743 10607 18229 2107 31692 32111 15669 4343 37990 37564 34806 37383 7176 14611 39489 4507 39619 37450 23612 33310 21724 32385 34389 1847 13993 17590 10664 13643 27402 21875 15852 7637 25264 7388 10560 1088 35188 2843 9900 11553 13820 32363 6905 800 39271 14330 25857 24678 7442 7026 15917 37400 27312 18116 32789 16675 1572 10381 20199 16453 33758 5452 19287 23632 30897 2147 16372 7190 33555 30617 7992 1008 5336
7829 11435 8288 13219 13518 10248 2908 31672 10947 27974 15014 35537 16991 39623 10620 12001 24175 7361 16189 738 39136 17442 28030 18842 9825 33340 15914 5536 5262 6475 16735 34169 6941 31217 34167 21487 25990 3086 20453 27808 23779 19960 38844 24712 10688 11126 37696 11026 8234 19607 23909 30305 25742 13297 37483 29868 33269 9700 23456 3072 33619 20254 31580 4021 13102 5647 39888 24866 25182 29384 28185 31595 29506 37651 2275 17344 17471 8449 9819 24580 39410 725 5712 10040 8945 18815 11781 24201 32153 37087 19252 32336 19251 34770 22157 39507 20772 13667 22412 21521 7934 36808 17679 37603 25998 9288 35044 23526 35877 24679 6035 31518 21470 31288 17139 23455 37338 15912 23949 34265 34260 3092 30016 4293 37118 1665 8913 36999 23889 25756 12845 10991 18370 23986 21531 38355 28146 9189 8760 3154 11790 25914 10699 38823 9421 35186 30402 23268 10966 25349 18977 20178 9362 18150 7657 35430 39433 36873 4409 5626 38381 29605 27148 24965 362 3819 7271 11175 28512 39309 33069 13346 8825 1309 38505 11448 28880 19721 30597 7037 1490 12629 7166 23251 16661 31626 29044 27244 16660 27474 2027 10993 12599 1044 8054 38761 31069 20307 32573 31265
13750 26945 2399 13491 29840 38334 39738 22075 2189 6932 5308 11278 27803 7429 23076 20869 23642 8182 33296 24490 20061 20509 28154 1082 14988 23509 1592 23562 35246 28905 17789 28160 19285 1768 8387 30534 14132 12859 10208 24970 21669 26979 8417 6387 8068 25658 9944 21588 13067 38286 17546 9161 21355 5197 36244 9276 8612 19795 9852 2001 16102 19411 4789 21633 38558 26187 12753 24295 8771 16164 8038 12806 39493 39239 28591 7035 16428 13378 6346 24204 33208 30553 27213 12980 36689 24949 21641 9610 14020 26263 5787 29125 13958 15297 20619 29828 764 39346 29739 13002 17133 22611 13691 16989 30718 39402 38280 5691 39401 18368 27851 36435 27095 2555 17893 37553 27525 36804 14996 5748 182 12046 4164 24384 14023 13338 26718 24409 32709 17208 37254 23882 20468 39946 32547 21535 27540 33887 3836 38833 38405 16734 26537 18577 34275 29876 18353 37616 28757 14344 26079 37677 4017 22556 19879 25735 9235 34562 13447 2947 2533 4355 11866 3427 36371 6343 27946 23694 7061 27110 9699 29538 12292 412 8315 33595 39935 18746 35660 38874 713 12774 39300 35506 5345 11163 11777 26761 28433 838 26835 25177 36782 37083 38488 11290 18080 24824 23291 9145
12505 3193 4994 2549 19428 31107 27532 9069 12006 13216 37797 32358 18014 8750 1547 17737 19077 22581 20452 20338 36281 6988 29394 20833 10259 34396 24780 38369 14275 35765 25418 32429 13738 26264 17870 2660 13022 3795 14788 934 16479 11942 1284 5860 8735 36126 4742 39920 28130 13677 22140 22572 22006 30784 35953 30017 30289 16813 591 10813 19539 32972 3986 16032 13908 14057 39956 20804 37317 34245 24649 4969 15239 33554 39620 29460 21916 7346 10443 5128 3418 14315 17637 8048 32926 26118 2999 20950 986 22175 39361 15323 13957 6721 9736 26452 19608 27273 6200 19280 34 31160 7851 23098 17238 19028 26001 30981 33479 3548 6590 21163 14379 624 6518 39317 5242 19965 34060 25368 7363 38668 15741 6360 33860 5771 21857 1381 828 37225 10830 12746 17731 8987 17036 24587 32614 8870 32331 38565 32518 3275 16619 3030 13716 27435 24614 27888 19796 7489 28693 39703 24533 30730 20451 24177 22707 11518 28651 39044 22668 15591 12361 29996 36017 26093 4641 19548 39936 37940 32655 10164 19911 3122 13363 4129 1792 3849 22197 2740 6637 39850 36574 34303 29783 5358 9101 2620 27965 21707 37839 11119 33847 1845 35335 35606 23239 22602 9317 31628
6585 28649 24843 15843 13707 1074 347 36257 37159 10383 14531 19016 33627 25775 9922 25622 7931 22210 17460 30300 17913 33064 2153 22502 35402 8673 20762 4291 18753 17823 32992 2140 20896 14466 36576 12339 11604 17403 21017 5415 38497 23359 16720 16527 24152 26677 20666 35547 28725 37012 18512 22145 17820 27347 31917 34093 18188 12353 22058 20889 8022 17461 467 20741 3410 25353 21559 10881 8301 23522 32591 39816 13 15172 35006 33091 17706 26261 2391 22804 26143 39164 10044 2171 35650 37860 22262 36610 20032 17638 36398 13483 11707 12967 29565 37662 35161 12687 19865 12939 37854 28044 22154 30393 16157 20500 34206 36285 21815 17864 8881 14331 16654 4878 18793 27122 19430 38329 21427 26201 142 27477 32886 29168 24013 2194 25047 29794 2348 39178 9912 29212 23941 37805 34194 12817 21517 10811 15125 7948 17225 6007 19380 9554 36151 4525 38774 16642 15635 32377 13037 5034 38532 17204 14318 23218 15894 9361 22895 17501 33499 3489 19697 6381 24748 28883 5132 6090 37086 37789 2839 11088 9739 7438 14705 4361 28762 4760 37143 7463 18800 25616 16141 15757 35194 21 27969 35320 20946 4868 27589 5920 37547 30610 28529 24860 15461 37373 32240 28139
14938 7953 4273 7740 3429 8186 1294 14875 13029 23839 33332 5967 10833 7741 2927 21522 39892 39084 20274 7198 32644 32999 9776 25272 24548 22494 12094 39023 33782 33308 39521 2216 20373 2673 3573 4827 21864 3543 11362 15384 38738 27357 34185 18868 7909 22546 20919 34258 14958 6658 5853 35444 822 30710 39153 331 17967 36192 6364 21972 34038 8011 341 2578 7076 8549 25432 27306 26603 15098 39989 11132 2754 38828 31773 27840 6884 16355 24952 33110 13328 17336 24249 7997 17009 10363 32182 17075 9502 6493 8084 20514 34097 10168 36820 21042 30166 7538 16608 12648 38604 18232 35635 744 32869 20638 21730 32652 16699 36170 8506 17999 24989 21598 35105 17828 4162 14185 37176 18247 38130 4061 24192 14813 5367 517 29547 38806 8087 21252 15103 10463 29185 17908 26981 29918 35351 22951 14168 21878 16696 6196 14566 2599 11010 36177 17557 10294 6763 33837 34730 14634 17007 8064 23997 11121 20316 16935 23820 10495 5125 30067 39247 22528 36813 11453 17167 32933 2002 1417 38958 38204 34594 37897 12783 17883 33982 6437 25586 34789 30577 6366 18369 29241 4964 11690 29927 21915 20942 18851 10801 31644 32583 11883 36787 11508 12324 15168 24306 6319
32078 10192 21794 3737 34733 2735 27708 17685 14639 13198 20958 32834 29296 11725 18312 7788 2686 22758 21973 6969 19099 18193 19711 14787 28789 5208 18136 31100 24333 26995 32158 27824 23293 31075 37407 7377 29681 32263 20878 21436 37405 20446 32724 38025 28400 30196 31884 38156 12693 9208 13163 9582 8024 38177 413 1601 4880 35203 31270 30841 26876 21376 14562 39057 10847 20665 6267 30844 16139 39408 11185 20592 25170 28193 18049 10073 29410 24351 30252 15520 27776 17234 36258 29533 6536 8976 8959 4348 4984 34241 7183 2902 5741 30727 19457 38556 1054 24569 8484 20918 3730 17251 16007 39405 28499 28866 13042 4146 15350 15039 17767 33681 29145 14771 17592 28940 6016 11081 27513 18104 22 16869 39678 14410 38344 25498 2448 36677 6663 32732 5604 957 12671 38740 3602 19531 13201 33477 14322 10373 12680 29821 28091 11823 30473 33943 17598 32506 88 16959 8184 17489 6893 1574 2296 37313 19167 11554 16191 21037 10900 32430 34322 30399 7853 36357 11286 37367 9286 30852 31854 6059 7705 4262 1793 1545 34485 1281 28692 24017 12278 10365 34570 18184 29188 10322 33339 28972 10403 6403 22901 17151 25809 12229 7626 14499 781 25411 33385 34791
36969 13658 34463 33542 2279 9552 13173 16376 37002 15070 38222 4093 1428 34738 1364 39400 14965 14460 9044 39254 1264 24680 29819 26426 37661 27878 26408 15005 6978 29087 33886 540 21155 5830 26733 25213 24060 20222 17756 12459 31777 7937 5781 28673 9033 8274 26119 25554 15183 30728 992 14860 30848 21319 28666 8230 36801 7966 14755 32804 9090 39582 15001 1680 10509 387 39974 4843 13460 8155 26823 7042 16395 29579 18856 22098 13898 22370 10017 16234 3721 37294 28842 11799 25159 6594 21928 14288 18172 4125 9906 12626 28331 11166 10147 12048 21305 16172 29661 37850 1730 3047 29504 25510 20356 19023 25707 6053 2235 21097 37786 17581 39552 19086 5844 2202 14429 34035 22679 29193 16909 34781 31955 4112 106 18687 4456 28812 23756 18011 35810 90 15497 6500 27432 20735 35559 8997 305 30170 14246 29931 3642 14524 14329 14575 25659 33534 24756 24887 15924 25997 37954 34961 34186 1399 13069 26151 34210 32311 15311 13673 4478 9414 24619 9556 20811 35941 29674 11309 12301 29083 20075 11021 2509 11950 32587 23040 25455 2592 5042 37864 19615 31652 37968 6425 37579 361 6457 32019 36637 25233 18841 31348 8809 36235 23039 2623 8787 14481
39909 15020 37285 31195 10657 9087 13987 531 29734 23103 40 38524 20513 8010 9559 27003 32633 17012 5112 18143 26097 27781 4099 6438 9995 21862 34694 29801 28384 15630 30831 25710 8249 3281 37607 12754 10096 4583 11738 39342 12601 24701 28177 19660 28252 30418 21872 38896 3407 28612 11251 34172 15106 9958 2097 30053 20656 20208 13802 16390 9615 13596 3405 30090 22226 16523 18501 16167 22344 25493 5917 17650 10439 11090 39526 3885 22873 1693 149 12080 23510 20631 32666 8891 910 36302 35154 17273 10661 11731 37068 36802 20144 11879 6899 17730 30171 19451 28133 9144 4232 15739 2402 4584 37702 32462 28312 17020 39198 1248 3799 21509 18033 11956 28521 30618 39662 39641 9600 8703 33236 1344 14002 37491 34999 37389 25661 22416 24745 2166 9234 31342 10370 28990 37417 6906 36247 17878 38840 26470 2767 3466 15342 12181 25753 19859 31982 4979 8123 15808 14325 36031 34264 21727 26033 18206 24904 9470 9182 10415 33066 8700 3098 21871 23640 562 37290 37701 27061 7603 9708 35437 38413 2820 21743 6561 3591 27204 24735 14367 27607 39564 22148 19274 7898 30125 10227 13660 7348 28073 8598 2261 24655 2217 1034 9619 22938 20547 12702 13874
9308 17985 7231 13813 25819 39854 14668 28683 4294 11612 11171 36382 14316 26911 10566 399 17540 30858 18285 35746 19905 14258 31649 1492 24074 39359 32954 17391 39222 34483 35486 5318 13732 5293 17763 33905 13631 12482 2873 15707 1329 13427 26571 16020 14270 2451 13630 36790 18929 6496 17618 31405 15321 31935 34009 19570 18736 3042 4313 27414 24715 22816 34566 22892 37088 5773 30444 33116 13469 389 3123 39555 27320 2142 3026 6484 17049 38336 4309 21332 8090 21049 24607 20081 6538 8037 9099 22742 14980 7054 29360 20183 646 12216 35179 22445 24057 8337 7073 9779 15821 3808 24426 37828 24598 17723 21937 38147 35183 35488 11190 11123 29620 7458 9562 21608 14320 24550 24221 39827 26602 34339 28988 36255 10313 23603 3016 12101 23621 25964 21063 1536 28334 24323 28071 16387 5664 27710 26639 16569 28931 8471 1078 35385 342 12254 9215 1779 4149 15057 25061 31839 4365 38617 6872 15200 9656 3392 6479 7000 19997 21930 37748 22542 23945 9527 25438 39871 26997 21445 33722 37736 38198 13836 29633 2244 11528 38822 20244 38045 15429 8458 11181 7676 36897 25615 11986 20424 21046 38021 16380 39597 23493 31770 7752 26432 15838 8113 25357 30573
4988 17369 10089 25539 36557 31793 14625 1018 2992 12615 22308 8895 11570 19248 13510 13562 11207 38777 4658 21883 27518 5789 25608 32660 9797 29914 2101 31736 8018 1356 20083 10305 32332 18211 34758 577 16154 4837 15421 28977 23320 20363 7201 2060 29303 18609 11712 33086 4828 8343 6954 16341 11087 38794 16783 35058 2981 22198 31645 16148 2901 14565 24873 39474 38172 6994 27533 30104 34078 31616 22964 39441 29280 5493 11755 32281 20309 6991 35362 4810 20455 2724 25466 16427 24787 37184 32006 21321 9848 12293 33767 34166 21136 31316 6034 6876 6040 11517 24711 23134 32833 13125 9073 18062 35230 23520 3691 16805 13835 12655 22695 17748 39579 34484 28099 19321 16786 38710 21161 22634 32837 18936 5162 36039 20475 20057 30263 20211 8892 28819 34198 7778 10065 14960 20110 1895 4461 34104 37742 39127 16474 32965 32533 20558 13448 25259 10606 18959 21974 14650 37879 28625 34582 13120 39393 8940 18141 4301 18776 14778 9113 6654 3724 4703 31728 34261 4519 5067 2571 35342 20177 36329 15532 15511 8380 23953 3805 19589 19882 29179 13790 4148 38942 30188 36814 29638 4045 16729 39783 6556 22133 11589 23861 23487 21567 7903 19362 16369 2062 18944
18790 7263 21600 3979 5410 5567 36143 12717 32912 28188 25766 7272 33873 27870 18316 5805 4942 14691 16219 21156 14022 22317 37545 35966 26292 28413 38760 4670 20554 987 24087 13399 28434 25645 4534 18820 35771 4076 21659 11916 39131 37428 9311 11287 34925 35524 28322 22522 12023 26203 34830 29495 28459 2421 18158 27398 31436 15380 30809 16922 879 2480 10751 27349 8409 20400 834 17081 38343 30574 29248 22096 22915 7079 27152 25910 16508 18446 23328 21908 4754 38675 38324 38890 1803 7469 23751 1179 26553 19936 33442 2796 4455 6701 37812 2942 29126 6449 31562 4305 36079 35674 15662 17898 31439 9828 36703 4513 1511 32960 15655 29933 20236 19978 25772 17381 6723 32990 3782 10093 8206 28262 25726 15388 30653 32282 2783 22935 38868 5628 10592 15156 2323 12022 16169 6462 12841 9040 23221 21486 2266 27006 9222 11223 5629 8548 9511 8493 10725 3896 9667 4915 33141 2572 5525 401 13653 28815 35984 24369 35695 28878 30913 14541 27305 16168 38467 29609 36466 4393 6578 37729 15726 20140 2506 4689 6427 6329 36645 31970 34874 12426 12161 34259 18297 2762 2959 28799 7732 11249 5763 3033 16308 19040 1453 8675 33834 27562 28343 38024
68 18171 30627 37179 22819 34728 1632 33104 3553 23048 28782 1047 36070 26683 17365 7879 24085 22129 15227 38889 7833 19499 32155 35785 30230 3495 9448 25515 15749 29813 1759 19592 30518 15887 34894 34979 15023 36757 39883 19506 15862 26565 8704 6705 21701 24055 2621 35522 5085 30118 11678 15680 7768 24205 5049 20559 20797 15451 22756 20412 39993 36 5746 26583 39404 10485 29464 35167 33515 21764 14648 32412 25784 19074 27139 26340 1893 14181 16976 23388 28270 38310 27627 13801 20265 9314 28482 23055 12765 1316 39165 37909 32036 12555 2433 30127 6447 27944 38244 13200 7524 19995 3890 20073 4565 2920 7418 19541 7760 23924 22745 15909 14610 3202 4023 21070 12604 21722 7832 23458 33138 39418 17865 3328 24738 20688 1914 25686 12284 26499 25236 8811 27231 307 34663 27409 25279 21320 36392 38074 30497 7475 21322 17715 4864 16502 5578 31050 11102 34027 39370 11621 30561 32802 383 19696 37992 11857 25723 36837 24536 14327 12279 1522 13613 8882 30549 39561 6572 10056 25012 3234 39744 27014 12884 20317 3222 26142 18329 37198 31845 26821 16695 15559 37622 30692 17660 13505 1405 33826 3299 20660 29656 5040 22975 11527 35509 32552 35907 36167
24648 5904 5256 8571 35834 37399 11398 7980 28107 22486 23994 1765 31123 39051 5257 38111 9223 28716 36913 6746 7795 39898 18242 14948 21702 15703 25985 26572 5533 19017 11500 28141 26364 10376 2375 21599 16409 22958 687 30722 9058 12490 26018 33294 36673 11299 38775 10223 16232 38515 37604 37883 861 5036 15959 18686 19809 478 13409 21025 10156 32527 5277 4857 17309 32298 17558 25329 5160 26977 18357 36783 23031 30711 27310 34043 32734 35111 24451 39208 6568 25351 30891 33055 39494 38448 32641 3932 21785 1105 11104 35809 6794 13834 33230 12352 17316 36068 27233 6164 23556 33094 25801 6591 2051 10215 17130 17842 5436 30454 21684 23644 39471 11858 3325 22869 39648 17589 20104 4270 21951 14176 4482 17717 30020 17450 17532 1062 30401 26012 32117 29622 17852 35594 10628 7094 8162 3658 24159 27865 20937 34954 37795 21939 15759 39486 13870 34819 8295 24778 30756 30742 1738 11756 20739 31735 36728 4407 39372 34622 17923 14804 38151 39780 10124 32109 1106 23424 38219 12670 10816 34884 15665 4549 18253 33771 12766 32137 37202 24485 3120 26109 10488 5458 16765 21792 13278 29977 16050 7064 2247 27597 13087 9045 36460 393 3684 35902 25785 29314
20913 38486 15884 5824 29830 35656 29189 7532 22947 15040 31752 685 14659 5106 21752 23802 35037 28266 10102 37259 24190 2635 30333 38064 9590 13077 14464 7 25966 10859 3592 13088 13995 1960 25366 14879 38977 15325 34457 32034 34890 8082 7195 34892 31809 25856 18338 34918 26857 11634 9557 8185 37190 7038 20864 11105 12701 7387 35817 13970 7849 3408 500 12818 19131 6442 19154 2311 38508 25562 30763 3702 21162 34686 6984 12375 35802 39800 1272 32690 38091 7927 3431 38442 23261 16522 13261 28319 6543 23061 15062 2672 21071 14619 7043 10855 36417 22379 9194 18610 39394 6635 4965 38652 29972 4011 38695 36035 34540 8136 27707 24280 21924 31464 28056 33368 21726 5259 29928 8510 29867 38084 5951 16431 2757 29541 10136 25957 31247 23000 26430 37435 23822 8089 30477 8986 34370 4974 11692 993 9309 24078 10626 17090 18641 32210 21345 33636 21301 23197 10134 2597 29336 38543 5782 10875 10546 31749 36459 32740 13676 35980 22102 22798 1834 15700 18719 22397 11872 19538 25338 38496 11711 3050 7605 6030 16754 27377 30072 23626 33945 11996 29894 22972 39748 34336 12799 21675 11539 25111 2784 1715 18681 26710 18581 690 14450 13511 6599 22331
23486 14126 26925 3269 4373 25995 36650 6337 33121 24552 32433 22653 16507 25836 18660 36606 31261 29490 39259 16125 18031 13311 5883 37105 26753 7840 13865 38451 31141 7930 6785 10873 3169 8191 31714 8726 13489 12653 11013 35828 18901 2550 20597 23970 8271 16779 17085 14231 17293 21921 1103 33046 33869 8441 37078 8151 38706 28535 8885 37796 953 39302 38701 22641 2485 31712 36955 37341 21114 24418 26809 26582 29836 7541 13100 14822 15174 18683 37065 7999 19554 37961 20532 37691 13396 16681 15762 20357 37172 31140 7529 25 28594 26440 22196 38294 24030 1347 18900 19788 32952 2395 8013 7142 190 29114 16573 6266 32178 38372 3471 7573 17330 7631 12632 29043 39159 35602 12797 22645 39514 26180 20443 11558 33042 7234 35551 24420 22980 29839 9357 20630 13110 32375 1729 5617 28225 19426 10068 23431 11509 12354 19210 22842 20975 34023 21966 7516 26858 34344 33472 23432 17945 17625 38967 32120 39229 15312 26793 26036 36572 14043 17314 19994 31909 15795 16973 5226 34702 2575 1110 19552 39603 28318 12038 25050 32181 34397 20352 11545 20994 29430 15617 39596 38748 20746 13984 28520 35457 14772 8486 9077 23194 16962 6529 28912 25544 27909 23895 28867
28843 19164 32688 26797 2502 22094 39430 3059 33423 9654 19384 32767 34660 20809 14444 25968 2230 32814 31789 20360 7862 29895 19792 30686 27201 34436 30501 15506 32780 762 27479 22181 36077 15679 9004 13861 21309 36849 24324 28150 28638 2803 24723 30200 5483 34400 37676 30782 35497 12079 34012 37375 21062 33738 21847 4540 1025 19241 24116 9438 37568 28808 11246 5678 23390 17084 37582 3771 2021 10829 6967 6203 33422 20142 29072 10242 39462 8843 7804 6852 12814 12968 34669 31380 212 10796 37870 37963 28918 22436 3151 5195 19958 32477 8017 19817 34762 18323 22026 33652 39720 492 35290 724 10000 4050 10623 11581 33195 3611 34440 21492 31057 9263 34067 18508 28387 16046 13866 25056 36626 35840 33211 674 4561 11148 14928 38073 26548 10602 38630 31049 16464 36959 24984 14882 38856 31295 30826 16331 31534 27680 18810 10548 27875 34598 9303 30804 5472 26185 14723 24966 38371 14700 25315 2882 23975 5550 28690 17663 29980 31074 4284 31542 12981 13847 25992 22300 27905 27348 286 26234 33796 12168 5849 5804 5870 11832 22323 23673 2936 11056 21698 7403 16291 19710 1203 15038 3922 7515 29340 30714 8984 2405 1199 1553 27711 19547 16137 14507
33805 30310 21773 34340 25188 33801 26179 14622 23617 19490 2352 19551 23317 24809 12466 22632 9831 28548 10369 38862 36761 39912 14608 33879 26511 11788 13754 1513 12302 33397 22753 28390 31187 2331 8993 30779 19635 32823 34409 28492 19966 168 3735 17521 18628 10028 12586 16079 30645 9201 11012 18092 3984 25241 5551 35031 6301 15409 30228 20079 6167 15900 35201 11972 24024 19748 31059 37588 6435 29652 39069 32245 6713 39238 15549 3233 1594 29256 13195 1885 30298 29015 6576 11561 2736 36674 27130 38337 26624 14913 13320 7175 1205 35754 34470 21805 17802 9711 28085 9030 4920 32045 27387 12583 4304 9505 2065 19311 6339 4388 29252 38249 37146 31072 16299 17163 4228 24270 36513 24099 29984 2605 24572 11880 33814 12299 14853 15965 39280 3342 5888 16119 30007 35607 19900 19478 32624 37244 36172 6410 12867 1014 21869 37681 11174 31938 249 19176 5564 4015 8796 38438 12432 39068 26023 21350 16534 1898 32352 23383 75 10328 32285 30247 8220 33313 7072 7014 38122 33004 4481 965 38285 38739 12118 7153 16567 9695 21837 17616 5709 19009 26004 10326 23957 31012 24186 14770 21984 34418 39140 30403 32047 27971 22103 12866 10910 19157 30000 20529
18182 32068 4229 32756 13157 25627 11480 12971 31636 23354 11469 20837 25457 26413 36562 16080 12287 5577 30828 30662 30145 22594 34923 7433 14550 6801 37731 28873 35339 11831 12173 29890 39296 13654 24897 1993 28332 8280 32139 27331 19006 19793 30609 18239 26607 6206 5715 2693 17363 28416 12928 11130 3327 17063 27390 12262 7744 14485 22995 1744 16364 12142 26696 17586 6595 8199 28736 29305 18866 12421 33525 8352 3406 19155 38176 31555 35637 20397 39644 25452 33156 17824 31560 884 4859 2706 34958 18454 13515 23485 37665 21963 36058 83 15601 31111 18595 11258 11748 33642 38859 4364 23647 34031 37335 10258 20223 1232 15730 20530 19544 16865 16105 14024 8009 34667 33631 4891 5249 6169 19876 37434 2526 21357 37708 24261 1348 35082 10844 37465 10236 39694 18516 39948 27505 34357 19762 16685 34405 10848 30671 3229 11227 26949 10719 10432 35415 7389 38620 21716 7353 38386 9460 5885 22908 6922 890 36611 28959 30384 15812 33657 24542 28108 6084 6672 37289 37026 38390 19027 36603 17810 36306 38819 18795 31286 37881 2912 20196 25245 37817 33437 29647 39753 27266 32967 20163 21384 3441 22260 2615 20623 1421 23498 10741 30658 13541 22076 17346 12015
28827 21168 33222 21172 18673 33441 2339 22961 15272 36892 4648 4816 20168 35274 9416 3439 18160 18808 11740 10284 38323 12211 18388 7988 3989 21064 24704 21536 13364 7326 28125 12465 10858 10655 38221 36001 21630 33119 7544 32083 39714 20805 30998 21613 7652 27833 22797 21561 36115 19243 23917 30169 34651 37047 31799 5808 37427 31132 29965 2277 1826 14495 23131 2650 18752 2067 8906 38646 37880 8543 26052 35471 31437 17031 30874 29180 4450 18525 2755 6472 14617 29591 4659 26515 9877 10518 7755 38070 36476 11039 19818 36226 31811 30552 20549 12741 5246 13210 18459 33357 26019 12796 34852 39661 26674 21587 3547 34331 22459 18869 19644 30599 3358 22846 28159 32853 25126 24848 1570 31454 5848 13225 18848 3778 16831 6282 24375 30616 39251 35529 39872 29524 2223 3963 30531 1114 32994 21152 21720 3357 13792 6603 36691 15611 28864 19356 31296 19100 24691 24564 23574 22909 19383 33013 38133 33574 36765 12350 7709 32637 33551 33914 34652 14592 12726 24771 34701 22174 5914 27768 16017 30656 17145 31338 27648 19618 5749 7737 34056 7751 12520 10420 31961 13382 21024 38919 2260 32812 28844 18875 2215 22071 21898 29182 19303 2516 17839 6247 18460 10502
21010 12937 37538 32212 7635 22495 32436 21141 27644 17499 10149 3727 36670 33021 23460 21364 5820 128 33797 38469 20394 6275 3917 28167 16066 6494 12454 32455 37136 30840 10043 17621 35112 1667 30029 29236 25172 6975 39040 4642 29567 25973 3214 3621 31671 15185 29484 7132 28317 7154 11413 32862 33414 29143 24107 34647 2248 30475 15740 30980 19199 33698 19899 27652 24799 36369 10254 30720 3139 18947 18197 36142 13769 39581 6620 19840 13717 21685 38290 34037 35657 22171 36101 27002 34732 27418 14982 19209 2645 30592 5713 3911 4652 20055 32540 6356 36870 34384 26489 34842 321 13737 11107 18462 30699 572 39775 11571 22334 9816 29807 21216 21397 38963 12792 10339 4977 32095 414 33419 8072 30520 15264 15122 13035 499 12484 19370 25537 37262 23892 13755 36882 23963 33239 14726 19843 29985 5545 12249 30083 8251 6010 38809 21282 35757 23604 33942 18419 8579 9854 35365 38134 19082 12192 18228 980 29932 1374 6910 1688 32966 22190 32387 35823 4203 9836 5878 9391 26094 763 20418 28515 9213 26766 39366 39964 7949 34943 38382 2770 6217 7787 1164 21177 8150 19007 33559 20830 19238 11261 2501 35180 27254 13181 10867 6974 4688 4231 23662
39498 3492 38205 15847 4551 22410 37723 33356 33661 34216 3141 18797 37162 22446 31731 12639 29361 24293 8198 14828 30562 31336 23136 15932 4420 24402 19212 9156 11301 39790 9728 8028 4668 12649 22628 6380 24908 26845 32642 20998 9227 36540 32871 26105 29356 15969 32147 20272 19326 24844 26469 27725 1257 14503 14612 30293 25035 32027 4159 4432 19123 30944 29024 9435 9855 6912 23427 28978 24532 21224 4687 17239 25724 39424 22261 26300 3632 10493 27814 13591 39949 2498 39245 19998 5734 35884 21431 15068 7684 13584 9561 23514 39199 16981 32441 24612 35311 15439 8478 22480 17806 18041 29736 38174 25478 13504 39064 39550 23793 39541 14001 28917 32998 20054 22016 28732 36334 21078 35881 27140 4141 13634 13416 30615 28920 17635 16230 1970 7136 34500 6135 11701 26929 33379 24826 20023 39047 9560 12912 27534 32369 36953 7798 14903 18962 3387 34017 15490 9207 7391 13475 34759 32749 14710 6197 33962 28485 30950 12317 28587 23126 34016 6430 2874 3764 26581 36346 20568 4041 10417 3500 39042 28244 28588 6519 38387 6299 20901 27043 3744 6289 11787 26788 38680 13579 26397 26138 19756 35454 821 11122 22038 1633 10205 13705 29851 29791 23005 9138 42
39600 3853 34068 30343 24772 806 13552 11386 37657 2548 26783 24693 32816 29377 30859 7587 36619 15467 17906 5795 17190 39547 741 14321 7274 14368 14760 35206 34990 5191 19622 4008 5541 34649 11843 24487 186 16073 6769 3245 17161 9274 17186 39454 22764 5851 10722 7932 39937 24170 18550 29279 38854 38476 7276 15809 15970 16130 7110 23240 33822 24114 6344 319 5408 20288 23133 21348 20187 17172 1548 26612 2168 912 35099 39186 19011 33244 31287 1230 38238 20213 28149 4939 29713 12063 9652 12534 30695 28617 9023 33618 10425 3675 1608 15580 30164 30764 39236 8368 6756 2368 2565 26779 25205 9228 23766 36629 11289 31664 25917 34276 8093 12636 30208 28184 34641 38640 20025 4297 3087 23327 28156 16063 38057 23559 15405 19477 16271 18287 39422 28675 12650 30103 21170 7301 17046 37255 16616 2257 5403 3363 8059 6473 7118 27994 36453 36909 31099 33468 35011 30114 38245 3518 10287 26182 22626 23544 36956 39891 2159 28066 15335 14000 1973 27085 29302 20840 34747 31239 17677 2889 29285 5725 10076 929 19003 29513 22767 5783 373 3935 17456 27506 9830 14360 22338 1142 4588 19416 25146 16260 30254 35706 34008 9407 8643 20938 29789 39243
32058 6276 35474 26108 2393 36273 23831 15564 15339 34288 26248 24194 32418 11989 4056 34042 28427 6611 15322 15541 12963 20076 39880 37501 18273 1581 31418 21065 16936 21311 17470 13269 32125 14216 29958 33396 30045 2698 14538 33270 39292 29665 26428 13902 16328 34146 13223 5868 4469 15318 5791 9006 15818 19806 16520 33393 6172 34085 22407 11861 65 2236 3910 14590 16269 25808 1742 2201 28559 19583 37935 27221 3685 24081 29259 23306 31442 22524 37597 95 10850 34006 23219 27761 10543 11047 39240 432 20012 5447 12050 13373 37342 21990 25346 23717 37958 7066 19821 76 13825 27497 29088 2667 9489 15657 25835 11820 6251 12736 29892 333 35075 21672 33223 31081 11176 29596 30424 37445 2307 15450 18365 9664 20910 21003 31224 9463 36359 26902 37921 25953 14465 28243 4208 21544 7305 6655 705 8291 36104 15386 37734 13184 21778 37902 2066 35545 21031 33420 37669 21344 17926 24282 1964 33284 87 17278 3349 33070 17179 12603 16804 8861 16586 38863 37248 6950 1683 35257 17285 13598 37995 23411 37711 21952 24543 12422 10555 36604 17513 36566 35233 27665 34519 36549 31387 33344 32847 37832 6805 9469 35618 6878 2303 35250 12308 8786 14164 19001
22823 29128 26087 38106 3175 26703 36133 23695 39119 18227 49 31051 13715 30935 18591 16576 7251 21636 17503 19442 7025 24453 16259 26778 8203 33328 24797 38046 33795 33672 17353 19639 1985 17566 10320 3449 5341 5758 34735 35236 33331 35381 27480 12106 28557 18428 10359 34301 11030 19452 3762 11718 2497 22771 37379 17010 9793 9071 19831 32575 19870 8875 26551 32386 25954 37955 22007 8027 18861 31978 23332 8581 9796 21103 22652 13906 26958 15931 32023 38391 15521 15614 13607 35642 6909 3661 37648 31827 17249 8140 8339 2014 13036 9644 19369 13381 29420 12975 4771 6288 17217 29254 22195 18887 37189 17488 23367 30661 17932 37842 12666 8438 32699 31180 35856 16177 5475 12630 2429 8605 4094 2624 6369 4268 34638 23551 39290 12425 4925 32485 1293 18106 9936 37490 36208 24126 6724 37976 14752 16458 35567 12905 3361 29246 22880 34510 39970 9759 5935 7109 22605 17310 3084 35954 28691 29803 15158 15355 31407 7120 1459 37476 35505 1728 27284 19214 1241 6056 34319 24117 36485 16392 36609 29446 5672 7720 19473 36975 4663 3797 13810 20899 29318 1617 39673 33225 1687 306 155 5393 4328 17072 6354 32313 20217 10097 7582 4903 29784 36051
31104 33821 11751 20531 11372 37904 817 12962 21361 12757 24405 9444 9762 28376 19031 35191 6644 3758 5317 16254 11457 7789 18066 7905 26035 32793 12854 31550 30308 10775 13920 22547 38579 11118 29573 29291 35743 39841 6078 4626 20238 12532 12455 24713 12081 21830 11897 26774 14437 38478 36356 7297 24565 35749 8248 19603 30783 19731 10533 17484 26135 14932 37877 26258 31716 28441 19146 8829 2806 24151 14350 38873 7518 23942 21100 23858 19828 14906 27364 11551 25138 11342 32328 38002 18631 31648 17298 13425 1481 25262 32287 22411 38665 6080 25574 33465 5069 25238 31933 20649 11698 19293 112 27738 20291 14579 4256 34455 7922 15376 38736 28903 31139 22258 30231 7850 18226 3481 25754 7824 13401 5349 6784 22631 1313 30201 37973 535 14092 24202 13627 32075 18716 38018 22030 24438 18223 10378 37611 34870 32250 36305 15926 5116 26130 20655 36514 2165 5518 15735 5620 39272 26103 24374 2756 35296 28374 17975 38282 1979 20965 2854 28021 37577 1700 151 4439 19332 4446 37359 32580 31807 37641 6003 17736 23705 10530 22493 18394 16537 3054 14711 7993 13893 17757 24366 29544 5340 3855 34002 30496 22023 169 30106 17123 672 3872 569 38034 33275
14694 36678 25646 3403 27174 39831 11408 17578 21242 31525 7579 11714 20900 12715 36860 11024 5150 36311 37819 1486 32456 29337 4779 8463 38456 1476 15557 36774 21969 13597 7821 22333 21760 23568 13986 39504 35792 28158 11793 33598 2704 28463 14572 30746 12952 14480 9548 17556 6042 15853 23716 31281 34707 17561 33014 3004 564 18152 1804 10066 31235 7661 39428 3465 9729 1406 1468 5214 6365 10228 22289 38283 24595 29062 32224 17207 15518 36899 27653 22840 33558 11099 9946 18320 8627 14278 36024 28271 62 29312 4140 9733 21092 9589 15191 3467 4538 7261 2158 39106 5733 1748 32722 33485 19227 18396 37332 31419 5366 6070 38287 17652 14522 20026 26080 5342 63 33380 14899 23243 2926 28272 11487 18791 26311 28759 22630 21468 28773 2868 1174 16489 13636 36856 4277 17694 36323 24067 5108 8701 13548 37840 6182 18738 3383 15811 9120 6952 32090 5943 17463 29488 22672 11559 31588 36265 25502 32973 34180 24685 27315 18429 10905 5240 72 1774 26790 1384 36456 14528 9931 24182 36680 5332 16649 7710 20362 3101 30983 23312 39707 24394 9989 2274 19907 13154 8465 23731 4889 17780 38255 33798 10390 840 23918 5670 18114 14841 22708 4454
10106 20956 6574 34567 37051 9061 29704 33199 18458 18755 6444 23298 14116 30480 30628 31880 7758 37996 3995 8241 2669 5996 34126 21446 26304 17373 26129 21022 32885 15105 377 16245 7884 33063 27565 3809 8303 21627 19022 29913 18259 36986 26003 24480 7129 29760 21485 34626 26174 33743 12999 9740 32407 24863 22372 18048 13663 1436 7632 8769 29115 13329 28454 7673 24882 8228 28039 37679 2665 19629 15064 19832 3507 39095 38574 23894 25149 11 15774 3046 30641 15501 10777 37595 39796 22520 27567 17722 24027 33643 29146 36597 10399 28768 1225 17850 32001 32516 7333 34848 33049 10724 20727 14065 4084 20209 37948 8081 38576 7122 31486 31834 5287 2567 12745 9074 15589 7926 32903 22153 9355 19908 8610 29366 3606 17378 30778 31367 28105 330 3519 9072 8616 29595 1015 36090 4250 9022 20004 22244 2794 7682 35929 36015 32421 8924 10060 17411 5834 28436 36868 32452 26856 36940 24052 21793 21826 1262 6629 7457 15675 20107 9977 21181 20371 27243 36949 426 24744 27713 28358 7525 35029 16643 30514 34196 22341 11541 13501 18097 22805 36224 25585 20329 29842 33072 19636 17339 10053 18272 31073 39696 18005 4014 1935 37617 8479 575 17193 3312
27274 9430 21637 20518 19881 21696 16610 27372 14218 29512 25463 25094 12013 30307 5964 1930 14283 10393 46 8653 26597 25484 4579 19604 26745 4983 13007 15834 2130 18201 326 2090 6739 8482 29719 35605 11882 38892 26777 9572 4467 13045 25779 12090 4582 12879 29211 14951 32582 35205 13533 29954 36712 38684 38270 8715 37984 38071 27350 16425 35373 18047 20234 3508 14424 32479 33998 175 16433 11423 7264 18713 26198 15228 9924 20458 28052 23442 34655 30612 28923 675 13744 8244 1269 7774 4426 31293 5660 8753 28113 23943 12941 15448 14085 32512 3579 25344 4848 10992 38403 12510 18418 32246 33535 30802 34771 36552 5718 22896 29924 6033 35965 9804 38213 9988 17816 5044 25581 1143 36213 26496 28532 33374 4951 5991 30932 3155 37242 35564 1741 26154 23727 21751 33134 17703 30879 18638 25489 26297 24613 27616 236 27657 29922 9249 13144 683 7164 7357 13507 33102 27396 28203 10055 25722 26355 7611 27876 32476 29929 35673 15952 7991 33674 29992 33147 17281 12940 14736 22503 4024 24962 30745 32537 7262 10820 15937 13578 11158 35477 37849 8537 4336 19240 39660 15012 36805 8534 24336 36370 29582 25899 21550 10224 5310 24919 29510 24540 13934
4987 17044 33362 18696 31146 30105 21948 6668 6507 8621 32219 907 22193 25732 38230 3532 3181 14458 27466 1828 37755 2653 29705 13869 39345 18133 14670 983 3987 12269 37112 5296 5681 10563 10468 13745 2836 17794 18606 31701 39382 36178 30366 36326 25844 6983 12356 24392 15324 32351 16302 4272 13876 33024 17155 6207 11622 10458 34163 23775 30667 3494 9484 1860 17754 33384 25274 32278 18505 11659 39829 17753 31289 9280 30235 17327 18575 23253 13697 10766 25762 29645 10020 27827 27745 27226 4989 6946 5582 27955 25020 3549 29706 38677 34612 30325 22469 12295 31948 6382 30356 3604 18241 20726 19782 28235 26399 10619 12233 22078 4027 18799 13192 4475 22737 23862 32913 34599 15698 34239 12550 10229 15464 11552 352 22765 17939 32038 4639 5252 25036 25841 33433 20848 35624 38312 38173 20569 35446 39671 14291 34106 34225 20977 25759 8266 20331 16388 5414 23345 30941 27184 5450 28008 558 5605 38860 3045 35544 25375 12355 31747 14073 3376 11485 2454 29372 12643 5357 14714 5199 24315 39184 14576 23235 25289 3833 6279 31106 282 23266 35238 8055 25224 8102 26147 8498 28191 4906 23697 29178 17348 32542 11197 39732 8396 24673 27709 22425 8180
12178 4870 6149 11876 21340 29375 30439 19781 516 26798 5178 10613 1134 29854 36644 32110 35865 26637 31391 30220 5168 31779 15592 3916 28859 35705 9018 18634 1171 29331 29521 22057 8887 28876 21043 33074 19047 8617 29163 19034 24508 5785 8426 1151 16424 18422 9487 16379 14432 2852 31143 22739 18185 26480 11312 29315 21128 924 7830 437 30386 29382 19201 15042 33877 13493 17643 404 9531 15036 22848 28669 11272 38357 19867 32752 26363 39830 30884 4486 1530 3029 7650 1379 20278 34572 17996 19755 11495 17845 39181 24148 11723 6161 20008 13141 37246 16505 14428 5334 19692 5845 18299 1040 17658 34010 18624 28153 39551 28395 26715 32402 32788 31901 4955 22537 2841 22109 7584 38288 31332 15266 1396 32199 787 21159 5621 3846 36717 22907 38516 2184 20823 25350 21099 11243 35302 34863 5486 38328 32866 19360 33317 27502 22378 33409 20488 25863 18644 20465 10732 10411 24377 20818 30469 12779 620 20796 31667 19662 19485 2543 32707 19056 27205 33087 10895 35701 39344 30024 37705 24187 10045 18598 7823 37756 18090 8898 13774 28727 38765 6768 22455 2423 13386 33529 7960 30694 22567 30355 16539 16276 34162 32272 27690 31310 34424 3848 15605 29552
8287 26810 4776 2116 30309 10421 8905 26899 15936 39135 38261 29268 29529 7727 15053 13519 29817 23208 12906 36209 12250 7152 903 37808 15891 14056 23502 9157 16952 29257 11079 34135 4161 32857 25379 36165 18235 3364 36684 34232 11763 3550 10785 3847 5467 36495 15337 17879 4128 1805 20925 12876 9915 29371 4490 16658 19271 4415 25266 11577 1510 16982 21122 12230 28538 36768 27379 2951 18324 1298 38145 7367 6424 454 18451 21705 18573 3933 4844 26916 7428 30362 18306 12769 25931 11368 6388 26085 2152 1997 36664 26702 28126 17103 21059 24591 35843 18112 26629 10356 25740 9380 21325 26996 4508 10955 13095 21480 6269 39167 8711 30158 17623 15859 27294 27121 31635 35445 4707 11345 20154 32315 8814 14017 9405 17132 19638 38589 22544 39086 25229 2372 7362 2237 25217 12986 34296 39224 14127 37763 39599 7127 5445 10641 30545 11113 37429 13731 5634 37454 26748 28686 25166 28022 24575 26069 39719 197 18957 13178 12477 229 29781 26901 15944 11696 6995 17039 27746 21055 7866 757 7034 8372 19837 14578 39656 686 37910 34422 10854 39702 8403 31448 35613 26928 27715 16650 16209 36233 23742 13145 1733 8365 36427 22656 20098 16692 12186 9973
29545 36707 12647 10773 1940 24023 22800 20328 24659 23760 6942 21369 12988 359 36510 1655 4016 14901 29461 9710 14225 22624 15687 13672 3085 5118 37489 10362 36997 32225 19443 23599 25446 4936 4700 39094 31045 10002 38491 22364 32213 9050 35427 29497 28558 16926 21191 9577 11673 13570 10008 3513 15531 29417 9131 9261 20441 27934 17709 3332 32694 22265 26518 7561 33184 31228 38115 17410 8429 10595 14959 7172 10038 18056 400 34362 25465 26015 34989 7466 25643 29806 36307 27998 33665 23260 20267 31610 3690 7185 5026 4820 21877 32898 386 16822 14640 16183 5047 38795 20566 31718 23163 24832 30296 34859 30646 10642 15363 23996 36777 16113 31344 30712 31855 6900 917 20826 18487 16555 23900 31908 32676 21770 4997 14276 33570 24716 17242 3682 30059 29896 32523 8039 5295 22809 27268 5530 8819 28411 16739 7522 1288 20074 22967 32803 25930 30776 25383 18317 23539 26627 3124 38623 20535 2801 19060 37578 20341 27613 11743 19226 30601 25805 16449 16494 4374 1084 38694 872 14011 9688 11684 30541 17636 36407 16426 134 4850 7360 985 24130 1092 19759 26217 6336 4520 6371 2477 18718 38858 13679 4188 16351 10727 1235 8818 20069 31976 18985
39091 14387 12239 34075 9627 37307 24503 19087 16457 15768 27460 22386 2521 16120 10059 7395 28969 10590 10253 13308 24428 38517 30137 21349 34662 15620 38906 36385 37181 37823 39304 7161 21039 22219 26124 298 13292 680 29407 22844 20758 15968 23499 22507 27857 20716 25771 34631 31643 34882 22778 6195 13325 26789 13072 22952 22849 6408 12108 21781 6624 11889 20678 33235 8063 2206 20051 1892 33666 8520 12098 21419 30968 39708 20494 15873 35332 9564 6924 27790 15327 30392 21318 25629 4254 19985 30367 38339 22601 16438 26361 30866 26434 19940 27362 31144 34645 31852 26960 33029 17863 30396 20415 32677 33343 22355 32334 29499 23471 14355 10109 7402 10576 8823 772 36018 33667 27615 14798 22128 8430 14890 21800 10616 1023 1919 23688 30319 32678 24592 30523 35815 17547 15469 25169 7854 26298 9913 15955 19066 9178 13390 25915 2218 3716 16330 16287 28095 15577 24442 6185 11720 18727 226 26651 12133 5167 28350 7053 24496 36951 30116 27422 15598 12820 1732 2647 5711 11700 24220 39362 33968 17173 8948 4714 35158 5079 31396 17422 9822 2938 23674 30262 35071 13392 34122 37838 8275 25010 16992 30732 20595 33689 13398 28172 37743 10701 14526 20262 37411
19244 30010 32475 11602 18294 24925 29438 36558 16717 21570 14457 4992 16037 30427 19254 23174 36422 248 30989 31039 8273 1107 37804 36876 10890 19883 39425 30576 7178 26050 30954 7793 8116 31507 17826 586 6853 24122 33194 15085 18291 27456 1216 18895 5538 23678 20955 35032 39093 32200 19962 7893 17846 26673 39335 26575 5828 31808 22104 20760 33589 24555 358 3695 9646 8105 12910 30901 16902 38918 9842 37302 2118 23472 167 37888 21798 1233 25681 2749 37442 12071 26047 20047 30408 33843 21481 19269 22621 25481 6638 31474 10078 30965 30335 24022 36310 17051 33729 6145 15372 34811 9067 39589 15308 12277 34426 10438 36367 10633 6097 18077 20654 5908 2398 8259 39406 33922 17827 27388 32557 1498 6400 13733 15552 635 4010 17486 4675 8592 37463 26648 2034 29885 17440 9645 13164 27427 2463 26396 37535 25926 6865 33505 1124 15028 22661 22500 21261 30774 8370 659 20863 25830 14762 16574 12384 25093 23255 777 4839 39695 9696 19345 19709 24774 3422 29657 5481 28663 31996 31458 15477 4683 32684 2432 6079 34394 31018 23655 28601 25054 23396 33971 18772 28302 36228 27929 14585 25380 38922 3353 15783 9803 29091 130 1029 32347 2588 34623
6037 25299 16960 31020 31457 5843 25450 18356 8629 12134 19042 14855 6834 7943 25308 23389 7259 35089 18293 6503 26967 17477 2478 567 9461 35591 37534 21293 28493 36319 32009 20936 27133 38559 15677 27211 10466 4748 10083 37599 6793 24111 13436 28032 34214 29050 32055 9417 16362 2831 19491 23044 20463 8285 35768 6902 32420 23618 31700 4509 9837 28382 27935 13028 32718 17156 10307 20980 21068 29703 9606 17398 35837 23709 29013 27064 11661 773 14791 22450 16636 39434 10945 9292 32551 36803 9081 38445 13167 14473 14574 32581 34777 18380 17758 6225 19230 38855 15465 9758 18818 34875 11899 2466 37841 1783 16860 7058 12084 2123 34940 20402 21223 37151 18768 11580 290 4867 27809 30124 23982 25877 5916 33490 18966 28889 22802 8500 17192 11018 3877 16881 21843 38446 34375 12020 26026 35328 37541 17788 5607 30312 20807 15110 28620 20128 30635 4020 17974 25292 21251 11418 13551 15671 8705 26693 30150 24014 18420 19206 14852 37177 15881 779 870 14482 31601 355 6802 18622 7598 28849 21754 37305 6202 38636 21371 974 22777 31135 3238 27585 35694 13321 30224 21506 16187 26596 36294 38990 26308 26861 6073 20090 37369 12111 37824 35307 34100 14053
13180 17979 6832 22728 3393 25066 27359 2974 19518 20959 9771 28527 22015 35010 748 6589 14084 33721 31519 30467 26485 25715 8219 15206 32188 32286 11004 24654 36627 3752 10831 28975 4557 2664 29025 32309 1842 39468 9777 14504 34386 32218 7416 9743 29434 24864 36173 34794 29812 9843 1921 39182 3260 18650 33207 9353 20516 5949 5611 14632 22119 15697 3331 5589 3915 22606 5812 33740 21310 17933 3596 19494 19103 21880 5013 11650 25748 37044 1466 12595 9927 33148 8200 35762 10817 33890 36364 13471 35640 5164 35937 4325 18217 33335 38489 16243 29099 5899 13912 6362 9453 32790 9206 4822 32144 5459 38923 21623 20884 7520 3419 20007 16509 38648 11265 8837 31154 22176 17149 27918 23152 39368 10695 31615 34775 21639 29749 33975 39352 10177 7802 20185 14161 29667 3857 15261 9377 13446 17158 20381 19404 25023 24853 3666 33180 34988 26801 35479 7370 29200 12358 36168 8235 24530 653 2465 23798 21451 6886 35185 12197 15619 12891 17579 28607 4430 38075 21568 38645 20903 27115 36888 7046 36245 31497 8166 22347 29166 26420 30385 30453 11327 11912 34348 13816 34347 2224 6428 34696 38006 36943 15157 22516 33163 37249 12376 18676 38394 21494 16743
33388 2113 33712 34014 34502 37050 24754 21370 30971 5744 15563 29518 37997 32964 1433 28828 29247 3498 23956 39071 34278 33668 14967 38720 9260 35532 26043 295 35542 19253 25941 36064 15231 33446 257 13884 38380 17212 16476 1482 5669 7177 30394 32043 28626 23661 37351 29850 34291 32737 18187 31314 11034 36633 34053 35215 34403 20277 35899 9497 32817 16541 33770 7836 31535 34228 3977 9790 557 31301 8590 4163 12271 5426 34416 38137 30847 4302 27323 8148 17022 1605 11837 36153 5568 18220 166 32283 35672 1359 27185 23619 17994 27887 2681 27360 18529 39534 27633 21802 19839 5644 38742 5460 25739 33193 10936 27438 18691 36434 28408 543 9539 10643 34141 28621 21934 3294 23122 7001 7218 11735 27805 18690 11358 13414 24688 24034 21534 24367 34522 10267 12688 1800 26595 12793 18437 36232 17482 6982 18262 28442 38567 9897 1757 12752 20428 38966 5953 37620 21341 28992 7199 16579 22496 9382 7869 37949 34965 23877 29157 5767 9738 23318 17265 33421 11192 38340 26759 31574 5136 30028 18159 12474 22866 9049 16896 6229 35892 10240 7135 35416 22441 36243 14815 32294 32390 28658 18161 21960 16126 36747 39976 36823 29501 10649 2986 180 25022 10789
17653 25096 10984 34835 19182 13083 16594 19807 24658 15188 26076 31957 33061 24016 31521 18154 17537 5831 23985 16437 3822 31262 16309 34746 18754 4591 29076 16081 1546 28151 1206 21126 27634 37905 7954 18571 15856 22539 8925 35218 13246 36902 22926 24661 32566 4719 7672 35117 3008 39577 24462 5515 4542 12104 21083 29215 30951 15872 2759 36000 24386 1049 11002 28885 29159 16604 1158 5364 33725 3920 16280 28453 14007 26307 35027 8290 35854 29224 33937 410 24167 679 13930 32164 27531 17496 17458 23301 23438 32600 15639 17292 21435 9703 21462 7816 5391 37858 38092 30373 22622 17014 14030 3094 11484 33972 36792 25792 8902 25800 31298 34026 28547 8422 22738 580 11911 10297 36561 1880 31384 29634 17601 4122 32368 13661 39894 12221 9768 5506 35039 30865 6490 16858 39836 1825 18233 20877 28465 25087 3285 39951 12448 32923 12694 39491 2068 13050 13846 13953 31551 15672 34807 3113 10260 27556 24737 9844 11489 33520 24449 12863 9569 981 29974 9938 9623 29196 16394 25216 20766 3499 38544 15273 21750 16934 14606 37378 14060 391 5399 12553 8600 32635 27077 14665 18565 33017 30955 303 26892 16760 15408 10808 13455 16461 28007 21892 32797 9401
34431 32268 23983 28585 29456 5977 14064 33159 7267 24408 28744 20248 35906 1639 16506 16940 15902 13264 27797 26037 17491 27576 17572 25317 37211 21643 30381 30632 31585 36200 279 21514 25932 1353 15855 15259 6904 13274 20972 7694 35316 31273 29426 22025 27604 14825 13204 7865 18927 22284 29564 1773 22692 26158 10271 28855 22134 20757 22257 28983 1850 3003 15839 28129 2476 16278 14479 36074 32686 204 4645 11538 22565 9496 16517 6927 19845 11369 5306 37063 18059 27623 30226 30240 28910 34378 20306 31698 24179 39030 15910 33892 26803 17474 21110 31804 15300 16413 2776 36889 11706 4062 7282 17684 22127 30613 15033 975 8119 31366 7618 7452 3612 13375 31389 33855 35106 14470 22451 2918 2324 20179 23184 36399 16791 10914 37848 25154 2932 9904 30294 14977 19290 9659 13017 17577 24311 7897 7302 37185 7141 4175 9379 37655 16194 21844 11542 12403 3319 9129 35691 17777 4756 38784 13555 4761 11420 37315 35235 12731 15985 5776 8983 13841 17164 36185 32792 35346 21391 33990 1593 35561 7087 19974 28742 27404 31346 39724 12856 768 20798 21117 37502 19686 22276 565 2557 15412 1599 19021 27374 2764 36140 31918 34125 39823 11611 9011 266 30593
16750 20875 35860 35016 4698 14688 17759 452 25427 28554 1577 17394 5511 17366 6690 13657 23289 9930 39531 19927 22930 22936 8996 21250 17246 700 20751 3360 33778 6869 32881 34987 8931 4411 13757 7526 10067 13878 37638 22879 7690 13049 12584 37337 11069 33146 9452 35750 16275 6968 38477 1454 7695 22162 30623 27791 22681 14208 39101 17478 15370 10346 38184 20056 6702 19247 2556 32016 3438 39297 15382 17889 28887 21595 32889 18096 5750 21204 36158 5986 2638 4192 4541 24895 33956 15696 632 460 12674 2988 21307 39187 24178 9581 30437 17953 7277 19794 1480 1392 36579 7373 9983 487 30490 37081 24630 16075 19842 27412 35921 5148 32060 35137 28201 33640 313 1772 16955 28239 17973 24008 19228 10272 18510 38970 6725 35777 9406 11070 31155 24918 5499 21541 20491 15208 33491 9079 6600 9638 1756 18157 14476 8559 36199 13305 15562 24104 17795 8628 338 25794 38402 9902 30701 24416 29431 21922 3570 25896 17791 6181 32784 1629 16545 18450 37861 17168 8171 7454 16828 17673 3988 9798 18585 6038 33073 34992 8115 3641 24538 16784 26543 25316 28339 36884 23701 23856 26848 10935 5992 16061 10391 34399 2860 3753 28481 30488 19076 6497
28996 9694 18714 5497 6940 13465 5548 16317 39563 2026 23908 16408 11347 36963 36982 26948 33882 8357 38849 4349 32082 24762 37391 17136 4953 34147 22010 15054 23123 12613 39734 4258 15721 8371 4952 4585 14618 37274 21680 8316 38479 29909 27454 1414 15572 5981 6790 1192 28259 30767 37296 26910 18448 22894 5350 20581 12325 4578 35245 29197 73 4897 27926 1238 6039 20191 17904 22393 27595 39321 14136 29068 26621 9000 12351 27491 3791 30493 9192 20380 5008 8000 11624 30651 37415 7413 10182 4750 29473 39765 5546 21388 28402 5185 32061 37412 25392 6296 16103 23625 6464 7095 11990 458 23203 30288 9829 18804 22619 11378 3627 1615 2483 12587 7806 7870 30144 16198 13132 9313 31730 33960 2040 32129 7814 22235 17553 39813 39025 18592 7290 9047 3743 3572 15390 25372 37001 17770 22551 30267 17738 17524 19729 36131 1193 36916 13273 15682 7517 28147 24432 30353 588 22812 12682 2914 25900 28552 6163 35985 28003 9815 14505 6359 28556 19270 23580 28200 27346 7473 2855 33057 13106 45 16884 12393 36282 39902 6043 34751 38547 28320 20555 20835 19553 9591 22290 10944 13550 8282 3839 15742 32596 30533 11350 30672 415 7779 29231 21725
22019 30839 29404 1754 30906 34363 33486 7847 35017 27901 20289 39443 28971 8674 38067 5489 19098 14657 37022 19848 13263 9653 10464 19560 38007 24131 24702 5407 28884 22429 1603 25814 7718 26577 38350 10180 18006 18599 25520 8421 27630 2529 18313 3937 24269 25089 25116 2921 18867 34459 30096 3776 11108 15992 13023 9066 35333 17633 38348 22755 16010 20731 24330 16344 17915 29348 26863 32323 1881 33845 10870 6201 7303 11974 34505 10216 2104 37873 38066 21933 4269 26999 12789 37601 21411 9512 20990 24077 129 15222 8763 39456 5381 9056 25767 1218 14931 9075 30163 23144 22977 1764 22649 28606 39586 21605 5007 36298 23664 8970 22979 2886 17030 18999 16208 28438 32720 25876 10636 23764 33540 16416 18051 12689 29198 37769 1567 32166 16052 19576 31043 3156 11887 11757 15253 19346 27569 6316 10943 22921 15290 9271 32696 13239 28417 27417 15792 35993 39588 10099 16811 26998 13812 11051 13724 39354 9070 14135 13262 34765 27678 36556 35753 30203 3415 900 9585 7210 16170 27401 30486 26494 38978 26027 6191 7252 27097 2298 6089 18183 36744 36614 2916 22770 34482 29465 30734 15356 14687 2789 18864 574 9637 12987 28084 19084 28143 23807 9115 8168
7216 25884 29142 6223 8623 4082 15578 11573 32099 39432 30889 6847 21360 37783 20587 3761 21366 24561 19005 14898 35199 15087 23828 35741 31321 18102 18401 23257 24823 2750 28861 13806 36469 13527 22136 33866 39672 3356 39747 14730 36426 39465 30807 7193 28596 23689 24073 13690 8129 30899 9338 20672 14839 27175 22736 7867 3382 19856 6516 6245 21257 30064 15507 35397 11610 24398 20533 10465 6353 14775 35511 30566 6817 2814 16131 18268 7604 19381 29863 7969 39875 18035 11726 36451 31340 17692 7711 4560 29768 37358 15177 23313 29338 29975 12881 22381 32350 9680 3121 36193 32274 21450 2281 25879 25713 20902 20093 29468 18207 31599 27318 16074 9169 15034 35363 29578 36183 29093 20486 17231 18072 4221 30504 38203 2884 32237 20220 12896 21440 37382 31 30413 25437 34671 1352 22830 18564 39772 33669 9806 4503 10406 10731 12092 13786 27864 11268 8573 5430 31501 38065 14850 22131 29581 17997 29347 36061 39177 33835 8044 14664 29132 27365 14226 20214 6648 19733 15277 37239 17395 11529 177 2475 32395 34969 2678 28443 19910 38926 18389 3861 7371 32769 18175 39303 26668 1341 7668 31181 3659 26121 23507 24865 28907 32875 37612 21407 10557 25283 39049
36810 30128 37371 7528 21414 15829 6308 31322 34845 6700 38190 28457 13113 6704 13686 28913 21298 26770 33610 39176 30995 3862 11592 32014 10650 2832 4400 39255 27353 39078 20483 33949 5646 35727 9275 4747 36661 13959 14483 2442 30830 8857 38685 37878 39490 8876 11893 1423 456 481 38246 5688 36181 13424 3623 29700 26937 20009 5719 25508 13845 4662 8544 6825 4736 34997 15406 26812 28258 1032 10064 30002 9134 10276 8146 32524 36437 29655 15009 10951 34478 16478 1434 18210 24749 2668 9266 37981 1956 27908 33399 30813 24424 2033 3049 30914 17109 27092 23164 8518 2208 22868 8263 11557 17435 39442 7499 33012 842 26194 9943 8250 11014 17727 39954 21178 35501 32335 32344 31849 3401 3255 5155 31266 5827 11061 20620 3552 30463 12060 27419 4780 608 16195 9233 6221 10213 24314 39414 17236 19533 21390 7149 3884 1664 28080 7461 24479 20683 39206 573 31263 13868 9370 30167 1710 8626 26291 4819 25555 10366 14519 17745 8300 34435 32626 10095 25850 36010 15176 34741 34414 25112 18137 31548 13538 12888 1638 33973 4390 10319 38119 28998 13699 15778 6547 726 35717 27296 19479 7669 27734 6031 25935 18315 7420 5695 1191 1657 6009
12508 26545 474 4170 3223 24732 408 39576 35540 17274 23004 21080 25359 2441 24785 30816 16031 19680 8883 181 11375 27355 4035 35370 26133 12709 30529 19391 6087 2503 21597 12062 30109 875 29243 27694 39605 2893 20881 11608 6106 33289 12582 20729 6937 26125 10556 7343 4322 29368 22937 39109 12976 2220 34975 23302 34084 25425 11296 37971 31567 21703 19924 19515 32751 28487 26645 5509 24537 6432 4606 260 10752 9450 10281 2674 34672 29539 12722 15784 22820 29738 20551 33213 31544 38393 22424 20067 27578 955 17162 17724 23990 1422 8717 3779 7731 28498 22408 10217 37544 4803 2177 18968 32222 27829 22799 6112 33506 8163 38011 7401 2728 31358 13268 4103 10822 24956 39663 7972 8663 20189 13703 8545 3446 25155 28423 17229 7180 35675 11379 27112 20318 10117 37219 39347 12612 12310 16581 35120 28368 6505 902 22536 1239 16510 10884 33690 16771 24725 14790 7942 25638 11112 34551 2733 22710 27386 9392 33976 37630 11294 10668 29508 34134 32398 3421 23759 3823 39150 15302 26915 28811 35314 25596 10705 5912 15083 35769 22245 34911 6311 6587 488 30715 8654 15316 38346 7920 15666 19941 30332 38170 11085 36093 26189 4825 18244 32667 14534
25180 14166 35270 24985 318 1336 9491 27668 5842 8714 13543 30652 30821 38410 15699 38654 5854 7487 7155 23636 1484 25996 9701 22663 6971 37768 13444 4199 2284 7108 10152 34841 11300 20386 3015 39083 37875 1791 33327 32173 19835 36046 4216 25030 32115 27352 7249 11438 23962 33601 34618 18640 25095 11086 8880 33241 6859 38971 14805 6174 25487 28234 12407 15814 27686 35260 3108 38979 7196 22329 6525 27072 29035 6815 8980 39009 23496 23652 31169 37280 12862 2515 32621 4225 13116 25016 20719 34642 35472 37773 6851 36890 21478 9513 24889 14251 36690 18000 5632 37580 13057 28679 4739 21885 35315 5339 27512 28758 33793 2613 33848 13616 6268 3650 28764 9425 3178 10685 22150 1096 23049 7151 14686 27925 13675 25887 24589 25981 38585 34547 4121 11932 15654 23681 29294 13241 26095 20193 3775 35281 18879 23897 2409 24761 31613 37740 10233 2857 27947 26539 3317 27277 5987 29963 14323 15367 10931 18523 39103 12389 19846 14334 8550 3674 14301 15385 21699 18836 24263 14296 24079 27949 21317 35482 23999 38759 11064 1833 11840 4807 32651 32799 25075 20181 23446 7146 4589 1101 27767 37348 18284 25435 20492 31888 38909 36723 35740 38481 32779 10683
8466 31699 9811 39567 18764 13793 35852 23371 16445 19700 2300 35048 26202 15626 26486 28670 1289 10387 20370 8859 25693 33062 26171 11836 13887 34721 6083 16289 790 20644 30318 38959 9500 9397 25135 5576 9839 31241 34475 31523 17766 35697 6058 15668 16110 14345 4260 1479 21034 34274 5370 23993 20720 2958 8662 29677 10155 29555 30499 14699 19310 27137 21539 34736 1147 39175 1376 940 12634 30535 26134 17760 11367 29440 29324 2418 17936 31919 37452 15678 6921 2891 12312 28582 14187 25456 35578 11728 27181 1978 34909 26159 28256 14642 15755 39915 36762 5097 23107 29777 36360 6204 38109 29353 33993 18737 6127 18432 32425 6630 29941 14953 4201 21208 28713 38947 507 11153 7646 35949 18629 4246 25923 5157 18034 6949 14029 34524 1986 32414 5279 7306 4602 29825 16041 12460 5244 30410 7421 3413 19946 8807 7092 16826 13843 12641 30538 23639 4554 38454 5222 7016 12058 12319 12176 8332 10527 30917 13976 22240 7794 9243 7170 18919 12012 25253 1658 3593 32880 6098 12417 1600 38534 18393 39722 26323 23111 22956 2961 36374 39515 36073 32018 25788 10357 17048 33964 9080 34545 36559 32119 3307 30556 22452 3820 26730 23896 34877 31330 29428
33938 26616 7759 39506 11027 39807 4831 30347 7162 31085 5770 20602 38626 3153 34588 14223 2885 23457 1727 21645 15906 27343 25598 27090 21093 20700 20287 19222 32379 19844 28798 11884 18063 11306 30085 3023 31373 237 32077 22696 11009 26230 24125 2175 21914 20437 34137 31279 20795 7258 4699 3571 24414 15369 745 8889 2799 22827 19976 26301 9420 916 4613 1204 30640 3210 26567 24248 13245 24365 33724 33455 31193 25286 33898 17934 25698 34076 9107 19564 25621 38634 38030 25531 37312 29615 21985 35989 31472 22725 1387 20445 31896 30136 3636 1896 20030 4676 30564 34670 8034 12314 5527 31065 3925 6310 29320 18009 23395 33911 11526 10547 33673 24576 39779 5699 17419 5302 31654 20636 28294 19204 31853 38237 36978 33647 13046 22822 5437 35764 2467 13819 20632 30021 39520 35988 16339 39668 2858 24634 27970 36396 38492 27941 33150 29253 13536 35176 12585 14604 31860 12994 34200 3754 37015 22660 35 2354 11005 21935 31516 35629 34971 20215 26846 13086 17631 12297 36204 19305 17005 23244 13594 1776 23517 23549 12960 35969 12844 39977 4448 7761 30689 29329 1223 6158 23027 33565 16871 36481 31840 38881 31825 22142 21668 2780 33316 13796 39742 13514
20153 1943 10402 9520 18383 14725 5780 11208 30739 19168 10652 20253 25311 13711 9672 32087 32504 37390 12805 14751 4263 29158 27669 18770 34677 15523 5082 22699 29815 21932 35345 13849 27658 8351 22051 2023 19625 15315 25488 8541 16564 10336 37690 21352 4126 39076 38994 31765 36071 21109 2587 24767 12901 34004 13719 23671 29310 11416 24185 11908 14911 20543 26727 13237 8852 5166 16410 31994 479 37376 37507 11068 9197 6375 12651 26882 4034 22089 34133 15652 7090 16180 37033 31183 11211 10765 23589 34750 9553 13781 9025 31423 24476 19422 13234 31426 603 37700 26561 4772 39313 22430 20427 7378 26039 1495 11460 7242 11816 1220 18431 34754 2473 2450 10183 29946 37234 30431 9347 7179 18344 26574 21558 27806 37484 8952 33006 10702 25060 8418 37092 1322 30287 19472 14633 20246 14683 25043 16235 23319 28199 6418 34552 16152 39314 25218 39113 29503 32150 39316 6799 20112 2602 8092 11963 24929 8834 25907 38243 19324 7208 8108 15529 19777 19461 9764 2685 1749 11238 27078 36350 33868 22201 33261 15169 34451 25908 29725 21556 33951 18536 39228 33537 31707 10599 4356 16386 39631 16842 7411 8848 15411 33939 36791 32195 12956 1154 22687 14165 3272
29540 8901 28175 21834 14471 18860 12679 30959 38635 17525 21225 19513 18363 35232 25711 19352 22275 35448 13730 28173 25373 23272 21238 6121 34776 27501 34858 9005 31631 18265 37893 25670 14681 22614 17564 6120 21190 35626 1372 17735 7665 17260 37777 27868 12036 36320 23118 31836 8490 38500 36214 18661 520 39735 206 26808 12983 38424 19578 845 7717 3563 15858 19786 39169 11907 31680 14174 28525 15948 15006 2861 2355 36979 4418 31138 39204 20539 18759 8707 27515 18 636 31843 547 34629 19224 21895 26685 28471 5743 7147 28733 10401 29887 32209 10928 6862 32466 26684 30754 11546 28444 9462 8379 8676 217 14533 6463 7838 38192 12837 36134 3827 24232 35198 14558 2182 20297 13886 33889 19276 23365 4257 896 30184 18121 18939 324 21421 1908 3840 2490 259 38453 34079 27943 13981 31190 38937 30359 34589 18258 22877 5858 5962 31848 39692 15921 3055 141 8593 26365 36507 15214 33881 8110 15615 4546 2883 27018 33818 25838 22950 37703 30086 4608 24254 33326 25381 14947 30301 18760 814 1678 8850 3745 6527 18384 34286 23336 30905 22406 11201 36468 34211 32890 5879 5614 4982 18230 2172 7808 10330 25257 25186 24493 39653 38941 8602
1266 21101 36438 33173 18970 19130 28096 4597 26576 23086 22698 5206 14111 2569 38048 2098 28298 21855 37561 12568 24434 23515 27195 26225 12819 34673 33030 23074 28561 38209 20321 13482 27394 2191 19945 317 5376 13281 1485 2265 25505 19 34800 24879 23602 13073 17868 4665 11293 23069 16635 32622 37979 37614 37287 38417 27433 38609 17307 14227 27500 14303 23079 22246 19335 23919 36240 20049 13280 34822 31503 38427 11292 5374 33090 32662 26181 11324 15234 11863 36428 2800 37934 36524 6748 6688 15540 36083 20777 3110 2859 21861 30956 33560 37364 28724 1527 26385 25533 9584 14438 24165 25006 30379 37071 12150 32345 23658 22268 28488 17821 4081 16193 14396 7236 23686 28835 16899 34073 27070 16840 4472 21500 27729 5817 10735 192 39003 22008 2412 21913 14782 15945 8205 38894 32488 19734 37925 24344 9150 17253 16560 24266 32627 8874 6012 14284 34982 30276 36284 26554 29810 34249 666 28712 5553 10484 33965 32701 34676 38125 28181 16397 26221 10734 30907 2714 39013 22575 29309 12535 31137 24640 36612 29798 10212 16179 39011 29631 38928 18414 35254 37751 30502 13290 12205 14983 32983 23844 37425 26953 32070 15313 29009 11062 23669 37137 14299 5516 37583
34933 3698 1030 15526 23584 13318 3420 756 36292 6450 10148 4300 13043 3220 8565 5706 2849 32989 5863 32872 33578 18079 18050 25768 8174 933 38239 25405 12578 14250 38153 3841 29737 11302 36528 22898 10760 27586 11127 11020 27033 24834 4378 28280 22283 3261 8912 22191 38661 16385 39460 31512 32242 32878 15645 11507 32308 20966 27624 9636 17093 27455 39791 6306 19114 12892 31260 14409 12751 37161 21082 27261 20629 27757 29814 11691 32922 6774 1541 24337 24578 35432 8406 39808 19687 17853 19617 35904 6511 6101 39141 12285 17946 18502 11985 27142 20344 12370 13503 17702 11270 13256 36211 29441 6836 8190 19024 19957 1941 9925 15417 7417 31669 17849 19392 4419 28951 31942 27340 13899 39781 23310 3656 24331 9398 17831 35912 15357 1224 1980 31783 23875 14169 19769 30544 2802 37754 3083 8211 30572 6045 30374 17147 34045 24147 3972 21373 31940 1229 32668 19736 7056 11620 18694 11044 20563 30078 17516 8472 27141 28446 17891 16536 26441 35291 23753 7951 35242 29151 36655 2318 25858 32486 21660 13495 8238 16802 12321 13124 16456 20200 13905 29516 35405 34559 37130 4381 9231 37104 28077 37139 4434 19171 22501 28961 16436 9690 5232 34152 34177
22837 17656 37613 1371 18456 14272 2149 5456 16097 18176 26746 16337 35709 9597 8591 12914 15189 34956 3767 18627 11605 10251 30195 21942 34171 20673 17089 24459 35406 30785 20176 37395 15701 37058 28701 27769 29287 28208 24349 2250 27813 33756 14864 35793 1998 34304 19313 10846 34342 3746 39477 1989 13949 22004 26150 634 7941 37890 16516 10413 32618 16974 36582 28222 34465 13751 18758 18395 35002 4629 29872 35360 21121 4473 10189 23524 38 30039 17815 10174 27028 31467 18319 21299 27328 12342 9965 26343 30849 32708 16814 38452 21831 19640 1077 39510 30388 36297 10665 19791 37212 27577 15686 21143 22324 37846 8120 31506 13155 5107 31724 17198 19921 11850 33050 4497 22440 37822 12047 18963 8730 11938 14653 14153 24520 39395 32175 36685 35973 22356 17764 38178 17647 15242 31702 13702 29447 38457 21339 28593 15279 1866 25129 6911 38813 6633 24364 26506 2562 29623 11275 12270 11427 15030 11273 31254 29550 37517 21715 17714 7591 27628 17016 32650 15772 3854 26259 22637 35383 34634 26868 9396 14125 39877 2264 28045 30407 4908 21789 10449 35517 14567 35784 33981 14222 1722 2439 27168 1999 18969 35086 12829 19400 21850 33622 22187 10544 16873 16834 29406
24504 28116 31053 36222 3035 908 14317 34575 14468 35577 14511 15641 15046 29708 3555 33196 23429 2280 33833 21938 9268 6060 11370 38281 15282 11769 31306 18468 10125 14925 38707 31640 35447 18614 4694 7464 21077 3235 622 33149 35519 31966 32996 1297 39378 23538 32497 5990 35887 2864 11770 6894 29731 30962 26974 5710 19581 4223 34284 9730 27704 3826 8597 12152 9908 36354 17244 9866 9408 27192 39614 11944 6422 3157 17671 57 35059 20186 36169 27361 32831 33444 11441 3119 5875 6960 11006 14845 9437 35947 35344 19330 17899 25892 9894 28809 21906 25134 31563 1000 34953 14968 35390 37554 23263 31494 8245 10638 810 23978 9334 25921 39804 16047 37686 30563 38754 27336 3882 33979 8994 32394 31250 23212 15710 5979 4963 10908 29559 19658 34799 4339 23017 7979 26658 7647 36272 194 18787 13441 32293 11032 12748 38121 7513 2079 26326 2359 9415 19507 14889 21444 17740 12514 27883 4158 32241 20816 24636 28420 20874 23300 27795 33212 28218 1343 34226 21004 3304 34620 3731 25577 35438 38591 16589 31704 36981 31156 25204 19766 39688 602 1635 20610 31251 13811 33039 20872 5471 38138 21089 30837 6142 26729 28018 6216 37806 32929 17371 9757
22526 8884 11226 16265 10255 10679 3692 34891 6776 28970 4634 13354 37115 30338 36330 3239 13708 10981 16837 19758 34836 17957 34428 11321 12115 25607 14515 12619 5806 16864 3133 11231 19393 16116 11593 11156 11206 19358 246 21256 28760 26111 1211 10877 6614 25599 20821 38838 25951 34658 39569 31762 32230 27570 4651 8138 28140 571 39452 12234 37741 27661 2258 8165 30684 14230 11564 20802 1377 19588 5090 2504 18214 7477 27330 22332 17426 32968 5627 20192 33162 2341 13783 34395 20359 23290 19754 4252 11213 12418 477 6789 38663 26712 11567 7491 34847 7691 23690 19162 4287 32962 36429 26528 28240 35336 10896 35861 23920 17529 22256 8686 35458 6072 26634 5438 3052 21266 11282 24828 37387 2760 6931 32598 5662 38545 19723 38392 30967 26409 29282 937 7880 37148 39613 34350 31475 22857 33991 11456 27487 36608 16144 5385 34454 35779 5793 5319 12167 37710 21401 3904 34820 33229 36634 13001 30687 5704 17255 12979 16843 8873 18514 25811 26869 3718 35512 39326 36542 13978 20971 13055 22726 35431 6737 832 18618 4380 34020 32072 13602 11888 30559 12784 11394 11736 24810 5371 4940 36872 27626 11431 37567 10235 24092 18046 23708 34602 495 33916
29833 18071 16255 32236 1132 14390 18997 1021 11511 3257 8492 14235 24703 1660 15667 20207 35590 25014 33214 27036 10450 34355 13322 22063 17911 5566 23635 14615 7679 27240 9945 27718 9187 20378 28633 8762 793 38054 3021 9692 22269 28210 28017 9127 38498 7381 36120 11140 16515 14872 3061 16707 20737 16857 34856 17019 16975 10302 20753 16993 11077 3282 3274 2330 17619 3520 34586 27871 5796 7299 8664 35359 35483 6029 11925 15442 12153 31661 25275 16091 32632 7912 13429 31813 18827 27217 11874 5032 31447 11403 30162 27717 27625 33696 13960 25961 2823 25104 25897 33925 21918 35364 3020 38321 30835 11560 1185 27342 7010 15973 38069 37175 22949 4220 4286 17004 15109 6131 32220 12119 1121 3950 22693 8393 15449 29744 35413 5264 20376 38578 17786 14848 35514 35228 7394 34450 19558 34224 10929 30964 26889 27834 18520 23746 10004 17958 11814 39205 34742 30219 13371 34213 3221 28289 28526 3483 16744 23024 7143 27341 25605 29820 25162 26070 19922 32051 12961 20283 4575 9888 33852 26560 14200 32715 27267 38377 33512 32266 27964 34047 5203 34411 31725 18472 14992 35913 37158 4852 36737 27022 12915 19261 32839 1162 4763 2334 25045 18100 11015 14257
7434 18829 1846 10588 37141 24830 15631 23595 31406 22811 20312 14255 7818 38003 20226 29702 28061 5884 1598 3653 2308 19463 23740 24095 6208 12982 5020 38232 24035 18873 314 10341 16021 26122 16912 36681 27260 39787 9193 17494 4710 1568 29183 17052 35297 13153 1827 28778 19707 35539 12936 1539 9901 31889 1300 6675 31864 25655 10200 23849 27102 3578 29841 10632 3308 28779 21120 24276 14346 27108 6945 7514 37685 34708 30026 38817 31392 15534 13648 7041 37631 9360 33447 1523 36103 35434 7546 17500 22617 19229 25223 7856 18064 2816 3562 21102 36554 37091 8399 29030 18584 14156 11210 20089 39595 30185 36560 2598 39267 33305 3774 37988 7097 13561 36147 3837 30744 34910 1265 23790 24040 37292 12365 38027 10987 30281 952 21229 11970 2349 27389 2945 32333 1240 29898 37227 24436 8503 21610 35157 28524 15996 2222 27724 19915 21747 8578 7654 28230 37654 2387 8103 11926 24714 1889 36752 28987 25864 13638 7589 26983 10178 31541 14075 36501 606 36624 34685 23478 32563 33569 15147 14204 11978 6691 9508 11871 7597 11767 27134 28211 29846 4153 512 13685 33750 12690 8483 17947 3464 15877 13407 23157 9021 29574 15091 36548 12772 38004 24164
2249 21192 35863 12328 30587 18382 10408 33718 1358 26286 16381 28631 23550 15170 39258 22049 15796 33436 19681 32341 35356 16414 25938 5057 14990 16708 39867 36770 27279 29500 15415 28249 37991 12824 29053 11428 36584 35338 5936 12780 5625 22018 13610 25716 21281 27096 37693 3708 19102 10436 16382 20006 34349 901 32687 5224 8097 17 2960 3278 15788 20570 31378 5636 15457 1332 30803 26631 37814 7123 10713 20155 1620 21965 1721 23744 18115 6228 28392 5612 21113 9199 11618 3391 37587 23832 18085 32599 13889 23278 16977 11142 36742 17412 33056 1120 15007 14883 28888 8314 7197 1782 9200 8805 1585 29542 31663 20932 32669 3158 35165 15903 31093 4483 38730 39685 5070 13353 28707 8791 37518 36205 30280 38059 31204 11291 6512 28079 5037 11045 555 3065 39046 31971 26488 14093 24183 30873 23685 36663 14923 13862 27019 3975 6477 9809 2972 8519 39134 27733 16233 38912 1271 9345 3586 36536 2911 7057 32949 5581 26266 26008 10046 86 30621 32340 25018 30871 36179 28851 10487 21072 14336 26655 14309 25752 22281 25937 24406 29611 19419 35715 28279 4883 18747 25680 39913 21227 22709 33864 37116 19760 25859 759 33192 25795 25725 39188 20313 2656
19482 18436 8542 15375 23631 30112 4168 21283 32086 13808 17648 17343 14077 417 31972 3790 31941 26226 29074 6508 19634 34804 29688 18643 26156 4376 34809 23931 30757 31327 20738 32836 19724 29721 7023 38716 20401 24273 27571 38080 18593 8625 28731 829 24497 37164 12658 4514 39761 10197 24902 11328 26991 3909 39144 35035 38218 25701 5265 15588 12985 20479 21422 31401 31891 35546 34314 15886 13474 3738 2205 29237 23789 36738 17812 25444 6953 8127 3946 15681 28703 33764 18711 25929 9917 9724 9929 36936 28938 38793 31114 7476 33483 28830 1314 39654 8086 36225 36941 27054 17819 1677 31165 19197 23279 28213 7556 5970 2424 19605 1947 26284 33700 19108 19134 25524 6796 13671 38825 34539 17876 13855 13512 18646 31435 18332 14856 16883 15708 7566 4910 20002 32329 29680 32550 29608 23992 7398 35636 30180 6666 32261 10482 21505 18664 2892 25301 8260 12657 31021 37987 39570 15974 31325 22545 36025 11828 30465 28709 24043 33543 8842 10268 18611 6864 7721 34784 11694 5176 16592 29955 5347 1931 9725 11885 36700 18870 14287 9741 12366 13992 36598 8682 22659 13492 10022 29086 8338 4255 23497 12494 30663 3856 12742 8888 16599 31094 30450 20050 5556
9864 9257 39918 17144 27499 21058 1584 22719 29365 36141 19235 30234 6963 23062 22048 5648 33513 10440 3289 29921 27313 17479 26416 21573 5055 24766 39376 20389 19751 9109 13092 784 20670 36639 16997 9663 39710 31268 9997 35423 7148 36477 36114 33917 35324 28841 30542 19093 16262 34209 15095 12252 20806 31149 28401 14548 11616 22185 15901 21207 39647 29228 18675 13896 38509 35461 7260 3171 20785 32451 32888 14555 17421 32649 24570 15008 19979 23867 22137 29743 36931 30500 11498 22144 30824 36299 18288 7204 34860 103 10523 24845 14869 33349 13925 37837 25587 23465 33637 32849 9707 30339 10584 21615 7799 38411 26503 35211 31738 11954 9246 14018 27285 21944 10034 16358 16632 19952 34757 28824 9662 21052 35879 38603 8609 1685 31304 26232 27053 12121 23553 14551 27712 21816 14807 16200 27988 31433 19029 21174 21033 18347 20118 34487 6659 36545 24272 1703 12273 29122 14669 3487 12916 24922 33431 39573 34423 8342 9170 23670 13727 34699 29149 34499 25714 20172 26688 35491 22380 31974 15155 20598 33350 37231 26680 6741 36807 22456 28699 4749 29341 26197 4422 4559 31258 25861 35095 1190 35630 30417 38772 24448 17774 31706 15706 23211 8599 6389 9267 12040
200 1636 25140 38439 21681 23073 14427 34916 28504 15570 15284 37135 23777 31016 2438 7545 34208 29668 11117 18397 19585 24946 19670 18522 10384 13851 6129 9388 30495 39203 17068 37295 6144 35119 16927 5386 17836 18918 38832 11048 11783 27737 34469 36918 12195 20548 35925 39285 160 32000 17485 27000 24264 364 4762 35943 20417 2139 30352 17690 34501 26412 38342 4073 32942 39750 10815 3031 36519 18269 2283 23104 37182 17352 35192 9926 33994 2385 22689 26303 7681 19410 1075 6730 505 1163 12729 11635 7817 18722 19621 6132 6332 10175 5591 38799 37440 29121 33123 38187 17602 32742 24138 38807 37167 1291 23196 6745 18668 1578 1954 33824 11463 7382 5307 6531 32085 24964 21620 27874 2174 11745 20847 1045 30142 29286 16659 33831 37046 39987 27280 5022 21186 29444 18191 1465 749 27472 28296 15871 7901 2126 3226 27303 31782 32093 14513 13696 38598 13693 26100 32071 6401 31197 38549 3964 29107 12625 19888 16587 5495 372 2876 26066 5686 20449 3670 5616 37670 29787 37509 15879 30660 29482 9972 17331 32791 22159 32356 37645 30291 25873 8798 34867 25902 5673 33511 25029 38347 15640 27557 13062 15445 37639 18904 25276 18788 32868 26743 19117
13336 21029 5555 26473 27123 24166 33675 23774 23952 10462 1315 22992 24361 25618 12082 4727 25378 11519 34683 9294 26896 34914 38902 6100 11682 8826 25749 11842 39478 4782 34283 29038 11854 12436 15193 26213 12107 30198 21447 11759 31536 25765 12423 5434 29467 28115 23038 36135 4318 335 17573 8665 18651 10203 36260 15089 32431 804 37719 27291 17459 22465 32529 32123 6871 2863 15441 7335 26249 12590 14739 12959 38183 23179 19312 7414 30738 29327 14150 4399 16872 27693 31117 15347 31638 24627 3781 30241 11058 12570 6554 4686 11532 12822 7568 23725 17143 26120 36927 15336 25341 33410 15371 3707 31584 19511 13828 8858 11269 19336 32015 26874 28206 16002 16957 28496 24875 33115 33492 39501 38875 27640 21829 19871 22066 30054 14098 554 31870 35478 2285 24223 35736 38560 2666 33934 20601 5519 5490 21469 5225 110 11623 15828 3939 25815 23869 19038 18250 7345 1810 25885 34376 5326 17948 38518 1391 36781 38123 39639 17121 15997 18619 455 19198 17515 33274 31694 18674 1093 6341 20867 5151 33604 30472 8485 8632 20831 31772 26372 9427 17472 19191 36775 19109 22011 5993 30678 566 4941 18582 16348 31337 6370 34345 25480 27939 39508 31096 16000
7318 21709 35805 29884 15785 38726 24593 37500 39998 25909 23403 4001 8016 36086 38136 38696 533 33999 20911 15500 10282 2697 24927 7537 28976 33564 11162 15090 2608 14518 35125 25796 850 18318 17854 31916 20538 20088 11959 13161 14496 31005 15478 11036 2632 32894 31677 21679 8477 26269 21490 39257 14532 2576 6326 38314 7663 9259 20890 9165 30140 340 29059 18822 35824 10374 12010 11141 10802 9595 7468 8154 38128 5788 11844 122 25142 35982 14926 1321 6068 5738 667 384 34289 19610 30249 31589 6809 18953 29572 23840 4757 13583 23928 16082 30011 34156 1039 14142 24211 23011 19646 11582 17943 2508 35833 36508 33832 26912 21553 12696 29202 5269 34504 16713 10108 35668 38538 23814 29199 27528 35707 32124 3673 28072 5815 18186 28338 7493 3619 30193 11669 4402 26479 7047 7478 29944 36601 30786 7885 37368 27700 28114 4218 5086 31009 288 20662 19073 27048 39598 31352 43 17407 2928 4523 28019 29424 22548 34962 9402 22579 26505 12030 11253 3277 29648 14502 33894 17257 16098 2127 3749 37666 34881 37932 33267 39769 36613 11203 6036 4449 29176 34627 37811 3012 25189 8804 10572 19405 21491 3161 35300 24484 17708 799 15842 38305 9639
38767 29519 13666 15775 33749 39741 23628 2091 23607 36763 19666 34157 1619 2520 1903 12561 24559 22363 30625 2811 28461 9712 25918 38330 21958 28227 22487 28277 33237 27012 32073 23292 14975 2239 31205 32536 4320 15306 28945 10112 24611 17165 12379 13549 15453 21753 26400 22512 13892 19659 31967 16492 2993 10979 25496 5988 34354 26691 796 38307 9593 14239 37213 26484 11565 20295 9053 35162 30178 508 16986 15238 15459 32808 18348 9026 8366 34960 14836 20324 33079 27212 31785 10597 34240 29422 13176 34861 35787 34976 32284 7443 21279 6386 23333 23884 35243 27030 29071 27111 2973 37111 12873 32180 637 39190 12759 19361 17342 28399 1173 5819 395 9916 10442 7408 10647 12103 29290 12357 28348 11665 22001 39840 25270 28980 27235 8743 9291 39319 22390 27392 8533 39090 15067 8450 25459 34046 25414 26136 23137 9698 17890 11373 19728 16908 31090 853 11331 5955 29709 8752 6436 5464 24628 31236 15130 12248 721 15629 1646 2301 11834 35866 25523 8923 32149 37591 22504 7887 18698 32167 14382 9510 25113 27269 25294 33946 7543 16498 29470 22230 38656 26007 20895 27442 13271 12458 27399 9051 12165 8051 4100 38152 26838 9375 36767 24286 32603 2738
5859 28807 38533 21905 32464 10771 21602 22560 39842 38020 28624 30857 30979 1038 27951 11035 35020 15126 39858 22438 15622 12151 4248 24419 16867 22865 39294 10397 1127 13165 29669 16565 21552 29751 8289 12131 39132 11444 647 35463 35127 4057 6631 10827 38802 9981 30910 38554 36156 17603 4321 914 6211 19926 28341 10733 36499 18699 14003 26536 35788 24620 11359 22310 35986 5451 24849 11263 15895 37147 10742 16598 32883 32397 35358 30349 25473 34412 18281 35123 27400 36176 8992 7099 30088 37985 5470 15530 13913 14676 24407 18600 26924 18455 18195 18704 1469 26483 2500 12225 33842 17903 697 23938 19070 1734 2486 3324 20348 17170 14170 7712 27978 31481 34640 15374 33403 13403 30850 20018 29421 12808 26970 26478 32532 4684 35337 39365 20082 4882 7599 6285 4976 18499 7002 23707 27608 27449 17254 7070 18372 15951 35350 9162 867 15554 36547 25163 15648 19456 3184 31623 17935 11335 28497 33416 32729 19714 2336 23588 36489 5461 24656 12904 22472 31797 4031 27358 10338 15128 21147 30082 32028 23045 732 11683 17492 28580 25593 37188 23305 8742 6327 37045 2657 36515 34153 21215 31921 39399 35759 37937 28728 29184 12556 1543 4568 19579 1884 7315
32765 31873 19768 6134 860 979 22963 38907 8243 26509 4617 7322 26288 28539 17856 6933 1457 12889 39421 14025 35905 3034 29297 7736 30904 32908 3262 36457 37594 3768 32487 6378 2366 38713 30696 12681 36713 17522 33719 22264 23748 37009 2135 2591 13304 30522 33704 22118 11930 37907 9890 34202 3426 14887 3899 23186 21977 1890 4090 35692 37277 14692 28431 18989 12930 21874 32525 26099 24150 4677 10474 34998 19682 11440 38428 27843 21780 26404 33593 13162 4840 8720 11744 24938 2965 23926 28886 5120 19984 13942 3037 33563 14070 36656 4245 37683 26814 35684 4357 19466 2838 15863 31119 26059 4102 22891 22305 19549 12476 27696 32858 22850 32490 18130 5283 30087 31029 10367 26337 8511 22012 13498 32186 22923 15946 12801 16321 24327 28667 31470 11671 29827 51 36819 28183 4821 24340 31147 29266 26128 8562 4527 27900 39995 37129 24517 10190 6244 1571 23738 29458 27984 20825 7773 4470 18556 2459 31357 37393 8747 9446 20270 7974 2768 16851 825 27938 35097 31969 9942 22384 18717 15479 1048 21986 23451 1026 28131 27129 17645 22208 15918 8508 3091 6118 5417 6993 27609 12238 31875 20205 8475 30582 1906 23750 16646 18038 18331 29104 4853
2723 17404 9655 23433 29036 2707 12899 10865 28356 6095 15590 39919 2155 14108 21787 16605 3496 21262 34511 1675 1824 6416 21124 26034 29685 25971 23901 1643 17528 12016 27113 1226 2785 9399 16915 4975 13933 33348 16145 15319 18045 25982 35038 14731 34111 10959 7450 21746 31046 39633 36408 3818 38251 7507 4580 27572 18367 36227 23989 29939 37664 12434 2725 13348 25076 32197 17860 31988 35733 36550 6102 7160 4222 8833 19205 31816 31066 2141 2484 12513 29448 12199 38882 5389 5444 380 9217 35261 11439 11363 27537 8321 36861 27854 7124 9443 9881 6557 23199 15022 9336 13765 7206 32850 22924 3445 16490 38891 39118 2435 7998 39427 14047 19354 10247 5268 2792 22326 11340 33242 9320 25614 22319 6757 22978 24856 609 19749 30876 15574 23912 4570 13822 8684 716 16785 30050 20393 33290 24531 7331 22655 24318 6552 2819 26102 33370 6837 12227 38150 9064 16143 18995 23408 7268 883 31000 33136 1197 26020 16049 4605 36643 5053 32705 9976 38181 19184 34430 27948 33390 32156 21268 22875 10161 31641 7128 25512 39689 32832 39312 33874 14097 12320 24061 28217 2084 26885 13853 15422 28834 22101 26305 19194 9861 27890 31914 38401 3478 10624
416 10412 22111 9947 19331 27963 3435 7822 13779 6570 1932 23591 14945 11737 12567 37469 36085 5637 36159 21927 8349 17073 12021 29277 16023 1208 21845 9180 6717 14865 751 38705 10637 1780 8957 18604 2677 26834 30369 36983 18707 35510 18058 31133 34664 20141 17569 28166 24764 28898 2146 1418 3056 10295 28375 14401 7841 35731 25525 18304 3794 26650 7158 35647 20507 13170 30851 18279 38796 23213 16929 4981 6550 13926 13547 10996 26955 6190 4813 20675 291 35820 14440 27128 29040 14656 30334 7289 16027 38659 15694 12368 4986 5573 18763 16875 29528 11493 15583 3416 17495 31708 15976 29632 28369 24103 26504 4465 35959 31973 701 25679 17518 5694 16088 5405 5857 30006 30927 26032 18098 32215 39782 32500 14971 5599 22475 29051 15892 24931 8836 26497 34966 14537 17941 5117 9547 13542 15953 25862 27015 16698 18950 22079 2053 32142 23200 26009 2087 7116 39784 4926 8070 13759 6433 28820 1249 137 11451 170 2404 31269 33045 7465 3306 35214 14004 30297 17775 25304 29403 20212 23459 21881 32910 31363 8648 7342 5201 6483 26101 33980 28048 4783 5248 5271 2925 8572 25636 28187 31920 4669 11288 14378 10345 10682 25832 30987 29494 2011
14459 3824 7319 15594 36727 39388 22836 36262 38272 18169 19129 4838 6669 21193 1653 28473 33278 28765 23430 39832 10128 2881 16114 28491 16792 20768 26756 20078 12259 12704 24571 15603 11761 18554 39028 29192 18837 12057 16639 943 39847 27431 39848 35526 36657 36377 20442 1212 13782 22796 30008 1862 38185 32079 14008 29597 15625 23405 28602 8624 36333 2866 29493 10478 17098 37281 30546 19475 17888 36034 18452 16551 27107 9477 30752 5882 7963 9907 19175 35046 32870 9493 9037 26110 26176 32961 10651 32711 18518 7552 35900 29570 35264 48 16013 9293 29031 8535 26041 19892 36696 22585 26123 21200 33841 31215 8856 5792 18449 8036 26626 21410 36705 27846 21673 22627 29951 5081 12849 16122 21537 29016 36196 231 6586 10210 17256 29077 17987 10473 15250 11281 26348 9242 38927 878 12420 8457 12174 25221 25804 8377 2817 18562 19880 36189 8159 35658 22447 16546 26594 23247 37738 11319 29070 8264 39549 22170 188 32489 39052 23412 1532 22024 25687 37671 19739 24359 35036 24350 18310 10113 17264 11365 7667 6615 22343 31737 18802 12719 491 15495 38981 14252 17612 19181 9204 7137 25476 23691 1369 14895 39074 37404 2788 13585 11676 28370 14451 2853
29260 35681 21688 4026 1290 11280 6755 9721 7245 34323 30177 33536 4681 5803 21233 8846 24011 12265 17830 27818 38234 32472 34325 16602 5103 39721 21286 18632 31962 32619 18946 39757 32902 23060 2058 26172 32943 7283 17963 33644 17646 3292 15715 20880 39281 4114 3748 18816 8961 19916 32013 14942 2978 26708 16118 28501 37169 4417 31547 2537 592 25239 22304 6747 29379 31362 3320 7906 17707 34786 4904 24709 29387 26870 32754 7100 17115 27462 6581 38495 27919 34049 378 27237 39887 32940 9565 31213 4477 1263 11548 18030 33307 11276 4770 17157 36539 20626 16222 11709 10710 5432 4887 35944 25648 38499 23091 14693 29816 3680 33602 4998 32267 3265 26549 16778 18665 17799 21249 1654 8446 36415 12170 34080 27425 10375 16415 23813 19152 21228 33120 20377 36945 39914 12711 15597 16447 16391 13415 4790 24986 22682 3943 32483 1644 34057 36708 11812 34379 36686 10569 22763 3568 31943 30455 38104 3728 3524 8641 38215 13259 22483 9731 22997 9955 31944 11506 38227 30953 17441 15719 19969 3284 4725 25641 1463 26373 15874 26028 32458 19464 5747 14984 209 30931 24341 12861 28254 2342 15513 24638 37803 6458 8276 14644 13065 28445 39557 18037 11075
12 19780 12758 5017 24557 3296 34129 31786 35957 24603 18897 4452 27132 26451 2325 14861 9792 14292 441 13189 17626 1746 20651 39961 191 12127 6395 7843 19172 31124 33507 10758 19555 18392 18354 30223 2464 1149 11708 5215 36304 27457 33603 9229 9782 5874 18110 32736 7059 6972 16715 37845 2975 16751 124 35770 36402 15397 8669 21051 37628 26633 24958 24820 29061 39191 25307 30111 34406 6230 3044 24338 1811 39616 26976 23930 10079 39014 29563 36121 7686 22969 428 10070 18830 26476 32712 3544 33247 9714 15817 15646 32873 16215 18055 23347 20072 7728 6786 20062 3371 31769 29359 28862 703 33353 24143 5412 6303 27772 26401 15275 11717 10225 21403 3345 8443 15094 37906 15586 11881 38831 21991 34244 26211 24010 1137 32549 36698 93 32937 5429 35087 32597 18478 31030 381 29034 30138 6005 31540 27234 32133 20416 18479 19783 33407 29140 39674 16252 5440 14539 13079 10166 38023 17624 23490 26387 35783 2994 33715 9750 15988 14540 255 5266 25601 26904 28169 24421 8232 10537 2278 19050 29367 33126 3921 15935 24553 6877 7666 36238 11732 29171 7724 11043 8655 33638 20330 8277 2546 22460 32304 28226 17270 39129 17183 30768 26246 16759
2741 17268 7923 24389 39461 5005 10032 34419 14190 20101 16723 7935 11782 3693 23113 12294 11310 584 36206 15794 3337 31505 13826 7049 35867 16283 22749 34798 3527 27519 9149 19153 13481 3955 4354 15276 18277 9296 5064 5517 19591 4239 27605 19266 3248 27411 34922 12945 3463 33010 28852 14941 13103 5137 5919 4679 28543 14298 6054 33005 19885 13817 31739 1879 18972 16990 29020 35616 33664 26054 28997 26825 4823 24058 6521 2183 30217 29147 15142 15899 4932 10154 5571 36029 11614 17289 15943 26330 31058 14014 34938 2212 24112 27103 5365 132 34242 6598 37441 8253 34115 39916 33092 29826 25413 18124 5019 20259 34876 14584 20369 17884 10435 35175 2601 32623 28093 6898 30161 21757 4238 28694 16466 7316 18630 34238 19183 19929 8065 36551 39815 30279 11808 9883 1551 35518 36194 17108 12998 6524 39387 34421 39621 29496 29033 16890 27119 20596 8363 5127 909 33200 21708 9704 37403 20846 958 24776 31478 18888 31598 6866 15736 38142 30035 5811 22735 8751 34199 8864 34595 23818 22481 30543 25529 38275 34619 4071 33140 25479 10503 32673 33473 8299 9468 469 25105 24285 1087 34654 2949 14381 24393 13236 9802 1642 37994 9089 17319 33599
21179 26112 35751 27428 10400 26563 25309 26063 24326 34690 32062 32383 24478 30700 36640 85 2812 13931 12300 3944 35659 38904 3533 39543 24883 29904 9224 25869 4835 15124 24469 30159 10289 5823 3834 22177 17372 29221 37781 25639 2534 33851 33001 8053 9612 10153 6465 4155 23634 33817 25516 32554 2242 29264 14304 24021 7889 26840 3250 15888 13431 23232 19981 19320 25745 29856 14654 6361 2872 23295 11471 3497 3311 23127 677 38693 28049 12828 13767 7187 26482 16876 7699 4230 10094 2137 5840 28058 7550 29742 24059 5778 19394 12548 22905 17739 39971 17159 20349 22883 17258 9786 39018 39398 33264 887 4781 33084 10997 19720 39618 8261 16885 4631 34678 16315 26199 7281 8111 4728 31285 31323 36494 5663 35121 7955 24028 33883 25890 4080 30046 31744 31759 31490 36595 2805 15816 3079 2056 15986 28627 19078 10470 17127 32951 28785 13565 37468 34523 16580 22354 2813 15692 26450 3873 8312 28437 36682 24154 38573 37896 12954 730 25231 37640 36683 22888 29869 17351 4493 13388 1607 13108 32066 35846 14449 33920 6066 689 3460 34810 17042 19598 24637 22254 14649 34488 11981 2401 29350 35845 3344 26474 12489 24388 3111 13139 2919 20997 15981
32683 25183 25019 33474 38995 13410 4753 7392 20787 10927 24415 4394 9903 14300 27249 1650 24391 39059 1115 16917 33736 36839 27230 2833 26867 2493 811 3954 31400 9540 32955 22583 13213 33259 25127 21005 30893 21448 39104 23624 38303 844 35732 8202 8397 30364 31377 19002 3396 32775 24695 150 38206 8267 4733 29292 7784 20404 906 15431 30877 15416 1819 31985 21910 3078 31632 12735 29123 16158 32052 37610 34611 31182 29078 10105 30256 208 10194 33445 19115 20028 20528 14475 20311 5547 10298 24482 39509 30065 33609 23972 13540 11084 33096 17670 12064 15690 4653 7437 34753 18111 5488 28955 23503 28362 25123 26345 38749 6657 2102 7439 34480 39476 8487 1043 9236 18466 28278 38800 17131 9763 21690 12461 36217 32498 24694 16473 14129 38200 22062 13287 36028 17216 22912 32103 17094 25927 28220 3218 38041 12571 34168 19120 28307 13994 37420 36654 38727 6373 10427 7936 28953 29028 6186 8374 28086 5395 34684 16628 17729 38572 12266 22529 11672 22123 20696 17279 3073 23935 21912 27378 14393 3228 25049 20228 30888 36021 7622 12833 32822 21434 3893 14776 31010 18546 3310 14236 31282 26126 12848 12870 11987 15021 32744 18925 16669 21848 22806 2030
1580 20917 5961 20042 17568 18202 31912 27748 16250 33058 17452 31162 27932 21400 29471 14763 24119 242 35104 18858 35141 35391 18728 9761 20068 18342 20976 3511 11677 8552 24457 29408 5798 4384 19408 38939 37790 11878 25676 202 29701 16968 1904 9507 18361 969 16290 14743 14234 10676 28365 13352 14594 23139 33702 35148 496 34311 15616 32634 29477 1912 36848 9576 5618 32691 11454 4267 7593 36827 35248 37793 12617 1079 15553 18190 1743 34839 26584 30079 10342 11356 34077 32501 24304 19943 32608 35480 13438 37416 18204 6242 31650 36521 14179 15565 8196 8977 21259 1670 4480 9306 23095 20624 3164 35147 5190 34032 12708 37207 31006 4236 16513 6321 37221 19398 17080 4292 20406 17699 13135 15716 1419 7723 27058 27832 17918 23321 13430 30550 5531 17970 20122 32025 37593 13582 36220 8329 22168 26191 15938 39356 15344 8998 9324 23030 13739 32442 28425 23481 12720 15013 9794 34813 5383 24403 33078 39262 12883 31647 16853 9713 27120 23281 24118 12969 12089 33132 5276 38594 25860 33812 35721 37752 20541 858 24609 19668 35938 4586 26806 4691 9341 873 27845 29683 19101 13075 32063 4282 34119 1872 6471 4110 148 4604 3868 37820 35400 2846
243 31319 24343 28615 7570 5290 17928 38404 938 9518 10585 23467 1247 20510 3967 4623 31498 10481 14542 20715 26243 25609 27667 5968 35574 38154 36505 24742 37154 28347 38961 2867 20680 9221 33427 11465 19366 34637 2428 4427 21745 24671 5790 14343 17061 8515 25314 26526 37791 9486 345 4521 22595 8611 14746 6545 24080 22252 23288 30107 28821 11739 656 2979 15786 32396 11524 37340 37191 30704 32094 18724 31887 34785 15146 17695 8835 18527 15624 30411 28164 10845 8217 33112 34752 33792 34218 14192 33648 24320 22141 14078 36096 19655 12540 8480 38333 4046 30801 6013 3667 26636 1796 30264 1579 34939 30350 13056 35266 5237 33025 36301 31679 33282 6153 22968 21378 27218 17817 29459 17900 25699 18073 1267 17539 38996 28578 2111 23453 11663 17354 16147 13600 31034 775 39837 23181 5651 31869 22422 36246 35554 2238 28102 14412 26277 13979 3561 1794 29859 35604 34256 32526 10840 7825 2353 35776 21860 35251 17734 34293 10207 31742 5442 36239 35376 11689 16947 11619 21139 14220 32239 21241 398 21596 21859 19624 16316 26360 13633 26196 7578 3174 7547 16018 1887 4147 2491 23739 30244 826 34420 16226 16673 23724 24109 3958 37085 4401 27060
19316 24193 32037 3080 18290 24698 20860 8157 13919 33052 27087 20385 37722 35641 34467 33592 7562 36340 18978 28363 12346 18561 3796 23041 15751 1189 6474 32560 10756 14403 29870 28901 29691 7350 20648 10903 16335 10861 10656 15960 3442 21442 24257 28614 31570 14979 29298 9118 22678 30733 37575 30395 27914 21706 16411 18086 11348 38444 24433 12095 4241 11918 9999 20894 14993 33392 3844 24199 29589 7766 16528 5368 2471 32657 6710 2593 10088 3377 32907 977 25128 20920 37644 3863 10001 12974 10325 21432 36080 29831 20139 37762 32980 14242 12669 17429 13377 12437 23322 6350 36099 11531 35878 8732 407 19516 25325 26618 12594 23386 29993 27839 15864 6966 34471 15485 296 34533 17940 8613 22718 14184 37908 8932 10872 1542 13785 12692 38600 39437 18667 3455 11450 26930 11583 276 1540 15670 23479 7298 23191 1535 12189 31990 17414 31473 12166 7971 29775 35382 4866 30892 2851 39942 16058 20943 29838 10120 31383 35219 36210 10380 9095 2143 29399 26295 26462 34367 22531 38886 336 3536 29905 36404 38662 18547 5416 4210 12728 33404 36162 11381 19415 15310 6187 19685 6685 10285 29907 34118 923 4603 9100 37851 33929 10809 32939 19850 35586 39154
31841 32876 31311 23384 4680 37556 4959 2400 34128 27270 19219 18865 36755 38160 15766 29616 35323 20302 39726 3546 13644 2929 19815 15524 16325 5394 7627 9352 17245 18067 6446 16463 18260 19160 4985 26487 35367 23910 37966 629 4808 3788 15436 12007 6139 31206 25293 19562 39050 18524 10604 5474 25824 9466 33325 2128 7585 26697 4980 33347 13345 7488 8927 7063 8775 26439 26762 23130 15133 23693 3852 36786 15579 11600 14467 38036 38361 5642 34995 36719 32338 39061 14870 26362 7084 24858 15295 9765 23175 27344 1081 38040 23657 18931 7436 7990 15482 32091 28583 23231 327 1489 25361 28152 24355 23183 23714 19906 8355 976 17370 5947 8914 21433 19968 29029 20436 30717 219 16 7467 14104 13186 7607 29937 20195 8868 11149 16861 21296 27611 15218 15379 21526 21455 21640 12318 12640 37872 28611 21576 29208 10419 23177 30470 4572 7126 33168 24310 25881 19833 5029 33693 946 1563 11534 4854 207 12827 20066 6331 3293 17527 22727 37253 10261 9459 33532 13009 35572 12065 31922 39760 10453 37936 27985 39467 19727 31627 20351 27169 27785 16703 34164 16402 34114 35825 37914 17100 31210 30977 38375 6840 6537 8104 2198 22108 136 20695 2525
29575 708 39929 33986 18657 27083 39455 4744 16700 30100 34005 5400 39006 23712 30317 8689 38599 24827 26310 28555 33277 32446 29152 19141 10071 7837 21603 17300 30060 21964 32444 21245 1595 14152 16384 24278 35304 11415 31907 35698 5999 13641 35595 18783 36191 36537 11103 30014 12043 38542 28025 9442 18894 35049 13402 26931 37286 19231 33687 8710 8376 8840 31791 30063 26255 1438 12446 21415 36731 18876 16423 7253 30216 36631 39785 34687 12359 13101 38683 15934 24507 25208 38101 25874 34444 9869 38569 28551 34066 39931 585 23141 34972 13526 5540 16714 91 2028 24977 23470 23805 27972 25332 29042 29693 16261 33448 13306 28011 15398 22839 21546 19561 23815 25653 29568 14086 24944 984 32229 35073 9152 16845 21073 13303 25764 59 4457 4303 7915 34576 20754 23083 14554 22061 13775 4097 3288 31890 7574 29457 23125 18648 38423 36288 25157 27437 19471 26309 31425 2382 32794 12003 15029 24635 8666 34099 9239 17693 9112 13599 10750 28503 23021 34657 27098 2050 13590 29788 9299 20343 4893 33276 17356 8739 3874 5654 33232 29618 23344 17666 1984 20540 14748 39034 26527 9265 29982 3699 26535 27987 21700 31171 35758 23258 8025 15850 17505 27041 27164
4809 24044 30698 1361 31246 14290 30978 12895 34438 26872 12836 11775 3227 22321 38124 1870 19676 10640 10232 12592 35680 11933 22092 39325 18300 14946 15424 14369 39890 32176 12315 18580 23404 35295 35072 13932 14797 20774 29245 7474 16531 5504 26914 25084 7994 3343 3018 19059 28069 28469 26285 37725 35094 13800 6783 32502 24653 25665 2103 6501 2610 39773 36676 17288 22200 29526 10967 16887 27008 34803 39085 12462 25337 1818 13650 26520 15782 7256 21441 38450 12206 31508 1076 24563 24755 3007 5915 30034 35417 31790 17956 5726 36632 39965 21315 33737 21452 27721 6406 21423 38189 23819 3302 33836 8660 32159 29472 4150 19406 19901 36585 22871 3686 10035 12566 28618 31469 3617 16850 26936 10249 4902 36353 24072 2847 13143 13316 21404 36809 9175 11628 30832 26758 28775 31678 26313 27962 19572 39492 32796 35284 30324 23216 24260 18142 30389 22437 1141 10350 23594 18248 17659 22824 16444 14137 1487 10887 30361 19139 13522 27276 38087 25662 26918 3815 25916 25922 7459 22453 31158 10204 9748 22473 24009 15204 7503 15079 16441 35487 7664 23093 16420 35875 19136 22732 7633 5218 18981 11599 26429 10856 19741 5572 16571 34904 34234 2887 9387 7645 32227
35773 24642 31565 2072 16192 11096 15890 38407 25416 26530 26985 30331 38257 3362 12515 2427 15923 31317 21601 17321 31428 9146 13284 8439 31350 11891 16419 9282 31960 30438 22578 2976 15889 1491 6333 4247 19688 5172 12549 10398 28933 21343 24106 19425 37520 37329 5170 30270 10308 33807 30862 5333 28135 36965 12947 33233 6168 11848 11914 35368 28637 18500 34281 4755 18620 23230 36565 24012 15433 21629 27917 25046 25470 1401 9318 38097 15195 2036 24096 1814 28781 10327 31393 23020 17909 4678 8169 32698 6939 8094 35178 7159 6136 38161 7791 32359 1841 32202 26296 22706 14215 23794 39444 28103 16868 31877 38443 3914 38289 37709 30478 12159 15458 17218 3505 36053 2270 29120 28041 29136 17721 2540 956 10241 16166 27464 14720 24672 12978 23799 12102 1145 8718 15773 16667 2019 35395 38703 18785 4194 34468 11988 31068 14629 35716 24577 960 31895 35827 12122 8002 4991 140 10021 1972 31997 9522 3747 1612 6610 26736 25602 12450 21975 38105 33747 31388 26933 32731 445 6259 39953 22893 6048 22666 38690 7595 25302 3812 9587 10104 29012 32565 29304 35308 2440 526 8433 15428 322 6293 25672 6506 29008 6086 18060 4005 34899 5623 23543
22511 1966 28941 16094 6751 38116 8585 33891 30175 10851 9302 29509 33249 14842 39540 22351 6887 4620 35172 35054 39717 8447 20819 12053 18642 747 33359 8595 12802 16958 25847 24721 36726 39824 25984 31630 14263 19857 38279 29006 18952 23995 35224 14243 16205 1471 19353 29067 11334 34178 36957 26943 11627 23637 39802 22328 36993 17119 32874 468 29169 10578 5757 37543 15649 19918 24821 31064 23397 21146 8975 32835 7484 39268 1735 32783 2035 3969 5245 39966 12623 26682 37388 22082 1383 1508 31335 16924 29173 28598 19784 21060 22255 21642 29383 5579 27907 16363 27245 14414 39776 13480 3506 27326 13266 20203 25780 36182 37303 38435 10988 21105 31033 27158 35755 15832 33983 6023 34271 18850 24954 25542 34439 35708 2226 22059 15950 20258 21533 6692 23737 34356 8434 32404 20147 31118 4526 29278 6990 17976 4068 4092 17686 13222 14067 27736 2326 28657 37347 26786 7480 3887 34868 28916 24851 35079 13911 35958 16229 11855 2016 12032 21396 8052 1393 8005 23859 3069 39152 5261 22349 15987 19648 12660 30794 33730 30810 11412 39087 23969 27603 23592 33909 25109 7430 7397 21104 990 35821 269 39826 12664 1649 2528 19207 16514 15348 36667 11406 39145
25651 367 1362 39036 820 14072 21028 27193 2939 10239 1131 17750 30775 6292 36060 301 21967 17355 403 9685 24176 27298 35464 9172 25004 33497 5073 7341 24217 20157 7328 1669 20743 22126 1058 24629 34295 2744 16788 20247 17675 23462 25053 35838 1762 2987 31524 4151 15086 16071 16129 8580 36922 31934 13698 36150 7564 34984 20599 967 22178 5 484 15314 12788 28190 8145 8920 30304 18343 31014 12388 22192 33682 29219 22474 29571 27588 14846 36219 10050 31856 14229 21704 12768 21313 27420 35034 18658 16486 29818 9735 35499 16668 16999 31359 33766 27282 35942 21797 18213 30239 28906 2507 26302 14587 36974 35981 26498 23001 23821 38753 2535 23488 717 1520 6284 8437 26170 12201 28932 7287 10454 10782 27154 5147 30557 31946 22070 24991 24968 13872 23159 36108 12872 2985 32728 12557 3103 31414 35996 19018 31926 9250 17594 32726 9474 5520 16838 31216 39990 4655 38975 20607 29124 36483 16640 11668 1959 12835 33839 4398 32022 33885 35386 38155 1128 38374 29209 18545 35756 34312 15262 15743 25761 28698 35841 27516 12396 12429 18666 36636 6973 17719 25474 22005 1159 32750 34022 9939 7683 25640 39237 17138 37866 10836 34019 17565 4978 23569
30306 38098 7379 37037 178 2386 2132 10839 15623 13191 17209 12054 39192 22091 22610 28097 5234 29903 6304 10025 10489 857 944 785 39010 27889 5238 35795 5011 25103 31766 29772 13601 8050 30474 2584 19543 18670 9277 7102 13443 1556 38621 4849 23415 31583 21929 5938 21260 39067 38651 30895 36384 15332 14419 22966 5821 24541 22817 38224 37512 13921 6749 6845 34130 9670 3786 8911 4949 32553 3538 4131 12059 20839 18495 6198 22519 7337 21498 17829 8587 6532 24583 5784 5881 20409 26954 8608 6363 12307 32256 15377 26324 17416 26407 67 38259 5622 15104 22677 22854 20945 15848 21265 24387 7008 1891 33457 23682 38169 13227 38653 25326 20375 8158 17597 18364 17507 27817 37559 6110 17294 37228 39859 5091 37688 24814 4571 38733 25201 19221 20448 34034 35028 36004 22405 34207 26713 10433 2085 6962 11082 17178 24652 17040 30792 13809 31621 17835 614 20022 11168 9300 15471 4350 11590 11486 27825 33187 26265 18560 34769 4921 26593 26139 25994 37496 2705 10562 39715 4189 9159 26115 38389 11595 26701 16019 13840 30788 12124 644 16311 36817 20577 23871 18617 30526 37397 9933 3889 20423 34581 26973 32438 32761 8604 1538 39284 15940 1426
9682 2487 17000 30883 37759 4797 32170 3696 26619 25654 15199 3276 26193 19582 20730 16247 19484 2240 3651 31417 10768 13787 3014 1113 15851 32725 3981 35639 15043 13612 14922 27598 33198 31089 9923 21426 20021 24245 6816 29003 35244 18189 3535 24054 2561 34030 21634 4524 10686 4799 23583 36623 33918 34088 13603 36478 16257 18625 29756 16292 8239 21399 16794 7311 11630 21449 32703 27592 10880 28316 5690 23469 17833 20160 4533 7917 36972 26106 16210 30843 5740 31211 32901 33400 39723 8121 26244 37355 16625 29135 5911 16025 23878 13215 3722 32221 7329 36203 28575 39904 36327 13454 10280 8049 31491 31108 16849 11447 8284 36138 9153 4181 1378 28301 38857 12481 31214 19678 5716 12678 24798 29363 36739 34473 37747 3994 8311 4958 34720 24790 29085 19661 36322 7501 20322 14561 34089 37327 5392 36351 8408 13000 26275 22549 553 33382 16615 12280 19081 32317 30736 7280 25866 6246 6788 12405 3395 945 1854 6328 19898 39799 3462 27073 12995 19097 30498 6069 23623 35748 23730 24140 27227 20388 3780 25682 25145 16225 10876 7629 24207 39606 25185 19873 33106 21180 14107 4638 35933 8208 34112 19649 26414 4458 23355 9473 20931 5818 22667 32305
7921 34531 13608 29834 37095 7916 14009 34300 16758 30567 22065 8494 36118 3208 37627 22301 38159 27100 25215 35164 34603 3252 2234 33556 30536 39701 423 25797 6278 14698 20031 36467 38197 16900 13965 30507 3270 16199 15184 34064 28517 18917 13961 16117 4212 1246 38165 13880 36315 3179 32615 31166 5737 37473 10551 3263 9533 35745 1967 26205 3206 1275 18445 24400 712 39197 39043 14985 24139 27099 30966 2162 22948 8909 7400 3629 38770 36928 21989 14514 12734 38425 3440 38077 4173 13230 25790 27617 16305 23804 26040 39901 16724 429 19510 1156 12700 19119 1365 4319 33575 36968 11928 30982 29577 13684 4004 39635 5594 17531 20978 20968 25633 33424 33461 37889 8226 9012 2880 14294 28772 39932 24801 26282 30098 15643 9123 25085 23270 16601 23981 17752 26516 21609 1799 21891 31605 25810 36440 9436 27170 39833 6754 2287 38879 6584 3323 8828 25807 24945 14341 37784 30655 10985 11295 13938 39269 28952 26186 17681 8317 15805 25025 12275 36665 9920 39835 511 11681 12268 6107 1971 8899 20808 39004 28738 23907 24623 16904 20578 7138 22981 9410 1215 12607 24142 27239 36908 31722 36493 31003 38295 26880 22139 27906 18991 27255 29936 8427 2967
24891 29532 27762 25950 7803 27319 25647 26532 7189 28484 19225 11150 34040 38338 33731 13166 30197 506 29862 32454 21255 23885 6522 3100 2117 9632 1354 4581 7907 38836 874 19961 11547 3032 39479 30819 16132 16333 14957 34851 13778 5724 2195 12821 21838 24068 27722 1207 10142 32852 33303 34346 5989 11138 11298 25464 35622 21611 334 24982 4773 26923 19036 14173 27465 12066 6103 11955 27345 18301 2417 36122 21585 10165 18024 31696 3940 27463 37257 28398 26454 27393 5180 32101 28599 14701 26588 18359 36987 19202 6923 31850 2758 9603 14662 8512 24157 25148 9174 12247 20703 9140 650 8080 38459 29105 34498 18251 7112 16557 15544 25551 22564 34052 11023 2345 14773 39417 24631 6835 39168 11236 33923 8335 28877 13553 10909 11100 11049 1784 30984 7226 11924 31927 35818 28794 12946 24813 32643 6728 5063 28999 23546 6965 2134 19133 17980 15173 18081 22454 16790 17696 300 1243 36642 19703 15869 5480 35357 19722 33624 21571 12380 27031 15731 26913 31655 35886 239 30174 33615 22882 39156 250 28388 18980 32296 13649 18932 38639 8971 23812 20759 1033 30023 6677 9108 30517 11513 17687 25592 10601 20264 31248 31170 12139 29485 30749 37449 39231
38956 20687 7284 28797 11242 17848 36653 12051 503 33418 10054 27847 4935 4730 28053 18975 26391 33688 3271 5161 35303 7614 25027 25246 31532 31511 16070 25099 31620 6199 16859 20674 27076 13741 8330 38660 15252 998 28174 694 2061 19417 6678 8225 17128 9752 4685 39584 36758 5402 34680 29452 23528 15360 20039 13617 6122 10794 28092 36111 24494 15141 621 23841 9472 12255 10517 13545 3902 34624 26092 29328 38079 25855 31925 3062 6696 28306 39149 5272 23172 30706 30940 38315 29642 9278 10331 16035 30920 6119 10026 20434 9800 36679 30157 9691 3355 13071 39082 10580 2317 24440 32714 19037 39962 21380 425 30315 17490 29707 13255 18854 16529 27740 39301 24878 32226 4666 15213 2447 5909 39260 302 3821 4923 4352 14081 23590 38504 14525 22097 2430 24015 8066 1832 38750 36482 2362 14939 35553 11144 4264 26744 27566 32295 34160 26153 38044 36216 12958 3929 27705 36532 29204 36635 18990 30222 30525 26331 10828 21806 20953 35490 26411 1624 4285 10902 33858 37788 30036 5894 32636 30271 26177 7243 15820 23447 9476 25197 11949 22941 16827 19932 31874 15688 2512 12621 33716 35889 17580 20605 39453 25834 5084 30126 8955 7105 33635 22697 2570
23735 18146 15358 29346 25069 34082 28544 25107 12673 12099 36463 15575 20915 30758 38719 3279 9504 39391 1831 10187 22538 9431 11851 38293 25336 31372 38717 22934 3077 24579 36973 17091 25291 12163 22712 994 12826 8792 5123 13628 15058 36535 16942 25799 38292 25789 26628 35389 35103 34364 26632 26601 29770 28935 28879 39379 23649 20368 7957 36202 21149 12580 2276 38120 37637 20745 7519 15274 17787 4281 24181 18095 15870 19106 30760 17855 24833 35894 4423 1917 33493 37980 27775 28189 4323 5065 29106 20327 26836 25557 18725 390 889 30973 2991 20367 15581 19351 15919 23726 14157 173 30611 9979 7785 23800 8910 24940 23852 16212 1170 38930 38180 9295 22664 19327 13740 20365 4002 3936 12391 370 18626 19717 10932 11992 16277 26764 10299 36692 22400 19144 24933 31625 17117 5960 18461 16060 14727 19677 20508 18352 37365 17122 34725 36139 10894 35268 13557 11003 4804 15815 18335 3605 23297 22357 32007 35729 14337 5645 6775 14935 15486 37256 16810 39276 1052 3888 33114 9909 23944 25403 4875 8364 39959 2306 7368 9008 14033 727 30568 22449 10318 25033 24978 1368 743 36263 27024 26765 23842 15637 15243 21464 4106 37982 36072 3601 13211 16970
6312 17097 5089 6650 38935 4786 25110 2640 27178 9335 19897 23937 26475 27881 37006 5321 6250 28480 29265 34520 16327 5398 14082 38851 2781 39373 21545 20957 1186 29055 29046 26969 3089 8142 17600 27332 23955 6077 34779 29032 28429 39863 16996 30580 1227 28138 1499 4879 11091 4967 26784 22203 10958 33816 31129 8539 39324 35056 6549 11818 2419 3816 11154 15875 6979 33219 1144 24924 27351 25065 4198 25384 31945 7848 34486 7113 37251 10697 7006 39667 11151 6695 19797 1161 34136 36938 4341 3502 9210 12750 9403 38597 37430 20933 2024 15658 5101 4096 480 7462 30391 6616 8690 21285 15776 38373 31041 1089 26344 645 9155 18405 1707 23323 16319 33044 27660 18515 18013 1637 11224 24284 22033 37040 35623 36331 27763 37857 8001 6342 35566 34967 34437 36160 15331 38787 7203 14149 31803 22713 26726 12725 9579 21870 14728 26944 1071 21810 31876 7027 22570 4314 14547 24294 7864 25675 24379 30558 12155 17033 36743 23876 5850 728 14645 11109 7811 9860 9524 37267 31775 2604 12531 17024 5613 25566 32567 20391 29451 38194 8698 32856 4830 34316 25611 31913 20268 31537 10738 39636 17825 27117 11750 5596 252 25787 28616 21719 7563 6827
28662 13334 21295 771 39037 21503 9687 38397 32771 13629 20499 21416 29321 2340 8513 12402 6944 37978 28636 12970 10879 15536 23781 4788 4406 11960 39293 35340 21115 15596 19304 4211 9961 26687 39448 14785 10716 22448 15055 4474 26513 9230 12341 2798 11864 3766 22792 16556 16540 38865 24214 37726 954 18264 33849 2106 13366 2791 30664 13935 5000 16009 13250 34579 6731 16617 23201 34474 37787 24046 22398 8845 23801 8557 21962 2894 23566 23672 11257 7745 14013 9121 23893 26405 4274 9617 16373 24707 13940 11980 16590 13260 30120 24972 12943 3801 24521 39984 20711 37032 24717 25209 9034 39927 35475 32522 949 25553 34897 8854 20790 2055 4916 3 2219 14061 21389 36816 28924 9592 29386 1760 6606 14147 11822 36833 37138 30928 3232 11639 19434 6752 3459 27441 13151 34648 15535 15642 35443 28817 38056 16533 37014 29729 7139 4802 14814 13788 39193 21201 17661 34144 28871 37924 1983 1526 18697 14100 11229 5122 79 36410 38595 25080 23075 4548 29455 34970 7873 20750 2691 18801 30207 26083 23741 30594 3127 11802 20175 35234 22383 17171 19170 3639 18789 1883 17333 238 20832 34840 14319 6639 30482 13131 37799 1408 39001 36003 38083 15823
30629 16892 26251 13832 34328 10677 19522 13238 33469 7134 10542 23787 6126 31256 19063 15287 30583 13084 20855 26934 32118 24885 33530 30377 26556 5330 18358 9954 16227 17393 11771 18792 8361 30521 15395 14180 20922 36638 1928 15296 34616 1902 21654 6868 30448 18280 26367 30571 21896 8554 37596 32625 19944 36267 2721 28385 8268 38419 20879 8279 22114 37215 35627 18497 8229 2702 19208 1753 15419 35026 18406 17152 34812 37356 39585 10849 37699 30089 15164 34515 4052 28478 11219 10172 3576 30273 11645 34372 5253 5039 14826 31212 4154 20515 27885 7472 9631 8292 29671 1016 35008 27180 13130 35918 3542 9613 20024 34124 8650 10030 36252 7858 24279 9755 36568 8529 29959 2628 10923 15804 10842 24728 4283 26585 28483 12546 36007 21557 30659 6495 21016 29889 862 21460 24960 17076 34681 1006 24236 3102 13776 8008 3231 16918 26720 4712 20190 20052 16270 16460 32238 788 27091 36883 4028 6405 38773 15393 23675 7265 34329 3000 5066 37038 12523 34802 28346 29195 7214 32179 30624 38837 13877 11106 11824 53 5331 925 12763 14718 13362 17733 29848 26887 12135 10709 859 3287 15473 31936 11397 9640 13445 4737 22859 12447 23267 13573 37552 34980
32914 24660 10084 8946 18655 11715 13709 11184 23872 39128 35156 5944 18881 19186 37506 3850 1560 28874 33571 12938 11341 7273 22953 21733 25387 28994 9054 2335 36830 28956 18806 39066 33329 6488 39088 16054 26735 31546 10051 30894 6064 1745 36575 15930 27596 15281 19933 11313 36381 12760 28397 37526 27446 4179 14338 39286 881 2712 4237 31965 36234 27701 18558 13624 29413 32337 29242 26871 3147 21014 21981 13147 13494 18224 27689 26293 9574 11183 9624 4464 15920 14050 32134 32031 12926 34767 1977 26398 8738 33616 32319 30330 22554 28838 28132 28870 25125 25345 24975 927 9503 13142 29696 3053 6243 35850 35666 1041 22853 4758 3191 39097 39996 8153 23105 783 33870 6517 9166 30947 33633 31082 15713 1287 35702 30327 3903 7888 26157 32675 36910 5463 37487 17337 35015 23193 28754 10483 37876 22086 18530 36858 17920 5002 28647 12219 5411 23394 3529 35895 11852 5425 33931 1256 38058 5496 126 29037 3894 163 22604 3804 9142 15118 8006 25321 947 27210 6377 10949 25312 13609 2020 16153 16631 37107 7918 36512 38015 36472 10930 36649 1641 3379 24710 12913 36900 30674 35361 33863 39632 26053 37418 28321 23932 29154 32492 14715 3991 6094
8302 19344 30823 32981 31035 13226 24829 3192 25798 20778 2648 5930 30141 12083 3898 34949 2931 16846 4909 228 1701 7876 25034 14089 7184 32548 13233 444 254 25472 28926 20035 5902 14373 2580 25133 18708 25137 28590 570 31818 33338 5173 10545 29207 4030 10740 33583 32190 2376 10994 39411 13611 21359 30769 26635 29964 18533 18434 12264 31826 23778 23228 17805 33401 33471 31529 3385 6683 32828 35353 12874 5600 38248 4135 23513 13372 13053 5482 6580 22427 21784 5813 27011 11805 32941 5800 8177 23124 24091 25471 28038 20606 30512 2305 34731 39273 39893 23571 38649 12823 10324 5273 35060 34538 38938 5424 27726 12611 18843 9381 30886 10351 19095 18153 32679 34900 11943 20273 11969 16184 3370 32040 32916 24930 20505 12631 29270 21300 37528 24730 23378 15650 4720 36048 26021 38883 5231 13688 1095 38758 38900 26938 31987 22959 3574 17418 17614 35449 33567 34491 38433 26649 19647 4615 33319 824 26477 34542 16543 4193 16591 25130 36602 1994 23881 5251 9671 26427 16611 20924 8341 27541 11919 39907 9934 4278 19829 4913 18570 13838 20887 26501 25700 25816 38047 39396 1621 2179 22650 20346 1877 17223 2514 38577 25956 13721 13882 34920 35380
9566 29998 23785 22828 19667 5982 32391 21694 29761 17955 14247 203 4213 4317 2092 19942 1209 29823 15288 5661 27052 39207 4342 10334 21021 5913 5016 9147 6892 21854 2343 31245 12017 16188 39381 10423 35915 19364 1385 21581 11504 12951 11503 38114 7435 24514 34908 297 28426 153 27316 16236 34401 31488 34197 5001 20686 11066 8456 32146 30936 29056 33996 14131 22194 13900 38354 8124 17950 25575 33167 18911 25712 38316 20582 8972 27450 2295 9400 31083 22722 12918 14415 37243 34190 36977 25594 8350 29388 37800 7617 32531 12128 26877 16647 39027 25179 4536 37900 35407 24475 34090 2144 39000 18391 25895 9055 20413 23998 32206 31695 26664 37623 23150 8420 11833 32510 19450 34788 29947 11384 21354 10698 36309 2369 8214 14399 20106 29853 36389 11139 27375 20591 21853 37363 23109 27146 375 13497 3198 11654 28462 36223 25506 11461 13032 9284 6558 36425 21488 19504 30903 15145 2048 28622 8201 2779 21429 19520 29614 14920 8960 35614 7619 36502 8729 32909 39628 37931 5910 27057 28743 1606 2263 5714 4516 32053 3148 13152 25206 35835 24779 34145 28632 40000 32595 33754 26332 24373 28729 14063 15203 1674 14028 13939 28476 29250 3315 39007 6779
2365 22315 2808 25263 9996 1066 20379 470 35956 38264 6109 31368 11196 1404 28711 25230 31871 17609 2209 3314 39852 23035 11396 14377 27858 19563 28875 12559 25131 31531 34402 17550 14055 5683 9774 12691 5880 3236 10230 17487 13722 3948 13190 13197 27959 34095 4036 35855 37550 20561 39298 10498 16666 25822 37361 18340 37209 32112 14997 16241 25492 8560 27190 24604 36416 10171 25833 29022 37027 1425 14203 12207 20930 14761 8106 26659 30811 2553 22074 11353 29650 21648 34928 37150 20691 12614 30838 32936 26444 1112 1923 29844 2913 36045 7577 32300 34113 20240 7233 19264 11523 12934 35794 24773 3630 22433 28755 31581 34479 12190 22130 34333 19263 32795 35891 38845 29997 23495 7285 16773 4463 36496 21695 34517 32588 4892 15152 35354 18036 6071 11389 21247 26957 38528 4429 17272 8378 34569 792 29079 16956 11719 26347 25501 23153 1787 5300 18803 3241 34229 38666 14557 20092 20136 1557 35976 38400 3093 16764 12991 36432 22297 5973 36660 30430 34930 36812 17306 27066 20218 31243 24697 16312 39445 328 14733 15488 23015 8872 37951 3880 19111 12226 8069 31167 18078 34959 2481 16769 39749 20384 22068 39758 13477 2029 30160 20742 9746 7726 11165
8224 27583 13857 24244 32105 32067 35247 39834 385 24802 619 7956 15484 18376 332 23834 5171 19521 9429 8774 19004 36418 19339 21569 24722 10860 8586 13910 20883 7325 2057 4233 30121 4745 9546 1924 30638 31977 33142 26237 20037 30938 39039 33940 11895 27125 35500 23974 14277 24290 32528 36171 28123 19495 3566 33122 34081 9614 19501 39143 3373 14819 24486 26751 12624 29334 12218 24915 11411 17284 14418 33496 920 7125 17541 22360 30357 18909 14472 4587 31930 6224 18257 733 30551 10163 24602 39146 20995 2719 25770 24568 6929 21744 39330 7121 3953 21106 7247 20520 17512 12882 14689 21098 36756 17610 11903 7807 9851 36347 18491 17182 19286 32008 2272 13076 2935 10061 10445 21430 34223 8951 3129 27639 31604 23025 21529 10049 29491 21824 15582 30110 7399 37173 23898 1280 11569 26368 19872 3789 30798 13736 18534 22730 35330 33363 38810 23476 18956 23077 26878 19368 4403 13257 26926 32189 10878 23161 25242 31178 31634 15182 13701 18209 28671 7674 4943 14046 24481 7777 23899 33043 13752 13530 14040 23192 8061 17038 27867 25829 939 21501 32162 32097 23723 27118 25733 1122 4833 10568 8414 30919 35293 11488 22169 31446 39232 28721 10598 11332
18026 13093 25963 29476 36261 25306 17037 39436 9937 35325 8091 24301 13639 11705 18578 245 27172 17034 16239 37447 28753 28848 23587 10561 14386 34698 4996 34018 3412 31109 30600 30668 14641 17028 3660 30209 30084 1926 37497 3115 23473 38306 6970 12538 9035 1610 13948 35991 36089 33790 10823 13212 19116 18156 18889 23762 30585 34041 32403 3871 4995 35927 12807 17002 11028 6881 1626 27459 22598 5209 13945 22095 3290 39250 28040 13662 29758 29466 30846 13544 21412 28715 35871 24914 12764 284 29498 33443 3185 4447 33752 18261 13289 27896 38885 8844 35428 36693 4495 24959 32059 33779 17116 7085 17698 19852 8768 31898 15595 32670 27931 26566 9726 2214 25092 37745 38093 2897 21195 33600 9114 32770 3616 20728 20366 18729 29001 34643 16202 33671 9205 22112 20573 5058 6530 13490 11137 11462 3135 7024 7762 14661 2771 20241 14076 117 3411 4436 23846 14508 31196 22944 6272 32745 31932 16747 39392 38383 29864 30604 6067 5974 10015 3905 7872 22271 22221 28894 31586 2907 29893 21209 19265 28776 18076 37282 31590 34306 24941 37546 18831 16544 36794 9264 16015 6176 5703 39338 8947 30261 13694 1382 25260 17385 35667 19713 30202 29316 30654 13449
21362 20398 1731 14048 31727 28705 10349 38535 29646 37760 23399 25500 4226 20905 10558 10886 31721 11390 5876 20431 33694 642 33451 23246 36462 24471 25483 14703 11670 21635 36523 16160 1534 10818 26692 2188 36829 28475 17269 10343 29425 9494 21489 32413 36985 37055 28024 32447 31591 30677 29748 9530 12656 14616 37975 7207 31028 6641 8869 16040 18863 11951 30047 3892 31092 16829 30436 30908 19577 32499 4215 17545 11640 11522 7390 36411 16521 32409 6740 36455 11194 8820 17475 26321 15522 10514 4968 20041 36704 14172 13059 11758 12386 16629 13556 27747 34697 10871 36880 38252 16477 1953 14637 27475 15249 28155 21606 20615 16140 26312 6938 15539 16062 8381 38921 4167 16623 14914 28036 20292 13897 36278 15010 10669 2470 18438 37835 14597 22607 9689 31386 30286 30565 19418 25232 10193 25475 10500 19801 32738 33823 23565 891 35541 8375 30691 30697 29534 9892 19110 8056 4276 37598 17857 34936 19429 18481 12424 31189 34924 1307 35098 13172 5420 23508 20000 31690 2722 37414 12283 33280 16888 9083 35983 18601 29811 29621 7756 22902 9279 14249 3971 24274 10306 932 35168 20852 38519 27050 13433 13950 19395 20783 11675 14593 7502 28925 20616 13422 25706
37926 5523 21538 648 19414 28336 38226 17919 1380 23776 18588 34574 28652 28006 6123 19761 7780 24696 11173 34383 19502 14090 1589 38168 8841 28035 15330 13604 31101 1125 10018 10787 22746 8890 36009 5583 23713 2268 37101 19645 38570 21218 16286 32861 19071 8139 2095 27831 10961 5479 15727 30269 31370 5696 3901 23535 24430 24237 22056 3404 34054 23034 26671 2397 15737 30443 11631 121 7810 2444 4466 34410 10472 29148 13517 36002 24850 33910 14909 32114 2319 10372 22216 33426 16597 38950 33466 5956 10745 26647 1445 23307 15166 20501 31950 22584 551 33654 32867 30041 30780 7535 26741 32151 23761 8564 19838 9094 38146 19803 35999 5921 35196 27153 26831 30004 24804 32917 19483 22035 9177 14361 7300 12810 34433 31369 32970 21564 26229 31430 11494 3335 19295 22042 35663 17902 33815 15180 1963 14489 971 8777 11129 20096 20767 24439 32371 8827 32194 19412 28769 6295 3237 21158 21334 2996 12921 35789 21607 17008 5023 37770 23275 1104 28836 26287 11794 14182 12377 7947 27144 26438 20755 34462 35348 37635 8216 18597 30186 15175 316 15292 7404 21717 1024 29429 2479 18025 11913 5413 32629 24647 23282 2227 27106 29319 9490 37133 6093 10072
29089 10337 34087 10882 12100 16963 20174 13922 1335 28963 17134 10014 32975 38318 17126 34795 1957 37030 991 36474 4007 5892 8294 28613 13405 5146 12525 35278 8265 7241 10231 15609 17035 10915 17655 12593 39607 33271 12085 23100 38940 28393 21288 23416 36012 14601 37301 343 9041 32342 24307 38692 8286 19802 34447 11071 20733 23536 770 755 18715 21836 16181 7634 38824 31981 11042 2614 38466 23065 30236 39440 21774 20613 36511 1334 28533 29910 28223 13844 9813 24917 30018 34359 4160 3970 27426 35948 39536 34948 19671 27542 8745 31409 37339 2922 31127 1086 10344 13982 32925 39350 25254 14835 29999 3200 3503 31061 33048 9827 15361 39502 31515 20522 1558 27853 10274 18509 19283 1202 34596 22960 18844 22569 36388 12616 7232 13964 33902 10571 35718 18126 11446 5891 19525 10805 19805 33227 35588 11877 20627 34716 8556 4576 1231 24947 11853 8596 24950 12157 16553 32840 3166 35473 10964 30868 31828 2371 38618 34358 30073 9770 24990 30870 16417 1855 6771 24677 34744 30076 30328 31686 848 4022 20614 24905 11297 19196 37278 33707 33825 29678 1968 12733 22491 23466 29311 10201 4375 2924 2786 37204 37077 33897 15132 21127 33383 28780 2583 14808
31687 16231 10140 21549 23925 29352 10157 35064 21019 24549 31438 31637 2940 9641 36313 11274 32474 28640 22067 13615 27636 21790 7738 2010 2358 37462 18576 23734 16949 2646 22209 8473 27080 26988 33398 14305 10666 34290 3715 19374 22644 22146 3143 4425 20477 348 15432 19989 11862 17519 4485 26068 11380 22957 24160 18732 7432 6957 13955 19025 27646 15232 21476 29234 37720 23585 6742 14810 1460 17851 15840 27009 25546 6502 10160 20432 3149 19909 7483 24465 18979 23084 32 8708 37792 24005 2626 14655 38664 38658 15362 24065 14749 37350 2903 17570 22375 5260 11952 29137 2930 38897 36042 25181 8634 6075 1910 3723 13588 33709 6498 32919 32947 23274 17555 10942 28513 11825 3564 37193 29865 10976 14447 18771 34857 10087 7221 26175 11804 25252 19185 30404 30519 22377 5401 21714 30074 13182 26403 28896 34679 6367 20694 21217 39495 6487 13252 15076 10505 16688 13393 9987 215 34614 5923 9270 30833 13928 39740 7060 1822 224 13972 15345 1521 1306 6461 5102 30451 20444 38158 38568 26049 12519 36106 12212 26804 21337 16558 8658 34700 31413 30380 18057 4635 23868 10082 11436 36710 12543 7445 14682 1242 18200 1477 28644 12864 8614 28890 12443
39756 37757 33928 13315 34630 36125 26842 25278 22320 28251 36904 26978 32753 19715 11240 33992 1857 14530 36110 14402 16059 20776 2013 9523 28740 18170 23630 34071 15226 23022 13115 33677 8630 14796 26547 25564 15896 32739 3493 16937 1455 24036 12025 17397 21907 897 21909 20841 17405 11011 26734 30605 34689 20882 22612 22826 24896 8618 11376 37102 12920 20652 15504 5024 7173 5051 7575 15769 13313 36152 10726 2282 1533 16323 37721 3551 6890 4824 35963 23483 27380 5006 21076 27560 39575 32561 12924 12569 32774 28763 19620 21849 31432 23622 29796 33553 25802 4013 34460 6838 31817 39650 5856 7366 8019 6280 4851 10874 19409 10092 35816 6528 25872 25579 36242 4801 29218 1516 13453 14312 33068 31713 12536 24218 17001 14141 18387 4006 38848 31001 24817 14340 33605 37813 2773 8197 33804 27594 15112 20077 1395 18839 20314 19127 2807 28720 14217 12470 3243 14817 26610 20865 28057 18647 39130 23140 39855 17897 22576 4413 14154 9649 20621 14878 28333 4340 39343 17705 36694 19973 22054 26247 24198 4945 31800 26320 30796 34543 20158 25219 36441 16844 27160 11652 21540 32544 27248 13010 31203 1739 22182 31963 34273 8128 26854 32198 29837 33405 19306 10037
26366 13798 16518 5074 27093 33751 24515 24100 23265 18930 35826 8938 14543 39670 16711 36932 28749 8967 39851 36914 35533 19596 6806 8035 25617 26402 23461 6759 38163 38601 24650 24928 13202 931 7504 4545 34805 31489 17434 13434 10772 13457 5375 11388 38718 9611 26152 19396 24686 7978 30681 30099 22671 12900 35052 35239 37060 5641 39687 28600 23381 31062 7925 19509 16405 2221 18782 24228 29753 23215 527 27983 15338 20276 3701 14685 14871 29018 38458 38250 12468 13772 34703 30340 10759 31031 18404 20430 22993 9534 179 15493 1010 6105 28995 37157 7444 28542 25854 13397 35321 7557 3186 6305 346 19903 27521 27258 29948 18337 15137 29717 28531 16572 32921 27677 14469 1255 3114 17965 29108 12727 28228 7610 17455 3194 22113 972 33201 27469 14724 3652 13033 18334 29342 3132 22833 22117 24075 20740 12440 7939 16467 8404 15744 33776 31748 38228 24262 28267 24305 30225 35124 32465 16626 32757 20653 15593 34109 18199 27535 22729 18506 39712 38674 23829 33022 10708 30761 20503 11497 37310 26964 84 22217 10826 9191 5829 12620 8601 7753 24847 18069 20824 2536 5585 25826 37073 8195 12430 7500 12897 22834 6891 25395 17013 11404 25454 6194 22064
171 38131 6486 36788 29251 14068 10444 8860 7294 11200 27016 3649 24215 5708 22279 35847 24886 17240 35552 14101 7763 18507 19964 36362 12597 35548 107 19497 30911 6291 31463 7030 17185 20115 23870 15134 29039 9899 24955 24083 27706 1403 31886 25334 30311 26062 39530 16614 29335 28305 23933 5727 19657 39483 32892 31553 12813 19637 4535 1318 12464 26010 25388 18826 15868 21278 4610 8188 35569 23767 4040 17055 24838 23185 11382 34729 1851 18129 82 39415 2180 26731 29808 28128 25250 18882 39865 29800 35593 1509 16201 27005 37103 11586 15444 8095 32491 34330 5587 29763 39123 37798 17050 23303 37855 39626 20697 23548 13426 38029 26852 9856 22694 33245 12158 27621 33411 32372 35393 6687 10 31577 1951 12804 27807 25415 25842 35190 36831 5929 1330 70 29269 9125 12501 37478 17538 21308 31025 26799 10133 17984 30205 13379 29765 29860 16674 35289 22376 1622 36964 28344 16562 33131 6579 33367 35131 7910 28179 19925 38085 16469 35019 15978 10491 25256 35599 27311 1420 25371 32946 34592 30265 7641 29454 8810 25228 36449 29376 5922 20838 3618 2119 36498 25734 28422 19730 21804 29960 35403 10279 1785 24726 101 7498 35387 13580 27520 11349 35998
35129 8 17781 8460 13098 35404 29594 9085 21953 1129 21324 20298 14750 37674 31226 11674 29172 21665 36391 37319 33169 17620 1736 38968 3510 33732 4633 3390 15712 4911 17070 23492 35102 7653 34272 3643 36439 827 36881 33260 34793 14777 12762 12245 17176 11110 6714 26613 13784 19039 25846 14448 5046 4116 210 1222 17901 18083 20374 6612 15777 22714 6478 31954 5954 8546 34048 37887 2848 20033 2426 36806 27848 27866 25719 35113 33753 19753 394 1301 22946 5323 9604 7739 33476 10353 20784 3022 7767 8536 16830 30206 21230 7596 9105 9519 10788 24684 29627 21809 8242 17180 13026 39571 39923 38353 18684 39171 30853 25940 7227 3107 30457 39743 17297 30040 36328 34973 5263 23765 31726 21395 39189 10456 2083 23542 10529 631 20450 8030 11252 8679 30397 1946 4515 18168 10286 26280 16440 18375 16777 36874 16136 1900 39825 22785 7770 31234 8800 4716 11784 13276 1587 6209 32234 29295 4547 22180 36287 34039 31830 26891 16485 13574 26081 15391 32113 4869 33759 9634 25530 16014 15685 18833 22541 18444 24605 5794 5606 8137 28180 22669 38202 25977 4905 77 10864 35114 37956 25428 17252 30143 12453 16689 16691 4055 18780 23967 6515 1153
39955 4205 9098 21900 23450 719 32727 13903 29004 27203 28641 21828 31345 24381 25141 25532 25191 12628 23425 396 28514 2761 14981 1299 39390 38112 36412 9202 22795 27554 26502 27799 19493 1958 21759 978 8118 35521 6355 15065 35504 6597 36250 39096 12340 145 34755 24113 11976 35263 38299 17749 27663 17221 36864 26738 36617 19284 33765 39843 2586 27047 30926 14297 18135 2196 36186 8079 4647 16766 37268 1515 274 32064 6018 32513 15060 10332 27476 6499 14896 14623 19679 15129 17311 31606 28409 2944 25417 27079 39485 34267 12931 8125 6513 28934 14282 9563 15516 21795 17885 102 36749 601 27612 34871 17177 9216 10783 11584 28823 13277 29654 31371 14071 26837 36055 7863 19288 39992 22084 31145 36020 11422 17615 9928 15797 17837 7479 22077 12964 8143 39625 32495 18180 14577 20332 12855 3130 33780 8781 29728 31209 14658 28981 19956 17792 39072 34869 14474 14596 31952 31024 9465 26656 33562 24141 38480 18082 24807 21292 19282 13923 3763 12364 13232 1067 1320 25390 27911 35934 24378 31885 39458 20350 32076 6964 3913 6935 26195 12919 22387 29686 9817 1865 17523 31857 14196 6358 2122 19187 17983 13756 9737 2207 4190 28573 9807 36799 21823
20364 2804 3283 7078 28891 5698 16798 10418 20117 39838 8360 39031 35255 29090 32574 9795 30428 4836 36352 28664 17018 12120 37220 30703 20954 37555 14264 10129 15865 14199 959 22776 21379 13652 31858 34360 36615 7239 28378 11361 29687 5388 27991 21899 38821 4363 16206 20640 30818 38527 19860 11946 12031 10198 16217 33215 39397 10990 25139 2420 10355 21132 12069 17871 21045 9354 7338 15880 38698 3348 34573 15627 3515 37437 5934 29395 38724 14781 12246 19376 13359 8488 37237 1871 39357 20851 38803 5144 29809 19433 28250 30182 2032 29069 7192 22580 8692 38081 39463 38266 30019 27408 39081 29641 20064 13114 31076 4101 8223 7558 20070 5361 13326 2025 18386 34058 38507 27229 11198 936 12323 14066 15341 17305 23054 26866 22769 18960 11658 1777 3491 14643 14799 10361 11722 30151 8723 1415 5255 23364 3742 15268 17746 5543 439 8944 1488 16101 7168 31805 752 715 15194 17640 22904 38611 24888 37989 14453 30295 37353 12890 25434 31520 24644 26183 28264 23627 21742 35143 37563 26704 20474 39975 39374 4731 2456 11905 5649 4468 247 26832 7790 5549 39903 34193 6621 6214 22741 35352 13435 19526 18032 3329 22125 23129 35603 3537 27263 26214
35273 32602 27692 20988 35951 29990 36119 1781 2388 27413 33033 18330 12033 38388 2047 17809 6667 780 16719 30255 38345 37939 2934 35619 6324 12487 39574 6874 19886 29190 9571 1165 30922 12253 662 18948 13119 25124 133 25980 14260 34986 32247 2488 1663 11178 26421 31795 3365 35688 7511 11839 11579 15982 35495 19505 23711 20935 12433 17375 31905 33810 10058 3330 19467 4298 6715 32851 13875 35814 21385 30925 11314 29723 2064 30192 34749 20859 34935 14439 18602 6108 4311 11315 34425 14630 27651 418 36779 21474 3525 23052 18439 7036 29613 21409 32214 19650 9826 10521 19085 37548 13829 32270 30513 21377 31915 14912 431 23151 10069 21420 15248 3380 8029 23051 10711 30314 36599 13867 28909 16297 409 21142 29453 3167 39080 31259 6455 35576 5945 23578 36894 14042 33521 22458 33154 27200 12675 28982 4059 6459 8046 16570 26679 30043 1219 12528 13924 34015 33 22872 30025 13587 28391 19864 8908 39805 13421 29584 2360 28530 18216 17542 30405 23752 30221 22250 17476 19107 18075 20603 26481 7015 99 3048 32026 38351 2006 14380 22415 11336 13107 29344 2337 3017 36054 22878 37271 31533 24999 5291 13689 3190 25969 31272 4592 26608 9551 23484
25760 8950 24511 1634 37697 24289 39431 36490 30939 28574 24455 35651 38463 8838 8320 32004 14897 8736 24423 3372 32559 3912 29276 38562 17383 836 2595 29624 30370 17382 1697 34123 35714 2124 1111 25849 10736 6441 22467 39235 2070 32723 20544 28985 20150 32273 27892 2627 13968 1063 29602 33028 28286 33179 38268 28741 34051 35661 11826 21032 15939 9289 24045 29097 1346 14021 27739 15237 3001 9426 36500 8930 8688 15414 541 4385 2753 6564 24240 28911 11516 7643 10835 39195 19460 13683 11057 3106 29474 16566 21145 2199 36669 15291 33378 39488 32538 39155 22886 27580 16538 9281 31220 6237 32896 27815 34600 21658 23474 15760 25624 13206 28856 15732 7383 1704 29689 3613 28342 1057 9742 17233 17146 21555 37733 19189 18757 21893 20323 32448 9845 7839 15025 10660 38643 19069 23826 25781 803 23529 31659 24303 4295 18492 17793 4133 25051 10644 12973 24084 1270 1897 27317 38440 18915 11829 37222 997 34568 29000 31374 13051 6907 39160 5640 12463 39933 14026 22586 3541 22702 18252 20169 24070 36358 2015 35890 38267 25705 4842 36190 31097 15975 1139 33974 18741 16907 32693 18621 29332 15519 34907 39185 30081 27863 22325 39874 20135 17320 10329
19930 30466 37653 26754 25156 10010 4202 37422 30415 28028 28553 31911 1 14821 12579 7707 23541 35920 22724 2538 6533 11067 4815 12444 6647 4937 10617 6004 11131 27275 16370 3309 26057 35628 37527 7530 22479 17262 20769 10244 36503 8642 69 12506 36966 8523 4724 10525 7213 22855 27410 38555 31673 8469 3207 605 39077 18440 33498 11774 2710 11806 39704 23190 4811 20108 6534 9328 21925 33501 5559 7702 10810 19580 31557 11961 33077 11535 6317 20692 18898 24534 21858 34188 15790 15326 28714 25117 12091 25037 22766 10315 5563 24224 2187 39111 24348 33711 3760 18825 28948 4058 16728 14794 38042 26141 26755 16228 34121 1569 28004 15709 24233 33352 16442 3118 24411 9532 1808 34964 17457 1462 30898 10138 5404 4346 26045 12261 22202 5363 18355 10941 31222 12240 31792 35118 38436 17981 12260 12243 20334 4347 6349 10265 19737 5610 2003 12581 29255 34656 18084 26956 37525 108 28801 16793 35931 24133 37366 33935 25406 29995 33828 3807 5893 17627 4922 20590 14134 9039 16878 22239 14313 22468 2094 20765 15244 29795 29293 16022 11255 24573 38298 5619 25986 36832 19708 33309 15632 4077 39697 27574 11556 36923 4359 15455 31859 17530 10953 26512
29767 19148 36580 32434 35807 8085 35379 37560 24063 9818 34555 27553 22251 13355 15846 29229 802 28818 27691 12228 29357 37360 32411 20361 32572 1167 33320 765 2136 13529 9176 8122 25751 39906 36300 26800 30489 32535 36668 7017 18928 21873 34096 37886 23468 12125 10706 28850 37899 528 25777 23656 8383 27685 24267 38936 37082 1019 18542 29480 1576 27395 4371 2445 36349 1939 9467 18246 29339 11651 29695 39367 13743 9329 18424 12480 28204 6996 36348 18360 36295 33660 1723 34392 11366 29953 16652 17148 19300 28572 34448 10986 24900 27697 29956 9949 27529 26460 27423 35265 28892 24606 13509 38033 33820 22183 17453 6571 39194 5984 14032 17361 20912 27114 36314 15221 26787 4187 20870 10863 2169 36132 15496 31242 1236 6151 18720 19887 10913 36815 10761 12902 8584 35987 38095 38164 27780 18140 35977 26775 38769 19057 35530 37938 5595 39999 14039 22147 29926 22498 16065 7742 5369 35502 15752 11101 9622 10564 33346 12198 627 6226 3569 16329 16159 25409 34885 5200 12456 28274 12214 19325 4038 22371 38089 12290 32864 8353 13011 30741 30336 20556 17379 16671 6712 13723 25786 337 13418 38240 2905 7559 233 10757 7320 18107 24102 23991 6674 8790
678 38327 7792 18145 6147 14818 5182 37293 20517 38669 24155 26024 6720 37999 13988 15078 17359 19128 35299 29322 11870 10807 17276 7800 5900 39822 20589 31312 30302 9119 20844 20685 32593 38590 37325 30321 38878 30707 35610 7590 24676 16824 21663 17886 453 4134 10184 12638 26721 25663 38929 13535 6152 20829 35722 29418 6879 7565 25628 27302 39021 30909 7902 11505 4777 27861 19150 11426 7987 16911 14886 30429 18123 25485 22618 651 7765 23449 28486 31646 9454 7533 22984 5524 36442 20939 30022 32422 27664 4759 22781 25565 36148 1035 35282 809 6302 19423 21729 10536 29116 26449 37049 21652 19113 29284 34243 164 29462 4310 13678 4299 2333 14083 25243 14684 12488 5243 21936 1004 13094 30994 36270 14357 10098 19811 26051 4266 14328 38100 13395 39941 17067 16176 33800 12654 21001 30766 26529 28947 38884 1552 1312 6469 5163 15077 27894 8401 29349 14881 33692 27045 15533 13635 127 16111 30363 4433 14915 31837 31720 8622 16686 5301 34963 28668 6162 38196 39358 34062 22623 18859 12169 12868 25657 25335 2357 16749 13175 11458 10674 31185 9775 12499 34140 28265 8269 20645 4564 7601 19785 23927 32713 20245 15136 26921 28237 23964 28893 36446
33458 28353 29333 6270 18275 38608 29201 4424 32818 11351 1990 21012 35226 9626 20836 37589 28576 11563 7534 31326 19740 14308 18427 20618 21523 34527 32719 12672 3333 20131 24302 2460 4265 21020 5809 3960 7554 11588 8532 4544 4814 14119 15051 3928 13140 4632 15389 21326 29588 3301 13127 27779 26817 5382 6 31732 5183 1614 1443 23426 30524 12927 35738 18061 32365 28516 25939 9171 2082 33454 26242 35831 19619 13207 34644 29423 8322 12400 36522 20281 10394 12710 30755 11909 17591 31201 24053 31354 19920 16530 14454 502 35945 6613 11789 17153 38699 3811 18671 31199 15633 8964 16274 31545 8461 23400 32302 8076 27674 25871 29439 9744 18672 32461 5825 8566 14212 32408 15684 13864 32481 24808 11095 10461 32616 39435 10800 9998 26517 31781 21248 29752 4078 23654 37180 35450 34029 21496 31624 28648 14962 27879 39767 17110 16524 35155 24741 19043 38537 21275 23771 22022 6707 37306 7406 3934 22135 7356 3539 24892 5346 3480 34326 22296 33085 37912 24454 9273 33292 24963 7029 9715 27891 5513 11596 31683 80 11443 13356 4927 20188 5501 19309 2059 7835 27924 38985 33927 29300 29556 32777 21081 5111 4898 18922 23864 24512 25212 36658 2129
16634 34518 28656 23527 35396 1676 9834 12326 2293 5512 8313 15258 19125 36290 35084 25369 5906 18470 2700 17859 26162 1407 35076 16727 28767 23808 18541 29317 37028 35258 12332 33680 18954 25678 1976 12790 10780 2389 12363 9330 13734 39698 27325 4012 16264 10459 13070 26816 23116 19895 18044 28148 11746 34825 14206 472 15604 29735 29666 9594 30740 16218 36905 15219 25613 38117 14326 28700 27741 2012 20634 32766 31434 28872 30539 32899 31452 1099 21741 31662 35061 26472 2957 35919 16349 27766 6297 19787 13927 12203 38247 12005 23147 10347 34896 37008 8677 7680 34977 28802 10689 25758 11279 15097 4928 6347 4183 37456 746 21776 4049 14553 20747 38325 9528 10687 37474 16361 36518 37511 8941 2210 25948 26811 29373 10629 26815 11591 4612 1333 32152 22506 14867 16298 22665 39211 27642 22158 30420 10513 2777 7310 37090 5014 39172 20230 2560 5468 18744 31530 16995 5898 28308 30579 6439 6889 23014 4445 20744 18336 17654 7904 13224 24488 3039 2125 18328 17634 4344 27614 2603 14354 27635 16665 36215 21653 36946 15767 7959 26663 3997 36195 31390 29289 39019 6262 35090 1696 29580 32131 19453 17445 7427 32406 4674 30183 7219 37485 39035 8464
22582 21196 10691 32700 1118 5285 33995 9891 9028 19242 37942 16340 32480 29075 3906 33977 7996 20989 2745 36935 38546 424 37258 35462 6846 27758 22087 9141 14510 5282 16644 34849 14784 28914 30341 35468 26190 2243 35579 35493 14583 10753 10972 15644 2096 14455 6115 32685 10866 20609 1448 21814 7670 24894 25642 39947 17317 16512 29804 15972 24397 36885 1514 13848 38300 26881 10956 21008 4723 8516 27056 1157 38820 22267 32971 38561 33788 29651 35806 24158 35723 37891 16776 10868 38322 15278 12698 16454 12187 20724 27575 33947 18421 31483 8319 4607 8563 15983 29118 25886 35068 25528 1150 25509 493 36032 21054 11626 3436 12785 6592 28619 21807 25199 3700 2088 1770 38676 3865 12539 4622 37311 10116 12316 119 1068 21095 14268 15695 5976 20834 19474 16548 31468 13376 32906 17402 16687 24385 20399 15489 9016 448 17077 19315 16987 1504 20020 3741 8764 9173 2004 29475 20868 12712 11059 30052 22555 5735 37423 12428 35662 29483 26900 38368 6148 10591 29517 15267 15427 4593 3806 16033 29205 31928 39449 29390 18339 18088 34174 28118 22099 16053 29790 33727 33572 30253 22337 864 27771 23233 38166 31691 20498 33641 22188 27421 14261 22222 22417
7481 10746 12019 25005 18712 27514 23393 856 31709 20243 25721 7130 36907 29782 30077 15215 19841 17751 2374 33027 7924 9154 20461 28137 5278 23304 6684 14049 27013 23560 18234 23160 5603 13977 33552 15340 11845 26216 11606 5580 36026 6026 39604 26443 16404 35910 26046 3879 8258 5110 12136 36887 18007 10622 443 39876 16400 5487 35047 36729 15115 37318 11815 33955 292 2288 20812 13916 13265 9918 17424 17473 19689 36040 39706 20473 20886 21484 32172 31237 17535 31002 6947 35936 34921 12086 6831 12288 31924 31110 8816 23830 688 3714 9349 10911 22280 38358 13891 21214 29232 37523 37643 447 29306 25584 8756 39279 36750 4896 32459 20970 25684 31719 24390 7009 38398 26393 10681 782 23352 213 25280 15748 32800 16913 1544 6829 14248 26895 37618 2793 20876 24047 28377 4732 18521 28062 33334 11540 13831 2 4537 22466 31054 35812 21903 26325 22359 36406 20800 23087 2917 31313 19142 14744 6510 36850 32820 29601 4451 34262 37529 11998 20484 28704 30988 39727 2286 38102 19524 25090 1695 12526 9568 27452 36589 3203 32260 8766 18373 5765 3614 16475 17942 30117 24724 31303 5322 11074 29262 27547 24171 18289 24229 37704 10554 27219 38571 8306
9506 33658 10528 17247 8988 23921 3832 30400 16561 5427 4331 19902 25741 8780 19246 39754 15991 1260 20137 12371 15571 31689 1003 31538 7704 20286 27324 31067 15491 39497 26699 27582 4130 10144 23837 15100 3447 33953 27382 22597 1245 20927 36917 36212 20709 13973 4261 1283 5846 16281 4115 22072 27936 19631 27032 27451 15309 11017 5181 8405 33651 38473 19281 402 32568 6772 23189 29576 14624 16028 8606 33966 37011 11979 6290 17184 5814 31459 13470 32545 5995 39115 28410 10634 34866 38326 11964 23407 16847 13128 38815 31040 2394 28847 16966 2878 35451 35685 35536 22435 14436 19990 35598 4499 37233 36361 13618 11189 38951 17026 31847 5292 28687 30649 39439 25342 7223 4358 2683 38437 24382 6999 16439 16542 28681 18828 36666 33781 13347 38541 31019 13990 8569 22721 16435 14620 17367 15656 13665 22939 4494 19296 35173 39166 31431 19064 37570 5080 9451 25541 12533 23913 19746 10693 1537 22662 918 27281 23089 15763 20803 9978 13302 14563 26011 2895 27841 32148 33519 16266 25718 9718 36841 10475 32671 27496 34846 39244 30257 38583 39327 26002 36826 22540 23754 3565 3755 32692 30152 26274 14858 14122 17667 35804 11000 19613 6651 34369 17345 39640
6977 25015 35144 28650 19798 16722 30139 11873 23081 37110 17506 898 16353 21328 4492 39375 15499 32443 11157 23865 21160 33425 26678 35888 4630 33597 39736 868 24417 19378 15734 8305 3450 27335 5126 8416 22557 30532 20269 6155 29637 28083 12147 37868 15454 21234 11896 34737 25630 14171 10006 6989 28748 8240 31784 22998 18775 17124 12164 27381 33653 2752 13291 39386 37684 24836 39637 15517 14888 35631 1446 27069 35347 27952 23835 2566 12842 36091 23375 19318 30066 1652 7451 13442 12360 34633 18636 16089 20094 20059 16503 11256 17497 39580 8130 38615 30371 36531 31412 20043 26843 15547 39473 13247 6588 12258 27443 2304 3598 26860 18596 9732 11216 19158 38212 11250 5216 16939 19268 4792 7549 16803 6706 17058 2080 28026 19083 18274 16036 9880 24719 36123 24110 35808 39709 5373 22847 9060 32290 28839 23010 10609 15827 14936 30540 19054 3303 16001 15066 22705 6760 15187 24625 30985 35051 25461 30762 6951 118 27979 30390 32958 23718 15474 27416 37626 9805 34021 12217 9544 5021 38955 30272 14400 21041 28389 22911 12676 23398 5569 3595 30155 23245 21363 33576 20914 37735 9482 24251 9190 22394 28734 2830 5597 3952 25989 22060 18749 21508 32249
36822 6814 38513 7845 13137 13558 28337 35531 23914 6019 2255 6113 33695 32343 18721 23209 22568 25244 11399 766 34116 30516 23294 24241 4074 4259 10392 8428 1991 20126 5025 34175 17481 1682 1390 24231 7572 8985 6173 32143 12397 2121 27488 2765 20791 47 38976 7620 37494 16324 20584 5204 218 19337 36230 22988 6622 1055 7750 13218 13312 7648 34610 9323 27916 16487 617 32366 18662 10587 8043 21405 31513 21976 26781 3076 9384 8183 5441 35735 36414 31594 11975 3615 22346 11205 35280 35799 35208 18689 27094 30673 31897 24870 6619 29392 5739 3992 19694 15510 37408 5210 15693 25569 23362 9874 16178 19574 20828 32024 26819 15165 39921 22916 31163 9130 30441 38908 35654 34315 19612 13209 1992 26056 24041 12637 930 19338 28229 32556 4888 15618 27329 5453 34453 28502 23262 19498 36573 1182 7254 37853 17235 11374 38801 35456 640 2361 13833 15599 27145 12175 25394 18756 15600 9745 12486 15830 32357 26433 13248 23120 14442 16443 7067 8636 32988 13298 8255 13358 10256 32259 8126 15505 21572 30647 6842 29569 10340 22215 36400 4069 24750 37324 36332 7655 34580 21108 27126 30459 10550 36144 35077 28051 17304 27383 4709 23606 37217 24216
33586 4171 20871 38284 21852 6697 23703 22243 33613 21013 18587 22206 37455 19955 10980 23299 16595 21755 9343 20667 26961 11920 1714 9683 35711 33844 6526 9483 38762 31175 34182 7771 32450 20984 29628 33769 16249 19633 26086 14395 6555 1725 28455 16374 34783 7355 29041 17710 31931 13196 37481 10507 32346 16221 23356 38039 19470 26204 36443 36877 32558 22780 25165 9253 32089 24639 27656 10263 29679 21775 27930 27910 16109 37537 36342 27792 34338 6351 20643 3176 33932 4805 36701 33829 19836 16043 14907 17210 17196 18905 26168 19245 19830 19033 434 6733 10549 9985 28921 24188 16961 30070 24670 28695 31740 35677 39447 19523 30709 12800 10721 32826 32860 740 35096 27161 18413 31424 2574 11868 18346 2708 9785 36984 2482 27898 39332 18314 27600 3346 11915 34952 30376 23597 20734 21997 26879 23204 31992 1995 30260 14834 12880 31611 24335 30494 23783 31022 22813 33830 17779 18325 7111 3523 22478 37446 25356 37633 12235 8802 18162 28468 12749 22368 20065 38313 19041 15481 28165 28825 5104 37331 7022 37724 4195 25398 16112 24663 18127 31522 21094 2577 27522 996 39230 17396 21050 11703 3297 3825 20266 3924 20779 10052 7523 35911 9358 25362 8933 15720
23659 15555 24665 4025 39739 36075 14197 37833 30729 33015 28869 23511 33904 33504 38607 33950 21291 36337 23934 36722 21978 33484 10524 37830 26200 36563 33774 31502 26579 37716 34646 16994 31608 39630 38494 7275 17415 1662 2112 10779 31376 34393 35204 12193 9254 14646 25013 2869 39278 8496 1331 41 21074 22768 590 3172 5439 35848 25893 38167 34704 12755 5052 5539 11779 31657 4414 16301 2998 12724 15256 22392 31991 5492 35704 18892 36293 17554 14383 27783 30679 6520 22636 30258 26279 10013 3043 38317 38376 35557 31079 38414 27551 37438 27224 9549 35470 22488 6535 9660 26827 34666 29917 33216 38931 38747 17741 17350 24317 8521 5165 39846 34413 12112 29711 2518 23525 14109 30614 29133 33612 35742 1679 35682 13951 14484 31415 38655 18590 2969 4123 1444 19939 25947 6662 21904 23439 8318 31751 21995 32160 25240 23721 32997 18341 9967 27354 23660 14015 26369 23224 13080 23719 33954 10954 23810 5093 10519 19173 22509 10377 27830 16365 23249 21394 21203 11966 2611 4528 22367 35093 30322 6210 35399 6074 28313 6165 8424 19593 29117 36766 33026 21528 258 24645 36930 19770 5721 29308 27293 10672 11724 36659 12744 33175 37291 36714 33728 39147 38887
35378 9941 16697 20693 2821 5421 23166 37013 32362 24253 17232 5638 12965 35523 39227 37052 4113 35422 2787 25176 14421 2380 17226 11019 22205 17299 968 4510 33683 24841 7713 34983 23128 14059 12145 5498 1411 1699 4459 27368 2499 20991 10057 21182 38539 12286 38867 16123 18809 19854 25610 36155 33250 19827 24038 440 10648 6981 11008 10747 38363 35375 39533 6671 37715 37206 15298 9001 13525 32050 30232 31375 37466 5154 39017 23475 32192 843 16950 38331 16988 21342 10023 35633 31900 9541 23331 11721 33480 32257 20086 5329 25972 35418 37241 5343 30132 12903 15826 31130 11437 31047 22229 22838 10770 36231 39214 31787 23795 32002 18916 10486 16336 1282 26820 22093 14259 6976 942 14595 7542 34996 5697 18225 12345 39459 6504 6997 39484 10422 13040 11364 10754 28261 14045 29919 15402 6468 31164 4501 20843 21439 22143 1296 20459 8088 7202 38141 30101 19373 18105 20801 20425 12410 20242 7716 25328 34695 14998 34490 28944 32427 9960 1310 1596 863 30648 5356 21346 1843 2956 33713 21347 27601 17191 13340 15929 4039 33054 25813 19468 8668 15167 8522 27961 33047 15093 17811 32646 610 28098 15160 28470 5303 32813 24345 37093 10904 23237 7107
21682 35679 11145 32468 17062 21302 20261 2989 34221 8045 37240 3704 12072 11228 29301 11204 5675 15383 10690 23575 8388 11536 32578 18883 34334 32762 18951 5189 15673 294 24328 19126 23720 23402 4693 31355 36771 4884 16787 682 8467 6385 16812 4625 37216 5217 6398 28293 8384 28854 30033 18680 17291 38804 24458 7796 15636 36998 28472 22047 223 36084 2228 21084 8356 29478 34204 18020 29 11322 3956 16121 12993 5235 34872 22121 11481 16953 37920 14666 13500 10553 25039 32388 3351 18327 154 7722 2422 28566 37035 19232 38954 36164 39556 7083 17129 7019 23071 26435 37153 21513 36699 19112 21619 5760 27720 31937 28216 37171 29792 18649 13473 28419 10075 2131 27546 29802 25358 11641 28610 27471 27038 22559 21276 10663 25078 24105 39950 27482 24789 27975 31184 25288 11752 18974 8956 20285 16525 7295 23343 3126 24463 21945 21253 16879 38728 1506 28766 37 14016 27405 26920 14989 30214 1317 35811 10386 13008 34944 31008 2321 13295 34477 38341 29396 39472 10275 11134 15061 36530 24281 24180 18832 16863 32275 21211 20752 28373 5762 702 27429 2729 973 38421 31324 28330 29281 25298 37766 24156 34826 2694 34476 34219 20429 21566 37394 38982 4372
24039 25305 618 23796 32541 22295 20888 14493 5971 11749 29861 22818 15634 4599 15543 12412 32297 16452 10139 36312 24429 29450 20171 19693 16149 16870 28791 37174 17248 31633 1987 12605 24920 22591 1582 32065 1475 25024 37776 1069 37621 24239 31134 10532 7852 1452 4673 2879 7983 36413 36896 11031 15171 26492 19035 14919 25426 26283 23564 11393 758 4798 33978 18693 7809 29764 17027 3983 8645 24206 28345 23836 6843 8432 31820 33288 23 35568 34055 29362 34691 23088 14840 11555 23803 5756 24523 38208 15196 120 27850 24353 12798 15915 34834 35700 7911 18903 532 22263 12911 39994 37163 35819 25323 38378 21982 14314 11199 5337 22525 26662 5886 29233 16162 4598 34452 13572 35664 33151 14435 17914 851 4862 28366 36732 31867 9823 720 36520 15799 8770 7312 5133 23600 23770 8308 16903 13704 2297 27699 1424 2039 22156 10181 25068 3531 31381 29901 19819 15515 25303 7455 36059 11180 14789 36851 21923 8965 33549 18040 38132 5866 17949 34659 16895 10081 1017 11083 20058 32846 27684 37123 30747 4775 6961 1913 457 33596 18538 64 20934 7086 5768 14035 1091 8713 34929 27209 18222 9841 13952 25782 9751 29313 37426 23315 32460 28628 22366
15407 19609 6925 10603 19556 39969 24769 39339 25688 9488 961 11128 21210 10273 8527 16763 35908 33926 5075 17617 38319 4611 18701 34279 28386 1861 22224 26747 24062 9015 30933 19987 25550 37117 11962 10031 35744 4767 27933 24399 13466 22910 21689 9333 4512 24238 11214 35494 5822 35760 10291 38687 39056 3378 11193 5056 272 31153 22716 33366 10803 39939 10186 10220 24782 14211 12834 37142 28960 20124 21677 1937 3064 16835 38965 19427 13146 14202 22643 21011 18029 17088 2049 28248 4563 38144 14873 30154 34184 8727 19256 16550 17021 23380 5491 36950 33856 28865 23946 23620 34028 19626 22009 28915 15833 34103 14087 29554 31122 18311 9980 14877 4784 5985 31993 20845 27638 35030 32931 33629 38217 19045 14589 13301 31060 6652 28355 32165 30753 10404 29411 28037 2313 15163 4574 33369 10696 39022 7327 31780 310 29275 24547 27074 2909 25560 14406 37236 25003 19789 30688 19823 1166 24472 32927 15037 1140 35563 9537 18723 35139 22654 1363 10131 8528 29486 4726 4428 12589 8589 20583 28326 7594 4506 1398 20704 17266 14628 10368 31105 19188 8962 15270 9339 35081 37120 19492 36094 39682 20 6850 32562 17380 19277 22100 22306 27046 28088 1351 7426
39778 6718 38914 25845 13417 26376 10610 38308 11648 14123 18482 5221 25825 3381 2962 10264 11182 34548 7749 27445 6634 1394 4335 30942 9498 6489 36509 17894 32321 12646 5554 36588 32819 3609 26992 29757 33143 2810 34709 29299 13710 27953 1133 38557 34407 14363 9076 25606 2564 6287 174 26272 28565 6412 11629 3146 21902 30693 3268 27981 37229 7358 29531 3216 10573 22003 1549 37565 1028 26611 16928 365 30199 23053 29326 21383 5565 31495 23850 11424 14955 31267 37230 37168 4108 30993 16725 36709 39062 25009 1689 39210 36854 3540 1507 518 12392 36011 11400 26445 28233 29023 39770 8425 13330 38051 34901 38798 18735 17804 37128 11177 4636 10494 30791 29604 5177 11753 31865 10480 4471 24781 6765 7246 25164 24535 24596 442 30133 32138 9525 37021 39058 39634 4704 32695 21782 21889 13342 33989 11395 8670 3668 23326 29553 16755 25222 26670 36376 29381 21739 33548 30586 38431 31157 7080 39730 13242 15299 33386 30375 28202 22982 23563 25518 36373 32417 32381 17995 5722 4500 10188 21183 6562 21479 39054 37498 26849 3454 28205 12996 19026 21304 19825 8012 1949 21424 31612 25731 19397 26148 1591 11474 12894 20493 27538 21271 15139 17607 29774
35294 1337 38826 15949 35220 6264 14527 17664 35366 18594 25196 33160 33963 27225 3482 970 34432 16338 6830 32656 14556 20159 35055 23135 2151 18018 33526 6948 30817 29676 664 38984 31566 23745 9247 25048 5723 27165 12291 13830 22218 13747 26587 34464 3136 3582 12140 9036 13858 27504 33008 15101 38529 35803 34815 9017 11022 25032 3140 23977 11697 11549 39511 23596 23284 36746 33915 8808 23369 2619 26254 19599 22676 14663 33336 7531 35018 14521 2381 16258 32010 3608 7692 16115 8699 29897 26939 23491 5158 22683 17428 26935 35857 2797 37852 20015 9769 12382 13564 32248 20718 38422 36387 22955 22925 21763 3189 34138 15460 20608 1268 21463 6020 17142 8749 12537 33003 21015 17219 7820 23254 16366 20275 6485 5372 28449 4169 10414 17986 15192 3256 26968 241 14501 36341 5754 13999 19540 9517 30354 32610 9558 22115 35200 37059 4396 5009 5680 25720 25441 21583 16774 8893 7608 8702 28002 29002 304 7696 5966 24729 22236 7431 36229 19480 32262 38359 10471 11906 24020 8509 39968 3075 17195 36753 26424 32265 8391 24271 5220 5275 23250 525 23579 27369 14356 39686 21035 4079 29409 34139 18537 16342 26328 22020 21817 16613 32380 21353 37569
3066 31095 33100 21832 33970 2022 25200 9368 27671 6480 17277 4993 20567 27982 32324 4362 1302 21683 9374 14874 31402 1706 12908 28702 29113 18019 6253 2877 20525 16100 39180 2955 34033 33594 23648 8310 9628 26075 17991 20904 24339 36748 38309 31115 26622 27986 38960 34705 11977 23350 35040 30958 24646 34715 2711 23068 39517 14704 11838 34335 37080 17437 26716 25880 35687 27247 34222 27559 17649 9248 6384 10091 28857 36461 38905 17439 17066 29630 2347 21996 30675 25946 4087 22860 16678 6908 27856 34332 34526 27752 7165 16332 14614 33452 19257 28706 39794 7088 39070 11417 27536 39981 4504 33034 2052 2038 39525 19375 16693 33662 16588 17205 19105 20216 24585 55 29103 35213 774 28540 34287 21086 37600 17783 20100 2138 28629 1874 14600 32733 34270 31999 2982 31125 18914 3165 30588 38148 24234 33880 14205 89 33708 1412 21499 25420 1430 13726 26107 27062 15994 35693 25702 26562 34529 21721 38704 2778 21786 11041 23809 37749 21473 1849 14647 27884 31964 37300 28215 38548 30274 26065 18022 29355 34521 21888 28195 13568 9727 36939 20519 18615 26706 24898 5772 28630 8855 33913 32258 18880 22587 24004 8324 14240 29629 7772 18998 4793 6015 4289
26239 26508 15779 12522 21235 19323 38673 2315 11827 12162 26 34808 11111 12000 34827 21123 12591 22000 25077 1031 4330 928 23601 29094 24502 34639 12831 2617 35592 32183 36875 12404 1789 11983 29505 20180 19357 7051 37821 38233 30421 26113 8170 16800 15963 10300 35600 29330 33238 6563 22670 15480 22477 6897 4970 24599 37844 2338 39649 10497 34092 3423 5609 18884 24936 20642 17576 37260 676 32893 26950 29165 20814 37750 27373 6184 7797 16360 36276 696 28122 39763 19535 28853 37918 11785 26542 39157 7482 37680 26013 9666 37443 33161 13524 10974 9423 2795 14626 9516 32303 33000 34719 25535 27483 28104 311 25451 18933 26074 35140 33355 24435 36264 30976 21687 29908 21532 1441 28238 7928 19664 22851 13229 30440 14569 26782 23316 17105 25348 21994 12408 30595 10321 12027 3424 8175 17338 21625 22852 37744 35277 18004 16186 25743 5867 19487 17892 5286 5043 13005 16801 2009 2933 20299 25058 4145 8755 4438 19156 5890 37885 19465 33113 23115 22775 10950 14233 27819 1325 34723 14295 14986 24 30670 8026 14916 32205 32339 39500 37930 26144 7440 5635 1844 23154 7470 19455 25055 23950 16670 7615 23572 13842 25913 17961 19013 39225 25407 16204
28560 25059 24470 6157 35012 14544 35439 16488 14374 1285 27997 6063 33204 19937 37482 15789 36591 6824 35832 1001 11305 10123 3657 2181 3858 19537 22561 37847 37972 11155 1952 14456 31668 5196 32057 37636 36800 1467 30238 1357 28121 17308 9424 34203 5650 8231 5839 9673 6085 21030 26389 14768 7697 34718 30606 28314 5250 35388 36859 37247 21646 37672 17462 8131 34083 6727 29664 7687 34446 35893 1013 4656 35649 1518 13946 15771 22906 32539 18921 11055 12304 16284 16421 34994 33621 28949 6649 524 6560 195 27619 25944 21188 4166 8204 31078 19934 11813 26919 31733 16603 38688 33221 21772 15123 8926 16933 19567 34514 21197 11383 31379 39609 12160 34387 5281 23576 25839 4609 15305 13258 37933 37299 27109 17017 22553 17469 13121 28089 17861 36760 20512 9475 10130 19234 24283 22731 33456 34201 29414 37362 13240 4345 1927 35515 14462 13823 15286 25482 5129 12052 20407 28500 24937 19237 13805 20679 13586 7200 6566 18688 21842 35283 18678 12439 18551 25828 26299 5311 894 8697 9298 30603 37977 28100 36516 5351 13539 8526 16483 35962 26351 16762 13991 16712 9658 26591 14416 26615 23366 35924 31796 35050 26828 35009 32416 9959 16772 25026 23757
37727 31341 27676 7255 25207 26749 39475 26371 37424 34712 2105 28310 11330 9801 14106 18379 34605 37829 19421 27915 1181 32235 2157 31233 13367 29662 17175 18149 11796 20580 30934 39320 31048 14498 37714 12385 32193 3213 13768 198 13016 21950 13133 4177 28634 3486 12322 28064 855 39795 15606 33298 9760 791 38465 35573 21519 14128 7119 3280 33903 5139 9705 8942 14145 32930 20225 11464 11357 1623 6047 10323 5059 11656 24196 26586 25042 34516 14894 11819 18777 10658 8725 5338 38964 28283 34833 27801 36926 25088 684 15745 33358 14335 1830 5061 16983 15470 12942 37513 24869 13595 31499 22207 8865 25108 9214 20197 729 26382 16359 27821 31086 21577 20974 27448 17534 25942 9409 28494 21148 21236 26022 7217 26862 29699 3828 27731 5671 10121 17925 14159 23023 39716 11550 16946 32100 28440 7613 23633 23577 28094 19597 7831 33941 22927 658 32543 39522 30097 9181 22339 10960 32509 7407 33152 30422 3095 36095 9068 6726 7228 1969 39839 753 13432 33203 4462 13078 14706 15149 15148 18740 26946 3886 37238 23414 22762 7257 27182 10434 38899 33429 21067 3225 25121 6431 34585 24926 26855 23374 6551 5431 26386 11147 25171 39122 26333 11653 20586
35132 5932 27760 2612 28677 16482 30003 39870 19091 19532 29911 9529 2078 22987 25620 3694 18476 18164 7961 710 14446 17174 17732 13074 30845 30650 221 17032 15230 12851 18155 17295 38788 20305 17213 12627 30284 6694 31956 38791 28012 28570 32897 38797 12516 5766 6833 30005 24854 8215 35882 33299 27494 11218 13883 22588 9386 4312 27304 5907 26700 24489 529 11046 37076 7860 5502 26127 37094 17605 1564 39340 10115 23143 11791 34550 22313 33522 20669 31015 3088 23043 37140 15758 25190 29271 9024 23019 7441 11633 24101 786 29658 33802 24906 28456 5764 12933 28245 9052 9195 25074 11116 30275 483 34142 12530 5152 32829 13593 3998 5213 20992 11468 39733 22932 30134 7725 18807 29857 29216 9102 35972 10206 4621 22759 14144 18938 3316 27251 20560 482 11346 5435 24296 2636 1237 34321 36475 4847 501 26166 14944 7396 31120 24988 21584 8109 5693 34025 27682 8832 32233 15962 8033 4556 888 17423 5473 26643 16568 21740 33117 24437 17409 13670 34308 20152 20594 26768 8462 16093 13674 27039 27654 19236 26132 9344 38108 33361 17747 4089 18378 20471 33183 16306 10405 13214 32785 32950 23557 11867 30861 32938 18750 5355 411 36958 15527 25504
19931 35074 19386 15882 30797 21199 17451 6177 33408 12907 34461 8073 1726 24923 29057 33912 37856 12309 19053 23346 9124 26453 17286 39120 14943 14388 31487 29973 357 38575 38162 36769 34269 38356 23341 12431 31879 21270 35217 17930 35939 27010 4917 16511 34613 37915 17662 26760 28635 26418 6140 2551 30031 14342 17571 4957 2007 16593 10257 14044 38633 31055 30479 5676 39885 16657 17508 21150 30268 20472 15998 15071 30191 4098 30135 471 10600 29899 2186 3300 16104 12776 25962 4794 14191 7623 14509 10575 15333 7222 841 8659 5380 38455 29048 33908 9211 22423 24811 4392 28642 9326 12950 25603 6368 27485 35341 37663 16448 32473 35940 3584 26523 26620 20574 833 37410 7973 29160 20396 33449 16815 28 33323 19432 36988 5184 8345 33007 33373 9237 9789 2731 9331 6540 14266 36990 20639 33166 14964 20232 24173 36725 13807 26417 6736 2505 12953 24334 32484 29949 16377 10011 28311 39266 23947 16943 22903 7419 18838 14976 10090 37624 28710 13962 37983 36124 3719 27025 39089 21002 35476 25101 16742 26642 20562 52 12348 36105 19372 36049 5862 36317 5280 7560 10033 39957 23423 21274 21580 15806 22942 32049 39241 1389 3671 16150 36014 28414 3488
3897 23567 23108 9078 31331 19165 3041 7405 11371 2774 16378 15584 13761 8637 7819 9940 4383 4931 5033 7065 11215 7018 13528 2558 3068 30483 29607 27101 2069 220 12600 16916 36625 15612 17834 32934 16057 29167 9322 14520 23420 430 10565 11904 19738 20478 24608 32445 15373 28806 16737 26886 8452 37901 7307 29412 18039 13279 12885 24401 638 35377 38254 32944 20410 25433 10534 25889 17114 1505 3521 26519 34957 35883 9808 7656 707 3567 10678 3926 36279 20909 35967 26917 25694 15566 36578 5484 21548 29935 26859 33808 37354 2431 12761 27995 5457 1470 31767 10012 3647 25708 26666 8252 38523 8922 31179 26590 27075 26640 20907 3394 7169 13064 15446 34061 4053 9633 22485 7580 25412 18569 34282 22039 25543 8919 36776 18362 283 5114 23959 9812 39060 21007 2071 9287 13559 15977 38362 38880 18021 26338 25619 6582 1988 18215 32507 18692 16862 23847 2899 27695 31602 15512 6855 31278 8325 38846 33734 4437 39980 2631 20372 36383 38415 4235 39535 2005 14404 29191 12667 731 20633 10819 13123 28655 37075 26719 100 37108 17725 14397 31202 8799 33579 19292 5826 12565 25175 5092 25115 17318 32776 29141 21527 1402 28110 13249 7975 12073
22919 1944 23210 9310 15993 29436 32654 4746 31995 23410 32080 11664 24372 36893 32555 10016 23905 11407 3448 37041 32033 17604 24825 33103 32127 8207 38364 30637 37530 30282 37377 31881 1716 31902 20251 16738 27897 15081 232 8553 10226 29560 25580 11643 32773 19299 27084 19088 35371 30015 13385 28919 11317 22085 27196 26240 2984 34294 20822 13856 12838 38426 9956 20224 6782 21886 15723 18494 31255 13169 3484 31456 28060 18605 9838 20210 36778 10196 34760 35326 6128 13282 9678 1117 27590 1853 26559 4111 14535 18871 27956 28042 16310 25791 2302 17862 26739 34714 3224 35928 6542 4817 26963 8797 25494 18408 10219 22532 25460 26686 24342 3717 16450 30800 1155 24002 7004 30468 27558 21590 32702 26669 1200 22041 3196 4960 35992 10692 34492 35262 18973 28804 14695 11817 3433 39496 28950 30505 37675 7225 22287 6456 12544 26257 18765 29858 4191 35271 2732 1630 21000 18986 37067 3703 38525 20303 28837 23269 3417 14115 1529 29566 3109 37712 21766 5901 25261 18983 9669 23773 6340 39196 38619 11510 12096 22348 34307 17669 3750 30481 10567 22088 35575 6248 39121 4701 12877 33394 32314 14431 9814 10277 12330 24996 9521 21748 29920 10718 10608 9787
21710 4421 21604 17896 3060 10086 32316 31399 7701 1276 38063 25007 30946 8495 12483 21263 2532 27637 35562 34003 38470 26609 11320 22521 27899 5897 36924 11901 23904 31676 21661 3895 24174 9238 24871 5227 36445 4912 37132 32891 23780 10583 39024 21472 38449 29502 33185 3942 11778 6138 22680 1648 33018 16267 8047 5942 30708 23555 595 23755 7551 21846 34607 14423 35615 15647 37275 8392 36033 4858 22353 16356 17287 25709 20861 16684 23173 14207 3677 33375 34091 37493 17387 10467 17951 2193 6452 19449 39828 10971 7412 3683 6735 33768 3128 22374 10989 12335 28682 6665 4938 24740 1611 2517 18730 1094 39306 15280 466 9872 26568 4628 23973 18165 18016 18819 582 25597 30748 16866 31504 32993 23728 27774 30092 33799 17992 39997 3217 3458 25497 388 15854 39786 36423 17562 36857 1501 35005 27765 12542 35990 7588 37017 19367 24506 7340 18682 31685 15437 27811 20986 12037 19371 19273 17964 29849 22214 15263 8454 989 19341 33256 12438 12055 28788 39693 5384 29710 9167 31593 27643 33806 37572 39114 18027 7156 15425 27044 9445 9886 2772 3829 3620 23029 34706 31142 5753 14833 13174 34625 5409 33019 22259 35923 25920 31986 17700 28034 39308
34525 36112 25903 15049 27755 2923 14118 10618 14732 39288 10437 23170 29593 37659 30787 38278 13592 12521 9359 32035 35583 9859 7933 33487 21515 7815 6959 13915 37106 25386 10684 33896 39926 32589 24056 12298 5957 34968 21173 23280 37252 36016 14712 33517 28015 37687 15241 37144 13777 12196 28986 2692 1788 38627 26796 22464 23096 34816 24675 24395 5816 38934 18669 27842 37549 15329 9543 5465 4919 36088 28505 4444 20817 12220 36925 17843 3273 39638 14232 22291 30777 25793 38514 31485 33803 3183 8620 35225 19875 13159 19951 22335 514 21453 34253 23114 39658 15885 16293 6160 25153 21504 27922 12049 31812 18878 36092 13576 21788 20045 37458 611 34942 8309 39125 28136 16155 12311 39766 18700 39139 21954 22884 30863 11409 9283 25691 7675 33746 23573 5254 38418 20095 3907 15956 15573 5505 33741 16704 35108 32203 5692 2983 25098 28609 11754 19149 17683 30867 16910 34158 32378 39299 32217 3688 17585 34351 78 11973 17056 583 28968 29971 13339 20504 39516 13969 38839 39423 29492 2364 35778 5777 37903 4846 10288 19799 24363 14918 30751 20121 27555 26690 3354 25746 29769 25578 10790 10791 26339 30770 10714 21562 498 13983 754 36023 23586 28010 20898
24380 22657 6773 16753 39005 7896 18566 24492 23220 10541 14384 14005 31364 26989 38311 37608 17966 29110 19399 27893 16893 35952 6000 39864 20130 33083 12558 33509 15035 13486 2373 29378 24816 35739 3504 26082 9413 1555 39457 34886 39527 15328 36146 15114 11613 6764 16637 20071 36553 13860 26236 39505 13941 32231 8114 11490 33789 16816 38842 23736 16504 28458 27606 24651 35558 11727 38258 13203 21153 3637 11222 14110 10250 28371 5031 8953 36249 16941 616 13286 16653 16006 22186 7719 1286 32606 36869 10853 39655 750 17125 7506 31172 28737 23939 7460 9545 20973 15107 20440 9241 26014 39117 25943 6414 32364 8672 16251 12231 26617 13413 18218 9372 19623 37874 17782 9351 38094 3813 27751 39725 8706 3866 23531 25324 23519 27081 33854 29590 9601 32478 14832 1864 17968 22815 36022 39591 5615 33967 35022 6021 24474 13625 22743 24161 19137 15211 38220 31271 1100 27216 9878 4315 39133 37969 19469 13394 14034 19092 33171 8256 6605 29762 24483 14167 10132 32470 28927 34880 18572 5094 2519 23149 26006 23409 34247 27913 25436 8117 33541 38924 17701 4667 26952 14148 1061 17844 28730 21206 26598 29258 19869 35608 34343 18486 2616 16855 19834 1324 21406
3131 18637 30887 19725 4180 16833 1234 30900 14310 27208 26541 852 19594 12337 20403 8296 915 22518 16030 10589 27503 1102 405 15365 32307 28428 39952 13293 23225 23418 16932 23532 20775 18586 1817 24123 39470 18441 25906 15400 32521 33546 31514 39928 33703 19656 3626 19166 7278 22027 6383 39821 38068 16944 28718 2968 35528 22897 2192 34587 19745 28922 39590 12512 30639 26908 35725 3947 14636 27968 1442 36492 36529 19779 5865 32361 27004 2458 39482 23784 20585 19297 8577 32824 38013 16648 11080 31697 3071 32415 7995 1925 39041 8209 4337 25898 27835 22962 25644 7347 28962 449 20770 2809 5145 39934 29983 18726 32069 8656 11898 7028 23687 494 16090 29969 37024 7874 19195 9788 36828 27789 13060 17011 17408 22044 23533 26437 895 10975 34154 3985 3182 15958 34926 23117 31302 25430 5702 25000 12011 9833 37431 23339 23874 33038 21917 23145 18906 33645 6323 14228 17993 1273 24446 29786 25193 3162 12767 31821 7167 17220 11232 13199 27309 37574 21112 6808 37250 32956 22421 16055 2695 12194 15353 9151 7229 22273 7039 6374 19776 28814 11957 32264 23976 16044 24912 2449 9057 10511 8346 10907 38861 21284 12886 9686 18853 22492 5003 5529
37432 16107 8436 8173 25548 24846 18511 16237 17514 22470 19642 17399 34285 16016 8866 32187 21111 2671 31711 32915 35184 9031 11124 7351 22616 21144 315 23202 34937 3751 18910 38188 9865 14237 37205 30013 25549 10888 3152 3581 19090 37827 39295 2531 25668 38332 18167 23547 33226 13854 39560 32664 37682 11016 8667 19486 5012 15387 26145 6926 25875 34063 39512 17509 25683 14638 2633 24031 13136 18054 12809 34650 28719 17822 39812 6175 135 15059 32154 18385 33118 6429 22369 1752 1228 38005 9117 1254 30292 21999 24086 29238 22530 29549 24441 17275 4051 14491 1196 2888 31710 9772 32177 9048 18087 20537 21737 10430 11922 3028 15052 12496 5142 35174 29463 19012 39578 37510 25339 1098 32457 23482 35025 26672 20382 4104 14351 25267 37187 1836 32935 20129 25656 15423 30409 30032 32288 27124 6402 36420 30492 18745 433 176 32801 31482 15186 38689 15607 3624 35712 30591 39032 18498 24255 39138 28895 13439 33435 26792 105 26165 26061 31842 37218 24668 34556 15908 11941 36471 28276 3712 4029 515 5198 26104 25976 24357 17237 38943 33067 21592 3785 38396 29989 31892 39148 29393 34036 26461 5274 21312 9480 15942 818 31776 9676 32569 7212 4999
31429 15954 29007 9133 38624 6992 25402 19683 11303 22032 21277 19858 32806 29479 37448 31382 21644 17944 34131 19177 32987 16282 5835 36280 39283 2245 28432 17814 14696 15653 23372 31862 29829 30303 4841 29162 27945 36464 10948 28448 29138 21085 19654 3388 38090 2541 36324 18920 6492 3759 19959 7380 38060 24666 2086 15063 17761 31878 22037 24859 4624 18128 25439 20202 37025 25147 33415 262 25247 20145 28490 24309 34509 26767 35872 22832 4722 39711 20534 21612 3473 25397 37642 4143 2639 28364 6233 6178 30860 33871 37946 30503 35222 38193 18555 26222 16072 6645 11316 22550 214 18767 21387 3002 33463 29692 29098 17166 36618 35101 2327 35726 36403 278 5202 14702 9767 10317 13821 7868 27954 19052 28340 39601 39126 26169 6780 11936 24554 28597 13669 18278 36785 16240 17665 34534 9110 5233 5050 5284 27481 17095 24708 39657 13468 26592 29603 30619 2231 11060 23749 19496 23903 28723 33095 23155 14571 663 35974 19179 19566 23028 18940 33128 27238 8181 3469 6476 5193 19190 28752 13134 32168 3665 3414 39216 31959 38113 22350 33286 25817 33686 23916 26353 28954 31188 29600 10921 30057 24718 31496 28324 7698 39270 37451 35209 13014 35149 12491 26769
36962 31249 31479 25987 21267 21087 14188 5212 28050 13794 10512 11172 23217 16620 6643 33684 9325 34931 28068 15502 10659 31763 23026 7211 29261 14359 36564 22821 14843 27989 20470 537 36486 16731 26853 17303 31232 36929 10625 16008 2161 2840 24681 30555 32986 12847 27397 31444 9910 11325 28774 2950 5522 12966 19314 7743 37998 34590 32277 18912 13368 34507 2241 6849 18992 27568 37834 21232 32423 5187 32579 21825 30999 2204 24076 16575 36076 27714 21507 20422 37602 15099 36991 15756 17611 39643 33997 22862 21306 36379 12990 7609 13881 9186 13275 35425 7186 16898 9970 12399 28937 3368 14673 21413 11160 19590 27207 22220 17417 25868 9555 38432 21338 34887 25674 15683 3577 8821 33279 25729 12241 12362 23180 32419 25445 10409 25677 11143 19695 34541 31264 16334 5433 16839 6166 26780 17357 1119 39537 11662 16422 23188 5980 31629 22362 9439 12770 17711 5959 8754 5994 36395 5419 22373 14830 5575 7093 19481 26055 32410 16484 18635 10963 38983 33853 33545 24758 8878 31194 34561 36581 36721 38596 27199 16756 10039 24687 13467 7944 24610 23102 20897 39162 22750 33041 35146 24396 9418 16256 35585 39048 14080 32948 6466 20536 11496 15546 271 25958 17526
10036 26994 5736 9550 14392 27859 3063 24840 12244 24203 36163 37370 10118 24759 8440 17065 32400 9657 23046 13478 35221 28209 18263 15143 9272 26652 2573 34466 32482 5720 15793 35045 18295 16263 8991 23987 30190 36718 8740 12610 10579 7490 32354 18132 12039 143 34734 11259 21316 25468 28269 9630 30414 16459 9464 16026 12123 3976 21438 19652 29514 7369 15781 27895 6396 12846 3732 24852 14950 24093 5143 11230 10506 8839 32811 39287 29139 96 32494 14280 11835 32108 50 22533 20722 32384 15844 21205 20325 29064 14036 10952 25547 15764 4186 32895 18937 27415 3959 3199 5174 18812 8793 24371 7270 3137 31802 17227 34429 20550 25251 20552 6212 16165 37515 11693 21116 16429 34761 13827 21175 13129 35489 21919 10798 39524 5462 37519 11152 14224 6914 38291 9179 37016 16279 6928 7640 30633 17969 16633 3476 32604 6602 9183 2790 25933 33459 17858 849 37970 33538 12706 38671 5668 5267 23729 16761 37384 32697 39866 24876 24162 27838 17502 30834 16343 33205 24298 32382 35496 38778 31159 3597 35634 34864 14884 623 26794 24352 33650 23988 22965 30382 9258 21594 38055 8651 36448 33773 15861 24376 14186 19067 39882 4019 23330 31131 1747 5742 19928
4874 31347 30213 15638 15831 22592 6628 24275 32312 13003 27778 6670 18705 35775 33639 23638 7708 27544 21331 13090 2346 32325 8451 35527 30963 4511 2699 10269 32613 9702 13521 15113 7958 18028 15561 30108 5406 17329 13907 6397 20336 25960 20395 14774 32116 19220 26456 31600 598 1916 19878 9709 27764 22399 11146 19342 6661 6930 4107 27784 22046 37165 23558 123 34571 19279 5877 39464 26117 39263 30642 3082 29847 24800 39602 8915 38667 36256 1022 1416 29144 10645 37698 7754 30827 21767 995 39868 14829 14289 37005 33281 15002 25851 8963 30250 22031 8062 795 8671 7510 10737 35160 13766 38235 6481 18539 23816 26569 34768 22116 1085 8691 16024 26471 22574 14603 35452 18212 11803 19259 15351 7182 37235 32680 11136 16223 15246 38734 22720 27183 36871 6391 14445 21367 26722 39762 37439 5873 9062 8783 23902 17803 38741 22603 4502 34191 14963 29659 2254 7977 21765 20756 39105 32360 8935 20353 25100 15303 3105 14274 22991 2590 32787 16789 22248 26818 25198 14324 23353 3783 25419 31617 24626 37084 1349 1690 17866 33165 6807 35252 25820 19546 9003 22717 15413 8348 6318 27599 12830 10360 10003 39446 13632 489 7324 28697 3908 38062 22715
18403 29419 24319 19565 17443 2709 22232 36867 24731 12552 31882 21335 22573 13054 28405 36906 16577 18964 30725 14178 22523 16185 39677 7662 3134 30690 27882 18322 18857 4353 19459 2150 32405 22409 37201 35565 25970 32674 39219 26694 6192 3968 14443 30948 12154 36283 5229 25949 11209 25277 33787 7592 20320 26909 31403 19435 26589 14758 26570 4290 14452 14238 8907 24582 18945 23979 33763 32011 26599 16906 36886 1645 38038 589 13185 32781 8144 1135 28295 2739 32399 22876 1083 20506 19379 29433 7628 7081 32389 18174 27186 35859 23501 31656 38551 14516 31607 23643 9369 9526 28406 29536 19350 12204 28833 28784 4735 289 8830 374 5948 21821 16156 35581 8367 30471 31148 34865 2073 9986 12699 19704 5836 17796 23873 23264 11958 24734 20326 10029 30435 38384 33735 21125 37504 32571 29011 32640 33139 33125 6263 33176 4063 26334 17430 6896 33573 24197 21693 12572 33859 32046 15729 34578 8281 5528 23534 38462 31872 32932 18813 10262 13013 1116 39092 39360 33088 2197 34449 30346 6826 35207 34950 5975 16285 22345 2495 29724 6646 15824 29507 13015 11245 29010 1863 20857 18923 32647 27759 461 22231 14370 34850 36030 1962 33762 28124 19600 21482 26464
38932 30560 18891 4408 2964 33699 15205 23314 1064 12684 22787 23827 22867 27301 37459 31528 22404 17135 32546 34692 25382 35960 29843 35710 19673 20983 15845 21593 3352 27089 26757 17641 37540 33155 19438 19935 8767 19571 12511 15307 31788 15548 24443 22552 161 37960 23880 8334 7372 13400 17444 33318 21239 39163 39112 30669 24029 13361 23448 20438 3038 2170 29109 23419 28546 23413 20892 20962 27511 6798 24812 8540 35689 30915 21090 30165 16347 26564 35310 36716 31835 36592 8041 5469 39768 6241 5188 38895 35555 1705 37778 23335 37923 1848 20999 24368 20164 37713 29481 15210 22599 21240 32689 31771 39788 12695 28534 10939 4279 10857 26772 15893 25401 13873 15111 33857 25265 27403 1815 25322 8694 7883 26245 25119 37480 24297 9599 29902 36303 13148 19407 12232 15359 21471 3160 36041 1755 8757 9734 5072 31894 10111 14824 35995 37913 36338 10982 4865 27367 18475 6114 16726 29187 16582 35508 6627 548 4366 11948 28076 37048 1278 26667 24662 2963 10852 32601 12721 6179 2845 13012 24890 22890 6734 37831 14598 9951 8979 2410 27338 38277 18402 21133 28581 29612 19698 10559 26375 6050 28460 39869 4139 21053 30212 29925 34946 23811 27406 14140 29882
16606 30808 36401 28786 33625 17169 38175 21330 12642 21647 7091 35138 33846 17682 4966 17420 20495 26447 19049 33272 29213 6124 24768 3530 30042 22365 2363 19291 30179 6235 15201 2680 22028 32884 35033 39063 16242 23545 3477 30348 8897 25667 27147 24881 21425 1561 7899 33755 9385 36797 9305 38586 30148 26359 4795 20637 16430 37629 15728 39333 35193 2377 563 30058 3528 29405 27812 13047 6955 9086 16559 24556 31027 2547 35301 21575 256 22272 885 28430 31543 38171 12957 29592 14764 25582 1950 4144 30570 36180 23112 35914 31080 39275 1503 31240 34927 5701 25507 21184 36526 7706 25744 4946 21524 24522 13314 865 18303 35525 3019 2310 3842 21732 39075 29186 24124 27105 9059 26415 28787 9019 35597 10999 25738 20635 19402 36697 8386 2316 8400 33566 26215 6006 16768 5378 27246 2675 35734 24242 31334 4954 9766 9950 36491 23890 15867 38628 5590 30130 12026 38061 37283 32741 18734 30825 8631 7813 13091 7982 6719 21968 16495 15528 21294 11479 16396 24539 3990 19363 13963 34212 24383 30590 19444 12781 25991 794 33691 33302 17368 4476 15426 19701 837 32681 7747 436 23817 20496 17188 12478 21264 16320 14006 26273 12209 9337 28563 36019
23357 22508 28904 12202 19716 3931 13089 11968 27339 3485 37326 9428 27366 5354 35917 5837 31410 4119 660 199 17567 38199 36063 27023 24777 21758 25495 8023 14244 36976 27376 16757 17905 26381 4105 16151 18899 7900 6567 17622 29520 27468 36541 31071 38262 919 20120 36052 34366 14214 11856 31757 3516 3982 15127 29537 6024 30442 8687 211 16748 22303 27179 17214 17608 29100 18589 2133 25440 3709 26384 39212 15254 37634 8778 1011 38103 16407 30030 16268 37062 38805 12075 13350 14900 16171 22419 3655 13532 23222 33985 21365 3322 23843 22247 10891 25538 29886 35898 17086 11638 23554 16596 22352 34902 5192 4244 34636 14972 31575 23915 7279 39856 33588 11892 29653 20173 29432 2452 3962 35421 2937 33372 17559 34246 5810 28232 22286 1274 34352 9896 7349 32859 13655 1531 6236 36038 25424 30511 36740 33295 4860 24445 10781 9198 35868 13513 4690 14038 28054 3633 4367 14607 22107 2383 32126 27645 19124 7509 33164 10218 33412 21931 26077 27082 31603 27020 8004 23072 16583 4491 21818 15651 8657 17334 4930 28106 1616 33191 13126 35287 27756 33957 3646 25070 18762 1684 28170 1201 8633 10107 36372 29912 11910 21520 25160 23368 13335 24815 30194
21632 25462 9820 36587 28826 671 19200 35436 37064 7660 8040 24752 36005 18988 11054 37374 33395 6445 36911 34832 35004 27198 11568 12213 20524 35109 5113 3610 13267 25271 39233 5940 16985 29150 16203 31349 4072 30176 14422 21856 37039 17931 1413 32620 10238 8779 15750 18117 35782 7114 32355 33189 28745 18483 15343 1550 263 265 1502 22690 8407 27049 3249 29226 1175 6920 39487 24227 30924 34797 38265 27703 13187 15178 6664 23505 11704 7981 20981 24792 8974 38827 23797 5855 36795 34913 2413 13341 11562 18652 32310 38969 673 34497 2320 36277 14376 5761 25865 20161 37573 8695 8813 37464 33482 18308 4768 35169 25590 36796 29626 5316 14219 6732 16978 37072 19894 31023 35946 14332 22856 2379 21044 37732 4064 22471 19145 35372 11260 15911 27026 10784 38521 35466 34597 10577 15434 1360 36989 27253 32827 30229 24861 14722 7215 14339 9136 2489 19317 33921 19104 34615 21833 19048 3188 2822 31394 22920 1483 13285 28224 31305 11063 23376 1311 12479 38731 14130 2643 17228 25573 36098 5958 14927 17290 16921 6708 27391 27940 1517 2173 14195 27037 9889 32721 37114 15069 39029 23007 28678 34165 9225 8741 24153 32163 30902 27662 16051 38379 1856
