200
18293 11631 37141 294 27869 33246 38693 165 5897 19080 5353 37212 4629 21724 23177 30911 17052 13381 28722 10799 14073 2556 29691 12926 38359 8937 20207 36285 33443 23779 31623 38564 30345 1220 14802 4830 2395 1580 17962 8232 26463 36954 35287 12723 31584 26884 21301 26890 24328 4785 16121 32546 2143 39405 12820 23659 26985 12661 23250 7304 17497 31159 27330 19335 35784 18315 22516 36721 34798 38796 10263 35012 27578 35812 37016 35710 38832 12460 26279 22330 15202 1238 19165 27648 21288 3878 13738 3075 18609 11354 12103 12173 17311 15271 20510 490 11675 12479 13402 7974 580 36732 29772 26220 21021 33067 22203 28956 16859 20483 39604 3573 33994 14005 18843 8665 11404 1602 11732 29497 15082 18263 11044 1809 39093 24790 35025 20962 32500 28576 19299 35939 32459 27489 34359 27894 20161 39059 36169 28776 27639 19405 26822 23269 5326 14078 8699 35255 34446 731 39642 36755 4855 13088 26040 16104 30823 6284 1332 17435 14927 18908 34888 2530 31749 6118 8154 19869 8019 31354 21953 27402 15253 17728 20111 12045 13317 1048 18052 37424 15383 38952 2794 16365 6903 27162 10122 33328 19799 25670 29765 10920 1596 2685 5054 7240 10998 19112 24097 27744
7264 16697 4826 26390 7680 792 1882 1569 10292 29867 13148 35362 2970 26820 16195 5971 24751 33935 13218 7451 39171 21881 36517 14328 11541 17615 2766 28917 3424 2652 22270 3491 4965 31255 30094 4805 20992 10017 34522 36584 14641 30475 25716 17401 24977 31486 25401 23896 2490 35989 12209 13212 24580 13993 23579 11454 1970 3153 16531 33471 3041 8163 23859 32207 32365 16169 19526 7744 31536 8778 1702 730 25491 8501 27316 22010 39071 28436 20206 17854 13109 583 38761 27081 15557 13790 37125 4758 21723 6360 26979 14954 34688 6124 35337 13351 22051 14983 2638 9415 34084 23567 3154 1625 38159 8513 16136 6266 8287 20174 17333 20141 20130 15838 8410 7444 13727 5331 16642 3753 7546 20553 12534 30675 20513 9448 7291 16899 26755 9246 27593 10496 39805 27400 3291 7091 19388 3590 21887 28707 25760 26732 17147 980 29307 13632 16466 23573 14757 365 23317 7171 32641 683 30779 22851 3549 30367 32051 16274 20165 25291 34962 27785 17412 16288 28982 1401 88 26377 31659 37324 38455 12959 22616 26572 39509 711 18521 11660 11724 23218 27511 8882 22480 9342 7748 38814 26184 32108 27142 32442 39854 31507 14658 20773 7480 2712 24350 21941
12615 18935 37469 23550 15041 24559 38830 22248 20855 8731 19042 32039 5037 39474 24064 33671 14620 20770 31820 21519 4889 12946 18467 31880 31338 35916 36977 34501 35698 11754 14341 19522 37196 34030 26150 28048 26608 26462 18184 11783 32967 19176 28488 36038 30406 5402 33340 3094 8555 22113 27111 30384 20597 32809 38273 19890 20101 24509 18298 24906 33668 33029 15348 35662 28939 6046 4800 34171 17406 13052 17408 13903 17392 24992 29028 15172 33555 3899 22737 1233 37182 17160 7715 35136 27522 33493 27334 439 39799 2501 8638 5001 13987 25127 24840 13273 18440 34275 28502 18420 5661 26451 31160 15358 20142 21417 4643 9236 12567 4682 28163 7879 17853 11041 4503 14043 38664 34113 8655 27820 37717 23757 22174 37198 34754 27245 26459 30009 26308 30806 18142 34881 1579 18536 39362 35109 38199 12489 13899 35834 14549 33462 5029 38175 28703 29792 4523 36032 24563 30832 13926 1143 30866 10930 1534 28439 10149 20594 2945 18880 22146 15897 13548 26726 28897 23817 13026 10577 20216 11335 11569 39671 29105 38086 37749 2988 27303 15585 24345 17828 6433 1750 14758 13920 19948 3416 21468 13714 1587 10218 35861 23864 20718 28098 18165 29819 34478 22239 14438 35971
31727 16963 23754 31834 22556 7714 11352 38404 3695 26471 37855 30163 15263 24175 21542 17162 19050 7452 11518 39263 31843 26754 12609 17123 39088 8449 13503 32820 20699 21374 7832 33518 8914 25202 14001 34473 15894 21292 648 37922 8687 5947 33360 13972 29340 2287 17265 24973 10533 23835 28551 12916 23706 913 30363 24926 21708 39496 28998 17528 37417 33776 9979 10481 13911 39728 8643 4206 24826 8619 24995 31547 16575 25975 34233 17326 31647 18718 28007 38629 28063 15720 36577 28531 1069 12037 18283 15390 8715 23566 25605 30402 35184 22933 3161 9876 2027 14489 7133 13787 30171 180 2435 36384 7603 24404 672 5177 33387 35193 32261 30551 7904 36253 20399 981 7569 25544 21167 13006 39645 18487 39583 12296 21176 36981 27591 4301 13180 11847 23195 35758 11102 10760 5779 3530 25257 37552 15354 17376 26238 11970 36031 37958 27730 26855 31670 16974 33267 21349 4111 30484 22515 27401 23924 14211 18654 34349 34813 27437 7400 26767 8632 8412 7316 8494 9259 23001 4374 4269 15208 39209 25308 24443 15121 6726 28668 9509 3246 12684 39793 24706 33477 12674 15317 38205 15628 8918 1522 37250 9844 3088 34089 13260 35774 36483 3711 37273 14586 23209
26104 26656 12476 27140 38785 24776 26053 8303 1830 15136 4554 317 1751 10942 15314 12334 35637 10258 14902 29901 15731 38787 6841 23731 22035 12168 6031 33782 13628 35553 16646 25999 24620 5376 26498 33178 26452 39330 4514 5106 24793 748 36640 35909 16552 22459 28073 34141 30032 1686 13867 23809 19909 30125 8281 7296 20497 24255 19541 38800 11348 37537 24953 17582 29211 2844 1465 19475 38932 4276 32647 10285 32764 6599 5697 7706 33346 26297 20933 32987 35084 25375 31259 17352 11607 20373 18945 35180 29566 12989 8989 25038 27286 37611 14918 8564 8780 38962 25136 26317 3357 4467 10501 4312 33947 32682 34765 38615 9885 8532 30495 12504 14589 25148 2901 18301 20920 25974 25922 22184 2415 25785 3215 35957 15342 13367 35369 13949 20765 36299 560 26683 30721 26305 25971 34072 10909 27030 34471 29648 8787 3995 30569 30205 4538 3563 17834 9274 944 28859 29221 14237 4667 22213 31595 3321 37628 15235 39401 34871 12904 9524 15131 38377 21004 35415 33931 10021 36624 4016 7772 33134 8537 24313 23746 39427 15724 7746 12056 947 33383 32145 30319 20007 22241 31066 2850 13975 22524 38117 31655 19419 9526 16940 11793 24898 31796 37251 20515 8389
22567 22432 28826 32449 37586 826 29065 36396 16515 38924 24171 3167 11420 38102 38977 15796 1946 12357 37769 32488 34304 16020 30733 37513 9171 5930 13815 8952 6928 14875 31517 20679 31771 26165 6827 18313 27556 39597 33853 35666 16976 12733 2783 19290 28555 10005 8312 34864 28254 12163 5736 18135 10634 34511 31785 16161 38401 35219 28124 35267 19217 23642 11555 34833 5788 14041 2583 16301 19768 4210 36675 17173 35239 7957 35641 12070 17505 39939 8938 5520 13820 11198 13680 9245 37524 11585 5333 33785 18413 11830 10495 6240 1925 598 20530 11075 39100 29818 1958 9952 22534 16749 38843 29830 31009 17900 24101 14800 16658 13149 10175 24201 20713 9028 14037 11768 20831 26838 33983 11760 22887 12622 42 9176 35383 30795 24677 39692 10779 182 4442 24438 28743 18517 10873 35002 36105 9881 8935 26085 33905 35640 11487 12804 4340 29248 38378 9371 16479 11974 8809 33815 30530 4098 2288 8570 25700 12757 28310 1205 3938 39163 30361 18596 404 27167 20805 20054 7003 3168 28419 3309 17529 15860 29545 26936 30619 38020 28537 38484 31397 39849 17345 15749 6687 27729 34298 11814 23768 33074 4093 12297 2188 33484 19289 8645 20817 25642 7745 35983
22148 37860 20487 23129 18333 17765 34861 19901 25531 31977 3882 28875 1257 22525 29226 25800 6300 4225 18858 36587 33230 19644 24353 15497 28430 441 12597 18702 34393 17925 2346 25040 16385 29470 23311 29325 1407 4796 11947 11272 37222 25854 29182 13074 6083 11139 33369 13658 27468 7821 37148 10840 14812 19913 3131 23372 19951 26945 20342 13467 8556 38340 12123 28111 38145 19767 3008 21475 9712 21664 972 27694 11305 28281 30501 30932 25227 16635 29883 25477 6797 25953 37583 9792 12438 30317 33821 35701 12551 13446 5528 25787 20820 25189 8747 23018 13441 3279 34403 39577 11987 24289 14868 31885 23240 19 22901 30513 5367 517 34876 66 12892 33338 7543 3102 35141 39817 19395 15840 11713 16852 6128 4831 28180 7981 28008 29686 30769 35403 36520 7964 1514 29270 13229 39475 1165 12687 9696 36787 28680 10016 39964 6927 34907 2283 20164 2167 39400 26825 35026 31141 2857 36558 10914 32715 38385 186 30197 68 22766 26255 15385 26251 31243 26817 19162 10561 2703 37372 2870 38955 32846 23329 24989 51 31346 18476 11315 8391 19163 5576 6317 35517 12544 6256 17749 10018 20411 20434 5767 23462 12082 28364 13947 19282 3617 34299 9648 20354
25635 26993 26293 4552 38837 3652 16684 35681 3717 29233 13504 6105 36941 7778 31212 3142 24940 12435 9864 3208 2488 25223 5701 31370 28909 17499 19981 5982 12546 7431 14199 31088 5073 10986 39566 39264 2680 20761 12583 39478 30989 39092 6987 9980 23927 27958 23892 8392 21063 21728 24117 34415 26835 25957 29547 16603 36141 26227 24176 26906 37002 9117 11728 31364 16822 22259 32232 8557 34591 20049 24216 5562 15108 5005 29976 3525 1389 7713 10212 8479 3924 18610 368 22527 9463 35469 35752 10822 28734 6021 19091 13545 39704 13761 21733 6459 29363 1184 18477 18439 31357 35878 26950 8765 886 38738 23287 6464 29079 21667 9299 20087 28456 32794 33600 18706 6993 28927 23588 13072 39181 20573 12993 12520 38636 12559 7582 22397 39414 25435 22842 34509 7532 2001 5134 26532 21636 33968 26071 2960 31935 11870 16536 1275 20490 21650 39142 25369 33441 9702 3216 6913 34851 32624 16696 5039 31302 18726 15799 27471 28396 22435 34010 7026 30223 5435 19365 10165 3013 37334 1532 848 5094 18324 1661 20755 24854 1800 32845 29503 6257 21457 7466 38848 24624 3919 5861 38898 19198 6122 10343 15376 24600 37763 2814 32044 28715 3805 17106 32862
20833 36784 38634 15608 639 36246 24880 828 15535 29953 39348 323 35663 33715 469 26600 21645 4454 3450 24257 25844 27914 32896 17825 36226 37822 2543 23897 8623 28483 33113 24444 13703 23456 17450 21521 39049 26889 23328 31266 7548 8575 34964 606 28523 37415 3619 2569 2149 26548 9602 4010 7354 32208 2878 34991 35140 6860 13170 20792 13668 6678 38905 13919 38079 1152 3296 32904 12379 6939 12204 7927 12856 7177 6611 37575 2310 31975 38791 32165 32185 38323 26501 21000 16363 12590 12862 338 20564 23067 7273 15551 18123 36526 23481 38630 3370 4461 35147 605 11078 915 6407 12002 17399 37888 25106 12694 24116 16819 21269 13773 24729 20045 10503 3635 14168 29880 387 29285 29667 14343 25533 38415 36097 9378 31827 37084 39225 18023 11421 29656 30473 4096 12225 34016 2856 703 31913 32855 7994 13129 8178 9823 9433 2996 26597 36049 22980 35391 30100 6515 29611 17606 22409 38700 36023 27318 35947 22642 23851 28857 14075 2225 4341 16702 6742 16155 6970 5355 18911 30136 13374 31788 12902 17817 32027 12342 17826 7170 14085 33026 28796 15293 10532 11909 36048 20247 34183 31307 11257 38996 3074 27647 35557 33874 12747 33630 13780 37480
26455 27865 32649 39137 36287 18577 10892 37816 39085 19914 20683 12361 8579 658 19121 4801 33082 32974 353 29353 16004 5307 8293 19886 14487 6489 1445 993 19893 1653 24125 15917 19964 24748 8620 31466 4201 26554 5303 26172 18099 12251 31229 2136 31317 10447 28247 6064 10793 10882 19166 4430 16910 12613 10859 26654 22966 27608 30053 7938 4350 537 31487 38743 15679 21885 3114 4145 27174 13331 36379 25998 39519 23223 22011 1179 8563 32618 24414 19464 25918 34956 39175 5457 33602 17354 21687 5485 36815 22212 11291 12515 15829 32366 15048 27456 16392 36976 34326 20023 36416 6223 22824 2458 2084 20190 28256 1877 24136 23409 12729 39025 14894 28777 5170 29265 27550 2723 3057 5436 28980 15885 28629 20172 23241 36378 2726 13147 13290 36960 17080 15226 33565 21305 30537 16514 4087 38748 23825 25111 33948 36832 5828 38809 9150 13891 6406 3199 18220 31759 38558 29724 9427 38125 6221 3095 6922 10231 38595 30816 13384 36362 19098 29900 39554 26659 38828 25557 34260 17130 35634 38134 33112 18687 26244 19497 23641 28611 27404 5385 25871 32614 3402 12061 8087 16134 15334 35477 19601 37498 29999 24000 17041 3600 3598 24483 36947 4515 35460 34168
4844 27796 36828 32780 5765 36654 30440 39112 32995 4308 16620 20021 6839 35291 8185 30898 1485 9716 18410 21399 23629 6172 26393 4836 12383 33598 26645 19064 10825 6668 16247 19051 20346 25484 14841 12257 7256 21394 30217 8758 15245 32652 24665 454 973 17032 10310 13770 11135 17708 33621 15071 20498 18723 19345 30307 38036 10828 5392 28765 7041 14960 576 14370 1496 5372 11377 39398 8359 25758 35089 35472 30001 29422 9264 39166 36898 13946 37470 1164 3726 21061 39736 36554 22464 25639 24274 15246 25265 6649 14977 27621 1710 32734 6390 31065 3886 16157 4910 23033 8060 32700 15513 15760 19823 29763 19209 27122 32686 33365 2340 38364 30213 16753 30287 6415 21512 27243 21843 21348 30549 32309 8419 16525 39174 16745 14311 39467 29482 1193 27913 35870 37869 16725 25774 21233 14731 32093 10300 30658 21995 781 23013 24630 31579 36518 6323 8595 20444 15596 13059 17616 36399 14035 13301 36122 27432 16411 37657 2535 5118 11157 8379 18383 38575 15524 26697 17462 1362 24311 25183 320 20508 33235 20438 15657 33088 36853 26871 15104 20551 21615 32130 5147 34198 15133 13447 36994 25730 3233 15220 26 38964 15117 10111 4678 30926 17884 35789 37332
32319 35627 8375 16965 22078 31105 6919 13651 30027 27726 15432 22399 39829 39233 13326 22457 16770 15938 31518 20017 33191 23740 18661 27836 10440 9296 25873 10350 2403 29527 6198 8519 21141 15007 26368 37713 18222 18602 25777 29302 12112 38040 3211 33466 7560 22819 21309 8277 20584 17209 25242 6661 30177 39530 10871 6812 10807 5994 12896 34950 31028 18008 24188 26816 20273 4282 2095 12710 34066 21749 25892 35161 37766 11181 14796 37068 28957 11490 38306 14491 2364 15067 4842 25720 36540 9719 37226 30980 14409 2574 35744 38778 2069 4295 36628 1943 17502 7072 13475 2545 4447 21485 38105 11199 1761 16352 30572 33709 24485 5168 12215 24948 8179 16027 32920 32321 3510 14389 10035 17229 14008 37767 23823 19735 10026 8864 20071 9731 39183 31431 39535 30786 871 26267 9925 22356 18595 31619 14761 38280 13572 1036 32033 12823 27529 1146 17012 11045 32017 33830 20705 11990 7890 3866 23770 20406 30391 21209 34064 10905 1687 33892 310 58 27058 3708 2925 14433 34495 33367 33358 12106 35010 14850 9046 36427 34290 30031 11318 20872 28548 38141 9090 38659 32875 34094 34668 6575 22869 13398 26114 26264 12495 13907 13856 14201 5298 13832 34402 6454
19542 34115 9882 34993 39950 6426 2917 35889 24628 12952 2326 27928 30678 8891 19583 36985 37396 1199 34042 26628 8428 16989 33841 18729 16677 254 33096 4670 16917 34712 27179 16891 33218 17225 17256 32008 19744 39082 13127 14767 14031 30657 13641 27003 285 5031 2274 25545 21313 17770 16938 39313 20055 19016 11809 1814 930 1055 12196 24885 32625 24416 9302 13986 21149 30469 24572 38410 31506 8383 31296 24487 22236 11392 18392 22969 38177 38342 738 18844 22730 12213 30512 32313 36373 6552 25986 2888 29762 13629 37914 34044 14129 18917 38286 19925 27502 27935 37067 9350 36383 25537 10507 18578 25643 25270 12423 32388 1769 29549 9074 14301 32300 15640 27075 7339 35904 33798 17428 23058 8969 581 4688 2793 39684 11919 24584 14876 3265 10451 39940 12667 29268 11895 30767 12157 20332 28503 23301 1284 27025 12618 28083 19690 7516 28077 31230 4460 31606 31170 2265 7016 23727 35325 28019 25313 5466 3628 14900 5854 18417 4422 10133 29912 22482 27598 3660 22865 26910 38944 23604 36239 22978 31462 13744 9547 7318 26693 35390 24663 21237 10470 29507 32776 38732 3872 2174 8262 35284 25030 3854 8603 5898 32910 5539 37955 10786 8166 4956 18819
34774 23313 12222 35330 10103 35981 22226 10768 12514 14071 1255 35114 32117 34307 20999 6769 24270 17967 2821 5403 37435 30471 27469 10207 17875 27818 25500 24965 37500 26007 6250 16295 21423 39997 10953 31184 6219 18133 6864 31108 957 24162 31384 14369 17107 7776 17405 1878 8558 3387 12100 18250 30562 4156 1321 20305 17561 1472 7726 9768 37193 11946 14010 568 160 25580 33111 8593 29984 29553 16472 28409 17350 23978 12761 11544 34898 5226 7404 38071 15147 33910 4824 33615 35382 22293 16183 39827 7476 21403 6820 10211 12437 8347 21558 32189 38160 6376 37400 37063 9453 27497 13188 27273 11056 17525 9737 10033 3862 27963 30067 37159 14432 4030 20600 27382 35148 28874 32408 32688 1870 16395 2055 36620 7535 7612 28993 22663 12498 30757 9695 13855 28371 8783 37904 12697 28745 19454 270 33796 3814 14837 21095 10765 30300 16164 8393 14123 9630 12767 31278 34159 37089 5900 30754 11750 30762 3032 33133 33758 13103 23115 37525 20797 24809 22196 34387 31478 14991 13334 26627 20485 29892 39969 26559 39195 27560 31725 25061 21158 25984 31114 21891 22211 14930 34834 30890 35548 7373 24371 35941 1114 14982 24342 14516 2646 16946 15825 3794 36363
35308 23486 22792 8187 11088 34578 13756 23587 7145 25712 7681 22571 38445 22121 32355 14561 32159 4323 19246 18675 36001 19453 28692 4555 27069 11415 30212 8991 16253 17935 14374 18239 11210 22503 22235 13786 2753 29480 39187 24766 6214 15343 3904 24306 17288 4078 12588 16110 13250 8973 39707 4296 35720 13210 24480 10219 33810 1196 11462 10754 31871 205 9609 36230 14266 6940 23769 3010 35316 32969 33889 25332 5020 33772 37414 19967 12968 24260 25394 16088 7078 13510 22219 21324 19882 31260 22486 339 13846 1493 23281 18588 22450 11833 39712 23950 9598 29330 37382 14993 10837 2916 26404 10154 27548 9663 37759 10397 9944 28731 16099 10382 38498 34067 13231 32333 30875 26806 11243 10082 37000 29371 31352 30693 14694 16791 11202 36126 4990 31729 28953 17771 17633 10354 13601 30962 19524 2257 32265 6453 14062 6292 27474 21079 38274 23890 19839 22080 21426 15579 38597 23824 26209 4429 32852 11250 14385 16252 1523 34959 18443 34829 36714 18147 27261 5297 24369 24548 10032 17076 38423 8524 12354 10908 9684 28782 8377 31281 35986 107 35611 3064 27073 8818 35372 23598 39470 35224 29935 38163 16025 30842 28356 12048 30869 30605 33201 746 8790 36582
18678 4597 33420 314 18069 17954 18971 3149 19537 38923 20211 1780 8409 33718 2129 21551 9711 16226 31284 10126 21321 17652 24855 32781 13536 6651 2009 5792 25131 16419 34292 12527 9875 2181 28059 30697 29782 19724 36778 32210 2742 19788 23502 38433 28712 3072 22625 15295 26496 7071 28421 19482 3133 31660 39356 36186 19985 17328 1262 13664 12686 37897 25087 33322 30576 35824 889 9008 24782 14349 37933 8184 39882 27158 5358 379 21964 5348 14080 31944 788 307 38857 10375 32785 24607 19486 38943 11751 20887 39288 14262 13469 34873 21120 2241 14842 37812 20965 17466 29392 29436 23124 3846 33603 13766 21388 4775 35543 12634 5975 31686 13275 19774 1863 27411 228 2441 12126 17998 4899 10467 473 9346 26626 19599 18087 22519 35848 945 15708 22988 21768 14992 11816 34012 35657 6871 11697 33173 20701 20038 22290 31987 32136 26629 38133 9210 29252 11479 11694 19956 16249 34771 7059 12193 18532 10767 9986 26438 13068 38234 2466 18531 29798 23713 28329 21222 8110 5144 22483 34427 23788 9478 28650 25658 6825 1223 19189 33573 17060 20656 33566 36576 39660 14846 23828 9913 24072 11853 5911 38609 7553 34880 24113 21725 1721 1306 10628 37300
12781 9482 20928 18326 23903 8870 12376 16441 23782 9859 37512 26782 9802 6252 38822 24335 8947 2317 6656 38228 27434 21743 35897 14574 1271 26446 6145 35773 19266 38518 29199 10001 14325 29483 12496 3334 35282 5895 28595 38916 25056 19880 13429 18876 27381 7432 15228 15537 25862 29954 8439 19716 26450 21767 16711 6842 33332 20769 39620 30204 14725 21323 26427 35414 24102 11639 28237 13859 34421 1908 24161 27775 10934 35687 12656 10266 30052 22748 18976 10505 29230 29947 33023 28041 35379 11287 33321 8292 29564 28597 20077 29208 28012 37023 24868 16113 14192 34618 32293 17791 11455 15751 19904 17129 33149 29740 4767 12741 37617 5060 33859 27661 26523 27203 3118 1657 34131 24277 31382 24915 8792 28916 22001 13748 32817 8972 27545 22268 20011 35968 23625 6028 32097 32031 31621 17426 21442 11020 7984 35766 21007 12395 1983 27977 8423 7570 1753 12267 18081 37721 15004 5691 5080 17053 11406 19927 33725 9673 15063 4606 22123 22952 35868 14117 1441 33290 39711 31005 4319 25827 1947 21083 35511 7491 36583 9747 11568 9425 17921 29171 17009 5292 5324 39079 4947 39800 23530 39598 8 20516 28519 2139 14642 18735 10480 36665 12385 13991 24198 19103
6103 14952 16488 27193 13910 36295 25360 19664 18524 24611 5274 37854 29944 34209 19997 4935 29744 37024 38763 27253 17642 28336 2118 17381 39016 1699 14515 33117 34562 21408 28781 30005 15502 15438 34379 2999 8317 7585 26108 16491 33436 29284 23166 7639 23395 8824 21960 34418 27681 22137 2044 15027 24422 6885 31853 910 2060 31196 34823 14354 11129 11880 22780 33228 25532 24555 9910 6766 39908 23355 35820 21113 15539 24319 24195 15961 25564 17188 21838 12777 25230 39429 11896 10625 32588 16002 3342 37810 2404 37038 29382 36734 10335 22702 16533 30415 30542 21148 11491 31226 19617 18712 14762 39662 22864 23787 4819 22127 8688 23992 30158 20526 18100 17105 3528 31279 12054 34397 7775 11877 29073 5814 119 14971 20979 39050 572 26336 27682 13612 3812 7477 30486 6881 3716 17394 35139 35294 36059 5654 15170 12364 33182 28606 29365 27528 12116 27242 18159 13282 6413 13890 4605 34133 8781 33736 8904 6586 9102 9360 19364 35746 37058 34132 24210 9396 12059 15983 23597 36387 32497 24346 10118 18416 10280 20151 93 16959 37913 16614 5223 28379 12894 20828 18200 36326 29019 30577 8728 39850 2548 34146 8244 433 39307 34272 1054 35044 20581 22324
3293 1464 37020 38694 3869 28649 29786 17121 32961 1558 27371 27192 33793 23547 20454 30536 6419 23683 27354 7413 26746 2491 3552 4849 35972 22712 36771 35406 10806 15105 5340 6069 18834 32612 14118 20000 28109 1380 5773 12441 30218 36339 19830 17484 8484 6645 38479 5369 5258 24108 15555 21197 29464 8551 34160 14691 33209 30085 34815 1467 20873 3337 33675 31980 259 27188 38520 31401 2969 11173 24645 13758 16100 126 38963 5132 28768 9961 9137 8162 15595 10789 12450 34788 17522 32153 17931 31942 10282 29615 10850 15820 29803 29437 18836 27465 34926 34325 7739 30669 7205 12398 20669 8956 6856 25465 12139 37962 2672 28848 7671 23703 29614 11933 18910 91 10043 18345 18557 24967 13264 34437 3603 25074 10696 12097 33108 24440 23551 4806 25625 35216 22937 39182 32619 23959 26794 23441 177 13849 3147 35132 33809 2773 20349 22959 8118 3505 24847 25048 14840 8515 38045 31206 23335 1453 1695 7980 23011 6203 17844 20595 4575 3950 34059 37949 22383 18886 27927 27362 29877 30986 19220 17647 37454 31362 20095 28443 3925 35692 21053 27024 19216 6926 20879 26536 8651 11576 2743 13687 26939 29534 17473 35741 31545 30409 39145 12695 27020 4866
35126 16366 39316 3993 3360 38798 26567 9783 13865 35220 26298 27324 27357 7945 27986 24612 27145 9118 22029 9751 36694 25895 14716 21884 27812 25046 6499 18741 16747 199 28437 33803 32281 34225 38756 22867 15785 34850 34696 3864 26366 28433 10098 30010 20149 11871 6371 38067 22069 806 12380 36027 37515 26929 28986 25275 15205 24740 17120 15106 11559 5612 2161 3372 32477 6159 7963 12252 32480 31366 6272 34358 12595 18153 27053 15054 8828 37052 28624 6612 25814 36221 32528 27878 31946 13512 17393 29821 13024 31031 29829 29855 35826 28306 13085 33415 38637 37448 19969 24998 31472 27539 5545 17343 24284 23813 33174 30013 36318 24817 31061 19207 39822 8298 18231 16722 28660 2021 16093 31542 10493 11782 1147 37192 15592 37707 7728 35003 4703 5658 21248 33861 23916 27085 25298 34747 30201 17272 28855 16256 21161 11858 39555 12369 11246 33953 9003 35728 6199 27860 21405 506 32394 19086 36282 17479 26880 5140 37541 22799 7833 36697 34056 28290 3569 28476 3493 35273 7831 20276 8823 27960 18070 34117 33635 34741 8385 15176 17144 6462 32264 39925 2588 33571 15542 12325 17463 5782 27722 28748 31596 9658 112 19228 500 23031 29324 31689 34351 3796
16767 14748 209 31691 38526 33756 29467 900 4298 740 28958 15073 34224 19150 12868 16908 13912 32320 30918 22083 20948 3135 32467 18890 19126 35655 11530 25149 5616 22452 5946 36117 14948 11812 13431 21894 13534 12346 29621 25364 11499 6037 11610 38900 20107 25738 22267 29397 13014 16990 38605 33707 10000 609 6260 16964 18863 14676 6851 24437 17738 2293 3234 33482 8588 24974 1645 5610 24592 6140 20567 35973 5354 26919 3432 22255 35578 8452 1368 5833 6895 10250 36991 15209 33141 35375 12057 33251 37277 21070 37582 36655 6394 14367 10158 27689 28100 3857 34196 13093 37543 11843 14372 9027 31481 18777 18574 3948 12787 39834 30691 17746 8600 24521 8401 33336 37574 3173 4906 18119 25587 18903 18951 22326 38823 14818 29932 21096 39744 3182 27962 38184 27852 29137 4368 25083 29738 26301 20422 16925 17503 2892 29174 757 3951 28342 1361 20915 4939 14635 25013 18685 11741 35932 18019 24396 20968 9290 4120 21368 38647 4927 19301 10186 22247 18888 7152 12964 38682 14906 16695 23729 26833 36310 35723 12332 31556 14006 26042 3320 27459 27680 2267 17813 9890 23868 18919 34151 35233 30710 38757 34981 7282 18587 36051 9871 1399 33730 14546 20443
32066 14125 31789 19797 39751 38094 20353 14490 36972 21761 33876 27136 1335 26102 9760 27413 24784 6631 24011 19692 30805 17547 23418 34051 12865 7242 16609 7574 20680 15571 12850 39926 20439 23998 121 22481 5775 38548 19922 15490 23187 22072 23549 38149 4449 37345 3679 16680 10272 31199 23812 18616 35631 18826 4481 13711 17429 28339 33588 5117 29939 39323 18503 34796 10435 30147 37556 2774 8554 37205 11573 38936 220 1360 19027 36205 19570 23837 11749 31233 344 34251 37259 4440 15195 15266 16335 15700 5126 9920 16839 4468 32070 20234 10406 4219 29481 21800 39170 17248 21568 2047 20250 2855 3014 20919 18592 10787 19720 12825 39876 26714 25016 31332 7485 11187 14455 24017 16723 19609 33160 20105 16160 28144 4329 37652 37528 1264 10054 27365 8022 8172 26261 4787 6887 4163 32611 22947 38069 7454 35938 20440 33344 32505 39839 1263 21525 27001 22430 1732 2142 20944 37088 34220 14833 20827 5164 3591 13688 25828 13492 32822 16795 34343 2434 37349 22529 15403 9230 14789 27509 11279 18630 15099 20043 4130 4322 10638 29967 11534 35342 32104 30876 28943 8955 12983 4044 25156 736 10697 37504 37990 12394 10051 30209 35672 32815 32985 32514 3616
28884 14427 15076 22905 9333 1044 21344 23576 28563 8656 27951 10274 19753 5569 329 14749 10867 12186 24189 21699 10398 6803 33145 17024 4875 22928 5216 21718 26505 688 5840 14946 35944 4757 5630 940 14513 10999 27952 28275 34256 9911 30966 19062 15200 23056 1519 23450 2148 5514 6220 2627 7782 290 19721 22336 31221 5167 2082 37671 12702 32685 10289 26713 8895 21799 6148 18118 38406 2255 1212 9989 9300 11791 2262 4674 19328 29870 36944 18414 34947 30809 22277 9998 35849 4143 8744 39223 16150 33175 36357 10408 30672 38363 34137 1210 18237 30520 39798 8241 2032 135 34830 35697 21649 5871 31468 35987 24889 21381 29264 19741 27074 64 35056 3733 26557 5240 16815 33233 6655 15514 18749 32609 3624 20576 14609 4709 26124 3101 10663 15256 29887 6780 30167 37589 28527 14701 30667 29272 11710 32851 35102 24281 4108 12987 27080 24334 11360 9957 16178 27874 17242 4240 25695 29843 19284 15179 31050 11176 35597 9138 6682 25590 11590 24333 14945 16632 13798 25603 18981 9645 33073 1117 2619 4576 2107 16894 15630 10712 18316 24178 17788 17593 38840 10378 16115 7752 25017 17552 30049 4936 13669 27839 6944 23278 15830 6534 19493 23847
36336 12832 37654 14019 37672 33872 28853 23002 31242 8916 6530 38041 27985 28600 6933 19200 16942 9125 7239 8746 10161 20421 3021 24051 18554 21674 4921 17588 931 10209 24123 4397 16091 10932 29607 4021 34654 22949 33421 31056 26343 13551 20329 26618 13019 37244 2073 20801 30897 37784 24636 25983 6517 30800 25866 15301 27326 37149 27605 17664 25553 14386 10897 11134 2253 25574 5441 29774 24020 31395 31521 21952 16730 17232 6965 30328 36550 21633 25596 12201 29471 6952 26202 34844 29659 34239 37610 19610 16489 5664 24400 32664 25078 27155 8782 6218 4482 29152 39272 29662 11944 34054 13566 7702 33993 10899 18308 17830 38448 26545 37618 9370 31393 30976 35087 36537 19041 1595 2392 15231 31663 3073 1613 21748 1172 37966 36836 11269 13718 24452 36109 30144 28460 2022 4622 38472 35244 38055 7496 9115 13950 11813 36937 31032 34854 28815 6537 25595 26748 38935 37309 28284 36888 10510 26064 25706 13954 27524 1122 17441 16032 38376 21162 6954 9587 8721 30446 3747 23110 5732 5659 35599 7753 728 30285 7767 35962 15030 25361 25431 39719 26676 37648 4808 16223 5837 23631 24457 7510 31810 20721 9394 27255 24271 11866 8300 7930 21530 11125 8808
5068 24544 17989 24819 14751 29826 34080 31385 39375 16564 25426 29172 22182 16384 12773 35341 9508 23760 8146 19996 21177 1593 29768 16078 17855 30971 27101 21618 32064 15207 10989 4266 29003 7397 30273 2577 22201 29721 10247 37554 26980 9955 200 2973 16453 14714 24398 17456 21219 24728 5339 1211 2516 13245 1189 38026 4741 13156 27581 33070 29849 34508 9280 21031 33410 20687 30253 13747 33401 8203 1531 37418 55 6704 30838 10854 14288 15575 17330 14193 19466 38632 10064 27546 4506 14895 26058 17454 7359 24239 6447 30589 20221 32711 4289 14706 29537 33447 28214 25826 18751 32348 5546 32767 3030 39058 11704 33866 3087 34629 10610 24517 20419 32047 23199 31823 4570 15705 2541 8175 9326 25285 23469 6908 23639 30393 22190 18645 17696 21069 26966 8493 1317 2056 2266 22976 18271 11848 651 11624 31630 39563 8173 9178 3714 37389 1327 15126 12014 28795 36887 7033 22425 8369 18738 7031 37179 23796 16310 19999 15037 23426 1402 2589 16593 18626 38513 14989 13117 25331 8496 38004 28804 28784 32837 8239 5559 20025 35550 9315 39970 34775 13037 28645 39097 12945 34004 3280 9439 5426 37534 8134 10004 15409 8198 37254 39789 29519 36984 32387
130 14534 39945 4874 4101 38110 32399 22784 32376 18378 3125 22075 11772 23053 38805 13870 25244 15589 36337 4208 27423 2995 30910 25188 9784 5513 26699 444 13914 24296 5235 8251 21840 19082 31169 30116 26412 12789 17867 15434 26158 23640 12001 8928 12783 15294 21420 25707 38523 36072 25039 20124 39735 13186 28771 31203 36875 30232 35277 4572 13388 15748 36802 30947 25573 13452 33987 21365 1601 36524 36034 39875 19665 31914 36437 9732 6350 16066 24272 7660 11719 13105 17422 14816 28553 33886 20471 32931 39947 10537 6298 8466 36353 26739 9533 37225 25029 238 26520 11453 4094 12672 1021 14553 13634 19862 28358 2315 19571 16209 3070 27662 32533 1696 8736 14391 23068 13951 33341 27645 23437 36219 34790 17036 31073 9174 11395 1705 24878 28910 37939 13803 8458 21416 4250 4131 33971 32603 39034 6508 37956 11641 37485 17379 32441 18150 2430 33639 5056 20334 10227 22843 3513 13555 15520 25238 25284 34764 4733 13838 32602 8028 36164 33752 14979 23521 28489 21879 18114 11673 16400 26333 16067 33633 8450 34766 4406 35514 11664 6000 36761 34890 20037 9351 11120 25890 6861 2665 16901 6365 17801 3916 18655 33130 18552 39883 12171 19608 17087 27225
24763 6195 9938 27926 30633 36768 8233 6547 36393 24910 32172 22024 37386 27666 33479 29598 36744 37937 415 13424 1604 36234 24768 29111 2778 15485 6432 4141 36171 21067 29907 12540 33649 16639 13056 27086 33212 9668 35428 35486 28545 11581 36055 37393 19434 16999 3721 31146 15852 25092 30118 22442 21273 38889 33413 25588 21515 28641 13894 22102 15594 4980 10423 37818 19705 6535 34631 37837 17057 7437 30353 3494 1367 6723 11690 28004 22193 27026 29373 15915 17890 32014 23087 24074 548 2428 4077 36173 29395 26897 4220 21660 16781 36058 33398 1126 22252 18972 19726 6051 34792 27767 28375 38350 17220 10639 29845 31611 31528 5868 21976 19655 7624 39558 1841 7504 29225 11991 1013 689 31637 33720 22257 24649 23559 29737 16097 3647 8990 24451 15501 30411 31620 33456 23142 39910 10329 30420 22350 2256 18306 15890 11578 3281 18042 22016 20204 15727 25492 12558 10801 7559 10588 27864 22238 26507 11907 7695 34405 3837 35020 17513 17745 10558 39823 33325 14463 3539 1788 27089 14278 33433 16873 33014 17420 27871 15701 36926 39562 8584 26852 67 37694 34770 28116 25026 39281 12038 34448 24668 3642 26123 34114 12809 29185 7526 35278 20452 22670 21185
4138 39461 16784 3261 24014 29104 15710 6056 1592 20280 20243 13564 30234 34555 21290 4025 18860 15070 28882 16521 31879 24492 25470 21584 20661 33281 3046 38752 39438 7786 28554 23558 22112 32362 19456 3137 31205 22708 36492 18423 26019 34361 5076 24598 17983 28619 28494 19237 28836 2631 26143 29271 27115 36876 26054 13963 38243 4379 21479 13484 8254 29150 24966 39911 34596 38966 27582 4199 36256 9391 36068 28226 20407 22133 32485 22224 20140 12647 24465 25594 17917 28132 36672 23401 9403 7781 18527 16243 154 156 9209 32669 17186 27808 31822 12067 35976 28161 5981 16615 14365 29198 18879 32670 22769 27292 12666 39590 1681 8911 17653 13550 12167 3784 2104 11343 16807 24089 14181 37421 5186 2734 22907 19406 12424 675 20127 39176 19519 8276 34987 36250 11513 20922 39033 32211 35263 24385 19087 20222 38708 12992 3544 33642 18295 30951 6160 14645 11358 7521 27066 19714 35895 19360 25290 10718 30812 23556 39420 16339 37866 11674 10283 27508 24506 37248 9781 15779 33897 7103 24137 9163 32890 18444 19834 7801 919 37130 12607 16799 2273 16743 35510 19635 10164 1548 23220 28117 36271 34057 38871 6897 23593 942 1900 19810 26506 27912 25479 46
35623 37983 11126 18473 33640 5113 31869 22323 8499 38187 14911 39469 27197 556 13882 8043 30337 10512 8933 5491 33155 5731 15440 35019 26224 22070 839 14478 22897 5211 33302 36082 36637 24285 28961 5220 10772 13133 33262 22700 15096 35454 24982 19094 38360 14069 1724 32502 24853 23279 3431 8430 37037 39038 35196 34285 16518 35937 38042 4973 17851 39214 14407 15270 23308 11465 13821 9974 3371 17608 19507 19607 23275 37374 18171 32779 9530 21979 37613 23284 8760 22863 34678 9905 23965 34003 2157 23939 30115 5218 35007 2879 16026 24347 20370 8646 12052 39440 23108 2967 12131 12224 16563 19147 13121 8280 21532 13009 9361 12280 11053 2422 24088 14711 15396 39155 3608 29468 14803 18624 27669 1429 37176 9821 32222 19369 30017 35955 29450 23677 16797 5804 14048 8717 2649 15583 30297 10727 8754 34075 30303 35429 21128 8986 28099 18122 32810 2018 4234 12532 30598 22765 33867 1895 800 20949 17643 11480 10009 24183 39750 34149 11882 27010 39096 13427 3748 959 1298 19056 22667 5098 17088 32074 12922 31841 4969 25102 4457 8965 3756 2500 25073 28716 22044 28171 24861 21370 23405 22668 6732 30583 12249 31644 11633 23852 5477 8785 35817 36987
12148 16872 14416 18300 10542 38176 1881 9868 3728 6065 36145 10707 37260 27941 4488 2352 18245 22485 29425 8011 33427 12556 19820 36598 13633 29059 12027 31603 8517 4191 21081 10559 18881 26171 13767 35775 23298 832 37242 12268 38053 608 15413 4623 19575 2394 18672 19049 8170 12480 25522 13007 15582 30459 907 15097 5629 10872 37635 34036 30137 11940 4495 22649 1540 16724 22094 13567 2831 807 21333 8429 16626 25776 3595 28345 24262 7315 19806 8363 989 3931 24106 39441 39253 35078 38121 27923 28648 29594 11747 19060 37989 26059 5807 7351 26173 22063 13237 22614 8016 2014 32572 17592 16240 13994 13318 770 7287 587 16422 37482 25050 27843 15609 12205 14771 35205 31641 6127 20989 1790 20803 3084 20315 7576 6853 3960 17754 32511 16831 23537 38374 10741 36400 26357 1452 24863 26096 16759 29103 9422 17523 5622 9136 27674 21655 30493 14346 17842 1071 28158 34761 39661 14651 5640 35717 23849 11283 10038 28431 29728 6958 32304 27806 6924 23467 38250 37708 3248 7301 30121 24069 23595 8108 4401 4316 18224 33353 38894 10970 39601 29320 11017 13955 34786 14990 24034 4529 16007 32494 26610 26477 10443 17924 25621 26976 22984 37265 25134
37338 20518 29571 3584 30967 20959 22288 38638 5677 30522 12708 32697 11138 14987 13179 21640 25563 4424 11799 21139 20316 38539 14154 36791 27202 28321 38035 7897 30521 13400 13155 6312 13966 5370 4327 28017 13864 5708 9793 18730 16861 29456 8586 21130 14183 9788 36521 20748 6212 751 29378 32308 39663 2908 21732 1715 337 23655 30942 36872 9123 36662 22473 31064 12305 35058 8734 6538 39808 9995 33041 26602 33900 17331 7773 4388 35651 20449 38627 17167 3644 34129 3195 4360 692 33973 16449 19525 39184 22573 10403 31447 26023 4563 13657 33940 13330 37001 4351 28614 17319 30176 10450 34744 8860 32880 27237 10446 13324 2145 27518 20966 18391 31656 903 30515 27537 10988 27394 21022 30992 37547 21400 27103 19650 3219 24602 2359 2695 22777 14143 13513 1331 10730 3060 28949 5105 24060 38904 31598 24252 24988 35967 8113 3170 2815 24685 21585 37229 7498 28317 7911 23049 22578 28793 13582 18827 9270 24221 13359 7581 36280 17241 7143 33863 20835 13102 19685 28696 9580 8968 7690 11929 15882 7275 27123 33664 18814 27157 34011 18452 7881 125 35388 37712 21144 10981 7067 39871 17386 38219 23098 9969 24895 18344 33197 9481 34215 7085 32339
113 2512 37993 33217 9687 9206 35841 1002 13434 27873 34026 12977 18385 29613 33488 32035 27428 466 25294 10140 14608 23061 15570 8834 21227 31347 25478 34889 34677 19931 26681 20682 32078 7481 12319 24389 15752 33211 33132 6768 11292 25517 10345 10301 37728 18714 9935 34586 24119 19772 13362 16024 4403 7641 30778 25653 29931 39991 9412 39866 22173 4251 29158 10003 571 11923 2002 5053 24132 25231 4928 11170 17995 26492 7065 5203 36365 26881 39580 14269 33733 1363 11844 26690 30516 36806 1578 10358 5651 18731 23554 39512 288 9977 14011 24997 12475 38576 13217 4664 394 7266 17235 9323 22679 22119 20861 26431 22555 2791 20615 27739 27802 28876 10566 19420 36741 19184 36061 3037 22726 30794 6862 29633 13675 14925 26146 26593 21653 26429 11109 191 28569 13827 16870 3220 19671 10194 11180 11275 9638 6542 13902 27494 6937 10101 13270 28952 20275 12792 22415 7156 38546 20389 31616 14323 2592 23909 25440 32945 37238 34002 9050 39007 36478 3115 37874 37337 36153 20374 38888 10441 7806 37944 36417 22790 9151 39634 22523 36143 12261 7470 5467 22533 38319 12835 8041 6276 30534 1379 19356 29389 38868 29879 24159 38799 32215 37570 15144 23417
38802 99 31051 22283 11440 21981 5474 16846 14655 13281 14718 2526 32465 25008 16306 24969 15866 3915 2906 22539 25100 29751 14313 15610 24818 6882 19349 36324 4580 2113 22287 18737 14640 14684 34587 3144 4154 7220 13347 26844 4309 32534 22820 9084 22536 47 30801 24914 26609 6081 3777 35498 4014 37519 33001 31345 35085 8971 25902 37105 12227 34626 19636 27534 19333 36596 6039 23794 15973 31490 29850 18704 17668 39778 5862 18317 15140 38626 30788 17934 14287 1041 10414 16665 31934 29189 4838 25747 4151 22056 21369 8650 19234 8199 24212 3511 11362 26775 36670 1952 16022 15512 10855 7230 34846 14774 11567 5022 14162 25423 15506 32801 36649 9632 35763 17056 29577 35992 19538 7479 24323 26662 34902 16768 24431 30909 36956 24813 34763 14300 16123 29298 38519 12578 19160 34242 2709 20496 17465 13704 19649 5083 33163 27332 31683 10734 8167 7566 29357 29988 5636 15747 38859 24741 10189 10745 32541 17729 8706 13372 38480 12430 2776 5863 34485 39105 34162 33827 7149 38353 6781 18209 5306 11042 6971 29528 34383 13457 12344 31283 380 32768 30841 15115 14822 15333 13597 36914 17743 12875 26743 13404 1581 9531 15886 22472 26686 1352 28335 23895
33684 19353 2440 1978 29487 8964 34943 22114 37562 22076 9677 20266 32010 20154 26679 20426 20429 458 5749 23908 11811 5337 19853 8514 4303 6647 38933 6033 37327 37894 26624 29690 12409 512 13005 39783 27735 28693 698 24504 21464 31269 13159 34968 28547 419 2658 37441 7100 5072 34287 33331 22895 10156 20610 11410 17409 5219 33164 20591 30899 10482 4786 20362 20385 37053 18160 30251 12908 31256 20446 19264 18130 23961 38706 28201 30981 37753 14878 11474 1226 31692 38653 18247 10232 22720 29181 32571 7830 23444 27679 27263 33544 3547 23205 34301 34894 16741 17022 12279 12101 4817 7267 29082 31422 25530 32434 39354 19754 2309 2939 28558 9091 7735 15519 19659 12421 8077 25781 10516 10237 11447 11625 15871 3276 22983 32150 37235 2294 17961 9034 1555 39107 3879 9646 18352 15562 4112 12217 27799 10401 33156 27684 32957 18793 39456 34512 33110 28293 28840 23367 28831 7822 39151 11247 18229 35658 21272 13344 26821 29828 29882 35984 750 5135 33657 26973 5747 1088 16205 20137 22562 11233 35452 37319 9382 19832 34398 21122 2423 30268 20158 7682 36866 19950 11561 6692 5527 26932 28149 10706 4060 33361 21355 39655 35797 16063 1045 11325 870
13754 33522 25215 15956 29243 14338 18172 38880 1922 23315 31733 8951 24229 32103 38772 20527 17357 16647 28835 12400 11050 26603 27393 19350 10297 36953 37560 32585 2796 15474 38703 15320 6167 26614 1690 36896 20862 37286 15388 13249 34524 22606 24796 9861 32555 8917 11856 37375 14233 31886 18548 38906 25049 1225 7597 22664 31450 38836 10858 2460 22306 30456 21661 29678 10183 13742 35367 27005 2264 34116 17519 29832 31625 26386 24415 29292 3761 34234 36148 39062 11960 3049 36718 23069 7299 30306 39810 14825 9194 29004 1325 31329 719 31309 14356 19151 35228 12114 5809 3189 26101 2449 6648 28858 32899 6914 39993 21363 5395 9338 4386 4991 1603 14092 13942 2586 5128 38505 1539 38011 26958 18816 19919 21371 5496 37173 23452 301 31530 5462 35424 29114 32490 34599 36563 14552 36198 5321 21310 6826 38759 27579 15171 35117 1254 17501 6022 27513 17135 30845 26539 18724 20580 7935 5089 34045 38441 3259 8892 11165 9421 2650 19696 36255 8334 19848 1684 32598 25841 20734 35295 16282 29197 13233 18176 35173 34048 10193 3345 18508 15010 28195 18395 7834 423 10811 36213 26364 33524 20032 26591 28469 33656 12576 9444 28178 38366 12091 5875 20214
27220 28432 31514 1743 13956 34891 13482 33780 14112 29904 10153 9289 36313 38070 17498 1187 28218 23810 36356 6215 8210 14326 14059 1064 29417 38714 17617 39937 8813 29529 39423 649 39747 34574 8002 235 18084 29127 6133 28473 9699 18796 4636 28413 33844 28580 17573 11242 1244 35869 17227 13202 26839 37992 39987 582 7540 34118 16690 5102 30106 29697 14760 35914 31440 14533 39167 27096 24086 31165 19824 34436 24891 17837 26121 3033 21569 6417 19285 30647 9119 10792 6989 20146 31002 2835 12353 27265 38204 24104 21207 37572 8959 33114 7688 27117 2755 13073 30492 2463 28550 36519 20447 24478 27039 39133 17398 170 9553 28026 28223 8829 38156 14234 32782 16309 5058 6848 11010 34990 17724 28213 29837 27506 25336 32761 39582 27384 11898 27470 14741 22237 4242 15035 6224 24348 20313 14995 36510 39816 33577 18867 23969 29863 5783 6642 35515 57 23289 37839 7513 8907 13461 6790 30563 33521 4110 38850 4512 17885 10869 31807 4918 32864 18144 32660 14661 13286 23728 373 7512 18970 23652 18556 15251 4067 37634 417 22722 28300 11118 1826 16567 18961 26314 17077 1577 32684 33585 24032 30533 38566 17239 28838 15793 28411 12770 17717 10373 25135
24801 34848 362 37329 38118 31150 23968 8741 17877 32059 15178 38948 8769 26718 11493 3888 27267 3947 29303 22551 14603 5923 22925 5104 16573 36461 34924 17609 16220 22451 35092 14961 9626 38214 18681 18097 16179 35842 26848 21384 34711 35665 11950 31539 33374 7794 39255 37323 18715 19018 34322 236 30692 8223 21213 2311 38373 8662 20113 20150 6201 20376 39345 5033 30269 39413 28449 28271 29053 6205 13021 34974 27042 3204 9 14964 32656 29586 9605 13039 11966 16405 3053 6875 22577 197 23387 31877 32508 2408 20474 24619 1544 32694 4807 17602 25263 37664 26460 20431 17598 23741 6156 7349 5660 14475 38213 2936 3621 25159 36346 3365 24762 15980 9599 14172 9729 20936 16739 26886 28108 190 12979 24866 16735 1156 7788 25316 21199 21851 37178 16469 5295 18201 29861 13684 18252 38681 7664 13415 29925 21427 19809 33402 6728 1495 15187 4856 17467 21772 34268 35538 25799 39454 2074 3159 14018 20309 13779 23408 26323 13670 13573 14364 32643 15363 31350 14742 39238 18197 23719 27231 25711 30944 31110 11718 29949 5018 20802 32594 30695 37789 5967 29060 5237 1636 36364 18614 2105 34658 34490 12276 21547 19536 1735 13154 24771 37423 34573 6520
23500 10076 14135 8435 6559 35438 36355 15855 30736 1634 5257 24931 13490 38033 35340 25616 37934 4915 37565 31588 34878 39003 15548 7245 9045 30485 28147 20907 29095 8451 13696 4346 12298 39961 13222 12641 11915 39326 22630 2304 28240 30504 24791 35338 3586 3301 1541 20372 36045 38981 10265 9614 24061 14404 38811 19477 37591 34496 19704 36270 13852 2790 1557 35522 22634 194 21372 13788 31695 22718 27252 10093 35646 35995 20563 27485 34154 27356 33183 16851 12855 10726 34264 3447 31633 5087 29916 32706 34804 9594 28296 10622 36154 31825 22920 7747 7160 18996 1822 20409 36332 34031 32041 32800 4681 2454 7918 19585 3353 24005 2998 11650 20395 14770 11444 14652 18660 18342 36354 4978 29646 3028 22734 26988 39099 10676 21886 32802 5350 18381 35769 26200 24870 11280 25195 7153 27590 9906 19480 22042 29055 39106 9348 24532 23455 27631 26549 24467 35843 20691 16280 38279 7908 32372 11081 10128 6379 16414 7294 8820 4828 5927 31558 13659 23229 1680 12746 15689 11864 29950 22005 10220 10644 37230 7661 30421 37665 4499 27333 17019 31743 21753 19180 4624 14598 1919 2595 23208 3213 7625 30965 12883 36118 30998 31998 35934 32125 27557 33079 2964
18641 9110 25847 11620 24797 28596 25252 7494 39698 20730 26901 32470 18684 24197 34756 14459 36757 26152 9407 29449 9742 14817 26504 32421 12819 36728 2019 11755 4162 6184 5154 7863 20575 34836 16018 22538 9228 3392 23707 14514 12336 29712 27137 35065 26660 34257 28252 30226 18047 37054 34814 2538 4558 5586 5724 26011 37548 20821 5734 13008 32216 14235 25942 11516 27838 8017 340 14418 11258 39078 26068 7567 34692 39531 36070 39391 27816 28330 17096 20914 10547 28737 31095 13486 37190 15782 1307 9829 476 9321 39627 897 1737 18115 12468 25769 923 26989 16119 8851 39605 26055 18248 19014 24498 19340 34892 11563 35625 27659 26509 32898 29807 36710 29802 39879 5872 15046 1783 11992 27622 31814 2946 22911 21006 23755 27388 35119 38197 31258 34780 38064 15238 9590 4223 30131 28778 2376 6141 27268 10041 39180 23256 11072 34776 33766 8807 5014 7024 31804 2714 34019 32255 22332 1914 32925 8084 35195 28465 15529 24858 22282 30789 30581 20040 29878 3939 5109 3720 23377 22617 9860 2951 30152 247 5130 11779 37390 2833 36181 1869 14901 30617 4917 17548 13177 12986 34566 104 26111 33871 9133 18062 27367 31963 5506 38878 34163 3040 8509
9676 34633 18108 3838 33683 17678 11602 732 20136 4235 24887 11221 23074 8934 35559 9650 25221 8400 19586 28016 13811 6073 9506 30977 3264 3588 19330 2363 25775 20834 7169 2111 32946 9734 23538 25415 28066 19099 27498 30325 30627 8625 25752 20574 7123 24338 30438 24300 28593 26074 6049 19484 11249 27609 21319 33418 39285 10888 1838 37587 4175 19297 39442 33127 28591 19295 7259 21847 12434 33676 22169 6660 32238 32827 35862 13259 29989 15075 12464 31211 17128 4718 30656 19920 6057 30685 21285 36646 3104 10448 1478 19602 19626 36627 35157 24570 10264 27427 23080 16059 20738 34500 19073 38720 15416 18743 5259 15901 16510 10963 22753 38251 16465 17397 27314 9661 30061 2338 24428 25618 29232 5551 36273 8329 36060 27173 8328 37731 589 26568 14355 16592 21093 12535 28888 31891 3623 1707 29273 21658 26439 39933 24105 9233 6677 28809 20208 4137 13493 35116 38938 11494 26899 16248 24525 29212 6557 18090 23856 5785 15429 8498 17015 295 14646 27626 5646 7742 26249 10171 16561 29756 23186 549 11234 10023 10593 2834 19908 34083 22441 14999 30792 17619 26214 33417 15389 32718 22875 9585 32998 10941 18093 13477 35453 3086 11332 6347 19597 22031
14318 37952 23421 31320 29811 4759 27819 9037 39675 2578 5450 23272 28297 4123 19684 18579 38371 2495 25068 39359 13044 20076 6979 22646 35023 20078 28774 3290 3207 26383 8005 31187 33409 11341 16655 28540 282 19805 16562 32832 7219 19576 14506 27345 9770 33568 7155 3518 36701 30694 21917 15254 19702 31034 26190 36306 18181 36101 39906 36275 34856 29838 1511 32596 3228 23321 1376 3597 15437 6373 29054 29318 24676 129 34932 31538 2797 7350 23003 23260 4311 3830 25376 4252 37740 729 7136 22132 22178 37782 21823 34584 30500 18940 2461 6846 23902 36667 15002 13945 26951 5437 32840 12081 22357 8314 4334 16493 39382 39406 34368 8225 3019 33930 3820 29349 23783 18800 27100 37972 5876 8504 8104 34592 13892 26018 60 19763 11373 13003 34108 14879 30550 470 13917 667 29231 7117 20642 6442 14974 27898 5778 6494 37775 32498 16375 35016 1819 7677 10511 5980 31314 26245 15045 14064 29151 26407 18829 28347 3762 23378 12709 376 15889 12887 31213 36392 35490 14220 27512 24690 3358 31854 28670 17442 35764 1934 24395 28505 29191 14953 34364 33012 25817 1437 9634 37624 15631 37134 17084 9675 19715 38093 25792 29585 15644 19067 23237 3650
36259 30904 21819 18173 38774 32457 26495 27968 25461 27955 33674 10592 36090 14213 25236 38194 13257 36303 30781 10167 26981 39784 10929 7312 20736 26737 9997 30608 10879 36218 9825 1451 26925 2813 34910 9923 38091 25554 19821 4727 7168 13209 8857 3979 9893 3119 39136 38103 19291 26736 14285 9432 23410 6016 33517 11807 38170 3486 11103 14957 25734 30828 14056 34100 5120 4648 19703 25080 25079 2929 16801 9051 26395 15834 10585 917 21235 16412 32889 37365 17869 16333 20360 23366 14457 12575 14730 15556 34614 4583 17915 4662 13100 29017 33423 23251 15604 34411 21132 20635 28357 3973 8053 26687 18321 37965 38959 7161 10607 38430 6268 24503 37848 26310 8271 9284 31219 21644 20816 21827 25933 17518 34707 23118 17198 34510 26292 11442 20868 28181 37295 20116 8200 20213 3767 12118 23873 12210 10331 20258 29619 23105 38633 30382 15110 39726 37921 2155 2177 30766 11005 24236 17700 1315 13033 2319 39179 27119 36481 24489 3179 27638 25395 4280 23733 14421 24571 769 37946 23075 19199 22376 28951 5012 37522 5391 17150 2806 32352 9769 26797 10400 25919 24160 6194 12905 36687 14275 29570 10075 12571 39539 14528 25663 27696 1649 15686 26164 13449 30861
38541 38502 30775 22621 7873 36372 19666 16545 17099 29923 9067 18583 29997 7883 35240 15276 6486 19718 14444 26983 19422 26408 12494 1444 22971 14273 34954 21489 18854 15507 9039 33981 19179 37252 27847 3454 18074 15470 29370 29443 11091 33679 1893 8609 36409 3218 29130 6579 39061 39905 21234 3629 34857 36890 20324 16081 37627 8083 12509 13308 30919 31078 22 17432 8572 36805 39887 14084 15920 18546 3852 6553 37048 13624 17562 18238 32080 8158 15486 26335 3465 725 30803 12604 35525 39188 11398 29833 14196 20369 18189 37096 9667 33345 33731 21010 29938 30824 7319 37287 28557 25770 8795 13057 2942 21254 1549 25819 3206 8440 7813 30339 20167 37840 24806 28308 31520 37315 16139 22370 16619 26161 31964 6829 10654 32637 19403 24958 12368 17932 22017 38419 10795 30670 28334 5613 4953 27825 19949 33941 20613 39274 24839 24245 9708 1817 38831 15201 28200 14375 22788 894 30449 9848 15249 27331 39653 10410 16920 21982 33854 3903 224 36682 3517 23562 26483 14382 18431 13644 23880 23246 20918 2751 23082 32574 9238 37590 5387 36571 38082 28677 26387 27483 26370 3693 38238 20935 34460 39328 24773 21715 24028 32420 13495 21311 39246 26391 31694 8893
29836 347 38290 9932 39541 17584 3000 4161 33509 30674 33687 13203 37673 4076 4677 20106 24010 12963 11235 38951 35043 11485 16138 2120 38367 11831 24594 16030 28612 32115 39037 15357 26170 28361 19688 6236 28695 3006 21168 18125 23935 31178 10313 21140 11597 4959 29579 36495 11429 39296 17674 23136 18018 9179 21949 22286 37049 23866 30679 8422 16284 28806 37821 12629 13232 6694 23391 17487 23309 30034 6344 25822 35150 23801 36709 29201 343 8018 22074 30030 6408 15873 33678 27213 28015 15055 20692 32094 11432 22936 2788 19864 27490 20566 10759 21170 22345 4343 26411 30058 4190 31209 19625 7825 32663 7523 12938 20623 19003 37427 16857 28844 39759 16132 685 33236 9038 7820 16986 26830 13588 23724 31137 39350 120 12248 1471 30084 35118 18790 20883 34540 30852 217 15377 30277 13158 30110 37743 16751 31540 21159 32273 21440 23343 31013 20248 16669 37653 26400 17048 32052 30527 38287 27448 29872 20938 29083 22159 16244 33898 38560 1323 29934 23722 30480 15379 29041 2176 20630 25412 32532 33561 7652 15706 15148 2673 20806 33966 22386 2575 875 24185 38127 4385 20585 27930 13396 23699 1486 35950 35329 3685 12715 18809 12451 4742 11679 3150 3369
20632 39119 173 34442 39043 17279 16340 24547 8270 3702 37283 15649 35499 25655 27657 30915 36479 10722 27795 12821 36323 5284 15098 35671 14163 14984 30494 8571 595 35612 36439 17468 18050 34679 35110 10675 17887 7285 12503 11796 9070 26788 31016 33929 10291 24595 31265 391 25248 9596 28719 11810 30078 38264 27016 12021 16436 29379 23726 31840 10321 13405 13606 38930 34475 29304 36349 5642 5174 21577 23826 20650 34942 14968 32345 36092 15730 36804 24294 37258 6527 23495 37434 38750 34749 16853 34102 27421 6733 17318 18909 13645 3044 24373 16863 29033 12988 16663 35936 31526 6132 4532 31680 34392 2102 13011 29764 14138 26280 27577 19008 25939 33296 26048 2220 28989 9571 28785 6995 30022 39124 1182 16428 15603 324 23254 36864 37432 8954 12349 1028 82 39678 32632 30558 27728 36015 7725 1278 28478 9810 5647 28022 29452 22991 22755 16397 12911 10248 7887 16532 33951 38018 33562 24996 11158 14519 13413 4619 24614 26515 2071 18289 6625 31955 29076 7855 24626 21942 26682 21546 20327 17940 17262 7436 25430 3969 25130 21977 35212 4408 13896 2931 20008 5501 21217 35951 10500 924 32247 17 16585 8657 1954 20707 35621 13268 8407 14623 28348
39338 23893 80 16276 7430 18387 23050 4873 34529 24822 20052 14147 11303 6308 33759 3396 16905 32595 5657 31143 33465 16826 18999 4938 20923 8547 31437 8425 15974 9304 29100 39737 22807 4236 3638 163 24511 22749 3655 17027 33596 16346 15903 26911 19630 37433 28397 11684 30908 4055 24309 4059 18279 16108 26468 24471 23919 7515 10702 16483 1252 31245 34826 27540 12294 18725 38656 39893 26750 23073 25992 29239 11805 39610 8647 6506 34650 5544 36263 12631 12614 39708 2802 31910 27862 9725 35457 2632 32298 16650 14298 32466 2303 22859 23891 3406 8176 9588 22738 7696 30749 18194 20552 29544 37927 15031 23338 12250 5556 29517 13782 14531 10245 2183 37916 33755 28604 28726 7021 32155 27043 31896 2683 17143 22411 19795 37616 25810 35235 225 36995 1336 8589 32384 30893 8669 24738 12624 29952 5267 35800 1610 397 13063 15158 8853 30108 19769 23096 21052 5941 4641 9766 3523 20168 22892 21786 37772 17226 36610 29246 25897 14628 3799 24378 7837 1386 27832 28464 22987 32219 30632 6047 38167 2779 30808 37139 20533 3224 214 13539 7398 32048 13622 5902 18662 32046 20461 30979 37533 38751 4222 34261 21023 30644 11466 8756 33840 27702 133
11766 36210 7361 3190 18011 39048 38169 14805 22477 7222 3684 24033 9316 36973 33523 27071 34021 33893 37551 8384 4166 6330 1652 32201 15945 32029 1073 27747 1474 38439 16955 15912 16016 19551 4257 5663 30168 1217 32471 20509 14680 36288 35661 7975 8685 6689 15698 30134 25495 22884 23180 4438 39668 14898 26561 36257 1726 19800 1651 12621 20624 97 8805 3674 32860 35512 31335 31851 37884 22232 6709 32231 4592 4743 27166 30602 5079 19771 10178 24715 20611 15411 22639 32739 6002 34612 6229 1760 13136 39710 17679 6177 22126 1508 13823 1852 9454 29582 8131 7505 15750 35740 7236 2212 18128 39081 24788 24359 4437 13784 23844 3232 30566 16949 11267 26633 36934 16373 8722 32171 25174 13809 4477 36904 30969 21806 10138 23621 20545 34313 2564 749 24935 11228 23089 21988 34988 2270 4470 28289 27235 38876 29760 18668 39267 38552 17852 11314 39552 15264 3992 34561 29419 22162 3561 26194 34606 3155 16319 34408 28924 14015 536 38190 27687 9846 12063 36172 20628 30123 6450 35176 6748 14570 17543 8708 4723 27375 39667 11171 3542 28772 16962 38925 19239 11828 19770 1272 18806 14406 30056 8455 38059 17862 33670 16332 30783 23063 33811 26691
28188 11683 5318 19157 7358 2819 2012 18683 16775 15898 32503 5998 5484 36414 950 35777 20856 38689 28389 32443 38745 33333 12386 23763 34530 49 26457 30130 16793 4992 3122 8151 39194 35343 30246 4313 21169 32607 25883 33869 6422 25766 28025 29391 1351 5107 25054 9996 10484 2231 29432 37487 9753 2610 16834 21439 16602 27217 13142 17811 10788 342 1700 7184 9946 33158 37076 35098 1725 39337 36547 18781 29286 4617 18699 17159 31576 38119 20523 20192 25714 6299 25880 15682 20169 17711 22744 15449 22118 9423 11959 13300 11214 23319 10459 11464 5315 21143 25146 39084 33616 26367 29168 28525 661 7086 11558 14314 12611 14681 37969 34328 17695 17748 22724 20156 37508 19958 30392 2636 9185 9894 9349 17340 27668 19543 20975 25772 7157 6440 9797 22602 34082 12289 21888 7998 20534 13728 8559 15313 12488 9306 23171 21550 25671 15510 33818 15742 31359 23671 2883 2872 21801 27130 8667 24308 8902 14629 16430 7280 16370 19383 19273 7393 9705 29442 19675 36277 6667 36969 34608 13575 19674 1235 18861 29902 4464 7663 23531 17863 12265 31846 27685 27879 33505 37718 27444 12007 17436 15456 27091 19590 18850 29610 31618 2615 32213 11026 7896 27612
28570 14470 24983 2963 28966 38607 20269 20709 23618 37061 38029 16597 33307 995 6707 9086 36471 7524 13335 13557 28791 29842 18933 23761 29030 26131 28744 17066 669 21320 16829 36463 19858 10556 30162 15221 2808 23957 25200 34018 20308 30847 33924 39774 38189 18182 2915 37762 7917 35422 21119 3713 5086 19339 9447 31454 5470 39014 12924 39542 27218 30941 31566 32329 17721 32197 6231 18916 16969 16983 29135 36389 18538 8661 31543 22746 25647 7520 37685 21771 12965 564 11506 28713 18896 25271 17725 15962 23943 17795 35536 3498 34052 27611 2402 15905 39389 3205 2478 21848 650 24943 37734 28822 30114 14909 28559 6640 29644 19063 2386 21215 1092 23446 19399 17108 35170 34074 3499 4697 34971 13276 14336 4526 15382 2247 28210 1476 34481 20057 16970 35922 34142 19038 4473 31568 3077 14114 28366 1598 16294 31125 25904 10881 13221 11517 6800 10034 20062 29539 37741 17313 35761 12681 38407 13740 10522 10070 8929 35439 36274 22487 31750 24642 37276 15883 25945 10845 11638 9318 31716 26319 38114 38577 7878 35891 30498 28750 17414 23756 13791 25084 4663 30995 14887 16874 29781 39018 25937 37725 30524 12775 24679 33700 1513 8324 23973 5624 11482 18418
28 21462 13613 34623 10984 2828 29982 28908 25891 37451 32701 35856 14941 35073 25490 1181 7672 4443 26489 3917 15833 20217 31818 6710 35632 15681 2616 19382 3456 35668 5600 37530 38405 34552 243 27278 39548 24633 31909 34624 8683 25735 16922 27748 22743 34120 19208 9879 13875 13721 39863 2297 37019 27837 16734 5818 6098 10086 21528 15153 35994 29206 13765 15373 28500 14257 19751 13123 1017 10962 7175 18510 13376 7979 29865 16720 38887 7795 32819 11417 6716 411 15182 37649 12234 38517 14823 14735 37793 11543 26738 28039 6293 39265 20912 16075 7058 11699 23493 739 30374 36903 39069 13329 14727 2222 26680 11951 29092 35311 34464 18374 39464 11577 11680 39842 30410 33084 25627 38009 32295 7779 122 39951 3556 32022 18884 10698 37224 8548 20092 18573 8237 9273 15444 20026 7037 39364 31492 29983 2930 11662 20122 12172 15315 27975 35965 8164 29799 27776 23821 12542 25317 34738 36599 36261 6020 20764 37336 6192 7199 30181 20470 25210 33880 2555 7124 6149 3981 21193 14785 19672 26768 14723 37668 39746 13554 34396 15781 16130 25408 35441 9880 8273 11655 22674 39147 34167 3741 19781 39040 27623 20152 24092 25164 32127 16351 26472 6340 6930
39012 30235 1781 25539 29071 10324 22379 26649 31769 4169 34983 10238 7342 39211 37683 7094 18421 34767 21557 36330 10746 5682 25546 480 36325 28162 21968 18642 2456 29153 3361 38027 24059 13363 25476 24070 13887 2462 28639 13054 264 31000 6688 20237 21236 10176 22468 38112 26749 8042 28970 10039 21622 33035 15875 30870 2357 6652 666 32302 18803 39931 3436 31829 20392 7673 3187 37696 4891 4084 9610 36149 29190 39494 14158 27691 36626 30288 3145 28622 39989 15560 815 6512 21270 33232 33638 18187 18701 3333 16194 15418 13591 6477 4446 27665 27343 3944 1269 32224 76 20179 3911 3934 29485 32192 13518 3313 16508 9819 24539 8438 31368 25584 38420 3274 32754 4404 30057 30295 23533 37619 3163 37870 14784 25322 16379 19123 39488 32042 37326 38136 33885 1510 38483 13361 1301 25813 22474 36485 21068 31831 39607 25575 28462 28318 17439 32576 3744 29034 37201 21398 13819 15134 7926 9172 34324 1771 26193 11528 19499 30552 18399 2584 34865 7165 25031 2159 5635 24911 20617 14333 30585 29630 9706 21781 21994 23541 19535 4157 10120 18336 1740 10618 22258 11374 5789 25151 14710 22846 15982 150 16904 24536 27892 27724 10015 32702 5006 9707
25325 11504 22585 31665 34504 19471 31021 3269 28070 34282 5956 16072 28969 35256 37991 8261 13230 27673 1831 21548 39727 31629 4212 4200 1871 34515 9164 14907 31166 2427 22713 17070 31286 21965 28245 26675 30615 39394 24669 24558 19876 31688 20432 9440 5228 22198 38012 1288 24251 9688 32909 39207 3056 25928 30082 8915 12456 34951 7382 23967 11437 9631 12891 9763 21779 14488 31217 20390 31773 21700 14502 3841 29578 6606 20586 16342 30026 21795 24155 4776 35473 16948 3257 25742 8235 20457 1319 89 32631 17283 22110 9475 12800 3376 33150 3059 8150 11924 15479 19115 15627 21706 13152 7019 26694 24703 30544 36798 37706 29345 25899 2356 19332 8772 10492 31287 4226 10687 31104 3515 6008 6209 22672 2093 8707 19785 13220 10520 38865 1446 26946 20909 7592 3148 12648 2706 2321 17201 33704 15335 39135 298 2347 4286 29258 1057 27451 5329 9612 3625 15420 7132 20643 28204 29857 2606 8037 33825 14453 6858 36830 33877 13817 37091 4184 28723 36449 25082 23650 2745 30229 929 4834 19939 21345 27079 11356 38731 22335 10946 29123 33224 13808 27207 19307 3039 8833 26328 27283 293 30453 22165 9367 35357 8842 36902 6157 12537 27455 38078
28509 3982 29555 39279 849 33569 7636 33485 124 6101 23032 38961 2907 14405 9640 15234 34916 16245 28930 6868 25439 2688 28864 7849 12732 39901 32923 36419 18363 30945 21175 15928 30291 29093 29224 22299 6518 19972 3828 25528 15213 22570 11926 13360 37218 32343 15654 11863 11901 395 1214 9831 39102 4571 10174 34547 9984 5305 13587 6969 20083 2100 37863 23747 31363 35670 15741 33991 7937 28359 25929 21617 34148 21947 11632 10145 28351 14451 4012 9904 10569 25877 19860 28490 37059 9608 38934 24963 37639 117 34258 10550 30227 5334 32882 22419 25425 6627 20108 38043 19762 32704 28520 36314 18442 9922 35618 14107 16836 29094 19178 32178 31257 4993 28636 30791 535 32655 24661 27600 26081 23738 39357 33438 29511 4809 19193 37369 38281 1747 24753 33563 678 24986 20793 16937 17496 7257 21250 22654 592 26179 35694 23931 38556 3394 24648 15771 16298 15934 9017 35359 33960 28529 16675 15784 35485 27520 37170 33922 4534 31664 39550 14310 24312 24209 30412 21089 29681 28714 28492 31408 14853 38644 3632 3425 27017 21592 7885 12511 22761 10113 10904 37241 38658 19595 25506 30080 16305 39005 39298 37606 16258 28242 13341 34531 11347 27441 27037 31541
27436 27575 9717 35903 20016 10029 4975 20990 21537 5493 38174 9113 15467 6796 18240 5368 1988 17767 20212 23721 19680 19460 3522 10641 30925 7684 29622 20382 22395 16553 7644 3927 15643 36797 25170 8527 14832 1424 20493 14252 35236 56 16660 31858 25011 8814 12122 20402 9945 20218 36928 15528 9365 19929 30901 12944 17597 438 26029 15515 20668 21978 7905 3977 53 3045 9147 1846 17533 6158 18982 22509 13998 12277 6773 17715 20964 17538 11689 1475 19348 36812 10538 31387 2754 6844 13905 32227 8436 19733 25970 38421 13666 14776 5251 30278 19505 38223 1124 28860 15433 10469 20298 17645 27607 31927 32424 7309 34274 21258 26211 1772 34085 18677 19473 28391 5521 36424 26717 25930 11388 31499 39716 2450 31864 39830 18747 14133 36413 25358 12852 23305 10597 26076 25845 38298 32152 6798 30452 1003 33920 1942 29852 3325 6030 17445 5245 37284 15599 30772 29748 8921 31922 3458 29162 29523 31857 8242 18216 28021 8006 5823 5229 25473 24392 17266 31014 37998 766 27238 13638 17342 35747 8608 17796 7208 18458 15260 2635 7108 19380 31463 15175 34266 38648 26231 13985 5172 32721 7001 27901 36244 27891 14198 19814 35859 27601 35111 30575 37561
39430 17699 34594 13320 29776 2666 8873 20843 13067 34908 10334 35405 34577 31435 38670 11128 4654 12589 8447 312 16131 31912 32062 22264 17953 2195 17236 28104 19917 2334 30025 5055 13078 39268 15939 35393 10587 33022 5139 13481 17500 15650 36029 28959 21693 11982 824 35211 13417 34740 31505 29960 18990 21850 31752 3312 32699 2166 1650 28861 25989 18045 4905 35626 5463 27992 17550 712 36405 8825 36970 21172 20752 10058 17216 7038 17539 18261 6883 34855 21005 37727 27994 23478 21092 10148 28783 6500 36366 28076 15998 22019 31567 23206 13414 10412 27945 12429 16558 2481 33501 17258 3686 37796 9759 31638 10959 8505 24181 778 5990 15924 14928 19623 9467 31783 7214 2881 16056 18242 38571 24015 22296 20560 34570 17982 31029 20749 14807 9411 34092 32949 6715 12853 31562 272 38270 17762 22122 39486 13182 31628 17871 5841 10072 13717 22900 23274 19850 18607 36707 1762 4115 26289 20917 17946 37841 27433 32650 19124 8446 23954 761 6086 2944 18459 13436 24917 9833 31511 18810 26216 16705 30060 3501 37197 16579 20050 32963 10157 17719 27013 22371 4105 37845 22128 10545 18865 31882 10208 18284 35253 18468 16595 34431 37981 3680 31086 36208 33315
11223 9168 35799 17413 9929 39560 16763 29860 7755 32110 33226 38447 3429 24268 20075 28338 23376 31706 38528 21959 19167 26562 28055 22620 19759 1685 12362 9595 6380 6947 25721 4047 3861 5795 39365 13783 36938 12413 17506 37736 29998 15065 31673 39896 21501 3802 7471 16950 24632 6977 39801 7853 32225 20085 36912 25105 1903 10912 29039 23697 17891 10798 34291 23526 17832 5558 33223 7207 2629 4720 32509 28416 20857 38434 23800 31838 6699 18709 37156 28304 23619 26212 35819 19195 7379 21418 26588 28516 14621 34327 7605 17136 23720 10809 27447 7869 33452 11840 25113 24709 8386 20285 3126 21469 15137 26374 3797 24129 33539 25569 1834 17483 33268 19338 39431 16721 37518 10957 4486 38115 4633 10609 10645 34797 4913 11048 4307 1384 2667 23687 6802 14317 5832 35890 37691 26805 1215 36990 4634 35546 15774 29064 27397 29822 17093 7329 35743 14098 32712 33625 19066 3891 32901 35645 18312 24191 35024 24382 1046 35765 12771 35615 8798 34721 8668 5205 37596 26643 11629 27110 27764 445 25448 10494 11522 25192 5766 36128 35584 34533 10243 6562 9025 6190 9857 7129 39676 2542 7872 22879 17113 26528 19897 25392 33204 6357 36927 10572 9755 12329
38942 23947 102 16900 21024 6911 36531 23534 7539 5901 2965 19054 21688 24780 6262 13244 11284 35872 4496 5533 25600 39487 6681 20908 9889 10286 26153 29775 38355 25915 33882 17629 10116 14260 19241 11931 23385 39809 30765 20913 23838 26943 17509 9629 37757 27087 24568 35448 13172 10720 24479 17202 16688 18639 35354 4818 25181 8080 2968 36057 7665 32672 29439 32330 10652 6306 22086 17682 11113 38692 3540 35966 36040 30924 37831 4560 31735 10655 36321 9166 26956 5137 33435 4911 22521 12801 5571 39030 5517 25320 7565 37303 30000 17712 3024 16012 8616 29640 36116 35560 32816 18739 39666 28134 6963 29278 1462 11841 16158 26570 38917 18695 17747 33784 39930 37829 23036 17899 32854 15740 21424 5692 26122 17613 32921 10485 18927 22038 23736 31516 38443 26971 30718 22265 1848 9472 15880 12427 3433 22560 8568 4271 13448 8764 33192 8153 23144 32966 35780 17876 1566 18534 28425 4699 18290 10743 4398 35667 13157 11806 812 4490 30507 14791 28979 8097 3266 34595 24050 10670 9908 25691 17156 34401 5351 8922 4133 33648 10931 1576 19728 532 39283 38265 4036 11424 19883 26432 19512 14913 31715 26192 1134 21873 6759 33663 28628 34295 28246 9239
1632 10997 21220 5335 2248 34229 3690 13833 34641 29164 24362 13393 879 23690 10902 13934 12967 593 22932 15084 17987 25094 18060 24488 20148 24828 29131 21913 29348 6191 28273 35470 10060 13771 11781 36241 15769 18565 1239 29488 18161 23422 39624 18721 426 35408 19409 25427 3596 38709 33597 11642 3956 19141 19194 5983 33154 12682 23202 4537 16591 20462 10659 22827 18141 28568 5389 35736 12130 12937 21534 35520 10906 12564 37701 8308 11123 21906 9390 22319 31465 7800 17823 4395 35996 20947 7104 17587 22841 36699 14063 18560 19090 779 6630 16141 12749 15442 24381 32203 15845 14447 31755 14440 11958 12287 28043 30840 27907 1784 13961 38485 584 36555 25786 2903 22304 802 12711 22366 16557 34409 19352 33688 17339 28856 32217 23854 36480 1103 520 2097 515 35223 10979 25085 22310 37774 16877 22139 26913 3504 8370 35721 35975 32284 501 30262 8847 22518 22569 33032 22408 19169 901 19775 11604 39248 26340 8926 28292 5968 18901 12577 35189 8263 28294 22547 9275 7870 29933 14414 30103 4898 20851 35628 26371 12255 33560 27467 25153 27671 9459 38779 1977 16693 2227 24888 8920 13831 4382 37340 37637 9116 15060 2442 37830 23458 39289 23505
26204 21459 17701 6824 29858 15311 2418 12004 35596 38604 30651 28891 9249 17659 11094 29070 32610 26379 1499 7243 2782 12066 7227 3366 26774 24583 35208 8896 34296 25501 20079 2470 12742 16738 12074 557 33437 21327 29262 14442 18401 22341 9651 4859 28543 147 11868 21516 22384 13694 16343 10865 3612 19187 26766 6291 11178 37411 13789 14746 37368 34923 34434 18265 9458 28944 12013 17981 22300 17271 19044 17909 15160 21608 25237 11914 8267 12120 1349 23798 24409 23461 38530 17163 1797 19842 21421 27301 31012 26013 15664 19935 35462 10181 24718 2289 29908 23215 6005 21386 39004 29309 28921 35793 15327 37497 14045 24936 35221 38048 33426 19952 30142 17277 17604 12241 21889 28869 17029 30439 16506 4119 3550 16645 7718 34708 7040 15975 9255 23834 18354 20287 35082 28146 13563 15618 27478 23506 25402 10202 7946 18357 15737 35048 37288 30723 24124 37527 39460 39056 32003 26090 1007 31601 3160 26869 26525 16171 2655 2547 15102 23162 11448 2905 4893 32566 11376 4779 4985 3815 15427 16805 2411 15139 34109 29616 37509 26741 24153 5915 11861 26511 34497 11711 18669 3289 11037 26467 26066 8759 31274 32570 29766 13352 4293 17358 27813 2933 4083 11824
36374 1174 17964 21495 37261 18390 6653 2861 32230 25493 33239 33899 13126 15858 16008 28585 27690 11849 31227 17988 3063 16661 15588 39944 13004 15739 18752 30625 25888 16394 38912 26316 15020 9878 5621 35913 12870 12743 26197 23076 22292 36430 34795 30604 23914 970 19334 13506 29504 3181 23620 12443 23042 13322 13101 4882 20676 31057 30787 36523 23160 39696 1245 35450 17661 36585 33396 30318 12864 5931 20665 21415 10319 149 38496 39521 1180 16474 38397 14038 19699 13585 7008 27351 23555 4237 26883 12523 7774 4545 36871 20808 33553 18113 34347 18618 2803 22206 14547 26965 988 37459 33260 18920 35778 31315 26423 24574 39928 26127 1874 32962 20181 16467 9483 12538 20320 23646 4132 8627 6495 16582 36966 18156 34579 30538 393 23268 37302 37738 28278 25589 26397 25348 36075 25516 4439 1556 20884 16174 23660 15979 29665 7313 38390 35991 4342 19152 2590 13119 15286 38939 11881 9182 27350 39870 14350 13520 12419 33270 34866 6865 10732 29331 33979 2399 13927 37660 18304 13925 14717 14637 20436 11661 31983 29035 17904 20002 34276 33778 8539 28192 37392 8192 37878 31736 20383 5735 17945 7328 35828 14696 17217 23352 6455 2034 3818 10876 38771 406
12649 3819 11427 37429 33459 95 36155 946 1060 21904 24464 24424 25963 2412 4595 14417 19941 11213 23509 34093 13465 6204 26015 21676 37666 34527 1334 33743 32055 3362 31982 5595 22040 24327 39484 10476 9066 36900 17161 14756 12365 8826 24224 38383 12363 23127 8025 24145 35729 38334 15902 24852 19052 12516 29398 28493 18232 27790 3231 33446 27646 33008 21626 37384 37122 618 9834 38294 16120 3171 9840 27634 12505 36163 12141 7995 21027 9576 6162 16529 35081 32877 32476 39629 8076 29438 25911 26273 13247 6316 23353 33659 36406 3381 29568 36743 4192 35297 78 24644 34308 38095 14530 30312 15907 4029 5563 38545 23960 15899 5261 22703 12668 14474 5270 12953 20945 4071 7323 31220 26070 11688 7089 17814 8635 30819 36788 21602 27035 39626 21555 27953 16952 35015 15143 30443 16636 22975 10338 13844 32433 21954 17448 14976 24567 7231 30346 39647 5590 28051 29650 6683 8810 14839 14441 18492 13893 10887 13426 14202 6587 9041 21287 17046 31060 20041 31473 23380 26151 39758 33440 33711 20777 22752 18770 775 20254 32196 23307 23759 23288 15003 3724 39020 37801 33692 38698 24957 23342 1155 19837 15968 2497 2330 2433 17605 34820 8331 14847 22821
25604 9853 1811 5052 6637 38229 7687 29927 20822 9949 38835 23143 34808 20629 14303 14342 33580 1466 115 36766 10524 17640 36276 25562 28209 23776 13336 39762 9504 9798 4790 30208 36597 33807 25059 9307 15290 20048 32347 33956 18928 9795 36347 33317 29649 18636 31301 8462 20706 17603 10966 10578 34897 2277 33124 12490 25139 14636 24634 3571 21897 15482 2314 28044 37873 13226 9697 4126 6107 15826 27606 30940 5687 33166 15451 16871 14267 25848 36780 5925 36559 2642 37850 37686 18361 3482 6747 34380 11626 7807 23685 1322 37119 25568 14778 10007 6540 4041 35851 13749 37950 29936 5490 28029 12320 35943 39237 25344 23540 5111 30445 26166 1378 29140 33240 19481 23120 15613 31241 5198 5709 36979 34970 19562 8186 32129 1230 9515 18759 3575 37237 26417 39466 21938 19682 33101 9947 8887 26272 10688 20330 23106 38150 14555 27065 32086 10737 21681 24474 4594 3884 30854 615 15892 12927 5803 24002 30172 673 31954 1991 5717 31748 6404 35061 24170 36690 39266 39355 33727 4451 8811 20986 27182 25295 4140 38151 6809 6115 28369 34752 17671 3823 39458 14985 1479 23553 8681 31327 32635 25330 16271 39271 15947 12859 37817 14686 32105 9207 14482
14087 27624 20460 11143 31316 12844 28849 2549 33250 9064 6324 21853 16447 11304 26424 15602 28834 30299 22885 12022 36377 23122 18292 16082 9488 10504 864 15483 33808 16994 28829 15933 2126 23623 12042 21769 28688 32975 30664 18623 36407 31996 9703 12410 37364 29234 8362 1396 11031 8719 6852 3297 38503 2302 15709 1504 39699 9700 21385 22439 28006 25122 21062 10259 30943 26369 13605 33375 26723 13040 37638 24515 13406 21545 201 9619 34627 18256 13223 10581 10100 825 3746 7599 27801 19257 21946 8777 8725 7875 10179 32299 30573 17773 35750 16507 19930 39457 37362 16159 7150 24560 35412 6186 27990 18605 34372 21722 19240 36180 23041 17263 32406 30024 30921 5957 2070 31544 1713 4683 29229 331 37373 14397 20241 31617 34832 20993 19794 35060 26063 34977 19947 12639 14195 35675 23511 25526 6249 38614 10983 4255 544 21455 18553 5538 8027 19107 32167 10838 29430 1094 27144 1029 10325 6285 31533 5152 21822 4263 33915 6597 18692 8487 4581 39217 34195 416 39320 9767 28384 28312 8201 17835 25678 23212 19322 2380 10228 21205 30119 19780 11357 3470 20971 27544 5252 12264 12524 5448 36817 1314 36420 17727 19408 7940 24186 10903 23945 3963
16140 28311 7235 3471 21991 34918 1801 17191 23347 4864 15336 31148 13442 32109 11152 12033 31582 26365 39988 34965 9473 21434 20690 15863 28819 38052 37430 25651 22316 12018 12259 39340 5210 18823 4325 33685 34245 27576 9773 16410 28621 19317 24120 32163 29218 5503 32228 8366 31642 27391 39390 20505 13438 486 20176 7137 38588 10168 16231 5123 19359 11736 26583 2367 13743 31090 26257 37697 4 18436 25445 18885 27059 27476 36248 19337 18082 5488 19312 32218 29893 26129 240 876 26100 925 38525 22696 37317 24546 8770 19896 27383 4415 27751 4701 17407 32833 25482 31040 34219 27853 874 24127 36053 39110 32069 39024 5797 37600 8216 28429 38697 39057 25499 21573 11955 38897 29010 27398 2035 622 25217 38946 31152 9319 33414 19170 5711 5752 4274 4043 34 16270 1537 14368 37899 14315 7973 6671 26087 5836 6206 6563 6973 999 32580 1403 6866 35771 26508 16746 16393 37493 25736 1194 11104 23336 28404 17245 7970 9112 37742 34842 18568 25951 33896 4253 17210 18804 24837 19565 7211 18405 12593 26168 29328 10541 6598 29048 29958 19681 18453 16 17289 1933 39672 32751 30184 38794 33357 5827 10191 20274 33481 38610 18700 33280 2197 20977
33696 9216 13928 1536 413 10576 33011 27760 34007 1224 21543 19787 34536 3844 38230 799 1038 34735 13342 9093 15766 21341 38499 1108 29460 6018 12930 18276 19262 35930 18241 33404 17787 21916 22437 21595 5887 7841 16630 2899 35166 10539 6418 29291 33554 11725 12923 2874 34009 29608 34194 35376 11369 3936 19829 19318 12603 27572 3941 6331 18422 29312 18403 10758 19375 30143 36663 25475 32654 17315 35199 38227 20942 33186 3385 35270 24907 13397 39757 16039 35055 2443 7399 23304 32065 6259 10277 4829 31830 15655 15192 33081 19868 6235 4769 8064 15362 10377 26566 19743 16980 34208 26185 9148 16250 103 34882 10595 21249 30018 21878 34088 9099 16433 5090 29163 16404 25768 4958 5989 6460 12881 31917 974 30587 14425 39052 30750 691 16107 3543 27777 22665 18895 6476 36621 25973 15118 38165 11255 28512 37501 35679 12466 27800 26711 34155 36096 19311 14739 2885 36251 33168 31097 32939 17624 37891 25833 2840 15778 22856 38315 6767 35540 21503 20464 5004 22375 4339 20984 27040 22943 7050 35847 7811 7228 794 22135 8472 23606 37715 24154 39785 19851 23102 13214 23617 32992 30831 18155 5181 21863 28526 16909 22644 27364 5587 20143 31118 35853
11240 31654 6888 7699 24237 14543 8901 4989 39032 10530 25185 17275 12779 31684 15867 2439 24720 25514 21239 21874 36790 3446 9092 31474 9073 22465 34267 6997 16101 16122 8784 3409 16528 24238 22189 16142 18499 1365 26745 6493 2484 31074 16323 39845 38672 22424 39892 11428 29241 5541 32787 34385 7629 37189 15713 32917 30745 16023 24902 5879 31780 7616 18463 31738 752 11890 28915 20854 36345 25901 3329 33491 12543 9385 4228 23196 7493 26812 21689 22093 6071 11418 39351 21026 30298 39576 6626 22090 19569 26287 18533 36664 16162 25208 31509 36638 21628 427 12285 38262 10062 33519 35251 12847 28148 30316 10747 38473 5412 27595 13676 16544 17404 7290 21353 19411 5502 35709 23585 899 23803 34223 2838 26582 35225 32411 20890 16928 19306 2067 4639 11033 34869 3098 23399 38613 3639 15906 16496 38580 34852 6984 24744 18768 28724 10812 39006 13794 25567 38651 35232 19430 23494 30994 6536 23923 10298 29557 27882 28190 26188 26728 11329 33075 20155 15461 30622 7371 12735 8302 25209 15653 25783 22502 4453 33950 14250 29444 9887 21668 36331 34739 4381 32586 37919 245 31508 25249 34305 8815 14108 20352 39968 5421 35588 17833 15 2390 29702 7884
33405 33487 18611 1328 20558 22037 6188 4378 5301 33136 19508 2849 12373 17094 21531 30355 17752 24024 33439 31261 437 39639 31062 25025 10567 24638 3123 39208 30148 32843 28810 12605 29133 37494 25206 12274 9548 28220 30341 34925 30535 21509 28740 6561 15597 35135 4367 37080 11219 18831 23643 4885 21447 18291 18210 37577 38066 9154 31772 24100 30737 32841 31131 27446 32627 3694 33713 11476 6429 14981 4673 17494 17416 29741 2187 269 25351 36528 34123 17907 20776 27900 33547 17337 6032 2234 8390 27656 22387 3478 16719 26375 4957 7433 25859 11201 246 37457 28475 22840 19097 19004 35137 21046 26730 28656 11595 17476 25203 32749 8508 13693 28965 28797 37670 6721 35607 31094 3731 8912 6059 28054 28700 14838 2744 2934 25266 27256 39493 6906 31174 19331 10356 28749 29187 19792 37044 10316 18537 4421 4920 38329 11189 9540 11648 21392 32123 39888 33613 20740 26907 11758 4591 32959 27788 4661 25689 11939 35230 28560 15810 26191 7552 4862 16927 22505 553 15977 1638 5361 22073 24810 31945 23667 7118 3062 37045 28031 21845 16211 33337 11384 11538 15173 30746 6458 1904 34207 1338 17176 32991 37598 34499 6119 14591 9451 14986 14951 1160 28964
29403 22592 19594 15448 31485 15298 6816 5614 25868 29991 8168 12899 20888 6532 11798 31297 10992 12389 15978 34720 7978 745 18746 29159 24623 30928 22272 16304 24641 7308 5669 28184 2593 25541 13280 7445 15428 11371 29475 8047 36340 13883 9331 32906 22145 39322 12961 28261 33319 18528 1397 23464 37094 6185 2785 17014 17927 38488 10621 13709 27967 9049 31045 16098 20302 19033 2499 14327 21816 10805 3184 9263 22719 18889 38666 16878 3472 34079 27586 2350 10891 1290 33742 17576 24993 1260 29386 10182 16830 21963 6213 35261 27272 39644 32474 28814 19620 31378 36130 7920 14639 33768 17689 20230 29575 23052 37799 9870 36229 546 15959 34202 5419 3227 5063 21259 446 11988 32680 13332 22216 13719 26419 1463 3529 9121 37585 39528 37216 24667 31195 11473 13287 20072 11381 31762 18009 18366 4338 36940 12238 4589 30555 37012 9933 9470 5781 36800 5032 16821 32191 38437 12023 3791 30335 21492 22020 11584 39723 35923 19424 13750 19251 11795 2017 20073 16512 12826 35805 39473 37180 24696 39603 10046 37758 38511 6938 25305 37674 12351 11497 32143 19495 11649 3832 17385 3740 4292 3565 810 35237 40 38284 3390 27527 5935 4843 39895 6100 32413
31527 9096 33100 25201 18835 27294 3696 18511 303 8693 1546 38388 29734 32050 39224 18143 15881 37838 28122 11184 2707 5593 3462 32805 25335 7631 16911 25591 6638 12962 9754 6847 31376 14810 33850 888 18393 4056 28482 24099 35782 38589 29913 9896 16813 13877 1091 18505 23932 37960 15496 4476 3455 19288 29336 37781 15018 6898 8126 32719 15678 20351 9293 11390 31523 39680 15761 18053 19079 12851 8996 26454 2772 11774 24549 7258 35643 10099 4797 35096 21598 11148 8817 4544 3811 22540 8358 5921 26324 31697 38253 28141 15523 25416 16782 15273 25329 31561 2446 28807 8470 14618 16068 5173 33119 22015 9100 11076 37857 8234 2016 30642 25727 23249 31380 19852 19275 33805 3282 19749 14279 12974 19146 37521 13355 25816 34665 25550 35978 12536 12628 20331 10750 18091 35331 19648 13712 23546 36996 16382 3146 7147 8135 39874 22774 18564 11061 25099 20958 31020 19015 35867 6956 2172 36403 18698 20184 37540 10596 7915 16172 5755 39109 7736 6496 3607 24683 611 2004 10110 39372 1150 24760 16127 5722 39685 21835 19731 25180 8745 14351 3393 14630 24367 28459 30347 1279 32349 10125 10940 36079 21945 9134 13455 6307 17117 27425 5231 20070 23472
478 28751 25452 37010 5830 132 37752 14893 32331 28427 32795 36911 30810 29794 16996 15687 23861 24263 35431 39028 36552 4773 20954 27507 23886 26260 15386 13970 35131 8649 31185 8152 50 30720 24293 17247 22619 1204 31324 32804 18496 7953 14486 16473 33351 22671 10913 36915 14423 31303 36673 36776 6577 9494 39815 10924 7386 18428 22427 31978 15410 8523 24340 17709 32501 27027 38341 15561 1793 14548 575 32521 5432 35952 13868 35333 35268 19026 14704 28843 36408 29009 9960 4290 39632 38716 3681 15215 19245 14177 28407 20543 10253 13759 7424 25041 17673 38551 463 5710 6581 18408 23910 14536 28510 18353 12428 35620 8147 37247 32922 22891 3789 26039 15353 12121 32025 19778 26757 10216 19393 8000 37346 11049 17469 32314 1765 15614 939 39196 28269 39983 12956 23474 10682 18795 26141 20123 12060 33394 25638 28424 768 35608 34667 23341 1901 35683 5494 27147 1053 7440 15033 22045 12158 37505 28005 24921 26394 1990 9804 38680 13916 23460 37609 1120 2565 6465 23836 34284 75 32060 35335 4562 24678 8454 24586 34096 10121 37785 21506 37935 6176 36578 28291 8671 1976 13915 16219 5850 32551 2298 10108 15296 12612 6953 844 7762 10589 13625
20758 18633 1655 22806 17541 7384 22801 8124 37211 14595 21518 34953 17218 36167 29917 1158 9991 13238 29561 7490 3921 22444 29447 16168 345 26464 36398 15149 5495 31204 21600 23457 19587 36680 31011 1849 35837 9043 34068 14344 38418 19498 37138 3881 34111 15694 11645 7604 23920 37477 5300 3855 29155 21690 11046 13631 86 4735 717 24290 32009 39291 33723 31030 9971 8591 28999 35332 9581 5440 4264 10604 32268 39984 23291 4574 8877 22436 21669 5761 22062 30478 12481 26658 28571 1236 19219 25278 21325 26598 22364 2382 14096 12846 32266 34980 7225 10898 16944 8491 10141 8249 7950 19657 21097 25005 30776 39277 32881 33216 357 9686 1936 34375 21657 26208 29599 34828 24721 28710 3166 30233 11753 36319 7381 17957 18705 37902 5508 24716 1145 5158 32452 1821 35571 20570 13842 2713 16409 30784 32220 31981 12587 17276 24314 33431 25754 2536 23078 19221 36329 27716 33888 19798 39986 23609 8751 36112 19148 19642 7562 12999 1330 19427 13354 36796 37204 6117 23429 21164 22782 32173 29583 2781 24366 17555 30200 27809 7196 9748 20416 2524 39426 19957 21683 29780 892 13543 38381 18853 14844 34604 14029 23612 17287 24141 2510 23484 13183 21436
23012 12724 25251 2106 25088 15280 9479 24814 2005 6570 20722 3691 39857 37828 20091 28904 14197 44 13889 8640 29552 34353 22604 11110 30957 36642 1972 20202 27370 32478 22342 3808 12745 25921 26967 9756 28499 11897 26892 29584 27803 9672 32175 3078 25449 22607 16442 11445 30160 6423 8534 10417 26038 30914 33632 38246 24184 17475 5813 1659 24827 12552 23447 9222 14935 1698 18761 27937 31098 23361 29202 10836 17583 26703 36742 20259 7630 4527 8052 36360 31328 7976 21601 27604 39403 32510 25312 29146 32956 11934 5631 23326 1370 39252 4373 23178 14578 28280 36162 27139 22222 6658 110 6596 39363 11147 23904 4922 34915 15408 32799 835 30344 26837 2895 20064 21763 6084 9305 28438 3749 36196 14295 35917 21553 9936 3254 23971 5439 25697 6187 8069 5097 12700 35169 28152 30567 18073 37901 7251 5667 20288 19095 31836 3682 20417 7972 17634 10114 14607 3158 22733 15417 20031 18138 2076 38542 16387 29596 25535 29275 13943 29 5046 28635 34663 29928 1387 14679 5262 12553 15218 23613 14053 26708 39054 4370 33786 1619 18358 1560 2169 35659 17051 22822 35686 12156 19496 7447 37348 8355 24820 37594 3132 3238 37186 4919 6023 35276 35980
34425 1631 9674 18766 2168 39770 17944 1982 22588 16077 37815 7346 20180 36616 10735 21513 2243 14102 27897 36971 31289 12316 25607 10961 20193 37778 18802 29783 20013 9061 6334 39916 11140 32040 34920 30330 16341 35739 29192 24622 22204 37995 23414 26685 3843 1047 21609 6038 38224 26763 27496 1618 15554 38393 17626 34020 20783 33694 16586 26921 39526 35725 26575 26555 38882 2572 36123 38081 20967 3987 16947 35187 13371 24214 10287 9776 6777 28062 20379 3765 37716 161 16003 36865 7720 4474 16502 2165 10053 2400 15123 372 23373 14615 24063 6543 32168 22463 9006 18085 14398 7097 28446 109 34103 16644 37316 10428 18318 11836 5256 8670 2728 24012 5281 16362 25794 24664 25165 2345 20931 3834 32630 37047 17403 33575 694 17254 16468 31873 18478 29390 28811 11720 21599 28729 15568 11899 1234 27244 4694 11669 9988 9441 9564 16495 6686 25578 4180 5314 39843 9247 23109 27749 34127 12889 22363 14393 22380 17086 8750 8253 5649 35214 1304 5770 32057 16214 2092 34537 14933 37213 34087 6636 28562 10816 26162 26867 11425 36018 2876 16176 5373 35616 172 15223 34331 36192 15949 7163 24550 31311 3957 11111 12562 7047 23948 11999 13558 14144
28971 1979 23827 34017 38825 12340 29732 27488 37936 4835 32286 5924 28038 6775 36385 38852 2909 17973 34025 39972 26960 5522 25241 10975 2360 24006 10361 31161 22643 25940 10370 30886 19990 591 29296 35106 1082 34946 367 10433 33497 11582 6230 9652 22000 39919 30450 1773 9639 14672 22256 30637 9690 35030 25994 4247 6416 702 31612 9088 18094 1842 33651 29332 9603 11707 25393 4159 30149 24909 25467 38039 14896 33862 8910 37737 32068 23270 31764 11270 12913 16692 7733 2594 11879 26586 9177 34345 15040 25409 13636 29136 32543 35377 22675 25835 37650 5884 754 18515 21030 668 34373 19458 16485 16000 4207 27627 21134 19651 24552 23491 18608 37367 2620 11043 869 8079 11589 17628 26349 14229 4820 35516 6045 4954 23601 16193 16627 36749 10571 987 9131 2897 276 33748 21833 34246 15087 16254 22428 36012 38500 39749 18297 39409 29551 23648 3469 24001 13908 26716 3243 22311 6741 27782 24062 30238 1950 26326 22574 29021 36056 32954 13769 28341 16683 36693 24836 11634 19254 35791 16052 27519 8157 20943 5824 22500 29620 7737 2768 37905 25547 17240 9192 479 16858 7306 491 19227 3670 26762 39848 36703 33324 37941 3553 30821 20463 18762
32648 33390 25592 22106 37439 39377 25324 29754 36619 462 37314 12555 7321 7721 4725 39308 38875 18629 11069 5726 25910 32716 36080 24510 9139 17371 31903 33301 34265 13745 28592 26888 2094 13228 26538 13041 29491 6635 12817 31367 11057 32450 11413 8739 23398 1804 24588 4256 162 3645 787 4565 35387 31179 19276 31782 13977 25372 15279 24673 38988 15918 24077 17569 16215 39999 39824 15330 5883 979 21909 10328 27616 24026 4726 28408 13553 31326 11545 4392 16666 6359 19274 26987 39481 12652 3139 15261 11834 29408 35691 2997 12273 7426 22741 34523 25837 24056 23653 23224 33474 16338 29706 7255 23603 8269 14862 24282 4501 36418 29682 13918 1829 37961 18183 3017 8051 33797 13673 10648 14722 2692 2306 28880 20638 17776 9808 9573 19934 23702 2448 16050 5906 13487 5671 22260 23501 3097 18112 59 6017 2596 35447 34722 2026 14247 20565 4336 35813 22043 39122 23717 20582 30169 26947 14461 19928 30526 20138 38394 17223 33847 5689 34000 8065 20794 30294 6805 734 6275 4712 22358 25260 25116 26615 15184 4852 12406 10498 30611 28001 29889 37460 5182 6697 15635 27009 35435 34517 15222 26203 16432 31483 29987 1062 13077 20492 12768 36114 926
22242 29381 3989 19415 35644 3355 8338 17941 31120 23021 24650 15318 15268 2199 39319 9144 4731 2739 3112 20084 2098 13489 13061 23934 18754 28911 12084 22025 23734 25699 38320 29110 19835 19088 22511 35160 6774 15954 27415 5904 17207 10977 8326 19287 23255 13189 11715 3351 16239 9312 21635 29727 17882 16418 34519 24412 13091 6161 28412 20339 28288 23085 21099 38957 1430 2654 24039 17280 34140 26028 16855 4463 14998 10096 23219 22656 30541 11036 13982 8574 35982 36006 12677 21105 20677 18603 21591 2617 11372 12766 35489 38870 12161 37376 7463 2653 28145 38801 3929 29169 31865 15326 6168 38583 30709 10701 32140 27526 16464 17607 30271 28837 26420 2971 17026 8581 17757 12762 31718 16884 31763 17780 17437 1521 25782 35998 34206 13871 6711 6234 38256 39489 6297 15994 8525 36161 27416 3292 29657 21494 11557 32601 19734 39978 5380 17951 39103 14508 10731 20826 7499 5656 16653 16399 22816 16377 33494 29981 11008 33299 4409 6217 34772 26320 21074 28272 2424 7120 31100 38464 16200 1553 5409 21868 11331 29573 9618 28135 3180 32746 8026 13885 25277 34503 12117 34407 29851 12162 14149 10337 7070 9850 35845 31157 20131 6386 26710 31035 11083 32416
9521 30228 34622 38180 36816 30112 37490 3738 37394 34360 26620 8985 19136 16804 25795 4751 31147 25708 1273 27652 28003 12736 11278 23299 17020 1454 19372 31308 10355 37361 16311 573 21104 5858 4689 29000 16071 14187 21232 27783 13213 3003 39952 24179 36503 37163 25789 1665 26073 36856 8288 6880 5759 3240 18653 35931 6967 32146 31365 27932 10886 10460 19428 15868 7146 37171 31671 19822 18212 23081 18120 21352 26637 27475 6807 31959 16095 23563 16776 2504 35041 6211 18322 34250 17196 5146 30785 39421 29052 31990 4314 39682 39 33995 32953 7419 28367 28630 2133 29576 21912 33576 29204 12262 22087 8030 33548 17228 9308 22826 6164 11962 16706 5575 35577 3222 22941 8692 31815 10374 32636 7203 28817 38998 1099 24726 2573 21625 18330 18058 831 12411 11672 12311 38200 15464 5166 20491 15034 5652 29698 1862 26133 24693 19236 7842 33599 10102 13978 1409 30649 20074 35929 15499 19447 37403 18260 32451 32354 22802 11583 20745 21088 12879 14255 4300 912 542 9455 1955 8716 19002 29323 39010 17542 37051 3300 33016 35203 39210 38717 37974 13523 8342 34973 11436 9322 14565 11087 37844 2747 4822 25349 17720 14797 30230 7114 6102 11507 32828
23034 18818 1148 20225 4399 8597 15976 39111 10964 30007 13529 5035 6831 9369 39600 24109 25755 35823 5183 37113 13328 398 37579 14660 9044 12549 33457 25682 37535 35260 19270 7731 17285 21033 32072 29874 16345 6011 12331 18514 1755 34600 9565 11854 38501 38305 35355 2923 28394 16199 24247 20804 39547 13288 19361 13781 33169 32181 23258 17698 37959 17889 4189 10362 14081 12975 20110 29061 25779 762 370 3952 36322 39418 23453 27346 33392 24461 37035 25685 27916 35776 6714 21901 16135 22334 2146 16191 26744 990 21091 7851 16956 24736 6277 34112 3288 33118 6066 15999 13650 9849 30511 15462 23238 13879 27028 11740 4705 15091 38099 11977 21720 37823 26849 5007 26119 814 32980 8633 5601 14765 5757 15367 17081 9449 25489 10823 36426 14753 19039 20306 9334 28644 24714 23424 10364 2704 35304 3853 1985 3847 7446 23850 1729 14942 29844 18965 4756 29360 16444 11295 34700 27247 26537 23216 32560 17985 13952 38969 39393 21782 21824 9735 23894 27224 29056 23128 17739 19385 34329 8598 22200 971 34319 36785 39063 31872 9554 2189 23938 28865 13677 15278 8906 32884 34638 35979 434 7997 26595 21624 11027 38431 38841 9785 15109 20489 12391 7355
8127 12446 39215 26278 26634 11521 14329 33380 35319 12512 39705 4630 14659 3965 852 2662 3894 30477 37868 36436 12182 28764 24747 36217 4535 37764 8691 12599 15074 11463 27495 1104 21762 20825 15543 8773 14203 34729 2468 27701 32090 3634 9510 14736 1996 35794 30059 2733 19965 16286 27305 19662 36775 33366 19905 12833 1049 25413 19159 15267 6015 2800 8075 19863 27521 5289 21594 3719 20290 16519 27015 15310 30458 30594 29906 690 32067 11070 4069 8112 39556 35037 5149 16437 7655 25043 37755 10890 12315 27492 15297 11142 16337 902 23234 31653 34726 31925 10651 11531 20531 37826 2250 19756 27769 31080 22192 24875 3568 1867 20304 30802 14212 6869 6749 22245 6082 17126 30331 3105 35269 6135 15181 36729 8001 27589 37502 6385 8272 22930 30681 6909 16700 20503 17517 37971 21880 19381 3162 20119 3764 1646 36099 36580 5273 15670 28920 19005 35542 33350 9047 10474 31701 37942 35307 3318 24402 23911 15690 18377 6120 23047 20132 29977 38628 31938 33631 9926 3081 39205 1398 23117 35262 3069 3704 28064 7458 38259 5806 7465 23132 1590 31534 1683 16621 20097 100 7127 25812 19423 36456 32633 19416 15505 29013 28659 24514 34940 16060 15312
20848 20717 11948 37227 632 8610 30744 35772 17421 10637 5209 16264 39302 22136 14562 35829 25403 19618 23393 6491 30286 13593 21163 39477 38893 14077 37555 26356 16235 30092 38092 5381 1678 32526 22116 22180 4277 12321 32567 1050 30689 23743 30593 11107 15696 22096 37443 31554 14809 37285 8743 20029 27741 34157 33608 2324 28823 8611 30075 14678 9013 39921 14093 9324 33054 27770 28681 17338 34050 33843 7751 3490 35149 16565 11467 4245 17444 19779 1247 7045 25850 1854 14793 7083 12482 7931 10893 2958 37115 14690 14572 14412 5874 35248 33285 32326 23513 3110 11514 26704 18995 12348 13416 2957 20475 3449 3734 13294 9201 20838 22217 7449 11579 38611 6452 14265 13422 36320 7369 2147 35920 38590 12940 670 28960 1302 25446 15950 10627 23877 24804 16196 12679 22804 26406 17134 24073 18280 4650 16463 26399 13171 6811 22845 14550 5101 30813 24577 12312 14097 14787 7828 17131 10150 12035 24585 12931 142 2670 15210 9855 3468 6286 25462 17666 30743 17930 21206 25303 4948 36076 31586 1605 2848 37321 3391 16985 2065 34558 13055 6320 10453 3661 38535 8953 21717 20036 22704 39402 28454 6361 14688 34119 16707 25301 1058 20441 32676 10719 19961
29617 4362 24785 38258 31371 25224 39691 9109 37467 11527 28123 27536 35036 4613 22594 2515 11743 39589 3157 27098 38310 29008 3018 8540 14353 34806 22798 38403 35168 28266 16732 32012 35022 27132 3217 7670 25175 2902 2657 27948 25701 21697 27566 18281 7623 11399 5852 30408 34794 1927 35572 29217 12753 9016 32275 19629 29143 34374 24297 35090 20058 34901 5842 38603 22873 4455 15042 22381 36494 22050 27899 39397 12384 15951 12308 17249 33463 37926 21343 1468 18394 16189 6761 25177 14890 4483 39067 10575 28096 10144 36562 26544 1018 22466 21048 3737 30460 2668 1516 34482 11619 20458 11564 38960 14705 25259 18846 6238 3727 15619 36678 28011 22926 3729 26147 26113 27284 28243 25121 26178 7789 38201 17660 25119 32156 17033 38268 32976 12301 38247 27298 38051 31949 32658 19539 23006 34024 9681 21815 20199 21737 3451 13302 17184 35380 27472 26777 19489 38328 15914 36826 15001 33135 35005 9243 14200 30887 32950 25268 23610 17532 4977 27715 20314 25434 30519 33567 28219 22301 1668 23445 1621 15919 15289 34469 10040 31652 37760 36759 34228 6451 7848 6087 24331 24566 412 13608 11114 14040 6054 31142 17625 15081 6175 14430 36110 4825 20144 1406 30739
5581 5212 33187 10827 9778 37359 3546 29739 26864 17308 32287 10620 19683 24691 12596 25304 38702 32673 23951 39780 32657 7943 21735 3047 39186 559 12047 30272 29661 18544 12721 2387 1209 19341 14997 22530 31799 35004 30752 10073 15032 10367 10884 37406 6097 22230 21596 30376 27134 11116 38338 32430 21036 20134 1258 27236 20541 20846 13609 33472 23010 5707 27954 12076 1408 35290 5320 23363 14030 24883 22406 7757 34144 36543 21811 11003 567 35289 34143 32026 7865 19621 22583 38171 22522 16625 10974 38218 29144 37646 10426 29941 20391 16401 38940 2746 151 8059 34791 8148 268 5536 35790 32723 29655 11066 33313 1153 6793 24156 26341 5048 31222 19256 11345 10679 17300 22970 23404 16290 1154 20539 13716 25398 24816 31482 16774 33550 33559 15196 2480 33403 22130 24491 25390 23174 11763 10633 13254 29652 25150 27532 26581 4645 37453 39532 38339 21759 37145 21229 3773 333 26456 6629 23870 10442 39227 28143 29569 33190 8753 36652 31351 19144 25345 14881 11600 21983 27151 17657 38358 36062 10972 21825 26033 30950 36106 24657 14460 28305 2471 29414 6210 21286 11253 17007 7814 6121 33249 9518 9987 7408 30185 34670 38515 23944 8507 24712 31189 20735
38819 2413 7025 18774 23285 14319 35288 31374 10199 36423 3856 20365 23925 15275 2388 23818 11175 12377 22648 15402 18848 36010 27555 14494 22942 33697 13841 33283 15806 33306 2254 35165 28232 35303 26120 15356 5378 17028 15913 21834 37940 10852 830 948 24765 440 36852 39995 27934 5136 15493 34388 38101 22443 29366 32233 30239 26613 22057 36870 610 34391 39250 5693 20336 38663 31156 17142 24832 16398 22699 20795 19354 20640 6822 27070 14380 26860 12957 33373 13565 15981 31921 18490 30510 3699 33964 12282 37428 37013 37614 21108 14283 30378 13637 23323 10388 31231 25825 36719 3459 27347 22731 6313 16876 36502 20472 20671 38718 11229 17364 29195 11166 28368 7827 34575 13343 39929 1065 6258 18166 1582 26863 7962 33288 16317 30895 16477 9805 15111 2687 19918 7698 36715 29288 13314 6411 1669 18415 32082 29311 24774 33628 3707 31107 37452 896 13697 16062 5071 10580 11457 19255 13981 14236 38202 5190 26986 30630 6584 22751 37622 8279 11382 8215 15900 9897 9057 31434 9386 37780 35582 39852 14520 7180 37007 19593 27004 33368 296 28332 27714 14358 23749 32252 32999 16576 8434 2476 21014 34201 2472 10105 13810 4387 33721 14864 3868 8284 22215
12397 13692 34231 36501 15242 5202 16353 18129 39549 36013 29120 18282 14703 27057 24535 27944 1438 27012 20994 4361 22479 37994 17655 29175 13141 34703 5772 17949 17676 14904 29574 9824 21073 10340 1918 16820 37126 31936 36036 37301 3932 9165 33906 38635 15823 17750 16064 37296 6288 24927 39378 10294 10323 31294 11980 9497 7248 13989 16847 36111 23963 26196 13113 35466 38861 22948 17004 10624 35815 625 14476 12698 13112 24264 9167 23201 34787 403 33928 22355 33902 29176 37476 26721 21072 35858 30101 18064 6329 23334 13464 32249 35245 24608 2950 2214 14496 31929 4260 14471 35927 29563 31613 21621 26879 23434 13166 3531 18946 14766 10139 4492 25162 9068 11009 33042 20004 8850 28363 14619 35531 18227 29797 36376 18057 17526 1333 14649 32932 39803 8140 12087 25464 7106 14148 25197 10006 30584 34557 12814 867 425 22815 33716 38650 7460 20068 7048 38291 30011 26274 39206 16854 1394 15100 9903 25009 25035 21986 22847 18968 17137 25323 35925 36497 13389 4082 1666 14448 11414 4364 22848 25253 8250 28522 27721 35476 10994 20673 34027 11131 4423 7876 21927 20583 4962 27358 33912 2452 1913 31512 36807 24121 39443 36146 34428 3027 16787 5881 15822
5038 12207 27966 20428 5213 19963 966 10305 27655 2045 22002 26036 18311 23508 1984 37615 21541 5065 10213 9806 18658 21044 37083 10311 31985 30461 1810 187 1085 26512 29106 15534 25763 37842 4760 6770 27972 1818 28808 22339 23572 28179 39134 16540 37651 16262 29779 4752 36243 29508 12203 33609 25388 30096 24723 7575 28666 9733 24884 23316 32878 30956 28133 31121 32695 11021 33244 21411 19446 26154 3636 6942 29362 26612 38050 9730 12909 38543 33146 471 18105 23962 9907 18223 36476 37030 24075 27274 34841 31849 26445 15439 26215 9286 2977 12636 2749 17166 25258 23898 24849 11580 30978 32036 3407 21505 13654 33391 21051 13785 14934 25264 17085 3476 2805 2171 36920 16513 19854 25907 39243 6792 23752 38829 28936 21466 20609 18504 7119 26107 33701 15405 25101 791 12716 13030 32126 26302 39117 18343 39419 15772 37779 13935 19693 38913 1635 3609 31937 13130 32487 38191 29603 16049 24165 11106 38826 2492 12324 36489 4063 38148 36905 6915 20719 22565 20484 24754 29733 841 39219 38755 38331 26522 35487 22360 37968 7967 23369 3442 1348 6424 8957 30793 39497 6420 24144 28402 33461 11678 8602 35366 36895 3377 33851 5851 16786 8618 19130 25047
33690 30237 570 279 16599 35034 5019 19745 36740 3378 24085 983 11537 13753 6872 1382 14602 25012 299 36557 12187 24466 12177 35432 1748 30946 7642 9786 35066 26865 29494 33384 16500 18435 36104 30884 30539 12969 25062 39273 17034 38806 11865 33225 10918 6931 20657 31674 31800 16827 23497 17637 11334 18689 1498 30660 10551 20185 24486 31837 36527 37220 9397 15656 28675 9782 18163 36834 34534 27918 1937 31144 22151 33952 29663 9809 19937 14297 24954 37559 19213 26381 1525 29716 36929 34886 23984 5908 17267 30601 36509 25418 30648 4902 33564 25481 13796 4551 21696 1266 16810 30342 14721 35912 354 8943 1030 16221 14321 15061 17903 14155 3298 780 26903 19932 16421 8612 9029 36850 34945 27266 12970 516 6375 14324 6498 24182 10127 21488 21651 38533 29755 28978 31777 21133 30087 10810 5207 25523 17893 23698 1118 17301 23158 11488 22595 33904 2263 10278 4937 11965 27052 2920 1061 36950 34966 26764 34704 11659 13307 20160 123 17383 818 22673 9682 12725 31493 31075 22669 35545 38531 15391 36447 5327 1436 6516 10761 33388 313 14225 39881 9173 37676 39898 26098 24925 9214 38308 16029 39777 17213 19978 11205 29334 6539 26105 19327 35385
21277 8471 39327 63 17575 1835 12507 3138 4344 38739 226 22946 5338 25753 27667 20819 8015 4582 22478 994 10866 20404 26435 37647 10844 1364 5285 19638 16921 12253 1237 6670 1070 15466 17918 9921 8541 38797 3897 2693 13900 25125 30935 28721 27233 7182 1025 34244 1469 10061 11608 22271 6574 37200 9343 27260 17079 4034 38347 2295 24971 3140 32653 9762 22454 29293 23795 5410 31251 20568 20768 7541 16260 1207 15026 3683 25667 19125 37733 6503 35241 7912 35690 22635 881 9653 9644 10326 5114 15206 18175 38601 7268 24194 36745 7989 18801 32200 8415 13723 17911 37684 11717 27514 22894 9480 29823 9635 30609 27116 8227 33849 17870 12293 2103 31134 33238 5204 33185 6181 13211 2759 4863 10818 38486 26139 6479 10042 35795 5178 21395 27045 10473 18347 18235 26137 6171 33927 35313 29626 15777 3512 21198 39411 23221 2690 24808 30751 20929 12387 8106 22781 27731 1115 37445 911 33480 19790 3463 11742 1035 7416 36594 5021 12901 697 11705 7704 9257 1948 38476 18941 24526 39452 32431 11179 30620 10067 37039 27223 6787 36132 13143 4294 34236 36765 38113 9884 29735 38465 20625 31888 26887 34550 20784 33059 34581 10678 28477 11927
22445 11222 17971 15732 19766 5194 2457 10091 12619 20278 39305 28705 2809 24351 27271 29188 34635 1075 13377 31770 20386 18021 26175 28165 31063 2138 7796 8740 22175 29660 16277 32724 19903 895 22027 36252 25429 39045 14559 38232 451 13271 5639 15338 25483 31415 31767 8944 6662 35033 3760 2816 38885 39347 18649 8073 18412 35478 10568 29354 22246 36629 22590 9332 38425 17122 18419 29642 11592 18950 23822 1597 13060 1136 25633 34999 10860 16951 29531 9560 25438 19271 4239 35095 11130 38212 3507 32398 34715 19616 16842 23090 10222 25860 29631 9552 29062 23192 4466 17373 1600 31047 15453 23348 39077 25137 31856 21570 33203 3172 31119 29800 8538 18703 2822 37584 7730 34621 613 18169 4908 3427 18098 22322 12978 31519 10853 34801 16604 19746 7608 30580 2725 8849 4229 15580 34520 7936 28299 24700 26720 20405 27583 20698 24148 16608 722 37726 4676 2517 34589 20556 2789 20596 19773 16778 34628 36713 484 26740 22138 20675 20341 23858 28573 8696 25198 32161 146 6040 11208 5396 31719 32468 20479 39087 24769 19438 24053 38104 2152 23871 19843 131 1240 1141 11137 1791 28932 10689 4052 37015 18883 6062 7034 3557 31138 10434 3252 24596
3984 9512 17663 36689 34716 1673 16559 5241 11456 29789 11509 37788 24616 12005 10088 4696 11338 8248 11825 6399 23764 17138 7632 5706 36855 37150 23753 36477 12617 37264 38252 27228 6228 21243 39269 4389 4353 38579 13098 25433 28376 36706 37120 22214 10922 23767 26574 26415 8535 11446 19204 737 34465 31343 28616 9582 10303 29024 4359 31776 34760 38808 69 25979 19514 6463 39838 25608 14689 7763 5793 21691 6183 9791 9409 1366 21275 2756 10878 32736 14852 10427 39622 33196 29479 15668 38015 38107 306 21846 23980 11663 16543 39773 27121 35094 35880 15884 7628 25207 27205 29287 20849 31423 18988 5769 19465 28157 4279 36825 12178 10348 1072 4640 168 2623 6757 33120 15101 21787 2675 17438 25003 784 3106 35399 23568 30019 39021 16293 23930 8992 19278 17047 39657 36808 11887 19028 32279 11407 797 4291 30653 37564 34483 2358 6202 20538 38855 28588 1964 20695 7919 19414 25015 35227 31449 23591 38812 920 16547 10842 17618 38345 34637 7933 12154 11606 14286 475 31559 27798 4536 9718 19203 10353 9694 37274 35956 1892 29132 19546 19296 18107 2451 37999 20798 3567 35565 36764 32913 10769 5468 19402 29816 31007 14027 1243 25288 23548
16631 22858 21575 1944 18464 14383 25443 4604 11460 34438 38 4227 14357 36065 36204 36591 6752 1133 36043 25555 29743 1066 26785 1253 27054 15989 21924 4693 20476 8634 2003 39191 1897 10065 22149 23874 37208 3388 21284 25885 19725 34682 26999 20653 26517 25222 8533 35191 4170 4649 9568 4472 18753 16912 23392 8068 12878 32336 18367 35318 15625 27921 38336 20987 7916 21271 15703 2108 21280 37479 30427 21283 38235 1432 16455 3654 11993 2651 12786 3310 30760 16590 30260 8845 33691 34736 36445 6484 14707 35988 7435 4666 34416 961 21467 3305 3356 588 7710 4333 16327 5356 11353 12206 29317 25572 29404 38242 28598 9655 543 19730 29705 29297 39309 6604 1633 37538 24955 25471 3066 37398 4872 25688 36882 22309 4897 23535 24266 35283 20728 15813 32363 25182 30701 25132 15364 37463 4686 21493 6818 17362 34709 37814 21396 27810 36730 2591 30192 4763 18973 32121 25599 23182 25518 5115 25333 32766 28686 35265 5208 18288 27389 35144 21670 1694 34927 9869 612 24018 8332 31037 14253 4081 32544 26772 1671 7049 6314 4764 12690 13201 2031 4784 15995 3082 6029 1763 13733 17212 13521 35592 19885 32184 7190 14057 27487 11159 25166 14036
39495 18597 17521 28887 8361 24662 33492 32195 39886 37110 21685 12925 12541 34884 23988 29513 25240 25865 27858 7260 9227 4244 1902 29542 17707 32948 1912 31446 22870 34263 2349 38509 1767 27011 22899 23745 35407 31101 25228 15321 34777 35785 24419 39508 31893 32015 30708 16867 5754 35707 10565 24922 12834 23157 28360 18485 322 3771 3887 6374 13897 35420 27580 32357 8677 9149 3091 14724 7068 25353 38379 13252 25696 14843 11259 5615 14408 13549 35226 5041 2486 32285 18127 39339 5802 35349 36783 3444 22997 20378 25354 34680 10883 5271 23314 5583 15725 12170 19719 9089 22493 9607 32344 39090 5893 34733 18811 27369 24425 34941 29587 1794 12510 414 8724 22354 24202 37188 28584 1074 12244 5588 31225 17585 31957 10383 26352 39080 31076 31989 7901 37569 27097 33584 23480 36844 9620 38725 8566 11801 19559 29047 3833 8970 34476 37246 35410 28101 1752 8503 4960 38926 25199 19603 23038 17097 12343 7707 19440 2795 35138 16613 37735 16913 31808 3646 6763 23614 15683 12028 11671 26909 11949 10685 5407 8879 35130 5961 32315 36064 34346 13028 27771 20263 4425 18379 33858 22373 22276 31068 25281 5478 10404 11231 15764 29847 10242 14009 4275 24368
31708 29352 12798 12192 23227 15381 7004 24114 8311 21338 35933 15394 21282 32297 2891 22115 19300 7365 17819 29713 33738 39376 7185 984 18028 24896 26421 37729 32778 30097 3971 18424 23483 27439 33308 8117 38146 37953 36514 17734 18937 30248 10151 14500 38440 7658 22003 37682 25220 11957 35716 653 16802 6571 111 5912 8886 1195 20791 34218 12854 11546 37370 2230 29812 34153 16297 8497 34849 7857 33195 20995 23137 16633 13538 15378 29116 24469 30170 36695 34248 9219 23780 6025 39821 14526 10563 25187 39044 39760 28800 22967 17831 28259 27695 25759 22367 16116 19556 2841 23570 37228 26213 9723 17641 30574 25020 12954 1218 8652 37632 34693 26701 39962 1286 29771 14164 39039 4493 34717 25267 23188 33483 19104 28974 6337 28613 39036 18372 27756 24756 9225 15662 25234 35125 21407 26499 5246 17125 14020 19071 12921 965 9031 31208 32004 6142 12602 28825 6280 27644 28830 13353 25157 39859 5976 14926 24857 34389 4798 25226 25154 25145 23536 2397 25010 27360 27344 32455 22623 15581 33273 7823 39148 21496 28185 39614 38161 18993 31201 12378 29413 25965 35846 1506 7798 31349 1480 39510 21841 39381 38646 10911 37783 5043 4194 35492 7402 30517 10185
33823 14914 38695 38442 30929 12304 32414 19156 16638 3242 27322 27585 13715 38727 18697 11875 7027 22393 22904 24928 4812 21054 23662 31953 35603 23420 5529 8094 32687 22467 6890 13042 5739 33103 21721 15120 13746 35963 6478 6163 32722 4502 10052 7701 10733 32513 35302 24821 4062 19143 28441 2487 35206 350 10320 35217 33442 16809 16634 3012 35759 36500 32938 15240 37655 18178 17214 37217 37270 3581 37730 35433 3610 38211 23718 30178 36513 33574 3029 18488 37033 11532 36737 27445 30433 20767 14922 22313 35656 36158 22469 36260 16046 31847 6985 36296 8676 1337 21784 6461 32527 12211 16213 28663 25474 14869 35182 11967 14754 17646 33094 24899 2807 6196 30905 3466 8399 37355 540 33381 2762 7335 631 14580 15053 14826 11776 1526 27481 13559 27328 6750 19392 27077 29777 9111 19612 18986 19154 2216 13483 35924 7743 18707 35134 17948 11838 27254 24553 30159 23277 8684 15236 17453 22760 29684 2980 21597 8993 10548 36659 9220 17395 33060 17595 28727 18857 5011 8220 6834 39625 34549 23200 25444 27568 11426 7573 35942 17794 26789 24569 33098 10260 7826 21057 26560 9931 38396 36581 17693 17601 27845 36183 32644 36341 12355 20697 35186 35326 35395
19689 2196 6154 32578 11271 34560 26232 17043 35091 34356 30822 6014 35821 25565 24932 4038 32 13491 23306 19706 26330 18382 29559 22917 21630 19259 13923 37633 4363 15722 10699 7249 1276 17883 12010 37005 36551 31044 25144 16336 33104 7356 33005 9232 20359 33543 18065 22129 30885 36573 14363 35442 9744 23744 13997 24240 34632 13777 32970 28603 21695 33650 26065 27755 7216 15587 36421 33184 23654 39571 25967 12471 11380 3859 26663 6173 12935 28092 25081 23829 20891 35348 27300 3474 26569 2327 8111 22392 22150 3089 29183 21300 37098 5397 12569 20710 20393 10109 28253 29707 20750 12858 7385 23966 10523 18638 17221 30991 8340 17281 8313 8562 9836 24177 21425 36841 15127 13968 22471 38534 29946 18581 5626 30157 27633 23331 3226 8624 32270 9511 31116 1731 17737 22365 34507 34363 29027 11068 12254 12691 33932 19643 12982 21890 33449 24929 20512 19504 13990 8099 27903 28934 28669 11785 5458 12670 15370 7023 18449 20978 2088 23645 31845 23035 15776 31323 29220 9569 36657 28854 15000 34689 37852 1 27308 2417 36011 20897 29864 33705 13025 35185 8703 14171 35598 14485 3974 18519 17635 33330 7741 11160 35593 22965 25338 10987 29805 39938 14921 29919
17171 2150 20445 30892 1733 8846 23882 29796 18157 24843 15159 10472 8194 10486 13138 39492 34660 10705 9501 6912 4357 2229 10166 6182 23994 2366 15622 26529 11394 3109 33901 9721 1305 4600 16792 30069 31484 19580 26790 39168 23253 23028 30532 15337 31597 6857 38724 6968 18851 37087 33958 35579 39435 8999 26803 1443 3895 3613 422 13980 3341 31923 39465 16374 198 15738 30261 11729 29088 28608 31602 29512 3197 26286 32979 8092 20859 15180 5742 38030 2235 27002 6556 12272 19776 29327 13474 31768 23009 32422 9749 34486 20260 17549 9505 2068 15401 17683 33320 21842 39203 39260 12008 35188 11215 7921 13872 35654 12644 11698 33323 20972 14396 13018 37290 23273 32439 14897 6519 39047 27886 35882 21013 21562 21654 22508 36240 25733 27118 21791 34060 26118 38769 18786 17361 45 12426 39256 7754 35703 22164 25962 9918 16929 36777 30132 2943 4214 19870 10611 11523 33382 23488 12848 39953 36054 24227 22973 19305 17346 9513 11653 22532 23407 3558 17090 22872 33355 14182 22407 36469 34126 25004 25397 39693 22353 20010 24805 24418 39199 14054 13700 5 10752 23140 706 19222 11312 7197 6706 17139 23784 18188 30369 1090 2072 30076 28239 7838 35871
24767 33272 28177 21862 22676 4508 3678 11092 28709 39797 28620 27068 4217 4332 19040 32496 13515 30199 2913 6352 35802 764 4660 37377 34213 10036 32417 18964 19182 20592 1850 38777 28198 26490 34297 26859 8819 19647 1926 39537 6088 27250 10945 9062 37516 4744 20410 13646 31786 19441 2075 22764 14473 11533 5572 28508 34455 25836 20157 15984 2842 30396 9001 12506 24978 39570 34630 34979 19250 20345 17537 12584 34312 38994 21058 11313 27222 16041 3602 14452 25969 24533 8327 23681 13707 11777 24138 341 878 39958 24859 3035 6691 33734 39790 21900 2393 21171 7131 27055 11734 30372 21992 21331 25469 35495 2622 22167 15086 11551 15283 17193 7638 30377 2731 16102 37568 30606 7288 35652 30961 36139 26022 9968 8120 16289 22497 19485 34338 33530 32360 12221 30215 17062 457 5856 21829 28097 22275 27424 29308 27246 38640 3256 24343 36605 38970 8032 19566 5993 8202 20549 31999 26678 32788 1795 7388 25090 12487 37341 21677 1344 5138 21731 24635 20121 38741 26138 6603 20645 23294 20133 20636 36512 6945 6608 5471 1583 24496 17153 22666 13508 15103 29406 9087 14420 39439 18939 39966 21790 28094 642 16987 12914 10771 30187 19813 38236 6502 30634
31452 29411 20081 906 18117 2634 23029 12780 5112 15704 13248 16760 31344 15303 10815 28625 9262 1995 4317 2955 32426 39608 30912 32380 33838 15577 21465 33813 39877 15637 19921 11906 16328 20684 1440 33698 27355 15803 27699 32626 32516 1032 32698 4117 26389 26020 15463 22898 9277 26240 17075 34178 8101 16607 11393 28820 23774 16796 24219 821 36457 26201 18771 4651 25664 14468 16492 24802 32784 13366 25612 19398 31709 20358 29274 16556 3526 18015 20525 8395 29609 6622 22333 14871 33339 6510 26284 22018 34992 5907 35183 17808 1938 15323 33750 35959 23793 26779 21755 18190 6591 36733 16728 25147 17257 32793 17736 21476 11401 27390 13726 37623 33551 1119 5242 7564 31275 22758 25788 37458 26823 35832 25472 24079 22104 16287 38000 8290 843 7486 30645 12453 18767 3626 880 36215 4354 32973 19613 7958 34944 29306 22653 14910 16581 1185 638 34170 18296 9468 13837 4037 13511 36008 23976 36951 14677 1277 2956 28013 5316 3902 2186 11260 16701 22598 36278 24920 22461 24777 7482 23937 18509 36967 24618 36942 17866 21409 24979 35733 31682 15878 16731 36098 31451 4577 9128 35322 7985 12142 37371 11646 36769 6729 17492 21663 24360 15768 14674 3775
15911 24923 36565 34963 2561 13485 4837 10369 33773 9915 35735 33253 20654 30934 20065 5133 30051 22754 38343 4550 30846 39700 37036 25552 18325 36633 31549 12290 33334 8705 21792 33819 12009 20117 7125 33009 8977 24601 36237 8346 6438 31744 8174 14058 12842 23168 5723 10864 5882 935 37484 32515 13813 24789 38492 9105 29001 26842 37293 4519 16369 26944 36634 31123 11386 26677 21224 32095 19400 22181 38132 1412 12898 20700 17486 30560 5015 20006 38901 39392 836 28907 803 8296 10615 2371 36195 12417 18526 20789 28581 35158 5926 8247 2313 11344 9438 15660 29002 38662 38617 193 25163 7293 19072 12050 23872 30156 25874 15931 33999 665 7474 33467 3930 8658 28862 26841 39974 18582 31724 13305 3453 3923 26514 26729 4097 1488 14227 39000 25276 20555 27460 17769 11422 12626 27870 6449 22082 2252 13241 16754 13047 5143 21893 36671 19310 9357 4615 19953 21181 19777 29396 9414 36077 7954 28258 3326 19135 10384 10019 23888 34386 16438 14575 17145 39258 10221 21523 28309 24848 932 27759 38997 19891 19727 6966 35440 30451 10143 13653 26500 19791 677 13514 38565 8055 2521 22803 8426 32151 12663 4413 20757 10437 18983 5771 29636 23781 35836
21334 26177 530 19053 32462 17169 24025 35705 1246 1714 39609 21535 15043 8948 11860 24076 1622 28955 35601 33316 8913 29581 561 18026 38157 24280 21540 8181 22388 39476 22575 23517 31271 18975 38432 1418 13409 24500 36078 15574 12175 789 35622 16716 7640 8963 22064 15522 11136 26145 19962 35000 4448 33393 18482 36327 36789 6207 23831 21774 20780 5889 17168 26992 3374 36727 24372 11262 5632 25741 20905 32263 1953 22470 18219 16668 39522 21404 21623 38072 19374 34477 29441 15431 8549 12776 15064 25129 375 22394 31410 35426 4777 7497 27613 2659 29465 7941 6397 3907 32446 17390 27280 17231 32091 2373 35905 3497 14973 22636 4665 30728 26553 16548 19230 33304 22732 13825 9826 4964 39679 14137 14101 26982 5465 17290 32797 26534 28702 20880 12455 24844 8528 36188 18022 16526 17050 3990 14975 14445 15013 29350 1505 5799 4164 32342 36095 35327 36052 12124 7902 1774 31135 38746 30258 24071 22099 9107 32461 6905 17211 31753 5870 34034 15495 1656 8788 31272 4888 15916 2597 38949 18211 21785 24448 19574 2276 10776 26975 3492 12972 32771 1670 4230 11492 10279 29097 27019 20542 19940 23701 34277 25801 30920 14501 24093 12360 33030 30088 26363
39116 14276 26590 38028 19582 13614 38908 986 37344 33788 39575 17515 22618 4148 8182 15816 31340 27339 30764 28403 108 26530 16772 32092 19686 10515 13480 21957 13195 16285 25451 38971 34656 34355 248 6889 32573 17858 2928 9184 26503 5774 7787 18994 25732 37918 5263 24122 2114 38126 17910 23123 29593 24750 21253 31832 11 31631 22552 9460 6751 11643 11093 18447 12105 1112 36623 14243 13599 31194 2978 26644 31862 17065 16527 3541 6241 6916 37900 10381 884 2420 35413 32504 19887 19224 23079 6273 36170 30871 35047 27876 28060 36466 24707 26773 3742 21267 12701 3870 17650 29866 29653 10781 18667 1520 38676 19828 28222 33171 14729 24704 29472 38478 37358 8587 36574 33581 9428 388 33424 37412 1326 4996 22176 38025 9098 14886 6078 14600 32933 32393 14938 26518 26026 11361 28802 33237 36305 17849 5002 9561 37034 18195 15269 14622 6992 15518 9200 3061 23167 10555 13757 29572 35591 24354 23636 32849 28812 16577 11647 5873 6111 12620 5444 38075 3532 19469 7111 8315 3286 27449 8832 18690 7080 30155 18186 1056 12714 3755 14950 16053 39596 23658 33525 29145 6701 33219 28929 3821 14828 8323 24702 11839 17334 39976 18589 38090 22194 2769
1806 35600 27996 32083 24829 2485 34175 30659 9492 21777 360 35636 4669 2041 19729 84 20367 19140 8978 6509 1300 10327 26373 2989 23933 2307 18268 14304 18207 3236 21544 10124 24795 9223 32944 28234 18991 11001 8165 17596 33814 14210 33106 4608 26765 28667 11714 39941 39520 2223 7792 1130 14429 1711 22109 11593 22684 6290 22721 9816 23233 25614 22055 11054 14497 1251 21107 26664 20005 19945 32423 22298 28900 19708 33612 15952 9803 17627 26840 19013 2645 5634 3461 24267 26696 5909 3798 31404 29924 474 32692 29420 32235 22768 2947 27719 27851 16089 29759 33735 16777 13420 9617 11696 34521 13590 19316 30275 26829 6955 1242 14939 36932 21308 35767 14347 38781 12104 14996 5469 9309 32836 1404 17516 25843 11550 37911 3928 9193 16758 20666 12799 6095 13450 14859 38471 26621 33159 23318 23979 32675 26674 31756 15558 1758 29595 29050 13988 21647 6756 8941 23985 36152 23865 12174 38854 35461 23320 38481 4167 15600 35200 1945 13315 526 18523 3065 39572 36923 6501 3347 13999 17374 29518 23351 28937 18663 7272 34354 28511 21393 33095 4659 26996 22633 28153 29695 9170 20756 38554 38411 32665 29240 15533 23097 5349 14702 4015 3335 39618
16257 15329 12788 27438 33658 18170 28893 29560 27189 15525 32484 39027 21359 36859 38023 8976 13451 32823 8801 28221 7357 35074 38780 8480 27464 39703 37711 34099 35568 17059 11668 38474 36795 21274 13207 8159 29186 11238 11077 10780 20743 19085 33400 32550 5428 21303 10071 30044 26854 3757 36267 17238 5560 23661 3128 31594 24349 7579 17302 21740 9132 37 16456 30150 38991 5978 31696 9838 1501 35727 4372 2042 16623 25551 24337 2560 37853 31250 30358 10982 3379 13828 2682 978 35699 30006 29358 12245 18286 15113 39453 19269 31197 34912 14888 1805 767 36482 24520 21050 17461 12936 3384 14305 37099 33535 38002 31 2271 15319 38673 21775 24758 11218 10200 8607 21318 7415 16146 35964 9015 30165 5524 14134 7749 35077 21350 724 26851 34150 1299 15369 16124 22880 21566 11405 11905 39332 1746 11936 38512 33601 27766 11435 34928 33537 34306 28444 23145 33139 29200 7253 26210 39504 32941 24363 10958 18501 1928 35063 36750 24047 13540 33083 36674 35152 20481 29645 33936 34666 35352 33293 33161 3593 39479 2694 27822 11748 2686 19554 23663 7519 38521 9713 29247 19646 19175 13533 25765 32727 27023 1529 26482 30829 35104 12750 10090 31828 38209 35299
36846 30888 18376 33864 4484 10134 14291 39847 28160 733 9579 33115 36137 34743 23360 30395 1355 10160 3774 33312 17322 19433 23638 18665 16185 20159 14424 11084 15092 14224 763 7276 16312 11273 21351 27844 4982 11709 38469 4621 25407 35852 25107 33842 31861 35172 39536 4384 5024 32499 34422 39075 19867 2318 628 10843 4116 13184 14190 26182 34673 27895 37483 22685 28398 21869 32790 32947 31232 15948 6009 20622 31246 1987 11994 5487 38559 3816 27380 6233 12095 37544 6988 134 21818 21560 18277 22405 37461 23357 1935 37750 8004 33654 27642 37041 2372 32147 35202 5877 15230 13421 19181 21019 26353 39979 6166 26587 8590 24365 7861 25751 3842 17480 1140 599 5347 6255 9621 35569 11911 37833 10985 30545 5999 2337 8923 10057 17098 34039 20955 20639 22541 6813 1228 35301 6605 15077 12295 19530 9188 13095 27191 23735 39204 23207 20557 23632 11337 31459 38730 4804 1969 3604 36127 6983 18196 16478 3418 35756 1097 7330 15755 39630 9141 37325 23004 23077 13589 31859 18931 36297 21590 16703 25980 20996 36897 29223 18031 22318 13175 3718 22951 5191 26622 2379 16145 23842 1929 22829 3664 14563 12483 21581 19709 35209 19137 19895 31855 16744
19232 12772 20227 31798 15756 3267 12557 5655 39159 24900 24027 29747 5157 19874 38902 39616 19238 30856 27342 33881 10276 13327 28828 28074 22918 13375 24110 29141 34758 20621 5847 24307 20028 6514 5099 8577 20774 29016 26219 1802 13701 28316 4811 36102 30434 18868 29376 24876 17419 30042 8195 2269 12751 10671 25628 6034 31992 36959 15666 3940 12284 2919 32818 37165 2109 8034 27602 37558 28928 39648 18037 25161 16085 32101 16960 16423 9400 37880 26094 35062 26376 21444 12068 31529 35252 25109 29418 13016 872 10418 5986 11099 6719 4997 14218 13522 6838 26014 22677 37446 8888 11884 25912 30506 39200 17956 23510 14891 15862 18257 15454 38037 8218 31703 10379 9654 5093 18179 18027 34008 3807 17011 16484 21165 32735 37158 20478 11526 1723 6643 30665 14244 39150 16568 14759 16832 10662 6659 5401 34686 21244 30219 31503 33604 29532 35123 19315 19560 704 34492 27114 31480 8974 5308 32317 16403 24192 33432 37221 31560 39131 28079 26784 39772 37835 8648 7176 10136 656 336 34463 15841 32000 4500 22177 18839 30236 39424 1533 16175 33140 32137 29502 33806 1778 1369 26902 3398 840 14627 6092 13164 24036 627 39792 34176 10192 38206 17472 31168
28485 3295 34526 7668 37447 27044 17512 27419 12594 14245 15036 24890 6679 6338 13772 32475 31723 18600 21087 34746 24421 23504 741 36827 26099 31552 35940 33629 2702 7899 23926 11891 24139 7418 21556 30166 12202 33516 19547 27450 33607 21620 28447 5929 1169 6588 19544 1250 15155 35456 18997 9260 13957 11146 6481 37391 8791 13861 11976 31500 19467 5623 1754 7685 32267 24681 28769 24269 32965 4002 16481 23064 3804 18228 5857 4436 2618 5277 32729 10560 38183 9528 18014 35751 8432 30441 9543 30763 33816 8421 25155 24735 14755 35076 27336 28701 24513 4211 38463 25055 6568 36946 10709 36235 37009 30682 36542 31341 28250 39831 29364 28110 8387 20114 15397 1125 30117 12366 7558 3485 6242 34247 13881 32927 4695 39042 21264 30666 36425 5044 34506 1198 20015 28935 21042 3382 26963 37142 23949 12436 348 25229 36763 26977 3430 1292 33980 34684 27562 19826 34370 26824 18495 19977 27131 36086 10170 8663 7862 18513 10106 29671 14883 3258 16470 30380 5422 31300 863 25571 23295 12880 39943 5962 6974 3245 3627 17810 9698 26957 37356 6859 32212 34449 6744 21078 17806 16714 15651 7790 30179 1620 36156 15744 32679 9191 26294 10686 27249 25987
7780 1067 3223 14335 15494 20703 14916 13577 22871 33364 16047 11293 33231 39894 26487 20926 26671 13356 545 30715 22564 2312 14099 5141 3813 32689 1614 32141 35619 2568 29492 30582 38089 2140 22514 19379 21860 2983 9023 31906 24495 9917 18479 37233 28020 29914 32481 8932 13959 5864 17447 25900 22026 9589 38210 7859 34546 10407 1827 12064 11969 5704 430 16699 13087 9558 17101 28643 39212 3093 21955 11367 36209 39303 9283 31966 27877 24981 3831 30037 29899 8495 5416 29011 1720 38097 14670 29835 4714 30643 29259 35045 25648 8897 36103 17804 25982 2862 28872 9198 21109 18083 5464 28766 15802 12861 3926 2758 27285 2864 39873 24115 13069 5461 24454 30225 24481 12645 25820 38332 10281 34751 17195 38073 20616 31054 4984 31188 38021 1941 36380 8095 40000 456 30948 31702 25194 39089 38573 17912 5718 16011 14669 7142 22013 24057 12191 33634 6136 12236 1109 15935 8024 11127 37081 8352 33753 33091 27786 8007 23350 39290 4054 6576 2290 26786 33372 22701 8256 22152 19849 21830 17665 17535 38973 3359 15629 14002 21055 34705 25750 34800 19669 23714 30703 8180 24527 36691 1267 12874 36359 37864 3758 1911 31432 14535 2581 27700 35970 30360
30397 8865 5165 35985 9845 36840 17809 3732 13443 27036 3001 26850 12306 39867 16982 16888 24068 10235 33653 12399 30222 26378 22089 32844 37097 30072 28486 12884 11723 26920 9221 20482 13145 18906 38450 16654 9627 10080 20103 554 2110 2966 35915 5332 34058 12579 6343 28790 30334 26077 34640 6614 26712 32312 34921 30133 2049 36748 33617 30804 26836 14051 19100 17860 32613 9622 37925 5748 29339 30207 18914 7571 36131 39306 15372 38667 35901 18430 29749 795 13118 7380 8229 27746 13387 32789 23907 6474 32402 7760 1176 31685 11612 32912 8442 26106 39807 20469 11665 29558 19986 5565 8775 12738 27817 21922 18461 6473 29267 38461 36918 38549 12886 3400 25791 23354 5685 38307 23189 29859 30518 19515 9841 38275 22626 1824 16915 39665 30035 24604 10502 16206 77 7237 30952 6932 13898 1248 2613 16058 23692 4568 20662 21090 20319 7700 33909 1712 12764 7656 19010 19396 38891 28374 39226 21461 2236 12598 32438 19658 32032 4814 1320 505 33655 6325 33044 37177 13323 29669 30390 27072 38216 33789 39383 17253 10976 6150 28453 18491 34214 5499 13391 32915 5360 25142 36522 25665 19627 15762 2770 23611 603 33959 20845 15436 17969 35394 6060 1639
36496 20785 10944 12220 22171 12160 19900 14280 36725 19185 9538 32358 38140 6641 23986 39851 25363 20548 5945 15124 13476 23267 26229 27884 31113 652 20725 39990 9020 9203 33448 19712 2737 12474 11817 19487 16076 30109 10782 28892 519 1963 10047 7254 31428 29257 5950 8694 17208 24666 19210 32968 14733 9261 9036 8063 1864 18389 22763 34462 32396 8536 11883 2342 7307 3350 19439 7069 26226 27651 36952 25898 6106 39041 4832 35334 9934 28536 21629 1295 7613 36998 9811 12006 1883 22808 24 17185 33314 1730 39779 8998 26433 28088 27374 32435 13922 39060 38655 15186 34554 21861 19116 17182 7395 31739 28169 25654 23628 5215 16926 37858 33180 17590 3785 31699 37136 10487 7334 1213 34870 11616 834 29673 34457 9384 23116 38427 714 25219 28385 2860 19923 37093 26735 30917 5510 39118 31429 499 2748 7101 24470 230 39813 19879 527 22378 33245 12195 38062 3055 30313 19253 23375 30595 25566 28718 19425 27241 38910 32373 33875 18744 14021 3230 28674 32278 37109 31797 1197 34450 2506 14845 18162 1820 6702 14884 15044 5230 36618 37659 22535 39485 6125 1039 33329 9867 16657 4186 17197 36412 11150 27794 36395 18140 16785 23382 39835 33665
14571 753 5045 26250 35693 32198 14972 6921 1001 36107 5888 7195 31809 5992 8413 15667 23766 35093 17612 20696 36770 16408 12545 9562 21086 34182 12071 20338 35779 14466 21744 19252 14308 9095 21583 7116 13615 21911 23596 10330 9053 13967 842 35459 38468 2398 32918 32792 13672 663 28899 24286 25864 8578 21820 1757 18362 281 39523 10684 5408 1208 1175 1570 8881 16530 29149 11622 9078 6734 12948 36089 27479 13243 21990 12134 524 23095 15531 15445 15714 37475 36452 32774 10187 25536 5512 25417 32088 38860 2249 8709 14025 7179 8804 13931 10129 37294 5594 4516 35757 10784 19007 9862 21129 21182 8543 25070 14039 15211 33506 6358 6582 35833 35350 10669 23163 11769 34583 4272 1420 30734 12153 27640 12703 10390 24084 36382 759 17621 7839 25510 10935 37405 38412 22418 39385 9140 19450 26050 6910 34491 24355 34441 23637 7809 12811 11928 4349 19971 39637 4249 12011 429 10725 21482 24864 36140 21329 3946 36474 17072 36231 8713 14446 24321 11922 38740 300 13010 6356 34273 34664 8322 22857 18054 28752 26083 18077 28589 26650 2062 26325 5762 20277 3275 1844 38847 24746 27866 29156 18664 21984 32432 30221 11156 5648 38810 13291 22546
32491 25662 17054 18148 3614 17109 15695 30858 7459 19047 29037 37531 25246 2910 6094 21730 28567 5688 11307 13643 2604 13583 6786 13293 11902 1138 8605 10 7178 28319 20337 12431 12683 9380 7549 25172 19567 34719 34714 27723 35280 5746 26476 26853 39280 9196 34323 21948 37695 25274 14274 23688 3090 21356 31943 3239 18323 32971 32993 21864 4417 39121 17278 9656 26930 8552 9813 38333 20844 8689 11040 22068 29588 27910 5430 22992 11370 8380 12079 28233 18040 34254 24133 17127 4390 21025 10797 23203 28678 18111 18029 17001 19926 34824 12110 31383 5564 15789 30987 33533 28393 11746 36157 26288 25905 20027 14132 11503 19578 36179 26870 18434 16954 29827 24055 34615 15808 28991 25117 18010 6804 33623 29237 2867 4878 10396 12568 9337 8139 36564 22996 36867 1515 21265 24411 18960 35881 21752 9000 29077 7159 15972 18591 24442 12256 16079 25723 22250 35532 2378 3452 30654 12242 3850 11738 34069 30164 14588 39960 32401 28746 32202 2507 32662 9636 30922 16887 20145 8981 39515 28327 9670 21347 33836 1565 26082 37422 15621 22297 29804 12292 37612 3327 33528 24831 29731 11529 11787 249 32621 8469 15824 27523 15645 38098 32887 10155 713 30873 7610
14140 20387 29069 25995 9101 11174 13995 16229 25373 21665 192 38128 16034 27359 35547 30684 7423 2527 26866 20507 25601 17790 34904 39980 1425 7675 8988 10813 26565 819 26542 11676 4924 5537 5489 38789 25709 4892 27969 1843 12900 25342 32332 26453 30065 8526 36071 5589 13581 32303 21147 616 20953 9372 24656 34456 12705 2054 36279 7856 36350 17974 14095 33058 29871 1086 7502 721 17914 29126 3058 5570 35464 38532 20356 28274 19173 15351 27216 2144 14648 34745 3564 5185 27885 12990 20590 37970 366 29689 28010 29260 15393 13600 20215 26541 9240 24235 14467 33800 25739 218 27999 14122 23772 25120 493 4557 26230 2202 19029 31128 33039 11972 5768 17294 36601 36312 27717 15702 34412 36487 35344 37875 8035 12388 34784 11837 10749 19344 10087 34976 15128 2282 20904 30252 39228 20779 8979 5346 18643 2405 27457 6490 6469 37436 23411 37420 1231 12041 2483 22810 1518 22986 15492 20607 17630 22939 27553 28914 5894 25033 18874 13075 11236 39828 17792 30968 32221 31018 17722 36881 23264 35760 9900 30546 27908 13818 31106 16676 2502 25672 22320 2128 25069 16281 6467 18590 11845 38506 3026 922 10457 4719 15169 29068 15758 33194 4198 7784
15435 24950 35142 37599 26937 21387 30973 34803 38312 20186 34731 14699 33592 7278 3978 11098 24815 5543 3793 5966 5822 18475 30122 2528 20916 15909 39407 8103 17895 26550 9287 10074 27535 8626 22923 25328 17564 36669 2537 1216 22834 3601 35272 16090 5578 17744 12625 31313 21855 10333 6302 34642 378 5049 5829 1023 2218 32765 2823 7602 18327 34816 13373 21565 3576 3413 6949 20960 37266 23929 26804 28763 12838 12929 35488 3730 21059 16044 36803 23622 15641 35039 28538 11164 26846 19631 4147 18067 6225 2505 4022 27006 12472 17534 11536 17146 12606 18907 4216 24551 35321 817 17554 37890 20321 20126 909 5299 18043 28170 39617 29736 19845 16255 29625 17103 9789 15692 22773 2533 27417 19752 33221 9545 27431 7376 32562 13568 30698 24388 28773 25086 20261 30321 24273 22417 19490 10197 1759 33188 28410 275 19110 35384 22061 8488 7651 8354 23975 36028 30379 23802 27821 5951 6113 14643 25309 23664 27234 13086 26796 5175 29817 14848 3548 24248 31273 9399 10314 21586 23750 816 15277 21908 13191 34222 4414 34548 27031 23848 11108 20693 3457 9502 7965 28047 31760 7401 29974 14191 8337 6982 22374 4155 35753 24942 39967 22302 17947 11225
29281 26931 11667 5480 27683 30198 36286 7805 6237 28244 25740 27032 35312 24658 2609 5026 39585 504 36980 7617 27127 39241 25818 37732 39370 18177 32454 34404 32561 26641 9757 36831 38497 15717 18132 35190 18540 18329 219 2949 18049 14498 30161 4209 26396 38839 19750 10714 26186 33677 32053 37440 31705 38162 33125 25798 5995 36921 26276 22661 14281 18092 20189 26905 34687 29412 2664 11264 21972 8874 21214 31419 38760 39977 18484 4048 31607 6311 866 38327 1677 22715 16594 202 216 30677 17926 10295 6444 27929 39490 10477 37595 10196 29654 15780 27335 14215 17680 26401 11469 6328 21414 26318 8614 3560 36589 26834 4273 12328 4462 10778 4750 4963 11540 10630 15094 18481 20579 7060 30502 34710 20333 13419 30487 20253 22008 29873 11666 16236 37943 15299 12132 17511 28988 18068 13853 26156 34528 13574 33828 36893 12166 7768 11039 10980 37640 21675 9081 37689 23086 24745 14428 29905 32389 19081 11366 38080 10889 28428 29138 36448 18543 30394 4945 35120 36200 19197 3441 3177 18249 25524 27125 28542 33754 35315 11302 4702 14119 18351 18926 8698 31411 15258 19645 36622 4113 36176 6153 25396 37209 34762 7139 36369 17551 6487 38096 1297 472 20201
11016 37399 11163 7263 2811 19589 23222 12818 29179 14664 5745 10376 7719 9007 15156 3120 22914 25861 19549 8367 4768 31099 17078 5280 3235 32517 24501 20205 36711 3467 27670 38851 31331 5928 6725 34936 22953 22227 16649 16325 3701 18525 28354 20323 997 38928 17457 14978 16534 20364 16549 29767 37681 29184 13768 3712 36885 36024 10736 35854 16406 14617 7611 5278 4411 4178 14870 13454 27740 9383 30491 14625 34718 29466 15773 16259 4259 756 1851 25072 2099 9355 19540 33310 30636 2952 24860 4983 4375 12947 16086 15817 25615 33469 9180 25024 37523 27704 12185 630 644 14558 175 211 8869 22147 565 20090 20198 26953 1116 35446 19000 12302 256 6123 21859 10717 21192 36948 6739 1630 2259 5180 28850 39687 26692 6076 6564 1163 1559 37771 16849 31894 1789 17310 29996 6544 30635 2729 35857 36824 8748 9616 6400 1392 6776 23527 35884 32075 5684 23040 11554 28918 37112 36925 37602 35210 15842 4833 15489 8268 38735 9591 19899 27942 20494 33751 30324 32857 38660 34821 25684 32708 14111 4620 20860 31889 619 35496 17697 11731 37836 35305 39559 21807 16995 31392 37607 21247 17857 6601 3599 39152 3790 25981 24833 1428 39513 8343
23569 10529 34038 13652 15308 33894 14105 4533 5599 36020 35479 9787 1012 34617 1709 27141 27033 6026 34440 14159 25838 18717 38261 26207 11191 38803 6485 35373 4858 2691 8289 28075 26524 24208 33349 5151 7360 9310 22779 32791 14532 32456 34616 25064 2832 29142 13051 3675 17579 25556 11342 10971 36792 27554 21118 10848 34237 12145 28154 4887 19429 34334 2232 26097 13097 640 30153 16694 31254 13904 2798 28406 11475 9985 31386 4546 5743 7441 21389 15895 13038 15859 14613 35068 6137 11220 28575 13596 31779 954 28736 9301 8230 22295 29400 1373 35458 28282 13036 4901 22854 29514 28954 19966 7783 11245 23485 11983 39946 17713 16167 4778 30713 39765 21101 35503 8397 563 31058 23668 31111 21116 24672 21698 25063 18944 24003 26052 38173 20867 29440 18563 22188 7044 21328 21898 36525 6446 35146 17768 3874 28973 17845 19279 20295 15891 2426 6475 20238 25296 10623 19568 37804 23303 19109 31728 33284 18798 29853 3933 39768 18102 7568 5859 6254 10829 11819 23941 3972 39444 38008 27542 15991 1855 18682 12765 22429 5955 27754 34934 23905 19215 30496 4074 13423 27774 21028 27614 37882 5017 964 36600 3191 21354 7427 6755 13792 4127 4687 3945
26470 9586 27163 6435 2213 26010 27787 28685 16605 32325 621 5013 25644 14332 8138 2475 15460 36704 20712 552 10993 22786 10159 22586 18650 18518 24066 35444 11591 21928 21500 39177 1004 6639 25947 33490 1741 1718 1654 38547 30102 25337 680 13140 2529 17071 29888 26760 927 4487 30435 21339 31950 6740 12752 24529 36007 34645 17710 29484 20618 17968 5417 14230 31457 32162 10928 29516 26268 15844 3508 20003 16522 39529 17939 25757 4912 5620 35430 31643 13580 12531 16798 3 29280 12053 35112 23286 33534 24023 33061 22346 1886 15015 25193 33177 19366 32753 26465 27727 33520 1203 13379 8219 3023 38356 32742 36193 26030 27720 10336 21642 2436 9288 28150 24939 28468 24842 31535 23440 20850 29115 35874 707 8089 17431 2503 27734 28377 31010 185 20300 2407 22950 15360 38109 33913 10315 1345 23657 29894 14306 38299 22266 37573 25037 31802 32071 14044 10937 28657 15517 14779 30111 10739 13528 17124 21865 38504 24065 36044 5552 14136 25656 10205 14270 3735 39868 38729 6685 35080 13 10214 37057 19363 7662 5934 3824 24960 26776 4099 9269 19030 7292 23015 5977 19993 29075 19793 28926 6550 33619 29409 35523 38619 21854 10137 38921 15797 25548
25705 20711 29520 11910 32507 30400 14792 7134 7467 31569 3875 1291 23141 327 24938 35649 1313 33121 25941 25460 29638 38775 25067 31214 33031 31866 17377 22495 15697 27018 7587 36648 37903 36647 19145 38241 22995 26791 19500 6303 32547 39553 716 7723 15786 508 726 16014 3005 10399 27779 918 30984 11611 22944 36498 2716 10456 18899 22343 3580 6369 21195 5195 8521 4658 38017 13262 14666 4616 1135 22079 5892 31253 25540 29245 34893 10432 22140 32234 21045 30927 25307 35509 7785 26358 19355 25232 3201 13938 26908 2467 33363 28248 24959 30383 19292 12658 16896 18773 35455 7803 32859 32180 17114 29548 21383 38687 15469 34713 35192 17648 7709 35696 39949 16671 27062 31348 32869 30099 21456 18559 13199 6533 11501 20455 12744 715 37980 36435 33275 3865 30796 26635 19032 35050 33852 24699 39178 27547 35804 36726 2051 12696 26116 23674 1460 14228 24944 10926 8803 15257 8054 1222 28925 3085 18693 1776 20934 15904 33214 28919 28333 24508 22825 18451 273 8321 7233 18032 3020 22688 28023 39729 2209 10710 23263 32919 13851 1042 31740 13690 5050 36661 16889 20384 12049 3605 27859 27414 39543 15663 29885 24243 11074 4543 14055 20724 9771 16572
32240 7484 22329 2775 16880 11265 26916 16391 4880 3641 34949 3464 11339 33911 6434 137 36333 19024 8078 6808 17165 16789 1803 3426 28033 36961 18273 39725 1461 29890 22805 24256 2953 33989 2132 17178 23149 12405 24803 37072 15355 20731 30590 22998 10391 39331 22608 15847 25389 13311 1161 847 10304 25674 28350 35218 11316 3961 28068 15864 27517 27426 13013 14503 9993 9235 8884 6384 23099 9381 38459 39449 30068 7600 33961 19120 39235 14142 20197 5675 24158 5343 22640 14804 31986 14920 23797 16958 32986 14480 32710 9313 15851 25773 2600 21413 20396 25954 24916 28617 9291 10509 36539 18652 25558 11850 19740 16234 16542 13971 14821 9919 28877 2708 8431 30351 33714 19201 13516 18576 23730 9406 30283 31941 22657 7020 30089 10923 10215 9297 20535 11144 7204 19624 22587 20312 933 32853 2278 3192 33090 19277 2447 15237 18369 25997 953 14145 13862 36115 28972 31085 1102 15874 35001 1241 37886 17430 22039 29604 4530 21380 9417 10094 15292 35143 33996 708 2993 5150 27815 3800 39561 10814 6007 25245 22520 3768 33069 2474 37064 33845 35427 26831 23921 31732 7389 17400 33767 9704 18873 2323 700 24512 16001 36686 21203 34659 27889 23499
18364 2046 10552 7674 19461 8950 9973 38402 23371 11002 14768 2633 6531 1739 22389 28128 19786 39218 35411 31626 35353 18691 39935 31522 280 26021 25178 6830 37468 29173 13120 18234 260 36207 27872 36857 22692 921 14088 34809 12877 5059 9056 37787 29679 6572 449 25205 251 25796 8672 23529 21152 15384 22993 6617 9120 8351 7367 16163 38684 30817 39752 28634 5233 3363 37472 17965 16662 24951 5853 35770 11322 32977 10050 20289 6174 39216 8365 30894 38124 37492 12189 15970 37923 3622 7522 10024 21605 12722 13592 74 1249 4792 33761 1682 30503 24799 24962 24460 11196 29255 24383 26961 1816 20620 6398 20030 27113 2246 29683 34516 37199 33572 12839 4073 4267 31158 22369 39546 6836 596 17309 4318 29940 578 23184 34028 25949 13840 27385 5225 38866 24653 23451 507 13734 12782 5445 8863 569 9522 30939 24990 29256 33792 19894 11730 36575 7770 26872 20451 18080 29746 3835 38058 22053 12199 29840 6445 39284 16182 25917 10309 11051 29955 27911 32608 7109 10839 11562 1416 12137 31795 23964 35570 28417 24008 16681 22390 36225 34230 11943 21915 4445 17906 22058 18785 25306 24518 29433 23647 5283 5110 25315 27636 28738 36272 39923 29943
24045 10603 15843 12382 1974 21905 4033 12676 24775 31852 27307 15306 253 28372 1324 7717 33579 34241 2300 34917 5364 20796 23302 26819 13219 196 34681 37017 969 19196 28590 36147 36047 6580 23475 16939 33057 30568 13151 23492 4524 26616 10635 12574 39083 34063 21071 14241 32276 19491 18551 11052 4402 29368 35009 5255 35807 14949 27881 22596 13706 29289 5365 31427 32829 33857 12092 27993 27541 23913 19548 7210 22929 25250 35573 17415 20281 23982 29868 15986 12286 3051 4788 11852 24599 37029 17520 20235 2948 39101 13432 18320 4671 7166 16486 18897 32337 14866 39046 33822 21572 15707 5973 37231 2976 8866 34539 24232 13639 33620 13364 24035 21480 23860 20209 7649 37450 36930 12660 16914 20177 34070 31734 37299 39579 30949 4358 17274 30243 39534 20889 14359 13725 7588 11200 38606 37790 26067 28189 27982 27920 32316 13092 39287 4019 32554 36782 1786 21727 31280 31817 15406 16386 9022 13096 1059 21242 26339 12314 37169 35381 35902 33848 14683 12822 5129 8339 24516 17704 10025 25914 16225 36388 26894 29995 2625 22610 20424 4080 9237 2871 11268 26084 26810 20569 36717 21796 21678 37409 9278 21511 29770 20633 8029 26180 2984 27824 38827 38068 22558
16313 10549 14152 11953 26666 32256 30454 21335 33208 4626 20519 23055 28922 39628 13111 31132 1107 8116 18139 1268 351 32537 38642 4241 31004 9901 468 9828 20061 5148 1502 24597 26815 32825 18425 26031 30463 8766 27014 28445 13561 12463 11815 25690 16869 19815 35179 23236 35042 24949 29081 22208 24344 22582 15309 22945 15014 518 24199 28028 31409 35786 31711 21268 11409 12414 22940 2336 19313 34779 1281 24206 11400 3303 2201 25211 5438 19871 30104 7372 33085 28637 4427 7468 3806 1270 9356 15426 26350 7035 29556 1923 10455 11771 18506 9710 21367 17591 15168 8644 29801 18360 14205 960 17913 38665 9807 33855 7508 11261 25509 7635 3373 4783 18474 12973 10104 8155 15532 10262 16212 32888 4955 8336 3484 7732 3338 37542 11601 105 14153 24987 14124 17933 10764 21703 10570 23477 33944 6960 7988 15423 24851 25022 34071 28513 20529 28792 25923 3700 12418 3203 34969 30095 2678 18121 39334 17997 32043 22041 32740 5328 28842 284 12458 19511 2893 22097 4122 4088 38570 22327 19192 10483 2900 18842 34216 13702 18303 36429 24651 14634 20375 5227 38586 21926 2459 14944 5375 13960 27905 39459 29848 18542 29228 28255 20927 9679 29454 34474
10424 2101 31103 16953 23324 5371 671 14307 25508 16388 16864 10755 1543 33988 19808 7422 23552 266 36668 17002 20255 9272 3009 28976 24578 34185 2353 31379 35624 27309 13665 9669 10874 21373 19371 19758 5042 39717 9493 21487 18621 16808 9940 18494 12950 27443 32346 33199 38734 19812 4196 21672 7555 13603 3516 3583 31679 9726 15017 914 12025 4365 16895 7874 3121 23433 36488 37426 5404 17115 20118 16903 4625 31890 4559 31096 15414 9159 5476 30880 18221 33274 28661 1701 32520 24190 26702 27410 32951 29261 21712 25158 16415 26589 38285 5413 15623 13829 39862 4588 30210 17298 31892 4238 3998 12367 39954 5036 5030 30430 9474 20824 2308 16771 13774 38047 34041 36087 10257 4652 34822 10770 37184 38326 24659 30640 28565 31071 25235 31052 10119 6867 23119 24318 6382 39002 12793 13953 38351 8160 17282 2242 29139 23072 36909 24231 33000 21173 17482 19319 26263 28426 27379 29457 12127 1980 8544 8837 11706 7064 19924 22735 26647 18044 20537 11288 17777 26579 28046 32188 19856 31592 22809 36367 8679 550 23062 35364 3127 12941 22756 38585 20098 22678 6874 30997 23271 3836 16367 27752 36613 420 15021 11224 2669 13303 19988 27867 19528 29314
3910 26103 18967 29029 17369 26814 13699 10387 27643 27473 33949 31015 23846 23439 7542 5239 33276 34053 27352 7032 33508 18151 26707 26005 24091 19527 39380 20790 21085 28002 32997 39518 22314 20042 6354 19877 13337 15247 14511 31952 27915 9106 8710 20811 27510 37416 7429 2648 8984 6370 29957 32049 8757 21117 8490 19739 37954 23956 14545 16596 24019 4795 22903 8511 26342 11963 10439 5617 39880 29355 21857 21702 33476 13269 16517 22413 7057 7269 22047 29813 14113 18791 14521 30702 410 3587 3710 39915 14601 25410 3922 28386 12169 39008 3489 12432 25626 250 29876 34333 23665 37710 37786 8838 12339 28474 2127 23045 33256 39844 30930 12188 5816 6663 10371 14185 24652 21126 14249 32179 30565 18949 9820 38958 8900 26874 9226 485 6951 8212 34098 30183 15963 36891 37820 13134 7226 33978 26926 15227 24429 7527 23996 22908 8630 22889 23627 33689 511 35783 399 13296 17359 27840 11695 37305 857 34598 34674 31905 36943 27584 27185 27399 25778 5942 16704 6080 1716 3294 35500 12108 19673 13878 30833 31456 18732 33538 17181 39586 35639 19131 17332 3851 33092 9965 32952 19202 39593 11952 2217 38301 13309 31593 31396 13253 15634 16750 20598 38762
14937 19911 15008 11920 34135 14808 15848 25686 34653 26078 15516 23100 25821 11239 18066 747 11431 31353 14587 38292 26024 37808 21317 29664 3100 33470 11917 7797 11483 12085 24038 13836 23523 27610 21757 4376 37022 5673 25703 35844 27112 586 35566 22981 15910 11167 2570 26809 4774 2553 24016 477 37438 28315 32667 4518 8701 11873 11571 12271 28056 11197 10956 31895 28683 11477 31140 23383 4433 15723 22627 6283 22850 10010 12774 29036 36300 38540 35534 30612 10943 17691 20224 20865 8994 7074 27466 20178 10973 25808 10147 10582 24446 17507 34022 14780 28155 20744 22977 23111 39567 24096 33193 37988 7186 5400 32748 27919 21039 5695 15821 4040 15421 2477 24387 35162 7487 20173 29500 24013 6425 2837 19478 9852 27940 28870 36073 3225 37699 33546 20739 6646 8628 29250 31754 7079 5176 22338 37307 23762 3438 37503 221 37073 25804 20842 37872 35822 11941 15151 25934 39841 24196 21208 29710 30348 352 37511 7420 39471 7646 34778 12029 31164 21419 11252 16031 6099 18116 27319 39694 27160 13869 35718 4860 23465 36189 28689 38768 9912 23815 16426 34227 17980 9939 7066 12341 17449 1139 21520 13292 5302 31565 29651 13255 19855 14743 36444 25128 34648
18828 23583 30742 17581 16048 16177 22506 2689 6245 25014 24897 32707 1040 18632 26646 11786 6377 35 4485 17244 8682 32483 5003 34158 10095 7300 39872 2279 36935 32318 3336 31445 23296 14647 27784 38203 39732 33207 34785 3780 34105 31548 33804 32606 18202 20187 27120 29109 16574 30662 13751 1663 31881 27049 12159 15964 6116 13969 14435 4692 19661 25831 15443 31017 26564 23104 5265 6644 24329 28990 6301 16129 30570 20894 10521 36159 2519 36681 39689 17023 39172 9124 8133 15471 1949 12917 12949 30180 1567 24315 3666 335 7246 8318 34426 6654 28942 30465 32535 32034 31494 28933 21422 27630 6067 26493 20086 34047 9404 32410 31464 3592 15089 13537 25745 14857 12051 36863 31933 7854 854 12065 33377 29580 31400 2343 2207 36224 9843 10402 35465 9529 28172 13062 23649 20998 29134 16376 16096 36989 10819 6269 5953 39300 13471 35421 36794 39197 26927 23630 32386 16886 11670 21578 36933 39434 21432 10616 5475 13647 5607 9443 2374 3810 9252 35567 13691 208 20660 39129 664 16360 20930 23161 7846 4827 15287 6492 6295 14469 17786 25851 18821 9069 31372 16368 31048 29154 30891 26984 4770 16348 31571 19006 29895 18912 33998 7030 38428 36604
39511 38879 24375 15908 16578 27956 37363 25679 13215 22629 36878 14282 34732 3538 12263 36014 16943 25677 39399 37846 23482 27641 29700 20746 29590 23732 21451 9079 32575 11797 17760 11979 27705 33891 38451 30729 20233 11553 9499 28615 15850 2396 1787 24972 10672 13225 36025 12072 32590 24770 37663 26761 10907 35154 33972 19757 4024 21066 32291 7835 12 31947 7378 29703 11244 35506 38804 21428 9389 22832 20344 26668 19579 23820 24475 10693 34734 18255 25952 18500 34807 12260 20239 27981 19384 7488 28698 5753 28176 27792 36290 2429 10152 4680 6664 35715 7991 33406 14258 33020 4410 3736 13012 17840 20878 31151 6436 6549 23138 21486 13277 20674 36873 34655 34994 8333 523 1628 6497 35544 30472 14750 25126 7934 37499 94 32531 274 4585 31441 3022 7929 21049 33802 38192 20228 23675 5064 30086 287 26091 20634 22234 22742 20412 19902 20226 35513 24759 28760 30818 2039 23565 22052 4940 9446 20520 38737 11169 37065 502 30399 20283 35017 24140 31117 32831 35524 4428 22285 20377 12183 207 9774 25823 30982 18748 3786 35504 32409 1439 20442 13546 26940 22866 23845 4150 25629 18244 2601 28654 10857 29714 20720 31575 6134 1617 32076 8049 27348
31993 7619 15229 3096 28078 28235 12570 37631 32757 37986 2873 5627 12951 27971 7583 8565 38147 34468 24968 14179 10425 13265 32861 12934 20291 15721 21634 19302 21571 32415 29758 7852 7234 36615 22989 36858 18750 35127 18977 5034 31421 8196 15665 14079 27987 36965 11846 27210 18625 12582 3509 37147 30244 28941 27084 36291 22750 34669 2391 22205 7472 5268 8802 3330 17888 22896 29778 23344 3778 19286 36002 11298 11829 33763 18631 9202 32142 21680 34435 36269 6795 33294 17942 25542 6387 12096 11685 9542 24152 1346 13348 17861 32294 27849 31501 30231 34014 21257 28799 19001 31238 25340 39335 10742 11658 34877 33034 16267 17470 38984 28072 31310 21001 5720 12758 38950 21178 3918 13299 27353 577 11301 8403 7450 36100 808 3739 39722 23841 24879 18192 17180 36538 885 1084 1691 14970 23808 11885 18071 5794 10794 39748 30329 23940 14529 39447 20246 30403 23525 428 25341 9217 7538 6468 10960 15958 33837 33741 34872 6114 33645 2846 34487 22498 12522 19668 25909 10306 26808 28380 17970 21191 27143 8489 13839 16524 39587 18837 39516 1975 16443 17460 38744 39812 29410 37765 7845 9671 10056 14400 35443 22328 30289 1662 4602 26605 9376 9539 29448
9085 10454 35535 36050 5780 36736 26935 15068 28931 24163 23758 23843 29213 7804 28120 16583 22081 25138 5160 18402 12693 17972 11350 25269 39468 19503 12502 32741 8500 31153 28331 32390 36222 32288 30284 29216 24794 38456 3209 22307 30600 35948 4268 3555 8382 22240 13958 32164 37588 20924 19268 16932 19592 19476 35993 20059 4246 38181 1775 4124 39858 31081 33532 30091 30591 1448 9490 31926 24654 35213 19106 859 19639 3495 18921 29506 16569 12519 31578 2598 23046 30154 6466 30366 37031 10462 9574 25428 29254 6615 3348 22767 26307 21866 10322 18340 30023 31504 38172 34868 20063 6594 34553 14815 36334 19452 14537 10048 2238 14226 25746 23468 4932 33048 35818 24249 6139 11851 4823 1891 22771 11874 23516 35247 8806 22317 22830 3534 2453 30280 39756 31610 22770 14264 36999 10756 17938 17190 16087 22836 17684 35215 35115 34984 39794 2612 23014 21471 18555 8653 39782 10430 17140 9584 34585 31038 18272 20853 38849 7925 16117 12791 28761 11823 34382 15944 15856 34179 26998 12704 8510 35521 27989 16794 24841 37243 15141 23152 33583 13595 30265 9523 27159 37289 36814 24919 39140 11656 20456 31394 32659 20950 34690 32157 24172 37101 18380 22032 33051 11363
4248 27165 18558 15942 18061 8301 8821 16017 9745 7324 36901 34723 25411 1078 13338 25297 16685 9282 20685 27275 2587 38293 22154 459 23644 21627 8040 7501 21043 16679 5443 10349 18075 18905 3475 35737 765 8056 6975 38766 20900 9401 11416 15114 18078 976 941 11498 36756 8738 23139 2087 13630 39956 29791 15672 29524 21741 15598 23114 24031 9058 5574 38375 6850 37597 6698 27617 26798 29942 31262 7443 35762 13395 6282 17067 36308 29978 15400 17692 32296 28390 16237 21146 5197 6713 33514 21077 14912 18680 35328 34166 16516 6918 34647 25334 6309 36302 37576 31145 26275 25314 29869 11065 31657 36931 16494 32883 10226 22689 16015 25042 882 265 7390 14206 23349 14160 37996 15759 16316 10146 10830 7669 26413 1318 27229 12083 30090 24733 27732 27738 20435 34252 35730 1435 30466 8142 9927 34366 27758 14824 30370 37768 33010 29973 22960 12731 8880 16973 15620 27047 18775 30255 10748 38395 30676 38321 19652 37328 15500 9916 26934 547 1011 1006 27880 21805 37553 27440 16005 31778 2761 15331 24275 21828 25867 18545 32902 23204 829 26807 35483 11383 13857 5740 15526 7135 8606 26516 39275 4886 10525 8310 29147 22221 24694 21587 24157 27154
23252 39613 15746 11981 22597 24391 39158 14028 3840 23900 28651 18203 1473 32392 20361 11803 28414 1837 11512 30896 32100 9666 39788 20841 26198 25698 5534 2135 5890 7557 17425 33242 15624 24688 7252 263 27619 30638 2341 17387 24755 13906 12358 5811 12893 38815 1615 14917 22531 33833 36450 19561 19391 3434 11124 34302 8718 19011 12445 3011 21261 27543 12165 21929 23680 16359 39899 20450 21867 18710 20578 15812 13822 17896 4419 32678 31059 8057 17316 152 28199 5116 33710 9593 11086 35792 12871 32806 4668 37401 37982 28549 16326 7554 23170 36899 13433 34147 13283 17614 15057 37603 29018 17348 2859 20881 28156 1259 21470 39681 33395 10389 1940 33938 9741 11232 25726 29476 23332 21429 3448 11726 15395 32486 5062 30189 30735 39633 1676 26372 32696 36453 321 1287 20401 2701 33055 33003 10342 37442 35798 16511 26237 38386 1611 30305 16546 6055 2863 6592 18805 28852 8621 28691 32591 31693 16584 30190 9874 1616 37621 26648 30343 10936 3421 12422 22549 20317 8114 37074 39514 11932 24204 13663 482 33883 8674 21448 26521 5023 6609 30362 38842 2699 22105 2221 25842 1031 38516 14139 12477 15632 10351 36119 4931 2410 25876 6063 23022 31218
25370 17999 28140 13541 10870 38233 10833 18368 26061 29856 19386 5713 21852 27592 8594 16800 9577 32557 18640 34985 5970 36083 15322 25075 34646 24976 28090 4431 15204 36818 25006 7364 17545 15341 13992 36247 514 31775 31049 28987 39720 14662 2198 4722 37267 6456 12452 13080 18489 12912 14969 24545 35416 29641 22728 27658 8522 32190 31988 35678 15612 30523 28579 7659 24637 6013 14806 18956 7405 33007 38587 7215 23928 11300 29084 6833 7492 25496 12785 24631 19936 11701 39314 19346 38749 8445 23213 24615 16843 26896 36019 17816 29687 39185 19190 4596 4265 31967 9060 19944 32584 32726 35159 7302 27337 25784 29606 24867 25485 32661 3034 39591 21742 12229 13462 39654 15775 30868 25380 13204 14208 25631 6226 33157 23244 22912 23974 10965 26828 30194 13795 29567 18243 4994 6366 18719 29369 39739 33379 28121 14238 11792 29601 30663 25339 16503 39462 28206 23107 9387 6523 9514 25110 3554 16045 32407 18736 5944 32106 37748 16061 30375 36731 14046 14379 5121 32835 6722 39480 20871 4567 24390 30079 1377 20577 1736 27625 38297 17504 13866 31615 25815 11574 36988 14261 24946 16069 37795 33243 19177 37862 22796 33662 18302 35838 5760 24573 31640 11500 25559
1992 39257 35700 25519 8418 24999 30267 17812 30050 25650 12147 33043 2025 4638 1052 19742 996 39113 33430 3703 7551 16010 12247 2204 7140 36676 18262 23060 12012 36617 13430 34783 5680 9570 37930 34611 1728 9691 5932 32182 31932 35324 7314 20733 38010 11254 21135 36879 25453 9477 19916 29602 19737 22179 7694 33610 635 5878 28816 31455 25 32850 35877 32404 31577 30773 85 12873 22251 16112 19105 15795 16197 29361 39581 39889 35032 29014 14272 28655 11439 4129 34065 4510 14882 36889 3986 9353 25463 35875 26266 8622 12266 28127 10436 12585 38466 31228 25057 21529 7348 6925 7860 13570 36348 33527 38622 36211 25869 22462 28009 23214 8464 22935 17252 37100 14086 30424 27949 14653 29668 29343 26043 9815 3487 36202 7563 24052 12580 33265 36696 20018 14415 21245 22837 30270 27034 10608 8444 39259 17822 7130 13579 25184 36692 10463 31811 12985 6837 37280 30867 19873 32589 18644 24250 7572 37679 7578 32158 8320 3343 34342 9271 24905 16417 23739 34211 28053 38424 20876 32814 5070 227 32242 11930 35105 24737 3015 19128 5896 35589 24985 29536 11230 20448 26329 31412 3562 16198 18251 11505 38820 29322 13239 35617 35088 687 26547 5454 18035
26585 4865 16458 22453 13983 33326 15870 32186 14173 1612 23512 7112 5131 20957 33278 38677 6053 34773 11596 31931 498 29098 23751 14624 26558 17222 37172 35581 38602 8796 9325 22964 33028 22362 8062 30405 19640 1171 32926 13826 8939 8660 30889 19092 29006 17572 531 16439 26781 12000 17540 10142 30680 34480 17061 16737 34541 4125 35345 32177 8257 7580 37877 33512 23608 26206 22030 26044 7096 4509 655 30423 2286 31355 3876 15593 6799 25849 22278 38578 1415 21017 4951 14798 8542 8786 12152 8309 4907 18674 31495 4106 629 35732 5250 8119 579 25378 20686 28251 8492 1483 32174 28739 35145 3188 10268 551 33787 9311 601 4011 28533 27156 32237 30963 18745 30338 617 21127 31003 8729 27172 36026 25437 16934 3437 17894 18167 22423 15815 22120 24067 19588 21297 10162 23616 37856 5939 148 20311 9340 2990 7791 35234 13944 405 8841 25422 7174 24459 2603 29685 5598 34986 20465 24930 19022 9537 443 39527 38414 35108 3589 9097 31564 12734 31907 26447 18359 28032 34371 32425 3782 20162 22312 28583 39825 6832 36371 30553 19474 37003 1459 22351 18384 7056 12356 25406 7961 22458 9956 30309 26441 637 39017 17718 10014 17297 27551
1808 23091 38196 33046 4691 33552 20810 727 22414 24403 13163 620 4345 20601 39333 8531 14540 31181 16043 18788 20901 39189 27368 11904 2329 19973 773 36440 38707 16109 31839 6901 38389 34384 13278 27304 13411 11767 26474 29196 33652 16148 11989 23176 39501 7836 22021 27678 10613 24455 6090 34802 22931 25457 11615 5293 25384 17958 9559 9817 4215 28535 12062 30371 27138 28471 38654 26642 9544 3460 23599 35417 28732 27663 10339 15553 17873 30404 11115 237 34995 23406 6289 17706 18634 25019 3002 11185 14381 18199 37168 24149 26159 32001 16742 24427 3999 9832 4320 5088 11378 35264 19697 36289 3200 16329 9764 5577 30556 14499 18287 18978 6555 15029 27493 8835 35676 33335 9728 37754 35257 39649 3099 6900 10680 9059 23230 7154 9405 21810 36249 30431 21256 22833 31524 22349 7586 14216 29968 21773 25176 28905 31868 38507 22775 23571 10954 22589 262 8481 24265 24904 19329 32479 30301 10466 11168 30799 26491 28307 21472 21607 27349 24941 35075 23019 7121 15684 38325 6665 12370 13531 13146 3996 14523 634 39507 28093 31583 27306 18486 36304 18856 1542 13941 39023 23459 6147 19127 28733 37028 16181 4459 31162 2935 15344 10564 25021 21870 29253
24610 1016 34318 1823 35266 8931 32981 28725 27482 28276 6511 14522 7353 37488 4352 34110 5309 34259 35830 2180 9452 37082 24292 13616 36342 5679 30310 27088 14434 34174 32564 32522 33682 31532 9014 5008 19722 2090 31252 11285 12442 37025 32638 24538 12026 27310 6480 17733 12372 36607 39104 291 18924 5424 20561 16420 14877 34061 30878 25692 9772 31860 39055 25809 21588 2173 29533 38953 8238 10540 6806 26306 14131 30863 18694 25520 33673 6351 12115 7626 1575 37887 10948 12867 5606 29316 36451 5694 18448 16344 11677 37645 24361 17016 31025 25908 38013 38557 356 21526 7455 6414 31069 24207 936 32978 8949 25089 7017 29372 2994 7092 19377 13035 15801 17464 31790 23786 12499 14813 4128 975 1282 5637 2151 4400 26706 28027 32558 30470 19114 5171 8512 28671 4628 37945 24291 2717 24901 29242 2401 27850 22716 24725 18426 34975 13339 2608 37630 2611 32874 35484 31919 29038 39996 14777 17755 26236 14865 7932 8136 17651 14366 2445 16232 17654 21189 13598 6346 8143 31916 17880 34859 37140 29717 16659 34181 25456 15770 26769 3967 5653 37069 20223 21366 39361 34488 7188 34937 28095 28506 2932 14963 25007 15366 3643 21997 35029 18217 6783
4926 34603 16435 14184 7867 23695 16402 21458 4284 39709 15636 12688 15307 26025 24519 24168 27257 17008 13635 4006 35163 24575 3566 30661 2000 12317 22210 32519 35099 33486 529 27693 258 10557 718 14581 16152 10184 31033 25636 3889 1528 17580 13656 38311 21637 30811 25299 20381 12876 24046 37187 5057 31491 24030 19214 26458 39446 18051 23853 18310 32206 5582 16202 12699 23159 7987 11784 11097 9738 10800 23867 16988 2868 26144 25190 24242 23670 38722 37865 17578 34513 39761 9248 22088 21714 25958 13473 35754 10180 28878 22548 37893 36708 20976 12184 10203 37605 22543 12055 17703 5163 14682 39755 3958 36175 35064 1200 9155 12797 21971 22372 4799 8304 19557 13544 39636 17102 37249 2711 3908 10579 9495 3959 11308 36611 15122 23507 13403 23155 13602 38417 15194 14610 4840 9094 9623 37167 12759 34978 23057 39985 22725 30021 11547 6991 17702 34279 39022 856 12326 2185 32525 21989 23771 11471 10606 3985 1571 13340 3314 2080 22882 33757 36997 27325 15049 31339 39073 3519 10386 22890 29118 4444 18648 19614 461 8905 2245 26398 1232 19410 15145 37410 1550 26778 5866 11333 2801 26787 23448 32385 31525 32730 2937 4331 16292 15927 39674 4609
4646 39878 31127 19552 381 27902 16241 13000 8177 27650 17224 34300 8188 19711 1458 3692 29374 28323 22839 10173 27206 5483 27978 19738 31192 5960 36386 7322 29046 11735 19231 5312 13216 20504 25790 28194 5249 19663 2959 18841 26410 30054 25694 13272 17686 21747 31901 31948 27287 21895 8222 2718 26818 6179 36820 23280 4315 16957 31766 38784 9379 36177 14915 30247 34165 38818 4531 9877 28759 26086 22883 27706 28168 30907 24410 13470 32148 35990 38034 27618 20896 17775 18832 30290 35103 448 20885 26826 17312 30457 22706 15818 20299 28448 15804 36560 22092 7992 23043 17417 26112 9714 32139 31177 7537 26032 33975 1188 3942 23449 12812 29922 11349 38462 21179 8348 12980 27563 1594 27323 31312 25729 18319 10296 7077 11925 36532 4713 8477 34376 19248 34957 3253 9076 22881 10841 17233 36133 17639 34867 4305 6151 32752 38248 30474 12019 10241 10013 13611 29718 15857 19031 22572 32444 20430 24643 13058 37805 35451 6093 37690 39656 14217 16850 35151 30798 16766 21996 35057 212 22662 139 38872 11566 3038 23088 1427 29222 29461 16291 10506 34288 29526 8789 29040 39920 19023 36720 29897 699 20477 26990 8085 5067 6409 4232 6621 37040 18285 16637
23811 1500 164 626 6431 21750 26402 18817 31669 37127 24330 26037 6674 26130 7724 37883 31965 38896 1491 7609 34609 3997 36515 18046 7055 28036 4675 6917 8255 23564 24686 4734 33943 11757 13662 3653 9914 23337 3156 25359 6623 13137 14277 28618 5997 17382 33286 32538 32842 33890 11089 33500 30417 21951 31439 38723 15291 27827 6585 18314 18963 24180 2974 18433 18601 21160 6994 32858 23190 33799 36432 21150 38278 17459 27264 36955 29543 36316 2058 39437 21263 39161 2710 15853 36039 11942 15788 34556 23987 5124 27107 26009 1697 9298 25254 18522 17391 22253 18756 30432 29538 32205 15896 24576 13698 34253 13933 2040 28528 7928 38044 28775 31405 22460 5411 31402 6737 5579 9888 2571 28324 16308 22274 17799 39819 22134 15955 29005 25458 33582 22697 6146 26801 29337 32160 27675 30045 35604 32379 23419 39669 26425 2134 17356 30597 72 30923 30368 26607 7006 38631 5472 31968 17979 26079 39222 24151 20874 19954 6976 39374 32885 3901 7107 27214 13435 28481 38022 19298 11586 5716 15150 25834 35038 29639 17675 26303 7028 24695 32262 3054 38168 2804 20363 20559 33453 289 31900 11309 20413 36544 22490 16073 19390 20961 26933 32732 10668 15161 8453
29704 3671 20832 33945 9854 31129 29283 27194 17314 38369 17018 25065 31091 28286 16883 20937 510 26128 2182 600 14074 7303 29903 10762 9746 22361 27082 20852 38164 7223 10066 12675 2981 16866 12333 14892 7734 6189 22877 1962 37867 28069 39702 30425 28241 6891 6712 28442 22125 8461 2760 3769 35928 6044 17740 37310 12863 34390 32879 30508 35402 39524 39353 2644 30993 38975 6353 26331 24143 6610 41 4810 12981 30002 5729 34805 29415 30628 15735 31469 21382 6941 32084 20296 35906 36258 36459 29930 30352 2550 26619 326 18483 6817 24278 144 31553 25027 15165 25357 2557 34138 36753 15216 28561 28833 1648 33496 118 13197 17493 10385 34172 10452 6144 7712 30768 9801 22036 2757 6946 23589 28040 22651 7206 1889 16126 16689 21564 22759 4547 3354 12039 1719 36851 37210 4746 18813 17902 20094 11182 11560 21935 11636 26254 11055 35069 20163 11034 31453 27778 7194 7036 21662 16652 31244 25018 13235 33712 28515 21041 686 25737 9678 20550 34309 13181 30249 13497 13800 9743 11274 2421 7556 34073 7409 32246 15488 35806 11862 34187 24912 6771 24426 39714 15674 12991 36361 16390 18872 35960 7051 13031 28024 17993 1782 5696 4465 27698 26199
11412 17044 35635 35306 11346 28277 1609 11013 11892 8404 16783 6854 5542 32872 23922 4035 28173 1033 28197 18772 9012 14576 25676 30220 19045 1960 17848 17586 7590 22103 7956 12322 24589 38747 4394 22308 23431 14049 23112 25875 9161 21919 3751 1010 3285 21012 21278 36924 7676 5193 20877 643 17611 25028 15941 20532 4142 23712 26167 8516 12393 17950 33152 15185 25617 11025 37800 17878 38993 16580 8021 36113 29926 38303 38608 34400 35855 13730 17560 20343 9445 21446 15339 9130 26630 3656 10063 30489 39677 8553 13802 32107 6929 27209 2979 14246 19518 6863 8903 16919 8930 9517 13886 14994 23217 29963 15480 23875 19019 12955 3776 14542 24484 21944 38563 465 9683 32549 30250 38185 23066 7212 11323 25123 32335 24543 28089 23381 11921 38995 26348 30686 27565 36151 5279 25978 98 37322 5362 4494 21925 5161 32361 9633 3648 30983 18617 20089 11433 13104 10372 30455 25044 5733 12810 11869 18783 38895 30129 16601 447 22979 37678 33643 7889 28534 32124 38712 20262 6336 27946 36081 32737 26265 26792 3302 9830 24393 10089 1422 28344 36307 7847 23785 28642 9398 28824 21483 35292 25710 12240 23130 6765 37062 22382 33176 35688 27503 1340 38678
9410 497 20183 22475 8583 38715 37444 30039 14554 36913 12840 534 38572 34414 19677 5987 16416 39311 23635 5247 29455 1887 17919 11248 29474 27615 22919 25649 22273 7829 21340 10411 19713 17296 32403 32353 12888 32374 21266 21137 38972 5047 32894 28602 10740 22838 26670 18882 1873 4187 39551 5519 33587 13799 4469 18131 17850 24320 18356 1756 11756 18838 4326 23247 9336 24640 29495 22958 32871 30699 27195 244 26546 34037 20940 26045 30387 18270 9990 5415 2812 37892 8264 21958 33356 7013 25459 21856 29929 16765 6372 31306 29862 26093 25318 6085 14456 12462 35825 13285 21536 15248 19436 10206 5061 31806 25502 23374 37977 30916 14271 24593 1105 15478 20963 3779 11613 25669 36216 9082 17489 25218 7271 17824 11154 382 23228 34467 17566 25058 12971 18947 15792 4653 2904 25311 37824 7289 31041 33386 18470 4739 3130 26480 33878 17320 9127 30970 14873 6430 38178 12176 39913 37932 27378 3524 27486 37404 34952 34161 33397 905 25543 8122 2851 27204 20593 4708 3579 27094 8357 16427 25279 3420 1357 18004 492 29979 22922 8045 4967 28340 17735 14089 31969 37153 9392 36465 5189 11682 17368 37843 37320 1552 10553 7607 26571 23862 35704 23197
22163 1573 5420 17756 39611 15930 36801 4851 26962 887 18807 28495 31668 33131 21563 25853 27538 32824 35371 23262 24450 38915 15960 9424 18512 12635 26858 13135 21933 15025 39619 31636 34124 10169 24613 9665 16570 35279 12659 32272 7014 32582 27957 10499 30687 16269 14067 26997 32307 1190 15544 37354 24522 33056 13313 10429 36698 23293 31658 31290 4065 32428 9285 8967 20766 28067 31510 32006 34270 16816 2131 11605 22691 35682 6870 35809 633 15085 17690 16133 2924 13762 17110 31442 25610 20983 7095 32214 37114 16713 26430 29148 21920 7864 35051 18346 37347 23723 37202 7766 2077 36786 21187 1888 26510 11961 18259 32412 29725 17372 10210 34701 17838 37692 12228 14395 4541 15197 10834 22155 11535 32113 15066 36067 13064 36283 1876 2539 30748 12043 3339 37449 34900 4505 30877 4005 1637 6253 28587 7122 28211 15787 18294 5561 24490 2735 5206 23432 12150 4310 10028 21504 30603 10862 35585 14411 36085 23135 4218 833 38475 37700 20115 6815 24423 37985 35502 31461 30333 36910 30211 29896 27435 3025 24865 3606 37495 31477 4881 29948 6569 36069 27718 18063 5670 35787 32775 24135 34625 7075 2677 36862 17058 38598 35008 1343 4612 20486 7614 18985
7295 4941 34972 37478 27281 22303 28767 25624 34819 35801 30850 35708 33142 25441 1121 19494 1547 5750 4092 12664 9660 27320 31263 38257 31223 12138 34818 21561 9268 308 14104 15835 27997 30124 26228 12090 9796 15940 14752 15487 3111 3912 23878 36772 9157 6392 12454 2050 25724 22344 20322 8228 34286 6239 14268 6043 18567 12330 37004 28229 17035 28997 37532 13370 21576 25960 31867 17292 3651 7888 8779 30618 18529 36839 23310 9549 12473 9320 3668 25680 17269 16055 3380 21899 14675 17687 2268 23150 15626 5860 17478 11744 19676 14330 18386 38982 20980 16555 2063 13459 34262 30308 15345 8061 18866 6389 3419 16554 2719 37026 13385 5638 19501 39416 21739 26016 36490 7886 37124 8183 36144 8374 8733 6936 9664 12467 5379 15441 24984 9818 12763 26072 16588 30046 35788 15658 1132 16961 27418 17753 17204 13526 26941 21936 10261 35551 36545 15807 1417 35274 25036 15116 23981 35392 16566 10359 20423 18456 28000 3514 19861 14248 20368 8868 10600 13974 4174 37330 36595 6294 22034 25255 34139 31458 26912 37236 23936 24213 18966 14775 17864 20893 37282 9104 24276 15638 27396 796 8529 33165 11079 28544 27038 18541 377 24761 24824 7550 21701 32397
32599 4894 15203 14583 37207 22402 17149 7615 2208 23705 36752 34817 38487 4158 24042 14855 26233 20047 37032 25549 30482 4870 19075 34169 5625 7412 13682 36009 23791 30093 33247 6978 25391 33137 17514 3080 3848 27153 4450 21921 8468 18365 29666 15669 22622 11385 28203 7810 36460 32359 25527 34445 25968 513 33545 18887 22156 39451 1551 36700 34651 6959 10380 26004 5525 18938 1777 6695 32838 38574 17530 39612 25936 17183 34862 34879 23173 29726 11998 24004 28480 39126 24261 23126 24222 10821 9624 30903 34097 13440 30296 6743 8680 38834 33997 32731 36030 12903 21939 17841 28264 3186 16302 26928 37747 25959 17508 7005 19463 70 15095 36003 11311 4058 29025 18952 30711 30293 24964 21452 1588 26669 4657 34789 6178 13517 3414 7584 682 15990 36352 13507 9032 27462 34935 1894 305 10360 28450 5869 30974 30356 6753 24783 17082 30386 9724 20 26873 14863 14538 2912 25381 33644 31171 20702 32762 39245 33647 24401 32301 6327 1640 2043 29236 12755 33198 4748 23054 37806 19979 24310 20723 1127 17766 7866 11207 17306 35630 38453 28231 1294 14334 1431 14419 521 37353 35590 37203 1727 18048 1606 4987 39321 35275 2853 38322 18923 9054 35014
28753 12034 19076 26002 31133 2023 15872 33970 15119 20517 31835 29405 28263 11614 6193 12646 11277 28472 22868 21289 12561 7647 11434 20022 17764 2927 4089 27814 1993 39432 7221 32030 36415 34839 18954 35887 12073 9186 12003 8678 4075 21180 13884 30705 36774 36431 34810 2011 33590 13412 14292 2886 8573 33047 17157 21477 7018 8258 39445 27149 6957 12457 6052 28091 16268 2567 2697 31976 36660 22340 16803 2559 36813 297 11800 12459 17952 27664 24717 11320 11691 38989 28586 25985 39569 15398 16151 24882 38985 30913 37957 39086 7802 24975 11821 33747 18584 6835 17527 9891 34423 28720 39664 15685 21015 16840 28328 2926 10405 904 25946 28295 1405 18722 2219 3637 5777 21871 14556 39670 1128 36442 23416 5074 34565 24605 36184 2328 21987 35100 6222 26006 18339 39811 8100 23438 12707 7692 15946 21780 18137 33076 29214 33558 16321 11945 12179 29825 8800 38621 2576 11986 14962 19529 10020 10703 16606 37798 316 37881 2425 25521 9842 37312 12642 17375 37408 9162 10856 12651 19155 35011 14567 21314 18686 20946 38362 14794 23542 31920 34662 14700 27515 5433 25990 36738 14014 15639 14161 16918 33919 11802 9211 5592 17681 33093 26304 17558 8518 4890
14180 31918 38314 15452 14988 28205 29091 11310 19545 26195 1890 37164 23016 873 39992 37313 20082 21076 34077 25991 6724 28159 9437 18789 19012 20191 27980 2514 17335 8353 17994 9520 21064 8482 36446 30468 21533 29745 38452 24764 9330 37931 39404 36811 3076 27407 6504 15675 8149 27105 15549 32472 27991 982 14720 24279 18335 8448 21260 19242 35021 1899 12665 20652 17005 30862 16482 29351 5418 2482 25204 31292 23899 24980 17443 22655 20272 12719 28881 37871 28841 7456 26689 39564 35689 4647 39371 24304 19357 26095 38886 26959 28463 35368 8960 31006 37604 15352 21966 24787 1920 25756 36016 26885 8368 20694 4569 19206 6618 8852 21711 10273 37131 36916 3304 26312 1585 6620 19367 22054 7158 8742 12539 36993 28405 33343 32937 30614 23799 10766 32073 24126 33050 25001 30428 23577 2122 39936 1183 4772 33040 33942 29980 23225 22683 29670 26751 24150 32759 12627 11542 35898 19171 26157 38111 17440 3677 10643 5796 31236 16207 5838 29605 36206 37557 24477 30770 3202 13444 7281 22281 8008 35028 14872 23901 14339 4522 35507 23522 37350 6522 928 16736 22368 20759 28532 21603 26494 33706 30418 28741 13162 38728 30937 34090 31600 13764 30514 1079 30016
33939 1447 3113 21391 38144 32292 10068 31973 29785 13752 11975 37847 16452 27259 17929 7840 28035 14644 2817 2406 7982 28518 18586 34543 9265 646 31430 39640 21539 30350 26876 26895 1623 10123 33144 2473 17424 35339 19984 11519 36829 31677 39141 26722 15399 65 17798 31632 24131 10293 1481 31093 33295 17355 1100 13124 12015 22745 27270 33172 8889 13509 2911 21346 18778 33277 23413 20547 32796 5910 12808 32552 1484 3900 25404 28174 12995 18755 3863 15831 1393 4961 15729 24322 28346 23428 5821 34706 21210 27597 30758 25447 15691 1229 14484 38592 8457 28901 604 15861 37656 2585 34125 37351 25668 35309 6169 10602 38302 28057 36475 24128 24937 11438 23545 30140 8189 31624 38976 33429 8427 26592 7634 34843 23084 9873 36880 7906 30879 18429 27835 23340 28601 22496 14593 28673 25383 25289 3299 19134 23198 20014 25803 9276 5100 27295 31163 14352 21797 39324 7062 26176 27363 38594 12371 34289 36458 12984 37387 5952 13763 1096 37378 9692 21295 2922 24434 5221 32098 11978 21632 10919 38179 29846 33292 6633 39352 12994 28631 862 39900 21377 33309 7317 11984 35346 24952 28224 20562 24358 9550 3955 20366 14477 30725 33147 204 19226 37077 11419
13310 28521 39602 19267 8010 13439 38821 21322 13261 37465 5479 4017 7352 24169 10753 34812 32016 10695 14851 23243 10916 27227 32772 38495 33 20282 34283 10078 18149 21142 7971 39125 10132 39826 9500 7338 4330 31883 24807 16897 14819 21153 32250 31721 14943 28262 35910 6801 19656 10847 2191 34461 32847 14371 29194 7052 31267 33732 29170 25108 39775 9158 25191 33749 6877 34597 11096 39074 10851 12827 3689 33834 37137 20572 25661 39763 18056 16882 38754 20350 35586 29160 18465 38661 21307 17010 25764 34498 22963 4070 23520 38947 13713 35449 34753 27938 8121 2643 23514 3389 27 14121 13084 30145 30579 22652 9254 20166 38449 28257 9527 2331 26531 11117 14626 24781 34321 2554 31322 33215 1997 38186 38138 1966 14360 38524 7727 31765 17901 6448 1675 37095 34381 9258 38467 25529 141 18309 1924 39731 26359 23543 21330 37644 12447 4753 33660 3324 38527 8072 10713 32935 34410 12998 27712 32427 30224 21726 12997 28962 38624 33478 26277 26596 25894 21673 25881 10270 16977 15569 17567 26543 28803 12616 26652 5272 26856 4556 8408 37079 24493 36511 3849 31792 28871 32429 39299 27200 23345 32038 11133 15324 17410 23580 25115 38049 14697 37385 33107 3783
8720 39753 15798 11598 22747 25988 481 33019 6131 18862 1494 20772 9329 17559 39855 5846 26041 4728 12573 22740 38226 22906 30607 992 12796 37567 39286 24130 21406 22690 15550 32436 16811 277 8592 16188 36614 13604 10723 9388 2558 12461 1087 20468 3788 16862 38645 34280 5702 968 20466 11408 9335 13346 18438 38137 23325 14509 17874 34122 7708 9476 38193 24287 33502 2354 24083 37402 1354 10445 1858 5382 34221 26056 12077 36702 7341 35562 13964 3164 26638 17565 34909 23884 27221 19161 29629 34619 1400 31714 2854 4183 28754 8702 13535 25824 292 14294 3136 3268 10724 25387 18030 23479 5456 10488 6421 23682 1708 24671 20588 28981 17353 28903 31248 29709 28139 31580 22100 11997 22101 32324 166 25243 35423 15191 15262 5597 18606 19412 31476 22526 34643 15671 10900 39820 22004 26917 15457 29121 3367 21337 26426 10341 32870 16981 22835 16334 9981 31092 28867 7517 2889 37777 23365 24743 37333 17264 17192 33419 30726 3949 6902 35153 3792 37819 26136 12415 23423 4193 5815 24846 24587 32437 30759 13458 24258 38116 10658 39472 21390 26994 29793 34466 18003 6998 6279 16380 1051 9625 38269 16612 26132 25793 15135 27831 14050 27240 18830 18507
21230 21238 31731 8091 20991 17759 23840 14638 10629 21589 17557 3308 8856 22563 20437 31139 14599 35946 27175 17069 9462 18191 30964 2006 10667 12478 13525 33817 32990 16715 6554 9958 21709 25052 4152 21802 14214 9052 30931 6362 8843 26665 13032 6296 18041 28541 21614 6267 17148 25681 4418 12098 12586 30462 30790 29394 37486 29342 4407 12643 18432 31555 30407 38899 12119 955 18688 18034 30722 33967 32539 20786 16324 33686 27635 10299 28945 5153 4655 36491 14024 25660 17104 30588 25645 13619 9464 8319 29125 20279 15591 21686 33879 7010 38685 32341 18720 26700 23970 25687 27021 39500 5222 1956 31784 36645 16431 27315 38884 18146 13176 6628 5393 6675 38237 33455 4998 36636 4614 14924 36958 12243 9516 2239 11062 7286 2325 1487 11702 12650 24692 39011 24173 7363 32383 10967 4971 361 33407 22631 39738 11241 32447 17631 17155 3898 26924 39588 8502 14569 29074 34311 7716 1034 4710 29790 17154 30874 7183 782 2605 25273 26189 4966 5398 24554 22185 13198 12164 14331 4765 21098 26334 25996 20981 20974 1599 5040 24689 33027 13488 8858 26632 36843 35133 12198 4491 6003 10527 17172 26964 25857 3725 9503 1492 4802 7173 32640 2676 24376
10204 36874 3306 22504 7534 32568 10804 16733 27773 5384 9114 255 37563 18779 8799 11721 10368 38544 14687 8776 5236 27909 36328 33681 30571 38283 17846 36391 11765 37703 36268 39396 8213 1930 13708 32639 21255 4511 25884 33089 38436 22641 4254 26625 29102 9395 27133 36908 31122 16070 24217 10092 34049 15504 13107 16868 31079 5192 17805 29959 16144 19068 26734 13594 10969 22218 9294 13150 18619 29096 12140 31497 18989 19043 8316 10022 11100 36861 25806 10528 34394 9021 33066 32830 11888 12144 24458 17367 32248 20267 29315 21121 2091 8567 35738 30624 27854 30436 23242 12107 11028 18332 14919 37223 183 26221 37108 9851 22974 19488 9959 33504 24528 18038 38721 23175 136 3572 33531 34544 11060 3795 28863 38863 6525 21903 18915 16173 1068 5867 1312 19077 436 19732 36493 6745 28632 39433 32866 20747 14188 38446 8861 26891 31325 3411 4813 28913 8240 37813 1391 24727 7172 5214 2522 9466 39658 30241 19611 304 19479 8812 21527 17789 19324 2724 12086 36199 32114 29085 28504 8437 12486 16459 29839 38965 13739 39998 37086 27570 36823 24862 5159 3521 232 23805 16902 18076 29623 18784 10716 5156 7374 13125 5683 14781 39001 6673 5580 18696
33300 39304 28948 32364 21094 38429 26527 38032 36716 26502 38370 7666 30564 33053 7944 14186 28839 17205 23869 11387 25637 9943 22609 15051 3968 9942 28556 14388 20799 1898 8997 30481 4202 34249 2361 4794 14932 32131 12581 9197 16166 35576 32239 20727 17452 11155 33004 31112 158 39349 34335 33468 32368 21582 19802 32760 14885 3659 19550 8381 385 20604 17164 21060 2852 11351 10614 12739 6541 2240 14764 13082 21200 22550 19468 28049 36351 18226 2580 38266 2954 11451 23436 7667 30747 4968 39201 27564 9507 5550 28994 18902 28679 4135 1413 31102 23715 17291 7683 17434 35181 29477 18598 3620 25943 25023 22811 7332 11700 21306 23673 17839 1825 22065 15407 21304 24731 6923 27461 33917 28216 4371 19572 6287 2194 35053 36963 15536 36567 11627 20836 34432 32258 18471 13089 25096 809 4853 32553 13246 32338 14585 15832 2887 34676 12318 23259 3193 39745 28539 38599 25347 17677 38867 3809 36084 19448 27109 39312 14737 2137 19188 33123 22647 26799 27277 13816 7464 14422 19129 8885 16371 7990 14033 33513 19407 2839 25424 20046 30174 2661 13094 13256 1442 10647 3277 4979 3237 18000 37702 7320 36335 4715 13194 38139 24463 16610 15447 25362 38967
25233 12375 23248 31704 384 27212 3042 28196 10217 20053 13071 8642 8441 28653 12237 26434 30958 26655 1693 17200 6948 26252 5963 7693 8995 26861 31475 1374 15839 30578 38679 33884 32942 20754 25925 24111 35921 12662 25405 33578 13860 25300 22143 38352 33693 5609 8305 13996 12246 1910 14394 32037 13984 13267 3176 9858 9077 30756 5423 16204 30826 6785 15715 6513 36344 7577 21858 18580 4986 28399 16916 32934 39369 23113 36939 32282 37620 1093 10664 9469 31730 25503 1981 4611 28087 22077 3905 18497 21694 22874 38567 32733 12500 24534 8925 30859 1076 9822 37724 39310 34332 36833 4607 22325 21326 10275 19265 16137 37928 18337 13325 8236 4507 15929 35896 11908 29205 25077 4452 35243 37117 29402 35602 21131 38914 30322 15733 6894 23476 25878 20242 11703 36404 34472 8726 38300 9366 39325 5988 33739 38409 37792 19994 13168 12323 22431 10190 17474 18571 24603 5641 37206 18666 35935 31994 23915 4412 35360 13679 26793 39026 9812 22757 20139 18349 7414 18437 371 16933 33618 6342 39856 31793 1173 23397 9799 30332 21433 17089 11035 5805 15476 19225 13736 19847 26225 29990 23333 23364 16111 10583 28640 31928 3129 18825 2752 3970 36178 7327 4458
28699 34419 37770 16641 5974 28524 16389 2660 23327 31089 3914 38056 14034 39292 17984 26115 30741 10357 24800 26392 14947 35445 17132 5359 14650 1157 38454 9212 14483 13681 8794 38874 23470 39688 14905 8211 793 25095 8278 1624 32128 13128 6335 9567 6680 22048 15052 19342 31498 27868 6391 29341 22421 20742 24698 14462 11211 28780 29161 25280 9790 11712 3885 26954 38221 25066 35363 32375 9592 9597 6396 8081 19700 1383 10683 31513 11441 5643 28325 20301 6333 38786 20271 31403 19761 24877 39832 1857 14165 8659 18708 25379 7777 24732 8737 15450 29628 6731 24103 11855 772 13793 39975 206 9775 26149 17490 2674 31436 5891 29920 11011 32463 16475 3221 21682 9187 3673 14831 11145 26949 16314 14376 7090 8560 18833 36223 12654 7620 3953 11328 9442 35436 2275 28983 37102 22812 19694 29335 17594 23912 5919 29282 28992 14256 13760 34203 25060 28451 37629 15893 20397 1749 5184 23600 35685 37693 5917 38142 22420 12689 10896 33205 24627 1131 15305 19943 30797 5455 34255 26688 8762 20664 37964 32340 38398 23889 24956 15985 32154 37593 32738 27297 23696 24058 20340 20044 32803 24708 1020 10508 29898 7093 22814 14042 4072 39948 28106 29119 34316
31019 13569 7241 7913 16372 33002 34863 10894 21003 29031 1421 26247 15888 27129 7407 17779 1915 29421 1167 34199 13297 33982 36630 22613 19378 23386 1358 7939 36125 34811 33962 32903 28975 31591 3975 34013 27983 14518 9657 21211 30488 17158 38135 15743 19991 19205 15368 24542 37571 11018 3422 32289 8958 15371 11452 13720 16539 6573 7439 30724 11565 3415 24254 22107 3658 23297 14109 9578 36572 37075 18765 33179 23435 11319 3198 1110 2370 6696 5554 19898 908 9281 8416 4281 5383 4747 21970 12718 5253 29244 7914 36842 32226 21937 38983 31899 24445 4627 1151 22446 4283 2020 11857 6027 13200 13876 7310 32703 12831 522 7819 4497 10938 21707 12680 13394 6050 38399 24439 23887 7396 19304 29066 17571 3323 10420 34590 36982 20813 16825 17694 9065 4972 5377 34212 17879 39922 21047 6112 1098 26843 26995 5585 22046 29676 22957 8123 804 36233 31590 7955 32020 34580 14860 20069 37473 7110 7244 21882 30186 34104 17685 222 12036 35204 35866 23070 6703 5460 38968 22909 13655 8246 24881 13043 31939 566 3506 13472 21490 229 18331 15734 17446 28260 32056 8848 26282 24029 8050 20787 13289 18673 4803 18637 9430 14299 35361 25262 34367
29761 39713 1589 22158 19889 21754 11599 26332 27965 32085 28112 7514 32905 7457 17807 15922 7650 31930 21975 22968 26003 10880 12128 23394 34344 8265 38790 35827 32277 27725 26422 13425 5744 20689 8961 28491 18493 8125 8876 11067 10518 38435 7283 33202 29891 34369 30314 10290 17491 1859 10863 28697 2991 26428 21974 36884 18328 18472 11326 22902 30202 15125 21998 17803 33641 10069 9426 20647 37979 27713 18350 7738 13242 15190 5763 38883 7653 23586 23832 14738 4540 14 18206 27922 1256 8483 29489 9434 34532 720 6708 33078 36747 8373 17017 7622 15783 35242 25602 25525 20659 20788 2511 30279 33860 389 39094 19351 36467 17063 20231 19368 1839 11889 34948 723 21 14505 9377 15244 5069 29635 28249 4599 37876 27296 29795 14507 19025 17716 2509 9075 15193 11355 26978 11995 5668 25356 35401 10083 7893 3068 1375 15837 37298 12402 38354 21056 39791 14874 9615 23490 39329 17843 11789 25807 37947 20380 9175 12530 37889 31304 31646 19235 33624 15328 27463 10097 4781 5728 21364 29600 29964 4771 9122 31915 83 2362 34210 14633 12231 9416 29416 8020 30707 12918 21692 16330 38001 12338 15926 13532 16355 28756 21202 18635 28130 2096 37978 15566
2156 18411 31124 319 30081 16752 21453 31202 37183 16114 5644 7347 21011 21084 2784 31726 35281 16773 11859 4008 13386 34130 26155 5511 17384 774 31675 24384 27708 27925 15545 19055 4839 37021 36410 26526 23390 8473 5566 24680 5808 5905 1186 16218 38060 26205 38561 9924 39315 36712 27637 6143 21412 30540 37381 4706 17471 33791 12281 26556 17293 19534 25613 39502 23403 28467 6996 38649 22160 13001 6879 16180 32149 19308 14481 647 179 18847 26321 13079 14017 21463 18787 23561 34235 31813 31690 17347 5605 21875 25932 12218 38304 25420 2192 10195 32193 12623 624 3283 6754 10708 28757 18338 21029 21342 30761 32512 7046 34607 24684 15281 25053 30548 24187 6999 13755 30975 31070 4203 33153 34413 18742 35893 3250 30098 28415 3631 33832 23330 27051 37807 17963 16233 37687 30276 32482 11012 30327 17662 17119 39202 8690 17992 11510 16021 35194 12226 19807 36606 26623 15677 18948 14713 24226 19884 9856 15325 31667 31502 5442 15465 19573 17495 2771 16550 22645 9967 2763 19678 22579 25762 21312 36957 32605 3745 37011 37496 37160 30815 10131 27007 19283 39169 34479 22289 19817 15642 7011 17305 29971 20969 9566 27561 33252 11324 31022 20502 29696 6961
7297 15676 10308 27453 10461 860 16616 8252 34505 35781 39650 24230 15767 4561 760 38335 37929 4288 19168 32120 33779 7337 29831 10674 3503 13913 10915 18266 11132 22400 12093 8066 15811 4603 674 31550 22566 7892 6378 1022 6950 5949 16907 32763 11085 8214 32720 3244 11071 38438 32327 20129 10826 39796 10392 20732 26243 5914 9484 28735 3103 3249 7073 34035 28138 6784 5568 330 8071 23983 9256 6104 34694 10939 18585 21604 7817 9895 27883 21934 29445 17268 24377 7882 7336 33699 1524 11122 34582 14965 32111 25287 37154 25256 19707 5482 31375 17037 12337 38675 811 18898 9701 22727 35883 14175 16672 35128 13501 26485 37335 15757 9563 25586 27826 30960 464 39865 3480 39890 4637 4717 696 26051 10458 26653 18776 3676 18957 11708 15225 36635 35745 34825 34649 30048 38361 6126 19764 11216 20102 25805 8767 3669 7951 17975 35054 9892 31645 2858 30364 87 1080 22108 14801 28042 34518 25927 16424 34955 5452 35177 23528 23172 38019 5672 27430 27924 31627 4121 4032 22091 27763 35706 34542 2125 34484 30359 21315 20814 349 359 21876 30354 33570 39115 8330 15332 10479 29012 455 20648 9541 31687 38625 16748 27046 4197 14811 32102
11449 2921 13806 2563 11893 15142 12671 18095 10660 28470 4377 6524 13122 22927 20608 19667 27061 18998 31848 10475 10239 8987 11794 4946 8883 5839 35595 36592 19229 25623 13524 4380 31622 29875 6363 19133 35374 9970 8675 35070 35564 5363 16318 22280 37060 12230 34827 5345 9872 14854 16186 5388 23676 38508 18799 29124 39244 31757 29459 25368 12501 18572 24044 7645 25167 16354 33229 31722 28898 35113 19989 850 36464 12300 26725 5831 2465 24933 23 4861 18480 4213 13710 27959 15112 35574 37111 21474 5825 34914 14221 3151 32322 10416 29329 790 22456 15080 19413 27829 241 38690 31026 19509 18397 27603 29210 36602 3665 10785 21821 33129 5009 21931 12491 22660 23346 4107 15711 22059 17928 2639 13850 5084 33591 29510 18913 32199 19521 27596 31863 26443 33831 35839 31424 33006 1015 27504 22852 735 20605 30673 13251 12720 37885 39193 32381 20839 24752 3247 22131 34961 662 39683 20256 1426 22209 23807 676 15164 31420 35680 5540 26551 1356 31515 35508 26258 3578 15284 33873 37722 18373 7910 6261 4869 36063 7181 38458 30613 5700 21999 15578 495 23532 13390 4929 17068 37194 5938 12444 19065 3270 20060 34913 31377 16971 16227 31995 18136
24253 5453 3229 18566 2938 17230 18454 3873 1880 33473 1535 21973 29007 9199 21445 10995 23748 37859 37129 11330 13937 28037 15083 32911 16757 11023 25913 24540 36150 35475 28081 18278 34433 6246 39574 16083 19021 28682 35040 19857 17829 20066 13824 19293 22263 30668 3271 562 17827 1770 39965 30320 36821 1113 35719 32079 15573 11818 2698 34081 25597 31662 36236 27215 13401 38380 16051 19783 15865 13858 12795 17243 5075 11876 36227 9863 4231 33536 5916 13873 19846 18549 22576 22637 13854 39565 31794 27454 18953 30561 15380 6613 24374 19139 1509 22861 17215 19831 62 4064 7759 15508 18088 8243 6529 38845 7657 16149 17761 31024 33916 15422 8704 31173 29810 7966 19974 22142 38569 26047 25830 27936 2316 35386 14579 24341 2052 36394 30704 12805 13610 5269 39959 36484 22910 31585 34032 10661 31751 28236 19533 21002 12933 4053 10421 29612 33109 38824 15564 34652 23210 33428 21639 18400 25725 12529 29970 8145 30105 29300 21969 14673 33287 15088 4109 34189 29090 38493 35575 31268 2513 34568 9606 37275 17881 32005 19102 35365 13224 20925 32834 28107 13834 17025 11733 2671 14399 6348 19938 6546 8088 22601 24655 26354 8486 6304 5800 18180 37626 30401
30012 29294 26497 25114 23804 3036 7009 8364 21378 10531 39301 11524 7589 21967 2961 34015 29238 1591 21778 358 26695 16674 23030 33371 22168 26759 2898 25442 7561 21484 25993 3759 39786 39573 31581 30070 17636 37898 34613 14263 14590 37157 7877 24792 4949 29108 21361 8074 39963 19462 21552 34217 18269 10590 31282 13368 21450 15693 9419 7689 10085 38911 39373 30883 7959 26256 23656 6270 38616 29067 18659 31563 32523 21814 28672 22711 10885 27804 29701 39108 5342 21194 17366 8371 12548 2493 26893 24215 4347 16279 7686 8732 31904 23147 5549 31155 22687 18020 30254 18794 13437 26187 22141 4761 6381 1967 2464 2496 21478 16349 28607 3892 33234 10738 15302 33846 33760 13649 16322 11745 26972 33503 38514 28378 33946 30479 10895 31924 11203 1860 29937 19840 23473 33781 25112 25620 30902 23833 23765 11294 33984 16520 4632 315 29338 2322 28687 28183 7844 19975 29550 38217 8306 39065 6138 38999 19244 39621 9295 8727 18502 4136 8456 9611 8414 3481 31175 28968 10497 20220 4762 28479 39139 12258 35541 5145 28514 2607 35468 114 28238 18550 28164 3594 32122 37042 14712 17920 37709 39114 6934 10861 31470 35018 19470 23991 32132 29276 28302 19132
9909 23261 39615 13909 36005 28717 15146 4000 2455 10952 29719 31972 39091 37292 39903 19373 24134 2810 32677 4564 25722 7193 1538 27742 26088 11251 4171 15174 14732 1917 39971 14667 19443 37917 7758 38788 16587 26611 11402 25480 17897 24697 26601 8530 35035 37739 18711 11411 20973 14361 33210 24413 16817 25399 15039 33370 962 38085 26573 23955 5516 21441 30719 14170 17363 13924 3417 22262 27761 22231 25715 17937 36754 30731 7406 10665 17991 25371 37546 26109 2508 12327 18969 8909 27201 15459 25196 21522 5790 32908 39623 25767 3079 32579 34336 242 12958 29886 3435 6810 29956 19113 195 27628 19183 5645 6899 38088 29453 17344 11256 31897 36507 15987 17295 35549 7627 35336 21473 4845 12653 9108 30557 34191 16761 15988 18615 17977 2178 27186 25386 30063 29841 7729 39422 34588 16551 19577 29058 25581 38890 9251 9736 14076 28065 17206 4176 17763 37910 38623 11903 2432 21631 38691 28847 8221 33954 28337 22491 13499 6278 9525 36108 13732 7871 18218 5492 23239 38536 16709 7756 18878 6738 20655 25704 5918 25093 34885 9758 18904 11204 10846 28755 11872 6441 1388 3877 18764 34724 14564 22433 28798 2566 3031 5705 408 4321 12592 257 15006
3399 25385 12269 3322 23790 17800 34177 1423 36281 17536 19532 10449 19976 39754 38639 26857 20540 5509 26008 31604 35892 6845 32187 22447 138 25630 33450 35539 20823 18530 39864 16860 12866 555 25494 14568 31115 18870 35961 39635 7063 26338 10721 30953 18104 2882 39802 5810 15992 38054 31390 8639 2630 27180 7377 36968 32856 6077 13830 33865 21567 37723 31960 27372 17273 3943 10422 31758 28082 26174 33626 16979 35808 20100 4258 13399 16991 127 710 34759 24112 32274 6758 21156 11996 3107 11299 26513 37219 22778 24825 15814 30175 29554 18005 21611 29961 18055 20408 17802 25432 1433 23989 18355 3533 8285 16856 37144 18024 7999 4188 19138 614 7618 39506 24200 5567 19358 32469 27408 2700 35734 25870 27976 15728 12897 9126 20020 35677 28353 3966 22049 19942 1037 34728 188 17936 9359 9572 22915 16712 27830 33263 3867 10468 16266 9641 34883 12024 27692 6980 12919 1372 37581 11391 33464 30182 24472 32770 38220 10601 10631 28136 28191 27743 1265 30621 37661 6470 539 33646 18918 38245 17821 31467 5776 39463 39295 4204 5826 16643 28303 24739 39724 9224 9556 538 9250 29742 38674 13065 2164 9740 30141 26134 36135 30282 34567 15925 22269
25926 30071 16242 33605 9363 1129 4995 963 19510 4584 18980 36264 22717 33021 23193 2029 30064 27168 1414 19323 7343 31940 19036 26295 37751 17774 24009 23906 33614 7375 6401 10535 6828 31819 22938 33541 34922 33138 9431 27313 27164 23154 15754 16057 4435 11644 4879 5016 9142 29540 2824 33065 1951 8749 15359 25956 26242 30266 27904 20232 20024 8207 14392 14337 16755 28786 14464 18039 15188 28301 5234 19336 32674 12420 17351 20554 34377 1517 23691 34730 28818 39776 3839 31496 35876 34320 11063 30700 33105 5849 39955 10444 33729 29498 2865 26126 2224 16054 5798 14728 20614 35674 20388 19078 15285 26617 19035 18126 39051 28496 32260 26046 8086 28821 8697 20800 3502 15491 1717 19591 35519 35650 10968 29693 21016 9019 934 22972 26281 13724 23581 2818 21704 34447 25487 5341 34644 9002 32617 27709 15274 15107 38240 31180 14189 11276 27276 5596 32328 18713 32848 37257 2820 20240 5155 18647 13683 883 26062 12526 25855 10849 11780 11047 7333 7232 24356 31237 33162 19992 32023 20952 9886 9978 8044 11835 3007 14402 34395 6165 14377 9231 19723 16487 7598 17031 36773 27480 19445 19404 20284 36986 13562 11775 23231 36936 6567 9035 7596 16357
31295 26922 14663 29310 16651 3988 15887 24710 7262 23425 744 21298 11064 26234 23578 7591 4039 3520 15374 29962 38277 19421 20357 11886 29180 432 8637 4914 1450 38076 30074 23634 22593 31741 17705 13187 2 155 34134 4841 21993 21491 31042 6593 17039 33220 22440 23092 8673 36758 5611 585 12560 2705 36964 39599 27649 6248 37397 12824 39869 38758 18812 15250 32119 6035 20249 20473 13428 37014 29592 35894 31842 861 28676 13895 7061 8768 12099 13621 7421 33764 38006 28507 24874 19211 2369 27406 21293 15473 27947 33990 17402 33790 17323 14362 30242 4549 21837 3829 28420 2117 37529 30326 17781 27797 14899 26900 6672 9347 27293 25034 6443 14410 9169 29911 623 7217 1641 7996 22014 18445 23952 9722 13552 34029 278 32395 33411 20782 9352 17378 27317 27855 2203 17427 2030 28890 37455 27090 9026 5880 22512 17570 31803 3640 37951 30646 32581 15509 5390 22650 18875 20203 32886 6155 6383 17488 5399 26576 16504 18733 38077 13178 33451 17872 34454 18213 20521 3004 34350 1796 6427 20210 38074 5504 452 21923 5266 22542 29637 10636 13445 21961 27757 15177 35865 24476 38529 37107 27377 1643 39412 9129 34043 39221 23265 22776 16875 5082
10666 32311 25045 4114 3440 39804 12017 39386 39927 15412 37431 15468 24579 8476 21251 15617 30851 8102 25538 31053 11654 26337 31605 25455 15503 11375 5532 4018 29015 31389 19321 8396 20637 33719 24473 13114 11652 36760 39652 2494 5282 2258 27279 7761 19435 28466 34896 755 10464 32524 36375 32773 39144 30717 838 2037 28151 27559 32116 29428 8190 17133 8299 39861 23775 14604 20200 22686 35156 36643 24218 14592 34452 23290 19596 4721 15129 31358 11162 7344 25966 15611 35722 17742 9975 17270 8844 30683 2532 18299 21332 35911 5092 17784 12655 8617 24352 33887 6368 11161 8378 23885 10996 25561 13674 23942 39646 29299 14632 25646 17544 6794 38155 31167 39718 19243 6964 18734 18822 34378 15552 36136 26181 8714 13298 32271 32489 9948 26918 3743 14166 15849 2036 1144 33974 35101 24288 20120 25283 35222 7483 22085 37491 1965 25293 26437 36309 16998 5855 19789 5352 12129 7691 22817 12223 24834 34055 24043 28923 19632 33992 26800 2116 5317 15154 22785 20171 23584 2153 35580 38255 2285 15836 19701 19186 31979 15214 13530 17152 33672 5801 32964 35480 39262 8360 14065 2656 18214 11968 10933 38892 20644 2869 2008 29921 22172 38956 5526 1785 32786
25797 7850 34514 10352 8666 28572 30083 25272 23400 37987 26270 6322 12528 6840 34887 34929 31971 20753 17451 8585 32323 9750 26092 10395 15736 10673 29431 18892 6058 36035 5714 4791 35529 4095 27148 27395 845 11937 16906 742 25640 25976 30716 29269 33637 11282 2389 5845 18059 7022 36533 27888 13500 32540 15997 16128 2765 13167 38782 39230 5943 16535 6232 19811 38289 21510 2551 18992 14223 23471 11637 27008 28279 28058 9950 26473 22705 20830 33835 1667 38349 15212 3964 3212 2057 32615 2540 22772 14000 37832 17908 33526 11623 4405 11556 4489 38296 22401 27807 20649 9080 12275 12109 31746 24507 5703 2437 1647 2365 23025 29469 22517 22331 1111 5933 35885 24379 39924 4821 23972 865 9420 39229 26875 10130 13236 15877 8615 23427 16686 25124 28787 13306 15252 8023 32807 15446 34293 18769 35347 11570 37395 20500 29424 7923 35027 32943 7500 32616 30843 38384 38671 7007 32259 36666 10947 13099 37256 24095 25935 31974 5922 30483 12493 39853 34156 10252 32750 23226 2624 15936 9055 9780 8604 32350 22557 30849 30706 14232 3688 5108 8816 23103 28845 12135 1166 17112 26563 28440 39410 1123 8197 34459 10251 3048 19558 21849 1664 38711 2228
7126 32024 18193 25214 35175 21124 36516 2534 7261 35555 29301 10002 2028 34341 27232 33769 36315 36603 32683 20612 20921 16238 21738 29080 24660 38087 34101 8283 20427 14656 33611 2010 14539 26535 24298 24869 14384 15028 36945 38669 2061 21648 23594 31215 10774 2777 5238 20895 37641 977 28283 4013 24772 39360 32419 35748 3937 39261 37471 21020 1381 8260 36294 26970 24934 13965 2237 32755 1959 26405 30003 32929 25811 2211 19164 19844 8582 38992 21291 21065 15392 6904 19218 39384 18267 39450 26882 31826 36974 26169 16170 7983 14251 9317 36338 3255 24556 16779 28349 38282 4153 4144 31443 16106 29752 20420 18106 30315 26380 35850 18943 29295 15012 29319 28985 27056 23574 11193 14231 3801 28484 31183 33636 20726 16571 23857 23498 26442 14312 6819 4642 20112 6521 23633 25713 30954 1847 27321 8115 34930 22199 6355 1629 3316 26813 483 5200 20009 22954 25168 2291 14284 29530 35197 34781 5979 14582 12673 37103 20286 12335 38795 26915 20587 31176 22528 25071 11286 30323 15288 17741 20631 949 7187 35653 39734 29992 12058 10744 6528 30777 24228 11790 2414 28902 20347 1722 1828 37118 34281 4755 8465 33708 39240 21018 1168 22007 30872 10790 153
8859 24961 5848 19432 34702 17772 10465 31126 32054 27422 14719 19437 37464 5357 28166 27239 32460 10045 21375 36561 36298 27211 14194 28912 2416 15923 6075 15241 23958 503 5812 17455 33475 23283 13626 36168 998 30906 23362 19387 20641 20033 33068 5275 24639 7438 10978 801 26449 20371 26832 18208 17151 18569 20911 33957 30476 39146 1679 35231 35642 11038 31698 6024 12717 34737 21115 30437 19872 2083 11572 16835 16454 26469 20646 597 14510 19907 1907 18 9218 5730 11681 30127 35702 28627 9244 27258 16892 26783 15805 21186 4009 18407 19736 233 20603 24380 10271 10700 16013 34458 29591 15349 27979 11365 22249 23518 31046 38696 4003 1798 8048 24675 36506 7679 22545 10543 15809 695 4383 16629 37908 10619 28215 39098 31614 26218 24449 5311 3559 30055 28623 15243 24244 21279 24565 27208 17976 6602 39932 24779 25950 27128 19816 17411 33586 17360 7969 8130 30988 9135 13205 9557 19980 29178 28574 4475 11481 11739 33540 34525 31438 32134 11443 7678 28770 4593 7495 15069 36433 7391 24054 22098 38612 37948 23995 5959 24302 8144 20506 13722 29326 38922 5276 32058 35977 6764 12392 1449 33362 18891 14322 39505 38704 2066 7162 16300 421 20589
14606 14032 27676 23544 24167 15022 8286 19059 32592 32600 25948 32371 16156 20571 9491 15586 32958 23044 15606 36586 30732 178 27176 5751 3262 36187 13350 38856 35389 34439 37366 7868 7461 19431 34315 39066 3535 28382 25749 15616 16125 27282 18797 10431 29692 23977 7392 2845 35714 8636 9408 18808 31747 30586 2531 26878 1177 19111 27442 10591 32229 5224 38100 39912 36724 4165 5027 23669 17030 32254 21813 5010 21756 28131 17317 16628 35398 20264 23156 30029 14320 1706 20433 21231 30336 23412 38927 26877 22638 16019 34205 20128 10729 9839 21379 1162 28217 39651 3368 30639 37352 12713 6782 9600 19309 21671 29809 35097 39436 19260 7633 26580 22352 3983 1283 17886 24924 37662 28789 36683 19037 20459 18441 37116 37896 39068 22990 31537 21035 3071 12440 16315 602 30780 18849 12449 15484 25977 31083 18145 37271 2877 26148 23023 1309 38346 38920 2272 3752 14378 22223 19401 29157 16898 1201 22244 38537 18979 22321 6152 31381 24468 39343 26991 14631 32089 11141 28805 35174 1353 14929 23666 25780 15716 19520 31334 12895 10642 2825 27386 2715 33408 36781 6578 26382 29235 38272 20219 14128 37967 15038 38422 10084 19710 20762 29380 7340 37719 15718 4278
30281 37984 8576 7167 20035 19320 30256 17111 29375 37239 4904 7247 13453 6041 31761 33099 6920 7325 11368 35648 6488 12550 26351 17955 3890 37161 33025 38152 35816 18006 32725 1530 37106 39318 9063 27848 32839 34362 18274 32061 13642 43 14023 39715 22693 15869 1170 3319 25955 33347 28045 1779 11973 24405 29215 39149 36625 17670 16941 21950 12381 25938 1024 19517 27029 36468 20970 24945 31433 15607 12692 9213 14016 37794 23711 33422 30490 23519 23700 9205 7703 16383 37658 15921 8601 11609 39358 39031 23672 9727 20716 19263 9902 23235 37803 29165 4356 12111 38005 29820 28730 28578 38753 12396 9866 25731 38267 21788 9267 16192 31001 26246 12283 19804 14060 19394 29501 38792 25579 11630 16541 33770 39787 36739 14835 34874 22924 33774 13775 1395 31264 2158 184 14709 13547 38742 9024 27789 21151 22680 5162 25104 33102 23020 5903 3577 6305 7098 3196 14566 38003 33376 7909 14047 4587 32756 38316 1561 26057 25576 21040 24220 38652 39317 6876 39557 11297 4729 13358 8193 10230 8156 16035 28552 19153 38620 16364 6310 27302 36138 39254 10649 31833 39766 25702 26484 24399 13814 31878 20034 19502 20667 27654 12803 20939 4304 14083 17116 11588 34727
14072 29546 27793 18955 20715 14239 30447 20714 27170 2489 26222 26313 37510 26017 5608 8975 20229 11692 7654 25239 17978 21123 392 16042 6590 18110 37269 11515 10584 23993 16935 18033 10365 16203 10255 1856 36262 4930 28794 28885 10307 30444 25582 23710 8082 39153 30623 36978 1932 27412 234 9689 18460 22624 4182 5310 2884 22084 1419 6197 39503 27290 24621 29643 36722 8420 16682 30738 5481 36593 29509 12469 35669 19389 27569 17013 36762 34742 24947 32548 6070 33269 16978 38705 14150 38061 30936 25858 30827 39242 12113 39076 17922 21481 24259 28228 31551 27939 25924 19314 8036 12554 28365 6271 26311 5169 24541 36486 958 4883 25657 27299 2368 5497 2160 29966 32253 16187 19959 29117 22124 18079 16806 33444 5996 17003 16764 28461 36142 9190 21449 10079 14936 35731 29486 33305 18124 24591 26724 38014 11212 17563 18593 3618 34933 16448 8686 19089 3611 7530 32018 37166 14517 8467 1832 21517 2940 22823 15547 11894 21100 5662 33542 14012 29122 6589 6243 16818 27736 2162 11459 12492 4261 21559 2154 31182 26709 11913 20863 1861 4737 10229 30844 38783 9951 5844 5142 17118 38143 37906 19679 30196 37342 35556 37191 13921 17092 5937 22348 7218
558 8038 38864 13660 16273 32714 2007 20418 14169 39064 30835 13304 7081 32391 17916 10225 28633 23693 5958 2641 28285 29854 9153 24749 7595 8599 14465 13206 31416 203 2941 37174 37331 29618 11628 12208 2830 29708 17246 36541 14219 11007 3134 10835 15130 7697 22787 32440 19875 20125 20956 13192 30195 29049 37907 31742 35605 37090 21549 37311 32960 1704 4393 39483 302 19122 20619 19755 7224 9327 18561 1627 22284 24370 8763 38482 11621 25216 14740 37636 18017 17990 19506 8890 2053 24871 5948 496 36799 2385 38057 19233 23590 1644 22723 17303 10059 5738 4031 36548 4707 24241 13494 12802 18763 10691 24609 20812 31791 33702 39013 11192 541 4104 28050 4732 21956 37861 36454 5028 9030 27896 4262 11575 28868 5425 37489 19172 27768 29388 6545 28605 18932 30531 2827 6110 4698 10775 21112 23185 2299 37698 37008 35250 30259 9777 26756 37308 12517 36868 23816 34180 10544 3723 29808 1296 36194 27458 36845 33052 30448 15024 6943 7054 20348 24081 37791 32747 4933 7082 12075 7907 33017 21174 14094 34399 14443 8070 29227 8774 22739 4988 38907 9354 23814 10803 27558 1149 10240 35563 15072 2206 9373 12841 7648 18152 12813 23232 22581 1853
12232 30771 27587 21281 22391 29624 11317 7764 15350 660 12669 20982 3883 8406 12439 23694 30191 29881 12769 12608 17341 39367 36658 36473 6619 22844 27484 39297 22795 1568 28326 25893 11938 6632 33907 33666 30543 9033 30414 22060 37407 2348 21758 36046 34997 2896 36214 21125 39525 34906 18824 283 23389 14654 33045 5447 27943 36197 24147 16664 22202 3633 27452 30730 30999 22707 36685 16833 17783 30881 37550 28362 12416 32280 6349 11985 34314 4916 7891 12485 38719 7843 22337 16080 3906 17553 20318 15189 8129 4846 16667 20196 38846 5077 21037 12180 18845 13729 35749 7536 6072 20866 31648 23443 2684 18307 3698 9358 19912 39070 30848 27660 33416 21402 15198 34683 10925 22488 33495 35831 16105 31067 460 37811 37263 12790 39157 4504 25225 27102 16275 1482 14403 12212 18134 37121 26296 27499 24332 23153 1586 28298 36265 36837 24107 19083 28126 12094 9972 23708 39346 3143 4118 1280 4139 19633 38941 29951 18959 7029 36462 38838 26183 14814 25863 32243 19117 11549 31425 36000 39395 3994 38392 18254 35178 1866 25889 30062 20847 29177 31737 27846 29722 31291 2419 7387 33389 5920 34269 6472 16457 28355 24234 6388 20528 15527 1350 38318 9637 20781
891 2431 37797 12089 15062 14861 32955 435 10049 6666 11804 29499 28996 14959 1191 33271 22207 37240 37066 37162 30740 18185 31962 6855 23463 28938 25632 30860 6789 6170 28530 6405 37185 36919 2332 29521 21751 36553 33824 39162 29915 39130 26640 5721 9999 17731 29022 18535 11030 27361 29435 29290 189 33762 34278 33914 24080 30972 9964 7000 19523 27765 7209 18936 22476 31190 21454 3410 30655 32209 34782 7012 8460 4999 39918 28018 14141 31479 17556 16624 758 10808 2562 22813 29333 5764 1411 14003 16600 10599 20546 28034 26299 26651 4573 25171 13735 19841 28497 4057 39904 9659 24301 10950 1572 783 20303 32709 15846 13848 37262 35888 33181 17336 7076 18109 33722 23148 27178 27964 13382 29305 9643 36088 38490 79 9083 39035 11004 35840 12740 16184 39595 12816 38295 1845 10704 23684 20080 13498 8137 12849 39568 34420 8700 23725 16356 10536 17370 30825 1192 29045 1316 3346 10517 26235 26142 18154 37827 27733 19960 1584 13165 26847 32166 16823 35198 37297 1261 4085 4051 6558 19615 8463 28208 33589 25609 13020 5103 19058 14799 9461 6962 31570 30113 31186 16967 36021 29688 24713 4416 8161 16445 27533 15540 39072 33434 25310 25872 8871
2281 19325 35886 3016 12843 16278 26731 31801 9368 18570 10288 17574 33593 11058 31850 1872 28115 29788 33063 35471 11618 27549 4601 30857 10201 21932 37050 3909 16769 35537 30652 7200 27340 9847 39198 5628 6208 23245 533 33454 3976 36566 32994 12920 12784 29750 11095 29321 25143 24394 5313 35293 25498 23368 11217 35122 17365 29347 38324 22681 27573 2582 32169 10824 3178 15673 20398 12309 7815 24811 6482 2727 4513 34190 33717 24094 37973 20606 9456 11971 10135 11263 3697 33264 28487 28103 15361 106 24211 13029 23557 13227 37232 37343 23830 36653 26481 34572 26283 25133 31406 37834 29429 39455 26942 12408 20599 14763 13274 11912 33412 35323 705 32118 4749 24606 31193 27988 39781 16154 16879 27373 22659 31224 39533 21831 13542 24037 16838 36847 27076 25118 8009 33258 14577 5756 21610 39342 12966 31700 25931 32448 31337 38538 34967 18929 11472 943 35370 30349 22955 31717 19604 2444 32693 24629 27190 38584 19865 3657 22403 1885 34895 18869 24166 5304 5505 24303 12181 27099 5446 30559 14309 15093 14479 31787 16283 26346 25856 4895 27856 39643 36860 3706 10526 14967 34033 2962 3241 33489 23466 140 36632 21435 1815 2333 5784 33740 25719 18236
4432 16028 26938 16092 39491 17943 5619 2351 19784 23282 36549 2112 23651 28080 25961 36746 18396 6700 27710 10574 14387 38198 15183 7903 17892 26049 17203 32251 31360 29525 9234 16844 16881 12102 9195 24420 18205 32681 30126 36254 38348 15047 39120 33116 11587 34610 1503 11651 31961 15530 3278 332 8012 4049 29346 17510 24316 16893 16230 14426 2305 17986 19606 36402 3574 30509 37104 6565 25852 27289 28061 14116 26974 6650 6669 25160 6566 24798 39907 32183 36443 25355 23292 6216 37152 16931 32628 32668 24918 36091 2985 31444 27781 23442 9471 3672 18225 29426 6736 33969 23312 23489 4324 21943 12303 23742 27791 38596 20688 32916 14616 29493 8664 34860 39029 22611 9575 10393 10694 24432 2339 26727 30416 81 28610 13648 18427 13456 17856 12030 4285 2767 38387 21798 4426 5507 19449 20829 6779 4079 31321 25032 14557 36401 39686 12149 26673 30146 5650 8723 21204 25419 30135 13319 23356 14931 25606 33908 18233 36508 7769 30128 27093 23792 6986 24625 28435 18341 34106 24456 27950 33498 3445 3116 23146 37245 14146 21397 21431 24049 21008 25832 17324 7544 34204 27150 25577 26080 4355 10711 21443 2296 38038 31531 2438 858 1563 36 4598 32907
14827 20501 26540 14259 8259 20511 12610 16966 16153 9937 34919 15162 18457 6457 12996 15576 4517 14856 6705 8867 31951 18575 19096 20951 15157 19347 30077 20751 8771 18164 1371 23007 31373 3715 37520 36779 32087 11468 7403 6200 33279 5199 15966 25728 12591 9156 851 9709 12270 24892 29377 7102 19397 25414 28946 20307 19796 32821 36041 34769 27906 15477 35072 31587 26519 35919 23322 21294 22605 27291 6471 37413 898 34982 14693 17299 8927 23165 363 19628 38591 2741 19281 271 30839 8345 24502 6410 19513 34793 39806 26418 36529 7977 17820 30173 34238 24246 19819 10163 6439 2048 39706 2875 38688 18900 11918 4631 7383 29393 35434 21619 36370 25882 8854 10031 27970 9436 12845 27677 11396 6693 30616 5434 32924 27500 38416 12939 17380 10267 6778 5319 9601 12425 17923 20425 31634 36411 328 10332 16251 11496 19695 32310 11737 20088 31414 7643 18925 11470 39606 32930 30047 28977 6843 7529 32936 27890 16499 29207 14786 10244 27653 4925 19600 23093 11878 318 13874 23806 24722 29945 15567 37268 30066 37895 32529 12869 39641 32577 27226 26440 36074 33348 15559 12040 12143 35796 34023 12031 28498 18215 36301 37507 34675 4369 19955 36022 32876 8046
23402 14773 32593 19878 15572 28373 26444 15233 9328 31084 28320 16837 26135 37704 7113 22187 9693 39282 14413 20270 36534 19516 11520 20910 6 20524 6130 29387 32651 7711 213 6892 24523 20480 27312 30041 16147 3272 14956 27262 916 8983 29720 27567 18894 34226 28052 16450 35121 8209 355 12197 4479 13132 26253 39123 36917 33955 35314 38413 19564 30263 9450 33695 36767 19326 1455 39127 13365 13930 23716 684 33126 311 35610 15272 35527 24441 22416 7417 30138 11935 9963 24705 14066 24174 24701 1489 28167 37924 2079 4027 6393 38877 25261 8291 17329 30990 25619 31285 26461 7213 22071 38987 22934 33529 6727 9486 16923 26416 25748 24670 15152 21524 6332 157 11603 18934 37744 26347 34858 30529 8003 6657 26327 18671 14178 2115 10249 7478 15965 3043 38770 33745 21940 22197 12412 4007 23017 39165 29647 30830 19563 6247 24812 20763 31676 32176 10653 31293 32518 33594 20681 11397 785 16726 4724 28370 16865 30626 14156 10594 38120 4952 116 12565 29711 22157 143 590 19272 15340 14130 14668 36650 13015 24225 27063 16841 3050 34559 2033 22831 7948 8545 3210 21538 1159 22449 24590 33937 25515 18930 25450 6893 10546 11788 6505 30467 21316
31557 23358 22438 18539 37642 34417 16224 5885 24223 4299 39957 14769 20170 32257 23083 15415 13161 12299 32370 26012 13807 14715 3401 34672 18101 12630 3483 3781 7518 18792 9720 10317 29993 8128 390 7425 2335 33303 33794 5187 36656 24283 37526 22117 20355 35254 37809 37536 5557 34903 26488 19970 11502 15791 27632 14692 33557 27000 39592 29496 16425 27106 3896 1142 1660 39902 3754 2780 7189 36174 4548 11153 10877 26904 10037 2205 28268 4766 32556 31997 33826 2200 22658 25675 487 33556 33965 11327 38550 23999 30426 4539 32634 15387 24505 39498 5699 21241 223 23487 34960 16476 33933 4942 36590 29490 33777 19581 13560 20488 3260 7410 33049 3662 22243 10598 39743 28599 1738 27219 10027 27230 33170 36343 20875 38357 8730 34636 101 2986 4672 6507 30525 71 2301 13705 33128 15541 34337 27737 7621 39594 39294 6010 13627 6896 29658 14745 5264 11172 30073 386 22729 28883 7799 25634 4900 38477 6319 35285 34121 34303 11289 16165 36922 15481 4337 14495 24118 27196 34271 36849 38330 34601 34939 35606 20182 10077 19698 30641 27108 37514 17960 890 7511 29072 35467 27050 18622 13034 7042 12155 31200 14091 17418 17433 38460 8797 3705 38668
28813 19191 32144 27124 14103 20840 3307 1961 30554 34569 38263 6730 17751 967 1968 7960 1986 18942 3284 37997 20807 15346 37272 14061 10081 8908 1674 26089 23582 39095 26060 8394 176 17307 24142 16648 28501 35201 34128 14345 39482 5665 35397 29407 35258 8417 3403 17174 16972 24531 20536 21228 7469 18253 32812 776 22568 25512 34931 9004 20257 401 28227 28267 37601 29773 20985 24021 5791 823 36499 7298 31342 38918 34493 12069 14437 33261 24724 9536 24913 25098 17349 16331 6321 1490 8980 25652 23879 35071 30028 4871 12136 9344 11722 20651 34145 21580 1689 23039 1507 38084 24850 11916 22161 13835 21358 11006 9005 26747 10438 15132 21082 37255 7331 28873 10302 21832 16471 27629 26577 12484 31270 10832 37580 25421 22580 9994 7250 5899 27420 11657 24408 3536 38254 35814 7043 23515 28963 15424 38154 20147 8141 16038 10012 38816 38207 25903 5515 12508 25504 14240 35474 2799 14207 10513 29356 14611 22396 35518 35594 20729 27288 28652 31247 16320 12657 20403 25436 13017 8388 17623 35059 39885 35999 2750 6180 23560 3570 25879 26344 2847 27048 15996 32506 20039 2121 7922 19009 21502 23276 4045 22603 27184 28646 28207 30599 4004 34040 29313
34838 27060 11484 23300 4103 17006 35409 26291 7531 38122 8090 11022 3473 16501 1865 18089 16033 20328 28889 16814 9982 29042 3174 13689 28086 16361 2078 33918 10773 25486 28142 21262 26898 3551 15430 32811 33318 14734 34697 37006 39814 9715 10917 636 3214 26223 5719 6762 21188 36992 30188 14449 786 27811 39764 34193 771 24734 25611 12907 34634 9253 25097 15565 29972 39540 23953 5405 34197 31288 18728 5865 17250 27341 9835 36228 3615 27707 17100 14157 13804 4100 21106 30782 14541 11237 4684 7411 35879 31991 8827 22853 38937 13468 39994 8840 35810 17194 36160 30837 31305 29086 14958 18716 8966 11206 22033 30015 34232 38699 36037 29918 488 39631 26955 26269 19968 2640 13880 26599 6326 34545 22186 13776 39236 12857 14289 32063 26719 21812 30274 19833 36470 9865 32305 39015 2498 35811 35505 32306 25886 33399 29715 2880 13888 25846 25382 12837 1813 14903 35969 26309 28085 15199 35067 36962 31774 4366 31413 12233 20522 7229 8836 28546 1807 17898 13940 14955 12310 10366 32893 3920 24564 33926 9143 27995 29834 14151 12601 38510 34639 34330 22144 16006 37339 30955 17836 1063 18012 25468 27841 30389 14070 26758 35863 10681 30413 25583 4434 17000
12685 37802 11478 20626 2123 37278 6001 34186 29632 37506 31672 37677 39545 38974 11686 28387 35396 38131 15763 16263 18840 23819 20760 12016 8898 31707 8031 19933 27022 11188 28827 12932 5287 15971 39425 30464 20019 9583 34671 3722 27780 3169 17758 32019 8344 8755 36238 11032 32892 37549 39538 17815 11867 38600 17286 7305 36809 23917 5553 11121 39053 25350 7434 19946 25964 12566 1833 14596 26657 27126 25585 30807 33024 19249 13976 3582 5095 73 1359 37388 35013 820 5366 4195 13519 4590 22855 38368 29087 28638 17219 325 15745 6315 33812 31369 18676 23101 27092 12794 35711 15011 29505 30292 29263 5715 12633 28832 11770 28418 15475 309 26345 34958 39695 32744 5498 2215 27750 24447 34451 14504 37128 18855 19660 13115 11183 7503 29128 12890 37539 28422 21612 2792 3496 26069 37123 13357 14698 13584 22494 5051 16992 1692 33015 39192 3185 28265 37146 10910 29562 4579 34853 23005 29473 4525 28517 38288 2260 22412 1106 13185 14167 28995 3630 4700 28879 4618 5602 30855 14492 30688 6600 33856 30755 12727 12513 28119 28658 1456 38337 16272 38372 7138 10921 14560 18406 1014 33327 37357 31330 8478 11486 31087 10030 13478 25505 28014 8033 20886
32007 7105 13556 8919 5179 22762 18782 15166 32743 38382 11525 31608 18562 29209 35533 29057 21221 23592 21877 1101 27067 15375 31417 22228 36651 37380 10491 31609 21498 20778 5535 1742 18760 1745 6395 31666 21430 21616 22066 6823 21907 16103 25560 23777 25454 37155 34551 39795 16691 34136 13407 22426 14493 37215 15652 18275 1939 13578 38657 13463 7088 24317 2124 19748 18096 36165 31958 2546 17599 10172 22791 10650 13527 38158 10233 26845 11186 11190 38031 18230 8839 32623 10415 16228 8014 19101 13418 24324 11209 24146 28762 8962 8443 8206 1206 10236 20453 252 8231 28383 10394 13266 20297 37963 26780 17656 24082 17179 24098 4160 12815 28175 13571 14966 34339 7274 10646 9899 5674 30036 38188 31898 1219 11511 29815 27703 14090 31319 13046 525 14373 8855 27805 39239 37675 13240 21985 21138 36810 39388 1410 21032 4498 37279 25212 9314 11764 15455 35835 32996 21808 28314 6251 2085 32900 9042 17600 30214 16708 29107 17531 37055 20265 13106 36284 19827 35953 13279 2344 33868 38249 29910 38736 36185 23125 30206 24407 9181 1626 28728 32351 25916 32133 23359 14551 33018 34835 35494 27525 9983 28684 17658 22694 6884 15753 12518 3194 2736 35404 13936
23194 35724 23839 39730 16084 19451 19915 37383 6560 39733 31661 4270 38153 11822 20188 39448 5429 798 18198 10534 10763 39909 29266 16201 27429 16673 18627 30547 6402 1916 30696 12350 36894 36869 29675 21401 8013 6061 24646 7818 33151 16036 2764 27505 32865 13160 8226 36641 17905 33923 693 39891 16381 657 26436 35086 21930 13863 16560 33783 14671 4815 3328 22789 10955 12730 18974 33033 33342 402 14110 7270 32400 39156 28225 22876 26034 24436 38979 14316 5066 2523 14544 8295 14685 34799 4903 20815 37720 36242 26075 33036 35918 15016 17073 18656 8205 31573 28186 14302 14923 12239 4782 7952 31399 9485 13408 14795 6526 24838 4091 33963 37705 17793 7462 34078 32473 13661 31908 35238 27620 3349 38641 938 1043 23686 5459 31572 3340 24435 17237 7366 14436 28113 11195 30040 19070 14431 20104 8191 17064 14390 32244 3404 35229 594 2982 33297 36390 8341 21643 4896 14573 6089 18727 18016 30419 24845 13321 28388 15217 10626 27311 20245 25887 31875 15167 7509 23881 16617 20898 20870 15712 30505 19825 22886 5820 25400 35501 35400 17667 9339 19670 4221 5122 38562 12448 8433 11954 4716 12313 19457 31130 27095 181 30592 35900 39415 38195 28187
32241 4090 8274 5296 16261 24090 38954 3545 18594 13153 11964 3825 893 5406 17785 991 39517 24078 29113 38016 27917 6264 8356 8550 21183 27998 13081 34164 30596 34005 16848 16890 39154 20252 494 28851 20544 21679 13973 28894 34502 19987 5758 33795 31008 29680 21507 868 1527 4020 13623 36505 36033 19881 32713 8372 6004 27887 18520 29463 18388 11290 16756 32545 12638 36949 36886 16729 28270 31713 36129 14980 29423 4243 777 32099 10617 16216 21918 31136 24305 38130 15300 26248 35673 35351 8266 36568 3893 10605 13741 27152 38568 33037 22170 20294 35629 26667 3772 9662 12345 5940 12906 22183 6548 2179 22279 15584 35481 11461 9040 32587 1989 3991 26285 23415 24823 19765 1799 27688 10256 12235 37143 9613 19472 32418 22962 18893 34429 528 20001 369 24205 23503 16622 31356 12046 18174 36684 12214 5573 7362 31398 38683 6878 11266 36203 2647 13258 1019 37043 11450 34661 9898 36569 12352 21656 29677 38444 4420 39860 5394 28452 25659 30497 13083 22710 24886 8350 4177 16413 25771 19483 3386 3954 6791 9010 28455 2015 11489 13131 21606 31216 34152 15680 8641 21157 18740 27686 26862 11539 17021 23863 15090 29787 24203 33925 24164 29193 20864
12404 38222 24339 35664 8411 1744 36190 21684 11430 2599 5431 38986 23179 38491 17568 7238 2866 17714 16434 17259 28747 7489 36017 5737 29458 15615 7084 8485 5741 19605 10107 28896 10991 14657 9303 1026 35945 22797 5217 11149 7144 21914 9457 22956 22448 4793 489 11548 22544 27329 261 34989 14834 39818 2381 16490 29806 21360 29824 32356 18987 985 8711 34173 21713 23048 2787 16190 7115 16930 11716 22818 8335 1994 23133 24908 24757 22553 21218 17189 7528 9374 28030 4877 19426 36293 23946 37667 21883 21641 10586 38365 22191 38873 2894 27477 4934 25282 20997 14106 34837 431 29051 14829 6019 3817 16687 14293 4586 30381 33895 35052 19418 34006 16440 28381 39270 39249 6684 28114 15953 28102 17730 17959 6437 38726 1329 24830 25000 32081 7370 34062 21136 11080 21155 34576 33255 31077 13022 6551 5618 8654 1339 19531 4042 13929 36428 33062 16407 24041 17284 12547 7793 30712 17199 400 5819 9837 17255 18398 31235 15601 11820 29359 30499 30373 15255 21336 21716 23027 334 34755 27875 18036 7141 31426 38007 33378 10514 37920 6364 23602 32940 38833 31911 2972 11495 31239 4061 11014 13048 14858 9966 30014 27405 26478 21497 4970 33257 39019
12525 37181 33680 35803 33726 15590 22584 30139 16618 30985 23151 13460 27863 34768 11019 36120 27931 21809 27041 4391 5681 27248 8982 27269 12288 31391 20837 1792 31821 36688 10802 15993 27251 1477 32194 15646 32138 17723 17524 22794 6607 33667 30727 16246 36220 31298 8945 4740 16358 822 2175 35907 13369 4566 37592 19598 19838 28566 11226 509 35046 21145 39973 13466 3423 31884 13586 8899 33241 5244 19362 34294 18375 4050 25488 36441 2284 1308 2525 32245 12928 31388 18450 13070 35129 12088 35954 35647 12754 5119 11090 37474 19376 5727 19747 3649 23855 39659 38581 32914 26948 5260 2479 15472 39293 19158 14340 19258 2843 9345 6345 1027 22513 14176 21574 27753 35528 34699 1000 21302 23164 28400 35926 28694 25366 22484 32705 24856 20325 52 36877 22682 11000 24730 7858 15059 2024 16396 30008 25186 12200 19836 14100 17485 2292 3311 5294 27501 20012 13939 11687 34602 36232 31984 4149 39897 32891 22385 28758 4521 35155 9941 38391 39276 12465 30 26117 13173 26259 90 32112 30120 37078 1608 27823 5786 31318 9976 10783 25002 16461 6274 33510 32629 5676 7099 14747 3352 3980 23211 36570 10254 855 30240 24687 13284 30996 22291 4745 32758
29383 23605 33038 31154 24295 7 16924 174 6972 18158 10419 39934 24617 16378 837 34911 35164 952 1512 19906 9680 15019 12860 28906 5188 38426 20056 3787 6873 32530 31249 37195 1973 15050 16780 17045 33661 20415 38945 35609 15661 33259 3766 36094 33977 34430 32569 15056 21246 30629 8307 21009 19119 13843 34091 9954 34095 17996 31599 8096 35425 4679 35633 27772 31240 9489 2579 19892 29674 19417 31471 12960 32988 8398 8294 13502 27181 36892 10901 13380 5081 32559 21729 11832 2720 21593 364 38919 6036 13505 14082 30245 8217 13695 24562 5712 15699 39578 3667 7880 33771 17782 8171 21794 26811 17859 22111 30107 2210 22028 36609 33870 26969 26315 30865 7284 8058 21736 14458 24040 35259 19149 1008 31824 30528 937 9779 1812 681 21362 5964 17234 2614 13090 18612 9183 13076 12807 38522 20467 33097 9418 20627 14126 14867 39173 33746 27552 18025 4950 12737 12600 31720 20809 15259 5330 32728 25840 9375 38489 30442 22233 1545 38457 33775 418 10677 15563 2836 38553 36292 36983 32464 11773 7765 8475 36819 28665 15304 22404 7039 11808 18758 38555 1906 27146 24397 3709 35083 13066 3860 16523 36438 16480 31589 17251 8474 11458 3364 16968
17672 10875 8275 14127 37517 5548 1227 14439 25598 21770 48 7428 22982 6735 38083 3443 17477 9341 6091 679 21508 38793 31649 27491 35554 21276 15316 4943 5322 21226 36835 10055 35558 33122 26578 5254 33976 35958 8761 25693 26770 2740 1768 38123 20899 29784 38106 8520 12497 3527 32671 37545 39247 2013 4297 96 36705 14022 13196 27387 37825 29203 37092 25622 21438 13392 28423 30385 6096 20775 4102 19760 6042 18852 34310 34657 38862 2786 38260 12401 31072 4789 21460 12278 13778 12359 19223 35320 4578 27078 33839 10777 38710 37466 13845 11101 22009 2626 31805 3585 10554 14695 30714 31876 39417 26923 35864 38701 24048 21760 35860 15827 14772 16299 20268 22510 14880 4923 7201 7986 22501 1089 7442 5344 3405 32542 21114 35358 21201 17481 29112 15404 36381 5835 4179 34685 33200 25051 13901 38309 12728 38582 21896 17177 33291 7947 35530 9204 30853 39231 10831 18864 31887 13045 3344 21410 7924 4944 14007 13607 9752 33669 24430 11082 8878 20941 7533 33622 18646 9604 30610 37132 23789 15876 18002 21764 26448 30690 32989 38686 18859 31635 34107 39697 18620 12194 37027 38344 19654 7740 18370 33737 23037 2469 4780 9011 38231 35726 3871 20175
26552 10008 27376 8405 15854 23454 26035 20051 25173 31055 10112 31082 21746 8402 4685 37419 15800 19142 20495 18264 26027 17610 10223 4456 34563 9413 1879 10198 28577 4542 8245 37133 34831 24582 18599 35286 37976 2628 14120 25286 10471 3052 4396 11364 19910 7394 10573 16451 4704 36579 23339 36838 5972 28322 25497 18204 20708 15633 231 17546 27169 3880 18516 8942 13208 32495 3428 11112 10246 28984 8561 7894 13731 34046 23918 19057 1562 12885 37688 19888 39368 34453 33087 19294 5787 10409 5985 21499 9189 23689 32269 31902 3141 26715 10751 5530 9519 5678 16598 10949 30302 7265 17966 25247 23384 29166 34352 33728 14068 21745 26802 5323 3108 5584 22561 8098 7015 1434 38929 35107 37046 32873 36397 8105 10269 39767 14614 20869 12470 27984 37070 36975 6772 28704 31276 14296 31489 29814 22359 2233 24022 16945 16812 29723 21783 34605 21225 22695 32666 35712 6281 26271 31198 6624 33352 1289 33266 3479 25292 31336 9152 20514 6849 2602 9628 7816 26672 15943 4306 31956 39701 3408 34996 30203 28940 35587 26795 3763 35755 4068 25179 38765 13023 27161 4066 21154 26355 11379 29427 32045 5291 28118 26239 1868 26753 35583 19982 22022 9435 21980
16347 7053 8580 36042 17175 8424 36536 35526 14788 17304 24682 8712 17423 19074 16762 25666 32642 29730 20251 37879 37851 10990 36723 21789 15511 5913 1921 22559 10413 37071 23773 22612 29099 38618 6690 25896 38408 37360 8132 13618 6227 33359 35660 36191 26110 14836 24647 10318 3913 26300 21357 25152 1221 36793 12533 20678 5834 23134 35310 35695 4848 34188 17818 31870 33801 39840 29399 14849 24087 6412 34200 36631 3152 12146 25374 28866 26661 4520 30398 21872 25326 20194 30043 33086 16208 32563 13234 654 24786 4553 32783 5591 12151 1095 32897 32745 14584 27974 18670 18409 19717 1083 12125 15659 13116 5965 10927 14472 18013 22220 23183 28609 12726 35742 21666 23191 32813 709 5969 25365 25346 1081 171 19801 21223 32283 12190 38990 29969 11423 33425 8924 12756 37291 5633 14512 1285 21038 37669 5991 15765 16997 19634 30365 16788 8946 33298 4850 30882 2721 5698 20109 7545 18305 36472 31710 26262 28846 13479 19653 25140 54 19584 11594 10612 16009 19048 13948 16984 827 32536 39278 17083 6341 145 2890 24193 32769 21910 36166 743 12020 28895 4335 8695 24462 7277 17778 8506 23121 15023 39428 13962 18086 16210 12706 38215 1905 21776 19782
5386 22709 32983 16845 14612 12632 18072 17388 38276 4302 35949 8224 39408 7593 32717 12915 37773 33985 25076 19859 20400 22878 13174 20414 10490 18651 22554 1202 17797 12403 6788 4854 17688 4867 22434 18462 1998 1341 4754 8039 13737 20892 9241 5843 9465 24537 31333 17091 34489 5886 22153 9292 26466 17389 27711 3067 14115 22095 19619 34899 12563 3397 9362 15009 29167 7453 20932 11617 32604 442 8376 10796 20771 2914 32453 18547 31207 805 1009 15224 8596 13805 29434 35171 22305 11552 27594 16538 38182 27403 10346 29023 9160 14708 25466 21839 15079 37214 30340 38869 20903 11281 24406 17589 20244 24336 22294 31299 9103 30257 23624 34357 12778 6074 29384 7448 29044 16717 215 27672 8793 11842 2377 20335 9800 1672 9242 27893 32002 38239 21719 15265 6886 17622 5427 10715 23607 27392 19818 8940 39742 9429 3858 28193 35079 4730 9145 29909 23257 7771 22229 14665 35167 3826 39499 33071 5232 19093 10177 13640 29129 9229 11635 374 11321 10728 29769 6265 33595 574 3165 14450 39584 6981 29401 4348 13027 13345 24494 12390 16118 12407 34240 32928 30357 23575 31023 11029 15828 1971 4635 36311 33829 35997 3251 20704 33765 10791 8067 32895
4909 28202 11227 9827 13620 34243 10115 32223 10640 22985 33080 32334 19118 21793 31234 13932 11119 29478 1931 14889 25319 1497 30311 35552 28967 28458 7705 27834 21659 38166 34748 22489 24386 34535 24711 37761 6676 1178 37714 26952 27171 19108 24557 16429 33934 39344 30038 2141 22893 11956 21710 18455 32826 29367 11759 28129 38208 19455 6129 27338 27961 19637 31639 17321 5000 25761 1293 39143 27745 7279 26163 27571 21216 6428 8297 39690 33143 22195 37151 2732 3935 1999 3770 21514 36639 20099 10347 27599 39884 36182 36677 35497 15647 20326 24007 20663 4086 34348 39837 2320 21034 17396 7345 9487 1642 2064 19622 22166 9532 5604 36434 31970 32077 9794 5096 16885 30216 10817 39379 24524 25802 18780 9814 3962 23524 18757 7942 25972 21437 13671 26752 31277 24873 25839 27199 34406 23997 15138 34847 2552 35271 18498 25744 15521 31210 9953 18679 33385 20292 3117 26384 25091 8349 25906 31678 39846 16670 28343 20737 2251 36735 11296 22507 5984 27135 16074 30753 7475 37085 28125 29043 28742 6367 14026 346 29020 35493 4656 26290 28395 37680 1564 15419 15969 1005 21705 7087 38844 32808 39673 21184 11762 32690 2696 18246 853 1766 37462 4233 24581
10044 19069 2520 19492 5196 9364 39366 12521 3332 11024 27833 37304 22828 36612 36121 5531 35246 4181 12433 32013 10868 39721 23131 12347 28401 6403 26631 39190 26606 34317 21299 11105 37056 31172 38400 8109 12828 8875 20672 25743 383 7148 28779 24561 1137 36422 38225 36066 20882 33515 23379 28084 34564 32597 34725 20394 27104 37643 16265 13686 30814 4690 31816 28664 33167 1311 3375 24719 14052 1457 34840 24433 13667 14174 22698 36530 25302 6068 22860 39981 3287 12291 16936 14222 10117 25367 28626 4974 30304 26742 14527 36004 37456 26403 5125 30933 33013 3488 6583 3827 167 2918 9072 21817 25352 24872 19641 22315 10757 28662 29522 32377 34845 27857 12044 11827 25920 10562 13378 30151 30650 16975 7895 23059 33724 24233 8282 12572 21080 33311 20902 4847 35482 10656 29672 16740 16678 30004 5078 19303 4868 11059 21902 30834 28230 26733 34695 21111 15546 25377 3383 18871 9649 15239 31745 25327 28287 23430 18007 1470 7506 10284 25718 32236 21892 15648 38881 92 22347 31418 36245 34470 34443 15957 2383 2829 36317 26639 19687 30033 17260 33289 61 16640 39740 30264 23000 27198 35419 1390 22800 39638 29279 35613 36588 35437 12133 8735 34340 8872
29063 26636 31407 38024 10820 31448 6595 19555 32620 28182 15347 4441 17055 169 26360 16040 24482 23071 3845 11389 31109 6109 1385 38773 32691 9071 701 14605 16824 20067 29089 4711 22006 11177 32096 39213 6746 23396 5286 35317 1607 38767 37909 1836 12078 17726 14790 6318 11306 22921 4528 39769 27064 38108 23388 30774 33458 36546 31149 25944 36854 16143 29985 24994 424 4168 21103 11640 30388 7473 25829 11508 21826 4134 22261 26698 14820 16611 15967 6006 32868 34875 9279 39341 2375 15790 2170 30820 21166 17170 8204 31712 34905 31546 17261 27177 33511 20658 29249 2987 16217 11826 951 3183 3315 39741 38046 20293 29757 34076 21765 32135 29026 5248 17732 4884 37379 37849 6907 16698 8208 3083 22012 24325 23626 33072 21652 14290 8546 18466 607 6814 1303 21252 29462 5288 33248 19459 7151 22999 38313 39833 11693 29627 7368 16537 29446 128 26217 14744 23169 15005 27327 25513 2679 11727 14908 5025 27366 36455 33507 15538 27516 32011 3687 24497 24499 16094 2193 29541 9496 17577 15879 39164 24453 38271 28950 1764 1274 35638 13576 28947 18958 22377 29975 13190 7525 36368 10657 5085 15726 22961 16497 33148 10478 38813 39138 28886 34538 22599
39982 2384 6935 1703 23539 10363 22600 32492 6048 37746 7164 21196 9928 35378 29965 22492 5500 38978 21554 35908 2184 28071 813 37912 3395 35124 38931 7507 17632 10312 31781 3439 16589 35614 17669 2261 32021 33606 8613 4287 38764 2355 2059 25103 13685 37253 32493 14597 34365 35561 9048 4876 22499 31460 2226 15688 3317 4471 16037 13193 4173 33077 6990 1658 21844 34620 8107 7192 9642 3175 39132 4205 29101 33254 20858 14013 36535 28457 38817 25717 32984 37425 17325 4480 24742 23990 9551 23266 6244 3500 33499 33282 29589 9498 17847 450 10489 17095 15058 159 25683 25593 21613 7812 39836 27973 6079 1688 29986 846 25570 12307 11336 11778 21110 35713 38853 4478 3822 23679 37625 37306 14242 10011 23051 33189 409 7808 2089 12748 28594 39234 39917 8752 38909 38065 5374 8894 12374 5518 11194 23883 28434 28708 27083 20093 21734 1554 12872 25213 11073 35249 396 22537 17049 35031 26414 3273 210 8325 23094 32645 13139 30429 24893 16828 1957 8459 12032 2244 21240 9266 35298 36679 18446 28801 30422 34424 12882 39160 286 34184 27409 26705 7898 18613 34938 25343 13144 13049 17620 5325 20988 16498 37608 22591 2280 30900 33921 16446
22632 6483 29694 1840 23778 20310 17141 37776 28313 26771 26409 29219 18334 25511 18168 31027 26241 4224 10224 36556 19174 4172 16710 25321 20906 18604 25534 38807 32972 13979 26475 6339 15219 37234 16303 37756 26533 32367 29385 26684 4816 34001 9215 23008 10632 27933 3263 23024 32583 35873 6634 14525 8629 21836 29344 20135 7202 35463 18815 18103 7993 6263 26125 39942 7722 33445 15819 37566 17865 23678 28105 8822 6718 31488 33744 10951 28788 14940 5449 14782 10692 12943 8862 13678 20096 2119 37018 2975 24970 2826 13002 16462 12219 16790 26388 6717 21638 31874 18404 2738 3750 13263 28564 2190 15932 19261 16718 39771 12640 18962 7547 36266 9535 12836 19034 13316 14254 33703 34086 3803 24357 9402 16656 19444 6108 25641 32458 22714 2544 25507 12216 29597 39544 9146 17074 9208 645 33064 28137 14401 2621 5666 7900 23615 641 13349 36212 32378 4981 12829 39251 34192 17187 21102 14004 29032 19084 32867 23181 2038 15425 26361 28647 7968 36906 2130 39128 4046 26868 4644 5414 26362 16307 25169 453 33820 23065 4610 19995 7128 32204 37135 14594 5725 2086 4736 1734 32445 18001 24417 18469 18258 3412 32982 1347 13333 28690 12806 13110 17042
12678 22913 659 15365 5243 19247 28711 2730 9930 8169 9992 21803 13050 32369 33903 5473 30836 30671 17868 1884 27187 18371 4001 27530 22023 15458 37745 33549 26486 34494 19553 18657 9009 11340 35006 5451 1342 21075 12910 35300 7002 37481 17038 38494 17040 29699 33213 14348 22067 12637 6720 7594 5201 15794 36848 16296 30938 32405 36822 17638 22736 5127 15605 39220 5936 35356 27697 14454 11151 16509 18348 35296 36751 30193 27574 20602 23496 24894 9018 2081 3331 6760 13383 21766 26000 4976 13053 9546 19691 13496 4026 14209 22455 37915 21579 16460 8936 21962 9393 9647 16505 34593 13797 7311 15282 29535 5817 20153 34757 14524 22410 26594 407 38733 8631 12942 19017 14830 29634 7824 26385 8831 12712 10188 37318 1310 30959 19998 31574 23704 25673 26914 36093 27842 29729 16727 39336 4857 30631 19020 29565 3477 16993 38129 24991 33227 26968 28212 22398 8093 38244 22862 37175 12760 23370 30864 21190 19370 23876 18820 22783 32798 8830 22254 22916 36134 32028 14204 37437 34698 34571 18984 38063 17327 7601 22628 22849 31043 15078 5555 32863 35207 4146 1875 38593 5523 4023 13410 15232 35491 19866 9534 3124 34998 37938 5336 5290 28582 27762 36124
3663 5603 32170 19046 1909 9765 36358 27183 9761 34691 11752 17458 22793 26160 26827 31651 5690 33354 11015 36608 27828 32622 7191 29994 39387 16350 4028 21646 28352 239 26604 32646 7606 30020 10519 23709 2992 29884 32382 35768 29515 9883 8569 12080 31812 7750 11900 20818 23026 15498 17644 7949 38776 38858 1896 16065 24835 13812 35418 38713 32565 10344 467 35049 13295 22615 39914 267 38643 29277 956 19442 29451 20195 33460 5091 2663 3092 15163 26584 32290 21376 13312 38317 26140 20236 18922 2518 19803 7326 9962 28392 28706 26001 2637 24326 31844 22422 33627 34444 29251 36907 31036 26479 4185 29078 11761 6821 12976 11403 22888 35974 35684 39009 31361 15937 37578 4328 18628 5547 2409 5686 29753 21804 12830 4738 25141 2163 3537 2681 34750 877 35899 7637 36644 24903 11359 27861 31191 38903 13617 20499 19280 33206 13847 17649 19061 5486 37281 27531 24364 19983 37975 22994 1574 24530 16222 10234 24674 32777 36504 27588 21296 26322 15719 21212 33986 38470 6616 9685 5954 31650 36883 14783 22225 10690 13169 23737 19212 9739 9555 24299 19343 24778 20670 31039 6012 31681 20741 1077 39232 13801 36201 38980 7198 18877 2722 33222 13108 14726
