200
9481 33975 21646 39288 29018 38367 11465 3871 32043 37208 14237 18552 850 22631 37968 23453 4879 3724 5661 22376 912 22544 30781 11395 36645 6502 17537 22411 34173 599 7482 3056 38087 39559 4767 9074 32738 5699 4142 22358 22982 852 2157 8574 8154 27817 31537 38964 35260 712 15340 36821 17505 2742 35924 5344 33608 37509 35287 3454 27802 15608 1133 30221 32474 15009 12943 22111 3927 26221 32433 23743 20308 34944 39506 14451 27676 3338 11302 17574 15964 18612 31895 580 27903 13918 30088 26326 30280 29202 1657 16720 32246 6929 5092 38657 1080 7943 22662 39805 38420 27168 4709 36440 33770 39603 38236 1945 31034 37118 8985 15018 16251 39621 3945 15922 21020 10379 9849 8609 8736 17530 19316 12035 13878 22478 31143 38522 24742 17491 35722 18432 11168 14775 12712 33449 32620 36050 11866 16271 530 36104 2821 25528 2564 34109 6460 39879 17667 4701 31811 24851 34053 25830 36201 22933 18601 36265 14022 3337 10489 38304 33131 13150 25633 11074 13568 36434 5360 6381 5191 6923 17082 26894 18939 26799 33390 9327 17286 14468 35727 20837 22757 11850 14322 22527 33080 38371 11754 38368 10162 19454 6425 36268 18437 2238 39827 39818 24966 37810
38578 11543 23328 38933 15141 11640 24155 31569 36568 32118 29108 6415 12845 4257 9324 1051 32185 18368 20937 21184 18556 19429 19813 37137 6913 39904 33153 6127 7763 30466 20019 38668 34184 14284 29503 6730 18279 39029 8924 4326 13220 3269 4437 35910 521 7851 33603 27275 34674 34899 15756 30378 37585 12815 13497 33908 35712 966 37363 3680 13728 33865 340 13786 23849 15301 24752 14313 11934 26756 36734 2271 18986 4882 29320 22091 2202 30636 3320 38630 27873 39409 8405 35222 4322 19569 13204 14702 1628 7049 39513 28887 23683 2589 24372 2472 16788 1495 34148 27557 18846 20104 36178 10360 35591 15156 20432 24953 14285 34751 20627 33701 38084 13197 24883 1386 23993 8958 3661 32810 28065 16219 9866 30246 20241 9533 17413 5696 30353 15573 23680 33021 10042 32392 5786 18477 12618 16698 39441 11609 23068 9906 21655 32206 17191 24789 9433 27658 39799 9836 14650 1711 20765 18675 39552 19797 1626 31949 24397 12505 29464 38096 3965 25935 17376 36996 15124 6498 27681 4049 13873 5005 36286 35114 38176 27097 3464 39453 16222 15901 22224 19602 267 22518 12346 11692 16843 30294 36528 13527 6134 34764 24101 1294 30361 37382 19032 13241 28448 11799
31515 19260 26038 29893 10538 24451 4537 23848 10534 21321 12724 39913 18030 32684 19369 18186 9919 182 8689 10348 26008 10901 29149 3181 39036 29362 19202 34384 18876 10142 26688 5379 22789 35983 14886 27553 15555 25392 33274 36049 37572 15286 856 33976 21290 38112 29844 9891 29358 27573 7352 15268 39123 7885 31753 6072 28989 11097 26615 15896 19125 958 3748 14455 24772 19293 9608 20672 212 3240 36421 3939 38538 15374 2115 4378 5192 16095 4003 38421 19317 36442 19730 23665 10554 31623 28755 7326 34783 19739 15218 29282 12583 31259 26476 28318 11658 25435 3822 159 33844 16732 2195 21311 23784 17624 27014 17256 6506 23307 5117 14080 8374 1009 28624 27127 23361 33133 28619 7238 36931 21335 4153 5177 22459 21456 24982 1872 21365 8076 9245 4129 26795 3653 5483 4559 10164 39748 10853 37485 32268 18722 28420 7744 28774 15970 6038 28265 15675 34370 34616 38877 26500 284 10210 4456 9471 5194 17545 29643 5054 22208 22784 24164 28218 25648 23260 34994 37852 34623 18623 9922 23424 18825 35703 31057 1107 19442 7968 20115 10774 34447 24950 14418 13201 8959 22966 23841 36277 27452 15235 30053 4927 36111 11667 28734 39042 13716 16859 30956
31128 35380 36223 1560 31114 3489 38447 5281 10782 559 5557 31012 21177 8354 35661 18965 15667 29357 3170 17986 14621 23855 7259 32734 23175 31314 29074 9824 3400 37315 38854 11402 4111 36898 16181 17081 23368 18405 33350 4960 22690 12445 2550 233 19520 26099 7066 27224 3226 8445 3144 17336 36633 27618 30360 9787 39675 39329 9952 3692 39661 8171 9031 24044 29522 35713 11778 29236 1605 3754 26766 38209 18156 19893 39971 24097 28328 18622 6380 2961 17430 22743 19693 22463 27023 22386 12387 36014 21693 3683 11433 18463 3173 3302 10594 24410 12996 14256 36129 24745 9497 8146 33917 27186 22351 27342 34641 15836 32511 20756 31286 1492 8917 21558 32638 11750 11784 15389 4896 36460 15243 5096 30671 16281 13772 3630 39282 3110 13087 28096 20131 36566 9383 33816 15194 38810 12955 18735 4033 19217 7026 16752 4303 27796 22255 30211 26830 26906 35711 14916 2326 439 6036 20243 961 11179 3256 21500 37878 17448 36425 32209 8212 39145 39747 1775 1753 25722 31058 21186 34539 39075 2429 17721 39635 19606 17396 26838 214 19676 14275 4642 12558 19595 12549 23638 18143 12183 4332 35112 33287 32903 22378 31281 9312 14926 12061 32287 4212 8589
33228 15270 11093 6782 30228 14215 28060 39609 26609 29100 30276 36127 18128 20849 7565 4525 33263 38747 37851 11537 14259 37279 38580 32094 25756 39634 13931 23689 27136 38472 10609 21901 1143 20909 17654 35225 23825 21549 29846 20916 13553 14589 31788 13569 36495 10409 14819 34247 919 31797 33817 23988 2315 27337 3184 20149 16350 39156 17178 20517 38467 20094 23452 34411 32317 2022 24689 20509 2619 26364 1060 27285 32295 26506 16864 26255 32218 36984 26185 37421 23477 17744 17914 31480 35715 35818 9974 3979 22426 7705 25146 2633 27146 32325 37023 7330 18921 1450 5626 28359 27326 16757 39178 38007 36894 14117 31559 20503 20170 9496 30652 4254 23541 26066 27363 1454 13660 462 15281 39137 15510 17067 8967 9586 21715 17155 38322 30363 21716 11066 27367 16527 3629 28028 33661 16801 19367 10521 27731 20894 13682 31137 16564 21854 30334 39165 25532 15323 2370 28263 1344 16180 38448 9345 12195 19659 6394 13611 6075 12723 17722 11515 8897 36248 12311 16280 29750 7642 36292 10236 7831 39787 31421 7053 9165 33011 14295 19962 8593 35163 20221 2054 35657 3383 31450 30134 13816 10452 24222 38040 35702 36682 324 30017 12858 22823 25279 24389 38072 3730
33681 33994 37975 891 16257 34374 19521 35269 21738 19558 33642 6109 8792 34156 11925 16542 1537 1672 35463 31266 2382 37819 15541 16596 22555 13199 10052 8109 8291 37863 32887 14437 24585 36232 22461 5063 16494 3513 7489 8184 37910 7510 30512 38091 26269 18534 34719 16876 17261 7655 12510 509 6877 29580 17917 29073 2397 11036 35479 23366 32930 27558 25591 7989 27483 31246 28609 33903 39019 4902 34188 23472 26270 11946 11337 24714 14424 26888 8685 3440 9450 35894 11230 27205 7043 21736 35774 2536 800 363 22856 35296 7727 31806 15532 6100 35674 14350 36619 7512 36790 1811 12927 4391 17310 28916 15042 7942 15781 30308 14099 23476 26499 32100 27316 3650 17032 20386 35381 2187 18773 23924 22918 13398 14927 15902 14057 15113 14377 25404 3959 6702 8385 35723 20495 9554 24298 30192 33914 10432 20120 37532 13531 5295 27837 36718 30923 20426 19205 4373 4616 6266 26138 17143 12022 8370 21506 30609 9702 8426 14872 6549 25423 34996 14440 11438 39794 8221 25033 24008 32430 9228 2196 13831 9411 33337 32273 30847 32120 18942 34286 6130 35172 13060 20466 9218 11392 8469 26265 6556 11953 17024 2898 29260 5585 23763 874 8195 26585 10516
5133 11686 3316 36721 17648 38392 32695 1944 30336 13367 1983 6056 16794 10618 39452 30315 25568 7563 36497 37448 15183 35514 33672 7523 10637 12780 19044 32141 30034 33624 15750 37400 34889 37052 17816 3328 31914 4558 38895 19928 17166 10435 19848 35718 2936 29596 33448 15166 9672 25898 37313 37463 33951 33309 3334 3470 24290 30968 1522 18631 14871 16662 3566 29601 15731 25948 15543 9196 31490 28628 8315 9639 21467 13482 28090 29159 15263 16488 4892 33064 33955 3406 27010 36762 757 30261 24743 23561 36449 36264 16393 31479 9643 4375 36959 28492 10241 35063 24260 24273 5760 37156 22375 7042 30695 16841 31351 38562 26980 2294 39529 8336 19686 9485 15940 26486 25596 10062 18997 24988 38710 8531 6328 23444 21105 24993 5783 33155 1302 11685 2974 12777 28110 24478 20353 6674 37138 25536 31556 36907 11628 3251 8515 26829 13103 6137 36766 206 31254 10885 38526 25600 1010 1771 31708 6780 25592 4319 21046 25079 20450 18831 14536 29644 8435 29448 25694 2392 36702 30394 9955 17469 28297 26063 9851 13282 39654 5614 10251 33871 34044 37953 23667 12409 8632 1915 17910 12443 32533 2140 35039 30545 36338 35825 13392 2650 33178 12599 35580 17479
16101 10639 21451 24859 33415 28249 8595 17163 22876 10478 19009 5747 34903 3273 1668 5131 19348 24434 12947 27405 14571 35947 17790 5853 6766 26647 17858 32566 15759 6154 6147 8564 18599 11453 12917 26067 19130 37702 11198 30702 16457 24461 30456 26298 38166 35627 23552 38602 12010 19393 1836 31213 11025 10410 393 11310 16388 34668 20688 22753 21088 29952 39772 10620 30249 9018 5013 1283 36297 19279 10049 19492 21634 13943 1709 30264 34278 34772 264 39974 36639 22133 9396 33242 4787 36059 9207 4698 34909 31370 10226 32650 39130 26758 29999 3482 21817 36189 8656 14130 27166 16543 7172 7801 23374 31020 5140 34242 16973 26312 5155 1955 35757 24012 8490 12408 9813 26381 25624 21389 39115 19420 11181 24508 21074 39118 8545 4024 8281 21268 34343 19715 3729 11602 26864 39997 32869 16654 25708 22293 23930 33644 34450 11966 7802 32889 8330 10915 639 4452 4136 32323 26918 28134 32187 39055 30864 32918 37605 12607 1164 34524 5041 23224 36033 13336 9630 24941 137 5973 27345 5846 1685 20319 11106 16904 34020 21347 33953 32707 25612 29991 25696 19018 1444 26040 21388 5860 12131 12275 19482 20424 28747 15313 9098 17698 39205 837 18474 13917
21998 22785 17473 5168 26970 24404 36255 30898 15182 24207 6879 32988 4407 6022 9379 23481 17631 26168 26363 23423 28461 30681 35266 3580 20377 17295 11967 35171 22712 37684 37552 9780 1772 9662 35527 39269 18489 26304 187 19254 13939 23373 24809 22279 31289 31080 26035 35839 39822 19873 23892 151 21990 32095 28120 38614 36742 19074 23806 3488 1099 39177 28463 37458 11226 30921 26105 31513 15648 25379 17197 15247 2930 12811 10927 11752 2437 35436 35325 10003 35388 7587 27011 5466 22449 25175 35743 12391 14756 36744 30541 9783 7417 23169 26223 23958 20861 14652 22230 34116 18651 23274 38495 998 24955 26300 38645 28566 38697 9615 22360 10727 4236 31469 34666 17229 9999 22804 4676 3687 1184 745 2668 16030 19448 29992 17787 27906 29981 28291 9976 34992 33157 30873 14575 19387 6527 12559 14480 18485 32189 18747 498 21146 29874 36334 5985 37525 26946 22989 32608 1493 18323 24396 24462 28236 10646 2795 18107 4815 28922 15017 27072 32183 34408 23243 5974 24972 6459 35596 836 32924 34629 19102 32816 4200 27904 5615 31206 27972 37408 13782 23053 14502 5917 19669 5053 9125 18372 36909 21576 33016 1232 7623 39010 17923 31772 23515 38564 678
35218 76 4917 19214 27076 17821 4471 22893 36805 25665 253 32979 26908 12914 21266 29219 31961 877 813 25745 3915 2609 5289 10549 8697 7972 13406 34562 369 13070 23170 10260 33141 39811 8429 25472 18943 33749 25922 1295 1436 16087 19984 34502 671 37069 21237 32640 33678 25686 28758 6777 25821 19481 38000 27942 9007 28689 31671 31543 338 17049 10899 12082 17670 7453 4362 22194 32050 37289 34743 27322 37596 1424 34346 25375 957 2686 8947 334 15316 39858 23548 38287 10447 23279 17915 20199 30568 4748 15439 36017 11906 27033 38393 3393 219 26301 30428 34115 26528 9860 30006 748 30426 27297 23216 6204 9997 4173 2937 11285 36182 32724 35192 31841 754 10074 39507 26293 19621 23987 28021 19571 32788 29879 16889 20044 32312 2903 3589 31028 20225 30073 8812 3494 7742 4338 33451 4674 15162 12651 4451 12895 14863 19973 32292 14884 20550 4415 22797 30057 8193 34213 2024 29325 8421 5513 3037 22296 12078 7659 33888 14048 37066 24275 18688 14431 31509 21291 15046 37241 25003 16511 27208 15498 5921 3672 5010 35504 11155 13077 17814 12778 21160 5461 22515 29935 20559 7292 31109 39722 35695 27690 17041 18532 28742 16405 6704 27825
21563 19361 29004 20483 9458 36474 7399 3199 8063 5824 9047 39193 15505 9796 5282 24618 12252 21904 3246 2420 36388 38898 38316 2829 20520 21192 22835 17773 32405 30156 4895 21346 3892 20515 11983 29575 6747 12002 19264 321 34142 8297 36092 24361 7630 21377 25581 20808 36868 4135 28478 36306 32644 18798 29895 36893 27574 32257 32256 27234 33574 19885 26657 33899 10933 31277 39627 9503 31163 20870 35539 23009 7090 17534 11464 24011 12726 37676 33524 35271 21320 1613 16073 36275 13415 39512 28517 27835 22109 37894 18488 28629 10715 29254 37955 27501 14985 25864 8572 13846 35365 7637 12974 9807 5243 32954 21343 36156 36175 14486 6215 18928 32637 38300 21917 1654 7072 20645 26913 2360 27323 13679 16109 25582 18403 1110 33283 20126 14788 12428 9560 575 28723 4204 17167 26879 10948 27545 13495 22106 35447 38102 33572 14019 36352 19440 35598 16179 20758 36159 4575 13231 8512 23882 23443 7092 38147 17266 36051 24449 19772 39853 37181 4544 20565 31624 11039 34018 2799 1463 15646 27241 793 6007 34475 17538 7685 13904 25498 34062 38457 20556 24738 19511 26751 15828 13270 38621 9998 37774 38408 34620 10839 1881 22985 25572 12509 15631 1651 26815
20024 7996 31431 27312 29283 10561 15022 19124 32628 15930 9035 9493 10054 34065 5102 1011 23909 25019 38243 34365 5556 18918 32402 20673 22700 16380 36924 12725 26280 39048 35776 9046 38784 29198 3461 21625 1240 33696 14353 5410 25055 1839 17500 23417 12278 12421 10257 30501 24621 22778 1904 21342 12834 23573 18987 25936 15822 17516 36621 37163 5163 4130 23051 8356 22210 33822 13912 17568 4776 37015 19441 20399 38312 5715 25872 567 7055 23737 17461 24414 16051 35335 39769 28498 33699 20277 25101 25616 33808 1292 13867 17457 34432 31511 29421 18257 177 21433 8443 3746 26708 18851 27257 31177 23633 39488 36761 18637 13022 4728 30533 13383 30641 22371 20106 4088 32815 10832 31159 31380 36124 31169 32342 13493 34435 26242 2593 29103 24890 14198 39439 13815 25461 20790 25904 2574 26112 2164 8248 22458 33898 14385 26921 6921 38387 28212 14641 13780 11781 4316 13244 2451 9032 7735 10718 28108 9206 10936 980 23415 27220 18954 8089 13758 6227 14870 27173 19527 21449 16792 32897 6173 30837 16641 22221 13648 21555 36789 21129 26188 37905 33076 35724 32184 5750 11159 23205 3268 37331 37914 5093 438 22342 35007 6522 15151 632 11519 21593 39669
14053 38360 36018 30622 3912 5118 5551 237 5726 31750 8783 8973 11456 34328 30452 39034 32436 4685 39786 13894 11047 32036 39411 30204 17097 2361 25424 24707 4764 11056 2375 24243 35601 39895 37798 39821 7702 5188 34985 15585 32129 6358 28411 30481 3069 11944 35343 1649 6217 17452 31298 32639 10749 26887 34210 36941 2329 18951 6097 5275 19223 24141 30312 22034 2902 29150 27161 37343 25058 34252 33847 16679 23690 14043 9456 12120 37549 24501 7593 33444 19952 10576 17294 37872 19818 3948 36848 33105 26005 37966 14382 5908 18149 32327 18108 9776 940 36791 8363 28445 38949 14625 10762 1485 38475 7059 16719 914 24199 25966 1142 467 13986 3839 31316 3098 34543 17455 13579 17026 19169 2249 33505 27341 3089 6095 21460 33625 15707 27478 21570 16849 32498 36792 39591 38763 29052 13574 25753 22390 9459 28485 33884 28440 17549 12544 16861 6145 3125 33691 8427 38957 29600 9174 35194 9359 13954 30289 32512 5880 14136 7670 27644 31359 35471 34633 6093 29592 19227 38511 9724 8129 19266 34348 35639 32077 24881 26212 39604 1564 6230 3993 35682 25854 31717 26425 37840 21441 4068 38252 25283 6653 24412 35067 36076 37040 28268 30430 25964 3858
38828 5889 1412 9354 12277 31033 37982 10965 25791 35416 30994 39965 31535 22256 10906 26994 36892 39366 16871 24153 7392 10769 13470 5691 13446 5919 31261 11500 23810 13323 29754 26374 25810 11844 21031 14129 26443 18778 10407 8861 31848 10626 20112 32515 23994 5706 15423 5634 7809 8885 17843 6468 9033 17273 1124 25504 2985 36151 17743 29334 952 32993 30642 23308 11388 24770 37720 35203 17829 5835 28092 2587 26598 27842 23838 29989 19434 32307 27522 35853 17131 37939 20493 15814 23821 37858 4572 19633 15668 32137 9244 11303 1645 11972 9199 25678 38597 38849 5315 30065 34507 16263 34775 14672 18639 15148 9827 9705 23773 2711 8510 9923 34931 25470 29675 18836 11003 30183 5238 13927 19856 21070 9348 8839 31121 12259 38044 12200 31444 1293 25214 8458 3934 32491 25832 6033 8993 14556 13938 36615 17709 23250 13529 6023 24311 4585 9322 16307 13086 28540 21402 34494 33598 4171 20491 13850 1739 33957 11220 31622 12256 24329 24800 19405 14804 29517 35180 5649 22912 10249 11918 26535 18535 25174 3744 27453 21547 19261 2780 6897 31229 1930 14991 2013 6060 11553 7062 9430 8277 39614 15470 4800 24801 26665 25097 27114 5660 22993 33154 11838
3831 22519 15383 28468 12820 33176 36640 7590 36946 34146 24632 21239 29032 22907 33129 15991 2705 20750 7258 29766 35175 25739 27179 36631 36141 15978 27393 25744 826 23612 21773 15780 36856 39225 27007 4341 31287 26370 26549 5504 37708 27303 10531 10378 39079 39804 38575 32089 33501 6546 1521 21126 9293 5405 38875 30733 15360 7447 20078 37333 38889 5773 14746 38694 36602 35013 21510 7481 12495 28386 32481 7528 6891 1874 4821 10029 18653 19622 2558 6260 27047 28751 8026 8302 8079 1511 96 15956 5039 16673 8279 2404 26803 7163 33980 6292 20947 5951 3301 28652 23929 21227 11367 19088 12748 1486 5193 28677 9760 11494 14262 16929 8516 30549 3424 23372 23598 38293 4930 2720 22315 11137 25236 31452 2254 14548 38654 23144 9085 23788 39397 38201 10949 13449 5566 9763 25471 38579 11475 31679 7364 12533 28539 35233 21966 10329 33065 4578 18940 31505 19998 23321 20896 14626 37529 16356 28637 23488 865 17268 34517 20337 16945 36608 12295 38768 9911 33249 35395 6856 32572 16346 25421 18977 26214 15868 5644 483 24425 14164 13546 26230 16320 31912 3516 31725 14270 7150 318 33952 14390 33693 16282 23493 14210 24751 21125 20899 20967 22387
33621 39920 1748 1219 2338 22600 29679 12967 13135 24377 17569 7716 839 17027 15658 33715 8576 18352 9769 38541 27283 34932 22249 28602 5875 33387 15702 13740 29445 8972 1326 9572 29709 18528 5594 19397 13990 17728 31726 4957 39183 24344 3859 2442 31437 33936 18845 1643 32963 292 38802 16927 11732 28100 9670 24465 38327 11447 2027 14864 14680 11620 8537 1573 21025 37402 11702 20135 28146 3608 18375 32950 7245 38081 31220 368 26897 10681 29862 37934 26149 35955 37290 33892 36784 2687 30037 29037 24849 3366 18646 26937 19523 30076 32804 34048 5659 14531 18310 7790 25798 34271 5215 16545 30854 12056 211 21633 23622 20365 30739 16574 30858 6150 10358 34957 15098 3766 22306 29871 21222 21029 35408 4402 26268 22969 25812 818 16526 20721 16989 23767 27510 16225 9234 4779 10621 12694 7936 29350 31983 16124 31868 4465 3775 1743 1517 16944 1393 39749 37227 20800 6538 21675 13512 1567 35262 20253 35698 3788 37184 19833 1197 27781 7040 16592 14633 27551 2243 5850 435 15230 3064 1205 34160 6274 28786 21762 38141 34461 32564 36855 38118 6624 32038 25265 17716 17484 31800 5956 36198 34579 36373 34219 21752 10120 20191 22123 5225 9946
7863 27099 23574 38041 35726 5423 14670 167 15361 5730 14083 5387 16705 39695 10766 2280 33682 756 6299 7599 3538 38869 2477 18317 24349 2664 8081 20729 33812 16675 17187 23575 11783 35483 32692 21777 20709 26954 1213 3995 4984 12470 20917 13288 31691 31796 18822 20352 15305 10608 21188 26696 11762 7747 29549 14296 26767 18676 36136 5741 5922 26037 6547 1886 24511 20833 3044 35590 19382 587 29062 6015 23628 3751 14305 34765 17908 1071 27016 22768 6726 1919 20976 15725 12121 23502 39693 25114 7096 33293 32654 12354 2289 23970 6915 32915 27402 13397 23856 20023 17212 7366 35288 27428 8014 12282 37814 14924 10930 32847 9466 17120 24975 7789 8541 21110 34864 13690 20471 14685 10785 23577 27546 13019 21710 640 22888 10004 2455 38062 7426 16746 9935 32562 4763 26021 34548 31510 3137 21415 3395 4458 18320 39540 1603 24302 12129 4104 24175 3576 8334 19000 29266 17123 22443 3753 1192 23032 37245 34216 36716 8586 10165 18670 32010 35042 24793 3296 2431 9611 2223 84 25579 24915 29197 13320 20168 172 14444 33918 25837 16139 13015 21924 26707 34089 24156 31710 3451 33062 9743 24272 23876 24986 39680 2408 8548 33148 22705 37234
18588 17225 213 16617 3992 22395 6645 35374 18080 2173 7256 6454 4842 36100 18952 24500 6781 14406 1708 23748 9042 22374 4504 25245 15099 13351 1962 6105 12347 10161 34587 6620 37436 33320 18815 5864 13111 38079 17524 34329 18696 11277 4770 34506 37511 13179 9184 23227 34394 32214 18296 14911 14037 860 3430 28438 30997 7334 39980 6983 25781 20272 181 34942 798 27937 31906 14491 12768 12360 36578 12970 36028 20788 23388 28041 26659 19544 30058 31075 36025 7067 17472 26714 36399 3375 24911 9902 33071 4712 14552 27258 32119 10097 25802 33369 397 9968 21313 25128 12370 37231 35001 26920 14059 27336 19871 33662 20633 38003 23015 37942 37439 7200 1801 6116 33834 17949 8170 1018 7793 35190 26797 16827 39295 32670 21492 28143 5547 18399 20548 33950 29319 18523 19495 9508 24068 10600 26163 14233 3427 12857 38270 35310 7778 10273 38529 8016 36741 30496 36436 22040 26074 13644 37371 3083 29543 14250 7853 3339 38104 26564 20092 22245 19250 34924 7804 33619 22604 31650 14663 10579 23305 23236 16056 18312 7506 20048 9984 9190 26804 22476 25376 15467 34710 4243 5823 36090 39143 30288 1908 15910 732 37553 20444 36202 28308 20578 29926 16455
20165 2514 20700 13100 11463 1554 14269 14467 4953 12048 11706 10224 32144 37577 5464 26480 9363 24379 23675 32022 32557 489 33623 33743 23570 37932 31548 34536 20698 35068 1035 9573 3722 12334 12928 938 22352 33733 31526 6959 11031 19179 13007 31156 4944 21760 28476 11831 11188 31601 34031 2651 4466 18886 24253 20522 24649 28885 31617 4924 39172 20080 31905 19532 30002 11282 7704 18111 24223 15483 26393 9524 27967 1271 30198 30879 13642 2264 15899 15041 30066 5101 35000 23357 14113 1079 5944 31317 12670 26527 11020 27392 6398 21695 35503 22368 33102 34908 6595 38748 11084 34445 14811 13205 26637 25670 18531 23030 33143 25366 28375 32645 27413 38264 8871 12844 21086 3176 29300 6920 17329 32825 2850 18487 7471 6013 20514 21112 37267 17913 13907 30238 37427 17610 9222 17663 19055 4612 38483 37247 30880 14386 15526 33273 32041 18464 25500 9009 3805 2427 7980 17388 22325 21709 15055 32274 28285 9725 18314 38437 35054 23491 10263 721 10060 18498 36437 13366 27795 16347 12810 38487 14627 18962 13295 26345 11604 26613 10726 14523 10553 28601 39167 27460 1008 17591 15278 20610 33463 8182 29985 30928 22023 6125 6183 36562 23070 37821 4807 14027
9794 38082 2626 19834 33737 22780 4943 26395 31686 21345 32057 814 9548 39187 23066 35399 38168 16642 32026 4863 27437 11507 37699 16500 1507 12494 6059 9656 10970 3955 13919 4557 28362 34581 22060 18600 39599 2090 20858 11336 34929 39547 28142 19199 22683 10333 18632 9221 3472 5782 13704 21066 20518 11611 22362 18116 35938 35959 19110 7073 31478 32166 37164 6811 2050 7356 18098 31284 27456 24566 20032 26245 24284 8022 1052 6332 17820 13390 32641 20176 9224 33796 26378 11845 39333 17193 14941 10405 12012 36318 28710 5602 38410 27078 78 6133 25402 7699 37581 21304 12976 16510 2049 6659 38845 10988 24059 5564 9925 6481 22472 20482 38283 31716 18136 28676 11962 27596 16901 17224 6177 13442 20264 32745 35326 23533 38195 19716 31843 24206 28626 28693 7420 19709 6898 38800 5148 35420 25846 14461 11394 14722 24665 4645 9287 39628 22176 6845 20685 20987 8847 7898 13138 5502 4512 30906 1160 7152 28549 34688 26351 34293 12381 37598 773 37971 33127 19384 30920 22843 10415 24055 7452 32559 24787 34682 33069 29764 25857 13464 38879 22608 15199 7636 29809 36430 16018 25268 35440 23727 25621 17099 10212 37502 5097 30000 14388 8568 20912 34026
14528 4547 31989 3368 18475 19112 9633 37467 19732 15994 36357 11612 31642 35103 21615 7646 30277 38336 4274 14408 5488 20690 35212 2133 36072 7835 11130 25069 20942 24715 24343 29001 7583 35862 28279 19286 22818 5653 10764 6855 10408 22911 21748 9374 36886 2579 16918 21771 31094 35550 7315 20865 4651 18185 28371 14257 34969 32182 18055 37155 10720 20074 14500 9489 37707 8898 34569 24394 24864 8988 17314 3030 23915 32949 16625 5976 33253 29726 3463 7104 15701 1346 12420 37538 15377 28070 32652 3281 11350 15315 39673 29151 16409 37587 11376 39958 5452 6138 35211 35278 17403 17194 39629 35206 8628 879 25911 28317 13238 1860 5129 35487 28316 7525 31706 39755 32178 11092 4724 27055 18738 39385 1299 623 85 21463 31217 34659 31199 22579 7166 23640 37196 30016 35843 9833 31849 33848 16899 17817 20002 14697 904 32677 26963 18419 24980 26421 19751 22165 23703 39737 11583 32204 31964 23857 4751 30550 34192 39474 21367 36000 19437 3336 23115 2694 4497 3879 3865 16997 25576 15372 4818 2077 39408 19435 35606 18311 6554 1443 25742 5362 3733 7821 1134 7008 12305 39147 29478 31358 35268 3051 28466 27118 6074 5105 24429 15887 36636 25483
33698 8245 13291 31269 19066 8916 36537 14930 21926 13753 20847 31541 1599 23457 28883 27939 2981 15322 38024 18750 6343 5418 36550 1000 14405 17897 10896 7056 35888 17217 11080 37845 38715 13819 26241 14358 16226 7450 29029 35151 34325 24335 30523 25817 24868 24188 30679 29729 13615 2312 17308 4075 11192 8093 31549 35564 14658 24247 32101 22116 32998 35546 15382 34125 35717 15655 10597 24788 2768 22003 34694 30427 14822 4816 32926 7518 26282 23563 33577 1991 18983 23704 37641 26660 33540 18657 416 34185 27515 32 9792 605 9078 39239 9863 16506 11227 15190 32290 38180 14708 12071 35311 36035 30813 30721 35760 10696 21628 33081 20848 34917 4878 26397 39319 12097 669 17587 10872 17731 37644 12375 25133 447 11288 26015 39037 22616 90 22702 32151 13837 18576 22954 788 16473 23143 36961 6492 9593 35168 28086 812 36355 2253 12730 3556 22434 18202 23365 32827 11239 8817 21307 35567 39917 34679 31837 30392 768 7777 1235 38608 16553 16338 18754 13622 2155 24564 32809 30764 34856 27846 13634 18944 1127 7557 5604 25932 39344 360 34032 11883 36439 9713 1808 11291 38468 33059 14332 29927 35377 37213 22349 9838 17840 16816 7048 9547 39459
6690 37105 33168 19990 36168 20257 19803 39283 228 996 30482 4765 16700 32367 4793 34714 24315 18875 7102 16853 35773 20734 19687 4369 27871 35865 6241 2507 8011 33655 33622 19892 21586 24978 34617 36605 36846 27450 26342 20137 2741 11228 7573 37548 35021 22913 5178 10390 4664 9143 25931 25487 21739 31265 26111 15911 16236 28570 13396 37534 2662 12513 17098 30274 30591 36195 7866 9954 35231 21352 1111 26886 23693 17274 8130 14569 26491 5950 18144 8676 1731 38899 38569 8128 28178 782 9002 29411 2812 14212 39519 28737 35129 24140 29451 5561 39155 30579 4409 25342 39837 35942 35009 20778 15471 38455 24774 3988 28352 12623 39432 3983 21919 20157 30722 12144 39545 19341 18345 33620 7508 18563 14607 1180 11119 27126 19006 23935 18566 22319 35729 35863 35521 18191 23738 16343 34021 26482 9878 39886 15251 13471 8464 23303 29261 20233 9622 29547 23094 31910 11707 38825 6996 27489 34227 28960 2460 22268 22675 24539 12683 16449 12896 33031 21573 3128 28014 28794 36577 13844 35889 29213 1879 37639 10750 3919 4435 4886 972 20207 5882 16256 4199 17912 36977 28385 533 18768 27630 13126 5612 34608 27481 24326 19230 26079 30403 15563 11206 30477
38310 20824 27646 12999 28460 11032 39707 153 18603 23124 3696 10337 36302 36006 23901 31900 17253 25445 12585 25570 2764 12603 6485 17961 15387 8074 38289 29627 8797 38868 37101 3229 30532 9623 32647 4292 7539 39648 17185 10289 10016 36468 19883 28200 24703 39820 2713 18659 35813 17306 38790 31237 35279 22020 30259 20864 2670 36284 17173 9498 22734 23180 31218 22744 30513 19330 16031 19284 13250 28575 12135 31081 35037 20026 603 34430 3453 1642 9666 20595 8552 6933 26472 36461 34135 10937 7661 2436 16589 36738 955 14987 8213 33165 34589 1351 35508 36005 30583 25168 1828 36901 4089 29652 11601 9565 33258 28831 29424 37278 30857 27767 26283 27823 16317 26586 2041 26321 22311 13001 10122 7478 15502 18991 31291 20299 29480 39565 39856 11550 19342 12793 35202 26687 35771 34276 16484 16568 37437 19610 25208 32737 30483 19450 17248 33322 24051 8091 39575 9027 6488 13400 26072 34891 5543 39045 29204 14955 34340 7973 5593 3543 8239 18743 25643 31179 10001 21938 23256 31325 8072 9680 29317 32394 35534 4657 31243 39119 9749 1587 25993 38179 7129 22959 31477 32016 23656 1394 36661 38581 31699 19278 34544 15530 5912 19950 20955 39199 18616 19335
19267 13292 9291 6170 20116 17649 36937 26122 8447 26742 22936 3861 26962 32035 8740 4520 35006 29646 22864 9144 6457 6303 11877 27148 25070 9543 20292 38272 4131 33234 18019 25732 13975 14654 19181 21618 23207 5230 35161 39442 19290 6157 19738 20323 25509 27174 3961 23501 22924 18058 14798 30562 38474 9802 14095 12600 14859 38284 24700 1516 11795 20924 16968 30318 26617 39663 14092 17400 232 34588 32483 5227 37141 28526 17147 26625 17642 25815 23269 36630 17340 34953 20525 25584 22158 14516 13186 1792 18106 1529 13871 20309 12893 16360 5986 16868 28247 10334 25856 7645 14341 13020 22024 5884 30989 11687 21211 24385 39557 19829 10679 33121 15806 12537 39110 25244 6519 37766 23352 19098 23179 18249 10736 39882 25693 2035 1809 24653 13229 13508 33559 4474 12289 28696 4772 29378 39522 10910 33374 10018 6822 21111 9993 15754 15058 2599 21361 4947 27308 6786 23509 7257 33552 7639 22329 16691 8734 8249 26614 6533 2708 13013 33759 26757 30627 30056 25597 17612 1916 21193 2146 10984 39871 16999 9758 6195 8918 33225 12697 6233 32370 7464 35582 28253 33269 39481 5521 7222 29896 20897 9333 26982 9985 39500 35800 22016 10272 25032 21068 4668
25902 23734 33838 11202 28109 27108 28694 11428 28023 33265 377 6869 22578 25675 33000 11019 5396 12090 37055 24726 7726 26213 16530 38885 12972 15540 16135 5830 11429 2063 28665 21982 10472 17800 7644 29819 19599 20544 22718 9677 37546 4097 36300 21221 8486 7939 21093 14659 22406 36974 33180 25233 7668 37062 11777 12383 24808 31596 26325 34592 29201 3750 26559 21464 38464 28029 24998 20245 39908 30675 24916 13969 5186 4208 2423 8984 11952 15082 16406 7261 36181 24687 4357 27813 26411 34990 13079 14557 18936 17668 35879 8344 37640 2839 21962 25106 33637 25695 33721 36262 4349 12186 23413 31429 22399 39312 29632 23978 16195 27221 8567 5518 38627 5970 23265 13184 4194 31627 26719 39517 19541 35997 26485 23627 37435 9052 1528 37460 26940 23312 27358 7009 37395 624 37338 12679 20792 811 28052 3103 3323 18500 27299 2758 21895 5090 5581 2458 4614 27470 32733 7019 13395 35709 22038 19079 3676 31252 29836 7095 12128 23383 19060 13365 11697 2417 21592 25329 808 16604 9476 9684 22272 18110 27272 6928 16549 11450 18415 687 31859 24917 23613 37433 21755 32875 33582 39241 17176 35177 19107 6648 9841 25963 34157 34896 30882 20463 37316 32269
8699 15842 21378 12076 18210 26317 31468 4905 16059 14699 6748 13625 17203 32227 31424 26779 30565 39932 11403 23651 8850 12458 32243 9550 32679 12998 1202 26152 18692 27040 4655 36492 35588 1345 23523 11174 39131 31952 24248 13183 3903 36942 11363 28764 11715 3884 12990 21358 35189 1329 27412 5667 37224 10353 27591 39387 13349 39754 14017 25074 31307 4269 20378 37505 25084 25950 29775 30122 22726 24569 37385 15968 24093 18299 23751 10892 38506 20970 37172 11237 24782 36317 3624 29633 8707 16247 33200 33440 19218 3936 14805 37376 27736 21858 32468 8939 28639 6743 10422 29417 4769 17470 28454 675 15865 13650 31258 19087 16128 21173 14372 27671 39495 11575 7899 11112 38978 26458 33875 19545 26783 28190 8673 20793 37722 4974 25822 10625 9674 27129 24304 13887 38860 10590 28155 13257 4738 4740 16991 25556 27466 36378 15185 12960 28173 32606 5071 24280 7931 5560 36145 6420 13254 5065 21012 33687 11071 32401 36063 11421 20476 26103 36965 29512 6642 1499 35425 28348 4794 19431 6795 21019 18617 19924 28169 5651 12571 11885 34848 37787 13358 6922 250 34713 11624 696 36381 13029 27659 706 455 34843 39091 38658 3721 7284 8386 4012 33452 30621
3359 31896 27096 12081 1057 9235 8770 14535 29839 6151 3266 190 33341 28223 17349 7329 30346 39910 15176 23964 614 24484 14361 25411 5896 3108 17555 38480 2505 38501 11308 18565 11143 522 28011 15204 11676 26039 35613 28730 18200 9388 12687 4861 18694 1820 646 39427 33897 14754 23549 2160 3904 33765 26184 35688 32464 9021 20619 32997 968 27578 10952 38642 2748 11055 9134 21277 8241 34354 10170 35356 22494 1406 34745 25178 39939 33527 15330 30827 27893 30862 39758 22626 14875 15688 34602 25955 2034 35634 24943 22845 17710 32621 39142 32967 19548 22148 35731 26239 1632 3413 28088 24754 5481 18330 32976 779 29242 31011 14005 15326 25122 10772 26718 30225 10456 33186 33592 169 4862 36130 8627 33747 1559 31791 2516 21089 4946 35500 8649 13664 32509 13623 6621 39004 23807 37068 22808 14975 11839 2355 9262 36180 31993 30814 37302 25969 19972 30381 3818 13202 31234 12715 37390 17297 37167 20969 35768 26237 8099 14497 36144 17113 34644 29820 25677 22099 32181 11334 19638 39976 13982 13286 18392 3536 16265 16460 26420 6892 28582 21504 33429 10938 3212 26011 32721 35181 24494 27620 29661 14944 25971 24487 34853 16097 30586 31883 11102 5674
28204 26384 4672 20311 11999 32921 21682 22161 2407 14054 32158 8827 30208 12018 18514 22716 21183 34277 28370 36363 30231 33232 30768 26142 19490 4291 38224 3635 24305 28323 23956 18554 14514 4954 13761 4013 5099 33617 7130 37109 9188 5144 24997 6055 26655 21009 18506 12077 6018 20232 30689 26541 26248 9574 17999 13332 16643 26247 15985 34076 25192 17592 21922 11665 27407 21849 22611 30063 29229 25751 32348 2365 33702 19239 36782 38920 12084 30494 16062 17871 22510 20815 27352 21045 38833 22547 21281 29230 21194 20879 4625 35198 24623 10770 24499 26162 15458 488 20564 18904 21332 4063 3557 3460 12471 10468 33187 37747 15211 39530 8952 3996 23565 22346 21161 28404 31074 3370 17874 20570 23677 9982 22199 18719 22084 12033 20888 10395 20290 29500 11556 13767 15921 19859 10912 2892 24683 31385 17094 21524 8744 15826 20425 31187 17466 18318 24103 25824 9490 36780 8671 30555 4256 30940 14331 39457 12114 31176 3481 8351 12629 12799 30983 29368 29248 25044 37000 12832 36650 21630 8235 20346 39716 39844 22189 34754 28416 22266 11432 20668 31499 24227 23732 34906 30835 16647 28073 2075 11435 30335 35925 22423 4061 30959 33333 22068 25414 1723 29607 13353
15287 32040 26287 38198 10844 26975 27213 20639 431 8603 32171 17111 35282 8157 19468 24042 16476 10458 2582 8955 26497 16301 29160 14628 13960 34981 3155 37292 12606 11643 28163 7527 19564 38954 30344 2814 7969 5781 4519 22865 11340 25482 38493 170 1199 29868 16756 7714 2877 24768 22017 23947 1298 15001 36261 9536 4280 15966 23902 31165 10904 10448 23296 8446 13147 6297 12991 29005 16134 16258 25535 10623 38533 12789 11689 7684 29770 18760 38452 20584 28531 18001 39773 106 27131 27506 20215 23864 4940 23034 32088 6001 25420 31867 19969 26430 39967 33600 3782 27909 1883 36459 13792 18577 21672 35642 32484 24238 1042 10911 1452 4527 39950 25217 22532 2598 18994 16777 35880 16040 2842 37298 22812 24548 25362 7983 336 21879 29583 38451 31676 30914 34161 13305 11014 12209 2376 37875 16329 21366 36311 23913 17929 39876 25794 27806 21617 10730 19809 36278 30587 39389 2613 29468 16321 7882 14303 13913 21706 17807 7756 7905 26627 21364 23123 7147 33769 11671 22869 38759 23798 37044 24958 36712 14521 36054 34003 38640 30187 9215 2672 34773 38628 8777 20964 2715 7829 30823 7935 39846 8473 8660 18785 32175 7761 22947 17680 21083 34180 35055
25975 16949 27709 38521 37107 14935 10691 2125 11083 5468 35387 9987 34807 15952 15771 14978 14507 23861 7532 18204 28180 38900 21145 39590 27485 11522 37258 3846 33850 2716 8190 20640 21882 4798 23889 15920 17311 23735 1288 10440 11079 141 39249 29048 2697 5293 21002 20541 26190 17284 38939 17696 28857 36574 33475 16640 32139 39703 34863 19366 28119 6224 29623 21552 30935 21395 25413 32631 1113 34239 20801 30358 11459 17393 9421 25601 663 16114 14128 28524 25796 34366 29014 5881 14631 34441 2019 19573 29117 17258 4480 10940 21862 32467 36833 36822 10908 20978 23309 39431 33018 32758 8236 14701 14204 30890 33090 25194 6754 24192 31771 18578 15693 5056 35386 19783 35460 16742 10523 30302 4606 31119 5066 11423 25644 1618 2924 24907 31135 7047 24790 1469 18039 28181 12615 15949 3873 21028 12239 9001 27252 10803 27290 19085 2317 11468 37201 29456 36192 5390 17604 26520 30135 20727 26764 1589 11900 27180 13924 25938 26847 9710 2573 5848 22431 21152 35638 22769 9380 14004 364 19412 15858 8406 26366 39678 13882 13765 3389 33097 12911 28035 24823 36451 5343 20025 2190 29571 20928 8073 8583 18094 3354 20121 33647 28298 19710 39410 19240 20644
23753 20464 39296 4681 6693 39221 27087 28010 20710 23270 28973 9600 25878 12554 15654 5792 22231 9526 1020 10873 3141 33264 24345 13227 35396 2303 16653 7187 33703 14380 2141 33529 6252 8954 7959 39505 20053 19504 3115 7993 17564 3530 34214 28563 27421 14186 24485 3600 9276 20276 6295 32789 29578 5298 36637 22862 37881 19646 7960 19473 18261 22587 35824 28493 11965 11761 27649 18609 5019 5432 10184 28321 26372 2887 13432 25941 7679 31698 21348 36146 16977 27499 11360 9058 5619 39277 37419 20576 5000 9636 25814 5709 29554 259 9880 5254 10036 34029 21956 32790 28187 790 15097 10648 37943 7966 20611 30439 23873 29120 29407 23325 25539 5897 30842 7897 1909 19872 30067 18723 31988 33235 29299 24931 26359 34645 20689 16726 38863 38938 22983 2145 4735 37283 4404 22610 36285 15875 21498 30698 31362 21701 10711 21479 3937 34324 2290 21444 17307 30182 5842 2496 2585 23028 5114 23056 18693 8698 9728 22508 28591 23421 39321 14190 28394 18302 313 36939 4918 7827 15347 5147 32346 31214 29271 31990 16323 30697 9654 17033 16358 29594 35597 34748 14696 32528 16690 30999 28283 17893 18521 23674 7064 20480 38618 21410 24835 25449 39986 28929
1214 20314 21824 21909 30780 4898 34467 39374 4041 32757 27140 8417 39798 7895 239 1177 12014 16262 10453 12602 10907 21871 36872 3957 9127 14818 31527 30790 13933 39641 21728 9513 23454 38450 6972 8533 23937 16879 7956 27081 39728 17751 3476 13735 32905 9454 31745 35256 33201 34847 33876 16703 38253 17010 19790 13095 16369 16389 28122 17237 33248 2011 22466 21530 32020 16203 12575 28133 28199 18969 38990 20972 33767 13195 35939 6181 6156 21503 19882 34671 9788 31290 16520 14232 29435 2519 11357 28013 33629 27201 10585 9854 16312 39699 24728 3237 25372 30377 2330 14483 463 34046 5605 10328 39026 31132 35349 36062 18844 5592 1363 30048 26303 4759 28830 21448 38941 34501 16490 26215 30417 35061 21846 14705 22152 24875 4297 37855 35849 36520 32910 8780 2241 11523 4279 8211 16599 22405 23232 29372 33035 36220 13515 17220 30098 3626 4007 21619 11808 19132 9601 14326 3511 39256 10985 21079 14691 17367 29021 34811 34776 10167 37476 24025 26670 11789 19340 25896 9817 22900 1691 16815 4631 18843 8943 7664 24777 35529 20057 9407 22533 23059 23087 38171 11576 28037 10599 24205 30606 27372 18182 10685 8944 9826 39240 38055 18220 21024 6493 29023
32525 21518 38092 20651 37157 14100 9325 20492 7894 30995 25361 25335 12646 13384 3015 14318 10233 22507 4353 33402 32735 8320 14175 26826 12573 34624 35856 38573 18054 39041 8132 1484 11361 2302 13677 27183 3801 27599 31645 21121 22183 32873 25562 30883 36325 19567 30590 2908 18301 17058 35950 34079 33738 29363 35926 14606 21965 6735 39470 34568 4877 32459 26951 33969 32278 16126 23921 11313 19561 27987 36706 22498 20134 24874 30503 10045 10214 12508 36412 32107 25025 31578 10130 4064 12029 27349 25775 32534 11194 19991 16167 5113 1467 27238 14041 32434 11240 9131 29806 33115 13776 26310 609 6070 4394 3500 23089 3315 1306 22623 6437 11325 12211 26417 17085 38365 11396 16615 38047 19955 37370 22445 2095 12874 28766 18418 8721 36581 30519 14667 30788 13420 6882 341 39233 27250 30060 36241 7191 27206 21782 25318 657 2538 18304 21785 3149 29497 10462 6905 34233 17719 15368 16401 3816 35133 1151 3714 4025 32832 11573 7291 24327 27907 22404 32099 30815 36829 2901 9089 37740 5499 7319 246 1356 22867 8875 30603 13445 27631 39838 34778 27684 22413 29711 21327 15753 38335 23644 30138 22144 4840 17007 15277 15686 37793 4965 6557 8928 39657
33885 13153 36613 32720 16696 8102 24172 17738 18214 27900 6017 6788 19193 37691 10038 9155 34558 38612 1357 10957 33632 31747 26319 24836 15699 1863 35750 2060 34866 6513 19895 34851 2803 804 38268 10175 10506 20974 39535 18958 26849 9658 20020 22776 15755 22341 29472 30097 29089 28022 12881 5320 1683 27153 24517 16140 17707 39955 1926 23176 36925 1015 13066 31051 18573 24065 10359 19740 6720 18493 2379 4327 31184 39670 33912 35354 39792 28349 17080 33526 26226 9037 21732 26626 14759 16619 26234 15528 34610 350 32353 37984 27113 39931 10926 18810 11306 5942 6357 21671 29318 39777 28209 39357 30990 9038 33782 13971 36190 1468 20908 34887 2723 13997 7168 28243 31760 37547 22054 13610 6009 35259 12447 13046 31152 12597 2067 8566 8361 37497 25685 21149 31470 13741 17515 3967 29901 30670 7030 1218 328 24895 38791 15522 2790 24246 14795 29734 5169 28415 28473 25850 2612 26194 26678 24598 35253 29394 11911 19805 34513 14517 23129 19755 24063 26943 8802 8037 25626 12336 20331 36651 24244 31598 5720 20405 25784 22755 954 1379 1845 36735 37401 39106 20490 7262 27602 231 19489 11896 32073 29127 21214 27035 28679 25387 39025 36598 5569 11391
27056 21477 15943 22263 10007 10783 35540 7766 34489 38 25956 20661 38696 29912 39253 7184 32526 38674 32811 19981 13302 7424 24696 12111 7224 20152 32748 39957 4443 30408 33649 17471 5840 32486 39598 18740 747 2340 28858 29796 12223 15119 15233 15988 4568 1718 17474 2373 23799 22660 32053 29398 35805 10939 12642 11567 21600 26928 30054 1570 8658 26025 19921 5688 34976 23298 25526 26493 38174 7819 5214 16709 6943 27225 39912 6078 7796 11383 11963 12093 19960 12921 36936 35747 18784 39033 22858 859 661 8934 23671 36340 2921 33395 2272 35687 17381 14042 10073 25918 28545 34423 39170 16025 31957 37883 35707 30440 10000 23653 15513 7077 7094 30683 32217 5885 32596 10099 6307 5817 5332 3632 20148 34338 39855 7132 33244 36588 15074 31687 4837 30543 10377 22226 14829 31661 34672 25433 1660 33019 32031 4689 8092 3028 3549 24408 16525 34867 37165 27749 4603 5328 28672 2207 9515 4168 37303 31654 10672 32356 3638 37736 11180 19515 17450 7123 29129 3185 1733 1637 5434 14832 8653 37595 551 19376 1647 20322 23868 14959 17366 8610 14025 37059 18779 33405 1728 18183 36526 3017 22007 32561 30401 15866 38629 30424 25253 9858 19752 24936
22348 10676 27801 7170 22053 32966 23047 21717 519 31616 569 23067 28244 12944 5433 10761 28481 22169 21041 27049 216 5279 33096 34546 12916 28828 8820 17344 12824 3109 23469 32706 29077 36845 12619 18993 525 21621 1311 18837 21654 9412 34888 8786 19577 7087 2851 11787 28269 22328 7212 33138 35541 39197 23740 34429 3583 33247 13327 17934 309 34085 18295 17442 3351 16961 4778 24675 29865 27339 2740 17697 15515 1800 11458 29192 33450 27448 28289 18069 34302 6414 13601 11238 8710 33292 29158 39733 23081 28791 5046 516 23479 31783 14402 17687 9318 33576 37126 21815 26 38996 33286 7386 23645 35074 39212 37637 28314 11136 28744 20230 31017 12706 9093 22548 36945 21884 39429 30252 33310 27991 28032 21446 791 38703 26734 15179 26605 6564 22826 24056 37998 16485 35603 33125 17106 21546 2316 2867 16091 29707 8376 24967 12390 35480 34484 32552 12049 16799 22796 10420 35720 23463 27493 5523 31230 30685 38484 26279 30634 25271 37093 8845 33061 39437 11974 8505 38664 29697 22889 2861 28471 32241 37361 7237 35842 34669 21641 27601 25181 40000 7027 148 19484 8915 541 20737 12994 6412 9019 19483 22428 26437 32328 26121 9465 35753 38299 1530
3768 11511 24681 23641 11483 20429 15093 37025 21670 9384 10140 2147 30821 22456 7265 30631 22035 13315 23231 38213 429 20925 6212 16474 15213 23483 11420 10488 25100 30632 8886 39731 679 36612 37967 27797 11531 20791 30149 6901 29056 24833 8750 32768 26865 27003 36256 15889 5335 36372 25031 24560 30893 23608 32712 22345 10595 32364 20787 18033 5733 9100 14105 14196 2826 23422 15993 27190 24990 29914 1894 35840 9668 11680 14248 8592 4018 11867 29513 34797 23014 19319 9588 27182 23278 21015 39440 2718 14168 37103 23558 5189 20022 26842 1794 22917 23776 18553 23927 18745 38659 11736 15028 20950 18495 21373 27284 15892 53 24161 2997 16189 7883 7585 14553 3200 35972 8677 17982 17144 11452 5517 17423 31120 3063 33218 235 31198 6395 13870 13582 2904 33805 21883 1066 17824 6594 12392 12221 36635 38258 26059 19611 29094 3385 38929 2030 10306 32371 22415 29589 9642 22883 17443 30608 23197 7690 5331 9082 14063 23525 22073 18123 3419 37041 33099 5833 11832 39375 21411 23624 26673 15049 23074 32090 15107 8262 30175 9675 9171 19764 14348 10596 15855 14009 25804 25060 37432 11027 24240 4926 25083 19692 5477 36342 29170 37065 20532 22385 18313
6098 25077 37817 7807 2113 2444 34317 38525 18734 30653 15269 12859 26161 25880 21432 8222 39291 37634 35300 33174 31892 11830 5451 11716 26295 13249 36010 35671 34552 6638 31501 31689 795 27364 36527 36816 37602 2313 5011 26873 20402 7439 21991 13161 34534 23489 26069 18481 20244 7626 31300 24017 25717 27892 22506 36245 10870 23997 23995 25303 8509 6094 31492 13617 1861 7597 19007 9000 11028 10330 9555 36102 32938 17343 22878 17552 35834 35517 18046 26876 3581 6178 13555 37162 3575 18885 1216 26536 33343 4605 9128 7003 15697 22840 17638 14093 4654 17561 16760 3287 25853 19336 9346 13619 3738 21821 33255 37608 8057 31850 36934 13578 29459 6930 4928 7712 31570 984 8482 24935 36643 14279 32403 16800 7693 37113 32042 10502 37001 39448 16891 3551 31149 11861 35391 17192 28104 10703 1850 16158 18194 16288 11041 31672 7118 25389 38401 15599 9979 11606 26632 29585 5075 24486 25452 14501 3207 26308 26027 25855 36112 17337 4964 23474 6004 23717 27675 25527 37407 7691 5837 12759 37209 8577 8347 3072 28225 16447 30836 21725 27914 38362 10698 16017 4835 11026 6596 15516 23950 32299 7555 10200 34119 29685 17438 36379 6863 805 7692 26454
9995 31294 28745 4979 381 26271 737 19531 10540 15108 21969 32514 3160 34127 6832 3168 33022 30165 36242 39877 18076 33634 2279 35966 9317 17145 5234 36385 24125 21299 14867 9041 5369 17764 38097 30032 5339 32186 8716 12604 9969 34648 31715 24187 3163 36699 34017 11704 8727 15440 31602 17002 29233 29433 30284 22551 8682 35848 23775 11813 6851 37591 20389 6486 34796 11038 6667 30952 14347 13101 6727 10752 36870 17008 8075 39685 6430 22487 37080 2783 5419 13861 38636 3535 38175 29828 16213 25803 23241 16308 15620 25473 37624 36765 2000 17768 7628 31200 19269 294 15357 1843 5062 7012 2959 1814 6141 21757 34204 532 3433 974 23402 5771 10116 8161 31415 24169 26068 32335 2546 500 32585 13322 18641 8338 22656 27771 556 7711 25943 32124 38644 14683 1140 11358 23537 396 5158 8546 35566 33236 1680 39534 17957 24043 34259 31748 658 29187 28506 20635 16427 4126 32587 1740 8390 25605 1250 19975 22665 8843 36077 31387 6744 3528 21245 16974 36133 33202 17249 10666 3555 29808 1914 34386 20098 12860 11729 28196 10181 20066 28266 7445 27519 713 2080 15401 21134 35025 14317 25275 18379 14619 31374 30171 27955 36361 24736 11719
30902 13114 13834 29801 1840 1989 20539 39227 30933 37104 17883 23967 35090 38631 29628 35223 39454 34935 13108 1855 19827 27595 15890 33038 5642 3018 1600 23154 21398 29858 39497 35165 27418 31061 10801 39514 29228 6476 20349 27443 9786 22634 16644 27242 578 20977 35908 46 28687 34218 30012 36217 288 16734 32303 19551 19733 12139 17725 18064 8284 2737 5381 10991 3059 26273 5546 35119 20687 2406 35492 33771 25021 9323 36569 31902 29161 39236 19142 1932 18153 25926 34486 33762 28055 16778 29573 26788 17529 30573 33385 20369 20249 19177 31597 27069 25774 32374 4293 4722 33916 16289 33536 23504 16724 36729 2684 5788 27298 14979 24000 19035 39909 4535 16379 33166 10501 12335 30266 39593 14140 2721 20583 12232 3509 9626 25263 24034 3862 39011 24251 35091 20395 11004 36008 18041 24957 39158 6312 18238 26167 23685 21791 19585 33958 15317 34297 36019 30106 17459 22625 22454 4156 18590 23818 32731 19674 3907 37551 4871 27711 3249 39302 6598 36737 20005 20062 11663 12086 18283 20379 38613 16558 5967 33927 22879 1141 12663 7295 22811 10864 2548 35336 31583 11412 6025 26394 38739 18423 1920 22916 29791 33308 12829 7547 8493 3642 34262 31707 30450
39768 30194 38446 31219 16019 36433 23226 35422 17204 36960 30325 31239 24559 18209 17380 19845 4846 13118 22284 21804 36408 6640 8100 9133 21521 21060 36617 2073 5323 19906 94 4830 20138 28520 7221 29732 32314 19976 371 22402 26090 4122 22242 3918 29070 17746 13798 31992 25577 25888 30684 24512 20874 3666 14698 15012 5325 35873 30154 16822 17105 33296 16656 33996 34500 36328 9905 27527 15612 31301 24999 1971 16381 21246 33462 6416 34948 28270 8296 15816 502 24342 14898 37985 14657 9176 39473 37508 6896 28614 20732 9066 3584 6453 19403 20961 24680 20213 15442 17239 38060 9754 29088 15527 17309 27419 25496 9299 25276 21726 4302 7282 21735 19232 18206 36549 29859 25505 6478 4299 30865 26232 12501 8940 18025 36026 17071 21683 19857 14032 13143 34599 4567 25782 29671 3485 15706 4883 32821 13223 36820 29099 17109 23827 13722 5261 3800 23445 19854 16753 25720 22695 5718 22829 36499 15598 2135 25121 20943 12227 6993 16630 29725 33692 25982 24090 9441 14409 21443 6208 21038 23073 32763 16783 6214 22549 372 37842 4347 2977 28474 1267 22574 33883 21384 1053 18626 11558 17645 37089 26159 15982 15830 35992 28740 29356 1103 5017 23386 3601
21071 26172 11319 494 39926 38676 19915 27686 7961 37918 14686 38948 8371 9075 33329 24627 27195 8983 8147 17011 5049 31223 10126 33020 16233 14974 28288 13371 8149 22147 37948 38915 30919 28731 38782 35454 32794 6775 16157 39322 8968 35457 10380 35878 20567 36345 22264 6225 30306 34795 33053 19252 20905 26471 33139 37832 12425 16415 24288 6442 10154 27255 5231 26186 23600 23209 29520 30087 16831 15019 22834 38766 25549 29385 7194 4309 33807 9872 35552 35404 29185 16074 36583 26862 8024 37728 16217 26078 222 31915 31681 4148 11061 29674 11183 35244 2231 29956 25827 24860 13391 28295 33052 19851 35632 27106 34024 24318 3009 2400 22691 32440 37189 17347 9026 28138 7243 32211 10372 32531 27451 34315 9589 16676 36575 27529 30761 15207 7844 27512 5220 17690 26305 31435 5573 26094 35252 37202 8233 15072 25040 33411 3374 34622 38477 14568 17869 3260 2580 1317 26328 20251 3675 13181 3475 25089 32337 25331 15102 22277 39544 21599 22125 30120 34051 39558 13303 37378 29672 26165 18766 37543 10100 296 31255 4481 32883 26383 29963 8753 14243 29590 27319 25137 36620 17613 22741 21301 32425 11064 7294 15385 14781 39072 21027 9846 15924 36754 15128 16609
21591 31330 4623 29026 18901 38292 6281 33708 7654 19262 20533 1239 1002 33978 6840 23679 7915 36858 1132 8608 8175 18621 17053 14968 27700 14407 5045 36119 35403 19365 26227 18660 12245 25144 17057 28769 4629 11471 14947 4310 32500 2506 17971 16522 22307 18819 35679 33881 35184 16038 20749 38634 2543 21357 20822 18264 27650 34656 10993 37521 14543 5309 4185 27243 32150 23441 12728 21608 18150 35162 4241 37229 5089 39899 37083 12716 6164 31551 13216 13751 9751 20915 28888 24168 125 17554 36964 6221 20459 29663 736 23120 12880 34642 5652 819 18028 23851 8362 39043 21062 14335 10587 33998 10498 27191 4005 16015 33461 1527 38701 36865 3496 23286 37259 4699 20852 38099 32426 30328 2881 1990 20488 31346 31093 27876 30872 2185 34258 9229 1372 21542 11544 3002 5059 23534 28528 18163 20867 6246 10522 16623 38254 16492 34063 9859 38005 37028 18445 33753 17558 13381 407 30354 29736 37327 19855 6813 28843 27766 34237 35095 4105 24588 17312 17643 9422 10863 3253 9707 5574 7820 39092 18883 31262 28939 2849 23350 22654 17114 352 10631 20473 2745 33810 9750 18024 32194 37656 1624 11968 38364 15958 1003 13999 23400 27410 27995 29404 6190
31757 13500 9546 39625 9853 3736 746 28320 29382 25869 8626 31913 32532 35755 10079 27947 39943 30068 25382 38302 14920 7887 991 37697 20693 29295 13833 23512 18326 11763 9275 29880 18870 4929 7574 10573 12185 13334 13864 7234 14518 28966 19623 20543 16976 21354 27616 32154 2352 11117 31411 36477 10084 34274 7229 24287 15867 25886 26154 11597 11328 7978 6479 15929 30887 10429 33183 14094 31344 722 21225 30475 13953 25160 16311 32261 13131 22781 5647 24228 34035 14167 9967 13370 27219 5872 10822 35368 25363 26380 32626 34890 11765 15590 22469 3592 36832 8549 33359 19890 10690 20664 37638 10555 14342 13657 2986 924 33321 28467 700 34061 14823 11457 15860 37738 19696 31497 11248 1671 39297 23221 30019 16562 23832 32660 11520 4356 3360 24150 8961 10610 31864 23461 36438 34334 19690 27963 4684 21483 15236 30793 31754 9726 30510 27561 38208 6247 5239 17497 15748 16340 39717 17318 162 8828 10071 24268 15460 26065 3439 23459 12089 32086 19583 37117 35535 24224 7148 10528 34803 12307 39555 8578 14821 38609 22872 17927 4275 29975 18584 32555 89 20890 34522 6990 10039 1830 28698 27172 30420 17359 5021 4601 5544 7633 9005 38979 17486 21724
30177 13271 4248 3032 28150 23835 19243 31333 1790 19601 13790 3924 35537 6369 31111 15794 389 9595 20625 35672 19985 14566 684 31361 31792 1382 38570 32913 8719 38643 30763 35884 31405 35334 38189 825 1135 6893 29884 29822 12204 20119 9208 30435 19281 21620 36591 39960 28257 434 7842 10615 34097 14866 354 13738 30597 20953 13651 34952 25418 8216 21338 17250 21288 24698 23163 26510 32121 26914 33855 32081 27360 27992 18933 24977 35183 14998 23682 13228 9693 37765 35719 2154 34176 31670 14714 31560 5164 15095 35347 11368 22258 5015 21007 12690 11987 152 1819 29715 27622 12279 25022 7984 32153 4899 28934 27745 8815 12786 25427 22739 13908 31558 26949 25291 31161 29782 15723 30582 16776 31312 17091 14883 10808 10031 5949 630 19213 31866 34560 14952 17018 28141 37454 34785 38968 16597 8782 21721 21798 17483 32466 14951 11853 3197 17243 17970 32418 25448 28945 13948 10467 6937 27231 20944 7348 11077 26453 8620 32236 35869 23315 32252 28962 26776 2972 24431 24540 1633 20437 31943 5802 38605 27886 38534 10205 18973 39490 37304 3910 31244 16367 12238 7770 35143 29047 5134 37005 10316 22044 21685 10083 5762 5769 8901 1907 17260 25808 28780
39471 1929 16364 2007 35428 16819 36560 2913 11622 20073 37488 7165 17724 18611 21643 8465 3071 22062 21925 3695 35476 21722 18438 36929 1725 32018 25072 39814 30071 2710 7387 19476 37989 428 6523 20650 13941 10113 2863 26195 37415 28123 35305 39658 35769 20388 22418 12263 28080 19019 6039 32760 39491 19233 22186 31809 20017 6947 3084 21848 2704 11635 19399 5707 9375 878 34295 24351 23149 20260 1519 8006 2802 20163 13467 3845 32553 31368 37632 20728 18794 34440 35763 7551 2172 34518 3458 34822 30191 26871 24016 21101 2855 12827 38342 12364 28958 16962 37972 35238 28880 38390 4994 39742 6392 30900 7736 35219 38683 8818 36688 37622 4952 16328 33811 15630 35705 21893 19549 8920 26738 10010 886 2805 5497 16478 38403 33580 2998 5469 38025 27941 17864 32894 28494 5006 18022 33554 35647 9640 18189 9195 4894 11819 12581 29752 15692 4836 17940 13287 2956 4217 5679 39750 30717 5920 31041 5756 18459 2706 2762 28682 36428 19160 11059 7797 14430 1851 34574 8553 9801 4060 4529 29881 34650 21242 8751 15246 23711 33509 6062 27094 36362 1157 11297 4760 32773 22815 12564 37450 4078 20166 31082 37616 1596 5780 7709 3987 39005 9351
11654 39259 3973 35929 6083 19491 24669 38257 5637 20626 16551 19182 23646 17199 15134 17585 625 36779 39785 2065 22155 238 3587 21961 12146 29255 3441 22749 1947 8418 9200 27291 2026 19496 5913 49 20641 33093 17783 26504 37599 28846 37902 21331 18761 3998 16171 38346 24279 5271 11532 38786 28062 20653 4464 8373 5969 13218 22045 487 36828 36376 21697 33017 7401 18013 34308 21536 33478 33430 10138 8569 613 24906 3763 29292 34337 4188 38086 11069 14261 2754 9944 29841 33171 34758 14940 36309 24064 24852 16371 31575 18830 22573 19737 5110 11229 2763 27549 16228 16964 32839 2389 7339 18424 11178 13028 35032 31126 33989 30077 29521 39348 17678 24518 28706 726 7341 38232 13455 30618 23202 20989 11258 30704 7865 10838 20939 11868 33511 37663 3172 10813 175 34403 26754 7782 14194 5790 4066 8310 3826 24516 19226 5182 38162 7154 15332 19678 30625 4368 23188 5810 38363 12678 8841 17637 14590 37236 27733 27800 11998 15285 18847 16464 29943 24111 34708 25671 2727 1328 22216 16191 34006 6245 32530 15254 32465 38077 29374 7632 38989 12674 7032 15600 22771 14219 21234 8692 32653 25170 13628 4536 36120 20615 14246 17875 33824 19837 14642
16070 36273 21303 27416 18990 552 38600 18513 10889 35583 23966 8188 15832 26517 9845 33606 38355 27600 36714 4138 1396 24382 29044 29281 31102 9145 18081 4968 20117 21218 17543 33907 697 13385 22990 24062 18355 31649 16954 4001 32265 34331 37312 8187 16459 20979 19907 25464 24283 12776 39001 6669 6337 27598 17859 1403 31524 18068 36774 35292 20975 39784 37773 5694 18230 19313 6474 39323 17255 30783 30433 21329 36950 21532 24795 30109 34734 38512 28098 23134 5737 9781 16936 20631 29273 25525 2276 10361 30635 33494 32992 20906 32173 39325 19766 17586 24656 37612 20333 34468 25259 37455 31741 15785 11971 562 37094 22711 28231 11591 37743 10723 13187 4112 29375 27799 26422 28195 38069 27672 15811 2053 28490 8481 25453 36453 25513 30548 12957 16557 37251 38435 30571 12527 16255 23804 37703 26955 26202 9233 28462 26024 6010 39509 5955 23990 2897 29324 14 29405 9238 37170 20954 10416 3264 27855 19582 28296 30833 7370 22218 27905 26822 34201 12587 15153 18571 1025 23271 31303 27390 6120 4263 4673 11824 13200 17015 21920 21159 37230 5265 18923 16260 15548 38851 16905 29599 4210 30931 25108 8298 6679 38540 300 18468 24692 34920 33860 39053 33146
37051 14470 39080 31002 29937 100 13745 14144 26584 38325 30429 13279 12984 2104 20286 32385 23239 1768 16382 5471 34211 5925 21473 4053 33459 11440 8160 15033 33455 19891 11249 34549 34059 24521 23968 11960 27215 21250 19828 37146 36911 27338 23036 21564 4057 12913 14612 2654 29699 30464 4745 17112 11847 32516 31787 11274 26340 23131 31491 1966 21761 34155 36289 31812 25385 28518 10125 15733 5852 30624 16259 2690 7553 1019 22692 11530 7029 38119 31409 17227 6121 17711 5267 8528 10119 15040 2057 37459 39059 20055 15393 28505 19546 12322 1799 28671 16334 11426 35749 39262 19175 32103 17189 37970 17090 18644 19801 1252 15763 29414 38814 36274 34419 15904 995 15450 16125 33741 20384 25637 19033 38204 2878 9370 11154 9259 11446 10384 20498 30602 1075 17061 10279 36039 13794 35815 19579 24080 5539 32366 23001 30825 14179 26872 24181 8617 1746 30395 29869 10196 37958 9857 3116 17316 37545 17345 35384 3471 23945 16068 23636 25388 25310 29889 16834 1223 28827 15060 32701 20889 29429 20494 34095 31192 618 34412 22759 39831 23159 20933 28785 7937 22292 38083 11070 31090 3725 35549 16475 2828 7089 4530 13448 22742 28115 27164 22891 38606 21405 3468
37839 16429 29542 39335 19031 30747 27627 32332 1097 11384 21082 8012 15237 25401 3394 19296 23490 34789 9003 29262 21445 22980 27223 30445 6839 39554 17117 9978 20753 21127 4679 38163 30018 25398 34665 34255 28437 21598 23486 24129 19995 39455 344 6950 3434 18442 1658 21948 14932 18008 6359 10771 31520 31050 27199 33565 7461 15616 35949 1979 5342 10244 28530 4955 30404 19385 8560 18003 27859 28202 37796 39563 35106 14925 9625 31008 29057 1655 11949 27984 13411 27305 8888 5851 23104 29584 37198 8648 25304 33100 29909 36710 7456 17129 1911 28326 2914 30637 32033 3815 28094 5224 11630 30561 39868 33546 2825 2907 36634 1023 22233 35187 30869 12743 38297 10837 22961 14489 27025 14614 4221 18871 35761 27867 2767 35927 38514 12372 23896 29395 38070 28130 1094 2076 10613 20435 39287 27325 17254 38969 17330 10862 13434 18180 22534 18349 18833 10745 14231 18878 33579 23503 11476 21865 25340 28793 21064 3781 5844 33868 30738 37462 9382 26089 9553 33408 11886 5993 5195 15529 36926 33220 25189 30436 18027 21063 30220 31379 17881 30055 3755 24991 3102 38417 38413 14718 26052 39090 23514 8051 35556 14103 11993 3236 1084 10303 26316 35302 17886 25692
15739 2412 29832 11888 25425 21910 6079 33003 32277 3941 809 18666 4109 18695 37662 23580 17411 14862 15159 10173 7217 11270 2485 9900 10515 7591 9832 7377 31803 26701 25305 13032 11246 35360 10287 15024 5734 13064 13152 12557 10098 16303 29153 17190 30011 2489 10412 21819 16008 28292 19236 36975 32051 21003 32858 15147 16033 20654 9088 8635 19480 20310 15115 36200 5870 1373 16680 15834 36786 18782 6718 10959 30705 31341 6 8494 785 29422 5606 7772 10805 30144 2642 27383 17022 3593 17449 33447 27317 30922 26391 36427 31935 20733 6210 34731 39195 18212 1780 5245 33694 18411 16243 21439 1446 39537 11668 27702 31613 5202 20361 14783 37311 3322 14465 34128 2894 31836 15623 14283 37930 2818 29177 1565 31865 27256 24853 13996 24929 35450 31969 30244 13346 22470 18138 25431 21392 2422 10607 16811 15718 10577 36447 17323 36607 39802 8413 20111 31873 21972 32376 34112 32795 19759 37225 34753 34169 38004 10491 23794 16769 30716 15441 4518 25510 17327 1101 35459 21185 3209 6320 17263 37205 23885 16152 19081 23673 34224 8144 23033 14505 36279 34409 1416 2356 34525 14111 9879 27884 18083 7202 25517 36877 10520 8137 33520 38197 39712 22048 13857
24961 1147 34835 12404 1545 8168 5507 29092 35294 2701 12808 28969 36708 1176 33073 720 25684 34284 6613 36794 20538 23140 24336 15622 24984 6537 23936 9771 248 37007 1664 23593 19459 8172 8832 11434 2565 17677 28717 20772 28645 38296 20875 19276 21741 25593 16554 9431 12676 3049 31035 4272 8365 4515 5609 32598 30296 10053 10909 12003 35247 28560 12747 9253 23342 23556 12647 14880 39775 23135 34980 35678 17523 15158 23564 17577 2309 28640 14950 17406 2504 4032 25289 17919 24694 34367 8111 23324 33946 37365 26203 34236 117 1996 33160 14180 24166 23480 38709 35199 21856 34071 21097 8526 11283 12095 4197 1092 38078 32499 1338 18367 1339 5318 22019 10319 25344 1242 35728 5368 24562 2198 2652 34767 33679 2495 32800 24652 18898 19121 10391 23302 1561 26360 23192 19488 36504 22820 33058 13142 15334 14330 20344 21055 13639 12993 10700 5216 20911 35522 21487 16315 4034 34493 4469 26208 24303 14254 26977 16924 18237 7611 2669 16888 2062 1797 14346 16878 3025 25959 23899 12577 11425 22379 2148 34573 4691 1818 31648 37679 13230 26810 21117 13162 9934 4496 30330 3290 17183 14241 113 27679 21834 32919 6773 11415 771 6833 21247 22944
39065 19077 20122 34733 7037 33543 39860 27192 20303 12621 21933 5537 38986 25558 1378 7794 35976 1001 10105 30316 16745 803 16573 24640 32281 9483 8507 1927 17101 19151 31770 2948 17028 11571 3864 31599 32275 24939 14733 22447 8159 5346 21589 3622 38038 22105 7288 8209 18790 38656 10719 6308 17154 7715 35628 36344 357 13711 27156 22203 24437 6317 18800 2537 3113 13451 36304 33290 20186 4534 11466 24695 22774 30210 4718 31840 2531 15572 19778 36540 39132 7058 2628 32411 30912 18038 24137 24568 29980 5703 26236 16539 3550 37282 35615 29905 30760 2385 14398 9716 14192 36038 8902 5805 18044 2987 29964 13961 34647 35557 28414 34133 15720 2070 32276 26787 37168 35085 28553 29102 25367 1308 19105 17205 6907 5285 8599 28033 22198 29121 31655 26581 33268 6626 20684 161 33328 2199 24730 36339 32298 4478 35505 36563 23979 25897 14321 29289 2722 602 4213 19195 26428 28508 11572 28950 22468 26442 8231 37027 33928 14562 32339 2541 12300 36875 17562 34771 36664 38647 8919 12762 13180 24045 3304 4434 37880 19777 27832 16365 22787 30150 37082 13858 4707 39052 36691 37528 29794 32024 22460 20099 33932 15891 23984 18770 327 37112 7280 1314
34512 33859 13691 32843 11305 19512 32634 32357 35933 20630 8328 29024 15121 27645 23343 14211 15304 39995 24815 19396 36253 5968 15359 7362 9727 17837 16276 36169 22737 37912 6733 4014 33335 10239 16209 13341 29641 12177 25396 26243 20195 14391 23545 9507 11600 13308 3925 15677 2782 32039 24262 21 35499 14324 4981 17247 20638 17084 4189 15365 13262 6441 36044 13410 38145 33852 19072 27897 38752 19157 29479 39175 21133 23578 17702 1619 31055 10525 5577 34107 8346 10792 21829 6577 2975 34580 16804 32777 2837 31697 5935 17540 13594 19417 36305 36609 31751 16242 21663 3547 953 28239 5334 14125 3660 27382 17421 28618 723 20300 34904 16695 13054 32578 8186 22110 32172 7920 26544 4022 30509 24641 4780 1597 2629 7057 37860 37961 20604 28227 20995 24075 39246 9043 37406 28267 31391 11811 28412 30300 1727 32848 6354 29838 7918 5947 4733 32536 23259 26728 30061 21122 11517 22958 20088 7586 1805 29826 32842 15737 4462 11022 6989 28154 7437 5150 18684 12632 28097 17150 15131 7634 29152 16649 16747 6482 31640 39586 4675 3097 21942 3855 19897 15849 13590 4418 692 31628 36154 19983 4439 14512 29308 34921 39723 33334 24571 9712 6821 10064
8462 27507 12067 14655 12465 13306 21796 9924 13145 31484 33789 20812 19386 32197 39740 29206 14736 17608 23084 30115 17169 23289 11082 31731 39867 23072 37646 26151 21104 23345 2349 22162 14073 8470 28847 5905 23996 3619 22212 12044 21836 10588 361 32475 3432 8366 21455 140 13900 20918 7024 8971 20052 19259 34363 5038 31115 38185 18115 19430 1726 29469 37095 4261 32612 3828 7732 7075 14964 8877 5457 10137 15069 28792 30185 19867 30176 14904 17368 14677 19911 20390 36197 4900 667 37873 12312 14306 13541 18344 21661 6008 10547 21423 4307 28074 9839 6374 14498 34422 37693 17832 10827 12753 36435 36689 637 655 27824 6174 22627 7080 14887 33426 36674 14638 8442 25078 25913 5664 1765 33730 37772 19076 16648 9628 12153 4646 13088 35895 27177 14635 1758 31347 20312 15764 3321 33744 25355 10744 17981 2325 20451 25691 23760 12546 15844 30687 18426 24225 39337 2608 28077 11828 18713 18748 17047 3617 31636 5127 12700 34658 12971 17446 31245 25221 37479 12045 286 33375 16122 30866 30309 26219 15138 30564 33507 28511 31211 35808 11549 4726 20034 13576 20730 26926 11120 26423 4582 8489 10743 29763 14381 32228 18315 25434 22619 21996 3786 25247
12901 36912 38331 30132 863 2960 38798 36170 8724 21428 21860 20105 22205 35115 17672 2314 22076 2766 28330 33066 12524 459 25746 26834 16892 10035 25252 15851 38242 30620 7384 6988 14476 23320 26566 19863 29802 15906 24071 18009 38356 6683 25787 11496 33569 22953 17331 26720 506 35316 7526 1504 30908 24797 32565 39445 20343 33095 24230 26334 17043 201 20036 26415 31830 24720 22795 11124 4570 17088 1806 7492 20835 19021 18519 27058 10983 29944 612 4011 6462 12783 4755 23596 25609 34760 31302 35030 28814 28729 38110 39153 2476 38999 38886 124 34287 37776 5705 26629 30241 12344 20600 34460 38893 4006 9692 8460 32689 3294 19555 16224 35016 18704 18562 12080 20250 27951 2747 39823 20546 6329 14711 32991 26743 31919 33023 30206 11700 14720 10775 31860 22621 19770 22119 31014 13304 6889 31688 34357 3515 25297 3590 24383 26917 33557 8544 6402 2016 30795 12740 4160 10741 4561 38034 11492 21977 38226 33175 38781 5832 24586 1895 8124 2992 39144 15558 14630 2875 25640 37123 3078 18633 2119 16345 14749 17674 10376 11735 13509 9512 14519 362 26656 25196 7236 3559 20072 13663 29285 34314 4147 4859 38409 12718 33092 36244 35617 32266 33203
32662 27556 34762 35518 8382 7188 477 15870 1472 29428 24116 37563 19401 6859 21200 26505 33861 30773 27542 33388 16065 39907 4710 28564 30676 22972 7814 34792 19375 19592 23178 9248 482 21985 23356 4786 9711 4649 11621 9310 8199 6316 15324 21090 3829 29390 37411 21230 24110 34692 19917 30601 3789 12368 31151 6944 5226 32667 28278 32700 37623 26484 30170 24428 165 17136 20067 30701 4273 21647 12506 15 30728 10848 32750 16590 23870 14560 12066 34949 888 19020 8113 38465 36353 6590 241 3369 36466 8557 2252 23655 17646 15027 12864 8910 25330 15136 29 19736 3187 31514 36458 36771 5997 11538 4268 25826 4178 8701 28932 7405 16917 37129 14879 33889 31828 10728 15146 37244 6871 13255 15164 20204 34585 2176 7658 12727 13520 28955 11299 4784 38919 31585 13347 8731 16550 22592 109 34769 1960 16003 37827 31960 36036 33318 34709 22728 26051 16434 17600 32238 23729 37714 19560 12997 3004 34256 19285 9457 22699 23669 29799 39780 39334 31410 17210 14443 32117 906 32934 33547 34894 23078 16671 5716 22077 12964 11407 36764 4145 26992 828 23619 13693 28897 19519 3001 33094 32948 28995 19899 19499 797 10101 15181 39309 13041 26965 21994
13789 4116 34551 38547 4650 35810 30877 16370 14441 16923 25901 23725 1354 2055 11871 5209 7308 31105 19862 25354 17246 18715 27960 2941 22343 29563 6413 6262 13627 33194 38661 27714 68 24704 10278 1144 26630 36720 18160 17666 16651 8942 5862 29148 24719 25228 24208 22850 31064 23648 31938 22809 25845 34625 22976 2025 31337 31423 29297 38366 5584 28909 8835 29167 17894 6340 6678 14729 29436 27555 10450 1722 24896 598 36083 1203 27100 1112 34189 28532 4548 32540 5909 28965 7855 11211 14740 16571 34831 4455 22582 31311 17508 34196 38298 9063 15021 17463 29003 18988 8936 9242 15751 27722 38051 36369 26903 12054 12023 23252 504 23025 17579 5057 19416 11657 13523 38277 27683 4358 37586 8021 23811 3146 13649 27066 36880 147 21059 35907 39114 3951 33756 19727 20669 20097 31530 3665 19540 32493 28576 18439 8104 10670 38357 14732 21794 7543 24732 16053 38777 973 9283 707 20226 21813 15714 38100 12382 19256 10323 34209 13155 30530 7227 14082 10190 7498 650 21413 31201 24009 5980 24145 38604 17262 3131 27742 25934 2149 38669 23339 39869 13326 13355 6335 7999 21921 4240 14478 31457 5424 7007 27216 11721 11199 12882 22588 19779 28714
33010 6707 12326 35667 34096 7160 1826 35528 7205 2709 8152 31589 11574 29724 9304 30885 27391 13403 18490 12521 21228 35531 34913 16366 5217 4426 33386 26469 36371 10843 15152 9118 11216 30978 18527 28488 36098 704 33535 26971 14355 6037 39286 6903 38117 33027 11599 12656 28979 15835 22031 24468 5677 8925 11364 31134 27962 31394 34171 4432 19056 19246 24670 25285 22861 29624 31390 27674 10879 35280 32270 39631 3478 27805 7924 24963 22849 20040 2068 4891 13672 12261 25301 28224 35182 14735 32291 30029 10041 16287 25954 25514 9741 38835 26322 30498 16606 17019 35559 61 19516 18777 29518 9210 39475 36069 3984 22596 19445 5959 39660 1438 969 32009 7378 7912 24033 20946 13068 24136 36918 19535 32828 36817 20571 2130 10574 19211 18726 9814 20360 32135 33937 3586 11674 33120 39861 14349 30004 11335 18683 18134 22200 36407 5854 34806 13038 1841 14690 6973 3539 157 32004 19704 6068 11260 21624 20084 25050 10928 9703 34554 31732 8508 17168 29630 34516 17087 31801 24552 36722 17741 23347 34667 20949 9835 29886 21461 36473 16836 13559 15445 28716 28363 17507 280 30645 35581 32771 27494 17384 32477 22689 35407 33391 2432 57 33389 26956 12624
12036 30123 8397 2817 35618 38212 35455 27321 12423 21788 7788 27357 635 21795 26782 24968 2415 2295 32835 22542 18147 25495 18712 23982 29803 15279 14931 14508 2085 30710 36610 38963 10069 13498 5174 22931 20656 30050 28978 173 19905 1076 18217 7331 6962 13423 7448 33221 22490 33078 31665 2393 38754 25162 192 1014 25920 14540 1262 25256 22217 20316 24956 13976 1893 39214 9950 677 24249 1430 18221 17069 25295 1985 6954 3759 15053 12371 19748 39330 461 24477 7167 32573 30969 27804 10318 35589 35419 19647 23425 10223 23370 1716 28523 28691 27142 37121 19980 32958 27615 19421 22614 21843 7672 29188 16710 20744 34154 32205 39355 21578 17062 16632 10230 9025 36724 7196 3409 8349 4226 32015 14297 28502 29389 25038 23661 20039 9017 2384 405 24697 34861 33184 36943 2018 4074 34845 22171 33836 11857 17788 25829 21872 7299 32807 35062 12397 10331 36350 5541 5095 6162 4181 37045 962 15999 3962 4230 11526 7511 28307 12187 17270 5978 16012 13285 23820 28507 18799 29169 2045 30414 31856 16631 30311 26267 11862 31971 20100 2638 15362 34703 28604 13928 6942 5759 29449 6315 24542 37058 13194 30136 13340 35734 35979 27819 29957 31443 7665
26774 15973 4869 6372 21119 3577 39692 9415 1815 27935 13800 38997 34988 22827 30468 37261 12942 21191 4502 20289 9757 8881 2386 20355 22298 22635 19954 26938 26991 12958 4633 24620 293 14772 37323 21180 30117 18856 36398 634 35847 14412 26377 20003 15857 30078 9641 29130 24918 27302 2448 25067 39108 31023 18781 37359 5061 29987 22805 22136 32195 27780 31205 39223 867 5943 28470 2900 36884 34145 2770 37893 17499 37372 33367 19237 38596 19115 10759 26418 26824 32580 39293 38856 14114 2015 7337 21414 198 20819 14304 12373 24857 16234 35053 8879 1942 18250 13490 30703 35501 4938 4789 3020 20231 515 10368 15410 26749 24655 29876 10110 9277 13521 13955 36123 26353 10346 2800 333 1827 32028 2298 11212 25158 35980 35461 37431 8590 11427 2378 18104 20735 24418 5743 17351 28401 28038 33497 245 25611 26537 35893 21754 20481 16638 11698 36374 12109 27868 9870 4752 38230 33685 28346 30100 37739 35658 32776 5052 8588 32134 39210 1638 7916 20327 18491 15186 26313 19534 17118 18057 25260 24606 30960 29178 25294 14982 1033 3902 15160 13932 32602 13440 14810 21898 22477 1764 10951 25851 17535 150 28327 12005 11823 7349 30465 34300 6615 3347
5690 1058 3769 28901 7015 9405 19695 36866 12190 29143 16229 17035 2980 39095 24760 35946 8388 26465 2179 485 31322 25953 22444 24645 1501 26481 11148 39251 11608 22667 3107 5952 27139 28024 16612 7833 38524 25120 19933 28309 35599 22090 11134 19221 21271 4098 9028 1388 24348 13518 6571 20029 28234 24925 19587 26819 18625 21544 39182 33433 29139 30267 33474 37849 8367 893 10668 6771 20015 15178 28240 30911 29616 10898 33126 5240 7678 6035 31986 35524 9591 21305 34263 34968 25994 24784 27101 39450 30095 4653 35943 1888 11118 4400 34193 11733 25919 34808 30094 17104 21416 2371 23974 19418 38831 8008 32726 35078 6508 19129 20762 11859 14600 446 17657 1361 3057 31417 16702 18380 8174 16546 35015 14061 16175 26250 4430 26839 11578 7249 24108 9182 33992 11931 31568 3158 21404 9531 5444 27125 27732 18539 4048 25537 29173 4445 14547 20124 26671 19134 6027 7470 18972 29083 10802 1230 10835 9289 13016 34272 21263 22030 31976 6294 8300 9438 27982 27282 19457 11914 1582 5684 8749 16844 2656 4250 39793 28105 21662 39275 24007 30916 17034 7430 8204 14290 39579 36134 31233 10419 1156 32030 26365 30546 37593 13375 39260 10301 33945 36705
33254 33563 11725 28515 37661 2307 7035 12691 29183 2478 17695 31053 10705 5435 5621 34012 20997 16467 18865 35451 34505 10657 3213 22732 34369 24259 33111 1383 18020 19089 11276 12866 14585 29669 26654 5689 31048 22875 32032 23116 28479 35545 27130 38806 19446 25161 30584 8448 26260 8657 39581 13633 2566 5863 27687 2681 1687 9288 22609 37909 31175 14572 5004 21934 16561 27388 4925 33922 27794 12113 18251 35781 5453 9015 14422 2523 13879 24767 15824 21401 27505 22978 9744 29165 4031 7193 4125 27651 230 9053 28895 4106 24755 4336 7218 645 1278 16925 26354 1959 25607 3182 38809 1227 25586 22945 19784 26003 38158 14143 24544 10320 12359 10087 11794 33648 37756 38993 26709 15803 35472 5351 22013 10841 5478 37831 28003 29020 1701 9620 4056 32937 39817 39391 12713 10166 6270 11666 22838 36830 16951 11513 3787 35807 16509 8946 34415 38702 4051 16939 20220 11140 6458 9141 19106 13198 36685 19923 386 7199 12184 11561 26716 28801 29276 14309 19927 627 21427 24818 5180 19627 22949 24785 15036 27209 36655 6465 18591 15264 22225 17825 21746 23141 34248 13416 30042 18073 13084 15727 36230 15639 28047 27926 19731 35123 33495 21369 16984 13587
4874 23652 18142 11404 10923 38973 4866 2756 24148 7493 36745 7446 1055 27919 36503 1432 1459 28192 6160 33037 18099 4628 17870 21016 12145 33780 13313 37590 26489 18966 37903 26898 35737 22403 32285 15386 27560 21412 2469 10480 8455 2751 2819 22465 6894 8381 28137 18026 37152 1539 24265 39999 35758 35057 20270 38394 16809 26235 33707 10403 7246 17951 32756 22270 13925 38323 37047 25916 38560 27547 5431 35084 10109 10887 19749 13275 17844 26543 4411 37243 29567 11873 38454 15577 13718 25188 21799 27707 3011 11932 18545 16188 39790 32933 39659 8226 36089 34446 14637 35937 2401 6542 12542 9965 28982 1322 10367 21979 10888 3938 33837 31516 39808 6258 18293 9298 29133 30988 11169 34723 15303 5206 38651 31146 8941 14354 7549 20802 36236 9912 31401 4428 18960 27475 34897 9815 3531 23359 7643 21417 20071 33262 2014 16061 32694 16880 34009 37900 21324 22791 34865 3074 20370 6787 17468 23005 17890 28396 855 33541 23506 27579 15823 23918 22092 26148 25903 346 17950 12790 6111 8474 37275 34098 30542 33028 2667 29345 38617 33902 22150 2864 4205 3014 9470 20375 26998 3597 25657 12324 39393 17410 27320 30748 6664 33301 38846 38882 39645 28631
20718 37778 5748 4425 4904 5336 9805 14757 34167 35716 31072 37120 32542 13662 10799 9765 24426 35964 8720 2101 31495 37892 38425 17089 35790 12008 15640 17107 4184 20315 22069 8095 13011 39425 29337 30260 4539 36652 16491 4325 29028 38318 28293 8439 15793 14587 22074 11639 7765 35043 16943 8030 1261 16493 18268 25264 10312 9940 32856 36389 27214 28685 11113 14763 20125 38876 39461 18034 34465 21597 33042 39925 1309 18215 15578 20938 16813 23439 38010 5266 15553 22991 22453 22556 12151 32850 29946 32970 8312 35592 28544 33631 28713 25292 817 34129 13804 6566 22318 23147 30942 14473 14789 32296 14336 19464 38515 28183 10310 10271 31040 18002 12483 1931 5879 7962 4916 7093 14488 15309 35228 31465 33887 37719 4259 13614 20056 13053 16160 1598 38740 14154 33427 26414 25515 35035 26156 29733 28784 10066 2359 39504 27922 30457 27699 12837 7162 16781 24932 8517 33612 3691 4110 25454 7438 38615 31823 21244 14836 12701 37924 35204 28102 4187 12593 8433 31586 10748 24513 31388 32743 31739 21154 22546 25249 21756 30212 4509 19219 10341 6868 9685 29929 12179 18999 29342 25835 6205 16900 13944 4179 10290 2779 21626 6563 16965 3101 32223 24734 30661
37694 31574 14395 1575 28856 5003 37252 29501 16672 20681 3161 16667 33840 9884 14713 21073 36593 11326 1571 24332 34971 9126 394 36162 19070 10589 30193 14472 15094 10956 37254 325 10464 26257 3194 15384 38864 28692 28085 8105 12592 29106 35258 7575 12992 25560 27968 673 2752 10997 21165 23532 11569 11614 13137 11864 19037 34243 27013 10067 25968 38194 8587 2350 25928 38842 29945 38830 5918 20010 32618 21993 2572 18127 36043 16935 326 5420 27158 10022 2945 18533 8825 22998 29495 2683 29778 35789 4314 17439 34596 8452 2949 4180 9337 4459 39400 15044 1854 1812 39353 15196 27739 3657 21098 25565 5250 1502 9850 24944 36475 38503 35850 24636 33607 11293 39117 33213 5603 11449 24901 32389 25110 14389 38936 31659 13476 3989 21497 22960 15819 28273 20596 2852 33783 33195 38946 20881 8742 24869 30245 12137 30973 22128 35087 8960 36904 18583 8070 36341 32603 38722 26071 36441 9868 24831 20764 37354 28695 24300 29576 12462 9624 12461 9734 11321 949 7852 30263 14972 23355 12492 28634 13883 33470 11742 33432 32247 33272 33550 31242 3790 21660 4571 25965 2616 21454 10812 15045 29677 32113 16858 33108 16790 19475 2938 27815 32149 14028 5301
23264 33222 25942 23692 38068 18329 3215 29195 34228 4431 23658 34439 13039 14222 3479 1670 36509 7806 13363 15064 4454 2343 593 36839 933 2890 30081 12021 30659 23219 4503 20341 11378 36878 32111 37253 30970 27959 7414 26892 10895 23079 2666 6637 38815 33353 17595 2366 4591 20683 3426 21248 21255 26429 11502 16978 10593 2789 3770 18686 10050 9360 8368 1675 27632 11891 32928 22522 2245 28036 6604 9609 20408 26400 32372 15452 17629 8496 33197 22464 1583 11053 29976 31518 3911 32705 596 37021 8616 21408 34680 971 23266 26264 27634 22271 19147 37812 27610 7558 37565 5668 32877 26750 27866 13486 35239 23319 28310 34476 21260 9410 29684 14454 24448 28636 12105 12939 30917 20563 24422 11627 33777 16856 18624 8324 13770 16825 39161 32852 6424 30752 7648 24762 15206 17985 33454 12887 5008 39691 19605 17275 7868 5446 18148 23684 23214 4067 11279 14707 5693 23812 4137 15029 21678 6503 14228 23145 4117 1538 36783 1842 36332 35612 31475 6691 11312 22995 30694 29291 35275 4696 38115 39576 2 20179 7226 39694 19251 15177 36205 37567 5883 25547 32885 30654 36429 37078 3708 19111 22779 13842 18930 30181 10134 28913 35975 18122 24776 1037
19665 29789 33363 11984 27396 25481 14221 19428 24119 2567 31701 31917 6306 28341 34871 30365 11961 35488 37207 29890 37884 28974 15684 10811 33596 38517 33760 35418 1616 24614 31174 21375 8206 6752 28985 6630 38132 25937 2105 6044 37320 19792 34939 17589 28058 9258 28443 38712 15291 27577 26612 4997 36628 39665 31997 9682 31364 11989 4121 23414 10712 29000 16600 20203 5996 2494 21699 24447 1321 36677 32974 26440 20407 27439 38026 14484 21657 38121 12192 24822 28963 28369 38507 19334 9977 15713 28739 36257 16718 34600 3610 38380 26929 27329 25009 17557 20397 2493 30547 11645 4656 36294 9521 37139 30623 9785 33674 36932 1644 22117 24052 27888 13073 9135 9583 21100 29971 21312 14745 35963 27564 32978 7120 39196 29326 34780 20891 11173 14721 24786 35892 34747 37784 13892 2940 26762 16986 16075 14896 25583 6499 8419 17757 21850 35427 24464 18332 29535 33786 8083 33929 38294 20433 20042 24158 17208 31939 34837 10840 31521 15883 21535 31926 18486 27605 20593 6326 28892 3935 6778 10463 12291 24488 29721 9812 19734 34249 30974 28718 24974 21341 10537 19789 20590 9336 7707 35077 14001 21839 32146 21201 5702 10684 28175 10753 30003 15154 37211 1348 38404
8662 3704 19040 13910 28700 10735 15435 32931 11060 11582 4809 16385 16524 17736 1405 20033 5623 13524 33468 3050 38599 5372 12123 9803 8601 27332 2533 15948 20694 33926 25679 26990 27365 34805 6548 20616 23466 95 35040 28647 18254 30090 1172 26759 10111 3325 11416 31085 26530 565 9340 28125 37456 18387 10781 38107 14033 10326 22143 38727 17853 18358 7204 31167 6675 2409 21778 16933 26575 31877 18899 1744 35819 32627 29621 16633 4355 24528 32730 7850 29506 4270 33705 2594 37020 433 24250 17898 5829 1724 35441 3211 8906 25652 13337 4864 8202 12249 37212 38337 22786 7183 28864 5413 20046 15580 39946 7884 32676 18059 2220 18175 27552 6641 4410 35788 32229 12594 14555 25734 34578 18465 32625 39897 1296 26587 21128 17909 37782 36058 8369 2288 24309 19780 1736 8519 14035 26993 25199 3061 35684 37899 31963 10992 28537 28191 20985 31038 8530 3776 32341 176 13710 5412 20391 31235 22336 37393 35317 28806 5941 9882 35352 20458 32891 2304 3230 23035 8247 18744 14251 18604 31087 3090 20222 37494 23844 18891 33987 39340 32820 12140 2601 33144 22652 27986 13301 3399 38813 14016 14765 34087 8900 34563 39888 28354 1689 18814 25321 20282
22994 24985 29042 26979 5070 7886 18525 37169 34983 24994 29933 31430 20445 8114 34011 21236 27488 23042 110 10845 26205 24812 7682 26409 32682 22731 30460 11200 26160 3150 37440 60 27803 36885 36951 17236 28491 36137 28931 27237 29321 31638 3331 4662 12442 1661 4139 15786 29818 7157 22446 34911 10650 21827 16833 37306 32595 1179 16026 16911 6616 1310 14396 26855 38688 13876 36370 18607 29831 37475 9122 19208 16821 8119 20717 27331 38428 4638 17454 24445 38057 37530 31436 15523 3533 2121 10366 14264 34794 4244 14617 20973 15729 6014 29272 28012 23248 14636 14826 39981 129 10315 25713 13656 32152 17831 3796 3282 10469 34651 31433 15841 16104 8868 5340 28598 24376 35011 179 29199 7743 18866 26683 19640 25849 17321 35359 844 35704 32286 37486 15289 6089 10557 11598 33212 3844 6562 15373 16782 11266 21292 7350 27375 26292 8036 26608 12414 9307 25141 5591 28513 37874 36301 13405 9130 589 15643 6584 31702 38561 11400 15231 29959 34190 38402 20060 18926 37867 12313 16751 10922 26387 2724 1956 38008 20197 38009 23898 22496 17675 39617 35146 21522 29800 36394 19028 13641 37367 1324 2544 35157 20211 3606 16103 16922 30039 25890 30934 23606
35833 24699 39704 6883 32607 11863 8521 1212 21434 14340 15167 37096 19198 26335 9273 17531 10388 22535 510 33079 25239 5037 26936 15075 36823 11268 25585 29866 4367 39191 31611 13 22601 29440 37566 19344 546 26789 610 17967 13511 3506 6000 35616 27535 25702 1139 11818 14565 24909 20462 1948 16039 703 34368 30816 14193 15023 6310 12975 33652 37270 31018 16014 15584 23050 7004 18478 3333 2990 1933 24871 24457 26007 654 14592 2874 24934 14976 13261 33544 35984 35568 7976 9334 8709 11349 8702 22678 27188 20903 26636 37871 11406 29983 38011 28832 3913 39386 18199 36743 9142 39359 23691 29211 4029 22425 7422 10724 7669 27062 37257 3702 26763 7137 17257 16210 34638 20779 1534 24635 16007 33519 20419 29361 2682 8055 9249 4159 22493 30757 15349 20512 26281 18581 18370 5801 26104 424 38624 2498 39060 11121 14960 31884 29484 17141 35439 20406 6282 7606 27944 21147 32862 111 23943 31603 26652 27597 35069 13083 32686 1303 24398 4343 3740 17103 35298 29430 10185 25274 29049 9320 26113 23934 22649 3423 16972 33913 25350 6417 37119 20427 39413 30458 33537 12173 32446 33825 32722 24409 25780 26780 35974 11747 27369 3114 24436 18964 31870
13237 15504 23364 33566 33307 14368 27170 12543 27399 16684 9278 17777 20873 5403 14673 8865 9296 30213 5172 30442 15854 8340 31853 21325 38061 278 13324 25566 34619 33005 29532 33895 6046 9909 5600 28242 14449 8384 5462 35191 4973 36760 7570 18193 15434 30544 33223 29636 23955 17802 34360 37337 37364 7803 2128 29569 6367 13426 7427 38977 8758 23511 20239 37789 25758 34282 7494 9894 32822 1871 35948 12000 22674 39709 33966 31236 10826 11565 32643 21906 7106 17392 718 29189 5514 6122 11054 16663 13364 28967 23306 36849 16302 31991 4046 10688 31139 939 18480 34178 36125 12612 39217 7156 20902 8669 6403 512 29393 24167 16802 868 4476 13062 3668 26563 5262 26331 14674 35891 22333 27536 22102 13107 4413 8683 5597 4447 777 36775 26726 24845 7964 30588 39833 16327 38441 98 18950 20959 35676 20320 22166 9013 27370 18417 17976 33068 21881 27268 705 32975 24264 20357 711 18855 18804 2816 758 4814 36207 24325 34916 3190 25881 32409 15226 14394 10056 8556 32859 15741 5130 39564 20773 34083 35346 16748 35493 24092 39556 11049 1721 8932 2896 16838 14436 19146 23292 31733 28798 23809 24386 38343 36606 25529 30787 13154 19324 15491
4867 25615 7383 21568 32715 28822 22100 19698 20636 31395 18276 21700 26596 9688 9523 15736 10221 18457 38928 26739 20339 38379 2002 38155 26973 16316 4562 26176 35977 31439 12115 17512 37472 11016 9281 26777 11840 7413 9092 20868 19771 19518 33581 24274 37947 29774 4986 33602 39057 1090 21852 27970 3956 11414 10972 21959 27422 8357 35065 32380 30848 7759 29013 2677 8729 14761 19312 39496 8040 1319 10150 22581 13848 2020 25736 19413 38607 27528 16477 15195 18880 33717 14038 34910 13530 6351 8790 34530 26398 9472 14604 8686 36384 33348 34999 33007 25762 32659 21800 31110 21734 38510 19347 24079 19327 2529 301 27525 32105 751 26297 3969 32904 32779 35666 18272 7615 23127 21436 22261 26867 27509 3446 23650 19373 11072 30379 19212 1109 4500 35308 35631 5717 8319 20534 34014 4072 14378 12515 2524 12427 8123 28264 18292 34025 32351 24709 30981 32384 22736 8762 30372 5260 14797 20441 21784 8431 25748 17068 16398 34010 13149 2084 23161 37857 27831 24432 5459 33965 37760 28419 17116 36034 12136 476 14399 38981 3809 5408 3842 7631 15035 12452 17679 19617 2102 31389 17715 4781 36153 25563 19543 14861 9014 14909 7596 34958 33088 34844 15078
21326 33712 29570 10855 9837 19614 13565 18129 15813 279 37935 21765 32697 35762 22410 23382 5764 19553 22545 19909 11203 6857 14645 27587 39988 39954 37797 10197 9150 11413 25489 13433 32417 11696 19478 775 14922 27653 16928 35621 16578 2859 30341 39149 39434 33823 21952 24286 28322 7864 5212 6148 36531 20263 373 9169 23018 6288 8931 5210 36647 30026 3887 27039 36673 25378 1116 37557 21560 3572 23905 34628 33599 24204 10877 6298 22259 39849 32767 19702 10729 6688 27701 5819 2311 15659 19757 30729 23293 28732 36785 17692 37834 19979 31606 10902 8606 17712 7908 30945 33004 26307 14278 27755 12658 1428 14928 15338 34309 35241 37490 38926 30839 23642 16513 29982 26686 36105 16780 25474 21207 7034 22512 8870 36903 4640 10300 26649 20132 2134 31822 30504 6946 16980 28876 12873 3221 33114 28944 683 36522 5436 10399 33564 21315 10058 15721 23362 27184 38753 7718 32669 136 12775 21601 21040 38429 18818 2100 31335 21875 19932 27514 29126 32226 19258 38095 29475 5599 34170 11552 4667 8288 30507 32523 13528 29515 34515 38858 9896 9566 553 37018 31804 18796 18555 28384 24363 33591 8690 36029 27344 24506 35111 1784 35276 2064 21314 14029 10571
15112 4658 21081 38105 31682 39952 27788 37791 3104 5338 13130 160 33297 15249 27609 21189 13502 19126 33947 30281 15955 36047 25 14769 19694 22794 6321 25166 19469 39551 29598 35857 5378 29116 4704 14846 31209 29659 38439 31326 13809 30782 12220 20011 27301 9549 34750 6377 11527 1769 19763 1047 10790 34632 29597 18177 26821 13866 32586 3145 39135 27226 3797 14980 7686 36900 3655 14742 28708 21429 19374 3058 36899 33460 14485 4611 33732 15292 4828 6099 17987 25047 25967 14669 8694 5625 23263 31189 32037 20177 19841 11798 36158 29351 857 20856 5229 17528 10900 26939 30589 25638 35962 19977 22589 31768 4799 3285 7725 4639 2988 10253 31296 29046 30613 24226 4398 21997 27414 6876 6057 31071 22577 21199 28131 22599 7601 15031 6433 3280 39483 14339 3363 496 27826 17948 17341 20235 37214 22903 31118 10941 22154 15938 1427 23706 24106 10682 31432 16894 19802 5613 20511 27403 25557 32007 29081 28935 6431 21262 30838 27656 3169 29540 10572 12143 31825 9487 39765 1585 30925 18996 9865 11467 26560 9742 307 8194 30340 7617 9527 13132 18662 35744 25737 27426 27264 10935 38442 35012 24838 32577 821 17348 15144 7745 28534 18501 31215 35470
16078 35306 23752 11757 27037 33319 15308 24756 21013 171 34605 16839 11289 29728 39328 34880 35173 34905 26229 1791 5675 21816 30279 16192 38217 2856 27822 38418 15355 35677 28228 6767 728 24577 91 10020 22177 9284 38652 6910 20558 39572 35224 35816 38131 12862 8232 21677 16582 29792 8001 12899 36172 540 31978 4348 35337 1249 33002 29678 3964 18016 2995 6663 31133 38423 3505 11275 29251 2623 4345 21220 21259 27858 26158 27502 9252 9294 35036 21226 178 27194 29312 8594 38321 19222 30726 29541 32490 25280 6287 23875 26827 1078 7817 8927 24020 15508 28294 34838 2978 32502 14546 8066 6617 8700 35478 19956 26590 23412 6155 21932 13284 21758 17195 31646 3299 5175 11979 22836 39873 2942 25662 26180 18956 4440 18673 3529 14235 12609 39864 6253 28667 30938 38550 23394 27465 1102 16253 3514 5247 31247 33256 665 21203 10439 8258 29061 25485 24032 35986 34078 4143 18228 10964 30941 38169 13457 26367 6076 21574 31506 33818 9123 3981 20821 7472 16424 6491 12953 28056 19370 2647 28911 5051 5388 8795 31590 37660 30337 22529 7021 30327 25629 34627 5732 10656 27787 35174 35482 6721 33008 30749 12085 4991 2726 9094 5575 24066 10966
9059 1690 885 24886 29477 5643 17280 35954 8725 31407 25130 35433 32235 33238 28152 31248 4155 37963 37757 4183 24229 17952 26299 13317 36991 5277 30421 10363 18255 1884 16958 34874 17932 12714 36290 6311 35916 25054 6751 38982 9280 28765 16902 20585 3355 24526 39924 18596 39186 8784 32601 15676 36989 21102 30291 23225 29892 32025 17356 6672 14688 39284 5081 19027 14504 36283 36101 16613 7501 14620 1419 10065 6800 36752 11758 1713 14213 18223 24036 33851 18348 8292 29038 35782 32604 1158 16881 10810 39942 16359 10234 2501 2402 37492 21873 9532 39672 31046 28875 27384 10404 31975 29098 4211 11380 19339 10854 16060 14850 16266 13591 22632 37524 38056 37405 25606 11222 23253 3743 39458 14072 22940 16034 27664 9552 5657 5024 17465 26727 2630 29034 36291 25741 35490 21486 22491 30375 36847 9975 29539 806 2822 23119 16758 2962 2028 274 2646 38058 26878 36482 34654 2452 35896 5775 24324 25015 12938 16332 34959 8033 30273 10669 22946 22178 30321 15367 27757 38221 24084 4086 9951 23951 33764 16220 17691 149 20075 13599 24897 144 28301 7540 6865 22729 36834 30478 7110 5389 29453 32713 26183 9371 21528 27540 21235 7925 16044 23983 18470
16341 37823 23403 2809 16755 12426 23696 15905 8775 14460 31767 39472 17013 27420 26272 19860 4713 9791 37011 32505 27912 15796 3343 6794 24995 35437 17477 27467 858 36778 1086 4694 15457 35636 26133 6236 20108 35362 22138 26983 28075 27899 21257 15299 64 15413 22677 3042 8938 22174 31807 25030 12671 37362 12582 29998 6964 2641 9024 32424 17664 21793 31925 32047 29412 1789 17241 7178 6123 15998 16299 6467 7697 14481 19861 39715 32571 28541 3571 11123 2184 6956 3139 39008 34955 23716 15090 11800 35002 29203 25682 15603 26408 27374 4737 28250 13140 2439 6405 29050 738 8619 10298 24847 38238 11309 27417 22597 30317 6336 39606 18863 2165 38553 14838 21612 18065 17298 24359 31092 1233 36616 22560 32744 33 32382 28838 27151 14141 13463 34120 20500 8451 30605 37032 27210 6991 21440 26014 24013 9084 7903 33397 6086 28497 34895 18297 21293 17339 21766 10096 4747 18294 36295 34130 13115 19570 20259 18103 34504 39365 21609 22722 8322 32288 25910 6917 29306 14260 26932 37075 26210 132 25884 39719 24355 29082 6639 2344 37864 14400 5490 13909 28921 24267 10225 9099 39467 3165 26140 9444 39098 16501 35496 9729 20927 21653 18572 23249 39423
9073 17226 18518 11499 5294 29683 23437 5671 23055 30148 10697 34303 18700 15556 2605 38548 30972 19041 4271 2335 7854 10693 1953 27538 14827 17370 29086 3133 27663 35710 792 30720 35086 2158 4915 24369 27973 7159 30707 19858 14218 4150 9044 36649 12805 27440 34396 38027 30172 19536 34730 37269 13431 15420 23629 21077 10114 33278 2215 14085 5673 17841 14923 31594 8335 22715 33372 25618 21548 23610 2434 39911 3341 16400 915 24820 3085 3422 13050 7327 28844 9413 18853 3443 8679 20666 37561 26082 18731 36082 38123 14187 5745 14174 27024 3348 4290 10 27098 34804 31977 9102 29747 23287 23016 26302 29955 38872 26244 9652 1449 3265 15050 34923 5120 7022 14247 8604 3706 17165 34253 29830 30860 22777 1341 37636 5311 8704 30699 14876 1422 26294 28658 7266 10797 770 36117 9486 8078 24381 12130 38744 25877 7411 33531 15170 31777 22308 33401 7181 7117 35551 18764 15479 35663 35777 30665 13339 14088 21494 10174 14839 10739 13807 9361 16956 20862 3436 24289 15436 4223 23314 37218 35754 38395 13488 12107 31658 16687 37604 32002 20460 14456 29349 17012 15284 28924 6426 11815 16611 14986 30386 21579 7052 26080 27300 3396 27260 7360 21407
20058 37726 11210 39996 34223 10227 34698 38971 12197 3640 7071 9251 7741 28216 20981 2830 6448 18447 18494 27940 37277 30013 38592 890 12825 29328 27286 21505 23527 9901 12255 34221 15280 38648 11592 23837 4546 6676 15071 28554 1442 29668 10692 12504 6117 5512 3362 65 36796 37764 4065 12296 30410 35149 6432 27961 7970 7382 13081 37752 33562 25272 9719 34691 2082 1169 23195 3008 6159 24677 19616 18253 20811 7548 5895 11232 12531 8511 12376 17519 22511 17861 26487 3649 35110 24295 35376 36094 4015 39543 2811 16319 11135 24899 23850 22286 21631 27743 22676 39414 24819 33971 26057 24459 592 8761 30723 10193 30750 20574 18124 12792 39840 16699 36450 5374 15997 15802 31059 4177 6106 19754 3720 28221 38396 29603 30778 23164 18483 9267 1662 29850 17200 24952 5016 13797 260 9632 37891 14503 23965 908 12463 15861 13335 26136 22157 25364 28339 38397 38840 21648 4576 22187 26179 7390 16906 18741 27851 26685 11651 12487 22497 26717 15539 15123 7734 20475 39189 39826 19528 35261 10322 33277 26263 36995 36824 34466 9510 11218 33878 38785 13603 18529 7240 34159 31488 5442 6652 19742 4641 20682 24293 35240 22153 11942 33445 11670 470 37869
2278 24658 3387 16685 27816 35685 35452 6971 39169 9091 6020 18536 34857 25847 6428 31063 4976 38726 23158 21517 36007 20400 34986 17989 4107 14286 31544 16163 17732 38732 6750 20422 3492 1611 4555 13076 11158 38914 24976 29301 12878 26473 26706 18324 34372 34347 38196 15840 8561 19949 10581 38080 22502 23686 902 3456 26976 26217 16032 7176 30719 24515 20663 28255 15619 21905 6370 39164 11422 15149 23299 8088 28550 5473 7391 7275 26115 4517 31592 4661 13325 615 28622 30333 10891 37709 32259 34640 38436 209 21967 29296 19283 32147 39039 3677 29853 7774 36315 15967 29996 35126 34387 25690 24766 15428 10030 3129 11921 16948 12007 17536 23238 32378 37053 33137 28946 314 30023 39531 11638 15662 16116 13085 22474 21857 31106 6085 989 23880 18862 16531 31141 27497 24555 15202 31773 25124 11191 26198 7582 20335 35008 25546 25104 32322 30524 1595 22902 38478 18915 34383 31678 18263 16105 495 29574 25575 5825 7876 20050 10836 28702 22206 31554 27570 37296 38970 3749 26231 6987 26396 694 15187 15895 17852 15193 10092 8228 3404 16412 8276 24536 5811 24764 33136 14868 26828 3837 17511 14949 26554 28487 25308 26561 22373 20082 18335 39306 15805
19470 8166 1360 79 15351 2353 6612 21091 22383 8659 1026 19407 39857 39460 2058 7890 36064 40 20988 21553 12645 34876 29815 19830 21170 37710 6032 4531 15859 24276 24047 8444 12266 17673 5711 33357 14158 29315 18992 27176 558 16206 4569 8629 781 26601 11008 19590 33036 10070 20076 8032 36003 39646 17398 15400 25933 25242 15879 15474 23828 7791 3231 39653 21267 6924 31651 37993 9799 10292 34590 21649 18890 20926 7005 16020 21256 39264 9305 5111 31100 36368 1434 22523 32143 23497 28841 32388 22339 258 18867 8191 32070 32180 81 4203 23010 942 391 22479 25776 30745 39782 2869 197 12855 351 37582 4158 1892 2663 20229 11545 28918 36457 39159 29772 29268 7938 29175 28499 6544 26444 13409 15954 2074 19191 15827 5966 1187 39051 21789 27432 24616 34202 17444 27901 31694 19436 15898 12355 31203 7624 32066 19817 34401 37758 31718 28171 35651 31336 38779 16652 13822 5428 4251 19682 21276 17174 11142 6285 1034 39759 23783 28812 7568 18860 9081 20842 29085 7014 36322 1512 12803 35331 24688 31319 3814 22107 34946 2086 31675 14984 28850 18298 22800 34626 8970 7971 23919 16996 1243 25251 31889 21273 29888 1489 9108 16722 24354
33407 29487 5542 39367 32213 6858 27550 21387 11710 15557 33530 11382 19343 11182 4963 30384 20293 6163 39567 6661 32591 25894 17040 8263 11858 18360 27691 17379 26540 26705 24612 5945 13133 33826 1610 11133 18454 27518 4729 31073 8703 18354 33974 15484 17639 16344 34611 436 3487 15248 21251 9270 4308 36573 6344 32942 19362 412 24711 4671 5888 38320 33934 28215 30322 34049 15057 25380 7610 13037 2268 32487 26193 7860 39851 6167 35370 16046 1773 33104 15061 37239 16711 7115 2733 13978 22927 19951 7576 25112 36641 29908 23166 2136 14914 25740 2597 27713 34735 1531 29256 7250 33962 26648 16479 534 19530 37171 7081 20883 6436 38288 20587 28087 37986 1848 39184 32350 3877 11677 24001 6770 11615 35593 23430 7355 20898 33485 287 19849 35178 10090 19999 30553 22124 39830 28107 3467 16670 37081 32029 36601 20061 33882 3447 18036 20035 7297 30511 37307 4169 15732 10123 31880 21120 8044 6331 30638 7604 6739 31373 28826 17623 19241 27181 3497 4154 4162 17152 10297 22723 30025 17575 37603 18947 38829 39525 30598 39738 35553 30272 15554 15552 37917 1456 38912 20624 8713 30351 28796 17358 28957 17750 19200 31226 34172 36448 24123 15370 26220
9657 36759 14177 17965 25989 29680 33316 31413 9461 20258 13696 31955 24219 9597 26446 24741 26135 31369 28908 8150 34855 762 9311 16058 15079 31937 7374 36467 39949 2966 8678 21640 5354 38291 19796 5048 39313 21155 11722 34393 15606 31872 8398 2631 13613 4070 4363 22309 19823 30502 37087 19655 36777 1973 34382 2583 17017 20392 24211 4565 366 23429 14457 14056 6904 1921 17496 14121 11300 9764 12973 594 14676 12915 33911 6646 26910 2635 25874 23251 22059 26747 29565 25261 5891 7556 5319 25430 38378 710 16331 27966 4267 6366 10229 29304 10708 5199 20382 10929 14223 16875 8138 26570 10128 34264 9423 5630 31001 16608 26096 34094 36176 9240 20880 27623 29465 38719 10591 8804 18716 25240 26723 22327 32084 37672 9778 39898 17502 16487 35561 1562 34755 23189 16442 6184 18829 39020 23519 30251 13373 6658 14052 23944 2381 24470 32996 27792 18135 13572 39201 9192 36642 1236 24058 409 17319 2625 39582 28186 22775 24061 33933 11176 10163 29562 1282 1526 14069 29442 11090 11042 14030 31019 8010 8142 2285 832 34054 36225 26731 38844 22740 12241 2569 9492 19959 26562 21774 31272 23538 28259 15843 2435 32234 33711 16246 39174 35462 27677
30121 5723 29216 370 24737 37730 4620 27144 28651 19005 24970 25343 37438 28319 23449 8808 32740 21749 13265 7487 5349 15432 420 5439 21602 14123 10490 38050 12848 21944 18052 9203 29863 15137 2699 9373 32469 24242 33583 12399 38857 27957 16848 18985 20805 5414 12765 18499 27498 17854 14124 39668 7513 22559 27063 24753 35048 23447 35798 15173 23756 29489 37281 38502 3491 13998 34433 20274 31630 3092 12625 7619 31720 2156 23187 25229 30024 39894 14145 30455 19898 14230 9542 38330 7425 32960 13484 473 26880 17214 16750 29457 17988 34875 14345 2503 23623 17285 17009 18203 29572 35141 4090 23985 39308 35838 10624 14534 9557 7986 31844 3517 8430 20047 38724 21144 10365 14162 158 35530 11063 35385 18685 25459 10305 39940 30114 17489 35099 37200 388 30438 8622 28608 12108 25899 25769 18551 7638 8107 27882 17431 21679 2787 23183 29700 27925 37046 14582 21360 38461 27696 22357 22745 39745 15130 39245 28351 21261 2968 24014 23521 20904 34457 25463 3940 26073 34191 30506 29022 17946 32311 36990 10095 34389 16430 11805 32318 31810 6528 36876 16461 25312 11589 26285 7792 29051 29409 22870 12937 20478 13044 5415 5235 22209 19046 16852 32494 29694 7103
14520 10206 16789 7666 4556 16552 34434 33163 29006 24027 38733 27635 10139 33404 56 19939 16937 33846 31098 17984 23720 27654 32939 7412 24442 39438 33085 10235 25924 13499 6805 31327 34974 22489 23021 28272 11023 15807 15799 12500 18243 25064 29118 29347 13723 24380 35453 3311 28662 36224 21051 7363 3148 20703 15972 1602 34231 5545 29610 37642 8791 23761 1100 30391 6875 21162 14379 7507 19135 25135 33229 39261 6378 26224 36736 21781 14744 35458 32609 13102 25635 20660 12231 3345 34140 31776 870 30948 19635 154 3038 22859 25185 29493 31950 31460 19994 32543 28907 16738 12486 20785 37210 22819 4686 8437 34294 794 30262 20281 10012 39720 15864 31418 16466 21109 9809 5624 29911 17925 3498 3852 75 4128 32461 33523 8203 34339 27916 17218 8554 28361 19368 32560 22355 17772 30247 24617 5981 24221 36187 30233 17826 22400 15242 35538 25408 454 23098 38444 10088 2127 22160 10019 23597 24444 3262 17805 9072 29670 12812 33282 9440 36464 2801 23049 18021 15135 7760 6716 31958 7031 34834 31700 13164 34164 29253 3685 17222 7285 6749 1757 1237 3352 13632 32630 10238 25377 20617 14024 12950 18953 28904 11605 20041 33204 11675 17848 32435 21371
6864 18582 27539 10998 17713 4253 14245 26452 18902 10026 39443 12909 28727 20794 23666 3860 22738 31657 20136 18861 33695 26134 15325 22257 3096 38349 3563 8962 23311 6346 16739 12189 25667 31712 14438 25627 33327 17233 4133 22026 30962 22833 16689 16049 21869 25332 16610 24263 29373 26498 30692 18963 82 20996 39111 24739 2923 39050 35366 20934 6831 19806 15912 30899 20519 26694 19210 3718 7376 25909 13089 23609 16563 36383 36021 34930 4004 37379 26968 38610 20823 21951 5795 23883 3917 38906 29579 7608 20307 38905 32219 31136 5828 337 33982 7082 34812 38206 37324 16723 29186 22304 4989 8892 13222 37481 38492 23694 24185 6490 16874 19842 30174 26157 5531 31221 24489 38015 19866 10325 26218 527 36806 2144 21537 29481 24466 19963 30226 13896 20180 19916 18858 3379 16178 3636 17475 3686 31378 21635 22721 25718 3022 12779 34490 577 38263 31153 23220 29581 19133 9810 27046 27245 6591 31721 16096 11825 15976 22432 30600 24138 34458 30240 14419 28046 13827 11374 29067 39956 3248 10789 3777 36882 27894 25024 11607 25400 5032 14747 5766 39428 25650 10510 37777 31854 9575 12175 25974 30799 24844 3840 7988 17921 22244 6011 21861 2096 12439 941
18868 37420 13212 35435 32340 36073 22925 5954 7214 31839 24395 17532 9463 8162 28286 38188 7701 27666 15043 19354 35909 19945 28377 10504 25116 34594 38772 7580 13121 24971 9509 33072 27073 22401 31007 1912 1813 2899 10256 39381 13283 2260 4475 36863 1936 23436 28562 15962 9981 5447 23138 32906 22868 23940 8953 1750 23326 25561 5406 33250 17510 25094 34077 21668 10477 28423 20271 10057 39757 33498 1376 6263 19320 13043 3465 1533 23888 7286 31794 25772 33119 12614 8409 4054 22172 6949 5770 24671 432 20549 10503 766 28205 9023 19557 34788 28078 5106 33190 2979 4301 36614 27138 26091 30894 20536 1062 997 5353 37115 18190 13685 28005 32616 9211 36879 34892 34528 950 6925 26466 10151 638 17665 37159 36969 32548 30537 14544 1222 25939 22250 22585 36096 18668 27235 5926 17369 9030 36401 31951 10417 7533 21223 698 8980 7546 13952 19735 22752 72 21469 8270 25729 39708 1269 7233 5893 3019 24927 15642 9177 8997 9290 29087 19038 3712 6461 11484 21878 16119 755 24105 5931 24365 11399 36707 8800 17157 12732 1470 11912 32092 35885 24 34649 20561 10606 36222 13714 30610 9187 1543 16131 4791 33713 6574 17300 27006 38620
11316 1150 32329 7640 5953 3609 26700 16113 33775 31723 22919 32096 12616 5422 12719 35944 28053 30409 18971 2731 10471 34825 4498 39399 6700 15175 6248 31962 37014 35912 29397 18765 20254 35047 26545 9012 33243 12861 15311 31842 36310 11269 17920 2578 36599 10014 30607 7517 25634 17703 9544 24574 16275 13435 25468 3780 6291 19887 34117 17888 28941 3407 29783 28111 21711 4486 38516 5777 3872 29224 1093 23866 8353 36107 39485 28374 1488 30992 3628 27427 24131 27366 1923 33709 38787 5103 31434 22899 21529 29176 1377 30832 18262 1963 1876 9467 31756 12176 37897 20782 15223 7613 36250 1352 22237 35209 34621 25023 25096 13746 18752 38427 32420 25599 20893 5984 12920 29432 19902 20354 19896 23460 35207 29577 34280 7225 27719 21123 26344 23991 30413 31631 19092 3895 32708 33417 7454 17180 24551 7967 16337 21718 802 10107 30015 3067 6837 19728 23544 29812 28347 2337 33109 24446 24213 24479 10454 32753 25041 19651 1810 27103 17811 31927 30305 37519 10265 4201 2089 28762 29810 34832 33438 35076 11803 14199 342 17420 26568 29516 28519 28496 25789 18820 7312 16194 10687 29111 537 2282 36502 2219 36410 16438 14127 33303 31847 3364 13689 33015
24629 14414 3838 17030 33315 3100 21814 10665 26416 22908 20646 11650 37951 6226 36505 8745 3305 19467 24676 7749 27086 19953 19268 25490 12103 30514 19554 32114 36324 1866 37674 31566 10890 9739 5324 15052 11563 1204 29039 31933 23980 6948 28818 35792 28413 36243 8811 12981 38924 15635 17855 37554 17659 28779 25876 29962 20504 27229 34819 27864 20127 39380 15565 9518 22710 25673 2692 3483 11109 2615 16884 7497 37600 34205 20516 5316 29695 11295 28834 20797 1640 16092 27790 38339 21195 7544 24076 37217 12369 23297 15085 29510 31383 30045 33532 3978 2470 18504 37016 25231 3605 21627 9197 3591 5757 27508 13670 38758 2610 28007 22156 27433 24537 37466 39250 34559 5427 1048 1887 35046 29231 13972 27869 24684 16982 20403 6140 31861 493 17996 18935 3239 18356 39516 5929 10831 24362 15335 10777 5382 32510 30480 1089 21333 39776 35951 35392 39014 10564 3891 24340 1804 26773 4834 8899 39730 35714 7713 38776 16763 28260 3817 6647 35532 116 30049 33538 18011 17404 23923 15833 17522 37723 39580 10969 16797 12572 12511 28842 21582 22851 31814 9257 12216 10195 4844 21323 21684 21730 28144 2186 19839 22097 16772 29123 24040 25066 37824 16035 11234
36955 5154 27786 27748 12453 23721 27896 1334 35410 39071 31354 25149 39605 26643 23518 20781 12040 15594 11114 30996 27710 10009 14891 383 1937 15615 20806 13730 34564 4164 33584 20183 6738 16354 29209 36804 24421 320 23329 25048 3741 270 14784 20423 9592 22132 923 27716 33500 7689 12745 5636 37568 39585 24341 2963 437 14450 37733 21929 39597 30985 30489 31181 39778 12119 27082 25011 1574 36128 13127 25164 9106 35142 32169 29899 4528 17760 6102 1085 18168 15815 34553 4962 24706 18451 22086 31580 19068 19443 37685 15722 36592 12180 37042 23157 39824 28964 19170 2283 13252 2465 38530 27765 12489 14325 5280 16584 16737 22005 2306 25711 34235 5631 15882 27204 3971 32404 25914 28750 23240 1374 38344 27472 5530 12903 37933 22653 9819 16840 12553 15408 30850 26118 28276 2348 38384 11713 3799 1258 22188 17901 17412 8513 38755 29115 34509 39163 32432 27692 20580 7144 28128 36166 18664 7434 11525 25658 2208 8890 1220 13168 6115 27993 39640 27134 26406 28711 34697 3821 835 30243 22751 27351 8862 18597 34828 7483 9958 36698 25951 36386 26846 8337 2004 12172 13312 32126 32196 11669 7140 17682 10628 38649 11662 14474 6289 17632 35871 19167
4376 34371 35919 38677 23764 22412 3679 37512 27295 10580 33801 8158 17073 30521 19272 28736 19865 36788 35498 24130 35668 10629 33434 36330 36150 19337 24557 8436 38460 39176 18589 15942 32188 27744 1130 26512 9219 1766 35079 1115 39667 13496 2178 33493 23114 9699 12640 16808 36037 36982 19280 11855 4092 32212 25169 14410 16692 17937 2046 15778 25927 3380 9079 16294 18567 24611 8957 19643 7813 35585 32780 24865 39324 7952 1007 17001 2739 10136 29112 31404 7881 4736 6934 39643 15265 549 13128 29511 6582 34305 34854 29339 39093 29113 3868 37344 32691 30129 26690 35643 14897 21567 26427 38199 32167 33457 12366 34925 24269 30295 13069 30180 37515 29263 25976 39752 22896 10507 15512 29769 2481 7474 13631 38244 35056 27495 18537 27778 12854 31779 27775 26915 18248 29751 14681 13695 8543 25034 15016 24773 29097 16514 7620 3890 254 3295 11149 33724 2665 17655 5287 10356 2175 34449 22894 10487 31297 31908 1592 36979 7287 38103 32449 7740 34037 6470 25347 16314 5314 8645 35764 1423 26402 6656 384 12020 38816 33049 983 1673 7451 1195 16729 27774 7322 9269 14873 23762 3224 35555 5375 12667 16650 8275 26502 4513 4216 3340 38803 26084
1729 15923 35023 32381 32792 9795 15767 39345 35166 16482 9274 7997 13836 15852 22943 12377 8321 11333 25029 32964 20192 8141 26844 38471 15610 7289 11431 4598 25460 15068 17651 24179 23961 30791 27809 8621 33356 14328 15203 38431 13439 1307 11163 29270 14475 24441 5411 27270 19526 13483 19036 23808 37920 11233 38881 24609 35342 6545 16744 33419 22727 30754 30070 448 6662 20831 28380 32399 3673 34222 34947 20101 14334 29237 32761 26433 8776 24903 13444 21971 27115 20016 26919 33506 26603 4706 12902 9875 5812 1781 5849 34817 25198 18154 39963 2083 24146 4370 37256 26912 18291 14149 20618 5622 8755 39146 37850 5855 1313 27292 6182 24463 22909 34229 8643 32513 38518 29924 31942 9881 4721 28912 13236 38361 1608 34607 9335 15850 5367 19189 1119 30223 5001 6532 39226 18839 22392 18827 11491 2261 4304 28284 19746 39274 12405 23155 35836 27387 17014 19708 7588 17230 22384 32812 11737 35156 15953 18888 5528 9397 8410 29455 20740 21914 4901 25508 10357 28811 8768 29474 23095 34724 34725 20746 29882 37404 21511 11013 33864 25255 23093 9319 12169 5658 8234 17096 10642 27123 26916 16241 37689 14249 1674 1822 28752 19456 2512 16931 26753 10570
4000 142 3297 26553 38843 15415 39028 11586 31283 38690 12468 23334 23201 15342 13805 33245 24646 21775 7822 10048 14185 18095 36803 12073 4144 29462 4300 25037 36542 414 29336 12166 38332 6180 38138 30581 11822 33905 4010 35200 19244 34799 33588 37667 7429 9618 25300 3232 39947 35378 6516 6906 34333 1981 23631 14752 35594 37384 29973 32063 23045 23747 14365 1998 5628 29135 36554 27095 10336 3774 35446 8982 3373 19439 35804 33055 27928 19947 15839 39906 34613 39398 15776 19825 3546 19466 6701 26732 23948 10897 24733 18757 19229 16013 14499 17006 6300 17749 7207 29740 32163 1999 27793 2606 29706 23805 11441 30876 28182 32857 19084 8205 2263 9766 30022 39724 17693 23917 38159 28067 13566 12251 37345 23404 3737 14996 35828 13256 8527 19894 787 12870 30118 13942 6774 15421 15468 15290 8165 26164 29988 20796 19094 36214 25111 39706 32538 26388 16713 32280 29162 25981 37833 28948 28302 5778 25458 28126 30535 5058 14962 26095 38382 39979 742 16665 24954 23200 7900 19314 23401 30785 29370 9506 22906 21481 23349 32791 36071 31183 2206 2449 10817 23695 35465 37820 752 8101 35179 28447 29443 23313 39152 15339 9220 19138 39298 13120 2425 11660
35870 4660 36753 20008 30986 18645 25725 17968 29235 5292 39484 11829 27406 39012 4333 20963 11243 13683 37987 23282 2450 14289 36237 23782 2047 12894 1802 8806 28222 35411 3980 1665 401 28331 26942 11474 26623 23528 15295 7061 29708 30292 16567 25905 4636 3196 35400 26969 25743 24930 18955 23354 10141 14525 33901 35670 8025 19658 35136 6812 36131 37977 22825 4908 2786 31985 14594 39859 18780 3279 34245 21350 25519 9806 35513 15945 4191 10921 32352 35405 38049 29096 8712 38133 7567 15987 23712 11323 6101 2685 392 37804 26456 36981 39560 36426 36690 30806 27761 13412 15609 403 20620 32854 14091 31485 26467 37132 12754 20206 3174 3397 32908 7357 22042 28920 242 16117 39905 17441 6711 29746 20489 30742 1569 21482 17115 16887 6994 10559 21385 3930 8866 9959 37606 23778 272 3596 32914 19245 19721 35569 20529 30044 36701 7208 37019 24600 37938 25610 6189 33428 22963 5009 15624 4419 14704 3021 19604 27772 29136 6926 33528 21034 25625 26948 26132 38137 1343 3376 11637 3588 28367 7537 25795 28914 38892 37520 30232 10171 31282 18574 17159 37651 28148 31819 31831 16168 1455 829 18394 5460 21340 9704 36066 33039 19660 20338 4083 18005
3599 39007 32396 16688 36494 12240 11846 7799 10393 17054 14352 3502 12229 19600 4521 9991 11802 22558 2508 19524 32517 36078 39753 6350 24748 38704 1706 8807 3292 5549 11115 11207 11889 18476 10180 32671 19575 9745 21888 39136 28991 29293 33382 3558 33609 15229 18524 16084 680 14618 27729 330 29860 18544 7859 10131 10144 26724 25676 34636 29653 4999 23173 39806 14973 17972 16414 15197 20147 24010 38122 18592 39896 410 16784 24411 28704 27135 17051 2310 2815 32935 30786 22001 36508 17036 5007 18389 12258 8401 11917 32264 33496 34269 16504 33152 7476 13564 12030 1584 8342 29936 39338 32083 11286 22509 9604 12567 6632 3932 3836 38913 2769 2277 33503 30418 8476 39779 27288 10433 25439 9886 25053 20342 15132 33573 7904 16002 21138 20242 30323 22645 27431 26017 7336 9562 19987 6251 16708 1286 8581 36658 4541 27042 30400 25202 25306 32125 27862 7795 17727 8613 30713 16448 37901 38127 4470 4483 33465 37559 492 23801 9683 12586 8242 34402 16824 6066 33628 37706 32884 13413 8220 8080 23977 22788 11922 31936 19502 15672 11170 7673 39880 21645 8969 2299 34940 16456 3731 2265 14397 26055 24796 840 13940 26284 38638 36570 16497 27093
916 37468 30569 34153 27721 27471 30557 17983 37326 28068 10186 29538 25760 4157 11869 16077 39630 12088 2534 13849 35152 17031 17490 12034 31740 2181 11338 10102 19760 31446 1350 35886 8631 35230 3252 34086 4566 20325 31879 38714 21187 37979 13421 18060 19390 24122 34742 22929 20872 36571 3778 15092 6696 1870 15314 7314 39318 2009 15403 27841 584 32115 21166 36524 20336 15101 10924 39624 28656 28596 16533 37574 7241 4038 7074 32313 22877 17590 8060 3950 11001 17847 26770 24406 1173 9820 29408 17076 11570 36585 7910 22857 34485 5697 3888 32570 7946 18841 19444 3567 33231 27021 18492 24778 16144 32419 2951 31885 20268 18133 28127 15429 6525 27165 22837 8499 14786 15038 13344 35064 3053 7845 597 26390 21571 21253 3771 38152 3270 6271 7627 22964 4389 39842 23926 3205 26852 21095 7260 6568 1686 15091 8966 22650 10308 14601 38231 27927 2698 2778 4035 29284 10313 39953 5486 30746 23112 5208 20691 18917 18663 18048 16505 15056 18872 18053 38440 16791 36675 6410 38911 13343 4286 5107 11478 14739 36572 26896 32034 36733 22839 37235 8663 35562 11147 25770 8043 20603 12735 22554 9594 29640 11030 22932 14731 21344 36684 3848 1368 7247
20030 6323 13012 31288 11969 5269 27566 9050 2333 28953 937 12828 27990 37751 22987 25522 10146 36484 36773 35626 22974 15006 26674 11776 12218 23406 24128 37392 27568 1024 17762 24028 32762 35464 33422 10673 32199 9439 34883 5714 26682 36469 7739 16812 30578 25327 18207 10349 39845 28030 3652 38445 13263 28395 33416 13669 13002 23419 25895 518 31970 33578 30798 36988 35655 17718 39220 11849 33943 28489 16383 39687 18198 18383 17135 33963 39392 14646 33192 25646 35653 38587 2738 10281 13906 32549 31871 18919 2108 36316 14301 26061 6712 5116 11557 234 39058 8977 39222 34131 39081 34113 29658 38190 30559 20302 29141 19717 26925 4087 8309 28405 10414 39231 2793 38808 13720 7039 7149 1228 27777 12760 12393 25608 34693 24830 21988 7612 9214 8053 19149 3882 36747 27607 20871 24321 11940 7407 6124 5392 22831 34092 5 24747 20479 13606 14666 30918 1656 14767 29748 25107 2341 32000 35351 30298 31703 2840 25339 29090 28482 10117 29851 27293 32965 24841 5170 33207 20568 27637 32091 31965 345 22159 8607 5629 11301 20998 39363 31816 32829 16277 35033 24270 37097 21902 39129 17966 14310 2675 268 27665 3132 31886 6600 18471 18347 8003 2971 37085
19047 34936 34124 13217 380 1546 20358 8290 3764 37919 17482 28649 38884 33614 20834 24682 18749 38328 3585 31618 1178 29885 295 2150 12365 18420 33534 23510 38660 14710 10953 33983 9048 631 6314 30626 33311 37992 16166 4812 23668 2844 22353 14202 2885 33034 12749 37187 3300 24543 2772 1061 5576 23426 5878 13640 26187 23208 3223 31009 22050 28407 33831 1903 13096 33570 17289 20605 13889 25564 30374 5753 1938 19807 23275 2395 11770 582 17822 37228 17175 34684 25738 2540 22066 36251 23272 37064 15869 29588 35736 24643 30840 18655 11541 28701 16736 31067 16290 12867 23795 22952 3086 14943 17662 5109 39602 22852 32831 1186 934 9653 2287 7252 34413 130 18260 7402 32990 22885 35489 25785 36768 36767 10825 19030 21526 6497 38823 20960 17385 36654 30441 18393 17834 4040 30092 16994 13428 28040 16001 10701 19071 24346 25326 17394 21806 9821 14533 11345 39248 10918 1541 9198 34261 34015 9474 26379 739 19922 22331 8664 13419 21596 5407 39281 30130 11688 34872 276 23482 34595 8176 4881 24450 6697 25531 30724 34267 32501 3682 23363 31197 20742 9303 1917 4093 20110 6618 6888 19024 25469 39852 20155 11626 16502 26146 3501 8127 19683
25290 20637 33654 23904 4414 18395 21113 28311 29439 5843 774 10866 35432 13732 34793 14869 4903 11481 8929 30278 24202 11814 31536 4580 39466 37266 18658 2222 12246 845 28787 18343 35826 20962 12906 30320 39304 191 5463 10981 5268 12980 30362 10962 12688 19726 16570 20394 9309 5779 33763 4845 14169 452 33029 29252 25442 7680 13731 4982 17797 33013 36902 13298 35525 13607 27685 37718 32742 7088 11495 1549 3804 8642 4385 12297 31441 9008 35945 23379 34809 24301 28043 36409 27371 22094 2383 4036 37009 10047 7991 36219 7296 24579 28261 36404 22193 7418 9862 30927 5012 28185 39446 38589 31323 29145 2689 29833 17328 30759 2247 6567 15980 26989 8502 19209 33935 15480 2678 26597 33575 33788 39390 1064 37913 16883 5894 29790 22884 18413 25654 26809 29396 21604 38279 15946 18287 3982 12756 27848 27324 9452 26518 23012 23057 19156 34630 22141 19185 18140 11504 4276 37792 34716 18460 20102 17137 37925 37950 32239 21475 2637 20530 33199 8020 27212 8987 26744 3445 18391 18882 38706 24804 39229 5020 26056 29849 32716 13247 37518 20367 20628 37319 5524 484 10280 17865 14595 23595 6810 16057 24480 36871 15353 35429 1272 35640 25521 8908 21204
37807 20649 33340 17863 31386 8023 5358 25700 29906 35650 19144 23859 20045 27603 7992 5776 35235 23323 20547 16023 39761 12562 17683 13221 6169 16830 32445 17164 19675 28813 15653 11100 6573 31185 11005 12450 30425 25201 35467 21610 10592 33439 29225 26207 20001 25176 10794 7963 7602 16411 14292 28378 18242 18401 18145 9204 32547 8816 13243 20992 9842 37799 37232 17397 35801 30069 16161 28868 32635 2702 24135 29360 4596 28165 37794 29332 32061 2275 9386 34567 9772 13692 34163 5455 19929 32765 4858 15489 24827 11462 3448 35649 11535 4936 12196 35953 37683 20295 7950 21915 32704 32879 19563 38590 34416 11973 12451 13402 36402 13654 7373 32766 13267 15800 11648 33360 5251 33054 8050 39190 29595 36046 20410 20146 14216 28453 1922 15155 22747 26697 23765 34533 31644 5184 30040 12547 12163 26752 28669 2396 14495 33542 22429 34055 28748 26047 37991 23198 3070 36917 29144 17799 23571 15225 7516 28533 29625 18239 24174 13824 5754 18004 11472 27279 21424 3198 39270 11012 33477 36656 16517 39951 21000 5270 18650 6541 1462 1943 23456 38959 16208 12739 5179 31998 15791 22134 30084 26693 1700 861 5165 22344 9160 16683 7011 12835 11501 13025 30556 17650
20077 26851 23064 3758 11529 12070 28480 35785 3241 10461 15717 28342 37536 1506 21588 33548 13589 36397 9582 32806 32972 29843 17647 6826 29184 1974 21616 24100 22516 19173 4379 22997 31013 11854 13806 415 19493 20948 16896 13393 1890 19756 14184 20345 12272 19325 35874 10664 39402 39112 13408 16910 425 33323 12353 38090 22234 4739 2886 39206 37328 34068 7210 30484 12050 24471 37611 31476 17161 19201 19747 26109 32116 7877 33482 35122 11585 4783 16230 28852 17735 34491 39832 16107 17506 36061 10211 35107 11129 21831 6239 19961 22085 23041 13377 6710 29877 2037 30385 36668 26106 24070 23688 32074 4281 4298 2592 13544 946 32955 39541 30237 35139 8017 27149 27218 1581 9797 5321 20892 32519 1074 5124 21270 11508 6927 14849 25836 3863 17877 23604 29527 36354 26569 12106 8163 35289 29454 19058 33806 8457 34970 11132 24885 23700 8723 16489 31000 8824 34310 3332 24364 18767 13354 30157 13743 6753 5126 23039 315 21513 27840 38757 10563 33279 29969 6469 13937 1268 35270 32802 23931 23428 3579 3193 30863 1270 22615 34353 28703 6842 39465 14750 31704 38130 29735 37504 7780 35134 15984 34240 9775 27278 36075 34246 18282 14244 19628 16601 5861
1038 23393 25238 32927 32138 21877 17428 18070 17782 20185 13671 36873 6445 7449 3167 26419 20187 29499 7758 15245 47 18517 39612 19765 28512 30355 2443 54 20757 29761 5337 26101 4285 16627 19930 1867 18547 22934 38496 3135 11486 27274 36827 3403 2453 13726 10426 3175 13993 15395 15611 25333 36801 20705 30776 7443 27567 33880 38684 20777 27531 29132 33476 15171 14374 10611 12043 15256 10285 5308 26382 15288 7432 22297 6006 21148 17235 1849 30853 13814 18357 5641 34859 4857 36212 23723 5532 18430 22440 11672 13962 11087 32251 5026 1464 15645 11981 19596 17617 13193 2126 20006 6345 34257 26492 10335 27147 39173 39315 13233 39419 25441 28501 8201 37429 28943 38073 25486 28350 23768 18339 11214 31097 8224 35319 20598 15986 8951 27782 2846 8562 36895 35691 30005 38338 7455 15703 29107 25248 7046 6455 3094 21036 1049 21209 5475 25613 4893 34459 28561 6758 26831 18117 699 26798 32444 23190 35185 3484 38146 32896 18281 36968 34058 19500 6731 26460 26538 2023 35900 398 30998 38653 17614 25391 14956 33349 23505 35286 39238 15670 17706 32161 24472 6019 7880 35560 19391 247 10846 28810 10033 3834 18178 32349 14561 8082 29664 17755 9700
31666 15059 32864 11726 2906 9822 38632 17962 32360 19880 8500 23088 33188 20840 11717 27734 34927 37673 38731 13898 29355 33877 13821 31758 34198 30269 21787 28357 31579 23618 26820 12094 27850 38014 37480 9056 10550 30958 28877 16862 15547 7084 29619 16055 1885 25286 8743 12664 14090 32127 25987 27401 23146 9914 35851 5303 6958 29314 764 15963 33502 6172 39327 28949 1586 1440 35823 25823 8911 28360 900 19889 29824 4775 10133 38031 20209 11311 3762 5774 2973 13863 22058 10850 30113 18015 33324 25186 15163 32870 35117 19819 34270 36095 20081 88 8998 27978 12042 13673 20722 16583 21478 6361 7223 30536 26550 12457 10321 39486 30357 39751 29553 25873 36115 20838 35767 13075 3283 20238 8914 19850 36240 21803 31954 8974 14108 7050 15379 13466 16441 6609 12817 29639 16498 12907 16585 17372 20487 36414 13808 39022 26126 17277 30650 2785 35167 14411 23002 4833 33597 32911 28733 14852 24233 16318 4227 26143 33956 3356 27449 30169 21418 18520 18762 18340 22419 12503 37635 23405 38940 9756 36935 23142 10967 15941 39770 9328 29667 37428 26376 9364 10381 35733 23719 23044 29925 37221 6450 37341 5313 2611 1970 28418 7013 33970 33640 30108 39884 11401
15220 19095 5300 4396 11487 7239 19597 1476 30151 3410 10958 31406 35961 17021 25284 31021 15117 16669 3598 22291 21639 29814 37830 11728 9986 4802 23348 32072 20569 15346 24667 38896 14574 26120 36282 30342 37690 20093 19162 12856 36994 9671 7871 38241 2362 15073 6862 21488 14452 17809 8294 9394 21769 25728 20851 19576 28042 32989 35558 13159 935 36750 38249 18365 2617 14133 35786 22569 15081 33843 9268 14510 8488 26817 8179 23162 27642 4872 21918 27945 18338 29166 25623 13585 5989 27883 21409 3611 38245 35044 32354 13112 15629 16940 27423 2005 2691 12052 28504 20695 34609 29134 28424 15969 7657 25548 20164 29861 15909 2714 36365 4609 36211 34695 8399 17139 20109 3276 17201 20900 12601 27779 30275 13380 23440 11745 10398 11470 30008 22313 16577 35897 30520 4260 22504 10051 28776 4602 29784 1518 6873 2177 5014 11933 17 37896 31932 27379 12156 6301 6080 24639 13890 11343 4875 24992 25008 31805 39649 3438 2895 19119 21581 4354 38482 18097 282 17681 20579 22082 19166 17801 5161 6142 33362 20266 37570 36956 3272 29079 18219 8665 8250 4390 451 83 3968 7888 36031 25602 14135 33101 7721 35080 28722 26233 10304 6592 7441 28559
1717 37174 11935 24509 22312 9577 38850 38013 11224 24316 38053 26045 9579 16735 30102 14181 3715 3263 13429 5722 13465 24759 27346 11460 27751 21018 25020 6067 39310 34023 7998 34335 13506 21190 13712 17781 2771 25709 25925 14404 24117 12098 29222 23579 1429 11690 34542 31210 1369 24710 26635 2602 19538 36501 37769 1284 34829 17077 11128 16200 26722 25628 32987 34425 20573 24190 33371 25126 25520 6569 13394 12905 2600 28329 10527 7815 6999 643 10565 30751 38354 26062 32622 7902 37949 25018 15546 9329 15109 35469 24254 37805 39003 4950 31349 1217 6550 10094 19002 37017 34707 1614 27052 11298 27477 22335 8853 16496 24423 38903 15473 12481 18431 16118 1952 17931 19714 34217 3220 4514 39265 14383 3765 12584 8741 37434 12751 16541 2239 5572 31084 38114 27230 23494 21638 28071 12284 35913 18125 10254 31188 6363 27246 18848 19974 21864 21673 37056 23959 15817 2843 22190 33246 7153 8260 21960 28728 31729 13376 28429 5979 2983 13203 34646 22142 12552 30526 29207 37173 10884 14316 26129 37425 444 17186 39404 26672 27763 31096 33189 8633 37744 15026 17803 25147 29537 16108 15371 34964 9417 27776 23614 11903 27368 30804 8855 9961 4888 33802 20594
11510 13172 22595 10505 11264 2284 12235 31523 10716 3713 33345 38345 23218 15100 36183 39637 23862 12047 6824 24594 349 7951 25156 32065 131 2430 6597 35523 12836 22323 35005 38172 15517 815 19053 27738 30943 2920 21197 4416 36517 18542 35229 19328 6419 1853 3303 31904 8524 31966 14311 23960 1620 18975 2848 6809 36121 25099 9539 7561 34901 10526 3931 2880 18084 11739 11746 30852 30819 4643 13985 32508 33338 25045 36208 19180 30628 26794 725 38598 1389 37788 29392 9568 12350 1742 31591 6146 36203 32813 37503 37779 37288 12213 31224 11909 36462 3121 35611 5934 26909 34827 16310 36431 8133 18620 17605 1692 18158 31131 34336 25542 30339 2866 27247 37597 16133 19034 28992 26127 30416 4795 4101 15644 34039 14692 32805 38874 15821 21759 884 34583 7263 6368 14034 10800 35852 19224 37444 24780 15142 13888 18608 1426 37188 21855 13838 1694 28475 12325 35706 28235 26114 39032 19408 27747 27050 15417 10905 31818 15063 823 26907 12720 29066 24371 38820 7078 11253 19853 10385 18336 10542 20373 20799 36108 33179 11879 33130 38406 25065 9545 6026 11951 32863 25778 18245 9983 37973 35746 21219 16440 2473 36455 9779 9731 14905 26858 22064 34972
14597 8809 28399 20294 29172 13977 37002 8814 35899 6723 31186 7435 16269 26169 19452 31324 16036 34676 5998 3794 25210 21607 31890 27740 9690 16423 11817 36841 13321 16677 11190 7431 1145 29012 11956 33150 24278 32984 28365 8672 7083 3093 16770 13763 31293 22633 16362 898 8757 8501 10021 6825 38945 3773 35883 21559 38167 15674 11518 3719 21310 930 8737 8251 21297 28644 13539 8358 6757 38214 50 4392 31683 6689 24037 39796 23698 27532 8821 6847 21005 16005 1982 2482 36930 18642 18201 10971 24922 37610 38796 6175 30566 25915 14002 2774 13368 31660 23498 1414 4436 18236 35701 5940 30146 15363 33230 6608 35795 15076 21462 15224 13309 27504 28282 30036 13667 4604 10443 21391 16926 4593 15319 18502 35890 4427 10541 31743 7609 30688 16443 37143 30915 9777 9389 642 8052 19822 8605 38076 31396 8086 24085 19140 31467 13177 19791 31274 24811 25805 24258 29093 11250 25412 17767 32840 27088 15116 20413 24602 15862 33112 14363 9564 18575 17594 11430 39710 2087 21811 4442 15742 12485 11359 23113 30086 18225 16893 28804 18595 3450 36110 36188 31 38953 6867 3099 10352 2463 465 24792 10044 33164 39456 5746 13516 35245 29380 20340 15873
14420 26775 37186 20499 13717 3088 29864 5755 14717 37960 31610 18828 12440 26147 37936 19745 23020 34577 37013 66 16538 39721 6446 31685 17656 7932 39636 18227 2700 10636 24127 18088 14844 289 15571 32583 34898 10773 5159 7914 23052 15261 23745 13983 16637 39252 31353 25492 31292 6668 35424 38686 32177 8210 26610 1987 1497 13921 7828 23543 22538 23261 39684 4190 2893 2794 37911 27667 4977 3136 12919 13684 22089 3459 19568 17882 32770 30301 34292 31790 8615 8402 1636 14387 1487 16468 20502 15696 28206 205 33866 2457 19581 34966 32537 5815 19318 36500 16261 39076 2760 31016 16081 1762 31342 660 28757 39416 5347 3537 28866 28829 25302 1481 25177 23962 26768 39744 28452 35201 33257 11048 11785 12431 11992 14977 31894 13618 19641 4743 6194 23011 34740 32333 29550 22032 8580 1209 27975 30080 31512 35637 27621 4715 29593 8503 28455 12851 13063 9517 4296 36293 4621 34537 29714 36086 7496 25477 17160 5596 36525 15838 11386 4412 4265 10767 38223 12168 10034 35694 32471 6650 31029 33113 19097 7116 34175 26933 10821 18440 34038 29556 308 10274 34787 24124 13407 8002 20284 17037 18482 15253 21140 5610 33690 26201 23603 422 15845 4420
24241 18184 21954 27309 8539 1795 39571 35614 38462 14426 14432 39362 32263 19425 29452 21069 1967 38030 31160 28906 12051 38182 25118 19978 36890 37183 36558 22103 33740 10401 26961 1460 36546 38848 8219 14337 13736 3425 2132 5650 8759 4479 17936 8360 33665 8799 38542 17793 6034 25213 36940 36596 39829 20957 14855 7079 22288 34591 3076 36413 35641 29015 4508 25267 12273 30926 7965 25985 20652 37526 38576 34860 20142 12850 20438 26699 39736 28905 10149 29221 29338 34462 21118 1036 10459 26524 7560 33803 4970 31677 10059 32133 35003 19194 2008 6965 36680 23520 19642 16425 24256 27217 2696 34722 38890 35690 30161 648 36074 18877 26246 7201 15497 20431 30737 31496 37648 12770 14344 31891 24433 18208 25167 1325 32663 25701 17223 36335 10658 29887 1961 37150 5341 33326 37753 31309 23022 31366 304 927 355 28777 29243 36269 11540 25819 21099 18040 31104 566 12083 5187 18092 921 348 16914 14268 19619 21622 10354 27469 28620 9139 22046 21419 1568 11755 37416 35332 33224 31759 38509 37072 12388 22914 10344 17518 4700 28971 17079 6980 34555 11387 24989 35309 36446 3810 14433 16785 11652 12741 12217 39047 34296 23780 19419 1336 13749 31533 26432
5927 14351 27028 19626 7203 11351 37470 22613 19795 4522 7346 6052 5873 9302 36213 30229 25163 18382 24613 19769 11890 8038 33931 17930 14118 10978 17476 30937 33985 11219 9800 28477 11267 24236 37941 3416 15257 15120 6673 35854 23836 6558 34593 34965 387 17867 19719 38400 29559 32703 36164 5964 32179 37890 7211 22316 9404 37443 15690 20774 8422 24003 14370 9762 2336 12961 33718 32658 10721 31461 12345 16407 27445 16445 13141 24520 26704 16581 35536 13163 34893 23431 19663 23090 12769 27581 26557 417 13000 21747 1897 2342 12127 28623 35799 38497 10492 39676 8065 39207 5791 491 38927 34093 31278 5796 20586 32496 12332 33117 1480 15682 18569 1247 2746 7316 32615 28956 24814 11370 18346 29878 23713 30352 20642 6807 7542 13934 7421 29648 38494 5822 36582 7192 16172 15419 20374 32455 29634 14482 19781 37026 3350 38734 26110 33518 35246 21484 28756 945 3966 24201 39936 10370 37562 13841 10342 27861 35357 15625 19389 14549 28425 30271 24666 31737 18086 32690 29101 35646 12178 22269 23150 11976 12479 9372 7753 9163 2161 15724 4387 23242 445 4127 3346 3164 4988 20662 33893 24979 14605 19919 22215 29155 16283 9939 9761 24440 14040 11957
32164 11964 33198 25868 26479 14971 13851 25383 15503 30889 19989 28823 17211 16169 6945 15747 10169 33636 709 18697 32907 4305 35284 12009 4838 8459 2627 10237 9963 32546 6802 39412 39342 21139 8058 37609 23137 18849 33727 1588 24347 30488 34266 28797 34138 4532 35138 30079 33999 538 13492 38673 24413 22646 39771 16865 14220 11947 13331 23332 16384 38385 25183 2367 9612 13700 20396 33512 15559 28659 18441 30800 2236 15234 21538 6243 22661 23 34570 15184 23697 27008 2183 3052 13981 33671 37399 7018 33675 27563 21372 10551 5751 22761 29419 24888 36235 33376 36060 3023 16983 11186 28743 21923 18402 12091 2262 28782 4761 12668 29921 15067 6686 38780 4482 28961 3507 18512 17619 676 35196 5601 19552 22583 18381 10536 31260 36270 7722 34358 26592 1065 35519 23887 16146 38847 38595 27773 4683 27910 15331 6823 21224 24006 15974 19472 30614 11329 572 20686 37649 20501 34060 30235 6705 9036 9315 39813 26238 28304 3707 39099 13093 16716 3095 37516 11878 22008 5299 17299 14942 2467 33731 1648 19171 28585 4825 13374 33226 11067 29898 139 22340 3900 36406 2944 37846 21566 33517 19049 21205 29402 23125 1702 19433 14000 13840 26702 23662 20825
18385 34673 36813 32867 35320 7469 23295 36088 37836 21076 28383 25716 6846 39061 20940 13109 26434 37806 11372 14813 2380 3639 5886 15812 5443 21751 28607 39368 17075 1316 34479 20680 26532 36835 15885 30366 18791 35421 39499 12254 11498 18000 1420 10424 18321 24550 15735 26740 36367 19101 31331 2560 19723 19059 16439 31263 33173 16022 35226 2497 6785 30116 35932 27017 5836 11521 32941 35128 31473 16322 7750 8506 20262 18056 2323 29534 9687 19634 11236 2488 39049 17567 12490 4202 302 17276 14853 21380 37826 37314 17302 28366 15180 10754 22802 9193 27746 22965 13542 22430 23588 16010 16693 561 199 15189 105 36210 6334 23246 13178 36215 23592 10040 11473 3631 31930 35584 17414 39230 25733 8411 38129 38942 34027 275 37033 5244 14918 23601 10485 4702 17796 38156 1175 14648 23193 7786 3883 10470 31555 19371 24107 37153 6393 25698 11950 39089 20328 10737 37761 22801 25710 5228 28565 17581 35430 30091 27723 7320 35604 2369 8408 30188 8265 26426 30967 7869 22278 15472 25098 21178 36624 18834 15391 17070 21911 23194 18634 8461 11444 15549 2757 25595 3186 24132 19812 16050 28726 13556 20931 24157 20760 4196 21143 19912 22246 1576 11646 38662
19104 30730 52 10842 10533 6975 19120 38737 13811 9990 25619 7926 19465 23749 5946 6799 34597 16912 16453 23562 907 33924 33047 10157 1277 3000 18047 37265 6264 15716 1715 385 29157 23156 9516 27911 28655 31382 37818 28061 5534 266 4574 30888 11856 25534 34618 35766 29940 31907 5291 20817 19114 16333 24829 7020 10396 23560 7139 28514 17251 8238 37293 5274 22973 26028 901 2099 17513 37090 14273 31999 24482 13974 12655 33398 35431 17395 9357 3647 25428 23019 15679 6235 12064 26567 24872 35686 11081 28345 28683 35721 9844 35364 39030 3832 32567 36485 5248 13862 20877 14693 9921 11489 13608 12764 22114 24937 26097 2854 9060 22104 17063 14277 18629 122 5809 395 19948 21941 18557 10675 24959 11723 14010 27457 29837 6383 21963 10217 2736 8407 17634 20296 21130 15965 30789 2586 31734 21103 12059 23922 14726 15169 26081 10124 9029 37191 36874 11223 1699 13616 20143 13778 5376 20699 31525 20356 24686 37542 3048 17242 12653 26944 651 15877 20139 1496 102 10566 27271 19586 730 19187 2688 23398 5971 31231 28280 19697 26619 27330 34344 24050 20508 18522 25293 269 31045 25571 39097 1829 9011 22025 9556 18807 4847 19301 6185 24673
28364 9272 13023 38616 12703 22179 38192 32582 19299 21468 24197 22247 29637 23462 6158 20118 25266 27648 32728 26730 17293 24591 18806 11007 25002 37351 39941 35881 4393 27248 28398 37996 9915 14899 37160 36971 27943 32192 14577 5489 37665 20288 14653 13707 456 13329 20869 26642 2792 31426 28940 25296 19903 29931 15581 35738 16970 38416 3958 30574 15514 32507 28179 23897 862 36798 5892 4277 4023 21605 6880 39424 21690 23715 33490 26277 38698 25727 601 22832 11436 13537 18051 2946 20634 33384 34381 33784 23871 34849 38991 17315 14796 2680 2081 33270 9381 13119 36952 20696 27091 16628 27128 14902 29788 34226 33930 19383 1770 25917 32698 3560 12731 36359 16416 17383 25871 31684 2388 15433 30843 25446 10916 13378 34022 21797 4448 10444 38191 13124 30467 1152 3703 38556 26225 35775 8424 39863 16704 26441 16353 10387 7550 23080 8004 25641 16043 27496 1027 31553 12116 29239 39113 1763 6719 37294 10683 39317 7173 2549 21692 24824 7228 17269 16355 17994 2052 24443 31228 29249 13859 27934 23258 22437 33613 21252 39978 19127 4505 12522 14064 37618 17553 24527 16469 6919 23724 12215 9964 10558 16083 6443 30487 23766 617 34102 24350 2999 28673 27429
42 39596 30673 26893 33944 36567 28870 875 19023 18720 29662 36966 15008 27891 36348 29191 2835 4922 10473 3275 2845 3112 11062 18702 18458 34757 12681 29845 37060 34556 28451 853 2872 27617 23283 6834 26882 23672 10158 24334 12675 3288 11955 20018 20065 38286 19333 31295 5607 33872 33378 8115 22393 1017 17578 19022 20845 17052 5377 19406 5384 3678 7343 1447 14835 33833 36589 4914 127 24308 6850 36472 18196 36949 32636 17464 12100 37621 37904 38685 12418 26150 27061 12785 25323 19722 14599 23657 16285 13211 17804 27092 3906 39872 13820 13930 16183 21664 8822 20174 12821 38921 38805 1946 22280 27594 3029 8722 30554 2051 16607 11619 12406 33714 9733 14087 6657 25478 27583 9605 13174 26832 22347 5162 1834 8237 31065 21534 24596 22948 3402 8854 18484 11251 36536 8895 8949 36209 10946 22033 9887 34529 24217 1705 11085 70 39064 36781 4359 25356 11809 7990 37423 1823 4693 4523 13965 3013 22617 14808 14376 2761 62 19277 19603 5859 30712 5627 17686 38407 9722 14191 37513 16052 1542 8856 11603 11560 10284 7958 24245 9479 37300 5306 22501 36910 20572 35956 33601 27811 38861 7195 37626 16618 19878 30072 10013 18803 36671 21421
37879 28002 24839 5236 35412 21886 299 35735 22369 2621 20474 25081 36303 10152 19836 4027 7607 1367 33745 11197 8278 31778 22687 25320 24505 8857 9621 10914 7598 32925 28116 30256 24467 25816 34312 24685 35102 9752 27860 5554 11764 1390 32431 14825 36586 23517 17955 18341 20383 3178 34741 27762 19174 8625 13314 24589 27065 35860 25311 39351 11139 34273 36776 28400 15820 24427 20738 15525 6296 36070 39254 19510 33849 9064 31984 10644 18446 32200 11046 689 15451 9473 14748 34088 15569 21603 1246 14989 27034 14156 11281 8054 18023 9660 6507 20602 17045 28106 29687 31315 13208 9223 19449 17906 27162 26470 203 10068 21889 39993 5185 18984 18728 36850 12413 382 6302 23077 12167 29857 243 38326 33026 13009 11542 5256 30297 7621 24781 15405 21386 43 10886 25687 1208 15605 27952 29742 36048 13725 25390 37203 19432 20107 37700 14881 11673 8240 4956 27503 14106 15975 15267 34181 11738 34043 34496 35348 2719 25544 19875 33697 5365 39923 26891 26622 7099 23550 12133 2445 2001 14446 39378 23615 5022 35197 39528 30010 29182 7700 32093 16536 12124 24165 9183 4384 18681 38422 24826 29016 9603 24723 37127 37535 114 14081 31032 13567 8029 223
1659 13082 4768 9966 11977 3656 21272 7600 39341 2428 13268 11833 15856 22799 28684 34420 29365 15443 27932 22593 6602 1593 30812 19225 24924 28630 36659 6968 14643 13548 39819 37908 6342 36395 20994 33302 9362 3942 14845 2270 9137 20415 16215 32447 18164 32080 9697 23865 28581 13071 14716 5036 11086 11259 6841 8192 23953 33857 23487 7467 37398 33804 5928 27703 16164 18931 26043 21780 8412 25761 701 27084 6979 3946 37349 13744 11439 35121 23602 25979 27280 22049 936 851 29009 24384 17378 22310 590 22202 33251 36387 36307 10876 33657 23981 22521 16826 38594 16818 20440 35669 27715 31973 24057 37946 27647 37499 29743 34391 12879 14134 7581 14513 23903 17434 14684 4080 8964 16764 15588 36580 28277 986 20068 14591 24529 19455 12046 12389 18714 34498 16947 36218 24769 34103 1365 36377 6063 2471 31463 15597 970 37711 28994 20380 13472 29941 35263 10678 29910 30639 28252 26964 28697 6936 8087 7473 32055 16885 25063 27628 17494 6815 3534 29399 2515 37116 39890 17405 3926 26450 4495 15122 1439 23754 4361 33045 7834 25630 35779 1479 31027 15979 10276 31953 32597 5910 26835 35510 32844 10219 39701 12643 35680 4252 12952 22243 12422 2390
30461 16432 35904 12589 4822 6614 12556 30096 3757 5516 35367 34511 35662 7571 35547 2810 23786 12039 9406 3512 34437 8108 134 27917 36020 34950 28281 23450 34208 3417 1732 23284 3972 18061 3540 16624 31572 21750 5034 17492 2474 21493 2033 32846 11116 29716 31031 7415 27197 37643 24690 28900 13899 1304 38247 3455 38120 200 37394 19453 32995 32046 12863 30818 26033 19381 19338 15917 3245 9929 39168 9679 9434 17606 12475 14369 193 29425 12318 23280 9068 5834 19141 34982 7342 34052 11254 14258 25843 24541 12302 36933 24358 16775 39266 2993 10148 8497 29524 14109 37510 1165 13793 21229 24133 4910 14097 26624 39594 6938 1224 2521 3994 19847 14160 22956 28325 12407 1751 25499 22222 6305 10982 39644 29371 19811 14634 31909 7351 18869 36916 14687 14828 25852 25092 16202 18672 11331 14967 6495 17621 460 28337 1494 8136 6530 2091 13213 39276 27171 16165 18205 14453 25209 36795 15944 31442 32170 11870 18538 9010 26124 10262 688 25151 24147 4506 16857 16268 33896 26093 18277 29063 11065 27989 16535 27004 763 30616 12843 11247 10934 34376 28617 15983 23941 18852 36004 25887 18406 13605 843 30831 31056 37763 34179 32249 38962 35512 6237
39726 21075 37412 30905 37073 10499 31343 19423 36084 24503 17593 22955 30437 1231 2088 27580 18174 18680 12069 7171 14364 29196 24533 17539 33594 430 4423 2292 9342 38635 35837 28402 9103 35855 17146 12608 11916 1397 31719 4934 38994 11661 10633 29483 19657 1491 22220 23465 12225 25755 38725 37003 37748 1091 36493 16148 38743 21880 27109 26960 17789 35322 4797 37482 32551 31222 37 36056 34915 37255 10568 30041 26098 25234 38880 20248 9254 32208 21830 753 2584 19793 23331 20608 34144 25068 34877 19042 2922 8735 26401 11098 20820 28426 38414 5493 9468 6333 17812 3977 30811 11632 18905 13905 38625 32443 27018 16435 39789 23906 3898 26966 33748 25507 13056 9455 9782 1972 7957 25688 37870 38375 37811 8909 23508 27756 39444 25921 13702 8754 10586 24387 38275 5482 33110 13779 7879 17582 659 18908 10005 16115 32890 10602 26508 14817 16156 9920 30657 1320 34260 34072 92 35740 5219 39492 25103 6745 6575 37067 29043 26800 39573 6784 99 4788 32136 28573 15536 34 7800 26866 39935 20860 15210 8404 33551 19392 3976 29817 8661 15127 8255 31481 36587 30957 27997 29418 28654 9297 37310 31408 22457 30809 25062 17880 7206 28389 5719 7063
16872 33205 20153 22717 19253 15935 8000 32951 7923 32071 39686 23110 281 18428 9179 8638 1333 20171 18678 26883 21078 5082 15221 14401 33673 35051 29825 11938 12396 37124 32923 14320 26784 7830 18012 9387 35477 11512 20070 35088 29804 14267 25190 25172 24850 4803 2513 23395 32123 17377 16102 28233 30476 3277 36390 7293 27629 31280 4258 10661 271 24170 9308 24023 38756 3156 34482 37762 4485 1281 13646 1703 25879 13033 38246 1712 38603 27343 13796 35645 28661 9067 30186 24584 16368 22380 19206 6048 30491 22041 30924 36787 16000 4860 899 27394 15918 14051 28161 18429 27949 14695 15394 18938 21254 15341 26483 20826 22694 35752 22816 16565 1280 27436 7255 14907 15576 8711 3523 31271 31876 37179 20542 17761 15110 36728 12142 35096 21712 16741 32222 37781 34601 20173 39992 5495 19235 2883 27378 23834 10093 36881 1194 7054 22276 3218 38520 894 30313 5141 31761 35017 34388 29704 32452 34963 9732 31438 7463 33961 21688 39063 12627 11703 33424 14954 4082 20854 29918 29745 2210 9261 11365 36331 15205 12800 4829 25773 16749 18842 32044 8999 31279 30954 26170 9770 11924 375 7688 15743 31204 4193 22098 39783 20287 24866 17158 22424 9931 34922
3690 32541 28882 9678 14803 849 36483 38961 38646 22442 20632 19838 15412 13206 30772 28160 6838 36811 39989 5550 9559 965 7671 3258 38764 15671 17640 17895 38125 35024 4002 15745 34406 14045 4848 15375 31086 7305 8148 1752 22070 13801 14970 7488 174 23099 7720 13006 25771 13705 34104 31062 33798 38935 11994 8833 38778 36556 8840 28197 23139 11215 24299 34016 12380 1669 17754 9980 7901 39480 26178 6861 7340 1510 32880 16985 21632 11684 36298 9907 10913 14442 13785 10717 11910 769 19051 5907 16835 29856 20477 4330 3326 7649 22126 31967 32590 6978 31328 7433 26332 2334 2775 19650 11015 8536 5640 12704 38751 38572 20 16250 27586 15511 16715 37669 9239 4665 4839 21490 28465 5491 21585 4868 16009 38584 26375 23360 31454 34254 9505 5138 19183 36666 12539 22081 37698 31722 5902 21495 3310 35610 32702 26818 27768 18187 4494 33830 215 16151 20240 11033 13240 19637 9538 18247 33611 27397 19329 31674 37204 1276 23566 31652 26022 32429 30432 18337 4511 22658 6986 33314 35511 14266 37403 1104 23858 25227 37489 25086 34313 37148 27178 28382 35602 39013 28373 34846 31357 9818 4587 11664 25386 15048 5465 2071 3244 38260 6054 7347
24096 25731 10418 37868 37734 13474 23133 36864 23576 16915 31621 20468 14416 30577 21174 9534 24949 23847 31182 7215 15728 8035 108 7321 2114 32785 35214 23107 21674 26526 37271 13760 26736 36327 1046 36838 21912 34738 19706 6293 38438 33839 2955 39382 36321 39622 16660 19004 9109 37233 11616 5826 35940 6049 24474 30490 4318 22996 34635 4124 11928 22083 3880 27839 31190 22607 26857 18821 19507 27958 37579 26778 13856 17689 18703 39105 38453 29131 17509 17361 6375 13040 17504 22647 29341 3693 39966 486 36513 20832 1776 7328 3856 30356 28275 27640 34316 7375 20376 29140 36157 9996 6932 29758 25287 1087 8048 37755 35265 5044 4824 23928 29560 21092 34122 13513 2484 1201 33300 29210 34451 38334 11355 30199 801 15214 27611 12580 5847 14858 38485 24701 19410 33413 16521 22939 28592 7270 28851 34941 8874 13129 2021 15495 4077 21167 4222 11339 4913 5589 24392 25885 37575 16174 11352 5363 12729 27881 9236 8317 3698 1940 32497 24481 25429 17935 30224 24583 13787 21179 8975 8937 14161 12588 19485 24473 34377 32909 15376 28220 27854 10246 13550 37396 23151 36314 16392 32764 26765 38699 37999 13989 36704 16451 18742 39527 4731 23245 27724 33886
22071 35877 29307 19306 11939 30711 6385 30612 29470 18195 5416 29994 25645 33191 21744 4186 35797 20936 37325 37031 38558 28735 26049 34561 283 2891 28258 36135 25476 30166 8156 6077 10562 19773 22981 35409 2911 25668 38059 3344 28153 30647 23589 7909 20983 17899 9529 6848 33791 16390 13251 21240 15829 633 36947 32393 36032 17842 16767 8440 22207 11834 37453 6631 17408 30955 18161 145 3947 14423 400 27350 17978 31371 32886 35135 27304 15200 18638 4235 21825 39764 11469 9301 11189 10652 34197 22253 32581 9960 12566 12876 24962 19620 9721 18118 25125 3026 35217 20332 827 15482 14307 3667 18359 19093 11792 9264 423 3312 23587 35468 7907 20465 35402 30667 1807 508 34158 14086 21903 15575 33366 6655 8468 9271 22388 5568 32709 25061 16860 3867 17078 7135 28688 5736 3614 16121 19832 8647 18739 39469 15426 35227 1650 7006 4374 544 10653 23714 5173 19016 23408 38128 28863 36506 1761 14794 23853 4889 30479 11068 38265 17620 13757 3783 22396 22594 13562 36594 37334 6576 19591 14802 2791 3802 34962 25763 27029 34979 9395 5383 18112 23008 18733 2915 3405 2475 38637 12598 29545 8887 104 33739 2012 892 6759 34448 17547 1984
2414 26451 9740 32363 11773 39235 17570 23397 9994 19298 36239 22408 28333 34810 15477 32824 15601 34869 34455 12610 13750 12436 5249 30895 10466 32309 15352 13788 17265 12384 17415 26840 33615 18397 24151 19957 36970 25747 21953 18172 36443 32294 7367 29027 34661 10584 17156 8986 1782 35176 7131 19703 24601 14799 17520 29426 34166 16462 39179 31170 34427 12750 36206 10757 21651 17419 9429 22055 24725 34879 1410 10199 8823 36418 37713 26404 38585 12147 30820 2905 2042 23687 27400 38987 9689 7987 12883 27584 4207 8956 28189 13214 2502 20853 15519 22986 26206 38116 34670 38783 25371 11196 12781 4978 29494 17905 12374 36280 21707 14403 10441 31765 5002 4583 7279 14539 27261 17997 35600 4695 2871 30083 12230 27877 30030 30139 22830 628 29781 28450 18679 14459 38728 16173 13558 18444 6356 1835 13773 6176 7124 994 13404 1355 33758 8520 4624 5142 8848 10569 2332 32331 16967 25972 24882 38943 9344 28817 16566 9232 21731 34426 13478 26088 21916 38801 3233 25992 37442 5479 9227 31695 20227 39243 32826 28874 16240 2250 2454 5149 34756 14999 24576 2044 28675 15545 7477 32387 5156 14288 21047 20857 25467 12181 24837 28408 13196 11959 13190 3486
13854 22273 28848 13901 8269 37238 10818 27012 18627 20261 28379 36452 194 14588 22236 28167 19644 26580 27769 29490 33472 32049 27833 38207 19666 29702 9567 35101 9501 28353 24731 3727 10860 36052 29917 16196 39087 13059 25314 29364 30443 6186 34424 10252 23539 21153 21753 18066 6435 21006 27143 22320 24721 32986 4705 6572 16850 985 21999 15831 16666 14067 25184 38531 9988 12620 19082 29258 11821 38350 6849 11902 11175 23378 10383 11225 24879 15002 1448 32369 21057 27207 1402 27335 21328 22514 3520 38456 29635 26020 37386 9551 28177 16254 30270 37285 19360 6407 15977 34726 31749 38458 8637 69 27827 33352 25155 2143 12017 847 12340 22414 14963 932 36999 34379 32569 23318 31079 37906 10830 30217 23043 1473 20496 22337 10228 20278 22562 36329 35257 26000 15981 38773 39515 6388 34004 35985 1880 6223 7028 30808 6793 34151 1858 13235 12288 25395 14957 691 34717 35814 39613 4346 11209 14541 8826 2069 25052 5402 16731 22397 23925 32796 36416 2483 24194 22356 12247 2931 31339 9610 1265 11058 27810 31168 9753 30792 3689 37926 9168 39023 30423 8794 25225 35936 17878 31982 8028 30951 7213 9115 28589 3889 14579 16387 25656 37133 4730 38695
36883 37332 5821 10218 23796 26030 28066 30143 20863 30126 34582 22922 39232 8047 5487 28166 37716 27704 33720 21318 1975 26336 13638 22552 20551 38064 5401 17124 25324 2581 10517 8836 26875 37350 39301 39985 16071 24235 38894 24524 5356 36308 38523 27562 31025 35578 31191 1069 4453 33752 16560 34322 13881 5787 34000 27296 25143 12708 35242 3010 13414 1734 17969 38347 20599 35608 24654 29504 35193 18900 17292 17196 15872 20725 25013 14463 10833 33639 963 12951 11555 16141 13242 9856 14172 9419 12654 12476 22488 32675 37997 4819 21359 31345 23803 36478 32391 30009 31377 12032 13098 25316 26455 34643 9435 18959 20726 34405 2643 11307 27764 18727 10179 4380 3124 3618 9120 24592 15587 25998 14148 7466 28510 306 3974 87 4492 34207 6534 35497 4433 38797 1634 8042 6371 26044 7653 38017 19326 2918 29718 32102 25777 16707 14315 36611 36179 10829 21838 25139 4108 18564 26733 22871 20647 29967 28968 7069 36632 6203 6489 27458 9971 2248 8306 11835 28149 5586 4714 15801 13694 16998 17334 6391 1639 12087 7663 13092 28054 15241 16454 10649 7244 28788 38680 25997 24558 30349 15321 33516 251 38738 26012 12317 27043 3365 17836 32279 11588 13078
28803 34739 8274 14632 30527 37838 20901 37601 25337 37678 13051 39194 34007 13386 31766 12692 21561 20623 29689 1577 18824 3602 6551 12696 34704 23583 34777 10076 2522 34474 34584 19479 36915 29631 19282 5237 10112 34566 35120 33252 36313 31459 23418 30867 27750 19508 220 17020 35915 13602 15500 1206 37650 9265 36420 38341 7875 37981 32648 20330 19624 22813 27682 24114 4493 1663 39526 25328 33793 23229 18737 30991 6452 14598 19150 2122 32407 1681 35882 36152 17849 16330 34477 33162 27027 7896 35148 28117 7125 10695 13922 22283 24657 17125 12170 39918 29840 925 33142 17963 26102 6423 18618 24740 13609 25007 25555 17603 38951 22422 1621 12695 9709 17795 11720 9748 24923 21295 18508 21802 15847 26266 5043 34639 19914 30345 10269 10973 5503 26357 25319 12626 13959 24825 6211 22087 22941 18758 27119 38285 36347 6589 23860 27971 27446 38489 8403 5695 17517 30736 8218 4608 35917 4594 6341 29690 27929 35554 11884 34526 10677 21698 25220 23757 19415 12540 9714 38067 3054 25683 11564 30846 28188 8314 10364 21551 17456 20555 16471 17122 18507 36547 3670 30124 13430 29656 25450 38269 3607 11164 9747 32943 4599 11497 12292 18610 23111 14333 20324 34973
37701 37483 31824 14807 6804 37759 7837 27784 37768 28583 32159 7394 31564 36263 32428 36793 4595 9113 28680 16664 35104 31449 7495 1399 12761 9686 33610 28406 14758 13645 31653 2607 15894 4266 11018 1131 29041 16740 11454 507 17733 31483 12303 21686 18548 37131 37688 36405 12079 2300 38611 32783 28668 686 27673 32423 11330 9426 37727 21282 6259 3627 31563 28557 21689 27438 12250 12214 38108 16544 4613 27022 38235 19652 17252 26064 1347 6605 6065 15030 22455 29461 13630 32797 13480 31735 3986 6161 14910 21094 7675 6607 31887 5429 31593 37627 1958 14629 35140 2228 32685 11184 6199 13929 24735 22853 25632 9903 26900 8684 23499 25436 1980 5611 14366 29995 38679 20836 6379 22075 13626 7994 11851 39040 28392 31232 19351 37625 964 29323 35363 3893 13549 15070 24749 18605 28237 23824 27879 33107 39085 13427 17171 5548 34002 35652 511 21792 22520 10202 34074 24215 7190 37135 14640 7667 19525 8981 38539 35630 28254 37750 25218 10430 30534 20724 15795 419 23046 3330 27548 19215 21897 9105 6760 16959 24624 4563 24320 17734 25299 6464 30370 23559 10699 27921 39017 12188 22332 27948 39084 26355 15663 32774 3641 15096 14496 35485 32680 34531
3204 8271 17701 10375 38476 6715 1741 15957 24154 11397 31774 7767 25049 29331 24282 27492 15579 36267 14234 1563 6313 38200 30202 18913 21202 38681 6649 1935 20393 14542 910 12755 39157 35622 18912 30047 6737 1162 19168 38157 36246 24887 12160 29834 20234 18907 22115 21435 27203 38490 17943 19460 10145 13580 13319 32460 872 9855 17221 17792 14723 12738 29330 16446 31171 27233 6515 34933 23910 36486 7838 34472 11265 9829 10159 21958 16216 12596 21940 25243 39690 24333 8423 35094 16810 16130 25569 7584 18759 11892 6798 24074 10085 24310 11880 19123 36091 156 32900 23000 33984 19029 18151 2017 32649 28232 19800 17769 513 24319 25154 22570 32108 26431 11904 760 28555 7460 28048 27122 37317 1384 38369 28657 24502 17291 20457 15463 3327 23233 30651 265 17977 13980 21680 26860 18801 20446 6762 5258 11970 3045 34182 18978 3192 39619 10583 9034 2066 29759 3382 34614 24162 21786 7552 26141 24373 30797 8726 23932 24867 1816 23234 13596 33539 27228 13835 32060 36266 6254 30755 27576 15761 9638 26320 37374 16100 2120 8555 22748 19996 10261 23310 2167 16730 13935 1988 23908 7369 22182 38947 18466 15783 37571 28051 38351 31705 6365 38186 9062
29508 12482 3705 26808 34995 13701 1451 33979 22180 5166 37355 15414 24858 876 12006 27559 24018 3548 19242 37309 34244 6438 7982 20659 31472 11749 24378 8514 2098 23199 12013 9478 13424 25766 28783 14078 8280 5386 1301 4141 15636 26853 28773 28778 15789 24159 24102 12 5437 31862 39536 32300 36109 17676 35329 6012 32258 8772 39024 39607 21556 13156 2103 35131 13475 17818 39067 34123 23793 11409 30348 31888 7025 23290 13897 1171 35159 32961 37452 11348 4047 26712 31996 34454 20090 20798 10455 19308 19501 13963 35486 38871 7867 26368 10479 3055 24775 36507 39449 21507 481 17979 28535 17409 3006 31123 34101 1865 26974 6654 38274 33406 9443 4118 18811 5364 29156 1556 3648 6816 480 1695 10177 27720 21807 9535 32944 29367 28536 1594 3189 608 12772 24031 25524 28981 24679 17904 6484 4727 4328 17866 14274 12514 13136 34361 20745 20428 27227 38870 25767 10793 2759 5648 2909 35109 2487 28578 39494 27712 37653 15476 28884 32422 28393 22970 833 4849 38109 4386 37584 31158 16873 38819 34395 21970 10299 33431 31944 5123 28772 23744 25883 34250 16184 8135 13067 21992 30904 29138 24662 10654 37240 16721 5655 12802 9502 29798 26174 30200
33259 11548 12816 4249 4533 583 38256 6940 6193 15133 4669 20452 11714 22163 3857 6808 2964 19517 15650 12871 16076 13479 28616 29891 35340 7530 10402 9154 6729 6349 29309 29065 34816 27760 6231 29528 32898 22684 31669 202 29723 17066 34634 4744 32736 20677 22526 1041 13593 12574 7138 14357 26558 4766 18895 23082 19876 23377 13885 4042 34961 38237 4313 38544 13666 14567 34275 37099 9495 20418 17353 3963 29482 18710 28290 9313 34802 28707 5151 18364 23317 4742 6207 6463 28214 18615 23416 25232 20754 3062 26986 35544 22651 7889 17576 32048 8185 14906 23451 27521 11217 20485 34444 750 8377 38966 20839 3874 24716 14252 2293 32272 217 30033 14165 19767 38554 30248 30517 34111 600 39562 22438 20027 31634 204 13110 4488 24234 36045 10806 830 10543 26369 22824 16657 18188 6783 21745 5900 15227 37389 2879 36686 12242 2528 1398 18998 26638 15656 38329 18152 563 15738 35345 10671 28724 36491 11895 6409 19654 33785 31668 26288 11985 18729 37260 28201 356 15665 24212 8155 38085 3827 28937 17694 26252 18648 1515 31304 32793 31763 27408 987 12001 5588 5868 22557 4554 18176 24041 35576 37142 22754 28800 22095 13843 21362 27585 26521
25828 13443 14421 30518 12243 10438 19808 4935 33792 37808 27265 37853 28521 17244 30693 14741 17102 22603 21554 22364 26885 1082 20706 23126 13676 33436 26085 917 35931 6603 38545 4114 28469 12659 25200 10082 13799 16162 5430 3565 4581 7141 3120 24631 33799 3726 26771 37754 11029 12199 19062 36319 25313 11975 23040 13872 9180 35264 24338 39803 19815 38855 38486 17828 11927 16805 37206 9016 17386 26676 9162 1251 16516 10268 21729 36481 20783 17658 413 17424 25298 35398 5977 18472 9898 16024 35153 26689 11836 13047 6724 33736 23004 58 12456 6440 20589 27619 24783 18922 22685 733 23594 39056 37381 1211 5527 5710 17938 19353 20537 35911 32687 21974 31802 31692 29651 34715 33057 15485 29431 5898 15422 1756 4262 4870 31979 12555 25831 3532 18909 18911 27728 30975 24691 27849 36914 35624 26735 9736 27314 8933 18120 38687 26171 24360 6324 11410 31531 25206 8767 8400 28064 6429 38601 32421 9698 37537 24945 1044 13300 28873 24802 35898 13042 1098 14236 9661 418 14586 16515 7738 4339 18756 26315 4703 4295 24580 22251 24094 18677 29154 12814 16975 24475 37446 10302 28246 18467 30209 18949 28176 17092 8225 13936 1536 20521 17426 17365 34918
9464 18376 1846 1225 11837 21489 10849 6998 2717 9644 28312 28859 19758 18361 1503 15469 4076 7733 262 20012 19154 25071 18771 10295 35693 3847 2703 19729 5904 6844 24048 5721 11887 21175 18082 13379 16349 15345 8056 1977 21131 26901 956 30822 23006 39154 5999 14843 32168 18197 37737 39508 21368 20359 13458 10874 27137 7848 26772 28771 9816 28558 21163 664 13422 14384 5510 39578 38022 12065 3119 27976 13832 36694 26889 8575 22295 4473 14724 31099 3073 35355 33742 579 22382 5803 28387 38853 33555 20256 35745 12466 26668 11978 2660 34390 30107 29760 8675 32207 30528 37783 622 28135 31250 9631 22782 16047 1155 24572 5857 1006 35443 7818 9097 22248 27476 26856 29947 13382 27189 15310 34323 32957 38904 38033 29502 32379 7564 11111 36797 5698 714 10203 30207 20028 26579 21844 15493 37589 9737 39426 25006 21023 3878 11753 11262 37086 5121 7416 37070 38720 26407 12535 19556 15710 39148 24455 11314 24638 27752 37865 297 12528 31060 2116 26029 14969 23029 1995 11393 31542 1825 33098 7333 28099 1817 1785 23678 24905 33056 15746 39343 11442 3060 20412 1993 32021 35442 6234 12968 7922 29645 23484 12926 10394 17429 37199 3767 35967
36731 9231 2188 21790 29894 2929 2834 21457 9634 18602 4510 16897 4490 13775 9664 33453 3024 19539 29913 34705 31632 10977 34900 31427 10807 10514 581 8394 33305 14329 38305 36351 12274 13055 24089 28313 37422 13352 6635 34603 2438 30368 24951 14981 36276 8299 7242 12560 39875 20581 10500 38792 11485 13598 38101 28158 20951 63 37477 9436 39035 32714 12517 32220 12819 38181 390 10944 31550 25587 36648 21704 13665 17317 4113 7388 16374 36532 33403 4757 18045 1081 23118 19273 28952 12410 38239 7861 18813 31582 7536 21363 9124 2576 39162 37108 39305 2858 37541 19136 5086 34826 28358 1544 21636 20160 38262 3701 14271 17903 34234 30111 10616 7408 35313 33997 7773 1992 39478 28674 2551 457 19043 24603 3202 19691 20484 39002 39272 37049 33484 38775 39326 24160 33075 39735 38807 37862 33841 9209 12638 24854 8896 1646 23433 13877 32872 20461 12782 10072 981 11318 29303 36147 4586 8015 6471 27306 33339 18808 28923 19868 1905 4132 34937 12954 5425 18412 25360 21212 497 1641 35699 38419 10511 28315 13272 31107 28893 8558 33704 34050 36818 883 16063 16193 4294 22828 15174 26523 19681 18775 13017 33515 23787 15216 3671 8254 38065 24296
34206 22854 33993 29036 12550 20350 4804 5804 13357 32611 35491 21284 20421 33070 8477 18374 27946 24266 4630 34230 7847 8282 3651 32019 22338 33890 34862 37687 13031 1466 6560 39843 17354 36173 3034 18981 5724 12455 34541 23390 7278 2620 32668 35696 13755 5302 1387 32861 27441 31042 5470 36987 28409 31595 36470 27808 21049 14224 8551 31643 3823 29717 846 4592 36887 39569 12055 35118 26713 16714 22855 15596 29939 21867 13573 947 6449 29376 6240 4094 30203 3644 17573 30560 22605 1182 28019 23023 16027 23100 26464 14511 12162 32932 32769 14661 20771 16712 12721 10619 3975 8478 17389 5749 13903 29238 2693 28996 3267 33046 12963 9256 39809 36221 29762 5923 11009 17440 19743 10894 27202 19310 7317 4283 35859 24035 27638 19835 8103 547 5394 3238 11043 25594 365 29353 23637 16238 17939 32980 23779 15709 7303 744 14188 16795 26881 28004 7719 20751 5498 12174 5866 822 34187 22543 37560 12885 26144 2232 29322 9945 38459 3431 21353 5818 36422 4487 31545 3420 2591 23277 22433 14014 19010 20923 6267 9332 23881 1072 18404 21696 8110 21309 12327 27294 35004 19559 17417 30396 2561 16634 23814 18421 9520 14900 10740 19388 27878 28899
10259 10603 13175 32267 3803 37226 21453 28287 39664 37531 27071 15936 29401 13356 8739 9717 5263 14137 5492 34993 17685 20007 24744 26863 30131 9629 14877 2240 13104 8523 21659 29536 13612 36543 15509 2853 17846 14138 38227 21949 37801 34356 5366 24400 9292 17238 8763 8965 36480 7696 37106 20000 37856 6951 16004 14119 18400 5800 25405 14176 33239 36751 33549 31447 8077 34521 34033 21022 7133 18792 39464 25043 39850 33370 6275 18137 22359 5992 1482 13802 27706 32495 23448 19297 2387 29765 39396 23739 18725 11842 12922 22892 26806 26509 20089 8084 6728 35587 1629 20420 14933 32003 1653 5252 22992 2347 10311 24928 31968 9250 15005 28930 23496 29168 37193 33725 20582 34689 11477 8432 11324 11625 188 5635 36679 21957 27105 15449 8591 36922 21896 23244 2106 27537 8559 37076 30431 1083 23728 39294 14018 20956 1578 36498 34967 21476 19103 30173 8472 14020 10787 34702 9659 15698 28184 30038 6229 32410 37613 73 31673 36252 1167 135 37110 14809 4627 38184 20193 1976 18240 28572 33380 21981 22118 23895 29613 29533 34443 30936 8198 38535 12343 20665 3851 28569 4360 2413 22628 2632 29391 26042 33964 347 41 9146 39418 22287 15300 21810
14901 39927 30961 32233 4224 33669 831 5916 27380 14860 26339 31784 36227 15535 7981 38426 9798 24876 20716 5639 13091 5535 3795 14458 32240 26349 31605 13949 26034 16352 8858 7921 10996 32503 29476 23540 31113 2655 13074 19080 31928 6132 19322 13742 8246 25792 22773 31130 38952 28 4666 16067 29848 1677 28039 9151 13477 7277 22567 28594 16658 26306 34978 38373 35019 17467 8907 35127 29990 35484 2838 14464 27657 32657 25179 21317 13191 33123 28612 8145 59 14993 3138 25978 14139 18708 15537 23942 8151 24081 28849 8878 11073 406 30965 14776 32320 30324 4998 28917 35633 34786 7010 17264 31724 2765 18234 12338 35495 11107 39885 1896 21336 29485 32479 13182 9129 30419 6084 34881 9617 7930 5587 715 32232 26621 7231 24904 5078 3914 37522 9095 27880 8893 9057 11882 27424 25119 14616 30205 6852 22004 9022 29609 38711 7755 3960 13886 6196 16851 28605 18690 18091 9110 23802 26139 20678 23096 20087 1591 35778 19379 12202 9119 27708 25538 24307 12865 12635 26516 12525 4140 21376 35829 34200 28593 29267 18671 33879 7105 9949 20614 6250 6552 523 33787 37957 27359 37387 5327 38623 29163 8420 11146 16227 2031 14837 14830 31857 10955
38463 34215 16177 32749 34321 3825 4942 21265 20747 20096 8793 36415 4446 22254 37222 38774 15673 33128 35100 22984 11681 39377 20679 6269 734 1297 29109 23554 14147 26119 12948 16297 29017 6389 36857 16556 7503 37388 35295 8484 8041 29546 38352 15297 319 31208 36812 2331 668 31494 24252 12702 12484 2416 2203 13027 14668 12686 7038 26552 37144 24191 16286 4758 20731 14771 20043 13219 8654 33828 33044 12403 37441 31422 17038 27051 71 30508 39938 36963 20283 14362 11255 2644 1793 1418 18218 9480 3005 1524 26924 3234 17563 30451 32558 4584 19220 11907 15150 3134 4151 38891 23731 26116 29978 8307 38729 24109 21114 20201 33317 23963 26228 11448 32866 18580 9212 16404 7371 22122 18384 32518 3147 39371 18181 17055 2734 20971 12924 13106 21533 5083 24942 10659 13893 37558 23572 21396 1342 4932 17462 5963 27154 22301 11385 3779 24921 10106 35751 31150 23338 27865 9825 19826 32817 20884 30021 8498 14651 6819 18284 3493 36366 15232 32646 36809 6763 1698 31503 5064 21947 7934 1623 26222 39616 3043 30398 20145 8379 21150 21430 36957 11057 2568 13875 32524 11743 34523 35038 1021 38225 3219 34637 24218 22120 18434 14715 19648 31782 9973
28980 1121 6219 33874 14487 37790 29124 30402 24615 38266 1832 17282 10758 20591 3298 27376 25345 13522 34194 19609 15689 22219 33977 5806 20436 2273 27999 15708 4209 34099 28529 26275 38546 27834 6206 22860 38276 1666 34220 6309 26488 35154 9957 29682 14888 23800 8196 11826 16529 20789 21516 33618 36238 6911 20980 12734 22127 3742 33435 33973 15456 31375 13004 21337 23273 3922 32642 8116 6931 16895 12758 6021 20657 29785 767 17271 38998 30796 20255 35083 29423 32014 38042 35681 4329 8748 14581 5578 36814 39062 10975 39349 11221 2398 14988 25707 749 1891 18669 12685 5839 21116 37816 13737 34836 4399 22027 31738 25811 469 21978 36068 5871 3735 13781 12977 2194 15951 30874 32225 15003 18192 1862 28101 12995 39589 112 1754 12636 25258 13105 14841 37190 30369 4854 14392 690 3444 27030 7779 17126 16437 9096 25715 6045 10160 34326 5200 18169 6796 19274 12757 22391 11006 38799 38735 33304 4472 17838 13577 31762 34290 35656 4618 4983 30434 26534 27041 35654 21945 2571 20212 35806 28599 17964 23916 23267 25783 18643 3421 17148 37465 28397 27434 34428 26286 12884 35081 28670 23957 55 7878 8009 17583 224 38536 32841 93 4850 33663
36204 15014 20217 39839 30741 37128 36511 32355 7985 9158 33990 22622 31116 23148 36167 33676 18018 38136 13845 30014 6585 34306 5911 13733 19533 31318 8534 7179 37175 36800 37464 11580 17363 28368 8131 11271 31633 34019 9448 34728 37284 38950 19649 9651 11347 30829 32145 31202 24761 138 36670 27735 20990 22793 25017 22262 20348 29855 8611 8535 1831 36320 20133 8031 5317 7174 15568 35312 4255 22317 23726 35575 35169 33103 16054 38975 8774 17039 25026 7465 7155 34818 8867 3031 20085 22232 16153 10634 12474 22420 23391 25801 16960 29055 17688 19153 27150 13234 34203 21466 38391 37607 35070 34571 8 35934 32916 120 22720 15846 3807 1509 31464 39094 29811 30984 16854 25952 38074 32853 36165 26405 13724 20159 12138 22427 20562 15719 20920 5933 10187 13902 30197 20560 30706 10733 367 23599 39479 14131 34118 39892 2117 21669 14367 17527 4832 31363 11256 14183 27120 34042 29897 6286 18974 13678 12982 38340 20866 23381 36548 12154 22192 1170 24637 22847 32122 4020 24353 13260 32415 11810 30234 25681 25494 20059 31285 6885 18029 29031 2577 36676 3473 19017 23702 12689 22350 39088 22140 14938 26494 17717 27239 15402 14682 1513 31833 36538 4876 18505
26604 25085 33954 4019 34066 2212 10763 5304 4461 19615 23705 11991 7545 12222 25334 8229 4790 17556 472 39501 18265 9116 26200 21107 573 11488 36772 7271 22772 34720 20411 10437 4951 35423 32338 33686 3739 39812 28427 31795 16232 19934 14953 15390 29741 35390 34989 920 15632 33086 23976 13759 1625 27847 22528 8059 29059 29612 21572 39151 4524 16006 15551 30878 24549 25351 22321 5286 10746 23276 9482 14323 3372 2806 18062 31899 12182 38430 25447 9286 2712 22863 11153 30522 11002 17601 10680 13708 14493 3545 32011 17644 34352 9647 27798 7254 3286 17808 5731 27874 38202 10293 25028 15740 18835 35516 18797 9055 21379 35875 17884 38218 22168 4403 18170 35089 18216 6768 19936 31392 13847 5687 2072 20351 23975 895 5077 30977 3306 16304 4589 5467 38071 8375 2168 35629 9581 27513 4499 27870 8090 16916 24271 32472 19768 3261 14207 19967 32301 17740 19992 25540 3728 10201 39671 37491 23392 36657 7158 9889 10008 18241 28753 834 31039 15312 22648 18701 33479 14417 28162 4225 20218 12978 18078 22938 13588 7674 3384 39511 8831 12774 38622 36756 9916 4095 4467 708 6422 2813 11865 28915 33920 37680 10622 18946 1552 22043 37008 27954
11162 23389 33134 31474 2539 38301 26721 16408 7307 15487 18859 11782 740 37039 23117 20622 4028 2982 5939 5713 34417 20505 11876 6976 22067 19321 29215 23630 11389 21650 1838 21406 13766 16575 20247 28881 5440 2205 27104 9927 33660 37724 33354 1185 33700 20069 18957 14820 27074 20216 6418 6969 38909 17830 19400 35928 29928 38023 8904 33437 28861 33182 30463 12448 7717 28435 37346 15933 4491 33972 10032 2118 4750 15604 11418 9918 20439 24856 32803 36962 25270 1407 15666 7002 10338 19378 39320 7365 21400 3353 14209 26092 34359 5122 18929 11562 8200 21590 27490 37658 7836 9090 36411 14021 18687 30153 32994 5767 21968 11381 29961 9138 23831 3785 3243 5132 15418 38897 18233 17447 15995 10055 25712 34174 37418 35586 3732 4749 36755 32711 30629 18614 29638 4484 3699 7113 21874 12639 6742 20031 13146 37426 11356 38841 784 18408 33298 37366 31921 16576 33276 31540 37695 2411 15333 17845 8518 9650 29327 27459 5312 5555 14874 18906 32395 32155 32617 17778 17669 21035 1400 13438 19816 5060 18881 26018 33161 7311 37493 35073 17622 9104 11774 6619 19155 11419 36529 19625 20182 1122 39647 17791 11362 6801 21894 23420 80 6565 39258 37012
32759 9962 38788 21216 28542 20205 28432 27005 33288 39561 18945 19900 27157 24519 21770 10382 23664 22113 33074 6713 28984 18979 35075 38388 26981 37197 35382 30406 34598 2138 39083 2257 5500 9398 3428 37414 27589 25415 39994 12935 6278 12402 25578 30319 19574 3885 39403 26511 8268 36837 9767 8134 15198 28606 27411 36667 26337 14913 25035 39878 35010 39902 32592 35635 8830 3087 36709 3869 7929 15808 20130 35415 13209 13536 16187 2213 13065 9828 12150 24810 30195 5322 5355 38267 7065 27015 12940 24416 32489 17889 15222 25159 6114 285 21381 1030 33751 3027 7444 24120 20236 14006 37620 38958 23101 20887 37373 5808 38032 26274 10880 21818 9246 23590 9913 27705 23842 6918 4365 7694 14263 17766 25288 14524 12473 17333 20449 3952 20189 35058 30152 26192 7594 32589 7251 18300 38036 10875 12286 3035 20169 4873 25799 23649 20813 30640 5190 3643 15881 15293 22568 591 28516 36 23547 17991 38917 28336 28091 5813 11000 25254 35831 37628 12833 11694 9992 14327 26533 5536 9941 19003 4725 28509 19607 3449 28597 26356 20347 37555 36106 14890 33948 25307 31398 2137 17240 30474 38124 8438 29180 34410 25793 35969 34934 24104 16953 5865 10317 34532
35783 31428 18074 30189 22441 2542 7652 7036 7569 35673 4538 34418 25790 19685 14563 18892 27435 34841 5476 23617 33862 36161 5310 20470 30052 27643 26711 3595 5074 12630 4069 4381 38250 37725 36703 1730 2010 17245 26825 38519 2532 25444 24545 23464 18373 28248 13884 21171 37471 23446 2029 4337 17202 816 2433 3658 39533 13188 28879 3853 29602 33590 22051 16930 2725 20704 3819 29128 9314 1229 34850 26314 19152 9338 38537 2459 14110 4756 19711 3474 30159 619 32437 38574 5098 14079 3711 34550 10043 7393 22195 13437 26324 13487 36584 6866 3418 4617 34801 38228 19494 20456 25359 33469 7677 34615 6110 23663 38160 19113 23091 13010 16093 4987 14948 21285 16988 34791 30870 4632 36364 16969 34134 31101 22366 6325 35995 37583 16094 38832 26710 39510 35041 18114 17480 24454 36516 26802 35494 38499 26075 4163 17699 13533 17565 25479 23212 21946 26952 31612 13817 33118 26076 25493 12644 37445 741 19656 702 18102 31584 31507 14153 25818 34687 26496 26173 18805 27544 8252 39138 26628 33024 5087 8380 24510 24708 7618 27572 38048 19965 1445 38052 20021 717 31947 32956 21986 30459 31821 21955 25962 23470 14793 14639 13362 9051 30020 21021 37145
28439 9843 32442 24060 15660 37668 14537 13956 12141 19814 31030 26189 37578 36836 32358 30525 4884 25580 10243 34842 10324 2755 16942 2032 38488 35 22290 1161 26959 28118 5665 12801 1193 23890 31835 36013 24647 33556 14990 474 1877 2639 146 10213 35145 2234 15209 6373 6974 5638 29234 11369 15768 12794 26639 23007 38762 17684 23586 9541 19143 28015 32678 5119 22300 7486 22407 28083 24554 10339 13984 15853 21809 16452 10518 8189 15520 11797 18224 32969 39600 4853 10135 29686 39815 17352 23152 32162 12752 14937 27327 29805 9892 37735 18289 36928 33667 10015 37952 30964 20167 5672 20038 33048 10215 13348 17151 29614 33829 33651 2229 38932 14936 25614 28340 24435 36444 36081 30810 23432 5297 22841 31924 10823 37004 34839 4741 39171 19025 15188 28805 17437 34503 6967 38665 11354 7775 26811 11791 31489 3177 13456 10078 26191 6512 39870 9004 107 13637 13425 21238 10327 33790 4071 14050 24072 37666 37974 29193 21241 33968 25180 8634 29075 27789 21300 10963 25138 6740 21565 6792 32427 19613 22663 33522 5085 16725 25631 18884 15908 2391 12309 33779 33330 10080 20507 31532 9279 19345 29938 25150 32656 33925 12912 28926 11860 34132 12419 3435 34752
10002 25451 23371 8467 20829 20362 27818 19137 22484 16793 31875 19363 353 14448 22928 12058 14178 35748 20237 378 4995 2888 19304 15307 6599 34473 10662 15730 13874 15766 5617 28799 24877 23063 37301 27554 22241 17596 866 32345 37592 12661 5441 4993 19794 13116 8550 31355 18179 30743 17813 21509 10704 34798 25250 37249 31663 18736 24946 27354 38713 38566 11649 29852 9148 29813 5084 18350 27232 16941 29883 37675 32619 4972 19670 10747 34304 29829 10063 29002 16029 26009 31852 4813 24430 10513 28986 27639 3518 28975 25432 19938 21885 33593 38150 22848 21623 22724 34576 8416 35213 29951 9869 17752 12148 20755 17823 18229 21316 13005 7858 8097 19257 22910 15486 26495 37704 23160 25211 24912 29916 13224 18579 32359 36732 22265 16495 15570 31003 24458 38717 15496 33211 2319 6526 11898 14816 34030 14779 1254 13517 8466 4773 13299 25865 38148 20566 39766 19776 20198 26330 15431 16326 28157 22563 21840 10847 11045 39384 15062 16779 24651 5501 24239 11037 9936 30001 9161 24370 18246 14206 10484 18894 32952 4450 13532 9358 6232 12493 7723 35664 21989 16272 30971 6651 26461 22421 27670 4008 36514 15592 11727 28721 4906 35935 2824 26859 20827 9446 24210
37356 1878 37550 17916 17083 27895 19514 24200 29654 32488 4100 38670 30930 30658 2604 21470 1163 5136 9673 10024 21339 34421 7269 17338 38793 17636 33284 29354 2831 16426 11801 4923 10960 3319 34732 10255 27075 36757 5563 26691 19618 11366 31425 39018 21394 4711 32106 12378 17542 12711 4344 24987 39662 27725 5409 33009 17611 12791 39677 2653 26594 28860 25046 22693 607 24186 31500 21519 7913 13554 31690 3151 5035 15013 9460 20719 7309 2753 30163 25197 24314 21859 7566 32962 3255 7531 17947 7927 2182 9956 10868 33949 19090 9943 28890 34495 4865 24337 33633 20158 28008 6761 30 14308 30644 2233 3429 13099 33181 3371 38746 37780 26016 12945 20876 7919 12813 17924 35905 4237 20545 12308 17215 27484 15628 38434 18783 3111 33650 11644 24352 21577 14611 3562 5618 11841 16759 21900 27240 23654 18306 13266 12631 37417 6200 27998 29298 2545 2804 14490 3760 15201 3784 8068 27373 2426 9917 9585 10919 38582 2935 23409 1566 19231 19063 4246 39000 26019 2251 36993 14312 22606 28449 15274 29471 20814 6628 23555 10373 16399 38037 11901 35832 7335 1118 13950 8948 118 32849 16342 27318 15501 1787 595 1318 16682 7142 18879 17138 8289
34830 7459 21935 7687 10986 10778 27461 16088 1604 31667 28063 19380 35273 4340 30690 4945 16486 4009 20553 15809 20172 33827 24176 19458 38878 32326 35434 21740 27198 25136 32480 36723 16391 30178 25027 12502 4146 29227 33906 11655 6213 31240 12134 30980 37921 21287 14471 27404 27112 17891 12707 34225 37038 27830 37391 25788 8819 32772 6981 26023 7515 27783 29872 22394 12469 16678 6680 4754 2419 20486 8106 25336 1312 27856 24330 12062 35475 14814 24368 35803 18410 13581 38916 26664 9432 34664 14530 35998 36681 4887 32837 26117 18606 12526 35125 27898 37771 27253 8522 36958 18594 30059 39271 48 17044 36024 21168 36196 22398 33761 10702 28761 27526 29867 6272 9578 24183 19255 20252 7862 25554 18366 29757 28256 26640 8341 12538 12852 7325 31608 22324 31696 3284 28586 15409 15878 5608 4996 1287 5232 8125 4350 8071 38029 15595 7538 38822 29011 17207 1166 9930 15020 17445 12125 17551 31416 19672 12983 32521 21280 1404 8680 14777 11152 29279 6909 16598 6347 3623 39548 32023 16190 36851 29071 36888 11995 6144 35991 12262 1421 27923 15678 38240 11982 33280 23681 21975 39468 34342 27730 6139 28543 14116 35921 2266 27626 19869 38944 22756 8049
7324 13994 35082 6406 20086 31338 14373 6952 8378 10722 9910 9938 16766 4081 8348 21243 15884 39836 36665 36696 32284 37180 2180 5272 3016 1196 2244 12446 32140 34289 6404 11986 2468 26950 2259 28759 20697 27908 25087 16378 18647 11875 11780 33774 24121 3259 38568 39181 26010 33383 2092 6886 9537 31855 4919 7313 727 20707 36177 6706 29190 37088 21892 29287 19677 33051 36343 11 6695 19086 4820 23061 27045 1433 18667 2965 25437 39718 5421 10859 2808 31562 10291 20279 36001 1532 26438 8618 25999 25545 7906 31846 34362 18788 21249 8765 33342 21694 34763 25051 1676 11103 4573 24216 22668 21298 10006 35324 15475 22937 19404 2728 5924 31193 21580 14462 16595 33680 6827 28815 4239 25663 5128 8696 23621 37295 5146 37375 38278 2216 18162 28057 13296 39068 6874 16291 31607 6709 5264 8706 6209 36693 5330 8788 26814 1901 10374 12290 37342 6456 9101 11929 15705 12666 8773 12822 23507 24816 23341 39166 6633 32613 731 2345 18560 18989 35644 6401 29731 33379 32778 17627 10694 33706 2255 23791 26254 23475 29064 18037 20301 25893 6041 31858 23228 24118 26054 8326 19761 35414 1978 5080 14824 31466 33587 11443 4242 29771 27969 37742
5742 16867 36186 25735 8708 25165 19920 13813 6992 28947 15273 23358 28082 9181 37848 12356 24322 26895 33635 22725 36249 17661 27844 1032 28678 14023 4856 36697 33217 28147 33040 13826 38134 22541 35281 2410 11127 17857 1759 38353 28839 14084 27918 32945 9708 39746 8640 6143 37907 30257 39203 22951 27409 1108 21525 19394 5932 17072 7306 36920 32058 33626 13418 30137 26841 4429 7629 39361 26546 29657 39961 14026 21845 1833 33819 5255 12072 24375 14833 22063 13988 22905 526 5485 6524 1697 2926 29738 23467 33659 37474 20736 2777 12962 10760 18526 7051 14856 19664 29710 123 32973 1630 26607 28031 30303 26261 29142 23262 5399 19263 14929 36465 27259 25374 2462 13057 15627 22539 1366 3574 35971 15406 2520 11231 23568 1798 16112 28910 25512 19271 312 4637 30216 19864 8005 22921 4449 27829 15914 36113 28306 26930 24504 5685 31588 14889 21763 1331 21431 34938 22979 27462 3469 32237 681 12248 8650 4516 22010 28775 6610 9811 8905 26571 12092 37576 19184 14049 22707 21520 10798 7119 14195 17153 34152 13535 39350 6517 36853 30932 9874 20929 11528 8600 1696 15758 29019 36919 6228 16594 16787 3944 37457 23792 33734 29280 28376 36375 29606
39919 3047 18968 16507 25322 24438 14522 4422 22000 39503 27994 19547 12198 5990 37413 2163 29218 18838 17625 19075 2954 19843 15260 6722 24581 14115 18707 31127 9400 17541 19352 8181 12285 6835 21319 13525 716 19176 39356 33967 22624 5845 22015 13560 18682 34150 17759 29548 22680 22566 21390 6244 2749 5458 14712 29698 28230 19700 37149 36534 16921 31154 9167 26972 27693 37409 32482 7757 39700 25664 8565 27464 32321 22326 2281 11075 23531 18772 25113 33873 5957 226 20434 11101 25703 17975 36972 19091 24232 27668 17290 2351 1335 29655 23300 38306 27785 39100 34824 16966 23823 10434 18032 18448 11110 4961 12228 4321 29873 29416 24625 34766 12011 29753 39550 6396 21001 37057 18331 30399 12796 38678 6188 29922 34288 32801 38491 23933 33514 36986 38789 20552 17742 2707 13957 37130 24758 14737 27983 14656 2614 3604 20671 16403 35920 18309 23471 18014 19884 19594 38888 7752 39116 30929 29447 3830 35665 33820 16098 26663 3214 18889 18586 3188 1392 22146 18090 31112 5522 34813 11996 14298 11699 28145 34527 21037 37478 37037 11806 11633 8718 15726 1059 23605 10974 21708 13049 10780 22810 36312 25809 38588 38824 34499 27328 36471 27000 29054 10294 4312
16458 21206 15025 23530 15507 1964 21458 22886 34604 38177 16235 16444 13311 6955 37802 7220 4792 19775 21210 34001 15364 13762 18226 25848 449 10091 12319 6220 30142 27236 37664 24798 9194 39937 14580 38210 29247 4716 22021 34821 36456 29622 12331 21539 12650 168 343 35220 3625 25115 38918 36346 18325 12435 4663 18976 23771 27133 31225 36287 27582 29582 5807 10267 38089 21575 12351 31117 16309 26589 36565 2547 17785 26793 27107 9213 10552 8766 6179 21629 25012 29084 18479 18540 5559 5042 34675 15661 36122 25866 5725 1968 9285 26343 13771 14664 27222 25704 34885 17862 32527 39611 29010 11213 16903 31129 31714 13072 25262 2994 5765 4941 6261 30777 26459 6397 17730 12075 24534 11566 8913 29053 9720 28355 9241 30615 27263 36271 31403 2673 31251 16503 22363 21065 23939 18414 8449 44 28627 25365 17382 15990 8230 32062 38187 34884 26389 34470 7776 29608 524 9897 29095 33443 36669 12027 20597 4805 14166 2953 18916 23069 15424 6960 17304 31827 15464 31227 32176 15129 21808 14066 39185 34685 28725 28663 36079 29352 12634 854 34782 29030 9570 13122 841 14529 22669 13719 33521 13947 36553 32160 13226 18409 21080 26633 12191 12520 21665 30390
39015 17501 5616 37246 19323 3388 39763 5211 22238 1210 15168 13461 24863 31036 19970 14908 20291 22806 27950 25005 7403 31832 19679 17435 12395 5426 31752 11926 7873 39107 31173 33585 16580 28495 6103 1040 10784 1332 1609 15084 1857 8844 22746 9140 32330 21557 27633 23774 39219 19653 23973 19204 9149 17794 6977 2596 126 35150 11044 37923 9217 7491 12333 22641 19117 5646 16155 14012 31440 12362 26449 37677 19509 13703 24817 9243 6908 20609 1965 2976 30540 5526 34545 6593 26845 21485 38140 24884 27875 97 17616 24940 18271 24297 25724 21733 358 11534 27541 22439 26641 30471 729 16377 33420 35255 3437 9040 26204 28579 13018 1028 10865 18072 34928 34301 37717 33726 611 21302 18139 2833 10582 13803 2967 12497 20676 12784 26833 21779 12561 25016 2466 26996 21832 26276 39774 38411 8267 4405 20064 5827 11166 4460 6521 3761 24073 458 992 881 37348 20968 38372 20009 35914 26577 38577 20708 6536 35290 19422 29164 11493 28168 8122 10932 10270 5183 13277 2246 29780 13389 26006 799 19300 9790 4652 13330 8752 9326 4785 2836 10178 15593 23384 28238 17278 5580 6451 7121 3646 16579 10445 32838 8293 24846 12809 8732 35254 17559
35509 24902 4644 5305 6634 14359 23891 33525 37729 13970 20930 14903 12595 24098 33412 31557 16357 8705 3408 26424 24053 26801 34400 5398 23914 31929 27152 11021 21891 20535 11613 38527 16351 14122 17390 905 9202 8852 6953 27211 11151 28503 20720 31451 9350 7856 35250 17357 11479 2446 18422 25797 32504 15275 19287 8571 31552 7840 32210 26695 27920 12568 14302 20907 32408 15683 37617 33867 37383 2841 15664 15582 33508 23237 14151 8253 27002 21283 15871 7595 1679 31145 22 1226 24965 32610 17775 19565 15797 33754 34456 23569 35449 33271 38691 35097 1704 1684 19846 6327 6255 15051 2773 23322 33904 31620 12665 13729 20966 11287 16603 32473 22821 10605 19122 8304 560 17005 24069 24313 22643 23907 28951 23722 9230 20935 3154 37517 3953 6681 34514 26684 17064 30891 24046 32087 36843 557 4734 27698 34070 21543 25080 6625 4597 23986 22299 10556 26737 3772 16987 30407 4697 31882 37885 16376 37242 14644 32985 26958 18497 37451 18390 31641 27604 17362 22281 12102 35236 6505 24002 34736 19270 14995 183 38692 14734 7849 4489 13036 25768 34823 10028 24171 28819 3886 5583 13586 18274 12206 33399 19 3159 23060 35066 7304 11161 999 3792 27117
37614 13361 33499 15757 15989 3228 11035 1652 21452 11088 30762 25090 39713 39127 33418 24294 32362 7318 36323 542 30567 9885 3442 27395 31367 19968 14242 15566 164 5666 38551 39122 38098 7751 12412 22540 13436 35297 18941 23789 1471 22002 7746 10999 33492 24746 1898 36626 28853 12314 22659 10474 24195 12989 18252 29767 24091 31419 27089 28193 25800 22450 15208 28611 38974 19424 15700 24391 22175 15047 38641 39915 37496 27266 11398 15760 26474 19315 12869 8153 21231 36523 2479 22151 36476 30979 11701 15524 4172 9255 32059 1 4501 25991 20265 35533 2197 37876 3126 14007 14851 23026 12892 23399 12237 16028 39415 9606 11242 34177 14554 4806 19228 23659 26262 16743 14435 28335 8046 1096 6764 17911 4811 16249 16129 32130 10027 9112 33735 15266 5784 19203 31918 38219 17958 31829 37487 1606 6387 18456 33295 16079 5758 14700 19667 39922 29147 13453 30881 10493 17320 16149 19786 38374 1864 23294 14239 28568 6553 34108 33325 30140 22481 39077 27500 5474 39208 19630 2112 23281 7592 14538 19096 2939 2201 31538 7273 19057 13987 3201 2048 38317 2107 14036 3999 32198 16727 18550 22561 10867 13117 29797 25533 7276 25419 6352 30486 39332 38663 13595
11547 29226 17856 39074 22682 38143 33643 15145 8778 25393 39311 38479 9414 30725 38203 17835 14015 18105 3949 27155 10617 26869 1198 15462 17653 31384 20910 18793 12122 36139 7281 36551 20054 24456 10457 8979 11634 7302 39383 19100 36160 23879 11768 31609 22108 8989 15118 4897 23105 36579 27054 37098 10168 38470 30766 17599 20692 207 28699 951 30028 18914 35243 23247 9263 9086 8383 9147 12605 8214 25996 27032 39835 656 31799 14753 22672 20513 23411 11244 15392 27 636 22904 30253 1409 16480 4165 36859 26258 31845 18635 18934 3504 33684 37681 514 8945 9937 34538 21828 14238 38164 5511 23492 23230 873 34987 8013 25813 20919 1123 16963 36819 3040 19542 39741 29823 12530 14934 28018 20269 32375 36730 37922 37151 20162 29768 12516 15252 15880 31310 4073 16508 24659 26352 15787 6166 1844 16421 7344 2169 18109 3791 23742 34984 23109 39292 13026 26358 9462 9185 23952 29137 30285 16185 29755 8495 10917 6963 32655 15381 37969 33396 34143 1070 15037 5257 24328 21587 19513 24834 15996 39140 23285 28600 14011 12253 12699 23106 13600 24367 32999 13014 37268 32045 16324 38386 35923 14703 12265 35858 32336 30735 23485 17355 2447 9890 22018 30242
3813 7730 5562 3634 25203 6149 2827 7475 12846 24453 31276 11546 32260 23136 35812 12898 21438 26769 12742 7940 5595 20540 21172 33939 37882 15111 16701 32001 36281 6279 12496 4774 17641 1535 37100 28417 39447 36087 23758 38887 11205 339 6439 37048 30572 17758 4016 22524 39027 24842 39347 10878 5218 2305 5768 24134 1136 11872 39139 19128 1068 33043 23344 35113 4043 8889 27593 20051 33006 7101 5509 24607 33940 15447 1612 25590 34886 38567 11252 18776 18541 31874 15192 9247 17798 33299 33863 16305 26899 19578 1016 17228 18308 31626 10714 32439 35973 23567 8646 26211 5454 34565 11278 3225 2374 2218 39285 37686 5590 37329 26410 2480 28643 7045 27169 23153 17521 1458 23438 1498 273 33510 19608 14764 25480 22666 32012 12746 17900 18587 32383 35845 13916 30415 25488 32110 26941 11341 36085 22191 13388 17907 23584 7650 18840 5752 18126 15244 16361 11417 20878 3554 16147 27770 17350 2139 21124 32624 11804 13655 10858 2622 8434 8256 32814 6216 26175 3361 15461 34355 2221 5027 8039 34701 18763 9402 17872 29388 31332 19550 27381 1215 5352 9883 15518 1129 36923 20844 32868 14660 32718 14623 38901 11759 7945 29523 32683 13636 32456 30347
2784 1617 38639 32664 23770 32688 27821 32293 38229 1477 19349 22139 12788 14840 38804 36258 8428 16528 25660 24532 17860 30364 25346 33938 28760 21096 15302 37274 7783 19639 13561 34073 22620 38222 28998 38093 23097 9499 2490 28069 5906 37194 37712 24257 17432 39639 17748 3908 18113 10791 32400 23206 29410 8207 33067 22435 36700 11936 196 8126 29681 13169 33480 37732 31455 12110 25598 22361 23346 27377 18787 33373 15369 5876 27606 36099 36194 34375 33377 11659 12415 33151 1415 3317 19799 17956 26884 5565 1067 24718 9530 6984 30844 29122 6588 10709 16728 31561 31207 5088 9087 20208 15947 9316 11767 20190 11524 24889 27196 11011 20140 15380 32231 10627 810 16211 11577 17095 35299 33275 17231 19941 18874 1323 6912 13166 26086 8389 7398 3195 38142 32082 3452 32893 26347 19699 3833 24914 14706 30551 36953 13551 13008 28436 3527 27697 2943 27741 23255 25042 4457 37339 24983 26854 26551 30664 2797 16981 5814 23291 5370 39430 8287 23900 34977 14101 8169 38173 4723 23969 23643 786 22681 31348 21278 4115 29245 29786 8846 30160 31393 22260 9540 33921 10920 14170 6698 17485 39553 28825 10176 21370 4911 38992 39493 21652 11894 9970 19161 35708
3123 22197 28821 2865 23367 693 1949 6112 17833 33030 38039 34307 3367 11296 21426 21702 29696 2555 17121 17990 17618 19186 12591 32343 35341 21876 3477 38313 25216 7406 37527 39807 16336 15773 8067 5633 23867 3521 1105 24507 28332 36356 8884 29025 9409 8395 23410 25438 26531 19631 30682 23003 2648 19139 6765 11596 5069 34442 15782 33795 227 19958 33260 11539 21847 3411 34663 1327 35565 38282 10598 31305 18089 16150 604 7529 38139 31629 26216 10248 25187 38666 5938 31313 13680 2518 29693 19688 9069 25491 23211 23938 16483 22389 13454 9451 35619 35353 5125 29340 36749 35339 329 32901 14603 37886 31420 7310 8935 29286 20843 16201 38650 4692 16694 15542 17700 33409 27249 19474 20404 21420 11678 23168 32316 5571 36396 27068 21158 24630 24291 38721 12358 743 21720 3036 14255 6318 24567 23878 19588 30359 36445 13504 22671 16559 28584 34954 8180 23165 35952 25475 21703 20014 10351 29942 16995 39498 24492 5055 25223 39977 26182 27565 37569 38333 33210 32751 1847 33124 6265 33172 16273 7161 25523 30807 23626 26644 19904 24803 1580 27889 38183 11897 21913 6283 5417 39369 4287 39134 897 25669 24083 5181 20004 24417 21853 10508 32727 28072
32775 14197 33145 31356 18896 19486 11594 7164 1120 32454 29705 38054 11131 17550 1137 18503 25462 33208 10804 35417 26468 29904 37978 7559 18342 568 29514 16890 15294 10742 24112 33347 24553 7332 34873 35358 21776 19964 30046 24878 7381 12437 30947 1483 16909 783 33561 4967 11377 8453 11172 12306 31448 20196 27287 39987 539 14120 9953 18543 33060 14157 34126 38955 31709 30718 6483 9111 12613 20194 16614 18167 11516 36559 27680 11201 4670 6053 27090 32347 926 8007 6559 28208 24514 22642 16143 36985 25588 35864 35876 30805 5167 36740 37469 12149 16820 37898 29649 38412 5484 36539 33853 33757 39242 16512 20770 1906 5972 21422 3308 38967 7823 25257 36944 30473 25010 9676 18970 22575 17004 4907 6514 7785 30158 35108 33170 38761 838 31502 4017 36510 128 1063 27347 22844 23387 16138 26108 30326 5579 36530 19207 33986 20364 26050 27175 31453 17364 225 34436 24237 22763 17130 20037 4282 7808 19069 19190 25552 12234 15790 3152 19713 15126 14096 28084 16620 37990 554 33149 25219 11843 15652 20114 2679 978 29986 1590 7798 37447 24039 25870 34069 33586 1714 31730 36259 18774 2862 38593 21783 7974 13926 21984 18903 19718 27442 18035 28044
19355 24892 34285 27718 6104 16863 38307 17998 24799 37054 24078 38862 3905 37539 31122 25226 993 10947 16296 3003 7098 39502 29110 22370 29611 37927 36496 18353 6107 13491 16605 11263 27455 14755 24610 32623 27474 39568 12499 765 34744 10089 9157 39200 36992 5995 13754 9475 13979 19398 31147 29104 1395 12301 24608 13185 5676 442 37994 32808 4134 30753 8532 26123 14509 29979 36391 6364 21403 26145 11342 38271 12057 26850 7076 12519 31546 9694 23954 1783 6543 21471 19580 25153 5203 13045 28422 38730 34318 7728 25000 24894 8217 31004 13540 33870 21502 28686 22713 30953 39339 14665 33281 36906 31780 5201 9427 31089 4890 19645 7911 8019 22735 18967 3920 24678 666 39762 29076 17177 4334 15455 39228 32983 29530 21397 39436 6685 32068 22525 3080 24969 13604 4245 13860 13748 25603 26507 5960 28993 25714 10147 9706 7519 20448 37501 25806 16717 7762 23710 6579 14429 13510 30662 29739 27520 4577 20267 5091 20795 28372 298 606 719 34662 20531 6872 36555 16866 38359 24331 16569 27533 31172 25945 10655 8779 33400 21136 10667 4855 20674 22314 18937 11623 31813 34660 9649 23542 674 32579 2153 15399 7112 12219 36739 13148 36770 27251 24490
9469 39865 19054 911 909 1117 26385 7933 1435 15397 21595 3066 5987 25973 32755 26573 14892 36687 37786 27444 36392 5198 22302 32250 121 11204 26877 39009 6939 12872 19295 10371 13342 30099 15103 35989 4408 4215 479 28464 25723 12477 13139 30119 36097 7893 18121 1856 20095 30903 26412 1682 36623 29420 18924 7368 33800 1191 30268 36118 32142 3118 38193 36604 928 9367 24285 20759 32554 17720 36140 38707 3242 25889 39150 15560 11390 8787 5283 16106 25440 35208 24712 3254 21863 16548 22181 26675 29665 24779 6118 2823 12965 6050 7622 3257 27482 20763 16145 16697 37859 10266 29977 36695 12424 34332 30110 13825 15752 2230 8327 39237 19901 20941 31256 2510 14527 39133 26861 12060 1077 14857 17723 23634 22550 29434 3203 4969 22367 39891 17133 36042 12897 23632 34678 13274 7219 14800 5701 244 15770 27307 34081 14173 3274 7 32741 33365 10392 34690 30290 1385 19414 3127 35144 33361 17313 22536 12889 30987 19249 3466 19874 25990 2556 724 18630 17851 8064 35164 28781 3664 34677 21545 1803 15886 27852 32457 12016 25004 28795 30239 4438 28749 26463 28027 36597 29344 4687 16086 11105 8693 28547 32947 16410 39903 33722 15494 15897 23946
256 35350 31834 18079 3923 11294 30648 21052 36815 16123 33910 14171 5171 17879 14671 5961 38126 18598 23709 30196 38985 9877 14727 10751 8243 38571 27398 6192 32302 24597 1924 1954 23813 45 30495 23103 3544 11740 16080 28999 3122 35922 17974 20447 21742 37965 11731 13232 12257 5296 7209 19350 32936 7379 39887 255 39331 33658 37030 8475 12294 653 1540 25105 33923 25506 6665 14203 19196 5345 3901 35822 8257 5259 3143 38866 14762 31376 28343 32539 31931 4320 2166 543 13812 6622 10017 13643 6736 33227 27985 12986 11744 21137 12210 7504 17418 21764 6601 12548 34606 21383 16313 2324 9587 20775 14046 23122 12434 16396 3075 13629 25988 12877 29343 5856 26902 13784 32324 23478 2676 16674 36826 10182 30397 332 15446 12923 22629 7145 39518 12444 1054 27273 10638 1381 1273 1547 1710 16733 26984 7872 24791 17128 31693 28715 2889 10240 13401 32104 23213 24913 12118 39626 30380 13853 26107 22890 15633 26904 35620 39289 39848 37250 30447 34774 12015 14558 22486 5620 20986 25960 14624 37775 24633 29954 39781 35234 39828 18932 31493 19497 33012 3510 37063 15798 23893 28719 1441 12337 31445 38088 17335 13387 2847 31786 26309 36326 17714 37377
35444 16761 13097 3508 37956 2989 27163 28816 9445 9107 3806 34431 7812 27981 12268 10198 3849 35328 38028 32244 31157 17548 28151 8764 9504 2820 8756 15848 14076 37654 29035 36891 25946 21011 8992 3899 8350 32895 25689 11104 17992 33196 34784 27641 21176 22121 1837 20965 28391 35028 19116 9926 25820 22096 4335 33091 15651 12806 12478 35195 12648 6887 25844 34858 38273 10495 29045 29212 10776 7977 10509 4607 17896 5799 10345 23427 12193 15907 4289 11943 27624 13294 31604 4677 3415 10883 7616 10945 37299 17059 10990 34737 14532 6073 21772 21289 38667 20141 4351 2256 8596 29587 24390 21820 33504 4553 6670 32599 7857 17016 22061 14570 24920 24531 38794 5831 22377 12041 3991 30141 21108 24926 189 4229 26572 11187 29125 1425 10861 1029 10442 26031 1045 8880 26679 39689 26997 20958 36419 32696 13035 5145 32463 36185 30896 28522 22235 7389 14492 29232 29620 39125 20784 32632 15685 34251 6606 39435 33169 32027 28919 30714 13911 11769 2274 24582 14865 39633 17436 889 30963 7468 15618 36905 20306 38910 24729 24933 8333 36533 12932 33167 31091 1899 8573 17342 14225 16537 18273 10431 20952 20246 12126 33394 32834 30127 3663 9065 34149 29486
18275 10660 17609 29531 7442 37358 23972 25131 10548 19065 77 37498 8597 30031 8864 15238 15704 24126 19943 38682 21681 18817 24498 25416 27415 22586 27933 17995 33797 10942 39420 2957 36114 13048 36967 16907 20914 35887 13727 35730 9989 17283 450 21727 31798 15589 23468 37410 14229 6119 21637 26746 9928 21987 27185 33995 9437 887 12532 6390 25859 13674 30162 39632 17140 15358 22036 24861 15411 10645 11708 33489 2559 12979 16832 1735 10788 36016 38377 26816 39973 6477 12798 1159 23385 5937 18244 7635 30218 12637 32892 5903 13698 36030 14966 26646 12498 4421 29974 18691 35990 24029 16771 25465 21842 19238 14615 16971 14047 19632 31793 10481 9117 23536 14077 10172 31851 23048 3381 26529 1747 36867 19788 22709 28156 11437 471 11695 19291 8391 12099 38708 9178 8392 24702 17708 22803 32492 18085 28625 629 37272 19946 30293 20321 12320 38303 5213 12341 1149 13481 2227 4717 26041 39303 4214 5152 35158 38002 18141 7016 29835 2226 13245 15258 13658 3876 13316 33666 38865 31486 32397 5763 12158 28198 7520 16270 210 24663 37580 12565 36132 31267 23759 8112 7954 15239 303 37010 27386 37507 24996 20667 4383 9 4079 14728 14240 23268 32157
17399 10994 3525 30633 1707 35811 37633 6197 23182 16223 26439 35725 34729 22887 10497 38655 12669 2996 39874 20305 848 33233 29821 18155 10307 7097 10779 33814 28938 4317 29727 35960 36519 4659 24086 32953 1939 31959 14314 28433 2659 662 26547 39656 37022 33766 37506 7535 22576 38922 38565 12281 5135 10545 22475 32056 5654 34960 9365 35918 16602 18307 22564 25422 15396 28638 32344 780 7784 35772 14479 4062 26591 14545 3909 26177 26348 14070 9730 9576 24593 10809 15712 26490 20409 14469 9972 27385 10104 3342 20613 6466 574 38348 22037 4372 33216 33364 39192 6587 5112 16207 12101 13024 1266 19636 8803 32215 16090 9904 36973 18043 11344 31166 29525 7361 30329 38873 30909 25381 27036 5361 29091 24563 1031 21169 359 8359 14915 3756 38021 20526 15932 17771 3866 23316 8355 38836 7695 12104 19562 32672 38153 16932 37114 5104 2171 1181 21606 27661 19662 5816 4247 7874 988 27080 13534 21135 11315 19357 26556 9132 9377 5553 37369 21010 19840 22874 26519 16855 1934 25957 2732 3082 30007 13891 8614 17142 12361 8266 12930 24619 22926 13647 24099 13144 4753 15350 16110 16428 4055 3552 28754 13865 30343 17074 10824 36155 374 28430
4619 7944 7681 13519 14152 27936 967 34870 39797 28807 13350 32633 34281 4052 21004 2729 9718 12417 10494 28457 17850 29949 9295 32377 11150 20675 7577 1056 16069 11908 5115 9393 1114 8272 32441 32845 4831 37215 15259 18746 39810 29617 39379 26373 14894 14356 4477 30826 25642 24189 10207 28681 22762 29383 8538 6002 15262 13697 19712 1778 37815 16992 7085 35571 14787 18322 10025 5031 16920 33571 18369 24054 31576 39697 22644 12611 18511 30265 1475 6717 1315 20304 31037 30331 13489 22093 9330 30168 32076 1557 28587 12929 1986 38583 22957 28410 39652 30708 30892 31077 13768 2097 2296 27660 29816 6531 37843 10544 17170 14946 34110 6064 3216 16212 23031 39405 39674 21737 8667 37745 39109 20381 38111 25309 21067 34121 8883 25573 4543 23535 7768 17959 20334 38135 17885 13176 15928 11881 13545 31567 14039 25241 186 8027 20748 3921 7385 12205 28059 16626 8639 39520 25129 7825 11718 7175 34364 33630 1902 3613 3524 28305 23582 26761 24198 9006 16016 15804 5404 31412 2357 1622 35413 35623 31006 17487 1260 27244 1852 27938 778 7189 3033 27524 2499 16137 335 35563 38555 27980 17149 19971 21823 32881 28446 15818 6384 38045 21050 30619
28603 39574 20184 7126 7605 31785 30412 19294 29080 9735 13034 15191 22637 1188 30299 3928 26843 9899 32450 38976 22602 12438 34311 37813 8805 14150 26323 33560 33414 14662 316 25986 26435 37024 3210 39584 10968 18496 3227 5991 4579 38505 8921 34168 1551 33716 23620 28763 35648 39180 10651 33421 15641 33664 30845 12576 29626 32305 21213 8045 30497 21355 25417 11091 33604 29958 4085 39944 32221 3457 34298 31052 16436 31635 1957 33821 34907 24964 14593 2192 221 20882 28808 31253 6091 16419 2327 9715 32851 21322 7810 22760 12830 26350 6806 576 11078 11786 18042 36717 11408 6500 12449 2267 7656 9331 31838 34279 13253 3091 36618 18636 15680 2151 20713 36233 35160 3153 5994 22584 31941 13225 24388 9645 30500 2200 5072 6539 12641 2917 16292 5157 34195 1558 24152 23781 5506 35188 25900 35186 29220 6360 10103 32310 976 12244 311 8769 36600 21264 29427 3247 2595 26448 32593 24622 27356 10208 14801 9932 24722 25357 6304 35448 7185 38308 22028 11751 6583 9368 38817 6900 29492 14427 33641 18213 7891 6555 6895 36590 880 5744 15039 6510 10560 9830 39788 12682 22448 17784 7146 12329 12545 30663 21719 11332 15971 5680 24757 11593
15681 4708 17234 36625 23616 30666 24182 21472 10674 3894 4937 12988 24419 22499 30236 30668 29244 28709 35958 21767 10077 36163 3349 3688 19673 16186 18893 34330 36333 27758 29505 23458 32448 1012 8454 35124 39714 9755 9121 39592 3235 11954 27863 5241 23330 32224 11679 30660 36487 19303 12310 22185 2958 6961 29467 39141 14895 33688 18407 25518 32860 37273 32262 32544 21514 6644 13080 6113 14997 16472 29795 19705 32174 1189 16481 22968 16668 9186 30834 37588 32390 37916 29346 14098 16572 24763 31268 21459 35274 18386 3875 10275 35902 13624 34547 520 7436 842 30125 21841 35791 4992 4564 6581 5533 6629 9166 25947 9558 30376 9453 5068 12367 24255 8372 2603 26890 35406 404 26083 36840 39834 12348 10242 22706 39566 32563 13003 33266 2658 13777 38043 15000 21496 35901 28613 20741 10632 34028 28245 12349 13333 16886 20200 14201 4719 11958 30558 28767 13514 4746 13441 16588 22767 25858 13752 23086 3835 36336 27311 32882 4182 29713 28633 501 4167 12208 20527 13123 13699 28274 10546 21837 10604 28159 290 7359 5160 1777 34056 33291 18850 17756 26680 24556 8598 21714 10881 14058 16847 12888 8329 33815 32165 5273 33063 38972 8715 4841 26729
32064 305 4975 17922 32787 18235 6087 2882 17770 21072 21196 12357 9077 28129 36053 263 31320 8655 13207 18071 2636 33132 38956 8286 7948 16950 28970 9390 33032 36349 39825 32458 30758 11208 5079 13584 29960 15272 9420 19940 18649 39893 24139 1950 34452 6276 17514 39795 6003 26046 12818 29040 26196 31397 28211 5645 26542 22129 34657 10882 38837 36184 30646 23167 789 35031 6611 12839 28303 9341 15453 39983 4463 34008 772 4026 16 15544 13991 22698 32902 1154 3929 18689 25649 30035 28112 35994 5525 13715 4796 16593 18530 4039 15437 13653 2884 18425 20497 25212 9793 33670 25929 4331 10856 16239 24261 1190 30841 39215 17615 7216 18101 16372 8579 20329 14675 35394 23701 28076 6408 22750 20275 5887 39681 4288 19471 32078 15561 6411 22967 9695 23191 23736 20443 19750 39760 8387 22572 26583 5794 22704 6187 12523 34631 20606 16267 27853 28300 24483 37192 3985 19178 9376 37397 14107 8295 9691 37887 13791 9663 24674 1289 22673 22517 6043 20761 11327 20984 26911 15499 18165 22895 15106 27262 17546 6319 13818 26874 24948 7338 35321 35315 23177 3620 29900 20932 33442 34075 39300 4278 24004 13259 14854 8227 20768 2557 28210 31270 24672
10247 33214 32710 22011 4762 19966 17184 34082 21527 2124 28483 21141 29466 8164 20629 32248 23733 29972 34013 33014 6854 1607 13359 32568 33441 16768 7949 27479 8487 33122 38937 28026 1719 1478 21644 9494 29552 36417 12488 29907 34047 25765 11185 28997 32013 29984 29205 15810 23223 27571 3503 17944 16089 27480 17926 30630 37983 37036 9175 10768 15344 29335 32855 2354 35965 29223 22101 36080 3954 26792 32079 12705 3747 10118 2061 7490 38370 36719 24026 38745 8894 3191 12025 17776 6803 25403 38552 7832 19986 24910 25134 38700 4264 12037 31249 39583 24366 13855 23839 1523 26386 34105 13058 3594 586 38220 25338 14506 17232 11656 8542 23304 18864 17525 33567 33627 7267 25325 8540 35116 2645 3318 36424 25511 12773 3329 4044 30744 6031 39376 34711 17373 22537 6257 8208 10641 3564 27020 12480 20214 11405 22080 27473 34232 24840 20575 19589 12649 16470 30611 33267 9321 6222 39255 38549 4771 17598 21308 31164 6540 2991 24177 26100 17050 17206 26812 869 18007 15354 7651 8332 11734 30422 21437 8585 18786 16938 39346 18613 31178 5728 31528 17374 20297 8810 22873 5632 35515 20786 23222 31600 29114 22137 16011 34814 11424 27019 2807 15444 3970
37360 7122 14477 33772 1148 16908 17481 36393 30472 9723 6475 37050 4406 7230 18006 38559 9614 1951 32193 3637 426 23336 22009 26576 25142 19099 34882 27083 6779 1873 33959 3843 19879 38671 10614 26539 27662 25659 33487 23992 37877 34399 29744 28746 10283 1745 39608 261 19725 38771 4690 39711 22214 35968 22483 18920 6746 12886 38381 27313 2170 35683 19522 4444 1720 12918 18661 36978 25651 28942 19288 17810 16870 17584 10421 7300 7017 2876 26748 7134 25456 24590 19782 25191 27872 6755 33513 11905 25907 20922 1925 25958 36660 5143 39102 21743 8183 33140 33177 36149 18131 3391 30470 10155 15337 16064 3335 27828 28034 14276 15219 21306 30643 26677 16796 26745 14287 39696 35092 22636 30686 6687 38591 35071 6790 34139 15959 18619 13659 29259 12931 12315 34183 23854 16587 11559 19131 2040 36463 27254 21014 32334 39372 13151 17416 23815 23092 10400 4091 21198 30801 16547 20601 16431 9352 11480 20524 6870 10397 29007 30448 35049 12910 6355 35906 25639 26525 33773 14613 14062 26002 11317 31826 8139 585 30669 7108 10411 32971 8668 7404 30128 11040 20414 21017 35502 10204 39006 22590 33241 4174 32584 38018 39487 37182 10143 30855 22764 33981 26651
22022 14834 19192 37615 21084 14559 28632 21039 22664 36518 5276 28741 24203 17704 35456 36011 13290 6682 37352 11790 13170 32006 29903 1500 22770 22930 18751 36489 17056 29438 10529 2235 14132 18826 10524 2131 36763 21826 38165 38281 1627 17902 1146 33344 39126 5371 13239 23171 13473 30828 1050 38838 22065 20219 13839 36948 39213 31508 24317 9681 10121 10931 24575 26805 37430 3684 20841 11779 35993 9599 34575 31637 13369 21465 3309 11712 11760 10108 34238 6830 23038 11827 22571 18450 24424 25589 28894 9353 39421 7843 6627 36027 8121 1375 34480 37988 39620 27425 11076 31400 17652 32453 17928 14550 39069 22822 34385 9366 2039 28324 14939 24399 17108 11506 37140 10428 18910 28809 3615 30155 34912 34945 13307 35507 33410 21286 29730 5704 23522 25875 35098 19426 20228 1291 18549 21115 35372 24880 28538 6814 27979 38586 2318 8143 17873 7060 25352 25399 12771 2224 6878 21393 11756 37449 2217 11160 7839 30563 32920 28802 13345 17303 7111 3081 2832 30875 26032 5196 20318 20123 1408 34761 36603 28020 6284 20156 5874 10183 29406 21822 5445 39307 25923 32254 34137 23660 39268 3222 36142 31863 3462 27569 34721 9789 10706 464 35330 32005 18558 8529
26634 37980 9442 18427 35389 19537 24067 39482 22131 13734 18433 7500 12868 13895 20648 39406 38216 33473 21053 6899 19346 9667 2649 10635 24648 18961 34902 18546 31068 9619 27530 22730 14576 38106 29919 29966 37262 21642 22184 2237 30552 25861 21374 22766 25215 37837 9864 5253 11280 33185 29413 15694 27276 35978 24848 25057 9201 30966 27534 33781 29060 29948 3541 33050 8733 26199 3180 1183 2500 5678 28903 22452 4939 11945 14791 27669 26593 35982 6487 21833 21531 6400 17495 16394 38309 33456 22553 32201 29932 15825 20313 37915 34327 37630 322 37357 33467 38965 6201 11284 35827 27053 34681 39991 23670 21142 19165 23553 1631 11373 14766 32148 25455 10795 12031 28988 38075 14738 27167 32416 19050 9528 28928 14494 15416 6005 38324 21215 26565 28927 29934 1358 28648 23833 35759 5540 15765 33313 23772 22950 29290 36896 34951 2517 10153 1553 12657 29119 17360 37111 26848 3542 7419 761 36715 466 6082 8891 10976 34041 38736 26026 32414 26329 25807 31212 807 2056 18285 24938 34746 36758 36002 17868 36921 13189 27590 19163 16993 24452 13946 22485 12339 17571 555 29278 15066 15888 31972 16450 29313 10819 24855 31923 24628 8492 10567 33653 22274 8860
10734 15004 38983 16555 14291 33900 18075 39933 14217 14439 28431 27759 11579 29953 647 34114 8922 23257 35383 15903 14265 9701 34471 2405 34090 15054 20161 16325 15398 29171 6016 421 2552 10578 26574 13310 37347 16846 17216 23785 35793 2094 20714 12267 4238 28588 9339 20766 6671 10961 24821 14208 23741 27807 18050 8264 16957 7380 3812 22204 2174 32067 37484 30389 29756 30444 4021 19008 10663 16170 17544 6268 30314 24491 23886 29773 33084 23128 27353 15992 31577 17198 11096 12280 15913 17774 35506 37178 25636 27315 33346 23017 27031 27613 22670 4682 1755 22135 38750 17628 23989 6817 37029 15916 32605 22790 3612 37803 16540 12386 29870 36055 10532 38741 34943 30672 25317 13756 7660 5139 9039 33458 38907 27145 26128 8441 24163 32739 28642 19463 3117 21033 3401 25123 16523 20804 39618 18290 22817 2191 5520 6152 317 15613 12709 3645 37540 37514 32665 34655 10232 33558 30219 12464 21279 16534 36854 39433 19926 14730 39078 7724 8343 36512 18017 10612 10129 948 35072 11587 9933 2038 1300 17526 26807 119 19629 24525 31070 16244 39031 25906 28194 30373 27890 17954 32830 31308 3291 11618 24898 18652 38290 3674 27902 22252 32917 26967 36638 4827
22149 11411 22915 29965 31083 10530 38765 26240 15574 13557 21908 9602 6789 30678 8085 39247 18010 30950 22173 37767 3798 18755 18857 37741 17453 21217 4526 25397 6353 1274 399 31340 15961 28690 36802 14647 1779 17827 34790 8547 30674 25860 35210 31498 36998 4921 14360 1821 14831 39273 27141 35700 2750 15950 36646 12321 30089 291 16205 8994 32550 550 34483 8728 19724 7248 26447 1969 18812 8798 2984 28646 13360 1550 5197 6153 38500 6501 32406 35314 36103 39642 7769 35379 15762 16686 38035 34407 17993 39666 5988 8674 9347 33616 39267 5838 15250 26602 29920 36954 15010 5789 25205 25680 5519 2562 12987 13289 15602 20372 31736 11290 14200 6322 12710 22282 28933 28381 31893 27362 36126 22977 37533 15490 22462 18231 5385 25152 24644 977 35817 25674 29529 35970 36337 12287 17433 27915 37264 32982 29647 29473 17025 38012 14205 15481 25647 38151 1022 25373 16645 36595 37237 26666 30770 31980 16373 6732 8491 36057 29842 18087 37770 2934 34080 24030 29650 18398 25145 9153 17671 19689 1918 30993 3162 17626 38811 25617 3662 29377 16807 3499 3522 15215 15837 17132 13968 30734 12590 6362 35794 22733 8717 5018 35770 15488 19852 25833 39263 13192
16154 14596 30715 32575 16433 16182 21181 35841 17780 12159 38770 14679 24115 30913 31047 13094 31015 13503 12763 19487 23215 3398 28139 2695 38812 32216 25622 7301 3012 6061 15876 31095 39964 34914 443 4198 20416 31781 17296 25269 20780 18173 30731 2242 38449 36247 31005 8651 22473 3077 6769 31108 32506 6643 32574 20816 39054 20128 12512 16946 12507 20188 9852 17065 19572 4590 19011 19067 39401 4058 15960 5735 6472 16045 31940 31321 3314 3171 39841 39476 26197 15695 22530 30696 1548 31897 14774 10950 5965 26130 9584 9746 29200 1788 5582 12662 39336 9500 25082 28987 27048 21943 27463 21132 3217 115 29666 21349 39538 10989 14371 34653 37659 6791 25204 30287 12433 23707 5738 31615 1380 31257 13318 21056 6444 21512 35371 36174 4885 7941 14694 20083 15926 960 14961 34779 17630 35796 31901 34091 17737 28403 37544 16828 27592 2735 23822 34378 29333 32588 12276 15114 21541 34749 408 36557 10815 22079 17488 23024 36015 2152 8636 3820 35570 25073 28226 14649 249 12838 475 7290 4634 15165 24705 7480 5100 9356 25036 12028 18077 3811 27614 21550 27070 9355 30516 10362 1508 10903 13764 21676 30539 30575 11024 8197 35543 20454 39982 36065
13597 14526 21061 5246 23071 5663 12171 3669 5558 39417 32629 17281 16990 10369 33312 6636 33683 25908 28954 4551 35595 23353 14319 39930 32823 8525 14992 30367 36913 23185 10647 21474 32109 3710 31238 5348 1207 28170 4851 4720 8582 34319 18665 218 37594 34469 23186 20807 32818 31155 5050 29719 24209 32520 38839 18753 27159 2322 12722 3990 23174 22901 35660 29488 19247 4366 19045 17172 21294 38859 35577 2947 18509 32782 9635 12212 33856 22088 14272 23500 26209 34136 35050 24891 28936 38094 36825 2526 39539 39086 31922 229 30700 25497 30286 36713 30709 28113 32085 29847 30767 2618 11490 37861 39257 14709 39038 11177 29604 13160 39679 13661 34997 23852 10449 28050 1490 37280 36725 21044 2674 22988 12400 8963 23830 19377 33159 25764 21182 21866 5023 22999 24547 25834 36288 9225 1263 11353 24113 31414 4552 30595 26781 9172 22798 25620 4232 24919 32413 18516 26327 31539 3717 13829 1095 16041 3390 19931 4441 36234 9488 9596 20607 38532 17918 17753 32946 7128 14768 24771 9164 1824 16519 12330 24196 30617 26934 23301 3854 19824 4352 35867 23203 252 34320 7198 2857 10446 13215 35930 20453 27487 33491 39124 11647 27965 24402 16037 24595 29673
34453 15657 7114 16655 20506 24401 1688 10046 6580 11893 18462 12795 37931 39655 37122 20712 25173 25550 31619 4195 11193 15125 25551 32052 32112 13280 16913 32725 36193 29008 7754 6853 36662 13273 7396 529 36138 2346 6168 27447 7955 27727 14780 979 9840 28344 38827 39209 5662 32912 1437 20285 28976 12004 7044 21480 18705 39734 10156 38852 10475 32462 6047 15772 7353 15404 8345 5030 38498 14608 545 26923 4037 30576 29078 9895 24668 35802 24022 14812 11165 22708 18288 27838 28845 11451 28441 31614 26836 4323 34926 30830 38693 13246 2634 34540 3553 33446 14226 19810 14343 36022 24717 32781 33589 6714 29993 19356 29875 12693 13494 37715 9646 14227 21442 29208 14785 5391 30949 30976 22201 22500 468 23746 22285 10535 19910 7323 10834 24578 21156 13447 6131 24535 10987 9847 17451 32361 32451 14893 38248 5221 16762 21356 12283 30093 24599 2193 20655 30382 17267 15715 35732 4782 18096 15104 21937 25984 15531 13210 27843 18416 13459 6970 36535 4166 26611 20830 21058 11930 30485 32833 7764 21899 21447 12677 13547 22866 10643 3068 22758 39224 18570 16952 22580 12622 9306 39638 896 37800 6191 18267 33464 27523 25358 19118 30740 29854 26555 17566
1004 3723 32535 17086 19409 25863 8990 427 29288 17945 24306 9152 14842 19741 1505 22223 9282 19447 6092 12904 12026 6660 7502 14112 8094 28081 12698 12804 7272 9237 6135 2657 1910 37954 31264 166 564 11581 7180 36727 15774 11631 37074 35232 15863 6570 27511 24713 20743 7579 9590 21890 6108 25466 21613 10689 38528 19172 10347 6914 38261 24546 5496 25095 13783 25786 29970 14912 30944 37177 26599 1238 29069 39202 28972 20658 2441 33147 27289 37079 2492 33077 11375 4909 38255 14425 7683 37976 2006 26667 21611 39705 6494 9216 25553 35741 31746 38215 39394 18351 1875 5727 36927 16934 18067 19265 11807 16845 2123 16422 38619 38161 26445 11126 6058 16869 38433 25949 27310 4540 28666 26457 28824 27974 36692 35105 9425 12157 10519 35996 33089 12766 25574 7578 13945 31138 21269 18436 8479 5448 16532 11820 11948 29381 6434 35607 34686 16806 16499 277 17371 30982 33645 31458 18854 23874 29241 35272 30677 30803 38432 7748 8785 26478 21157 6890 37795 18286 14102 20387 13915 2297 25224 25882 1555 28421 26503 35765 22372 22923 35022 1760 31125 27067 30411 38019 36544 29403 735 27695 24661 6504 21450 4161 10288 3293 26338 1364 2563 25394
12841 3007 34919 4615 11629 21835 24693 17973 39524 13134 37077 28738 22078 4678 4648 34770 2511 36860 28891 15614 27355 34084 11741 11852 8859 11691 29793 14104 6126 24496 33351 16048 37166 25039 5472 39096 12459 5278 14815 28164 36296 2927 27340 25752 37216 33919 19707 36380 28551 14089 29458 12068 20528 2640 19358 14281 17765 32271 6088 9784 9511 39 31043 21208 27836 16418 8450 26715 10436 38376 15080 18049 6772 32412 16877 37889 5975 33289 9061 7000 25315 31680 36976 12053 23708 26296 27516 16754 10425 25171 3392 3681 22513 22703 12534 5797 6028 38149 23676 33776 20175 22012 15506 5204 38760 17305 9449 31076 16786 11195 3561 30215 32876 18568 32865 6535 31010 21887 4971 29366 21666 30779 33835 8876 30859 20739 32798 22714 24893 17322 27059 32693 1359 19164 24727 505 10601 24144 38280 1474 6042 15283 21583 4647 1168 38705 1013 22130 17942 10476 25076 39928 20224 32940 35221 27726 18443 39934 38259 17325 19402 11812 24173 23829 6238 28580 37731 7001 17048 10258 32874 10332 13338 31194 7787 7397 16198 21042 2530 6256 3824 7485 8801 5982 4843 7109 25348 32308 1126 5222 19913 2110 33719 36228 12529 14965 25759 34612 5567 21499
8842 25282 22598 2321 7395 30250 74 4219 25148 18449 7033 9648 1370 38399 25841 39816 39702 18948 27267 7625 11595 20455 24088 28820 31022 9848 31742 25384 28768 27111 1353 33545 2535 32075 26813 990 7283 4099 10386 23730 23843 36808 17503 24231 23076 37895 4123 32666 37705 38718 3526 18166 39104 32368 31587 6843 10132 8834 26155 23083 33158 14609 2301 18259 39128 30383 22047 21973 12733 22381 16706 1128 30585 35393 11848 14447 34718 9226 8261 11771 15562 17188 6692 31195 34438 27430 29214 23877 15937 36067 31142 19774 14921 14760 23172 25093 15939 26256 3414 17607 3490 35361 20151 39073 23181 15296 12416 16214 34349 35542 4680 7824 1279 18363 8223 10216 195 23920 10738 25157 32754 24024 14182 14293 26053 13914 21085 11997 20472 11167 6165 36869 20913 36191 24806 21768 35526 3166 19506 26289 35697 39729 38315 16199 1667 34800 9519 913 35267 25862 8630 37645 15448 6218 32529 33488 20859 12680 16636 17182 29703 15240 12019 8485 27543 26681 31755 35784 3041 39082 32283 8838 23380 18515 12744 33858 12787 12536 26578 10343 13828 30897 8563 208 7235 38923 29615 3106 19073 29275 28434 11051 18371 18378 8305 38473 5712 31522 19108 17941
882 1330 34572 18388 34519 37556 39727 3943 32485 24374 16417 3412 240 6694 8313 6376 21723 29369 12969 18453 6030 4234 3870 13575 12132 23863 34067 35304 38046 23027 24077 29444 20417 16919 31216 23585 23777 13810 31581 28484 4120 1520 20113 9416 25407 3046 15919 30817 4948 30655 18232 16823 26999 22686 7676 24862 24393 37657 16066 38960 2932 12570 922 20178 29676 39725 4880 27753 864 24281 30393 20702 34186 4507 20776 20368 13052 8641 30946 8851 26001 37322 18435 28251 27625 35742 12342 11536 30499 37330 20103 11693 28174 13171 3313 10482 20467 12155 21936 9076 8570 29316 28114 6040 26645 10954 24973 20670 22503 33381 28079 19997 9525 27116 10893 17391 2368 34557 3 17745 38504 23351 17029 16127 26131 12831 26905 22882 16295 8746 38319 15011 12429 30283 16293 7589 29737 24214 32600 19937 37297 5552 13125 11171 31664 29146 39521 10465 7274 1362 16099 30043 30871 11145 28836 2796 12660 2910 18585 24005 8695 13158 33466 6529 17259 35481 35307 24843 19064 29544 8215 2873 34535 824 9403 17324 37318 36678 13681 35780 4176 2111 14155 19061 4777 38767 2525 12152 11590 31088 26662 22057 28871 32922 32230 7068 32784 13571 35018 25721
5029 29777 18280 6348 25666 9871 18717 19364 18222 36980 29240 17533 39901 32069 22240 25970 36862 25132 20982 23769 5915 13687 10707 38314 12269 33755 15564 36515 25838 38931 32719 11052 30282 5858 1941 7358 16142 28025 2798 26514 33209 22170 10350 1340 37220 12633 10575 3841 10075 6129 28356 23337 8316 8393 29712 796 7917 9266 9804 11156 5729 5033 30604 32899 35027 34727 3603 30771 24149 1244 16085 16221 16465 22164 34064 24339 6684 28006 18266 22334 695 39101 33960 24082 16898 13688 18328 21540 16298 24765 36997 28712 15088 28299 4192 36023 39021 5207 36093 36226 8730 16635 20326 13469 19680 33869 37682 16072 25222 10756 13552 14163 27110 7928 25754 28577 28567 13061 5820 10496 35249 22289 9607 13967 7070 37335 3568 24403 18724 4175 23132 7892 26935 27038 25353 35147 13823 37134 24587 30492 29509 7826 6797 35137 33915 6966 11010 21491 20592 19359 19309 8096 10871 15649 16979 29250 37523 29507 34162 3495 4119 21233 22765 20223 4206 5598 17580 38675 29691 2554 16955 24460 7400 37841 27064 37854 23750 37102 4588 7462 38672 3140 4980 103 8863 8504 16335 15298 7729 7522 13021 1200 3157 15567 1774 29950 21026 8837 32255 29915
6586 11915 21705 22303 25940 26595 24323 38001 30529 31820 626 11874 31529 36629 31934 10296 588 14214 2486 16111 39650 31647 29274 8813 13620 17892 27389 29561 6280 4342 14743 39889 4364 10483 38769 5867 236 7524 28546 5740 12299 23369 37809 27468 11816 14790 22505 6339 17460 23790 15427 39364 3324 1039 37944 30338 5669 3850 19188 17042 23407 13165 30856 16622 35692 37043 13328 12925 25697 11235 39739 22719 32888 8747 15212 7521 15900 33894 17287 26600 12328 11724 27608 5205 33941 15691 31744 35872 2868 10282 4149 8331 35373 19305 21258 28886 22807 1257 5395 39588 23376 36148 10814 22935 8687 9563 19988 37631 36012 22451 37825 32297 13868 30775 3933 3897 17705 14338 12518 19918 20723 25406 15007 26477 28705 9447 2575 19720 28000 32836 22467 21995 15586 26548 14282 28500 32968 23529 26278 9774 21501 13570 34398 8285 36360 38481 29379 18 35251 28840 25349 8463 13923 8978 38716 21232 37219 29181 11138 33832 3278 32008 14882 34414 31662 20401 6820 32190 10220 11772 13869 36726 2377 22531 33845 12161 975 7731 23254 18795 28790 685 31817 15492 36171 17602 31180 23473 26036 18132 18316 8623 19870 30868 6935 34373 3519 820 25341 184
38424 3621 25457 32673 16463 15465 11514 20886 26361 8396 10189 7572 18561 10732 2372 7781 1767 22897 19332 24565 38358 10250 35903 441 30167 33025 20298 759 20577 36672 1290 25278 32289 20366 5772 9173 12807 29400 35820 22920 19798 31881 4933 37336 6957 15306 15769 25980 39462 30901 23130 22267 10264 37670 36009 29384 6024 30332 14806 30649 36627 24049 35130 22880 8976 25207 1138 39914 39244 19302 39160 2363 21584 21334 29519 39962 35426 4311 37473 13721 36576 35014 19148 38795 28172 35155 2461 35675 33483 29997 6277 30910 19012 32594 29446 26725 30886 18718 5028 28770 30179 36889 27953 2661 11766 12467 30307 8644 6829 20280 929 29302 18709 34283 31869 28621 27694 26945 38821 8117 31656 11788 9888 23797 8666 31148 16339 4233 4912 37629 11636 34492 22565 25088 2464 14770 26253 4377 16306 12096 23333 8652 16586 30230 22330 4635 11157 23526 18593 13951 11730 31571 35861 25839 36272 26403 17980 20885 11551 12293 25661 30147 14689 37035 14189 17819 11990 38020 32242 27887 24439 27930 26362 8177 31196 8167 10925 14885 7151 8456 15931 17953 39595 7710 15089 36254 25117 35438 26153 36852 39601 6480 7947 6623 3105 25014 3307 38063 30907 22145
21382 34478 39204 2588 24642 30727 39984 19411 14678 19109 13264 10820 7100 649 25705 10857 26475 453 7127 37929 18706 28017 12352 24832 8882 36400 11937 3716 19159 4050 10086 34700 31625 9908 25368 30462 37692 28983 9613 37785 31372 6128 35333 21032 32098 12823 11094 12432 28049 4985 39370 34487 37248 12194 2919 5936 32929 5076 16837 1431 23013 2043 4990 11796 17597 1928 13713 39280 4228 19462 17806 14075 26987 39698 38883 379 37964 15521 18362 17134 13958 14847 28390 23442 7979 29498 6734 34852 20828 31024 4096 33240 10314 7197 39800 14573 15430 10686 9580 4306 23235 39945 30732 21851 24087 38633 25840 13992 31334 26318 14253 38144 27077 26166 11642 23817 39407 28660 31329 28001 37071 37822 10979 16773 9637 5438 2209 8414 11095 30133 36116 536 25443 29807 28925 28103 8923 10710 1088 163 35205 37176 32545 13830 5480 21667 28650 21928 39683 30515 12840 29720 26501 3250 32191 36541 16621 11793 31306 36545 16197 30254 29568 22294 34147 19935 10127 29072 35052 5108 29415 1248 8062 8483 31241 15328 31815 3208 11257 31981 2590 15327 28595 32977 27717 12853 19593 33605 19831 3206 15775 13543 25091 16120 17458 19881 257 8926 23327 37286
10486 1579 9378 19888 25127 19078 35548 5948 31381 36644 39066 12323 2308 6399 39801 26985 38867 36842 25995 323 7264 1073 8425 20202 4401 30075 155 27652 36810 26436 17119 535 13795 36653 2142 35445 9942 8283 39120 13880 23204 4424 16842 19668 24960 27857 15607 15336 16348 18559 15083 1900 32097 30469 30765 2399 7457 28132 25516 24794 28664 30104 39070 25750 30493 34341 34768 18982 7706 15647 39103 12460 6741 30350 11089 18269 26978 29779 32959 35659 29294 2328 4966 18119 7458 22638 36454 14393 34464 20752 10222 3752 20469 37721 33471 1245 23872 19993 9561 33261 7703 1997 14415 34241 29930 8323 35093 4550 15617 15348 15282 32132 29437 39211 11050 34141 19584 17332 8691 35821 4958 6386 27814 6096 31711 26137 35034 24038 31471 9655 31078 26837 29068 18146 5890 9300 39615 14583 17493 9598 2339 22196 22211 12891 7298 20803 14773 28527 30387 30258 7086 38398 34481 3694 17729 86 18809 36561 20210 30051 26077 32674 10828 15874 3633 5793 32819 19671 16803 14071 4315 33768 32304 25277 6511 29174 12398 19083 11505 33842 22417 37223 28203 22942 27057 13501 5901 28140 31144 15343 12224 34781 23971 25001 8624 38508 35868 38689 10277 28641
2744 931 13592 27913 35215 1411 17181 33728 2291 37287 6995 28855 23894 26249 24538 29605 15139 19753 33481 12430 31713 25541 31764 133 1241 37291 2553 2570 25370 29776 7562 2059 7186 39854 35029 2421 32799 9392 26661 9477 13248 7995 9408 26048 39743 39866 24497 5761 34299 5683 641 6473 23062 12934 29460 10731 8471 39847 16413 11125 15388 29566 23335 26606 12304 19438 944 28720 17000 37652 3179 20643 34712 8120 29701 38251 17093 29348 32282 15032 3130 3916 20371 6520 10851 38066 19052 7177 20993 36769 37844 3039 9070 13852 25655 6051 5067 13635 3745 28889 25749 28241 2456 17100 3793 32470 17279 7041 4549 27200 11748 39970 19427 8760 15459 37835 27124 19026 30310 7409 9669 2320 24634 12551 11988 32476 17407 7268 30570 38415 33746 25653 17960 19197 30371 14434 12394 28872 3377 37847 23635 2358 20809 18377 26760 19498 15669 35059 8259 6447 34397 24828 10460 26653 25757 39395 39968 17763 17815 8688 3578 14945 35327 18711 35866 22640 37353 9491 16681 16814 3573 12736 499 12717 9418 21508 13507 30027 10869 29491 5494 21562 27491 1869 37321 31727 11503 19744 29564 29642 15591 6836 24650 32732 8950 37495 2952 36746 11509 29591
7698 39969 19804 17635 12401 19048 34815 14622 34497 19982 25779 26413 14159 22365 33332 12233 26870 16616 28862 1738 13973 25930 12737 17213 21927 7091 2394 17588 30593 31639 6818 11913 18093 7345 4610 39546 8829 8118 5508 1737 32651 15329 10406 22898 33219 6330 15550 26522 2950 16245 8995 35369 24947 8308 19275 5739 28334 23102 17660 2286 10081 34699 21087 21980 34392 14994 5047 23551 18157 22436 23184 11322 12038 14917 29629 5983 35981 39044 18699 26515 31140 28217 20079 4084 21976 34510 15634 31808 4622 30849 26931 37655 18305 39316 18100 27348 38818 35466 7841 7641 2162 39900 7410 36041 29749 9385 29194 19461 15366 19477 30062 8796 26346 35323 8930 27791 12956 28990 24415 29179 23639 35301 30756 22783 10061 38984 36143 33710 4732 34652 4030 33116 28896 21805 34878 33392 4395 10765 21274 33423 13258 9834 28959 24664 27931 30074 9399 12959 10713 10194 16218 23121 22495 26060 39577 28590 27193 1796 24570 11379 28338 38170 22630 37573 12826 517 14299 8789 25195 1125 33533 26922 36299 20317 31402 21164 11304 10423 6421 25056 24493 34165 2527 35473 18721 19503 1153 27517 30214 33656 19529 13113 22239 31565 2916 7870 36403 20363 1461 30691
34057 18654 18873 27737 27956 15140 25825 34975 37158 26341 33358 6756 20999 34005 28459 10115 24292 4801 12201 672 33087 36861 20715 14068 1525 14515 31775 39651 19307 6382 15538 27688 37619 31994 39682 7440 29526 35283 25730 10231 32576 37195 9428 10023 32386 9170 11641 31517 3357 9054 38988 34840 15087 1349 21687 22167 331 11371 23607 37136 531 8069 36231 5686 35401 17425 26333 22655 34351 5708 13468 5869 29441 31103 27001 32786 17046 6171 37006 37161 32156 36488 9616 5357 27132 17739 23591 39883 39972 36683 27636 18455 22975 8869 570 37125 27187 11141 17498 10816 29551 36382 29463 7534 12767 39352 14725 8903 26291 20612 28610 28045 24142 27678 34404 31948 2870 15749 29555 5242 28615 26004 23557 24095 24908 30861 28977 35941 34586 32717 25273 39373 7816 37308 29688 33778 18995 21523 7662 29692 15356 28219 34520 35572 29269 25699 22006 23949 11920 28213 18816 15105 14778 1453 14578 32729 22354 30145 25503 1391 32365 2624 7479 24523 37564 5785 25892 14610 5176 6578 18333 29277 19505 23718 21658 2776 9369 29496 33083 34683 31504 23546 12270 21351 19787 23845 15792 6081 27044 11461 28089 23495 33553 11346 310 17387 652 24420 7253 4045
38295 10355 6427 38995 8273 16237 15744 39234 36748 2781 13297 1253 37091 24220 31365 20510 4826 37746 37263 14602 16829 23037 13485 11775 27964 27102 24605 24813 20850 4220 28262 35579 37154 17060 35999 29586 37829 26796 8018 6902 15534 30769 16274 22657 31547 39732 23699 6703 1234 4388 1106 18897 2970 33729 34508 28833 31487 30255 25912 34036 12797 3896 7509 22679 19451 33393 14055 11568 33677 36199 21515 7541 16397 9260 24900 903 10943 38178 30164 25891 17633 14003 17560 26251 17401 6518 27588 11705 180 28229 17023 23869 20442 24561 13399 376 19820 25369 22112 16395 38834 16248 1043 12563 35625 32614 24277 17179 1859 23513 30596 12617 17839 14375 26392 39921 37061 918 38513 10191 39121 30103 5233 16082 20554 9522 21106 8714 28556 34268 8098 5877 3386 6561 15034 34199 13563 33206 4102 25059 2509 36908 13462 17346 35689 30082 17162 7499 33285 20855 27026 16042 12628 23065 12441 23516 14958 7136 25559 5682 5400 35787 17110 37828 18319 6273 9947 2743 11610 35988 12226 10630 35020 6290 11683 32202 17301 19566 2159 10539 26995 18698 39188 19701 26786 12936 18171 19292 24660 14065 21801 670 29265 36552 5073 3378 4545 39929 36490 1256
15779 2730 18628 23058 10995 15015 33854 20063 31519 38826 14280 11554 9627 24019 14008 35957 1601 12165 23840 31728 8771 24495 4170 8602 20430 23455 478 28525 29557 39279 35844 35293 11292 37424 4382 27079 11923 15687 5025 24522 9569 10512 1401 26790 35216 18656 101 31124 5307 22971 30101 19001 37092 38016 15228 16629 9080 2269 5515 36831 21870 33595 19372 30580 39688 2671 31360 21043 4920 14848 15925 11482 5656 8670 19844 11899 15378 21931 39016 16765 35397 19684 16159 571 28388 25530 18270 35809 33794 30184 620 35060 17747 37380 14445 36983 39570 25230 33001 2424 16279 31044 39360 20895 25140 21939 3358 8173 7603 30939 26823 25867 13920 11653 18510 34696 2003 22056 24178 11455 18159 17127 15777 7647 28552 35474 31456 3616 20091 8311 38443 10796 30656 32253 39610 10192 31482 30064 1005 6884 3997 12541 20711 31275 9768 26953 2189 16817 25182 18980 38311 17272 20701 26703 15784 19216 39862 30802 17779 12117 33568 13452 16363 26669 19039 24476 5329 33294 9156 14878 5137 28548 32747 37647 5899 37940 19289 32131 5538 1417 39881 33193 21425 7846 38742 21868 16204 26868 51 6881 9665 38205 1255 24873 15438 33988 35170 35338 18730 21054
1337 12491 2129 6666 26618 9808 34034 15172 5094 15915 33723 143 16375 8996 13706 22792 2418 13526 33909 8872 25237 13030 30112 21656 12672 6136 33689 12933 14919 9020 5914 8140 24530 10852 23085 33750 3271 1259 23210 5359 34488 22846 29329 35574 21983 13621 17219 7554 22213 30105 29359 5223 5380 36938 27454 32661 13966 28789 16278 8415 20991 30531 19942 31273 27924 14782 28095 28869 490 22039 34106 11034 19877 15454 13747 18640 29787 26181 32556 17786 13686 12074 34868 31789 23999 33215 12271 38234 25102 1615 20769 2788 38723 1786 37147 19908 34706 12849 31350 15255 23625 5449 28207 24724 23524 21569 11320 37945 31534 39422 33486 30599 29217 16284 14564 4810 39218 33336 12842 27612 30453 15143 26927 24870 15065 24312 23581 16021 871 30449 25672 5692 8034 8480 27269 39451 27361 23647 28428 34956 35237 23819 23846 32478 22697 39532 32245 9114 21713 21296 25502 15077 15621 15318 14074 16591 38930 29722 36711 2440 39916 33306 39290 19248 39216 12472 30454 11980 29310 15893 32871 23396 3700 5397 20945 23755 7805 29058 4218 12063 24807 12966 9514 27085 13675 13774 1693 11273 4600 34991 5288 11099 1285 35045 3582 16518 28121 39477 37866 35375
12385 21930 9191 32128 10980 36040 30794 11261 23912 6249 5450 38006 9876 9349 31956 2860 32522 7505 21030 39549 2969 23217 26588 4931 21008 10245 37959 13769 15161 28472 24626 18469 27754 14751 16132 35132 23611 7372 37185 17726 13538 32315 35573 5930 10640 3289 30227 5373 24356 11584 34040 9049 18789 20154 13739 22228 10340 14142 26087 13276 21812 29033 503 5505 24357 4417 12900 35835 6202 36432 23375 14013 36844 24193 31054 15425 16639 15086 37305 25944 2225 20129 9424 31974 17209 39314 39198 35303 16661 5798 18031 7484 28574 20810 18130 20273 17427 22612 27655 4959 26290 2912 17288 26957 33106 25193 12890 18674 37995 4949 682 12264 36423 19612 8244 6985 35830 26462 7514 30222 36663 23911 6338 31898 32319 4103 31399 22052 12454 25075 2364 25409 7771 29618 5958 29257 11709 9343 18452 39354 33646 26785 9189 15927 11245 16176 9484 14466 16882 19158 33135 4 32878 31945 38980 3709 30538 12985 3697 24405 38469 3881 5681 4371 33355 28835 30190 25983 35277 20523 38908 39948 8303 2211 4808 31049 12652 2214 33668 31299 28635 12875 39463 29246 33991 19785 24143 15276 30405 19925 19015 26658 7737 4688 36479 25842 12112 18925 29968 8873
33809 4152 9696 36564 23054 3570 22227 18211 38543 1264 943 23816 23998 24015 32723 29105 5670 16402 39767 30784 22962 10786 12949 18258 24573 6997 33368 959 1572 3183 2036 20818 1889 22701 12316 776 8364 4626 18732 31162 13173 38466 22639 25961 13668 18278 20921 13281 31462 33331 24407 6725 9045 440 22480 16264 38563 18823 31903 10209 15638 16386 19395 8301 35291 20621 37034 30304 19598 32981 28271 9738 2079 27820 31911 14719 22229 3808 24604 6090 30592 15533 24750 4324 27996 9571 9159 37340 5962 22409 12578 36229 4542 25567 16420 31878 31920 30824 23288 34998 20588 30446 26259 27121 11144 22482 8178 22881 6828 28653 6982 13460 8584 7232 22416 5153 18927 27333 37276 25726 19886 5529 12298 32752 33033 17402 34380 14126 644 39623 22014 38389 34291 1174 9391 21151 15271 29660 21048 22618 18461 29923 37500 5393 25426 4231 34212 6242 23340 9831 1635 27277 14300 13278 20144 21950 15626 5700 26698 35344 14294 6699 10037 7975 28458 15407 17887 15734 21594 9205 30851 23435 12411 17933 10011 20846 4284 27977 37368 23108 29386 38902 16798 31069 21907 3569 2093 18769 9136 8781 37461 34345 5290 12164 25501 1514 18334 26741 17375 3065
14413 9873 548 5456 34759 25719 27988 18473 34100 18063 14584 8849 12946 13505 35520 1882 10451 22696 38154 39990 18396 35739 1275 28878 23196 24805 36216 25977 6198 5841 6677 27486 2491 7953 4059 31946 27160 20767 22029 3480 8325 3142 1913 29827 25484 28902 14044 18802 31987 31573 10427 27812 2109 5326 2078 35605 11122 8061 12908 12941 8912 32373 25246 30388 18303 26791 11108 12379 30884 19762 12673 28442 8612 33237 6708 27885 21275 27281 5570 1413 12363 26631 19821 37937 25109 9823 7143 21691 10725 28456 27060 18832 35756 18327 14983 30594 11017 20150 4468 13652 32398 39299 30505 13167 9071 32203 26616 8991 26692 39523 4560 4823 21614 67 35609 39975 36260 13709 33041 7614 19944 1868 28124 37888 39489 30774 37696 39358 12847 12236 24021 6029 15157 16252 28898 12569 29305 19234 621 32699 19013 12684 18887 13090 26582 28486 22275 15711 38626 6069 36807 20049 5333 26755 28854 3734 31066 18256 13372 21964 982 14551 35248 37084 15466 22688 3079 16231 12203 16659 11241 27009 35318 32017 8339 25543 7107 26650 28444 26058 30680 34820 39998 28009 36897 2258 34463 22072 19311 19014 20398 7811 5284 17422 12207 14146 1994 22842 15217 38113
8738 38925 13964 10389 13450 33425 31769 7023 23434 3659 26399 13293 6509 25235 13157 17326 22591 10188 23826 6776 11919 6916 185 17478 26125 38405 26371 14792 39791 36358 29264 37962 15583 6860 14031 32054 2933 11941 9948 13269 26947 39587 16300 402 32438 30085 10309 28136 29902 20557 33813 33638 16646 15934 8352 9083 1371 31352 25706 22305 1749 39542 29450 39959 11711 10413 5350 27689 11533 15320 35285 7169 26513 528 6496 23884 9893 31026 26988 36622 37671 11617 9773 14060 3654 36799 30201 13995 4817 1221 28865 22492 1465 28093 411 25281 35987 616 27334 28837 36521 17003 19145 39278 38749 38211 25604 37749 34045 9867 29558 10286 9759 32746 39046 29387 11445 31916 1678 34350 9861 5040 12579 1305 26070 28867 16136 33082 11272 32681 29311 2928 34833 37928 27845 2403 31995 22471 7428 33156 17876 7182 24184 38233 22814 10755 9401 6941 15478 12260 4397 7423 22322 14428 15788 19331 4852 20013 26620 20385 28016 24469 32306 21330 6071 11682 17572 20181 33891 38557 34265 33942 38934 7708 24180 8318 25410 27575 24981 39388 2204 7354 8681 35026 38383 35846 16774 21399 26013 39756 26311 1457 28571 23075 13417 12024 2925 19661 13583 15637
